[18:19:49] [main/INFO]: ModLauncher running: args [--username, Eutio, --version, 1.21.1, --gameDir, /home/krzysztofkalisiak/.local/share/ModrinthApp/profiles/Create Aeronautics (1), --assetsDir, /home/krzysztofkalisiak/.local/share/ModrinthApp/meta/assets, --assetIndex, 17, --uuid, daa1735b3ea84b2a94748a7aa356e30b, --accessToken, ❄❄❄❄❄❄❄❄, --clientId, c4502edb-87c6-40cb-b595-64a280cf8906, --xuid, 0, --userType, msa, --versionType, release, --width, 854, --height, 480, --fml.neoForgeVersion, 21.1.235, --fml.fmlVersion, 4.0.42, --fml.mcVersion, 1.21.1, --fml.neoFormVersion, 20240808.144430, --launchTarget, forgeclient]
[18:19:49] [main/INFO]: JVM identified as Azul Systems, Inc. OpenJDK 64-Bit Server VM 21.0.9+10-LTS
[18:19:49] [main/INFO]: ModLauncher 11.0.5+main.901c6ea8 starting: java version 21.0.9 by Azul Systems, Inc.; OS Linux arch amd64 version 7.0.0-28-generic
[18:19:49] [main/INFO]: Searching for graphics cards...
[18:19:49] [main/INFO]: Found graphics adapter: LinuxPciAdapterInfo[vendor=AMD, name=Navi 31 [Radeon RX 7900 XT/7900 XTX/7900 GRE/7900M], pciVendorId=0x1002, pciDeviceId=0x744c]
[18:19:49] [main/WARN]: Sodium has applied one or more workarounds to prevent crashes or other issues on your system: [NO_ERROR_CONTEXT_UNSUPPORTED]
[18:19:49] [main/WARN]: This is not necessarily an issue, but it may result in certain features or optimizations being disabled. You can sometimes fix these issues by upgrading your graphics driver.
[18:19:49] [main/INFO]: Loading ImmediateWindowProvider fmlearlywindow
[18:19:49] [main/INFO]: Trying GL version 4.6
[18:19:49] [main/INFO]: Requested GL version 4.6 got version 4.6
[18:19:49] [pool-2-thread-1/INFO]: GL info: AMD Radeon RX 7900 GRE (radeonsi, navi31, ACO, DRM 3.64, 7.0.0-28-generic) GL version 4.6 (Core Profile) Mesa 26.1.2 - kisak-mesa PPA, AMD
[18:19:49] [main/INFO]: SpongePowered MIXIN Subsystem Version=0.8.7 Source=union:/home/krzysztofkalisiak/.local/share/ModrinthApp/meta/libraries/net/fabricmc/sponge-mixin/0.15.2+mixin.0.8.7/sponge-mixin-0.15.2+mixin.0.8.7.jar%23170!/ Service=ModLauncher Env=CLIENT
[18:19:50] [main/INFO]: Found mod file "client-1.21.1-20240808.144430-srg.jar" [locator: production client provider +net.neoforged:neoforge:21.1.235:client]
[18:19:50] [main/INFO]: Found mod file "neoforge-21.1.235-universal.jar" [locator: PathBasedLocator[name=neoforge, paths=[/home/krzysztofkalisiak/.local/share/ModrinthApp/meta/libraries/net/neoforged/neoforge/21.1.235/neoforge-21.1.235-universal.jar]], reader: mod manifest]
[18:19:50] [main/INFO]: Found mod file "net.caffeinemc.sodium-neoforge-0.8.12+mc1.21.1-mod.jar" [locator: net.caffeinemc.mods.sodium.service.SodiumServiceModLocator@b09fac1, reader: mod manifest]
[18:19:50] [main/INFO]: Found mod file "fabric-rendering-data-attachment-v1-0.3.48+73761d2e19.jar" [locator: net.caffeinemc.mods.sodium.service.SodiumServiceModLocator@b09fac1, reader: mod manifest]
[18:19:50] [main/INFO]: Found mod file "fabric-renderer-api-v1-3.4.1+9125b6dc19.jar" [locator: net.caffeinemc.mods.sodium.service.SodiumServiceModLocator@b09fac1, reader: mod manifest]
[18:19:50] [main/INFO]: Found mod file "fabric-block-view-api-v2-1.0.10+9afaaf8c19.jar" [locator: net.caffeinemc.mods.sodium.service.SodiumServiceModLocator@b09fac1, reader: mod manifest]
[18:19:50] [main/INFO]: Found mod file "fabric-api-base-0.4.42+d1308ded19.jar" [locator: net.caffeinemc.mods.sodium.service.SodiumServiceModLocator@b09fac1, reader: mod manifest]
[18:19:50] [main/INFO]: Found library file "~nonexistent" [locator: org.sinytra.connector.locator.ConnectorEarlyLocatorBootstrap@3c49fab6]
[18:19:50] [main/INFO]: Found mod file "contraption-lights-neoforge-1.21.1-1.2.0.jar" [locator: {mods folder locator at /home/krzysztofkalisiak/.local/share/ModrinthApp/profiles/Create Aeronautics (1)/mods}, reader: mod manifest]
[18:19:50] [main/INFO]: Found mod file "create-1.21.1-6.0.10.jar" [locator: {mods folder locator at /home/krzysztofkalisiak/.local/share/ModrinthApp/profiles/Create Aeronautics (1)/mods}, reader: mod manifest]
[18:19:50] [main/INFO]: Found mod file "create-aeronautics-bundled-1.21.1-1.3.0.jar" [locator: {mods folder locator at /home/krzysztofkalisiak/.local/share/ModrinthApp/profiles/Create Aeronautics (1)/mods}, reader: mod manifest]
[18:19:50] [main/INFO]: Found mod file "DistantHorizons-3.2.0-b-1.21.1-fabric-neoforge.jar" [locator: {mods folder locator at /home/krzysztofkalisiak/.local/share/ModrinthApp/profiles/Create Aeronautics (1)/mods}, reader: mod manifest]
[18:19:50] [main/INFO]: Found mod file "entityculling-neoforge-1.10.5-mc1.21.1.jar" [locator: {mods folder locator at /home/krzysztofkalisiak/.local/share/ModrinthApp/profiles/Create Aeronautics (1)/mods}, reader: mod manifest]
[18:19:50] [main/INFO]: Found mod file "ferritecore-7.0.3-neoforge.jar" [locator: {mods folder locator at /home/krzysztofkalisiak/.local/share/ModrinthApp/profiles/Create Aeronautics (1)/mods}, reader: mod manifest]
[18:19:50] [main/INFO]: Found mod file "forgified-fabric-api-0.116.14+2.3.0+1.21.1.jar" [locator: {mods folder locator at /home/krzysztofkalisiak/.local/share/ModrinthApp/profiles/Create Aeronautics (1)/mods}, reader: mod manifest]
[18:19:50] [main/INFO]: Found mod file "ImmediatelyFast-NeoForge-1.6.11+1.21.1.jar" [locator: {mods folder locator at /home/krzysztofkalisiak/.local/share/ModrinthApp/profiles/Create Aeronautics (1)/mods}, reader: mod manifest]
[18:19:50] [main/INFO]: Found mod file "iris-neoforge-1.8.14-beta.1+mc1.21.1.jar" [locator: {mods folder locator at /home/krzysztofkalisiak/.local/share/ModrinthApp/profiles/Create Aeronautics (1)/mods}, reader: mod manifest]
[18:19:50] [main/INFO]: Found mod file "irisveil-0.3.0.jar" [locator: {mods folder locator at /home/krzysztofkalisiak/.local/share/ModrinthApp/profiles/Create Aeronautics (1)/mods}, reader: mod manifest]
[18:19:50] [main/INFO]: Found mod file "lithium-neoforge-0.15.4+mc1.21.1.jar" [locator: {mods folder locator at /home/krzysztofkalisiak/.local/share/ModrinthApp/profiles/Create Aeronautics (1)/mods}, reader: mod manifest]
[18:19:50] [main/WARN]: Skipping jar. File mods/photonics-v103-restir-diagnostic-component-budget-mc1.21.1.jar is a Fabric mod and cannot be loaded
[18:19:50] [main/INFO]: Found mod file "sable-neoforge-1.21.1-2.0.3.jar" [locator: {mods folder locator at /home/krzysztofkalisiak/.local/share/ModrinthApp/profiles/Create Aeronautics (1)/mods}, reader: mod manifest]
[18:19:50] [main/INFO]: Found mod file "searchlights-1.3.1.jar" [locator: {mods folder locator at /home/krzysztofkalisiak/.local/share/ModrinthApp/profiles/Create Aeronautics (1)/mods}, reader: mod manifest]
[18:19:50] [main/INFO]: Found mod file "simulatedcoasters-0.1.1.jar" [locator: {mods folder locator at /home/krzysztofkalisiak/.local/share/ModrinthApp/profiles/Create Aeronautics (1)/mods}, reader: mod manifest]
[18:19:50] [main/INFO]: Found mod file "simurail-1.21.1-0.0.0-a+b18d457.jar" [locator: {mods folder locator at /home/krzysztofkalisiak/.local/share/ModrinthApp/profiles/Create Aeronautics (1)/mods}, reader: mod manifest]
[18:19:50] [main/INFO]: Found mod file "xaerominimap-neoforge-1.21.1-26.4.2.jar" [locator: {mods folder locator at /home/krzysztofkalisiak/.local/share/ModrinthApp/profiles/Create Aeronautics (1)/mods}, reader: mod manifest]
[18:19:50] [main/WARN]: Attempted to select a dependency jar for JarJar which was passed in as source: fabric_renderer_api_v1. Using Mod File: 
[18:19:50] [main/WARN]: Attempted to select a dependency jar for JarJar which was passed in as source: fabric_block_view_api_v2. Using Mod File: 
[18:19:50] [main/WARN]: Attempted to select a dependency jar for JarJar which was passed in as source: library:net.fabricmc.loader. Using Mod File: /~nonexistent
[18:19:50] [main/WARN]: Attempted to select a dependency jar for JarJar which was passed in as source: fabric_api_base. Using Mod File: 
[18:19:50] [main/WARN]: Attempted to select a dependency jar for JarJar which was passed in as source: fabric_rendering_data_attachment_v1. Using Mod File: 
[18:19:50] [main/INFO]: Found 62 dependencies adding them to mods collection
[18:19:50] [main/INFO]: Found mod file "fabric-transfer-api-v1-5.4.4+6244b11119.jar" [parent: forgified-fabric-api-0.116.14+2.3.0+1.21.1.jar, locator: jarinjar, reader: mod manifest]
[18:19:50] [main/INFO]: Found library file "glsl-processor-0.2.3.jar" [parent: veil-neoforge-1.21.1-4.1.4.jar, locator: jarinjar]
[18:19:50] [main/INFO]: Found mod file "ponder-neoforge-1.0.82+mc1.21.1.jar" [parent: create-1.21.1-6.0.10.jar, locator: jarinjar, reader: mod manifest]
[18:19:50] [main/INFO]: Found mod file "fabric-item-api-v1-11.2.0+0c57911319.jar" [parent: forgified-fabric-api-0.116.14+2.3.0+1.21.1.jar, locator: jarinjar, reader: mod manifest]
[18:19:50] [main/INFO]: Found mod file "fabric-model-loading-api-v1-2.1.0+6e8f52c719.jar" [parent: forgified-fabric-api-0.116.14+2.3.0+1.21.1.jar, locator: jarinjar, reader: mod manifest]
[18:19:50] [main/INFO]: Found library file "net.neoforged.neoforge-coremods-21.1.235.jar" [parent: neoforge-21.1.235-universal.jar, locator: jarinjar, reader: mod manifest]
[18:19:50] [main/INFO]: Found mod file "fabric-rendering-fluids-v1-3.1.6+a51883b219.jar" [parent: forgified-fabric-api-0.116.14+2.3.0+1.21.1.jar, locator: jarinjar, reader: mod manifest]
[18:19:50] [main/INFO]: Found mod file "dev.eriksonn.aeronautics.aeronautics-neoforge-1.21.1-1.3.0.jar" [parent: create-aeronautics-bundled-1.21.1-1.3.0.jar, locator: jarinjar, reader: mod manifest]
[18:19:50] [main/INFO]: Found mod file "xaerolib-neoforge-1.21.1-1.7.1.jar" [parent: xaerominimap-neoforge-1.21.1-26.4.2.jar, locator: jarinjar, reader: mod manifest]
[18:19:50] [main/INFO]: Found mod file "fabric-screen-handler-api-v1-1.3.91+8dbc56dd19.jar" [parent: forgified-fabric-api-0.116.14+2.3.0+1.21.1.jar, locator: jarinjar, reader: mod manifest]
[18:19:50] [main/INFO]: Found mod file "fabric-resource-loader-v0-1.3.1+4ea8954419.jar" [parent: forgified-fabric-api-0.116.14+2.3.0+1.21.1.jar, locator: jarinjar, reader: mod manifest]
[18:19:50] [main/INFO]: Found mod file "TRender-1.0.15-1.21.1-neoforge-SNAPSHOT.jar" [parent: entityculling-neoforge-1.10.5-mc1.21.1.jar, locator: jarinjar, reader: mod manifest]
[18:19:50] [main/INFO]: Found gamelibrary file "yumi-commons-collections-1.0.0.jar" [parent: lambdynamiclights-api-4.8.8+1.21.1-mojmap.jar, locator: jarinjar, reader: mod manifest]
[18:19:50] [main/INFO]: Found mod file "fabric-rendering-v1-5.1.0+1a09bd5a19.jar" [parent: forgified-fabric-api-0.116.14+2.3.0+1.21.1.jar, locator: jarinjar, reader: mod manifest]
[18:19:50] [main/INFO]: Found mod file "fabric-renderer-indigo-1.7.1+9125b6dc19.jar" [parent: forgified-fabric-api-0.116.14+2.3.0+1.21.1.jar, locator: jarinjar, reader: mod manifest]
[18:19:50] [main/INFO]: Found mod file "fabric-convention-tags-v1-2.1.7+7f945d5b19.jar" [parent: forgified-fabric-api-0.116.14+2.3.0+1.21.1.jar, locator: jarinjar, reader: mod manifest]
[18:19:50] [main/INFO]: Found mod file "fabric-command-api-v2-2.2.28+36d727be19.jar" [parent: forgified-fabric-api-0.116.14+2.3.0+1.21.1.jar, locator: jarinjar, reader: mod manifest]
[18:19:50] [main/INFO]: Found mod file "fabric-convention-tags-v2-2.12.0+75d3639619.jar" [parent: forgified-fabric-api-0.116.14+2.3.0+1.21.1.jar, locator: jarinjar, reader: mod manifest]
[18:19:50] [main/INFO]: Found mod file "fabric-data-attachment-api-v1-1.4.7+26d408aa19.jar" [parent: forgified-fabric-api-0.116.14+2.3.0+1.21.1.jar, locator: jarinjar, reader: mod manifest]
[18:19:50] [main/INFO]: Found mod file "veil-neoforge-1.21.1-4.2.1.jar" [parent: searchlights-1.3.1.jar, locator: jarinjar, reader: mod manifest]
[18:19:50] [main/INFO]: Found mod file "dev.simulated_team.simulated.simulated-neoforge-1.21.1-1.3.0.jar" [parent: create-aeronautics-bundled-1.21.1-1.3.0.jar, locator: jarinjar, reader: mod manifest]
[18:19:50] [main/INFO]: Found gamelibrary file "yumi-commons-event-1.0.0.jar" [parent: lambdynamiclights-api-4.8.8+1.21.1-mojmap.jar, locator: jarinjar, reader: mod manifest]
[18:19:50] [main/INFO]: Found mod file "fabric-screen-api-v1-2.0.26+b4953c7419.jar" [parent: forgified-fabric-api-0.116.14+2.3.0+1.21.1.jar, locator: jarinjar, reader: mod manifest]
[18:19:50] [main/INFO]: Found library file "molang-compiler-3.1.1.19.jar" [parent: veil-neoforge-1.21.1-4.1.4.jar, locator: jarinjar]
[18:19:50] [main/INFO]: Found library file "Reflect-1.6.2.jar" [parent: ImmediatelyFast-NeoForge-1.6.11+1.21.1.jar, locator: jarinjar]
[18:19:50] [main/INFO]: Found mod file "fabric-particles-v1-4.0.2+824f924c19.jar" [parent: forgified-fabric-api-0.116.14+2.3.0+1.21.1.jar, locator: jarinjar, reader: mod manifest]
[18:19:50] [main/INFO]: Found mod file "fabric-content-registries-v0-8.0.19+5e0d320019.jar" [parent: forgified-fabric-api-0.116.14+2.3.0+1.21.1.jar, locator: jarinjar, reader: mod manifest]
[18:19:50] [main/INFO]: Found mod file "fabric-transitive-access-wideners-v1-6.2.0+6c854b6f19.jar" [parent: forgified-fabric-api-0.116.14+2.3.0+1.21.1.jar, locator: jarinjar, reader: mod manifest]
[18:19:50] [main/INFO]: Found mod file "dev.ryanhcode.offroad.offroad-neoforge-1.21.1-1.3.0.jar" [parent: create-aeronautics-bundled-1.21.1-1.3.0.jar, locator: jarinjar, reader: mod manifest]
[18:19:50] [main/INFO]: Found gamelibrary file "mixinextras-neoforge-0.5.3.jar" [parent: neoforge-21.1.235-universal.jar, locator: jarinjar, reader: mod manifest]
[18:19:50] [main/INFO]: Found gamelibrary file "yumi-commons-core-1.0.0.jar" [parent: lambdynamiclights-api-4.8.8+1.21.1-mojmap.jar, locator: jarinjar, reader: mod manifest]
[18:19:50] [main/INFO]: Found mod file "fabric-game-rule-api-v1-1.0.53+36d727be19.jar" [parent: forgified-fabric-api-0.116.14+2.3.0+1.21.1.jar, locator: jarinjar, reader: mod manifest]
[18:19:50] [main/INFO]: Found mod file "fabric-api-lookup-api-v1-1.6.72+6244b11119.jar" [parent: forgified-fabric-api-0.116.14+2.3.0+1.21.1.jar, locator: jarinjar, reader: mod manifest]
[18:19:50] [main/INFO]: Found mod file "fabric-blockrenderlayer-v1-1.1.52+c290471319.jar" [parent: forgified-fabric-api-0.116.14+2.3.0+1.21.1.jar, locator: jarinjar, reader: mod manifest]
[18:19:50] [main/INFO]: Found gamelibrary file "dev.ryanhcode.sable.sable-sable_rapier-1.21.1-2.0.3.jar" [parent: sable-neoforge-1.21.1-2.0.3.jar, locator: jarinjar, reader: mod manifest]
[18:19:50] [main/INFO]: Found mod file "fabric-block-api-v1-1.1.0+b0c22bb819.jar" [parent: forgified-fabric-api-0.116.14+2.3.0+1.21.1.jar, locator: jarinjar, reader: mod manifest]
[18:19:50] [main/INFO]: Found mod file "fabric-resource-conditions-api-v1-4.3.0+5bdd099819.jar" [parent: forgified-fabric-api-0.116.14+2.3.0+1.21.1.jar, locator: jarinjar, reader: mod manifest]
[18:19:50] [main/INFO]: Found library file "jcpp-1.4.14.jar" [parent: iris-neoforge-1.8.14-beta.1+mc1.21.1.jar, locator: jarinjar]
[18:19:50] [main/INFO]: Found library file "glsl-transformer-3.0.0-pre3.jar" [parent: iris-neoforge-1.8.14-beta.1+mc1.21.1.jar, locator: jarinjar]
[18:19:50] [main/INFO]: Found mod file "sable-companion-common-1.21.1-1.6.0.jar" [parent: sable-neoforge-1.21.1-2.0.3.jar, locator: jarinjar, reader: mod manifest]
[18:19:50] [main/INFO]: Found mod file "flywheel-neoforge-1.21.1-1.0.6.jar" [parent: create-1.21.1-6.0.10.jar, locator: jarinjar, reader: mod manifest]
[18:19:50] [main/INFO]: Found mod file "fabric-item-group-api-v1-4.1.7+e324903319.jar" [parent: forgified-fabric-api-0.116.14+2.3.0+1.21.1.jar, locator: jarinjar, reader: mod manifest]
[18:19:50] [main/INFO]: Found mod file "fabric-gametest-api-v1-2.0.5+29f188ce19.jar" [parent: forgified-fabric-api-0.116.14+2.3.0+1.21.1.jar, locator: jarinjar, reader: mod manifest]
[18:19:50] [main/INFO]: Found mod file "fabric-biome-api-v1-13.0.31+1e62d33c19.jar" [parent: forgified-fabric-api-0.116.14+2.3.0+1.21.1.jar, locator: jarinjar, reader: mod manifest]
[18:19:50] [main/INFO]: Found mod file "fabric-entity-events-v1-1.8.0+e46a02ca19.jar" [parent: forgified-fabric-api-0.116.14+2.3.0+1.21.1.jar, locator: jarinjar, reader: mod manifest]
[18:19:50] [main/INFO]: Found mod file "fabric-registry-sync-v0-5.3.2+f9aace1619.jar" [parent: forgified-fabric-api-0.116.14+2.3.0+1.21.1.jar, locator: jarinjar, reader: mod manifest]
[18:19:50] [main/INFO]: Found mod file "lambdynamiclights-api-4.8.8+1.21.1-mojmap.jar" [parent: searchlights-1.3.1.jar, locator: jarinjar, reader: mod manifest]
[18:19:50] [main/INFO]: Found mod file "fabric-recipe-api-v1-5.0.16+59440bcc19.jar" [parent: forgified-fabric-api-0.116.14+2.3.0+1.21.1.jar, locator: jarinjar, reader: mod manifest]
[18:19:50] [main/INFO]: Found mod file "fabric-object-builder-api-v1-15.2.1+cc242efd19.jar" [parent: forgified-fabric-api-0.116.14+2.3.0+1.21.1.jar, locator: jarinjar, reader: mod manifest]
[18:19:50] [main/INFO]: Found mod file "fabric-loot-api-v2-3.0.15+a3ee712d19.jar" [parent: forgified-fabric-api-0.116.14+2.3.0+1.21.1.jar, locator: jarinjar, reader: mod manifest]
[18:19:50] [main/INFO]: Found mod file "fabric-loot-api-v3-1.0.3+333dfad919.jar" [parent: forgified-fabric-api-0.116.14+2.3.0+1.21.1.jar, locator: jarinjar, reader: mod manifest]
[18:19:50] [main/INFO]: Found mod file "TRansition-1.0.21-1.21.1-neoforge-SNAPSHOT.jar" [parent: entityculling-neoforge-1.10.5-mc1.21.1.jar, locator: jarinjar, reader: mod manifest]
[18:19:50] [main/INFO]: Found mod file "fabric-networking-api-v1-4.3.1+30a980d919.jar" [parent: forgified-fabric-api-0.116.14+2.3.0+1.21.1.jar, locator: jarinjar, reader: mod manifest]
[18:19:50] [main/INFO]: Found gamelibrary file "Registrate-MC1.21-1.3.0+67.jar" [parent: create-1.21.1-6.0.10.jar, locator: jarinjar, reader: mod manifest]
[18:19:50] [main/INFO]: Found mod file "fabric-sound-api-v1-1.0.23+10b84f8419.jar" [parent: forgified-fabric-api-0.116.14+2.3.0+1.21.1.jar, locator: jarinjar, reader: mod manifest]
[18:19:50] [main/INFO]: Found mod file "fabric-message-api-v1-6.0.14+6a754fce19.jar" [parent: forgified-fabric-api-0.116.14+2.3.0+1.21.1.jar, locator: jarinjar, reader: mod manifest]
[18:19:50] [main/INFO]: Found mod file "fabric-lifecycle-events-v1-2.6.0+e40d8add19.jar" [parent: forgified-fabric-api-0.116.14+2.3.0+1.21.1.jar, locator: jarinjar, reader: mod manifest]
[18:19:50] [main/INFO]: Found mod file "fabric-tag-api-v1-1.3.0+3e2bcb4b19.jar" [parent: forgified-fabric-api-0.116.14+2.3.0+1.21.1.jar, locator: jarinjar, reader: mod manifest]
[18:19:50] [main/INFO]: Found mod file "fabric-data-generation-api-v1-20.3.0+3e2bcb4b19.jar" [parent: forgified-fabric-api-0.116.14+2.3.0+1.21.1.jar, locator: jarinjar, reader: mod manifest]
[18:19:50] [main/INFO]: Found mod file "fabric-events-interaction-v0-0.7.14+86e0887119.jar" [parent: forgified-fabric-api-0.116.14+2.3.0+1.21.1.jar, locator: jarinjar, reader: mod manifest]
[18:19:50] [main/INFO]: Found mod file "fabric-key-binding-api-v1-1.0.47+62cc7ce119.jar" [parent: forgified-fabric-api-0.116.14+2.3.0+1.21.1.jar, locator: jarinjar, reader: mod manifest]
[18:19:50] [main/INFO]: Found mod file "fabric-client-tags-api-v1-1.2.0+5adff2d719.jar" [parent: forgified-fabric-api-0.116.14+2.3.0+1.21.1.jar, locator: jarinjar, reader: mod manifest]
[18:19:50] [main/INFO]: Dependency resolution found 1 candidates to load
[18:19:52] [main/INFO]: Found mod file "photonics-v103-restir-diagnostic-component-budget-mc1.21.1_mapped_moj_1.21.1.jar" [locator: org.sinytra.connector.locator.ConnectorLocator@66f66866]
[18:19:52] [main/INFO]: Found 2 dependencies adding them to mods collection
[18:19:52] [main/INFO]: Found mod file "org.sinytra.connector-2.0.0-beta.15+1.21.1-mod.jar" [parent: , locator: org.sinytra.connector.locator.ConnectorLocator@66f66866, reader: mod manifest]
[18:19:52] [main/INFO]: Found gamelibrary file "runtime-1.0.0+1.21.1.jar" [parent: , locator: org.sinytra.connector.locator.ConnectorLocator@66f66866, reader: mod manifest]
[18:19:52] [main/INFO]: 
     Mod List:
		Name Version (Mod Id)

		Contraption Lights 1.2.0 (contraptionlights)
		Create 6.0.10 (create)
		Create Aeronautics 1.3.0 (aeronautics)
		Create Aeronautics 1.3.0 (aeronautics_bundled)
		Create Offroad 1.3.0 (offroad)
		Create Simulated 1.3.0 (simulated)
		Create Simurail 0.0.0-a+b18d457 (simurail)
		Create: Coasters Simulated 0.1.1 (simulatedcoasters)
		Distant Horizons 3.2.0-b (distanthorizons)
		EntityCulling 1.10.5 (entityculling)
		Ferrite Core 7.0.3 (ferritecore)
		Flywheel 1.0.6 (flywheel)
		Forgified Fabric API 0.116.14+2.3.0+1.21.1 (fabric_api)
		Forgified Fabric API Base 0.4.42+d1308ded19 (fabric_api_base)
		Forgified Fabric API Lookup API (v1) 1.6.72+6244b11119 (fabric_api_lookup_api_v1)
		Forgified Fabric Biome API (v1) 13.0.31+1e62d33c19 (fabric_biome_api_v1)
		Forgified Fabric Block API (v1) 1.1.0+b0c22bb819 (fabric_block_api_v1)
		Forgified Fabric BlockRenderLayer Registration (v1) 1.1.52+c290471319 (fabric_blockrenderlayer_v1)
		Forgified Fabric BlockView API (v2) 1.0.10+9afaaf8c19 (fabric_block_view_api_v2)
		Forgified Fabric Client Tags 1.2.0+5adff2d719 (fabric_client_tags_api_v1)
		Forgified Fabric Command API (v2) 2.2.28+36d727be19 (fabric_command_api_v2)
		Forgified Fabric Content Registries (v0) 8.0.19+5e0d320019 (fabric_content_registries_v0)
		Forgified Fabric Convention Tags 2.1.7+7f945d5b19 (fabric_convention_tags_v1)
		Forgified Fabric Convention Tags (v2) 2.12.0+75d3639619 (fabric_convention_tags_v2)
		Forgified Fabric Data Attachment API (v1) 1.4.7+26d408aa19 (fabric_data_attachment_api_v1)
		Forgified Fabric Data Generation API (v1) 20.3.0+3e2bcb4b19 (fabric_data_generation_api_v1)
		Forgified Fabric Entity Events (v1) 1.8.0+e46a02ca19 (fabric_entity_events_v1)
		Forgified Fabric Events Interaction (v0) 0.7.14+86e0887119 (fabric_events_interaction_v0)
		Forgified Fabric Game Rule API (v1) 1.0.53+36d727be19 (fabric_game_rule_api_v1)
		Forgified Fabric Game Test API (v1) 2.0.5+29f188ce19 (fabric_gametest_api_v1)
		Forgified Fabric Item API (v1) 11.2.0+0c57911319 (fabric_item_api_v1)
		Forgified Fabric Item Group API (v1) 4.1.7+e324903319 (fabric_item_group_api_v1)
		Forgified Fabric Key Binding API (v1) 1.0.47+62cc7ce119 (fabric_key_binding_api_v1)
		Forgified Fabric Lifecycle Events (v1) 2.6.0+e40d8add19 (fabric_lifecycle_events_v1)
		Forgified Fabric Loot API (v2) 3.0.15+a3ee712d19 (fabric_loot_api_v2)
		Forgified Fabric Loot API (v3) 1.0.3+333dfad919 (fabric_loot_api_v3)
		Forgified Fabric Message API (v1) 6.0.14+6a754fce19 (fabric_message_api_v1)
		Forgified Fabric Model Loading API (v1) 2.1.0+6e8f52c719 (fabric_model_loading_api_v1)
		Forgified Fabric Networking API (v1) 4.3.1+30a980d919 (fabric_networking_api_v1)
		Forgified Fabric Object Builder API (v1) 15.2.1+cc242efd19 (fabric_object_builder_api_v1)
		Forgified Fabric Particles (v1) 4.0.2+824f924c19 (fabric_particles_v1)
		Forgified Fabric Recipe API (v1) 5.0.16+59440bcc19 (fabric_recipe_api_v1)
		Forgified Fabric Registry Sync (v0) 5.3.2+f9aace1619 (fabric_registry_sync_v0)
		Forgified Fabric Renderer - Indigo 1.7.1+9125b6dc19 (fabric_renderer_indigo)
		Forgified Fabric Renderer API (v1) 3.4.1+9125b6dc19 (fabric_renderer_api_v1)
		Forgified Fabric Rendering (v1) 5.1.0+1a09bd5a19 (fabric_rendering_v1)
		Forgified Fabric Rendering Data Attachment (v1) 0.3.48+73761d2e19 (fabric_rendering_data_attachment_v1)
		Forgified Fabric Rendering Fluids (v1) 3.1.6+a51883b219 (fabric_rendering_fluids_v1)
		Forgified Fabric Resource Conditions API (v1) 4.3.0+5bdd099819 (fabric_resource_conditions_api_v1)
		Forgified Fabric Resource Loader (v0) 1.3.1+4ea8954419 (fabric_resource_loader_v0)
		Forgified Fabric Screen API (v1) 2.0.26+b4953c7419 (fabric_screen_api_v1)
		Forgified Fabric Screen Handler API (v1) 1.3.91+8dbc56dd19 (fabric_screen_handler_api_v1)
		Forgified Fabric Sound API (v1) 1.0.23+10b84f8419 (fabric_sound_api_v1)
		Forgified Fabric Tag API (v1) 1.3.0+3e2bcb4b19 (fabric_tag_api_v1)
		Forgified Fabric Transfer API (v1) 5.4.4+6244b11119 (fabric_transfer_api_v1)
		Forgified Fabric Transitive Access Wideners (v1) 6.2.0+6c854b6f19 (fabric_transitive_access_wideners_v1)
		ImmediatelyFast 1.6.11+1.21.1 (immediatelyfast)
		Iris 1.8.14-beta.1+mc1.21.1 (iris)
		Iris Veil Compat 0.3.0 (irisveil)
		LambDynamicLights (API) 4.8.8+1.21.1 (lambdynlights_api)
		Lithium 0.15.4+mc1.21.1 (lithium)
		Minecraft 1.21.1 (minecraft)
		NeoForge 21.1.235 (neoforge)
		Photonics 0.4.0_1.21.1 (photonics)
		Ponder 1.0.82+mc1.21.1 (ponder)
		Sable 2.0.3 (sable)
		Sable Companion 1.6.0 (sablecompanion)
		SearchLights 1.3.1 (searchlights)
		Sinytra Connector 2.0.0-beta.15+1.21.1 (connector)
		Sodium 0.8.12+mc1.21.1 (sodium)
		TRansition 1.0.21 (transition)
		TRender 1.0.15 (trender)
		Veil 4.2.1 (veil)
		Xaero's Minimap 26.4.2 (xaerominimap)
		XaeroLib 1.7.1 (xaerolib)
[18:19:52] [main/INFO]: Successfully made module authlib transformable
[18:19:52] [main/INFO]: Successfully made module brigadier transformable
[18:19:52] [main/INFO]: Loading coremod script-engine for [xaerominimap]
[18:19:52] [main/INFO]: Compatibility level set to JAVA_17
[18:19:52] [main/INFO]: Compatibility level set to JAVA_21
[18:19:52] [main/INFO]: Launching target 'forgeclient' with arguments [--version, 1.21.1, --gameDir, /home/krzysztofkalisiak/.local/share/ModrinthApp/profiles/Create Aeronautics (1), --assetsDir, /home/krzysztofkalisiak/.local/share/ModrinthApp/meta/assets, --uuid, daa1735b3ea84b2a94748a7aa356e30b, --username, Eutio, --assetIndex, 17, --accessToken, ❄❄❄❄❄❄❄❄, --clientId, c4502edb-87c6-40cb-b595-64a280cf8906, --xuid, 0, --userType, msa, --versionType, release, --width, 854, --height, 480]
[18:19:52] [main/INFO]: Option 'mixin.experimental.entity.block_caching.suffocation' requires 'mixin.util.block_tracking=true' but found 'false'. Setting 'mixin.experimental.entity.block_caching.suffocation=false'.
[18:19:52] [main/INFO]: Option 'mixin.experimental.entity.block_caching.block_support' requires 'mixin.util.block_tracking=true' but found 'false'. Setting 'mixin.experimental.entity.block_caching.block_support=false'.
[18:19:52] [main/INFO]: Option 'mixin.experimental.entity.block_caching.block_touching' requires 'mixin.util.block_tracking=true' but found 'false'. Setting 'mixin.experimental.entity.block_caching.block_touching=false'.
[18:19:52] [main/INFO]: Option 'mixin.experimental.entity.block_caching' requires 'mixin.util.block_tracking=true' but found 'false'. Setting 'mixin.experimental.entity.block_caching=false'.
[18:19:52] [main/INFO]: Loaded configuration file for Lithium: 148 options available, 4 override(s) found
[18:19:52] [main/WARN]: Reference map 'aeronautics.refmap.json' for aeronautics.mixins.json could not be read. If this is a development environment you can ignore this message
[18:19:52] [main/WARN]: Reference map 'xaerolib.refmap.json' for xaerolib.mixins.json could not be read. If this is a development environment you can ignore this message
[18:19:52] [main/WARN]: Reference map 'iris.refmap.json' for mixins.iris.json could not be read. If this is a development environment you can ignore this message
[18:19:52] [main/WARN]: Reference map 'iris.refmap.json' for mixins.iris.fantastic.json could not be read. If this is a development environment you can ignore this message
[18:19:52] [main/WARN]: Reference map 'iris.refmap.json' for mixins.iris.vertexformat.json could not be read. If this is a development environment you can ignore this message
[18:19:52] [main/WARN]: Reference map 'iris.refmap.json' for iris-batched-entity-rendering.mixins.json could not be read. If this is a development environment you can ignore this message
[18:19:52] [main/WARN]: Reference map 'iris.refmap.json' for mixins.iris.compat.sodium.json could not be read. If this is a development environment you can ignore this message
[18:19:52] [main/WARN]: Reference map 'simulated.refmap.json' for simulated.mixins.json could not be read. If this is a development environment you can ignore this message
[18:19:52] [main/INFO]: Loaded configuration file for Sodium: 45 options available, 1 override(s) found
[18:19:52] [main/WARN]: Reference map 'offroad.refmap.json' for offroad.mixins.json could not be read. If this is a development environment you can ignore this message
[18:19:52] [main/WARN]: Reference map 'ponder.refmap.json' for ponder-common.mixins.json could not be read. If this is a development environment you can ignore this message
[18:19:52] [main/INFO]: Using Sodium renderer mixins
[18:19:52] [main/INFO]: Using Sodium renderer mixins
[18:19:52] [main/WARN]: Reference map 'xaerominimap.refmap.json' for xaerohud.mixins.json could not be read. If this is a development environment you can ignore this message
[18:19:52] [main/WARN]: Reference map 'xaerominimap.refmap.json' for xaerominimap.mixins.json could not be read. If this is a development environment you can ignore this message
[18:19:52] [main/WARN]: Reference map 'entityculling.refmap.mixins.json' for entityculling.mixins.json could not be read. If this is a development environment you can ignore this message
[18:19:52] [main/WARN]: Reference map '${refmap_target}refmap.json' for ferritecore.predicates.mixin.json could not be read. If this is a development environment you can ignore this message
[18:19:52] [main/WARN]: Reference map '${refmap_target}refmap.json' for ferritecore.fastmap.mixin.json could not be read. If this is a development environment you can ignore this message
[18:19:52] [main/WARN]: Reference map '${refmap_target}refmap.json' for ferritecore.mrl.mixin.json could not be read. If this is a development environment you can ignore this message
[18:19:52] [main/WARN]: Reference map '${refmap_target}refmap.json' for ferritecore.dedupmultipart.mixin.json could not be read. If this is a development environment you can ignore this message
[18:19:52] [main/WARN]: Reference map '${refmap_target}refmap.json' for ferritecore.blockstatecache.mixin.json could not be read. If this is a development environment you can ignore this message
[18:19:52] [main/WARN]: Reference map '${refmap_target}refmap.json' for ferritecore.dedupbakedquad.mixin.json could not be read. If this is a development environment you can ignore this message
[18:19:52] [main/WARN]: Reference map '${refmap_target}refmap.json' for ferritecore.threaddetec.mixin.json could not be read. If this is a development environment you can ignore this message
[18:19:52] [main/WARN]: Reference map '${refmap_target}refmap.json' for ferritecore.modelsides.mixin.json could not be read. If this is a development environment you can ignore this message
[18:19:52] [main/WARN]: Reference map '${refmap_target}refmap.json' for ferritecore.datacomponents.mixin.json could not be read. If this is a development environment you can ignore this message
[18:19:52] [main/WARN]: Reference map '${refmap_target}refmap.json' for ferritecore.accessors.mixin.json could not be read. If this is a development environment you can ignore this message
[18:19:52] [main/WARN]: Reference map '' for adapter.init.mixins.json could not be read. If this is a development environment you can ignore this message
[18:19:52] [main/INFO]: Force-disabling mixin 'entity.collisions.unpushable_cramming.EntityMixin' as rule 'mixin.entity.collisions.unpushable_cramming' (added by mods [sable]) disables it and children
[18:19:52] [main/INFO]: Force-disabling mixin 'entity.collisions.unpushable_cramming.EntitySectionMixin' as rule 'mixin.entity.collisions.unpushable_cramming' (added by mods [sable]) disables it and children
[18:19:52] [main/INFO]: Force-disabling mixin 'entity.collisions.unpushable_cramming.EntitySelectorMixin' as rule 'mixin.entity.collisions.unpushable_cramming' (added by mods [sable]) disables it and children
[18:19:52] [main/INFO]: Force-disabling mixin 'entity.collisions.unpushable_cramming.LivingEntityMixin' as rule 'mixin.entity.collisions.unpushable_cramming' (added by mods [sable]) disables it and children
[18:19:52] [main/INFO]: Force-disabling mixin 'world.chunk_access.ChunkHolderMixin' as rule 'mixin.world.chunk_access' (added by mods [sable]) disables it and children
[18:19:52] [main/INFO]: Force-disabling mixin 'world.chunk_access.GenerationChunkHolderAccessor' as rule 'mixin.world.chunk_access' (added by mods [sable]) disables it and children
[18:19:52] [main/INFO]: Force-disabling mixin 'world.chunk_access.LevelMixin' as rule 'mixin.world.chunk_access' (added by mods [sable]) disables it and children
[18:19:52] [main/INFO]: Force-disabling mixin 'world.chunk_access.ServerChunkCacheMixin' as rule 'mixin.world.chunk_access' (added by mods [sable]) disables it and children
[18:19:52] [main/INFO]: Force-disabling mixin 'world.chunk_ticking.spread_ice.BiomeMixin' as rule 'mixin.world.chunk_ticking' (added by mods [sable]) disables it and children
[18:19:52] [main/INFO]: Force-disabling mixin 'world.tick_scheduler.LevelChunkTicksMixin' as rule 'mixin.world.tick_scheduler' (added by mods [sable]) disables it and children
[18:19:53] [main/WARN]: Error loading class: com/portingdeadmods/cable_facades/events/GameClientEvents$2 (java.lang.ClassNotFoundException: com.portingdeadmods.cable_facades.events.GameClientEvents$2)
[18:19:53] [main/WARN]: Error loading class: com/direwolf20/justdirethings/client/renderers/OurRenderTypes (java.lang.ClassNotFoundException: com.direwolf20.justdirethings.client.renderers.OurRenderTypes)
[18:19:53] [main/WARN]: Error loading class: mekanism/client/render/entity/RenderFlame (java.lang.ClassNotFoundException: mekanism.client.render.entity.RenderFlame)
[18:19:53] [main/WARN]: Error loading class: mekanism/client/render/armor/MekaSuitArmor (java.lang.ClassNotFoundException: mekanism.client.render.armor.MekaSuitArmor)
[18:19:53] [main/WARN]: Error loading class: mekanism/client/render/lib/effect/BillboardingEffectRenderer (java.lang.ClassNotFoundException: mekanism.client.render.lib.effect.BillboardingEffectRenderer)
[18:19:53] [main/WARN]: Error loading class: blusunrize/immersiveengineering/client/utils/IEGLShaders (java.lang.ClassNotFoundException: blusunrize.immersiveengineering.client.utils.IEGLShaders)
[18:19:53] [main/WARN]: Error loading class: mezz/jei/library/plugins/vanilla/ingredients/ItemStackListFactory (java.lang.ClassNotFoundException: mezz.jei.library.plugins.vanilla.ingredients.ItemStackListFactory)
[18:19:53] [main/INFO]: Immersive Portals not present, skipping DH compatibility mixin.
[18:19:53] [main/WARN]: Force-disabling mixin 'features.render.world.sky.ClientLevelMixin' as rule 'mixin.features.render.world.sky' (added by mods [iris]) disables it and children
[18:19:53] [main/WARN]: Force-disabling mixin 'features.render.world.sky.FogRendererMixin' as rule 'mixin.features.render.world.sky' (added by mods [iris]) disables it and children
[18:19:53] [main/WARN]: Force-disabling mixin 'features.render.world.sky.LevelRendererMixin' as rule 'mixin.features.render.world.sky' (added by mods [iris]) disables it and children
[18:19:53] [main/WARN]: Error loading class: org/jetbrains/annotations/ApiStatus$ScheduledForRemoval (java.lang.ClassNotFoundException: org.jetbrains.annotations.ApiStatus$ScheduledForRemoval)
[18:19:53] [main/INFO]: Initializing MixinExtras via com.llamalad7.mixinextras.service.MixinExtrasServiceImpl(version=0.5.3).
[02Aug2026 18:19:54.209] [Datafixer Bootstrap/INFO] [com.mojang.datafixers.DataFixerBuilder/]: 229 Datafixer optimizations took 139 milliseconds
[02Aug2026 18:19:56.759] [Render thread/WARN] [net.minecraft.server.packs.VanillaPackResourcesBuilder/]: Assets URL 'union:/home/krzysztofkalisiak/.local/share/ModrinthApp/meta/libraries/net/minecraft/client/1.21.1-20240808.144430/client-1.21.1-20240808.144430-srg.jar%23215!/assets/.mcassetsroot' uses unexpected schema
[02Aug2026 18:19:56.759] [Render thread/WARN] [net.minecraft.server.packs.VanillaPackResourcesBuilder/]: Assets URL 'union:/home/krzysztofkalisiak/.local/share/ModrinthApp/meta/libraries/net/minecraft/client/1.21.1-20240808.144430/client-1.21.1-20240808.144430-srg.jar%23215!/data/.mcassetsroot' uses unexpected schema
[02Aug2026 18:19:56.772] [Render thread/INFO] [com.mojang.authlib.yggdrasil.YggdrasilAuthenticationService/]: Environment: Environment[sessionHost=https://sessionserver.mojang.com, servicesHost=https://api.minecraftservices.com, name=PROD]
[02Aug2026 18:19:56.776] [Render thread/INFO] [net.minecraft.client.Minecraft/]: Setting user: Eutio
[02Aug2026 18:19:56.788] [Render thread/INFO] [Photonics/]: Reloading config
[02Aug2026 18:19:56.801] [Render thread/INFO] [Photonics/]: Photonics light registry contains 127 light definitions for 98 blocks
[02Aug2026 18:19:56.836] [Render thread/INFO] [Iris/]: Queuing DH event binding...
[02Aug2026 18:19:56.888] [Render thread/INFO] [net.minecraft.client.Minecraft/]: Backend library: LWJGL version 3.3.3+5
[02Aug2026 18:19:56.906] [Render thread/INFO] [com.mojang.blaze3d.platform.Window/]: OpenGL Vendor: AMD
[02Aug2026 18:19:56.906] [Render thread/INFO] [com.mojang.blaze3d.platform.Window/]: OpenGL Renderer: AMD Radeon RX 7900 GRE (radeonsi, navi31, ACO, DRM 3.64, 7.0.0-28-generic)
[02Aug2026 18:19:56.906] [Render thread/INFO] [com.mojang.blaze3d.platform.Window/]: OpenGL Version: 4.6 (Core Profile) Mesa 26.1.2 - kisak-mesa PPA
[02Aug2026 18:19:56.928] [Render thread/INFO] [ImmediatelyFast/]: Initializing ImmediatelyFast 1.6.11+1.21.1 on AMD Radeon RX 7900 GRE (radeonsi, navi31, ACO, DRM 3.64, 7.0.0-28-generic) (AMD) with OpenGL 4.6 (Core Profile) Mesa 26.1.2 - kisak-mesa PPA
[02Aug2026 18:19:56.928] [Render thread/INFO] [ImmediatelyFast/]: Found Iris 1.8.14-beta.1+mc1.21.1. Enabling compatibility.
[02Aug2026 18:19:57.181] [Render thread/INFO] [Iris/]: Debug functionality is disabled.
[02Aug2026 18:19:57.182] [Render thread/INFO] [Iris/]: OpenGL 4.5 detected, enabling DSA.
[02Aug2026 18:19:57.270] [ForkJoinPool.commonPool-worker-3/WARN] [Iris/]: [Iris Update Check] This version doesn't have an update index, skipping.
[02Aug2026 18:19:57.309] [modloading-worker-0/INFO] [Veil/]: Veil is initializing.
[02Aug2026 18:19:57.310] [modloading-worker-0/INFO] [net.fabricmc.fabric.impl.client.indigo.Indigo/]: [Indigo] Different rendering plugin detected; not applying Indigo.
[02Aug2026 18:19:57.323] [modloading-worker-0/INFO] [net.neoforged.neoforge.common.NeoForgeMod/NEOFORGE-MOD]: NeoForge mod loading, version 21.1.235, for MC 1.21.1
[02Aug2026 18:19:57.369] [modloading-worker-0/INFO] [xaero.hud.minimap.MinimapLogs/]: No Optifine!
[02Aug2026 18:19:57.369] [modloading-worker-0/INFO] [xaero.hud.minimap.MinimapLogs/]: Xaero's Minimap: No Vivecraft!
[02Aug2026 18:19:57.370] [modloading-worker-0/INFO] [xaero.hud.minimap.MinimapLogs/]: Xaero's Minimap: Iris found!
[02Aug2026 18:19:57.382] [modloading-worker-0/INFO] [xaero.lib.XaeroLib/]: Registering common data for channel xaerolib:main!
[02Aug2026 18:19:57.492] [modloading-worker-0/INFO] [xaero.lib.XaeroLib/]: Registering client data for channel xaerolib:main!
[02Aug2026 18:19:57.499] [modloading-worker-0/INFO] [com.simibubi.create.Create/]: Create 6.0.10 initializing! Commit hash: ac0c444d9828da3453ae8cc65338e8de063286fb
[02Aug2026 18:19:57.500] [modloading-worker-0/INFO] [xaero.lib.XaeroLib/]: Loading primary common config for channel xaerolib:main!
[02Aug2026 18:19:57.502] [modloading-worker-0/INFO] [xaero.lib.XaeroLib/]: Loading server config profiles for channel xaerolib:main!
[02Aug2026 18:19:57.503] [modloading-worker-0/INFO] [xaero.lib.XaeroLib/]: Loading primary client config for channel xaerolib:main!
[02Aug2026 18:19:57.503] [modloading-worker-0/INFO] [xaero.lib.XaeroLib/]: Loading client config profiles for channel xaerolib:main!
[02Aug2026 18:19:57.504] [modloading-worker-0/INFO] [xaero.common.HudMod/]: Registering common data for channel xaerominimap:main!
[02Aug2026 18:19:57.527] [modloading-worker-0/INFO] [xaero.common.HudMod/]: Registering client data for channel xaerominimap:main!
[02Aug2026 18:19:57.551] [modloading-worker-0/INFO] [xaero.common.HudMod/]: Loading primary common config for channel xaerominimap:main!
[02Aug2026 18:19:57.551] [modloading-worker-0/INFO] [xaero.common.HudMod/]: Loading server config profiles for channel xaerominimap:main!
[02Aug2026 18:19:57.551] [modloading-worker-0/INFO] [xaero.common.HudMod/]: Loading primary client config for channel xaerominimap:main!
[02Aug2026 18:19:57.552] [modloading-worker-0/INFO] [xaero.common.HudMod/]: Loading client config profiles for channel xaerominimap:main!
[02Aug2026 18:19:58.217] [modloading-worker-0/INFO] [dev.ryanhcode.sable.Sable/]: Sable loaded!
[02Aug2026 18:19:58.223] [modloading-worker-0/WARN] [dev.ryanhcode.sable.Sable/]: NOTE: Sable is loaded with Flywheel. Sable contains extensive shader overrides and a full light-storage replacement. Expect this to cause compatibility issues. If issues arise, please report them to the Sable issue tracker (https://github.com/ryanhcode/sable/issues) instead of the Flywheel issue tracker.
[02Aug2026 18:19:58.993] [Render thread/INFO] [Veil/]: GL Debug supported
[02Aug2026 18:19:59.205] [Render thread/INFO] [Iris/]: Hardware information:
[02Aug2026 18:19:59.205] [Render thread/INFO] [Iris/]: CPU: 16x AMD Ryzen 7 7700 8-Core Processor
[02Aug2026 18:19:59.205] [Render thread/INFO] [Iris/]: GPU: AMD Radeon RX 7900 GRE (radeonsi, navi31, ACO, DRM 3.64, 7.0.0-28-generic) (Supports OpenGL 4.6 (Core Profile) Mesa 26.1.2 - kisak-mesa PPA)
[02Aug2026 18:19:59.206] [Render thread/INFO] [Iris/]: OS: Linux (7.0.0-28-generic)
[02Aug2026 18:19:59.537] [Render thread/INFO] [net.minecraft.server.packs.resources.ReloadableResourceManager/]: Reloading ResourceManager: vanilla, fabric, mod_resources, mod/sodium, mod/fabric_transfer_api_v1, mod/simulatedcoasters, mod/fabric_renderer_api_v1, mod/fabric_item_api_v1, mod/fabric_model_loading_api_v1, mod/fabric_rendering_fluids_v1, mod/lithium, mod/aeronautics, mod/xaerolib, mod/aeronautics_bundled, mod/fabric_screen_handler_api_v1, mod/fabric_resource_loader_v0, mod/trender, mod/fabric_rendering_v1, mod/fabric_renderer_indigo, mod/fabric_convention_tags_v1, mod/neoforge, mod/photonics, mod/fabric_block_view_api_v2, mod/fabric_command_api_v2, mod/fabric_convention_tags_v2, mod/fabric_data_attachment_api_v1, mod/iris, mod/veil, mod/simulated, mod/simurail, mod/distanthorizons, mod/fabric_screen_api_v1, mod/fabric_particles_v1, mod/connector, mod/fabric_api,forgified_fabric_api, mod/fabric_content_registries_v0, mod/fabric_transitive_access_wideners_v1, mod/offroad, mod/irisveil, mod/fabric_game_rule_api_v1, mod/fabric_api_base, mod/fabric_api_lookup_api_v1, mod/fabric_blockrenderlayer_v1, mod/fabric_block_api_v1, mod/fabric_resource_conditions_api_v1, mod/sablecompanion, mod/flywheel, mod/ponder, mod/create, mod/sable, mod/contraptionlights, mod/xaerominimap, mod/fabric_item_group_api_v1, mod/fabric_gametest_api_v1, mod/entityculling, mod/fabric_biome_api_v1, mod/fabric_entity_events_v1, mod/fabric_registry_sync_v0, mod/immediatelyfast, mod/lambdynlights_api, mod/fabric_recipe_api_v1, mod/ferritecore, mod/fabric_object_builder_api_v1, mod/fabric_loot_api_v2, mod/fabric_loot_api_v3, mod/transition, mod/fabric_rendering_data_attachment_v1, mod/searchlights, mod/fabric_networking_api_v1, mod/fabric_sound_api_v1, mod/fabric_message_api_v1, mod/fabric_lifecycle_events_v1, mod/fabric_tag_api_v1, mod/fabric_data_generation_api_v1, mod/fabric_events_interaction_v0, mod/fabric_key_binding_api_v1, mod/fabric_client_tags_api_v1, file/Create-LabPBR-v12.zip
[02Aug2026 18:19:59.548] [Worker-Main-5/INFO] [xaero.lib.XaeroLib/]: Loading XaeroLib common 1/2!
[02Aug2026 18:19:59.549] [Worker-Main-9/INFO] [me.yurtema.searchlights.Searchlights/]: HELLO FROM COMMON SETUP
[02Aug2026 18:19:59.568] [NeoForge Version Check/INFO] [net.neoforged.fml.VersionChecker/]: [create] Starting version check at https://api.modrinth.com/updates/create/forge_updates.json?neoforge=only
[02Aug2026 18:19:59.593] [Worker-Main-15/INFO] [net.minecraft.client.gui.font.providers.UnihexProvider/]: Found unifont_all_no_pua-15.1.05.hex, loading
[02Aug2026 18:19:59.593] [Worker-Main-4/INFO] [net.minecraft.client.gui.font.providers.UnihexProvider/]: Found unifont_jp_patch-15.1.05.hex, loading
[02Aug2026 18:19:59.734] [Worker-Main-10/INFO] [xaero.lib.XaeroLib/]: Loading XaeroLib client 1/2!
[02Aug2026 18:19:59.748] [Worker-Main-1/ERROR] [net.minecraft.client.resources.model.ModelManager/]: Failed to load model createdeco:models/block/catwalk_top-x.json
com.google.gson.JsonParseException: Unknown facing: cullface
	at TRANSFORMER/minecraft@1.21.1/net.minecraft.client.renderer.block.model.BlockElement$Deserializer.getFacing(BlockElement.java:155) ~[client-1.21.1-20240808.144430-srg.jar%23215!/:?]
	at TRANSFORMER/minecraft@1.21.1/net.minecraft.client.renderer.block.model.BlockElement$Deserializer.filterNullFromFaces(BlockElement.java:145) ~[client-1.21.1-20240808.144430-srg.jar%23215!/:?]
	at TRANSFORMER/minecraft@1.21.1/net.minecraft.client.renderer.block.model.BlockElement$Deserializer.getFaces(BlockElement.java:132) ~[client-1.21.1-20240808.144430-srg.jar%23215!/:?]
	at TRANSFORMER/minecraft@1.21.1/net.minecraft.client.renderer.block.model.BlockElement$Deserializer.deserialize(BlockElement.java:85) ~[client-1.21.1-20240808.144430-srg.jar%23215!/:?]
	at TRANSFORMER/minecraft@1.21.1/net.minecraft.client.renderer.block.model.BlockElement$Deserializer.deserialize(BlockElement.java:76) ~[client-1.21.1-20240808.144430-srg.jar%23215!/:?]
	at MC-BOOTSTRAP/com.google.gson@2.10.1/com.google.gson.internal.bind.TreeTypeAdapter.read(TreeTypeAdapter.java:76) ~[gson-2.10.1.jar%23191!/:?]
	at MC-BOOTSTRAP/com.google.gson@2.10.1/com.google.gson.Gson.fromJson(Gson.java:1227) ~[gson-2.10.1.jar%23191!/:?]
	at MC-BOOTSTRAP/com.google.gson@2.10.1/com.google.gson.Gson.fromJson(Gson.java:1329) ~[gson-2.10.1.jar%23191!/:?]
	at MC-BOOTSTRAP/com.google.gson@2.10.1/com.google.gson.Gson.fromJson(Gson.java:1300) ~[gson-2.10.1.jar%23191!/:?]
	at MC-BOOTSTRAP/com.google.gson@2.10.1/com.google.gson.internal.bind.TreeTypeAdapter$GsonContextImpl.deserialize(TreeTypeAdapter.java:179) ~[gson-2.10.1.jar%23191!/:?]
	at TRANSFORMER/minecraft@1.21.1/net.minecraft.client.renderer.block.model.BlockModel$Deserializer.getElements(BlockModel.java:409) ~[client-1.21.1-20240808.144430-srg.jar%23215!/:?]
	at TRANSFORMER/minecraft@1.21.1/net.minecraft.client.renderer.block.model.BlockModel$Deserializer.deserialize(BlockModel.java:338) ~[client-1.21.1-20240808.144430-srg.jar%23215!/:?]
	at TRANSFORMER/neoforge@21.1.235/net.neoforged.neoforge.client.model.ExtendedBlockModelDeserializer.deserialize(ExtendedBlockModelDeserializer.java:51) ~[neoforge-21.1.235-universal.jar%23216!/:?]
	at TRANSFORMER/neoforge@21.1.235/net.neoforged.neoforge.client.model.ExtendedBlockModelDeserializer.deserialize(ExtendedBlockModelDeserializer.java:37) ~[neoforge-21.1.235-universal.jar%23216!/:?]
	at MC-BOOTSTRAP/com.google.gson@2.10.1/com.google.gson.internal.bind.TreeTypeAdapter.read(TreeTypeAdapter.java:76) ~[gson-2.10.1.jar%23191!/:?]
	at TRANSFORMER/minecraft@1.21.1/net.minecraft.util.GsonHelper.fromNullableJson(GsonHelper.java:525) ~[client-1.21.1-20240808.144430-srg.jar%23215!/:?]
	at TRANSFORMER/minecraft@1.21.1/net.minecraft.util.GsonHelper.fromJson(GsonHelper.java:532) ~[client-1.21.1-20240808.144430-srg.jar%23215!/:?]
	at TRANSFORMER/minecraft@1.21.1/net.minecraft.util.GsonHelper.fromJson(GsonHelper.java:582) ~[client-1.21.1-20240808.144430-srg.jar%23215!/:?]
	at TRANSFORMER/minecraft@1.21.1/net.minecraft.client.renderer.block.model.BlockModel.fromStream(BlockModel.java:83) ~[client-1.21.1-20240808.144430-srg.jar%23215!/:?]
	at TRANSFORMER/minecraft@1.21.1/net.minecraft.client.resources.model.ModelManager.lambda$loadBlockModels$8(ModelManager.java:144) ~[client-1.21.1-20240808.144430-srg.jar%23215!/:?]
	at java.base/java.util.concurrent.CompletableFuture$AsyncSupply.run(Unknown Source) [?:?]
	at java.base/java.util.concurrent.CompletableFuture$AsyncSupply.exec(Unknown Source) [?:?]
	at java.base/java.util.concurrent.ForkJoinTask.doExec(Unknown Source) [?:?]
	at java.base/java.util.concurrent.ForkJoinPool$WorkQueue.topLevelExec(Unknown Source) [?:?]
	at java.base/java.util.concurrent.ForkJoinPool.scan(Unknown Source) [?:?]
	at java.base/java.util.concurrent.ForkJoinPool.runWorker(Unknown Source) [?:?]
	at java.base/java.util.concurrent.ForkJoinWorkerThread.run(Unknown Source) [?:?]
[02Aug2026 18:19:59.808] [Worker-Main-12/INFO] [DistantHorizons-DistantHorizons-com.seibel.distanthorizons.common.AbstractModInitializer_neoforge/]: Initializing Distant Horizons client, firing DhApiBeforeDhInitEvent...
[02Aug2026 18:19:59.814] [Worker-Main-6/INFO] [top.leonx.irisveil.IrisVeilCompat/]: HELLO FROM CLIENT SETUP
[02Aug2026 18:19:59.814] [Worker-Main-6/INFO] [top.leonx.irisveil.IrisVeilCompat/]: MINECRAFT NAME >> Eutio
[02Aug2026 18:19:59.818] [Worker-Main-6/INFO] [xaero.minimap.XaeroMinimap/]: Loading Xaero's Minimap - Stage 1/2
[02Aug2026 18:19:59.824] [Worker-Main-12/INFO] [DistantHorizons-DistantHorizons-com.seibel.distanthorizons.core.Initializer/]: Running library validation...
[02Aug2026 18:19:59.826] [Worker-Main-5/WARN] [net.minecraft.client.renderer.texture.SpriteLoader/]: Texture simulatedcoasters:block/chain_lift/chain with size 8x10 limits mip level from 4 to 1
[02Aug2026 18:19:59.830] [Worker-Main-3/INFO] [me.yurtema.searchlights.Searchlights/]: HELLO FROM CLIENT SETUP
[02Aug2026 18:19:59.832] [Worker-Main-3/INFO] [me.yurtema.searchlights.Searchlights/]: MINECRAFT NAME >> Eutio
[02Aug2026 18:19:59.929] [NeoForge Version Check/INFO] [net.neoforged.fml.VersionChecker/]: [create] Found status: OUTDATED Current: 6.0.10 Target: 6.0.10+mc1.21.1
[02Aug2026 18:19:59.996] [Worker-Main-12/INFO] [DistantHorizons-DistantHorizons-com.seibel.distanthorizons.common.AbstractModInitializer_neoforge/]: Distant Horizons, Version: 3.2.0-b
[02Aug2026 18:20:00.002] [Worker-Main-12/INFO] [DistantHorizons-DistantHorizons-com.seibel.distanthorizons.common.AbstractModInitializer_neoforge/]: Skipping mod compatibility accessor for: [optifine]
[02Aug2026 18:20:00.003] [Worker-Main-12/INFO] [DistantHorizons-DistantHorizons-com.seibel.distanthorizons.common.AbstractModInitializer_neoforge/]: Skipping mod compatibility accessor for: [c2me]
[02Aug2026 18:20:00.004] [Worker-Main-12/INFO] [DistantHorizons-DistantHorizons-com.seibel.distanthorizons.common.AbstractModInitializer_neoforge/]: Skipping mod compatibility accessor for: [immersive_portals]
[02Aug2026 18:20:00.004] [Worker-Main-12/INFO] [DistantHorizons-DistantHorizons-com.seibel.distanthorizons.core.dependencyInjection.ModAccessorInjector/]: Registered mod compatibility accessor for: [iris].
[02Aug2026 18:20:00.020] [Worker-Main-12/INFO] [DistantHorizons-DistantHorizons-com.seibel.distanthorizons.core.config.ConfigHandler/]: Initialising config for [DistantHorizons]
[02Aug2026 18:20:00.068] [Worker-Main-12/INFO] [DistantHorizons-DistantHorizons-com.seibel.distanthorizons.core.config.ConfigHandler/]: [DistantHorizons] Config initialised
[02Aug2026 18:20:00.075] [Worker-Main-12/INFO] [DistantHorizons-DistantHorizons-com.seibel.distanthorizons.core.config.eventHandlers.IgnoredDimensionCsvHandler/]: Dimension ignoring disabled, DH will render all dimensions.
[02Aug2026 18:20:00.075] [Worker-Main-12/INFO] [com.seibel.distanthorizons.core.logging.DhLogger/]: Applying config to loggers
[02Aug2026 18:20:00.075] [Worker-Main-12/INFO] [DistantHorizons-DistantHorizons-com.seibel.distanthorizons.core.Initializer/]: Garbage collectors: [G1 Young Generation, G1 Concurrent GC, G1 Old Generation]
[02Aug2026 18:20:00.076] [Worker-Main-12/WARN] [DistantHorizons-DistantHorizons-com.seibel.distanthorizons.core.Initializer/]: Distant Horizons: G1 Garbage collector detected.
This can cause FPS stuttering. 
It's recommended to use a concurrent garbage collector 
like ZGC (Java 21+) or Shenandoah (Java 8 through 17) 
for a smoother experience. 
This warning can be disabled in the DH config.
[02Aug2026 18:20:00.080] [Worker-Main-12/INFO] [DistantHorizons-DistantHorizons-com.seibel.distanthorizons.core.Initializer/]: Explicit Garbage Collection: [Enabled]
[02Aug2026 18:20:00.080] [Worker-Main-12/INFO] [DistantHorizons-DistantHorizons-com.seibel.distanthorizons.common.AbstractModInitializer_neoforge/]: Distant Horizons client Initialized.
[02Aug2026 18:20:00.081] [Worker-Main-12/INFO] [DistantHorizons-DistantHorizons-com.seibel.distanthorizons.common.AbstractModInitializer_neoforge/]: Running Delayed setup...
[02Aug2026 18:20:00.081] [Worker-Main-12/INFO] [DistantHorizons-DistantHorizons-com.seibel.distanthorizons.common.AbstractModInitializer_neoforge/]: Delayed setup complete, firing DhApiAfterDhInitEvent event...
[02Aug2026 18:20:00.081] [Worker-Main-12/INFO] [Iris/]: DH Ready, binding Iris event handlers...
[02Aug2026 18:20:00.084] [Worker-Main-12/INFO] [Iris/]: DH Iris events bound.
[02Aug2026 18:20:00.085] [DH-PostClientInit Thread/INFO] [DistantHorizons-DistantHorizons-com.seibel.distanthorizons.common.wrappers.DependencySetup_neoforge/]: Setting DH Rendering API to: [OPEN_GL]...
[02Aug2026 18:20:00.100] [DH-PostClientInit Thread/INFO] [DistantHorizons-DistantHorizons-com.seibel.distanthorizons.common.wrappers.DependencySetup_neoforge/]: DH Rendering successfully bound to: [OpenGL]...
[02Aug2026 18:20:00.104] [Render thread/INFO] [Photonics/]: Photonics ReSTIR GI v70: forcing PHOTONICS_RESTIR_COMBINED_GI on for the geometry-guided spatial-reuse test (configured=true)
[02Aug2026 18:20:00.106] [Render thread/INFO] [Photonics/]: Photonics performance overrides: renderScale=0.75, giRenderScale=0.5, temporalUpscaler=shader-pack, temporalUpscalerSourceScale=shader-pack, temporalUpscalerHistoryFrames=shader-pack, restirInitialSamples=16, restirDenoiserPasses=5, restirGiDenoiserPasses=3 (shader-pack means no JVM override)
[02Aug2026 18:20:00.128] [Render thread/INFO] [Photonics/]: Photonics shader source: path=/photonics/deprecated/shader_interface.glsl origin=photonics-jar sha256=93300432f0cdcc7deefcd48e7eb4e61cd39459ec11278295e0e35466d1be92be
[02Aug2026 18:20:00.129] [Render thread/INFO] [Photonics/]: Photonics shader source: path=/photonics/interface/lighting_interface.glsl origin=photonics-jar sha256=369f58efdb006e3118ca3b2f92c5cb30cb6b402a6981f198074c3bb5bc004fee
[02Aug2026 18:20:00.129] [Render thread/INFO] [Photonics/]: Photonics shader source: path=/photonics/interface/world_interface.glsl origin=photonics-jar sha256=383fd0358eaf35d5f7e63470e3dff4ffc7444863bb69b54a79bd01267af4d244
[02Aug2026 18:20:00.129] [Render thread/INFO] [Photonics/]: Photonics shader source: path=/photonics/internal/impl/attenuation.glsl origin=photonics-jar sha256=d2c579186e190cd1afda8995963df044637e497a18478d3faca5d8cbd3b61a26
[02Aug2026 18:20:00.129] [Render thread/INFO] [Photonics/]: Photonics shader source: path=/photonics/internal/impl/is_hand.glsl origin=photonics-jar sha256=d682523dc96fe15e30e1d44b7c59acf669883e2fd9aaf6e93b73b07074341c96
[02Aug2026 18:20:00.129] [Render thread/INFO] [Photonics/]: Photonics shader source: path=/photonics/internal/tracing/common.glsl origin=photonics-jar sha256=99a7822010d4e4878da41305ac8b95c042e24e335ed4184e4364a46c0807d560
[02Aug2026 18:20:00.129] [Render thread/INFO] [Photonics/]: Photonics shader source: path=/photonics/internal/tracing/iterator.glsl origin=photonics-jar sha256=2c81a5d462c8f6b2298c1fb3c0f8235707b4d9d9f21563de788c9293b9e2e9ae
[02Aug2026 18:20:00.130] [Render thread/INFO] [Photonics/]: Photonics shader source: path=/photonics/internal/tracing/simple.glsl origin=photonics-jar sha256=e0a430fdf77faf41ea4d4277dc02378ad339ab71f5e67b496746f4a216d27d97
[02Aug2026 18:20:00.130] [Render thread/INFO] [Photonics/]: Photonics shader source: path=/photonics/internal/tracing/types.glsl origin=photonics-jar sha256=f1203001a527d11cecf8b825d7ca5d184b64b6a5f25a84c5c96764dd53f5ba1a
[02Aug2026 18:20:00.130] [Render thread/INFO] [Photonics/]: Photonics shader source: path=/photonics/light.glsl origin=photonics-jar sha256=263d657a4e3418661df4ad0101e5f98519078cad6f1079c6bf01ad240d7986e4
[02Aug2026 18:20:00.130] [Render thread/INFO] [Photonics/]: Photonics shader source: path=/photonics/light_list.glsl origin=photonics-jar sha256=1ad3ae17e86bf25b743ad655cb298c5325a071257d83255829dcec98b23f2e60
[02Aug2026 18:20:00.130] [Render thread/INFO] [Photonics/]: Photonics shader source: path=/photonics/modifiers/attenuation_modifier.glsl origin=photonics-jar sha256=d842468d67ecb27a1778c6f6edd07051aea88f8604391e10481498bb9dbc23b4
[02Aug2026 18:20:00.130] [Render thread/INFO] [Photonics/]: Photonics shader source: path=/photonics/modifiers/handheld_light_pulse_modifier.glsl origin=photonics-jar sha256=2af6c839c63a2f3f6d783338518319cbb0212a7423889e1382b92a5a17b2af32
[02Aug2026 18:20:00.130] [Render thread/INFO] [Photonics/]: Photonics shader source: path=/photonics/modifiers/indirect_surface_sample_modifier.glsl origin=photonics-jar sha256=1ab8bbb999b41875b58b3a4a5b16046b779686dac16d3c6bc86d99c820b85f7f
[02Aug2026 18:20:00.130] [Render thread/INFO] [Photonics/]: Photonics shader source: path=/photonics/modifiers/is_hand_modifier.glsl origin=shader-pack sha256=d43b622fb771dfcb68d6980026dde741e4e47eb7d43847eea2632dcd5c1401dd
[02Aug2026 18:20:00.130] [Render thread/INFO] [Photonics/]: Photonics shader source: path=/photonics/modifiers/light_modifier.glsl origin=shader-pack sha256=3e287296dea097eb9baf73693316dde656eaeedead165120ed6c334e5cc4597f
[02Aug2026 18:20:00.131] [Render thread/INFO] [Photonics/]: Photonics shader source: path=/photonics/modifiers/restir_denoiser_depth_fetch_modifier.glsl origin=photonics-jar sha256=ced59a4690918514cbe2a90ee4d67782487c5c0b397b85d86a174eec4032a5e6
[02Aug2026 18:20:00.131] [Render thread/INFO] [Photonics/]: Photonics shader source: path=/photonics/modifiers/restir_gi_modifier.glsl origin=shader-pack sha256=87a3104b173d03c00f97a84f46e5f3e768ae3496334a812d4b07b791620bf699
[02Aug2026 18:20:00.131] [Render thread/INFO] [Photonics/]: Photonics shader source: path=/photonics/modifiers/voxel_color_modifier.glsl origin=photonics-jar sha256=637762f7d52cc5eb3b56f9ad97852ebe01d7ad2fd0f567649118bf7c107ea641
[02Aug2026 18:20:00.131] [Render thread/INFO] [Photonics/]: Photonics shader source: path=/photonics/palette.glsl origin=photonics-jar sha256=ea2f8a1e0c149264f9eab46894496fbf944541d725d17cafea8038cc99e576a1
[02Aug2026 18:20:00.131] [Render thread/INFO] [Photonics/]: Photonics shader source: path=/photonics/ph_samplers.glsl origin=photonics-jar sha256=53de8be5a43bd9f139ffe41200dfb0fa4e08fd115a9e1a7f9f4ba1dc526b21d7
[02Aug2026 18:20:00.131] [Render thread/INFO] [Photonics/]: Photonics shader source: path=/photonics/photonics.glsl origin=photonics-jar sha256=e3b0c44298fc1c149afbf4c8996fb92427ae41e4649b934ca495991b7852b855
[02Aug2026 18:20:00.131] [Render thread/INFO] [Photonics/]: Photonics shader source: path=/photonics/rendering/basic/samplers.glsl origin=photonics-jar sha256=b57bac1421126f9a2f25ad65a9e51bcb5c446e0c21181fe47d0cf65af0aa60eb
[02Aug2026 18:20:00.131] [Render thread/INFO] [Photonics/]: Photonics shader source: path=/photonics/rendering/common.glsl origin=photonics-jar sha256=6bfbb0a25982e39df1fe79a01a1c744951e33e2b23a1936d5e71b34523a1245b
[02Aug2026 18:20:00.131] [Render thread/INFO] [Photonics/]: Photonics shader source: path=/photonics/rendering/frag/common.glsl origin=photonics-jar sha256=e451f2e85e30d6df42e4df415695311ee850aa46839cf1b9617a99011ea1f82e
[02Aug2026 18:20:00.131] [Render thread/INFO] [Photonics/]: Photonics shader source: path=/photonics/rendering/frag/f0_load_frag.fsh origin=photonics-jar sha256=53eb898428817d4183fa0a16b4254d13cd98af1cfe828105af1b7a4581a21117
[02Aug2026 18:20:00.131] [Render thread/INFO] [Photonics/]: Photonics shader source: path=/photonics/rendering/frag/f0_load_frag_gi.fsh origin=photonics-jar sha256=5cd4bceab7150e2fce2afb6898297d1fe40b16fe71975f2969a0135b1a6cfc1f
[02Aug2026 18:20:00.131] [Render thread/INFO] [Photonics/]: Photonics shader source: path=/photonics/rendering/frag/f0_load_frag_impl.glsl origin=photonics-jar sha256=ca55dd3da0e2fd1982489553ee96e4bf485e11cae676390c43859fe42e7e8d27
[02Aug2026 18:20:00.131] [Render thread/INFO] [Photonics/]: Photonics shader source: path=/photonics/rendering/frag/frag_data.glsl origin=photonics-jar sha256=563ed65bdbf741b0a065439a24a9d77f85b4b5f6ad1354358b886fb62d347c86
[02Aug2026 18:20:00.132] [Render thread/INFO] [Photonics/]: Photonics shader source: path=/photonics/rendering/frag/frag_motion.glsl origin=photonics-jar sha256=848babfce8f59024e905ace4b5c4916e265232444d2a91dd332a77d9ad4bf8b9
[02Aug2026 18:20:00.132] [Render thread/INFO] [Photonics/]: Photonics shader source: path=/photonics/rendering/frag/sable_motion.glsl origin=photonics-jar sha256=1bb1bbf05710c5296b3abfd10405e9d9711a00ef4fdd1a5635c053cdcfe5abec
[02Aug2026 18:20:00.132] [Render thread/INFO] [Photonics/]: Photonics shader source: path=/photonics/rendering/frag/world_interface.glsl origin=photonics-jar sha256=d938d13ebcfd69fa87e86b1426c227f0b484c50d1b9d90347da65970120a6b30
[02Aug2026 18:20:00.132] [Render thread/INFO] [Photonics/]: Photonics shader source: path=/photonics/rendering/handheld_lighting.glsl origin=photonics-jar sha256=c6f7256167fa81e9fed25139cfa86e97c86b6be0d6cce776751ea7a562e4a454
[02Aug2026 18:20:00.132] [Render thread/INFO] [Photonics/]: Photonics shader source: path=/photonics/rendering/indirect_lighting.glsl origin=photonics-jar sha256=c1c373bb654ae02f58196d4c9bc0ae7a4baaecab4d33577808a6c792c68465cd
[02Aug2026 18:20:00.133] [Render thread/INFO] [Photonics/]: Photonics shader source: path=/photonics/rendering/off/samplers.glsl origin=photonics-jar sha256=b57bac1421126f9a2f25ad65a9e51bcb5c446e0c21181fe47d0cf65af0aa60eb
[02Aug2026 18:20:00.133] [Render thread/INFO] [Photonics/]: Photonics shader source: path=/photonics/rendering/restir/direct/reservoir.glsl origin=photonics-jar sha256=c7d0854c8730fbc0b94cdca3f0ac42acc28a4df005d1314707de850d8d81a472
[02Aug2026 18:20:00.133] [Render thread/INFO] [Photonics/]: Photonics shader source: path=/photonics/rendering/restir/direct/sample.glsl origin=photonics-jar sha256=03f728ee320759e2698f9d294d4dba378a2fb6fd07cca261244f20009ad4a599
[02Aug2026 18:20:00.133] [Render thread/INFO] [Photonics/]: Photonics shader source: path=/photonics/rendering/restir/indirect/reservoir.glsl origin=photonics-jar sha256=c5a2b2cf64c5deb3a93bff8ab844c0fc4882d8dad81ca2c167091fff296bd154
[02Aug2026 18:20:00.133] [Render thread/INFO] [Photonics/]: Photonics shader source: path=/photonics/rendering/restir/indirect/sample.glsl origin=photonics-jar sha256=543bcacbe595131d49c19300b32432db3151fa7e5b2a0b493bf50b39e158f16a
[02Aug2026 18:20:00.133] [Render thread/INFO] [Photonics/]: Photonics shader source: path=/photonics/rendering/restir/pass_mode.glsl origin=photonics-jar sha256=806142f66ae64552d2ea612cce531b641a98f3c9f398e26861e7c1f9ab7da058
[02Aug2026 18:20:00.134] [Render thread/INFO] [Photonics/]: Photonics shader source: path=/photonics/rendering/restir/passes/r10_handheld.fsh origin=photonics-jar sha256=a48b6b2660090c3655f1a8e4711c85ceb9482d2222987c96d8ef38ccc9076174
[02Aug2026 18:20:00.134] [Render thread/INFO] [Photonics/]: Photonics shader source: path=/photonics/rendering/restir/passes/r10_local_direct.fsh origin=photonics-jar sha256=18add28b6ed5b16050078e504c7c53dba48fc59bfdd7a9912ebaa8f4c2dd3ce8
[02Aug2026 18:20:00.134] [Render thread/INFO] [Photonics/]: Photonics shader source: path=/photonics/rendering/restir/passes/r1_initial_direct.fsh origin=photonics-jar sha256=df92207faeadc1b59d5abf221cdf2fbd98477c3baf54998c733d2ba073069d87
[02Aug2026 18:20:00.134] [Render thread/INFO] [Photonics/]: Photonics shader source: path=/photonics/rendering/restir/passes/r2_validate_initial_direct.fsh origin=photonics-jar sha256=6e0109ef63bee44881333d887ac70ad5296af79316ebea7e1ac4148c4d3785ac
[02Aug2026 18:20:00.134] [Render thread/INFO] [Photonics/]: Photonics shader source: path=/photonics/rendering/restir/passes/r3_initial_indirect.fsh origin=photonics-jar sha256=9c169db361053a94a37cc932fc668e27b7daa1ca7eac3f946b077b0782a2af51
[02Aug2026 18:20:00.134] [Render thread/INFO] [Photonics/]: Photonics shader source: path=/photonics/rendering/restir/passes/r4_temporal_reuse.fsh origin=photonics-jar sha256=953a304c06af2f9eb8ae18b54e55e41f066ff17d0a0832160ff447ca925f7ab5
[02Aug2026 18:20:00.134] [Render thread/INFO] [Photonics/]: Photonics shader source: path=/photonics/rendering/restir/passes/r4_temporal_reuse_gi.fsh origin=photonics-jar sha256=d7e540ca620e03d6f79b503b2a8fd4293e782fb7e9279d371fa550c3728b7e12
[02Aug2026 18:20:00.134] [Render thread/INFO] [Photonics/]: Photonics shader source: path=/photonics/rendering/restir/passes/r4_temporal_reuse_impl.glsl origin=photonics-jar sha256=f2371b26efcfa9ea9d57ea57ae960377ca3ef9d8695badd104393d96318638e6
[02Aug2026 18:20:00.134] [Render thread/INFO] [Photonics/]: Photonics shader source: path=/photonics/rendering/restir/passes/r5_copy_spatial_input.fsh origin=photonics-jar sha256=55b8910bceb6c284819123f63cc86db5d9d4a856f284bd4d7e89b096632dd922
[02Aug2026 18:20:00.134] [Render thread/INFO] [Photonics/]: Photonics shader source: path=/photonics/rendering/restir/passes/r5_copy_spatial_input_gi.fsh origin=photonics-jar sha256=9abc6b26dc4bd852581c517daf16ee12a86ef39616d95d588f9e460da2437f23
[02Aug2026 18:20:00.135] [Render thread/INFO] [Photonics/]: Photonics shader source: path=/photonics/rendering/restir/passes/r5_copy_spatial_input_impl.glsl origin=photonics-jar sha256=921a66a1c5046c24fdb758fea3c059b19c3127953f93bf2db72005cf84b3e644
[02Aug2026 18:20:00.135] [Render thread/INFO] [Photonics/]: Photonics shader source: path=/photonics/rendering/restir/passes/r5_spatial_reuse.fsh origin=photonics-jar sha256=ce2874543c5e2554773b95b128c378c5700c9eb98ecf5125dc7467af99cc9dfe
[02Aug2026 18:20:00.135] [Render thread/INFO] [Photonics/]: Photonics shader source: path=/photonics/rendering/restir/passes/r5_spatial_reuse_gi.fsh origin=photonics-jar sha256=de82997ac299dc6570a29f3729b815c7169f7d31543c16f73a86aa94f4530554
[02Aug2026 18:20:00.135] [Render thread/INFO] [Photonics/]: Photonics shader source: path=/photonics/rendering/restir/passes/r5_spatial_reuse_impl.glsl origin=photonics-jar sha256=10be3a39edf814cfd1ebd8613a3421e4268bc6b343370ad83ffd2e184c3f73f2
[02Aug2026 18:20:00.135] [Render thread/INFO] [Photonics/]: Photonics shader source: path=/photonics/rendering/restir/passes/r6_diffuse.fsh origin=photonics-jar sha256=84ef737ef80426bdf6ebdba88d7571f84dae211071877751265d75655a9588eb
[02Aug2026 18:20:00.135] [Render thread/INFO] [Photonics/]: Photonics shader source: path=/photonics/rendering/restir/passes/r6_diffuse_gi.fsh origin=photonics-jar sha256=8715cb252acf78fdd30fd8c2a36d2fda23b7f316201fff17dcd0a28fe5e2e29c
[02Aug2026 18:20:00.135] [Render thread/INFO] [Photonics/]: Photonics shader source: path=/photonics/rendering/restir/passes/r6_diffuse_impl.glsl origin=photonics-jar sha256=f8e347f4462be5eaa36fade3bf5ba30ca5e8548b113d9f84c1c2b9e80819d877
[02Aug2026 18:20:00.135] [Render thread/INFO] [Photonics/]: Photonics shader source: path=/photonics/rendering/restir/passes/r6_validate_indirect.fsh origin=photonics-jar sha256=c02197329c4bde376ef4798f98ef6f4c908c7f6279eccb3cc6113db6423bc4cc
[02Aug2026 18:20:00.135] [Render thread/INFO] [Photonics/]: Photonics shader source: path=/photonics/rendering/restir/passes/r7_accumulation.fsh origin=photonics-jar sha256=829eb9a369da3312794701e21721225c841f471b3d2dc5b02b08892d5d589dea
[02Aug2026 18:20:00.135] [Render thread/INFO] [Photonics/]: Photonics shader source: path=/photonics/rendering/restir/passes/r7_accumulation_gi.fsh origin=photonics-jar sha256=07c02f2269f455b2031db1d21104e70701fb6198b640963c3ddfd4135c68bc17
[02Aug2026 18:20:00.135] [Render thread/INFO] [Photonics/]: Photonics shader source: path=/photonics/rendering/restir/passes/r7_accumulation_impl.glsl origin=photonics-jar sha256=61b9185679078298fd300e5d05a8fdabb438ab04febc45934eedf898cf953aeb
[02Aug2026 18:20:00.136] [Render thread/INFO] [Photonics/]: Photonics shader source: path=/photonics/rendering/restir/passes/r8_variance_prefilter.fsh origin=photonics-jar sha256=a23450915a8eb9f2c673120c874adc1db5c887ab1b30105967421f212d5fab87
[02Aug2026 18:20:00.136] [Render thread/INFO] [Photonics/]: Photonics shader source: path=/photonics/rendering/restir/passes/r8_variance_prefilter_gi.fsh origin=photonics-jar sha256=0e9e808e725074e89f7c61f5941da208ef0676ddf85c069f206fd7a4d1407c7d
[02Aug2026 18:20:00.136] [Render thread/INFO] [Photonics/]: Photonics shader source: path=/photonics/rendering/restir/passes/r8_variance_prefilter_impl.glsl origin=photonics-jar sha256=0a7b3140ad6f8c2cbf71682661adf67c3ee2c3349ae77e0c675c3df7d4bc289e
[02Aug2026 18:20:00.136] [Render thread/INFO] [Photonics/]: Photonics shader source: path=/photonics/rendering/restir/passes/r9_denoising.fsh origin=photonics-jar sha256=87fab9d2945f19c3df7aaf4135ba6d823860a574375507bad9df4df9abf3cf0e
[02Aug2026 18:20:00.136] [Render thread/INFO] [Photonics/]: Photonics shader source: path=/photonics/rendering/restir/passes/r9_denoising_gi.fsh origin=photonics-jar sha256=a0f2fdc4023f5438c7e9063c84faf06fd5864c162991aec74a399d4f464aa03d
[02Aug2026 18:20:00.136] [Render thread/INFO] [Photonics/]: Photonics shader source: path=/photonics/rendering/restir/passes/r9_denoising_impl.glsl origin=photonics-jar sha256=ae6e25d04e434214e211a353b7ce23816781b74b0e694e8a33fce4062f62b88a
[02Aug2026 18:20:00.138] [Render thread/INFO] [Photonics/]: Photonics shader source: path=/photonics/rendering/restir/restir.glsl origin=photonics-jar sha256=b5a317b3dda3cf736c5c442d2f6718239b74f0e82ea2566a338b0d134535c35e
[02Aug2026 18:20:00.138] [Render thread/INFO] [Photonics/]: Photonics shader source: path=/photonics/rendering/restir/samplers.glsl origin=photonics-jar sha256=b11bff76da083471f17ad43a4960cad5fd6d8c0aed47705b032004437e33d04b
[02Aug2026 18:20:00.138] [Render thread/INFO] [Photonics/]: Photonics shader source: path=/photonics/rendering/restir/svgf.glsl origin=photonics-jar sha256=75c934c9a7ee1537bf1484e8d67e3b2414463f54a6558a09e5f22bf0af2ebb59
[02Aug2026 18:20:00.139] [Render thread/INFO] [Photonics/]: Photonics shader source: path=/photonics/rendering/screen.vsh origin=photonics-jar sha256=c2f0d4dc00aaff16fa5ea3158d60259b1e309fdd94d9b0ee7917cf40ef86ae4e
[02Aug2026 18:20:00.139] [Render thread/INFO] [Photonics/]: Photonics shader source: path=/photonics/rendering/temporal_upscaler/reconstruct.fsh origin=photonics-jar sha256=5f4672f113effcdd3fc566de115115ba9b120c0292168fb24f5ac694686af0ea
[02Aug2026 18:20:00.139] [Render thread/INFO] [Photonics/]: Photonics shader source: path=/photonics/rendering/temporal_upscaler/source.fsh origin=photonics-jar sha256=8452f58367794db090aa07b8fe09980cc8ada54101adfb2f043c0876dc166592
[02Aug2026 18:20:00.139] [Render thread/INFO] [Photonics/]: Photonics shader source: path=/photonics/samplers.glsl origin=photonics-jar sha256=92ab8e43e03080a8dcdf9fae93be071cf07a1732f3d2814681bf5856d7d84785
[02Aug2026 18:20:00.139] [Render thread/INFO] [Photonics/]: Photonics shader source: path=/photonics/shader_interface.glsl origin=shader-pack sha256=58fc0a1dafa8d21379effac55bbe6a2c8a21cca6d3c7fc947ea5aff3c9b19f1f
[02Aug2026 18:20:00.141] [Render thread/INFO] [Photonics/]: Photonics shader source: path=/photonics/tracing.glsl origin=photonics-jar sha256=b18790b56c7bfa064f2df762e5f49425edd53531bb68260d45574549050287a0
[02Aug2026 18:20:00.141] [Render thread/INFO] [Photonics/]: Photonics shader source: path=/photonics/uniforms.glsl origin=photonics-jar sha256=2b8143c42f481937df514b84c2312f852daec01c5e9dcf63a6868ef56fed8ac2
[02Aug2026 18:20:00.142] [Render thread/INFO] [Photonics/]: Photonics shader source: path=/photonics/utility/color.glsl origin=photonics-jar sha256=b69a29379ac6bbcf54030f57289496c9be6f447fa544a0e08682543648d8011a
[02Aug2026 18:20:00.142] [Render thread/INFO] [Photonics/]: Photonics shader source: path=/photonics/utility/normal_encoding.glsl origin=photonics-jar sha256=a33a1a4d019ee167de12319ff24a64f46b17eeda2c48713f98fced8d69d03583
[02Aug2026 18:20:00.142] [Render thread/INFO] [Photonics/]: Photonics shader source: path=/photonics/utility/projection.glsl origin=photonics-jar sha256=6709e7854fc03d0033fca34f973d598e06fe72eb0ccb45872f0b19e439b46db4
[02Aug2026 18:20:00.142] [Render thread/INFO] [Photonics/]: Photonics shader source: path=/photonics/utility/random.glsl origin=photonics-jar sha256=266b43efe972042f0f11a50b9e823f288ecd33e941cbf1fda51d66a30362081b
[02Aug2026 18:20:00.190] [Worker-Main-9/WARN] [net.minecraft.client.resources.model.BlockStateModelLoader/]: Exception loading blockstate definition: 'simulatedcoasters:blockstates/coaster_track_material.json' missing model for variant: 'simulatedcoasters:coaster_track_material#shape=an,turn=false,waterlogged=false'
[02Aug2026 18:20:00.190] [Worker-Main-9/WARN] [net.minecraft.client.resources.model.BlockStateModelLoader/]: Exception loading blockstate definition: 'simulatedcoasters:blockstates/coaster_track_material.json' missing model for variant: 'simulatedcoasters:coaster_track_material#shape=cr_d,turn=false,waterlogged=false'
[02Aug2026 18:20:00.190] [Worker-Main-9/WARN] [net.minecraft.client.resources.model.BlockStateModelLoader/]: Exception loading blockstate definition: 'simulatedcoasters:blockstates/coaster_track_material.json' missing model for variant: 'simulatedcoasters:coaster_track_material#shape=zo,turn=true,waterlogged=false'
[02Aug2026 18:20:00.190] [Worker-Main-9/WARN] [net.minecraft.client.resources.model.BlockStateModelLoader/]: Exception loading blockstate definition: 'simulatedcoasters:blockstates/coaster_track_material.json' missing model for variant: 'simulatedcoasters:coaster_track_material#shape=ae,turn=false,waterlogged=false'
[02Aug2026 18:20:00.190] [Worker-Main-9/WARN] [net.minecraft.client.resources.model.BlockStateModelLoader/]: Exception loading blockstate definition: 'simulatedcoasters:blockstates/coaster_track_material.json' missing model for variant: 'simulatedcoasters:coaster_track_material#shape=tw,turn=true,waterlogged=true'
[02Aug2026 18:20:00.190] [Worker-Main-9/WARN] [net.minecraft.client.resources.model.BlockStateModelLoader/]: Exception loading blockstate definition: 'simulatedcoasters:blockstates/coaster_track_material.json' missing model for variant: 'simulatedcoasters:coaster_track_material#shape=tn,turn=true,waterlogged=true'
[02Aug2026 18:20:00.190] [Worker-Main-9/WARN] [net.minecraft.client.resources.model.BlockStateModelLoader/]: Exception loading blockstate definition: 'simulatedcoasters:blockstates/coaster_track_material.json' missing model for variant: 'simulatedcoasters:coaster_track_material#shape=te,turn=true,waterlogged=true'
[02Aug2026 18:20:00.190] [Worker-Main-9/WARN] [net.minecraft.client.resources.model.BlockStateModelLoader/]: Exception loading blockstate definition: 'simulatedcoasters:blockstates/coaster_track_material.json' missing model for variant: 'simulatedcoasters:coaster_track_material#shape=nd,turn=false,waterlogged=false'
[02Aug2026 18:20:00.190] [Worker-Main-9/WARN] [net.minecraft.client.resources.model.BlockStateModelLoader/]: Exception loading blockstate definition: 'simulatedcoasters:blockstates/coaster_track_material.json' missing model for variant: 'simulatedcoasters:coaster_track_material#shape=aw,turn=false,waterlogged=false'
[02Aug2026 18:20:00.190] [Worker-Main-9/WARN] [net.minecraft.client.resources.model.BlockStateModelLoader/]: Exception loading blockstate definition: 'simulatedcoasters:blockstates/coaster_track_material.json' missing model for variant: 'simulatedcoasters:coaster_track_material#shape=te,turn=false,waterlogged=false'
[02Aug2026 18:20:00.190] [Worker-Main-9/WARN] [net.minecraft.client.resources.model.BlockStateModelLoader/]: Exception loading blockstate definition: 'simulatedcoasters:blockstates/coaster_track_material.json' missing model for variant: 'simulatedcoasters:coaster_track_material#shape=ae,turn=true,waterlogged=false'
[02Aug2026 18:20:00.190] [Worker-Main-9/WARN] [net.minecraft.client.resources.model.BlockStateModelLoader/]: Exception loading blockstate definition: 'simulatedcoasters:blockstates/coaster_track_material.json' missing model for variant: 'simulatedcoasters:coaster_track_material#shape=none,turn=true,waterlogged=false'
[02Aug2026 18:20:00.190] [Worker-Main-9/WARN] [net.minecraft.client.resources.model.BlockStateModelLoader/]: Exception loading blockstate definition: 'simulatedcoasters:blockstates/coaster_track_material.json' missing model for variant: 'simulatedcoasters:coaster_track_material#shape=cr_o,turn=false,waterlogged=false'
[02Aug2026 18:20:00.190] [Worker-Main-9/WARN] [net.minecraft.client.resources.model.BlockStateModelLoader/]: Exception loading blockstate definition: 'simulatedcoasters:blockstates/coaster_track_material.json' missing model for variant: 'simulatedcoasters:coaster_track_material#shape=cr_d,turn=true,waterlogged=false'
[02Aug2026 18:20:00.190] [Worker-Main-9/WARN] [net.minecraft.client.resources.model.BlockStateModelLoader/]: Exception loading blockstate definition: 'simulatedcoasters:blockstates/coaster_track_material.json' missing model for variant: 'simulatedcoasters:coaster_track_material#shape=cr_pdz,turn=true,waterlogged=true'
[02Aug2026 18:20:00.190] [Worker-Main-9/WARN] [net.minecraft.client.resources.model.BlockStateModelLoader/]: Exception loading blockstate definition: 'simulatedcoasters:blockstates/coaster_track_material.json' missing model for variant: 'simulatedcoasters:coaster_track_material#shape=tw,turn=false,waterlogged=false'
[02Aug2026 18:20:00.190] [Worker-Main-9/WARN] [net.minecraft.client.resources.model.BlockStateModelLoader/]: Exception loading blockstate definition: 'simulatedcoasters:blockstates/coaster_track_material.json' missing model for variant: 'simulatedcoasters:coaster_track_material#shape=cr_o,turn=false,waterlogged=true'
[02Aug2026 18:20:00.190] [Worker-Main-9/WARN] [net.minecraft.client.resources.model.BlockStateModelLoader/]: Exception loading blockstate definition: 'simulatedcoasters:blockstates/coaster_track_material.json' missing model for variant: 'simulatedcoasters:coaster_track_material#shape=cr_ndx,turn=true,waterlogged=true'
[02Aug2026 18:20:00.190] [Worker-Main-9/WARN] [net.minecraft.client.resources.model.BlockStateModelLoader/]: Exception loading blockstate definition: 'simulatedcoasters:blockstates/coaster_track_material.json' missing model for variant: 'simulatedcoasters:coaster_track_material#shape=cr_pdz,turn=false,waterlogged=false'
[02Aug2026 18:20:00.190] [Worker-Main-9/WARN] [net.minecraft.client.resources.model.BlockStateModelLoader/]: Exception loading blockstate definition: 'simulatedcoasters:blockstates/coaster_track_material.json' missing model for variant: 'simulatedcoasters:coaster_track_material#shape=aw,turn=true,waterlogged=false'
[02Aug2026 18:20:00.190] [Worker-Main-9/WARN] [net.minecraft.client.resources.model.BlockStateModelLoader/]: Exception loading blockstate definition: 'simulatedcoasters:blockstates/coaster_track_material.json' missing model for variant: 'simulatedcoasters:coaster_track_material#shape=an,turn=true,waterlogged=true'
[02Aug2026 18:20:00.190] [Worker-Main-9/WARN] [net.minecraft.client.resources.model.BlockStateModelLoader/]: Exception loading blockstate definition: 'simulatedcoasters:blockstates/coaster_track_material.json' missing model for variant: 'simulatedcoasters:coaster_track_material#shape=cr_d,turn=true,waterlogged=true'
[02Aug2026 18:20:00.190] [Worker-Main-9/WARN] [net.minecraft.client.resources.model.BlockStateModelLoader/]: Exception loading blockstate definition: 'simulatedcoasters:blockstates/coaster_track_material.json' missing model for variant: 'simulatedcoasters:coaster_track_material#shape=as,turn=true,waterlogged=false'
[02Aug2026 18:20:00.190] [Worker-Main-9/WARN] [net.minecraft.client.resources.model.BlockStateModelLoader/]: Exception loading blockstate definition: 'simulatedcoasters:blockstates/coaster_track_material.json' missing model for variant: 'simulatedcoasters:coaster_track_material#shape=aw,turn=false,waterlogged=true'
[02Aug2026 18:20:00.190] [Worker-Main-9/WARN] [net.minecraft.client.resources.model.BlockStateModelLoader/]: Exception loading blockstate definition: 'simulatedcoasters:blockstates/coaster_track_material.json' missing model for variant: 'simulatedcoasters:coaster_track_material#shape=tw,turn=true,waterlogged=false'
[02Aug2026 18:20:00.190] [Worker-Main-9/WARN] [net.minecraft.client.resources.model.BlockStateModelLoader/]: Exception loading blockstate definition: 'simulatedcoasters:blockstates/coaster_track_material.json' missing model for variant: 'simulatedcoasters:coaster_track_material#shape=as,turn=true,waterlogged=true'
[02Aug2026 18:20:00.190] [Worker-Main-9/WARN] [net.minecraft.client.resources.model.BlockStateModelLoader/]: Exception loading blockstate definition: 'simulatedcoasters:blockstates/coaster_track_material.json' missing model for variant: 'simulatedcoasters:coaster_track_material#shape=cr_ndz,turn=false,waterlogged=true'
[02Aug2026 18:20:00.191] [Worker-Main-9/WARN] [net.minecraft.client.resources.model.BlockStateModelLoader/]: Exception loading blockstate definition: 'simulatedcoasters:blockstates/coaster_track_material.json' missing model for variant: 'simulatedcoasters:coaster_track_material#shape=xo,turn=true,waterlogged=true'
[02Aug2026 18:20:00.191] [Worker-Main-9/WARN] [net.minecraft.client.resources.model.BlockStateModelLoader/]: Exception loading blockstate definition: 'simulatedcoasters:blockstates/coaster_track_material.json' missing model for variant: 'simulatedcoasters:coaster_track_material#shape=ts,turn=false,waterlogged=true'
[02Aug2026 18:20:00.191] [Worker-Main-9/WARN] [net.minecraft.client.resources.model.BlockStateModelLoader/]: Exception loading blockstate definition: 'simulatedcoasters:blockstates/coaster_track_material.json' missing model for variant: 'simulatedcoasters:coaster_track_material#shape=none,turn=false,waterlogged=false'
[02Aug2026 18:20:00.191] [Worker-Main-9/WARN] [net.minecraft.client.resources.model.BlockStateModelLoader/]: Exception loading blockstate definition: 'simulatedcoasters:blockstates/coaster_track_material.json' missing model for variant: 'simulatedcoasters:coaster_track_material#shape=cr_pdx,turn=true,waterlogged=false'
[02Aug2026 18:20:00.191] [Worker-Main-9/WARN] [net.minecraft.client.resources.model.BlockStateModelLoader/]: Exception loading blockstate definition: 'simulatedcoasters:blockstates/coaster_track_material.json' missing model for variant: 'simulatedcoasters:coaster_track_material#shape=pd,turn=false,waterlogged=true'
[02Aug2026 18:20:00.191] [Worker-Main-9/WARN] [net.minecraft.client.resources.model.BlockStateModelLoader/]: Exception loading blockstate definition: 'simulatedcoasters:blockstates/coaster_track_material.json' missing model for variant: 'simulatedcoasters:coaster_track_material#shape=none,turn=false,waterlogged=true'
[02Aug2026 18:20:00.191] [Worker-Main-9/WARN] [net.minecraft.client.resources.model.BlockStateModelLoader/]: Exception loading blockstate definition: 'simulatedcoasters:blockstates/coaster_track_material.json' missing model for variant: 'simulatedcoasters:coaster_track_material#shape=an,turn=true,waterlogged=false'
[02Aug2026 18:20:00.191] [Worker-Main-9/WARN] [net.minecraft.client.resources.model.BlockStateModelLoader/]: Exception loading blockstate definition: 'simulatedcoasters:blockstates/coaster_track_material.json' missing model for variant: 'simulatedcoasters:coaster_track_material#shape=cr_o,turn=true,waterlogged=true'
[02Aug2026 18:20:00.191] [Worker-Main-9/WARN] [net.minecraft.client.resources.model.BlockStateModelLoader/]: Exception loading blockstate definition: 'simulatedcoasters:blockstates/coaster_track_material.json' missing model for variant: 'simulatedcoasters:coaster_track_material#shape=cr_ndz,turn=true,waterlogged=true'
[02Aug2026 18:20:00.191] [Worker-Main-9/WARN] [net.minecraft.client.resources.model.BlockStateModelLoader/]: Exception loading blockstate definition: 'simulatedcoasters:blockstates/coaster_track_material.json' missing model for variant: 'simulatedcoasters:coaster_track_material#shape=te,turn=false,waterlogged=true'
[02Aug2026 18:20:00.191] [Worker-Main-9/WARN] [net.minecraft.client.resources.model.BlockStateModelLoader/]: Exception loading blockstate definition: 'simulatedcoasters:blockstates/coaster_track_material.json' missing model for variant: 'simulatedcoasters:coaster_track_material#shape=as,turn=false,waterlogged=false'
[02Aug2026 18:20:00.191] [Worker-Main-9/WARN] [net.minecraft.client.resources.model.BlockStateModelLoader/]: Exception loading blockstate definition: 'simulatedcoasters:blockstates/coaster_track_material.json' missing model for variant: 'simulatedcoasters:coaster_track_material#shape=cr_ndx,turn=false,waterlogged=true'
[02Aug2026 18:20:00.191] [Worker-Main-9/WARN] [net.minecraft.client.resources.model.BlockStateModelLoader/]: Exception loading blockstate definition: 'simulatedcoasters:blockstates/coaster_track_material.json' missing model for variant: 'simulatedcoasters:coaster_track_material#shape=cr_pdz,turn=false,waterlogged=true'
[02Aug2026 18:20:00.191] [Worker-Main-9/WARN] [net.minecraft.client.resources.model.BlockStateModelLoader/]: Exception loading blockstate definition: 'simulatedcoasters:blockstates/coaster_track_material.json' missing model for variant: 'simulatedcoasters:coaster_track_material#shape=zo,turn=true,waterlogged=true'
[02Aug2026 18:20:00.191] [Worker-Main-9/WARN] [net.minecraft.client.resources.model.BlockStateModelLoader/]: Exception loading blockstate definition: 'simulatedcoasters:blockstates/coaster_track_material.json' missing model for variant: 'simulatedcoasters:coaster_track_material#shape=zo,turn=false,waterlogged=true'
[02Aug2026 18:20:00.191] [Worker-Main-9/WARN] [net.minecraft.client.resources.model.BlockStateModelLoader/]: Exception loading blockstate definition: 'simulatedcoasters:blockstates/coaster_track_material.json' missing model for variant: 'simulatedcoasters:coaster_track_material#shape=cr_o,turn=true,waterlogged=false'
[02Aug2026 18:20:00.191] [Worker-Main-9/WARN] [net.minecraft.client.resources.model.BlockStateModelLoader/]: Exception loading blockstate definition: 'simulatedcoasters:blockstates/coaster_track_material.json' missing model for variant: 'simulatedcoasters:coaster_track_material#shape=ae,turn=false,waterlogged=true'
[02Aug2026 18:20:00.191] [Worker-Main-9/WARN] [net.minecraft.client.resources.model.BlockStateModelLoader/]: Exception loading blockstate definition: 'simulatedcoasters:blockstates/coaster_track_material.json' missing model for variant: 'simulatedcoasters:coaster_track_material#shape=pd,turn=true,waterlogged=true'
[02Aug2026 18:20:00.191] [Worker-Main-9/WARN] [net.minecraft.client.resources.model.BlockStateModelLoader/]: Exception loading blockstate definition: 'simulatedcoasters:blockstates/coaster_track_material.json' missing model for variant: 'simulatedcoasters:coaster_track_material#shape=nd,turn=false,waterlogged=true'
[02Aug2026 18:20:00.191] [Worker-Main-9/WARN] [net.minecraft.client.resources.model.BlockStateModelLoader/]: Exception loading blockstate definition: 'simulatedcoasters:blockstates/coaster_track_material.json' missing model for variant: 'simulatedcoasters:coaster_track_material#shape=ts,turn=true,waterlogged=true'
[02Aug2026 18:20:00.191] [Worker-Main-9/WARN] [net.minecraft.client.resources.model.BlockStateModelLoader/]: Exception loading blockstate definition: 'simulatedcoasters:blockstates/coaster_track_material.json' missing model for variant: 'simulatedcoasters:coaster_track_material#shape=cr_ndx,turn=false,waterlogged=false'
[02Aug2026 18:20:00.191] [Worker-Main-9/WARN] [net.minecraft.client.resources.model.BlockStateModelLoader/]: Exception loading blockstate definition: 'simulatedcoasters:blockstates/coaster_track_material.json' missing model for variant: 'simulatedcoasters:coaster_track_material#shape=tn,turn=true,waterlogged=false'
[02Aug2026 18:20:00.191] [Worker-Main-9/WARN] [net.minecraft.client.resources.model.BlockStateModelLoader/]: Exception loading blockstate definition: 'simulatedcoasters:blockstates/coaster_track_material.json' missing model for variant: 'simulatedcoasters:coaster_track_material#shape=cr_d,turn=false,waterlogged=true'
[02Aug2026 18:20:00.191] [Worker-Main-9/WARN] [net.minecraft.client.resources.model.BlockStateModelLoader/]: Exception loading blockstate definition: 'simulatedcoasters:blockstates/coaster_track_material.json' missing model for variant: 'simulatedcoasters:coaster_track_material#shape=cr_ndz,turn=true,waterlogged=false'
[02Aug2026 18:20:00.191] [Worker-Main-9/WARN] [net.minecraft.client.resources.model.BlockStateModelLoader/]: Exception loading blockstate definition: 'simulatedcoasters:blockstates/coaster_track_material.json' missing model for variant: 'simulatedcoasters:coaster_track_material#shape=pd,turn=false,waterlogged=false'
[02Aug2026 18:20:00.191] [Worker-Main-9/WARN] [net.minecraft.client.resources.model.BlockStateModelLoader/]: Exception loading blockstate definition: 'simulatedcoasters:blockstates/coaster_track_material.json' missing model for variant: 'simulatedcoasters:coaster_track_material#shape=xo,turn=true,waterlogged=false'
[02Aug2026 18:20:00.191] [Worker-Main-9/WARN] [net.minecraft.client.resources.model.BlockStateModelLoader/]: Exception loading blockstate definition: 'simulatedcoasters:blockstates/coaster_track_material.json' missing model for variant: 'simulatedcoasters:coaster_track_material#shape=tn,turn=false,waterlogged=true'
[02Aug2026 18:20:00.191] [Worker-Main-9/WARN] [net.minecraft.client.resources.model.BlockStateModelLoader/]: Exception loading blockstate definition: 'simulatedcoasters:blockstates/coaster_track_material.json' missing model for variant: 'simulatedcoasters:coaster_track_material#shape=xo,turn=false,waterlogged=true'
[02Aug2026 18:20:00.191] [Worker-Main-9/WARN] [net.minecraft.client.resources.model.BlockStateModelLoader/]: Exception loading blockstate definition: 'simulatedcoasters:blockstates/coaster_track_material.json' missing model for variant: 'simulatedcoasters:coaster_track_material#shape=aw,turn=true,waterlogged=true'
[02Aug2026 18:20:00.191] [Worker-Main-9/WARN] [net.minecraft.client.resources.model.BlockStateModelLoader/]: Exception loading blockstate definition: 'simulatedcoasters:blockstates/coaster_track_material.json' missing model for variant: 'simulatedcoasters:coaster_track_material#shape=ts,turn=true,waterlogged=false'
[02Aug2026 18:20:00.191] [Worker-Main-9/WARN] [net.minecraft.client.resources.model.BlockStateModelLoader/]: Exception loading blockstate definition: 'simulatedcoasters:blockstates/coaster_track_material.json' missing model for variant: 'simulatedcoasters:coaster_track_material#shape=ae,turn=true,waterlogged=true'
[02Aug2026 18:20:00.191] [Worker-Main-9/WARN] [net.minecraft.client.resources.model.BlockStateModelLoader/]: Exception loading blockstate definition: 'simulatedcoasters:blockstates/coaster_track_material.json' missing model for variant: 'simulatedcoasters:coaster_track_material#shape=cr_pdx,turn=false,waterlogged=true'
[02Aug2026 18:20:00.191] [Worker-Main-9/WARN] [net.minecraft.client.resources.model.BlockStateModelLoader/]: Exception loading blockstate definition: 'simulatedcoasters:blockstates/coaster_track_material.json' missing model for variant: 'simulatedcoasters:coaster_track_material#shape=te,turn=true,waterlogged=false'
[02Aug2026 18:20:00.191] [Worker-Main-9/WARN] [net.minecraft.client.resources.model.BlockStateModelLoader/]: Exception loading blockstate definition: 'simulatedcoasters:blockstates/coaster_track_material.json' missing model for variant: 'simulatedcoasters:coaster_track_material#shape=tw,turn=false,waterlogged=true'
[02Aug2026 18:20:00.191] [Worker-Main-9/WARN] [net.minecraft.client.resources.model.BlockStateModelLoader/]: Exception loading blockstate definition: 'simulatedcoasters:blockstates/coaster_track_material.json' missing model for variant: 'simulatedcoasters:coaster_track_material#shape=xo,turn=false,waterlogged=false'
[02Aug2026 18:20:00.191] [Worker-Main-9/WARN] [net.minecraft.client.resources.model.BlockStateModelLoader/]: Exception loading blockstate definition: 'simulatedcoasters:blockstates/coaster_track_material.json' missing model for variant: 'simulatedcoasters:coaster_track_material#shape=as,turn=false,waterlogged=true'
[02Aug2026 18:20:00.191] [Worker-Main-9/WARN] [net.minecraft.client.resources.model.BlockStateModelLoader/]: Exception loading blockstate definition: 'simulatedcoasters:blockstates/coaster_track_material.json' missing model for variant: 'simulatedcoasters:coaster_track_material#shape=pd,turn=true,waterlogged=false'
[02Aug2026 18:20:00.191] [Worker-Main-9/WARN] [net.minecraft.client.resources.model.BlockStateModelLoader/]: Exception loading blockstate definition: 'simulatedcoasters:blockstates/coaster_track_material.json' missing model for variant: 'simulatedcoasters:coaster_track_material#shape=cr_pdx,turn=true,waterlogged=true'
[02Aug2026 18:20:00.191] [Worker-Main-9/WARN] [net.minecraft.client.resources.model.BlockStateModelLoader/]: Exception loading blockstate definition: 'simulatedcoasters:blockstates/coaster_track_material.json' missing model for variant: 'simulatedcoasters:coaster_track_material#shape=tn,turn=false,waterlogged=false'
[02Aug2026 18:20:00.191] [Worker-Main-9/WARN] [net.minecraft.client.resources.model.BlockStateModelLoader/]: Exception loading blockstate definition: 'simulatedcoasters:blockstates/coaster_track_material.json' missing model for variant: 'simulatedcoasters:coaster_track_material#shape=nd,turn=true,waterlogged=true'
[02Aug2026 18:20:00.191] [Worker-Main-9/WARN] [net.minecraft.client.resources.model.BlockStateModelLoader/]: Exception loading blockstate definition: 'simulatedcoasters:blockstates/coaster_track_material.json' missing model for variant: 'simulatedcoasters:coaster_track_material#shape=nd,turn=true,waterlogged=false'
[02Aug2026 18:20:00.191] [Worker-Main-9/WARN] [net.minecraft.client.resources.model.BlockStateModelLoader/]: Exception loading blockstate definition: 'simulatedcoasters:blockstates/coaster_track_material.json' missing model for variant: 'simulatedcoasters:coaster_track_material#shape=cr_pdz,turn=true,waterlogged=false'
[02Aug2026 18:20:00.192] [Worker-Main-9/WARN] [net.minecraft.client.resources.model.BlockStateModelLoader/]: Exception loading blockstate definition: 'simulatedcoasters:blockstates/coaster_track_material.json' missing model for variant: 'simulatedcoasters:coaster_track_material#shape=ts,turn=false,waterlogged=false'
[02Aug2026 18:20:00.192] [Worker-Main-9/WARN] [net.minecraft.client.resources.model.BlockStateModelLoader/]: Exception loading blockstate definition: 'simulatedcoasters:blockstates/coaster_track_material.json' missing model for variant: 'simulatedcoasters:coaster_track_material#shape=cr_pdx,turn=false,waterlogged=false'
[02Aug2026 18:20:00.192] [Worker-Main-9/WARN] [net.minecraft.client.resources.model.BlockStateModelLoader/]: Exception loading blockstate definition: 'simulatedcoasters:blockstates/coaster_track_material.json' missing model for variant: 'simulatedcoasters:coaster_track_material#shape=an,turn=false,waterlogged=true'
[02Aug2026 18:20:00.192] [Worker-Main-9/WARN] [net.minecraft.client.resources.model.BlockStateModelLoader/]: Exception loading blockstate definition: 'simulatedcoasters:blockstates/coaster_track_material.json' missing model for variant: 'simulatedcoasters:coaster_track_material#shape=none,turn=true,waterlogged=true'
[02Aug2026 18:20:00.192] [Worker-Main-9/WARN] [net.minecraft.client.resources.model.BlockStateModelLoader/]: Exception loading blockstate definition: 'simulatedcoasters:blockstates/coaster_track_material.json' missing model for variant: 'simulatedcoasters:coaster_track_material#shape=cr_ndz,turn=false,waterlogged=false'
[02Aug2026 18:20:00.192] [Worker-Main-9/WARN] [net.minecraft.client.resources.model.BlockStateModelLoader/]: Exception loading blockstate definition: 'simulatedcoasters:blockstates/coaster_track_material.json' missing model for variant: 'simulatedcoasters:coaster_track_material#shape=cr_ndx,turn=true,waterlogged=false'
[02Aug2026 18:20:00.259] [Render thread/WARN] [Iris/]: Invalid pack option: GTAO
[02Aug2026 18:20:00.259] [Render thread/WARN] [Iris/]: Invalid pack option: GTAO
[02Aug2026 18:20:00.263] [Render thread/WARN] [Iris/]: Unable to resolve shader pack option menu element "WATER_REFRACTION" defined in shaders.properties
[02Aug2026 18:20:00.263] [Render thread/WARN] [Iris/]: Unable to resolve shader pack option menu element "WATER_REFRACTION_INTENSITY" defined in shaders.properties
[02Aug2026 18:20:00.263] [Render thread/WARN] [Iris/]: Unable to resolve shader pack option menu element "CLOUDS_DAILY_WEATHER" defined in shaders.properties
[02Aug2026 18:20:00.263] [Render thread/WARN] [Iris/]: Unable to resolve shader pack option menu element "CLOUDS_CUMULUS_CONGESTUS_PRIMARY_STEPS_H" defined in shaders.properties
[02Aug2026 18:20:00.263] [Render thread/WARN] [Iris/]: Unable to resolve shader pack option menu element "CLOUDS_CUMULUS_CONGESTUS_PRIMARY_STEPS_Z" defined in shaders.properties
[02Aug2026 18:20:00.264] [Render thread/INFO] [Iris/]: Profile: ultra (+9 options changed by user)
[02Aug2026 18:20:00.911] [Render thread/WARN] [Iris/]: Failed to parse an ResourceLocation in item.properties for the key item.10056: state properties are currently not supported: calibrated_sculk_sensor:sculk_sensor_phase=inactive
[02Aug2026 18:20:00.911] [Render thread/WARN] [Iris/]: Failed to parse an ResourceLocation in item.properties for the key item.10056: state properties are currently not supported: calibrated_sculk_sensor:sculk_sensor_phase=cooldown
[02Aug2026 18:20:00.911] [Render thread/WARN] [Iris/]: Failed to parse an ResourceLocation in item.properties for the key item.10057: state properties are currently not supported: calibrated_sculk_sensor:sculk_sensor_phase=active
[02Aug2026 18:20:00.911] [Render thread/WARN] [Iris/]: Failed to parse an ResourceLocation in item.properties for the key item.10057: state properties are currently not supported: sculk_sensor:sculk_sensor_phase=active
[02Aug2026 18:20:00.911] [Render thread/WARN] [Iris/]: Failed to parse an ResourceLocation in item.properties for the key item.10061: state properties are currently not supported: weathered_copper_bulb:lit=true
[02Aug2026 18:20:00.911] [Render thread/WARN] [Iris/]: Failed to parse an ResourceLocation in item.properties for the key item.10061: state properties are currently not supported: oxidized_copper_bulb:lit=true
[02Aug2026 18:20:00.911] [Render thread/WARN] [Iris/]: Failed to parse an ResourceLocation in item.properties for the key item.10061: state properties are currently not supported: waxed_weathered_copper_bulb:lit=true
[02Aug2026 18:20:00.911] [Render thread/WARN] [Iris/]: Failed to parse an ResourceLocation in item.properties for the key item.10061: state properties are currently not supported: waxed_oxidized_copper_bulb:lit=true
[02Aug2026 18:20:00.911] [Render thread/WARN] [Iris/]: Failed to parse an ResourceLocation in item.properties for the key item.10061: state properties are currently not supported: copper_bulb:lit=true
[02Aug2026 18:20:00.911] [Render thread/WARN] [Iris/]: Failed to parse an ResourceLocation in item.properties for the key item.10061: state properties are currently not supported: exposed_copper_bulb:lit=true
[02Aug2026 18:20:00.911] [Render thread/WARN] [Iris/]: Failed to parse an ResourceLocation in item.properties for the key item.10061: state properties are currently not supported: waxed_copper_bulb:lit=true
[02Aug2026 18:20:00.911] [Render thread/WARN] [Iris/]: Failed to parse an ResourceLocation in item.properties for the key item.10061: state properties are currently not supported: waxed_exposed_copper_bulb:lit=true
[02Aug2026 18:20:00.932] [Render thread/INFO] [Iris/]: Using shaderpack: photon-main (1).zip
[02Aug2026 18:20:01.151] [Worker-Main-9/WARN] [net.minecraft.client.resources.model.ModelManager/]: Missing textures in model create:cut_limestone_slab#type=double,waterlogged=true:
    minecraft:textures/atlas/blocks.png:minecraft:block/cut_limestone
[02Aug2026 18:20:01.169] [Worker-Main-10/WARN] [xaero.lib.XaeroLib/]: io exception while checking patreon: Online mod data expired! Date: Sun Aug 02 07:54:46 CEST 2026
[02Aug2026 18:20:01.188] [Render thread/INFO] [xaero.minimap.XaeroMinimap/]: Loading Xaero's Minimap - Stage 2/2
[02Aug2026 18:20:02.905] [Render thread/WARN] [xaero.hud.minimap.MinimapLogs/]: io exception while checking versions: Online mod data expired! Date: Sun Aug 02 07:54:46 CEST 2026
[02Aug2026 18:20:02.906] [Render thread/INFO] [xaero.hud.minimap.MinimapLogs/]: Registered player tracker system: minimap_synced
[02Aug2026 18:20:02.906] [Render thread/WARN] [net.neoforged.fml.DeferredWorkQueue/LOADING]: Mod 'xaerominimap' took 1.719 s to run a deferred task.
[02Aug2026 18:20:02.907] [Render thread/INFO] [xaero.lib.XaeroLib/]: Loading XaeroLib common 2/2!
[02Aug2026 18:20:02.907] [Render thread/INFO] [xaero.lib.XaeroLib/]: Loading XaeroLib client 2/2!
[02Aug2026 18:20:02.925] [Render thread/INFO] [Veil/]: Loaded 0 shader redirects, 0 replacements
[02Aug2026 18:20:02.929] [Render thread/INFO] [top.leonx.irisveil.IrisVeilCompat/]: [VeilHook] Captured vertex source for 'veil:necromancer/skinned_mesh': 5049 chars, hasGetVelocity=false, hasOffset=false
[02Aug2026 18:20:02.986] [Render thread/INFO] [top.leonx.irisveil.IrisVeilCompat/]: [VeilHook] Captured fragment source for 'veil:necromancer/skinned_mesh': 2073 chars
[02Aug2026 18:20:02.994] [Render thread/INFO] [top.leonx.irisveil.IrisVeilCompat/]: [VeilHook] Captured vertex source for 'veil:blit_screen': 542 chars, hasGetVelocity=false, hasOffset=false
[02Aug2026 18:20:02.994] [Render thread/INFO] [top.leonx.irisveil.IrisVeilCompat/]: [VeilHook] Captured fragment source for 'veil:blit_depth': 532 chars
[02Aug2026 18:20:02.994] [Render thread/INFO] [top.leonx.irisveil.IrisVeilCompat/]: [VeilHook] Captured vertex source for 'veil:blit_screen': 542 chars, hasGetVelocity=false, hasOffset=false
[02Aug2026 18:20:02.994] [Render thread/INFO] [top.leonx.irisveil.IrisVeilCompat/]: [VeilHook] Captured fragment source for 'veil:blit_screen': 495 chars
[02Aug2026 18:20:02.997] [Render thread/INFO] [top.leonx.irisveil.IrisVeilCompat/]: [VeilHook] Captured vertex source for 'veil:core/blit_screen_effect': 600 chars, hasGetVelocity=false, hasOffset=false
[02Aug2026 18:20:02.997] [Render thread/INFO] [top.leonx.irisveil.IrisVeilCompat/]: [VeilHook] Captured fragment source for 'veil:core/blit_screen_effect': 543 chars
[02Aug2026 18:20:02.997] [Render thread/INFO] [top.leonx.irisveil.IrisVeilCompat/]: [VeilHook] Captured vertex source for 'veil:light/area': 1702 chars, hasGetVelocity=false, hasOffset=false
[02Aug2026 18:20:02.998] [Render thread/INFO] [top.leonx.irisveil.IrisVeilCompat/]: [VeilHook] Captured fragment source for 'veil:light/area': 14129 chars
[02Aug2026 18:20:03.008] [Render thread/INFO] [top.leonx.irisveil.IrisVeilCompat/]: [VeilHook] Captured vertex source for 'veil:blit_screen': 542 chars, hasGetVelocity=false, hasOffset=false
[02Aug2026 18:20:03.008] [Render thread/INFO] [top.leonx.irisveil.IrisVeilCompat/]: [VeilHook] Captured fragment source for 'veil:debug/cubemap': 1758 chars
[02Aug2026 18:20:03.008] [Render thread/INFO] [top.leonx.irisveil.IrisVeilCompat/]: [VeilHook] Captured vertex source for 'simulated:end_sea': 1126 chars, hasGetVelocity=false, hasOffset=false
[02Aug2026 18:20:03.009] [Render thread/INFO] [top.leonx.irisveil.IrisVeilCompat/]: [VeilHook] Captured fragment source for 'simulated:end_sea': 1278 chars
[02Aug2026 18:20:03.011] [Render thread/INFO] [top.leonx.irisveil.IrisVeilCompat/]: [VeilHook] Captured vertex source for 'simulated:rope/rope': 4214 chars, hasGetVelocity=false, hasOffset=false
[02Aug2026 18:20:03.011] [Render thread/INFO] [top.leonx.irisveil.IrisVeilCompat/]: [VeilHook] Captured fragment source for 'simulated:rope/rope': 1948 chars
[02Aug2026 18:20:03.011] [Render thread/INFO] [top.leonx.irisveil.IrisVeilCompat/]: [VeilHook] Captured vertex source for 'veil:quasar/particle_additive': 1985 chars, hasGetVelocity=false, hasOffset=false
[02Aug2026 18:20:03.011] [Render thread/INFO] [top.leonx.irisveil.IrisVeilCompat/]: [VeilHook] Captured fragment source for 'veil:quasar/particle_additive': 1874 chars
[02Aug2026 18:20:03.011] [Render thread/INFO] [top.leonx.irisveil.IrisVeilCompat/]: [VeilHook] Captured vertex source for 'simulated:redstone_accumulator/diode': 4070 chars, hasGetVelocity=false, hasOffset=false
[02Aug2026 18:20:03.011] [Render thread/INFO] [top.leonx.irisveil.IrisVeilCompat/]: [VeilHook] Captured fragment source for 'simulated:redstone_accumulator/diode': 3788 chars
[02Aug2026 18:20:03.012] [Render thread/INFO] [top.leonx.irisveil.IrisVeilCompat/]: [VeilHook] Captured vertex source for 'contraptionlights:light/sublevel_point': 1053 chars, hasGetVelocity=false, hasOffset=false
[02Aug2026 18:20:03.012] [Render thread/INFO] [top.leonx.irisveil.IrisVeilCompat/]: [VeilHook] Captured fragment source for 'contraptionlights:light/sublevel_point': 15829 chars
[02Aug2026 18:20:03.019] [Render thread/INFO] [top.leonx.irisveil.IrisVeilCompat/]: [VeilHook] Captured vertex source for 'veil:debug/shell': 629 chars, hasGetVelocity=false, hasOffset=false
[02Aug2026 18:20:03.019] [Render thread/INFO] [top.leonx.irisveil.IrisVeilCompat/]: [VeilHook] Captured fragment source for 'veil:debug/shell': 605 chars
[02Aug2026 18:20:03.020] [Render thread/INFO] [top.leonx.irisveil.IrisVeilCompat/]: [VeilHook] Captured vertex source for 'veil:blit_screen': 542 chars, hasGetVelocity=false, hasOffset=false
[02Aug2026 18:20:03.020] [Render thread/INFO] [top.leonx.irisveil.IrisVeilCompat/]: [VeilHook] Captured fragment source for 'veil:light/directional': 9063 chars
[02Aug2026 18:20:03.022] [Render thread/INFO] [top.leonx.irisveil.IrisVeilCompat/]: [VeilHook] Captured vertex source for 'veil:quasar/particle': 1985 chars, hasGetVelocity=false, hasOffset=false
[02Aug2026 18:20:03.022] [Render thread/INFO] [top.leonx.irisveil.IrisVeilCompat/]: [VeilHook] Captured fragment source for 'veil:quasar/particle': 1898 chars
[02Aug2026 18:20:03.022] [Render thread/INFO] [top.leonx.irisveil.IrisVeilCompat/]: [VeilHook] Captured vertex source for 'contraptionlights:light/world_light': 1053 chars, hasGetVelocity=false, hasOffset=false
[02Aug2026 18:20:03.023] [Render thread/INFO] [top.leonx.irisveil.IrisVeilCompat/]: [VeilHook] Captured fragment source for 'contraptionlights:light/world_light': 14743 chars
[02Aug2026 18:20:03.029] [Render thread/INFO] [top.leonx.irisveil.IrisVeilCompat/]: [VeilHook] Captured vertex source for 'aeronautics:levitite/levitite': 5585 chars, hasGetVelocity=true, hasOffset=true
[02Aug2026 18:20:03.029] [Render thread/INFO] [top.leonx.irisveil.IrisVeilCompat/]: [VeilHook] Captured fragment source for 'aeronautics:levitite/levitite': 3656 chars
[02Aug2026 18:20:03.030] [Render thread/INFO] [top.leonx.irisveil.IrisVeilCompat/]: [VeilHook] Captured vertex source for 'simulated:spring/spring': 4196 chars, hasGetVelocity=false, hasOffset=false
[02Aug2026 18:20:03.030] [Render thread/INFO] [top.leonx.irisveil.IrisVeilCompat/]: [VeilHook] Captured fragment source for 'simulated:spring/spring': 1972 chars
[02Aug2026 18:20:03.030] [Render thread/INFO] [top.leonx.irisveil.IrisVeilCompat/]: [VeilHook] Captured vertex source for 'veil:blit_screen': 542 chars, hasGetVelocity=false, hasOffset=false
[02Aug2026 18:20:03.030] [Render thread/INFO] [top.leonx.irisveil.IrisVeilCompat/]: [VeilHook] Captured fragment source for 'veil:core/composite': 783 chars
[02Aug2026 18:20:03.030] [Render thread/INFO] [top.leonx.irisveil.IrisVeilCompat/]: [VeilHook] Captured vertex source for 'aeronautics:hot_air_overlay': 1167 chars, hasGetVelocity=false, hasOffset=false
[02Aug2026 18:20:03.031] [Render thread/INFO] [top.leonx.irisveil.IrisVeilCompat/]: [VeilHook] Captured fragment source for 'aeronautics:hot_air_overlay': 907 chars
[02Aug2026 18:20:03.031] [Render thread/INFO] [top.leonx.irisveil.IrisVeilCompat/]: [VeilHook] Captured vertex source for 'aeronautics:burner_flame': 1770 chars, hasGetVelocity=false, hasOffset=false
[02Aug2026 18:20:03.031] [Render thread/INFO] [top.leonx.irisveil.IrisVeilCompat/]: [VeilHook] Captured fragment source for 'aeronautics:burner_flame': 5298 chars
[02Aug2026 18:20:03.031] [Render thread/INFO] [top.leonx.irisveil.IrisVeilCompat/]: [VeilHook] Captured vertex source for 'veil:blit_screen': 542 chars, hasGetVelocity=false, hasOffset=false
[02Aug2026 18:20:03.031] [Render thread/INFO] [top.leonx.irisveil.IrisVeilCompat/]: [VeilHook] Captured fragment source for 'veil:core/blur': 937 chars
[02Aug2026 18:20:03.031] [Render thread/INFO] [top.leonx.irisveil.IrisVeilCompat/]: [VeilHook] Captured vertex source for 'veil:blit_screen': 542 chars, hasGetVelocity=false, hasOffset=false
[02Aug2026 18:20:03.031] [Render thread/INFO] [top.leonx.irisveil.IrisVeilCompat/]: [VeilHook] Captured fragment source for 'veil:core/bloom': 2631 chars
[02Aug2026 18:20:03.031] [Render thread/INFO] [top.leonx.irisveil.IrisVeilCompat/]: [VeilHook] Captured vertex source for 'veil:blit_screen': 542 chars, hasGetVelocity=false, hasOffset=false
[02Aug2026 18:20:03.031] [Render thread/INFO] [top.leonx.irisveil.IrisVeilCompat/]: [VeilHook] Captured fragment source for 'aeronautics:soft_light': 1108 chars
[02Aug2026 18:20:03.032] [Render thread/INFO] [top.leonx.irisveil.IrisVeilCompat/]: [VeilHook] Captured vertex source for 'veil:blit_screen': 542 chars, hasGetVelocity=false, hasOffset=false
[02Aug2026 18:20:03.032] [Render thread/INFO] [top.leonx.irisveil.IrisVeilCompat/]: [VeilHook] Captured fragment source for 'veil:debug/array': 539 chars
[02Aug2026 18:20:03.032] [Render thread/INFO] [top.leonx.irisveil.IrisVeilCompat/]: [VeilHook] Captured vertex source for 'veil:blit_screen': 542 chars, hasGetVelocity=false, hasOffset=false
[02Aug2026 18:20:03.032] [Render thread/INFO] [top.leonx.irisveil.IrisVeilCompat/]: [VeilHook] Captured fragment source for 'veil:core/unblur': 1318 chars
[02Aug2026 18:20:03.032] [Render thread/INFO] [top.leonx.irisveil.IrisVeilCompat/]: [VeilHook] Captured vertex source for 'veil:light/point': 1135 chars, hasGetVelocity=false, hasOffset=false
[02Aug2026 18:20:03.032] [Render thread/INFO] [top.leonx.irisveil.IrisVeilCompat/]: [VeilHook] Captured fragment source for 'veil:light/point': 13058 chars
[02Aug2026 18:20:03.037] [Render thread/INFO] [top.leonx.irisveil.IrisVeilCompat/]: [VeilHook] Captured vertex source for 'simulated:laser_pointer/lens': 4016 chars, hasGetVelocity=false, hasOffset=false
[02Aug2026 18:20:03.037] [Render thread/INFO] [top.leonx.irisveil.IrisVeilCompat/]: [VeilHook] Captured fragment source for 'simulated:laser_pointer/lens': 4048 chars
[02Aug2026 18:20:03.037] [Render thread/INFO] [top.leonx.irisveil.IrisVeilCompat/]: [VeilHook] Captured vertex source for 'simulated:contraption_diagram/outline_diagram': 610 chars, hasGetVelocity=false, hasOffset=false
[02Aug2026 18:20:03.037] [Render thread/INFO] [top.leonx.irisveil.IrisVeilCompat/]: [VeilHook] Captured fragment source for 'simulated:contraption_diagram/outline_diagram': 5629 chars
[02Aug2026 18:20:03.037] [Render thread/INFO] [top.leonx.irisveil.IrisVeilCompat/]: [VeilHook] Captured vertex source for 'simulated:laser/laser': 774 chars, hasGetVelocity=false, hasOffset=false
[02Aug2026 18:20:03.038] [Render thread/INFO] [top.leonx.irisveil.IrisVeilCompat/]: [VeilHook] Captured fragment source for 'simulated:laser/laser': 1878 chars
[02Aug2026 18:20:03.038] [Render thread/INFO] [top.leonx.irisveil.IrisVeilCompat/]: [VeilHook] Captured vertex source for 'veil:blit_screen': 542 chars, hasGetVelocity=false, hasOffset=false
[02Aug2026 18:20:03.038] [Render thread/INFO] [top.leonx.irisveil.IrisVeilCompat/]: [VeilHook] Captured fragment source for 'simulated:spread_end_sea': 2427 chars
[02Aug2026 18:20:03.041] [Render thread/INFO] [Veil/]: Loaded 31 shaders from: pinwheel/shaders/program
[02Aug2026 18:20:03.117] [Worker-Main-13/INFO] [PonderIndex/]: Registering Ponder Scenes took 55.58 ms
[02Aug2026 18:20:03.119] [Worker-Main-13/INFO] [PonderIndex/]: Registering Ponder Tags took 2.388 ms
[02Aug2026 18:20:03.196] [Render thread/INFO] [Photonics/]: Photonics ReSTIR GI v70: forcing PHOTONICS_RESTIR_COMBINED_GI on for the geometry-guided spatial-reuse test (configured=true)
[02Aug2026 18:20:03.196] [Render thread/INFO] [Photonics/]: Photonics performance overrides: renderScale=0.75, giRenderScale=0.5, temporalUpscaler=shader-pack, temporalUpscalerSourceScale=shader-pack, temporalUpscalerHistoryFrames=shader-pack, restirInitialSamples=16, restirDenoiserPasses=5, restirGiDenoiserPasses=3 (shader-pack means no JVM override)
[02Aug2026 18:20:03.240] [Render thread/WARN] [Iris/]: Invalid pack option: GTAO
[02Aug2026 18:20:03.241] [Render thread/WARN] [Iris/]: Invalid pack option: GTAO
[02Aug2026 18:20:03.241] [Render thread/WARN] [Iris/]: Unable to resolve shader pack option menu element "WATER_REFRACTION" defined in shaders.properties
[02Aug2026 18:20:03.242] [Render thread/WARN] [Iris/]: Unable to resolve shader pack option menu element "WATER_REFRACTION_INTENSITY" defined in shaders.properties
[02Aug2026 18:20:03.242] [Render thread/WARN] [Iris/]: Unable to resolve shader pack option menu element "CLOUDS_DAILY_WEATHER" defined in shaders.properties
[02Aug2026 18:20:03.242] [Render thread/WARN] [Iris/]: Unable to resolve shader pack option menu element "CLOUDS_CUMULUS_CONGESTUS_PRIMARY_STEPS_H" defined in shaders.properties
[02Aug2026 18:20:03.242] [Render thread/WARN] [Iris/]: Unable to resolve shader pack option menu element "CLOUDS_CUMULUS_CONGESTUS_PRIMARY_STEPS_Z" defined in shaders.properties
[02Aug2026 18:20:03.242] [Render thread/INFO] [Iris/]: Profile: ultra (+9 options changed by user)
[02Aug2026 18:20:03.751] [Render thread/WARN] [Iris/]: Failed to parse an ResourceLocation in item.properties for the key item.10056: state properties are currently not supported: calibrated_sculk_sensor:sculk_sensor_phase=inactive
[02Aug2026 18:20:03.751] [Render thread/WARN] [Iris/]: Failed to parse an ResourceLocation in item.properties for the key item.10056: state properties are currently not supported: calibrated_sculk_sensor:sculk_sensor_phase=cooldown
[02Aug2026 18:20:03.751] [Render thread/WARN] [Iris/]: Failed to parse an ResourceLocation in item.properties for the key item.10057: state properties are currently not supported: calibrated_sculk_sensor:sculk_sensor_phase=active
[02Aug2026 18:20:03.751] [Render thread/WARN] [Iris/]: Failed to parse an ResourceLocation in item.properties for the key item.10057: state properties are currently not supported: sculk_sensor:sculk_sensor_phase=active
[02Aug2026 18:20:03.751] [Render thread/WARN] [Iris/]: Failed to parse an ResourceLocation in item.properties for the key item.10061: state properties are currently not supported: weathered_copper_bulb:lit=true
[02Aug2026 18:20:03.751] [Render thread/WARN] [Iris/]: Failed to parse an ResourceLocation in item.properties for the key item.10061: state properties are currently not supported: oxidized_copper_bulb:lit=true
[02Aug2026 18:20:03.751] [Render thread/WARN] [Iris/]: Failed to parse an ResourceLocation in item.properties for the key item.10061: state properties are currently not supported: waxed_weathered_copper_bulb:lit=true
[02Aug2026 18:20:03.751] [Render thread/WARN] [Iris/]: Failed to parse an ResourceLocation in item.properties for the key item.10061: state properties are currently not supported: waxed_oxidized_copper_bulb:lit=true
[02Aug2026 18:20:03.751] [Render thread/WARN] [Iris/]: Failed to parse an ResourceLocation in item.properties for the key item.10061: state properties are currently not supported: copper_bulb:lit=true
[02Aug2026 18:20:03.751] [Render thread/WARN] [Iris/]: Failed to parse an ResourceLocation in item.properties for the key item.10061: state properties are currently not supported: exposed_copper_bulb:lit=true
[02Aug2026 18:20:03.751] [Render thread/WARN] [Iris/]: Failed to parse an ResourceLocation in item.properties for the key item.10061: state properties are currently not supported: waxed_copper_bulb:lit=true
[02Aug2026 18:20:03.751] [Render thread/WARN] [Iris/]: Failed to parse an ResourceLocation in item.properties for the key item.10061: state properties are currently not supported: waxed_exposed_copper_bulb:lit=true
[02Aug2026 18:20:03.760] [Render thread/INFO] [Iris/]: Using shaderpack: photon-main (1).zip
[02Aug2026 18:20:03.762] [Render thread/WARN] [net.minecraft.client.sounds.SoundEngine/]: Missing sound for event: minecraft:item.goat_horn.play
[02Aug2026 18:20:03.762] [Render thread/WARN] [net.minecraft.client.sounds.SoundEngine/]: Missing sound for event: minecraft:entity.goat.screaming.horn_break
[02Aug2026 18:20:03.789] [Render thread/INFO] [com.mojang.blaze3d.audio.Library/]: OpenAL initialized on device Navi 31 HDMI/DP Audio Digital Stereo (HDMI 2)
[02Aug2026 18:20:03.789] [Render thread/INFO] [net.minecraft.client.sounds.SoundEngine/SOUNDS]: Sound engine started
[02Aug2026 18:20:03.850] [Render thread/INFO] [net.minecraft.client.renderer.texture.TextureAtlas/]: Created: 2048x2048x4 minecraft:textures/atlas/blocks.png-atlas
[02Aug2026 18:20:03.896] [Render thread/INFO] [net.minecraft.client.renderer.texture.TextureAtlas/]: Created: 256x256x4 minecraft:textures/atlas/signs.png-atlas
[02Aug2026 18:20:03.896] [Render thread/INFO] [net.minecraft.client.renderer.texture.TextureAtlas/]: Created: 512x512x4 minecraft:textures/atlas/shield_patterns.png-atlas
[02Aug2026 18:20:03.897] [Render thread/INFO] [net.minecraft.client.renderer.texture.TextureAtlas/]: Created: 512x512x4 minecraft:textures/atlas/banner_patterns.png-atlas
[02Aug2026 18:20:03.898] [Render thread/INFO] [net.minecraft.client.renderer.texture.TextureAtlas/]: Created: 2048x1024x4 minecraft:textures/atlas/armor_trims.png-atlas
[02Aug2026 18:20:03.907] [Render thread/INFO] [net.minecraft.client.renderer.texture.TextureAtlas/]: Created: 256x256x4 minecraft:textures/atlas/chest.png-atlas
[02Aug2026 18:20:03.908] [Render thread/INFO] [net.minecraft.client.renderer.texture.TextureAtlas/]: Created: 128x64x4 minecraft:textures/atlas/decorated_pot.png-atlas
[02Aug2026 18:20:03.908] [Render thread/INFO] [net.minecraft.client.renderer.texture.TextureAtlas/]: Created: 512x256x4 minecraft:textures/atlas/beds.png-atlas
[02Aug2026 18:20:03.909] [Render thread/INFO] [net.minecraft.client.renderer.texture.TextureAtlas/]: Created: 512x256x4 minecraft:textures/atlas/shulker_boxes.png-atlas
[02Aug2026 18:20:03.954] [Render thread/INFO] [net.minecraft.client.renderer.texture.TextureAtlas/]: Created: 512x512x0 minecraft:textures/atlas/particles.png-atlas
[02Aug2026 18:20:03.957] [Render thread/INFO] [net.minecraft.client.renderer.texture.TextureAtlas/]: Created: 512x256x0 minecraft:textures/atlas/paintings.png-atlas
[02Aug2026 18:20:03.958] [Render thread/INFO] [net.minecraft.client.renderer.texture.TextureAtlas/]: Created: 256x128x0 minecraft:textures/atlas/mob_effects.png-atlas
[02Aug2026 18:20:03.958] [Render thread/INFO] [net.minecraft.client.renderer.texture.TextureAtlas/]: Created: 64x64x0 minecraft:textures/atlas/map_decorations.png-atlas
[02Aug2026 18:20:03.959] [Render thread/INFO] [net.minecraft.client.renderer.texture.TextureAtlas/]: Created: 1024x1024x0 minecraft:textures/atlas/gui.png-atlas
[02Aug2026 18:20:03.978] [Render thread/WARN] [net.minecraft.client.renderer.ShaderInstance/]: Shader rendertype_entity_translucent_emissive could not find sampler named Sampler2 in the specified shader program.
[02Aug2026 18:20:04.033] [Render thread/INFO] [xaero.lib.XaeroLib/]: Successfully reloaded the XaeroLib shaders!
[02Aug2026 18:20:04.033] [Render thread/INFO] [net.neoforged.neoforge.client.entity.animation.json.AnimationLoader/]: Loaded 0 entity animations
[02Aug2026 18:20:04.033] [Render thread/INFO] [Veil/]: Loaded 3 framebuffers
[02Aug2026 18:20:04.040] [Render thread/INFO] [Veil/]: Loaded 6 post pipelines
[02Aug2026 18:20:04.043] [Render thread/INFO] [Veil/]: Loaded 6 render types
[02Aug2026 18:20:04.043] [Render thread/INFO] [Veil/]: Enabled bloom pipeline
[02Aug2026 18:20:04.043] [Render thread/INFO] [Veil/]: Loaded 0 quasar particles
[02Aug2026 18:20:04.044] [Render thread/INFO] [Veil/]: Loaded 0 templates
[02Aug2026 18:20:04.044] [Render thread/INFO] [Veil/]: Loaded 0 modules
[02Aug2026 18:20:04.062] [Render thread/INFO] [flywheel/backend/shaders/]: Loaded 79 shader sources in 14.683 ms
[02Aug2026 18:20:04.073] [Render thread/INFO] [com.simibubi.create.Create/]: Loaded 58 train hat configurations.
[02Aug2026 18:20:04.107] [Render thread/INFO] [DistantHorizons-DistantHorizons-com.seibel.distanthorizons.core.jar.updater.SelfUpdater/]: Checking for Distant Horizons [STABLE] update for MC [1.21.1]...
[02Aug2026 18:20:04.396] [Render thread/INFO] [DistantHorizons-DistantHorizons-com.seibel.distanthorizons.core.jar.updater.SelfUpdater/]: Distant Horizons already up to date.
[02Aug2026 18:20:04.406] [Render thread/INFO] [Photonics/]: Loaded ph_lights.json for shader pack 'photon-main (1).zip'
[02Aug2026 18:20:04.410] [Render thread/INFO] [Photonics/]: Photonics light registry contains 231 light definitions for 115 blocks
[02Aug2026 18:20:04.411] [Render thread/INFO] [Photonics/]: Photonics pipeline for 'photon-main (1).zip': enabled=true, mode=RESTIR, blockLight=true, gi=true, blockLightGi=false, handheld=true, shaderPackRenderScale=1.0, renderScale=0.75, giRenderScale=0.5, temporalUpscalerRequested=false, temporalUpscalerSourceScale=0.67, temporalUpscalerActive=false, temporalUpscalerHistoryFrames=8, maxLights=4000, maxSamples=20, restirInitial=16, restirSpatial=1, restirDenoiser=5, restirGiDenoiser=3, restirSoftShadows=false, restirCombinedGi=true
[02Aug2026 18:20:04.640] [Render thread/INFO] [Photonics/]: Photonics feature increment: v65 upstream traversal guard, hand texture-normal evaluation, immature-history edge variance, and variance-guided full SVGF passes; direct-light-v64 proxy ownership retained
[02Aug2026 18:20:04.640] [Render thread/INFO] [Photonics/]: Photonics GI foundation v99: finite full-position indirect reservoirs, corrected primary-ray origin/origin rebasing/explicit sky hits, Jacobian-weighted world-hit temporal reuse for world and Sable receivers, geometric-normal-consistent indirect energy, explicit empty non-world reservoirs, hand temporal isolation, and selected-reservoir visibility validation
[02Aug2026 18:20:04.640] [Render thread/INFO] [Photonics/]: Photonics ReSTIR GI v79: combinedGi=true, splitGi=true, directScale=0.75, giScale=0.5, directDenoiserPasses=5, giDenoiserPasses=3, giPipeline=independent-frag-grid+reservoirs+history+svgf, composition=post-estimator-screen-space
[02Aug2026 18:20:04.640] [Render thread/INFO] [Photonics/]: Photonics split-GI reconstruction v81: receiver-aware four-tap interpolation with unsupported-pixel nearest-compatible fallback
[02Aug2026 18:20:04.640] [Render thread/INFO] [Photonics/]: Photonics GI stability v82: world-hit temporal reservoir reuse enabled for rigidly reprojected Sable receivers; hand history remains isolated
[02Aug2026 18:20:04.640] [Render thread/INFO] [Photonics/]: Photonics direct startup v100: unbiased logarithmic camera-rank strata for large light lists with exact compact-list prefix proposals
[02Aug2026 18:20:04.640] [Render thread/WARN] [Photonics/]: Photonics ReSTIR source/history diagnostic v103 enabled via -Dphotonics.restirSourceHistoryDiagnostic=true; panels=top-left-current-direct/top-right-accumulated-direct/bottom-left-denoised-direct/bottom-right-final-gi, handheld-and-exact-local-lighting=omitted, auxiliary-lighting-components=not-registered
[02Aug2026 18:20:04.640] [Render thread/INFO] [Photonics/]: Photonics ReSTIR GI transport v85+: stochastic tinted-glass traversal and endpoint-first transparent-hit validation
[02Aug2026 18:20:04.640] [Render thread/INFO] [Photonics/]: Photonics stability v86: deterministic thin-cutout GI coverage and bounded palette-heap compiler recovery probes
[02Aug2026 18:20:04.640] [Render thread/INFO] [Photonics/]: Photonics ReSTIR GI validation v88: triState=valid/blocked-current-receiver/stale, blockedHistoryM=preserved-once-with-zero-energy, staleHistoryM=excluded, maxTemporalCandidates=1, maxSpatialCandidates=1, maxTraversalSteps=128
[02Aug2026 18:20:04.640] [Render thread/INFO] [Photonics/]: Photonics feature set: direct-light-v64 expiring Contraption Lights proxy ownership with a conservative nearby unmatched-proxy quarantine, position-matched Sable light alias trail with registry/profile diagnostics and render-thread-owned external merge, full-precision motion-grid Sable receiver visibility and endpoint-safe conservative traversal, dual-space Sable light de-duplication, production composite restored after v57 reservoir diagnostics, corrected indirect hit-normal decoding, full temporal reservoir retention for Sable external lighting, randomized systematic world-light proposals, Sable skylight-transition diagnostics with opt-in getter freeze, post-denoise exact Sable-local direct stream and fail-closed same-domain visibility, camera-relative double-composed Sable reprojection, normal-guided receiver classification, tri-state same-sublevel visibility and conservative supercover voxel traversal, sampling-time receiver-domain partition with exact same-sublevel direct lighting, external-only Sable reservoirs and soft-shadow local-visibility-signature-guided Sable SVGF support, preserved all-zero current proposal batches, elapsed-time moving-light hysteresis and unsnapped render-pose positions, rejected spatial-batch accounting, receiver-domain-complete stable/external history partition and rigid-motion Sable spatial reuse, bounded visibility-rejected reservoirs and representative-scoped external reactivity, split stable/external accumulation histories and stale Sable material recovery, explicit emitter motion-domain identity, motion-domain-stable receiver-relative light-history limits, previous-light position metadata, rotation-correct cross-sublevel motion, guarded ordinary-world all-light and external-only Sable single-neighbor spatial reuse, immutable spatial input, current-receiver visibility validation, bounded spatial history, independent spatial random stream, bounded reservoirs, zero-contribution batch accounting, actual-motion reactive lights, stable-anchor Sable reprojection, surface-plane SVGF, visibility-transition provenance, stable Sable identity, current-visible temporal reuse, Sable plot-section isolation, deterministic diagonal cutouts, generation-aligned adaptive stratified ReSTIR proposals, exposed-face Sable local visibility, duplicate Veil point-light suppression, moving-light and Iris material bridges; finite-segment OOB visibility and tree-origin tracing, masked passes, texture barriers, accumulation, denoising, handheld; Sable-receiver world/cross-sublevel spatial reuse and combined GI compatibility gates active
[02Aug2026 18:20:04.640] [Render thread/INFO] [Photonics/]: Photonics ReSTIR configuration v100: directCandidatesPerPixel=16, directTemporalSampleCap=320, directOutputSampleCap=world-128/sable-temporal-cap, spatialCandidates=1, spatialRadiusPixels=5.0, output=split-direct-and-gi-radiance-plus-exact-sable-local, samplingPolicy=large-list-logarithmic-rank-strata+compact-list-systematic-prefix-tail+distinct-priority-prefix/sable-external-reservoir/exact-all-same-token-lights/fail-closed-tri-state-conservative-local-dda/full-precision-motion-grid-receiver/normal-biased-endpoint/preserved-zero-current-batches, spatialPolicy=receiver-matched-current-frame/external-only-sable/current-rejection-accounting/immutable-input/initial-batch-cap+rejected-fallback-cap+background-finalization, historyPolicy=receiver-domain-complete-split-stable-external/direct-only-full-rigid-local-history/camera-relative-double-compose/normal-guided-receiver/soft-local-signature-reset/visibility-transition-reset/representative-scoped-external-reactivity/explicit-emitter-domain/0.15-block-trail/2-frame-floor, lightListPolicy=position-matched-250ms-alias-trail/250ms-after-loss-minecraft-light-proxy-ownership/125ms+2-frame-unmatched-proxy-quarantine/3-cell-alias-radius/render-thread-owned-merge, motionHoldMs=250, denoiserPolicy=post-denoise-exact-local-hard-shadow+representative-gated-world+soft-local-signature-sable, sableSkyLightDiagnostic=transition-log/optional-freeze-getter, directDenoiserPasses=5, giDenoiserPasses=3, softShadows=false, combinedGi=true, splitGi=true
[02Aug2026 18:20:04.654] [Render thread/INFO] [Photonics/]: Photonics history reset v18: reason=pipeline-created, generation=1, dimension=minecraft:overworld
[02Aug2026 18:20:04.654] [Render thread/INFO] [Iris/]: Creating pipeline for dimension minecraft:overworld
[02Aug2026 18:20:05.125] [Render thread/INFO] [org.anarres.cpp.DefaultPreprocessorListener/]: null:0:0: error: #endif without #if
[02Aug2026 18:20:05.233] [Render thread/INFO] [org.anarres.cpp.DefaultPreprocessorListener/]: null:0:0: error: #endif without #if
[02Aug2026 18:20:05.260] [Render thread/INFO] [org.anarres.cpp.DefaultPreprocessorListener/]: null:0:0: error: #endif without #if
[02Aug2026 18:20:05.338] [Render thread/INFO] [org.anarres.cpp.DefaultPreprocessorListener/]: null:0:0: error: #endif without #if
[02Aug2026 18:20:05.390] [Render thread/INFO] [org.anarres.cpp.DefaultPreprocessorListener/]: null:0:0: error: #endif without #if
[02Aug2026 18:20:05.433] [Render thread/INFO] [org.anarres.cpp.DefaultPreprocessorListener/]: null:0:0: error: #endif without #if
[02Aug2026 18:20:05.463] [Render thread/INFO] [org.anarres.cpp.DefaultPreprocessorListener/]: null:0:0: error: #endif without #if
[02Aug2026 18:20:05.493] [Render thread/INFO] [org.anarres.cpp.DefaultPreprocessorListener/]: null:0:0: error: #endif without #if
[02Aug2026 18:20:05.525] [Render thread/INFO] [org.anarres.cpp.DefaultPreprocessorListener/]: null:0:0: error: #endif without #if
[02Aug2026 18:20:05.562] [Render thread/INFO] [org.anarres.cpp.DefaultPreprocessorListener/]: null:0:0: error: #endif without #if
[02Aug2026 18:20:05.592] [Render thread/INFO] [org.anarres.cpp.DefaultPreprocessorListener/]: null:0:0: error: #endif without #if
[02Aug2026 18:20:05.649] [Render thread/INFO] [org.anarres.cpp.DefaultPreprocessorListener/]: null:0:0: error: #endif without #if
[02Aug2026 18:20:05.682] [Render thread/INFO] [org.anarres.cpp.DefaultPreprocessorListener/]: null:0:0: error: #endif without #if
[02Aug2026 18:20:05.717] [Render thread/INFO] [org.anarres.cpp.DefaultPreprocessorListener/]: null:0:0: error: #endif without #if
[02Aug2026 18:20:05.745] [Render thread/INFO] [org.anarres.cpp.DefaultPreprocessorListener/]: null:0:0: error: #endif without #if
[02Aug2026 18:20:05.769] [Render thread/INFO] [org.anarres.cpp.DefaultPreprocessorListener/]: null:0:0: error: #endif without #if
[02Aug2026 18:20:05.951] [Render thread/ERROR] [Iris/]: Failed to create shader rendering pipeline, disabling shaders!
java.lang.IllegalStateException: No more available texture units while activating sampler shadowcolor0
	at TRANSFORMER/iris@1.8.14-beta.1+mc1.21.1/net.irisshaders.iris.gl.program.ProgramSamplers$Builder.addDynamicSampler(ProgramSamplers.java:198) ~[iris-neoforge-1.8.14-beta.1+mc1.21.1.jar%23230!/:?]
	at TRANSFORMER/iris@1.8.14-beta.1+mc1.21.1/net.irisshaders.iris.gl.program.ProgramSamplers$Builder.addDynamicSampler(ProgramSamplers.java:170) ~[iris-neoforge-1.8.14-beta.1+mc1.21.1.jar%23230!/:?]
	at TRANSFORMER/iris@1.8.14-beta.1+mc1.21.1/net.irisshaders.iris.gl.sampler.SamplerHolder.addDynamicSampler(SamplerHolder.java:28) ~[iris-neoforge-1.8.14-beta.1+mc1.21.1.jar%23230!/:?]
	at TRANSFORMER/iris@1.8.14-beta.1+mc1.21.1/net.irisshaders.iris.gl.program.ProgramBuilder.addDynamicSampler(ProgramBuilder.java:130) ~[iris-neoforge-1.8.14-beta.1+mc1.21.1.jar%23230!/:?]
	at TRANSFORMER/iris@1.8.14-beta.1+mc1.21.1/net.irisshaders.iris.gl.program.ProgramSamplers$CustomTextureSamplerInterceptor.addDynamicSampler(ProgramSamplers.java:303) ~[iris-neoforge-1.8.14-beta.1+mc1.21.1.jar%23230!/:?]
	at TRANSFORMER/iris@1.8.14-beta.1+mc1.21.1/net.irisshaders.iris.samplers.IrisSamplers.addShadowSamplers(IrisSamplers.java:148) ~[iris-neoforge-1.8.14-beta.1+mc1.21.1.jar%23230!/:?]
	at TRANSFORMER/iris@1.8.14-beta.1+mc1.21.1/net.irisshaders.iris.pipeline.CompositeRenderer.createProgram(CompositeRenderer.java:384) ~[iris-neoforge-1.8.14-beta.1+mc1.21.1.jar%23230!/:?]
	at TRANSFORMER/iris@1.8.14-beta.1+mc1.21.1/net.irisshaders.iris.pipeline.CompositeRenderer.<init>(CompositeRenderer.java:127) ~[iris-neoforge-1.8.14-beta.1+mc1.21.1.jar%23230!/:?]
	at TRANSFORMER/iris@1.8.14-beta.1+mc1.21.1/net.irisshaders.iris.pipeline.IrisRenderingPipeline.<init>(IrisRenderingPipeline.java:332) ~[iris-neoforge-1.8.14-beta.1+mc1.21.1.jar%23230!/:?]
	at TRANSFORMER/iris@1.8.14-beta.1+mc1.21.1/net.irisshaders.iris.Iris.createPipeline(Iris.java:642) ~[iris-neoforge-1.8.14-beta.1+mc1.21.1.jar%23230!/:?]
	at TRANSFORMER/iris@1.8.14-beta.1+mc1.21.1/net.irisshaders.iris.pipeline.PipelineManager.preparePipeline(PipelineManager.java:33) ~[iris-neoforge-1.8.14-beta.1+mc1.21.1.jar%23230!/:?]
	at TRANSFORMER/iris@1.8.14-beta.1+mc1.21.1/net.irisshaders.iris.Iris.onLoadingComplete(Iris.java:152) ~[iris-neoforge-1.8.14-beta.1+mc1.21.1.jar%23230!/:?]
	at TRANSFORMER/minecraft@1.21.1/net.minecraft.client.gui.screens.TitleScreen.handler$bec000$iris$firstInit(TitleScreen.java:525) ~[client-1.21.1-20240808.144430-srg.jar%23215!/:?]
	at TRANSFORMER/minecraft@1.21.1/net.minecraft.client.gui.screens.TitleScreen.init(TitleScreen.java:157) ~[client-1.21.1-20240808.144430-srg.jar%23215!/:?]
	at TRANSFORMER/minecraft@1.21.1/net.minecraft.client.gui.screens.Screen.init(Screen.java:317) ~[client-1.21.1-20240808.144430-srg.jar%23215!/:?]
	at TRANSFORMER/minecraft@1.21.1/net.minecraft.client.Minecraft.setScreen(Minecraft.java:1057) ~[client-1.21.1-20240808.144430-srg.jar%23215!/:?]
	at TRANSFORMER/minecraft@1.21.1/net.minecraft.client.Minecraft.lambda$buildInitialScreens$9(Minecraft.java:664) ~[client-1.21.1-20240808.144430-srg.jar%23215!/:?]
	at TRANSFORMER/minecraft@1.21.1/net.minecraft.client.Minecraft.redirect$cap000$distanthorizons$buildInitialScreens(Minecraft.java:9514) ~[client-1.21.1-20240808.144430-srg.jar%23215!/:?]
	at TRANSFORMER/minecraft@1.21.1/net.minecraft.client.Minecraft.onGameLoadFinished(Minecraft.java:650) ~[client-1.21.1-20240808.144430-srg.jar%23215!/:?]
	at TRANSFORMER/minecraft@1.21.1/net.minecraft.client.Minecraft.onResourceLoadFinished(Minecraft.java:641) ~[client-1.21.1-20240808.144430-srg.jar%23215!/:?]
	at TRANSFORMER/minecraft@1.21.1/net.minecraft.client.Minecraft.lambda$new$7(Minecraft.java:629) ~[client-1.21.1-20240808.144430-srg.jar%23215!/:?]
	at TRANSFORMER/minecraft@1.21.1/net.minecraft.Util.ifElse(Util.java:513) ~[client-1.21.1-20240808.144430-srg.jar%23215!/:?]
	at TRANSFORMER/minecraft@1.21.1/net.minecraft.client.Minecraft.lambda$new$8(Minecraft.java:623) ~[client-1.21.1-20240808.144430-srg.jar%23215!/:?]
	at TRANSFORMER/neoforge@21.1.235/net.neoforged.neoforge.client.loading.NeoForgeLoadingOverlay.render(NeoForgeLoadingOverlay.java:145) ~[neoforge-21.1.235-universal.jar%23216!/:?]
	at TRANSFORMER/minecraft@1.21.1/net.minecraft.client.renderer.GameRenderer.render(GameRenderer.java:1081) ~[client-1.21.1-20240808.144430-srg.jar%23215!/:?]
	at TRANSFORMER/minecraft@1.21.1/net.minecraft.client.Minecraft.runTick(Minecraft.java:1195) ~[client-1.21.1-20240808.144430-srg.jar%23215!/:?]
	at TRANSFORMER/minecraft@1.21.1/net.minecraft.client.Minecraft.run(Minecraft.java:807) ~[client-1.21.1-20240808.144430-srg.jar%23215!/:?]
	at TRANSFORMER/minecraft@1.21.1/net.minecraft.client.main.Main.main(Main.java:230) ~[client-1.21.1-20240808.144430-srg.jar%23215!/:?]
	at java.base/jdk.internal.reflect.DirectMethodHandleAccessor.invoke(Unknown Source) ~[?:?]
	at java.base/java.lang.reflect.Method.invoke(Unknown Source) ~[?:?]
	at MC-BOOTSTRAP/fml_loader@4.0.42/net.neoforged.fml.loading.targets.CommonLaunchHandler.runTarget(CommonLaunchHandler.java:136) ~[loader-4.0.42.jar%23156!/:4.0]
	at MC-BOOTSTRAP/fml_loader@4.0.42/net.neoforged.fml.loading.targets.CommonLaunchHandler.clientService(CommonLaunchHandler.java:124) ~[loader-4.0.42.jar%23156!/:4.0]
	at MC-BOOTSTRAP/fml_loader@4.0.42/net.neoforged.fml.loading.targets.CommonClientLaunchHandler.runService(CommonClientLaunchHandler.java:32) ~[loader-4.0.42.jar%23156!/:4.0]
	at MC-BOOTSTRAP/fml_loader@4.0.42/net.neoforged.fml.loading.targets.CommonLaunchHandler.lambda$launchService$4(CommonLaunchHandler.java:118) ~[loader-4.0.42.jar%23156!/:4.0]
	at MC-BOOTSTRAP/cpw.mods.modlauncher@11.0.5/cpw.mods.modlauncher.LaunchServiceHandlerDecorator.launch(LaunchServiceHandlerDecorator.java:30) [modlauncher-11.0.5.jar%23161!/:?]
	at MC-BOOTSTRAP/cpw.mods.modlauncher@11.0.5/cpw.mods.modlauncher.LaunchServiceHandler.launch(LaunchServiceHandler.java:53) [modlauncher-11.0.5.jar%23161!/:?]
	at MC-BOOTSTRAP/cpw.mods.modlauncher@11.0.5/cpw.mods.modlauncher.LaunchServiceHandler.launch(LaunchServiceHandler.java:71) [modlauncher-11.0.5.jar%23161!/:?]
	at MC-BOOTSTRAP/cpw.mods.modlauncher@11.0.5/cpw.mods.modlauncher.Launcher.run(Launcher.java:103) [modlauncher-11.0.5.jar%23161!/:?]
	at MC-BOOTSTRAP/cpw.mods.modlauncher@11.0.5/cpw.mods.modlauncher.Launcher.main(Launcher.java:74) [modlauncher-11.0.5.jar%23161!/:?]
	at MC-BOOTSTRAP/cpw.mods.modlauncher@11.0.5/cpw.mods.modlauncher.BootstrapLaunchConsumer.accept(BootstrapLaunchConsumer.java:26) [modlauncher-11.0.5.jar%23161!/:?]
	at MC-BOOTSTRAP/cpw.mods.modlauncher@11.0.5/cpw.mods.modlauncher.BootstrapLaunchConsumer.accept(BootstrapLaunchConsumer.java:23) [modlauncher-11.0.5.jar%23161!/:?]
	at cpw.mods.bootstraplauncher@2.0.2/cpw.mods.bootstraplauncher.BootstrapLauncher.run(BootstrapLauncher.java:210) [bootstraplauncher-2.0.2.jar:?]
	at cpw.mods.bootstraplauncher@2.0.2/cpw.mods.bootstraplauncher.BootstrapLauncher.main(BootstrapLauncher.java:69) [bootstraplauncher-2.0.2.jar:?]
	at java.base/jdk.internal.reflect.DirectMethodHandleAccessor.invoke(Unknown Source) ~[?:?]
	at java.base/java.lang.reflect.Method.invoke(Unknown Source) ~[?:?]
	at com.modrinth.theseus.MinecraftLaunch.relaunch(MinecraftLaunch.java:63) [theseus.jar:?]
	at com.modrinth.theseus.MinecraftLaunch.main(MinecraftLaunch.java:28) [theseus.jar:?]
[02Aug2026 18:20:09.487] [Render thread/INFO] [com.simibubi.create.Create/]: Created 157 recipes which will be injected into the game
[02Aug2026 18:20:09.490] [Render thread/INFO] [com.simibubi.create.Create/]: Created 0 tags which will be injected into the game
[02Aug2026 18:20:09.794] [Worker-Main-3/ERROR] [net.minecraft.world.level.storage.loot.LootDataType/]: Couldn't parse element ResourceKey[minecraft:root / minecraft:loot_table]:simurail:blocks/automatic_coupler - Not a valid resource location: simurail:blocks/simurail:automatic_coupler Non [a-z0-9/._-] character in path of location: simurail:blocks/simurail:automatic_coupler
[02Aug2026 18:20:10.047] [Render thread/INFO] [net.minecraft.world.item.crafting.RecipeManager/]: Loaded 2948 recipes
[02Aug2026 18:20:10.157] [Render thread/INFO] [net.minecraft.advancements.AdvancementTree/]: Loaded 2644 advancements
[02Aug2026 18:20:10.632] [Server thread/INFO] [net.minecraft.client.server.IntegratedServer/]: Starting integrated minecraft server version 1.21.1
[02Aug2026 18:20:10.632] [Server thread/INFO] [net.minecraft.server.MinecraftServer/]: Generating keypair
[02Aug2026 18:20:10.683] [Server thread/INFO] [DistantHorizons-DistantHorizons-com.seibel.distanthorizons.core.world.AbstractDhWorld/]: Started DhWorld of type [CLIENT_SERVER].
[02Aug2026 18:20:10.719] [Server thread/INFO] [dev.ryanhcode.sable.Sable/]: Creating physics pipeline for ResourceKey[minecraft:dimension / minecraft:overworld] using RapierPhysicsPipelineProvider
[02Aug2026 18:20:10.967] [DH-Full Data Migration Thread[0]/INFO] [DistantHorizons-DistantHorizons-com.seibel.distanthorizons.core.file.fullDatafile.V2.DataMigratorV1/]: No migration necessary.
[02Aug2026 18:20:10.970] [Server thread/INFO] [DistantHorizons-DistantHorizons-com.seibel.distanthorizons.core.level.AbstractDhServerLevel/]: Started DhClientServerLevel for [Wrapped{ServerLevel[New World]@minecraft:overworld}] at [[LocalSaveStructure@(/home/krzysztofkalisiak/.local/share/ModrinthApp/profiles/Create Aeronautics (1)/saves/New World (2)/data)]].
[02Aug2026 18:20:10.989] [Server thread/INFO] [dev.ryanhcode.sable.Sable/]: Creating physics pipeline for ResourceKey[minecraft:dimension / minecraft:the_end] using RapierPhysicsPipelineProvider
[02Aug2026 18:20:11.014] [DH-Full Data Migration Thread[0]/INFO] [DistantHorizons-DistantHorizons-com.seibel.distanthorizons.core.file.fullDatafile.V2.DataMigratorV1/]: No migration necessary.
[02Aug2026 18:20:11.016] [Server thread/INFO] [DistantHorizons-DistantHorizons-com.seibel.distanthorizons.core.level.AbstractDhServerLevel/]: Started DhClientServerLevel for [Wrapped{ServerLevel[New World]@minecraft:the_end}] at [[LocalSaveStructure@(/home/krzysztofkalisiak/.local/share/ModrinthApp/profiles/Create Aeronautics (1)/saves/New World (2)/DIM1/data;/home/krzysztofkalisiak/.local/share/ModrinthApp/profiles/Create Aeronautics (1)/saves/New World (2)/data)]].
[02Aug2026 18:20:11.017] [Server thread/INFO] [dev.ryanhcode.sable.Sable/]: Creating physics pipeline for ResourceKey[minecraft:dimension / minecraft:the_nether] using RapierPhysicsPipelineProvider
[02Aug2026 18:20:11.030] [DH-Full Data Migration Thread[0]/INFO] [DistantHorizons-DistantHorizons-com.seibel.distanthorizons.core.file.fullDatafile.V2.DataMigratorV1/]: No migration necessary.
[02Aug2026 18:20:11.032] [Server thread/INFO] [DistantHorizons-DistantHorizons-com.seibel.distanthorizons.core.level.AbstractDhServerLevel/]: Started DhClientServerLevel for [Wrapped{ServerLevel[New World]@minecraft:the_nether}] at [[LocalSaveStructure@(/home/krzysztofkalisiak/.local/share/ModrinthApp/profiles/Create Aeronautics (1)/saves/New World (2)/DIM1/data;/home/krzysztofkalisiak/.local/share/ModrinthApp/profiles/Create Aeronautics (1)/saves/New World (2)/DIM-1/data;/home/krzysztofkalisiak/.local/share/ModrinthApp/profiles/Create Aeronautics (1)/saves/New World (2)/data)]].
[02Aug2026 18:20:11.033] [Server thread/INFO] [net.minecraft.server.MinecraftServer/]: Preparing start region for dimension minecraft:overworld
[02Aug2026 18:20:11.119] [Render thread/INFO] [net.minecraft.server.level.progress.LoggerChunkProgressListener/]: Preparing spawn area: 0%
[02Aug2026 18:20:11.157] [Server thread/INFO] [net.neoforged.neoforge.server.permission.PermissionAPI/]: Successfully initialized permission handler neoforge:default_handler
[02Aug2026 18:20:11.157] [Server thread/INFO] [me.yurtema.searchlights.Searchlights/]: HELLO from server starting
[02Aug2026 18:20:11.172] [Render thread/INFO] [net.minecraft.server.level.progress.LoggerChunkProgressListener/]: Time elapsed: 138 ms
[02Aug2026 18:20:11.204] [Server thread/INFO] [net.minecraft.client.server.IntegratedServer/]: Changing view distance to 9, from 10
[02Aug2026 18:20:11.204] [Server thread/INFO] [net.minecraft.client.server.IntegratedServer/]: Changing simulation distance to 9, from 0
[02Aug2026 18:20:11.258] [Render thread/INFO] [dev.ryanhcode.sable.Sable/]: Adding local UDP server channel future
[02Aug2026 18:20:11.262] [Render thread/WARN] [io.netty.bootstrap.Bootstrap/]: Unknown channel option 'SO_BROADCAST' for channel '[id: 0x4f0e512f]'
[02Aug2026 18:20:11.265] [Netty Server IO #1/INFO] [dev.ryanhcode.sable.Sable/]: Server UDP channel active
[02Aug2026 18:20:11.276] [Render thread/INFO] [dev.ryanhcode.sable.Sable/]: Starting local client UDP channel future
[02Aug2026 18:20:11.278] [Netty Local Client IO #1/INFO] [dev.ryanhcode.sable.Sable/]: Client UDP channel active
[02Aug2026 18:20:11.493] [DH-Request Module Ticker [minecraft:overworld] Thread[0]/INFO] [DistantHorizons-DistantHorizons-com.seibel.distanthorizons.core.generation.BatchGenerator/]: Batch Chunk Generator initialized
[02Aug2026 18:20:11.496] [DH-Request Module Ticker [minecraft:overworld] Thread[0]/INFO] [DistantHorizons-DistantHorizons-com.seibel.distanthorizons.core.generation.queues.WorldGenerationQueue/]: Creating world gen queue
[02Aug2026 18:20:11.496] [DH-Request Module Ticker [minecraft:overworld] Thread[0]/INFO] [DistantHorizons-DistantHorizons-com.seibel.distanthorizons.core.generation.queues.WorldGenerationQueue/]: Created world gen queue
[02Aug2026 18:20:11.497] [DH-Request Module Ticker [minecraft:overworld] Thread[0]/INFO] [DistantHorizons-DistantHorizons-com.seibel.distanthorizons.core.file.fullDatafile.GeneratedFullDataSourceProvider/]: Set world gen queue for level [minecraft:overworld].
[02Aug2026 18:20:11.535] [DH-Request Module Ticker [minecraft:the_end] Thread[0]/INFO] [DistantHorizons-DistantHorizons-com.seibel.distanthorizons.core.generation.BatchGenerator/]: Batch Chunk Generator initialized
[02Aug2026 18:20:11.535] [DH-Request Module Ticker [minecraft:the_end] Thread[0]/INFO] [DistantHorizons-DistantHorizons-com.seibel.distanthorizons.core.generation.queues.WorldGenerationQueue/]: Creating world gen queue
[02Aug2026 18:20:11.535] [DH-Request Module Ticker [minecraft:the_end] Thread[0]/INFO] [DistantHorizons-DistantHorizons-com.seibel.distanthorizons.core.generation.queues.WorldGenerationQueue/]: Created world gen queue
[02Aug2026 18:20:11.535] [DH-Request Module Ticker [minecraft:the_end] Thread[0]/INFO] [DistantHorizons-DistantHorizons-com.seibel.distanthorizons.core.file.fullDatafile.GeneratedFullDataSourceProvider/]: Set world gen queue for level [minecraft:the_end].
[02Aug2026 18:20:11.550] [DH-Request Module Ticker [minecraft:the_nether] Thread[0]/INFO] [DistantHorizons-DistantHorizons-com.seibel.distanthorizons.core.generation.BatchGenerator/]: Batch Chunk Generator initialized
[02Aug2026 18:20:11.550] [DH-Request Module Ticker [minecraft:the_nether] Thread[0]/INFO] [DistantHorizons-DistantHorizons-com.seibel.distanthorizons.core.generation.queues.WorldGenerationQueue/]: Creating world gen queue
[02Aug2026 18:20:11.550] [DH-Request Module Ticker [minecraft:the_nether] Thread[0]/INFO] [DistantHorizons-DistantHorizons-com.seibel.distanthorizons.core.generation.queues.WorldGenerationQueue/]: Created world gen queue
[02Aug2026 18:20:11.550] [DH-Request Module Ticker [minecraft:the_nether] Thread[0]/INFO] [DistantHorizons-DistantHorizons-com.seibel.distanthorizons.core.file.fullDatafile.GeneratedFullDataSourceProvider/]: Set world gen queue for level [minecraft:the_nether].
[02Aug2026 18:20:11.553] [Server thread/INFO] [net.minecraft.server.players.PlayerList/]: Eutio[local:E:716aecdd] logged in with entity id 1 at (-584.3645483299607, 2.752814779901477, 507.69999998807907)
[02Aug2026 18:20:11.557] [Server thread/INFO] [dev.ryanhcode.sable.Sable/]: Beginning attempted authentication with player Eutio
[02Aug2026 18:20:11.586] [Render thread/INFO] [xaero.hud.minimap.MinimapLogs/]: Minimap required item set to nothing.
[02Aug2026 18:20:11.586] [Render thread/INFO] [xaero.hud.minimap.MinimapLogs/]: New Xaero hud session initialized!
[02Aug2026 18:20:11.610] [Server thread/INFO] [net.minecraft.server.MinecraftServer/]: Eutio joined the game
[02Aug2026 18:20:11.646] [Render thread/INFO] [Iris/]: Reloading pipeline on dimension change: minecraft:overworld => minecraft:overworld
[02Aug2026 18:20:11.646] [Render thread/INFO] [Photonics/]: Photonics history reset v72: reason=pipeline-destroyed, generation=1
[02Aug2026 18:20:11.650] [Server thread/INFO] [DistantHorizons-DistantHorizons-com.seibel.distanthorizons.core.api.internal.ServerApi/]: Player [Eutio] joined.
[02Aug2026 18:20:11.655] [Render thread/INFO] [Photonics/]: Photonics chunk compiler v72 stopped: pendingSections=0, memory=jvmHeap={usedBytes=2147475344, committedBytes=2852126720, maxBytes=8589934592}, jvmGc={collections=61, timeMs=443}, worldHeap=GpuBufferHeapStats[capacityBytes=536870912, reservedBytes=12, liveBytes=12, peakLiveBytes=12, reusableBytes=0, allocations=1, reusedAllocations=0, frees=0, failedAllocations=0], paletteHeap=GpuBufferHeapStats[capacityBytes=201326592, reservedBytes=0, liveBytes=0, peakLiveBytes=0, reusableBytes=0, allocations=0, reusedAllocations=0, frees=0, failedAllocations=0], registries={lights=Stats[cachedObjects=0, pendingFreeObjects=0, allocatedObjects=0, failedAllocations=0], palettes=Stats[cachedObjects=0, pendingFreeObjects=0, allocatedObjects=0, failedAllocations=0], blocks=Stats[cachedObjects=0, pendingFreeObjects=0, allocatedObjects=0, failedAllocations=0], models=Stats[cachedObjects=0, pendingFreeObjects=0, allocatedObjects=0, failedAllocations=0]}
[02Aug2026 18:20:11.657] [Render thread/INFO] [Photonics/]: Photonics light registry contains 127 light definitions for 98 blocks
[02Aug2026 18:20:11.657] [Render thread/INFO] [Iris/]: Destroying pipeline minecraft:overworld
[02Aug2026 18:20:11.658] [Render thread/INFO] [Photonics/]: Loaded ph_lights.json for shader pack 'photon-main (1).zip'
[02Aug2026 18:20:11.661] [Render thread/INFO] [Photonics/]: Photonics light registry contains 231 light definitions for 115 blocks
[02Aug2026 18:20:11.662] [Render thread/INFO] [Photonics/]: Photonics pipeline for 'photon-main (1).zip': enabled=true, mode=RESTIR, blockLight=true, gi=true, blockLightGi=false, handheld=true, shaderPackRenderScale=1.0, renderScale=0.75, giRenderScale=0.5, temporalUpscalerRequested=false, temporalUpscalerSourceScale=0.67, temporalUpscalerActive=false, temporalUpscalerHistoryFrames=8, maxLights=4000, maxSamples=20, restirInitial=16, restirSpatial=1, restirDenoiser=5, restirGiDenoiser=3, restirSoftShadows=false, restirCombinedGi=true
[02Aug2026 18:20:11.893] [Render thread/INFO] [Photonics/]: Photonics feature increment: v65 upstream traversal guard, hand texture-normal evaluation, immature-history edge variance, and variance-guided full SVGF passes; direct-light-v64 proxy ownership retained
[02Aug2026 18:20:11.893] [Render thread/INFO] [Photonics/]: Photonics GI foundation v99: finite full-position indirect reservoirs, corrected primary-ray origin/origin rebasing/explicit sky hits, Jacobian-weighted world-hit temporal reuse for world and Sable receivers, geometric-normal-consistent indirect energy, explicit empty non-world reservoirs, hand temporal isolation, and selected-reservoir visibility validation
[02Aug2026 18:20:11.894] [Render thread/INFO] [Photonics/]: Photonics ReSTIR GI v79: combinedGi=true, splitGi=true, directScale=0.75, giScale=0.5, directDenoiserPasses=5, giDenoiserPasses=3, giPipeline=independent-frag-grid+reservoirs+history+svgf, composition=post-estimator-screen-space
[02Aug2026 18:20:11.894] [Render thread/INFO] [Photonics/]: Photonics split-GI reconstruction v81: receiver-aware four-tap interpolation with unsupported-pixel nearest-compatible fallback
[02Aug2026 18:20:11.894] [Render thread/INFO] [Photonics/]: Photonics GI stability v82: world-hit temporal reservoir reuse enabled for rigidly reprojected Sable receivers; hand history remains isolated
[02Aug2026 18:20:11.894] [Render thread/INFO] [Photonics/]: Photonics direct startup v100: unbiased logarithmic camera-rank strata for large light lists with exact compact-list prefix proposals
[02Aug2026 18:20:11.894] [Render thread/WARN] [Photonics/]: Photonics ReSTIR source/history diagnostic v103 enabled via -Dphotonics.restirSourceHistoryDiagnostic=true; panels=top-left-current-direct/top-right-accumulated-direct/bottom-left-denoised-direct/bottom-right-final-gi, handheld-and-exact-local-lighting=omitted, auxiliary-lighting-components=not-registered
[02Aug2026 18:20:11.894] [Render thread/INFO] [Photonics/]: Photonics ReSTIR GI transport v85+: stochastic tinted-glass traversal and endpoint-first transparent-hit validation
[02Aug2026 18:20:11.894] [Render thread/INFO] [Photonics/]: Photonics stability v86: deterministic thin-cutout GI coverage and bounded palette-heap compiler recovery probes
[02Aug2026 18:20:11.894] [Render thread/INFO] [Photonics/]: Photonics ReSTIR GI validation v88: triState=valid/blocked-current-receiver/stale, blockedHistoryM=preserved-once-with-zero-energy, staleHistoryM=excluded, maxTemporalCandidates=1, maxSpatialCandidates=1, maxTraversalSteps=128
[02Aug2026 18:20:11.894] [Render thread/INFO] [Photonics/]: Photonics feature set: direct-light-v64 expiring Contraption Lights proxy ownership with a conservative nearby unmatched-proxy quarantine, position-matched Sable light alias trail with registry/profile diagnostics and render-thread-owned external merge, full-precision motion-grid Sable receiver visibility and endpoint-safe conservative traversal, dual-space Sable light de-duplication, production composite restored after v57 reservoir diagnostics, corrected indirect hit-normal decoding, full temporal reservoir retention for Sable external lighting, randomized systematic world-light proposals, Sable skylight-transition diagnostics with opt-in getter freeze, post-denoise exact Sable-local direct stream and fail-closed same-domain visibility, camera-relative double-composed Sable reprojection, normal-guided receiver classification, tri-state same-sublevel visibility and conservative supercover voxel traversal, sampling-time receiver-domain partition with exact same-sublevel direct lighting, external-only Sable reservoirs and soft-shadow local-visibility-signature-guided Sable SVGF support, preserved all-zero current proposal batches, elapsed-time moving-light hysteresis and unsnapped render-pose positions, rejected spatial-batch accounting, receiver-domain-complete stable/external history partition and rigid-motion Sable spatial reuse, bounded visibility-rejected reservoirs and representative-scoped external reactivity, split stable/external accumulation histories and stale Sable material recovery, explicit emitter motion-domain identity, motion-domain-stable receiver-relative light-history limits, previous-light position metadata, rotation-correct cross-sublevel motion, guarded ordinary-world all-light and external-only Sable single-neighbor spatial reuse, immutable spatial input, current-receiver visibility validation, bounded spatial history, independent spatial random stream, bounded reservoirs, zero-contribution batch accounting, actual-motion reactive lights, stable-anchor Sable reprojection, surface-plane SVGF, visibility-transition provenance, stable Sable identity, current-visible temporal reuse, Sable plot-section isolation, deterministic diagonal cutouts, generation-aligned adaptive stratified ReSTIR proposals, exposed-face Sable local visibility, duplicate Veil point-light suppression, moving-light and Iris material bridges; finite-segment OOB visibility and tree-origin tracing, masked passes, texture barriers, accumulation, denoising, handheld; Sable-receiver world/cross-sublevel spatial reuse and combined GI compatibility gates active
[02Aug2026 18:20:11.894] [Render thread/INFO] [Photonics/]: Photonics ReSTIR configuration v100: directCandidatesPerPixel=16, directTemporalSampleCap=320, directOutputSampleCap=world-128/sable-temporal-cap, spatialCandidates=1, spatialRadiusPixels=5.0, output=split-direct-and-gi-radiance-plus-exact-sable-local, samplingPolicy=large-list-logarithmic-rank-strata+compact-list-systematic-prefix-tail+distinct-priority-prefix/sable-external-reservoir/exact-all-same-token-lights/fail-closed-tri-state-conservative-local-dda/full-precision-motion-grid-receiver/normal-biased-endpoint/preserved-zero-current-batches, spatialPolicy=receiver-matched-current-frame/external-only-sable/current-rejection-accounting/immutable-input/initial-batch-cap+rejected-fallback-cap+background-finalization, historyPolicy=receiver-domain-complete-split-stable-external/direct-only-full-rigid-local-history/camera-relative-double-compose/normal-guided-receiver/soft-local-signature-reset/visibility-transition-reset/representative-scoped-external-reactivity/explicit-emitter-domain/0.15-block-trail/2-frame-floor, lightListPolicy=position-matched-250ms-alias-trail/250ms-after-loss-minecraft-light-proxy-ownership/125ms+2-frame-unmatched-proxy-quarantine/3-cell-alias-radius/render-thread-owned-merge, motionHoldMs=250, denoiserPolicy=post-denoise-exact-local-hard-shadow+representative-gated-world+soft-local-signature-sable, sableSkyLightDiagnostic=transition-log/optional-freeze-getter, directDenoiserPasses=5, giDenoiserPasses=3, softShadows=false, combinedGi=true, splitGi=true
[02Aug2026 18:20:11.903] [Render thread/INFO] [Photonics/]: Photonics history reset v18: reason=pipeline-created, generation=2, dimension=minecraft:overworld
[02Aug2026 18:20:11.903] [Render thread/INFO] [Iris/]: Creating pipeline for dimension minecraft:overworld
[02Aug2026 18:20:11.984] [Render thread/INFO] [org.anarres.cpp.DefaultPreprocessorListener/]: null:0:0: error: #endif without #if
[02Aug2026 18:20:11.991] [Render thread/INFO] [org.anarres.cpp.DefaultPreprocessorListener/]: null:0:0: error: #endif without #if
[02Aug2026 18:20:11.997] [Render thread/INFO] [org.anarres.cpp.DefaultPreprocessorListener/]: null:0:0: error: #endif without #if
[02Aug2026 18:20:12.011] [Render thread/INFO] [org.anarres.cpp.DefaultPreprocessorListener/]: null:0:0: error: #endif without #if
[02Aug2026 18:20:12.029] [Render thread/INFO] [org.anarres.cpp.DefaultPreprocessorListener/]: null:0:0: error: #endif without #if
[02Aug2026 18:20:12.045] [Render thread/INFO] [org.anarres.cpp.DefaultPreprocessorListener/]: null:0:0: error: #endif without #if
[02Aug2026 18:20:12.061] [Render thread/INFO] [org.anarres.cpp.DefaultPreprocessorListener/]: null:0:0: error: #endif without #if
[02Aug2026 18:20:12.076] [Render thread/INFO] [org.anarres.cpp.DefaultPreprocessorListener/]: null:0:0: error: #endif without #if
[02Aug2026 18:20:12.090] [Render thread/INFO] [org.anarres.cpp.DefaultPreprocessorListener/]: null:0:0: error: #endif without #if
[02Aug2026 18:20:12.105] [Render thread/INFO] [org.anarres.cpp.DefaultPreprocessorListener/]: null:0:0: error: #endif without #if
[02Aug2026 18:20:12.117] [Render thread/INFO] [org.anarres.cpp.DefaultPreprocessorListener/]: null:0:0: error: #endif without #if
[02Aug2026 18:20:12.149] [Render thread/INFO] [org.anarres.cpp.DefaultPreprocessorListener/]: null:0:0: error: #endif without #if
[02Aug2026 18:20:12.160] [Render thread/INFO] [org.anarres.cpp.DefaultPreprocessorListener/]: null:0:0: error: #endif without #if
[02Aug2026 18:20:12.171] [Render thread/INFO] [org.anarres.cpp.DefaultPreprocessorListener/]: null:0:0: error: #endif without #if
[02Aug2026 18:20:12.182] [Render thread/INFO] [org.anarres.cpp.DefaultPreprocessorListener/]: null:0:0: error: #endif without #if
[02Aug2026 18:20:12.193] [Render thread/INFO] [org.anarres.cpp.DefaultPreprocessorListener/]: null:0:0: error: #endif without #if
[02Aug2026 18:20:12.217] [Render thread/ERROR] [Iris/]: Failed to create shader rendering pipeline, disabling shaders!
java.lang.IllegalStateException: No more available texture units while activating sampler shadowcolor0
	at TRANSFORMER/iris@1.8.14-beta.1+mc1.21.1/net.irisshaders.iris.gl.program.ProgramSamplers$Builder.addDynamicSampler(ProgramSamplers.java:198) ~[iris-neoforge-1.8.14-beta.1+mc1.21.1.jar%23230!/:?]
	at TRANSFORMER/iris@1.8.14-beta.1+mc1.21.1/net.irisshaders.iris.gl.program.ProgramSamplers$Builder.addDynamicSampler(ProgramSamplers.java:170) ~[iris-neoforge-1.8.14-beta.1+mc1.21.1.jar%23230!/:?]
	at TRANSFORMER/iris@1.8.14-beta.1+mc1.21.1/net.irisshaders.iris.gl.sampler.SamplerHolder.addDynamicSampler(SamplerHolder.java:28) ~[iris-neoforge-1.8.14-beta.1+mc1.21.1.jar%23230!/:?]
	at TRANSFORMER/iris@1.8.14-beta.1+mc1.21.1/net.irisshaders.iris.gl.program.ProgramBuilder.addDynamicSampler(ProgramBuilder.java:130) ~[iris-neoforge-1.8.14-beta.1+mc1.21.1.jar%23230!/:?]
	at TRANSFORMER/iris@1.8.14-beta.1+mc1.21.1/net.irisshaders.iris.gl.program.ProgramSamplers$CustomTextureSamplerInterceptor.addDynamicSampler(ProgramSamplers.java:303) ~[iris-neoforge-1.8.14-beta.1+mc1.21.1.jar%23230!/:?]
	at TRANSFORMER/iris@1.8.14-beta.1+mc1.21.1/net.irisshaders.iris.samplers.IrisSamplers.addShadowSamplers(IrisSamplers.java:148) ~[iris-neoforge-1.8.14-beta.1+mc1.21.1.jar%23230!/:?]
	at TRANSFORMER/iris@1.8.14-beta.1+mc1.21.1/net.irisshaders.iris.pipeline.CompositeRenderer.createProgram(CompositeRenderer.java:384) ~[iris-neoforge-1.8.14-beta.1+mc1.21.1.jar%23230!/:?]
	at TRANSFORMER/iris@1.8.14-beta.1+mc1.21.1/net.irisshaders.iris.pipeline.CompositeRenderer.<init>(CompositeRenderer.java:127) ~[iris-neoforge-1.8.14-beta.1+mc1.21.1.jar%23230!/:?]
	at TRANSFORMER/iris@1.8.14-beta.1+mc1.21.1/net.irisshaders.iris.pipeline.IrisRenderingPipeline.<init>(IrisRenderingPipeline.java:332) ~[iris-neoforge-1.8.14-beta.1+mc1.21.1.jar%23230!/:?]
	at TRANSFORMER/iris@1.8.14-beta.1+mc1.21.1/net.irisshaders.iris.Iris.createPipeline(Iris.java:642) ~[iris-neoforge-1.8.14-beta.1+mc1.21.1.jar%23230!/:?]
	at TRANSFORMER/iris@1.8.14-beta.1+mc1.21.1/net.irisshaders.iris.pipeline.PipelineManager.preparePipeline(PipelineManager.java:33) ~[iris-neoforge-1.8.14-beta.1+mc1.21.1.jar%23230!/:?]
	at TRANSFORMER/minecraft@1.21.1/net.minecraft.client.Minecraft.handler$bde000$iris$resetPipeline(Minecraft.java:7043) ~[client-1.21.1-20240808.144430-srg.jar%23215!/:?]
	at TRANSFORMER/minecraft@1.21.1/net.minecraft.client.Minecraft.updateLevelInEngines(Minecraft.java) ~[client-1.21.1-20240808.144430-srg.jar%23215!/:?]
	at TRANSFORMER/minecraft@1.21.1/net.minecraft.client.Minecraft.setLevel(Minecraft.java:2117) ~[client-1.21.1-20240808.144430-srg.jar%23215!/:?]
	at TRANSFORMER/minecraft@1.21.1/net.minecraft.client.multiplayer.ClientPacketListener.handleLogin(ClientPacketListener.java:421) ~[client-1.21.1-20240808.144430-srg.jar%23215!/:?]
	at TRANSFORMER/minecraft@1.21.1/net.minecraft.network.protocol.game.ClientboundLoginPacket.handle(ClientboundLoginPacket.java:69) ~[client-1.21.1-20240808.144430-srg.jar%23215!/:?]
	at TRANSFORMER/minecraft@1.21.1/net.minecraft.network.protocol.game.ClientboundLoginPacket.handle(ClientboundLoginPacket.java:17) ~[client-1.21.1-20240808.144430-srg.jar%23215!/:?]
	at TRANSFORMER/minecraft@1.21.1/net.minecraft.network.protocol.PacketUtils.lambda$ensureRunningOnSameThread$0(PacketUtils.java:27) ~[client-1.21.1-20240808.144430-srg.jar%23215!/:?]
	at TRANSFORMER/minecraft@1.21.1/net.minecraft.util.thread.BlockableEventLoop.doRunTask(BlockableEventLoop.java:148) ~[client-1.21.1-20240808.144430-srg.jar%23215!/:?]
	at TRANSFORMER/minecraft@1.21.1/net.minecraft.util.thread.ReentrantBlockableEventLoop.doRunTask(ReentrantBlockableEventLoop.java:23) ~[client-1.21.1-20240808.144430-srg.jar%23215!/:?]
	at TRANSFORMER/minecraft@1.21.1/net.minecraft.util.thread.BlockableEventLoop.pollTask(BlockableEventLoop.java:122) ~[client-1.21.1-20240808.144430-srg.jar%23215!/:?]
	at TRANSFORMER/minecraft@1.21.1/net.minecraft.util.thread.BlockableEventLoop.runAllTasks(BlockableEventLoop.java:111) ~[client-1.21.1-20240808.144430-srg.jar%23215!/:?]
	at TRANSFORMER/minecraft@1.21.1/net.minecraft.client.Minecraft.runTick(Minecraft.java:1155) ~[client-1.21.1-20240808.144430-srg.jar%23215!/:?]
	at TRANSFORMER/minecraft@1.21.1/net.minecraft.client.Minecraft.run(Minecraft.java:807) ~[client-1.21.1-20240808.144430-srg.jar%23215!/:?]
	at TRANSFORMER/minecraft@1.21.1/net.minecraft.client.main.Main.main(Main.java:230) ~[client-1.21.1-20240808.144430-srg.jar%23215!/:?]
	at java.base/jdk.internal.reflect.DirectMethodHandleAccessor.invoke(Unknown Source) ~[?:?]
	at java.base/java.lang.reflect.Method.invoke(Unknown Source) ~[?:?]
	at MC-BOOTSTRAP/fml_loader@4.0.42/net.neoforged.fml.loading.targets.CommonLaunchHandler.runTarget(CommonLaunchHandler.java:136) ~[loader-4.0.42.jar%23156!/:4.0]
	at MC-BOOTSTRAP/fml_loader@4.0.42/net.neoforged.fml.loading.targets.CommonLaunchHandler.clientService(CommonLaunchHandler.java:124) ~[loader-4.0.42.jar%23156!/:4.0]
	at MC-BOOTSTRAP/fml_loader@4.0.42/net.neoforged.fml.loading.targets.CommonClientLaunchHandler.runService(CommonClientLaunchHandler.java:32) ~[loader-4.0.42.jar%23156!/:4.0]
	at MC-BOOTSTRAP/fml_loader@4.0.42/net.neoforged.fml.loading.targets.CommonLaunchHandler.lambda$launchService$4(CommonLaunchHandler.java:118) ~[loader-4.0.42.jar%23156!/:4.0]
	at MC-BOOTSTRAP/cpw.mods.modlauncher@11.0.5/cpw.mods.modlauncher.LaunchServiceHandlerDecorator.launch(LaunchServiceHandlerDecorator.java:30) [modlauncher-11.0.5.jar%23161!/:?]
	at MC-BOOTSTRAP/cpw.mods.modlauncher@11.0.5/cpw.mods.modlauncher.LaunchServiceHandler.launch(LaunchServiceHandler.java:53) [modlauncher-11.0.5.jar%23161!/:?]
	at MC-BOOTSTRAP/cpw.mods.modlauncher@11.0.5/cpw.mods.modlauncher.LaunchServiceHandler.launch(LaunchServiceHandler.java:71) [modlauncher-11.0.5.jar%23161!/:?]
	at MC-BOOTSTRAP/cpw.mods.modlauncher@11.0.5/cpw.mods.modlauncher.Launcher.run(Launcher.java:103) [modlauncher-11.0.5.jar%23161!/:?]
	at MC-BOOTSTRAP/cpw.mods.modlauncher@11.0.5/cpw.mods.modlauncher.Launcher.main(Launcher.java:74) [modlauncher-11.0.5.jar%23161!/:?]
	at MC-BOOTSTRAP/cpw.mods.modlauncher@11.0.5/cpw.mods.modlauncher.BootstrapLaunchConsumer.accept(BootstrapLaunchConsumer.java:26) [modlauncher-11.0.5.jar%23161!/:?]
	at MC-BOOTSTRAP/cpw.mods.modlauncher@11.0.5/cpw.mods.modlauncher.BootstrapLaunchConsumer.accept(BootstrapLaunchConsumer.java:23) [modlauncher-11.0.5.jar%23161!/:?]
	at cpw.mods.bootstraplauncher@2.0.2/cpw.mods.bootstraplauncher.BootstrapLauncher.run(BootstrapLauncher.java:210) [bootstraplauncher-2.0.2.jar:?]
	at cpw.mods.bootstraplauncher@2.0.2/cpw.mods.bootstraplauncher.BootstrapLauncher.main(BootstrapLauncher.java:69) [bootstraplauncher-2.0.2.jar:?]
	at java.base/jdk.internal.reflect.DirectMethodHandleAccessor.invoke(Unknown Source) ~[?:?]
	at java.base/java.lang.reflect.Method.invoke(Unknown Source) ~[?:?]
	at com.modrinth.theseus.MinecraftLaunch.relaunch(MinecraftLaunch.java:63) [theseus.jar:?]
	at com.modrinth.theseus.MinecraftLaunch.main(MinecraftLaunch.java:28) [theseus.jar:?]
[02Aug2026 18:20:12.299] [Render thread/INFO] [ChunkBuilder/]: Started 10 worker threads
[02Aug2026 18:20:12.329] [Render thread/INFO] [flywheel/]: Started 10 worker threads
[02Aug2026 18:20:12.338] [Render thread/INFO] [net.minecraft.client.gui.components.ChatComponent/]: [System] [CHAT] Iris encountered an issue trying to load the shader; please report this to Iris developers. Copy Info
[02Aug2026 18:20:12.360] [Render thread/INFO] [xaero.hud.minimap.MinimapLogs/]: Minimap updated server level id: 1052294377 for world ResourceKey[minecraft:dimension / minecraft:overworld]
[02Aug2026 18:20:12.364] [Render thread/INFO] [net.minecraft.advancements.AdvancementTree/]: Loaded 48 advancements
[02Aug2026 18:20:12.442] [Render thread/INFO] [Photonics/]: Photonics v43 Sable source validation: zeroLuminanceButTraced=0, rejectedMaterial=0, recoveredStaleMaterial=0, firstIssue=none
[02Aug2026 18:20:12.456] [Render thread/INFO] [Photonics/]: Photonics world tracing v72: revision=0, settled=false, compiledSections=0, trackedSections=0, batchBuilt=0, batchUnloaded=0, pendingBuilds=0, pendingUnloads=0, ready=false, depth=0, blockBounds=( 0.000E+0  0.000E+0  0.000E+0)..( 0.000E+0  0.000E+0  0.000E+0), treeBounds=( 0.000E+0  0.000E+0  0.000E+0)..( 0.000E+0  0.000E+0  0.000E+0), origin=( 0.000E+0  0.000E+0  0.000E+0), boundsSource=tree, compileMs=0.000
[02Aug2026 18:20:12.457] [Render thread/INFO] [Photonics/]: Photonics v35 direct-light prefixes: movingLights=0, externalLights=0, totalLights=0, proposalBudget=adaptive-half-candidates
[02Aug2026 18:20:12.491] [Photonics Light List Compiler/INFO] [Photonics/]: Photonics light candidates v18: eligible=18, selected=18, maxLights=4000, lightSections=3, capped=false
[02Aug2026 18:20:12.714] [Render thread/INFO] [DistantHorizons-DistantHorizons-com.seibel.distanthorizons.common.render.openGl.glObject.GLProxy/]: Iris detected, Distant Horizons OpenGL error logging won't be sent in the chat due to Iris throwing known (harmless) OpenGL errors. This is a bug with Iris, not Distant Horizons.
[02Aug2026 18:20:12.716] [Render thread/INFO] [DistantHorizons-DistantHorizons-com.seibel.distanthorizons.common.render.openGl.glObject.GLProxy/]: Creating [GLProxy]... If this is the last message you see there must have been an OpenGL error.
[02Aug2026 18:20:12.716] [Render thread/INFO] [DistantHorizons-DistantHorizons-com.seibel.distanthorizons.common.render.openGl.glObject.GLProxy/]: Lod Render OpenGL version [4.6 (Core Profile) Mesa 26.1.2 - kisak-mesa PPA].
[02Aug2026 18:20:12.719] [Render thread/INFO] [DistantHorizons-DistantHorizons-com.seibel.distanthorizons.common.render.openGl.glObject.GLProxy/]: minecraftGlCapabilities:
Your OpenGL support:
openGL version 3.3+: [true] <- REQUIRED
Vertex Attribute Buffer Binding: [true] <- optional improvement
Buffer Storage: [true] <- optional improvement

[02Aug2026 18:20:12.730] [Render thread/INFO] [DistantHorizons-DistantHorizons-com.seibel.distanthorizons.common.render.openGl.glObject.GLProxy/]: GPU Vendor [AMD] with OS [Linux], Preferred upload method is [BUFFER_STORAGE].
[02Aug2026 18:20:12.730] [Render thread/INFO] [DistantHorizons-DistantHorizons-com.seibel.distanthorizons.common.render.openGl.glObject.GLProxy/]: GLProxy creation successful. OpenGL smiles upon you this day.
[02Aug2026 18:20:12.730] [Render thread/INFO] [DistantHorizons-DistantHorizons-com.seibel.distanthorizons.common.render.openGl.GlDhMetaRenderer_neoforge/]: Setting up renderer
[02Aug2026 18:20:12.734] [Render thread/INFO] [DistantHorizons-DistantHorizons-com.seibel.distanthorizons.common.render.openGl.GlDhMetaRenderer_neoforge/]: Renderer setup complete
[02Aug2026 18:20:12.737] [Render thread/INFO] [DistantHorizons-DistantHorizons-com.seibel.distanthorizons.common.render.openGl.glObject.shader.GlShader/]: Loading shader with type: [35633]
[02Aug2026 18:20:12.737] [Render thread/INFO] [DistantHorizons-DistantHorizons-com.seibel.distanthorizons.common.render.openGl.glObject.shader.GlShader/]: Shader loaded sucessfully.
[02Aug2026 18:20:12.737] [Render thread/INFO] [DistantHorizons-DistantHorizons-com.seibel.distanthorizons.common.render.openGl.glObject.shader.GlShader/]: Loading shader with type: [35632]
[02Aug2026 18:20:12.737] [Render thread/INFO] [DistantHorizons-DistantHorizons-com.seibel.distanthorizons.common.render.openGl.glObject.shader.GlShader/]: Shader loaded sucessfully.
[02Aug2026 18:20:12.739] [Render thread/INFO] [DistantHorizons-DistantHorizons-com.seibel.distanthorizons.common.render.openGl.glObject.vertexAttribute.GlVertexAttributePostGL43/]: Vertex Attribute (GL43+) completed. It contains 1 binding points and a stride size of 16
[02Aug2026 18:20:12.741] [Render thread/INFO] [DistantHorizons-DistantHorizons-com.seibel.distanthorizons.core.render.renderer.LodRenderer/]: Overriding vanilla MC settings to better fit Distant Horizons... This behavior can be disabled in the Distant Horizons config.
[02Aug2026 18:20:12.741] [Render thread/INFO] [DistantHorizons-DistantHorizons-com.seibel.distanthorizons.common.wrappers.minecraft.MinecraftClientWrapper_neoforge/]: Disabling vanilla clouds... This is done to prevent vanilla clouds from rendering on top of Distant Horizons LODs.
[02Aug2026 18:20:12.741] [Render thread/INFO] [DistantHorizons-DistantHorizons-com.seibel.distanthorizons.common.wrappers.minecraft.MinecraftClientWrapper_neoforge/]: Disabling fabulous graphics... This is done to fix vanilla chunks (specifically water blocks) not fading into Distant Horizons LODs when DH's 'Vanilla Fade' option is enabled.
[02Aug2026 18:20:12.742] [Render thread/INFO] [DistantHorizons-DistantHorizons-com.seibel.distanthorizons.common.render.openGl.glObject.shader.GlShader/]: Loading shader with type: [35633]
[02Aug2026 18:20:12.743] [Render thread/INFO] [DistantHorizons-DistantHorizons-com.seibel.distanthorizons.common.render.openGl.glObject.shader.GlShader/]: Shader loaded sucessfully.
[02Aug2026 18:20:12.743] [Render thread/INFO] [DistantHorizons-DistantHorizons-com.seibel.distanthorizons.common.render.openGl.glObject.shader.GlShader/]: Loading shader with type: [35632]
[02Aug2026 18:20:12.743] [Render thread/INFO] [DistantHorizons-DistantHorizons-com.seibel.distanthorizons.common.render.openGl.glObject.shader.GlShader/]: Shader loaded sucessfully.
[02Aug2026 18:20:12.743] [Render thread/INFO] [DistantHorizons-DistantHorizons-com.seibel.distanthorizons.common.render.openGl.glObject.vertexAttribute.GlVertexAttributePostGL43/]: Vertex Attribute (GL43+) completed. It contains 1 binding points and a stride size of 12
[02Aug2026 18:20:12.743] [Render thread/INFO] [DistantHorizons-DistantHorizons-com.seibel.distanthorizons.common.render.openGl.glObject.shader.GlShader/]: Loading shader with type: [35633]
[02Aug2026 18:20:12.743] [Render thread/INFO] [DistantHorizons-DistantHorizons-com.seibel.distanthorizons.common.render.openGl.glObject.shader.GlShader/]: Shader loaded sucessfully.
[02Aug2026 18:20:12.743] [Render thread/INFO] [DistantHorizons-DistantHorizons-com.seibel.distanthorizons.common.render.openGl.glObject.shader.GlShader/]: Loading shader with type: [35632]
[02Aug2026 18:20:12.743] [Render thread/INFO] [DistantHorizons-DistantHorizons-com.seibel.distanthorizons.common.render.openGl.glObject.shader.GlShader/]: Shader loaded sucessfully.
[02Aug2026 18:20:12.743] [Render thread/INFO] [DistantHorizons-DistantHorizons-com.seibel.distanthorizons.common.render.openGl.glObject.vertexAttribute.GlVertexAttributePostGL43/]: Vertex Attribute (GL43+) completed. It contains 1 binding points and a stride size of 12
[02Aug2026 18:20:12.746] [Render thread/INFO] [DistantHorizons-DistantHorizons-com.seibel.distanthorizons.common.render.openGl.glObject.shader.GlShader/]: Loading shader with type: [35633]
[02Aug2026 18:20:12.746] [Render thread/INFO] [DistantHorizons-DistantHorizons-com.seibel.distanthorizons.common.render.openGl.glObject.shader.GlShader/]: Shader loaded sucessfully.
[02Aug2026 18:20:12.746] [Render thread/INFO] [DistantHorizons-DistantHorizons-com.seibel.distanthorizons.common.render.openGl.glObject.shader.GlShader/]: Loading shader with type: [35632]
[02Aug2026 18:20:12.746] [Render thread/INFO] [DistantHorizons-DistantHorizons-com.seibel.distanthorizons.common.render.openGl.glObject.shader.GlShader/]: Shader loaded sucessfully.
[02Aug2026 18:20:12.747] [Render thread/INFO] [DistantHorizons-DistantHorizons-com.seibel.distanthorizons.common.render.openGl.glObject.shader.GlShader/]: Loading shader with type: [35633]
[02Aug2026 18:20:12.747] [Render thread/INFO] [DistantHorizons-DistantHorizons-com.seibel.distanthorizons.common.render.openGl.glObject.shader.GlShader/]: Shader loaded sucessfully.
[02Aug2026 18:20:12.747] [Render thread/INFO] [DistantHorizons-DistantHorizons-com.seibel.distanthorizons.common.render.openGl.glObject.shader.GlShader/]: Loading shader with type: [35632]
[02Aug2026 18:20:12.747] [Render thread/INFO] [DistantHorizons-DistantHorizons-com.seibel.distanthorizons.common.render.openGl.glObject.shader.GlShader/]: Shader loaded sucessfully.
[02Aug2026 18:20:12.747] [Render thread/INFO] [DistantHorizons-DistantHorizons-com.seibel.distanthorizons.common.render.openGl.glObject.vertexAttribute.GlVertexAttributePostGL43/]: Vertex Attribute (GL43+) completed. It contains 1 binding points and a stride size of 8
[02Aug2026 18:20:12.748] [Photonics Light List Compiler/INFO] [Photonics/]: Photonics light candidates v18: eligible=82, selected=82, maxLights=4000, lightSections=6, capped=false
[02Aug2026 18:20:12.748] [Photonics Light List Compiler/INFO] [Photonics/]: Photonics light-list publication v88: coalescedBatches=34, peakPendingSections=1622, remainingSections=745, deferredMs=251.114
[02Aug2026 18:20:12.754] [Render thread/INFO] [DistantHorizons-DistantHorizons-com.seibel.distanthorizons.common.render.openGl.glObject.shader.GlShader/]: Loading shader with type: [35633]
[02Aug2026 18:20:12.754] [Render thread/INFO] [DistantHorizons-DistantHorizons-com.seibel.distanthorizons.common.render.openGl.glObject.shader.GlShader/]: Shader loaded sucessfully.
[02Aug2026 18:20:12.754] [Render thread/INFO] [DistantHorizons-DistantHorizons-com.seibel.distanthorizons.common.render.openGl.glObject.shader.GlShader/]: Loading shader with type: [35632]
[02Aug2026 18:20:12.754] [Render thread/INFO] [DistantHorizons-DistantHorizons-com.seibel.distanthorizons.common.render.openGl.glObject.shader.GlShader/]: Shader loaded sucessfully.
[02Aug2026 18:20:12.754] [Render thread/INFO] [DistantHorizons-DistantHorizons-com.seibel.distanthorizons.common.render.openGl.glObject.shader.GlShader/]: Loading shader with type: [35633]
[02Aug2026 18:20:12.754] [Render thread/INFO] [DistantHorizons-DistantHorizons-com.seibel.distanthorizons.common.render.openGl.glObject.shader.GlShader/]: Shader loaded sucessfully.
[02Aug2026 18:20:12.755] [Render thread/INFO] [DistantHorizons-DistantHorizons-com.seibel.distanthorizons.common.render.openGl.glObject.shader.GlShader/]: Loading shader with type: [35632]
[02Aug2026 18:20:12.755] [Render thread/INFO] [DistantHorizons-DistantHorizons-com.seibel.distanthorizons.common.render.openGl.glObject.shader.GlShader/]: Shader loaded sucessfully.
[02Aug2026 18:20:12.756] [Render thread/INFO] [DistantHorizons-DistantHorizons-com.seibel.distanthorizons.common.render.openGl.glObject.shader.GlShader/]: Loading shader with type: [35633]
[02Aug2026 18:20:12.756] [Render thread/INFO] [DistantHorizons-DistantHorizons-com.seibel.distanthorizons.common.render.openGl.glObject.shader.GlShader/]: Shader loaded sucessfully.
[02Aug2026 18:20:12.756] [Render thread/INFO] [DistantHorizons-DistantHorizons-com.seibel.distanthorizons.common.render.openGl.glObject.shader.GlShader/]: Loading shader with type: [35632]
[02Aug2026 18:20:12.756] [Render thread/INFO] [DistantHorizons-DistantHorizons-com.seibel.distanthorizons.common.render.openGl.glObject.shader.GlShader/]: Shader loaded sucessfully.
[02Aug2026 18:20:12.784] [Render thread/INFO] [DistantHorizons-DistantHorizons-com.seibel.distanthorizons.common.render.openGl.glObject.shader.GlShader/]: Loading shader with type: [35633]
[02Aug2026 18:20:12.785] [Render thread/INFO] [DistantHorizons-DistantHorizons-com.seibel.distanthorizons.common.render.openGl.glObject.shader.GlShader/]: Shader loaded sucessfully.
[02Aug2026 18:20:12.785] [Render thread/INFO] [DistantHorizons-DistantHorizons-com.seibel.distanthorizons.common.render.openGl.glObject.shader.GlShader/]: Loading shader with type: [35632]
[02Aug2026 18:20:12.785] [Render thread/INFO] [DistantHorizons-DistantHorizons-com.seibel.distanthorizons.common.render.openGl.glObject.shader.GlShader/]: Shader loaded sucessfully.
[02Aug2026 18:20:12.785] [Render thread/INFO] [DistantHorizons-DistantHorizons-com.seibel.distanthorizons.common.render.openGl.glObject.shader.GlShader/]: Loading shader with type: [35633]
[02Aug2026 18:20:12.786] [Render thread/INFO] [DistantHorizons-DistantHorizons-com.seibel.distanthorizons.common.render.openGl.glObject.shader.GlShader/]: Shader loaded sucessfully.
[02Aug2026 18:20:12.786] [Render thread/INFO] [DistantHorizons-DistantHorizons-com.seibel.distanthorizons.common.render.openGl.glObject.shader.GlShader/]: Loading shader with type: [35632]
[02Aug2026 18:20:12.786] [Render thread/INFO] [DistantHorizons-DistantHorizons-com.seibel.distanthorizons.common.render.openGl.glObject.shader.GlShader/]: Shader loaded sucessfully.
[02Aug2026 18:20:12.843] [Render thread/INFO] [Veil/]: Multi-Bind supported, using core
[02Aug2026 18:20:12.921] [Photonics Light List Compiler/INFO] [Photonics/]: Photonics light candidates v18: eligible=157, selected=157, maxLights=4000, lightSections=10, capped=false
[02Aug2026 18:20:12.922] [Photonics Light List Compiler/INFO] [Photonics/]: Photonics light-list publication v88: coalescedBatches=16, peakPendingSections=697, remainingSections=0, deferredMs=165.150
[02Aug2026 18:20:12.936] [Render thread/INFO] [xaero.hud.minimap.MinimapLogs/]: Reloading radar icon resources...
[02Aug2026 18:20:12.947] [Render thread/INFO] [xaero.hud.minimap.MinimapLogs/]: Reloaded radar icon resources!
[02Aug2026 18:20:13.207] [Photonic Chunk Compiler #1/INFO] [Photonics/]: Photonics voxel diagnostic: state=Block{minecraft:spruce_fence}[east=false,north=true,south=true,waterlogged=false,west=true] vertexHash=7da9ac0a1b50b70 complete=true samples=892 alphaZero=0 alphaPartial=0 alphaOpaque=892 rgbMean=[112.8,83.1,47.4] rgbRange=[85-136,58-101,31-58] voxels=440 aabb=[0,0,0]-[9,15,15] parts=[( 0.000E+0  0.000E+0  0.000E+0)]
[02Aug2026 18:20:13.207] [Photonic Chunk Compiler #0/INFO] [Photonics/]: Photonics voxel diagnostic: state=Block{minecraft:spruce_fence}[east=true,north=true,south=true,waterlogged=false,west=true] vertexHash=3eda8f18e591d948 complete=true samples=1096 alphaZero=0 alphaPartial=0 alphaOpaque=1096 rgbMean=[112.6,82.9,47.3] rgbRange=[85-136,58-101,31-58] voxels=512 aabb=[0,0,0]-[15,15,15] parts=[( 0.000E+0  0.000E+0  0.000E+0)]
[02Aug2026 18:20:13.207] [Photonic Chunk Compiler #0/INFO] [Photonics/]: Photonics voxel occupancy: state=Block{minecraft:spruce_fence}[east=true,north=true,south=true,waterlogged=false,west=true] part=( 0.000E+0  0.000E+0  0.000E+0) slices=y0=0000/0000/0000/0000/0000/0000/03c0/03c0/03c0/03c0/0000/0000/0000/0000/0000/0000;y1=0000/0000/0000/0000/0000/0000/03c0/0240/0240/03c0/0000/0000/0000/0000/0000/0000;y2=0000/0000/0000/0000/0000/0000/03c0/0240/0240/03c0/0000/0000/0000/0000/0000/0000;y3=0000/0000/0000/0000/0000/0000/03c0/0240/0240/03c0/0000/0000/0000/0000/0000/0000;y4=0000/0000/0000/0000/0000/0000/03c0/0240/0240/03c0/0000/0000/0000/0000/0000/0000;y5=0000/0000/0000/0000/0000/0000/03c0/0240/0240/03c0/0000/0000/0000/0000/0000/0000;y6=0180/0180/0180/0180/0180/0180/03c0/ffff/ffff/03c0/0180/0180/0180/0180/0180/0180;y7=0180/0180/0180/0180/0180/0180/03c0/ffff/ffff/03c0/0180/0180/0180/0180/0180/0180;y8=0180/0180/0180/0180/0180/0180/03c0/ffff/ffff/03c0/0180/0180/0180/0180/0180/0180;y9=0000/0000/0000/0000/0000/0000/03c0/0240/0240/03c0/0000/0000/0000/0000/0000/0000;y10=0000/0000/0000/0000/0000/0000/03c0/0240/0240/03c0/0000/0000/0000/0000/0000/0000;y11=0000/0000/0000/0000/0000/0000/03c0/0240/0240/03c0/0000/0000/0000/0000/0000/0000;y12=0180/0180/0180/0180/0180/0180/03c0/ffff/ffff/03c0/0180/0180/0180/0180/0180/0180;y13=0180/0180/0180/0180/0180/0180/03c0/ffff/ffff/03c0/0180/0180/0180/0180/0180/0180;y14=0180/0180/0180/0180/0180/0180/03c0/ffff/ffff/03c0/0180/0180/0180/0180/0180/0180;y15=0000/0000/0000/0000/0000/0000/03c0/03c0/03c0/03c0/0000/0000/0000/0000/0000/0000
[02Aug2026 18:20:13.207] [Photonic Chunk Compiler #1/INFO] [Photonics/]: Photonics voxel occupancy: state=Block{minecraft:spruce_fence}[east=false,north=true,south=true,waterlogged=false,west=true] part=( 0.000E+0  0.000E+0  0.000E+0) slices=y0=0000/0000/0000/0000/0000/0000/03c0/03c0/03c0/03c0/0000/0000/0000/0000/0000/0000;y1=0000/0000/0000/0000/0000/0000/03c0/0240/0240/03c0/0000/0000/0000/0000/0000/0000;y2=0000/0000/0000/0000/0000/0000/03c0/0240/0240/03c0/0000/0000/0000/0000/0000/0000;y3=0000/0000/0000/0000/0000/0000/03c0/0240/0240/03c0/0000/0000/0000/0000/0000/0000;y4=0000/0000/0000/0000/0000/0000/03c0/0240/0240/03c0/0000/0000/0000/0000/0000/0000;y5=0000/0000/0000/0000/0000/0000/03c0/0240/0240/03c0/0000/0000/0000/0000/0000/0000;y6=0180/0180/0180/0180/0180/0180/03c0/03ff/03ff/03c0/0180/0180/0180/0180/0180/0180;y7=0180/0180/0180/0180/0180/0180/03c0/03ff/03ff/03c0/0180/0180/0180/0180/0180/0180;y8=0180/0180/0180/0180/0180/0180/03c0/03ff/03ff/03c0/0180/0180/0180/0180/0180/0180;y9=0000/0000/0000/0000/0000/0000/03c0/0240/0240/03c0/0000/0000/0000/0000/0000/0000;y10=0000/0000/0000/0000/0000/0000/03c0/0240/0240/03c0/0000/0000/0000/0000/0000/0000;y11=0000/0000/0000/0000/0000/0000/03c0/0240/0240/03c0/0000/0000/0000/0000/0000/0000;y12=0180/0180/0180/0180/0180/0180/03c0/03ff/03ff/03c0/0180/0180/0180/0180/0180/0180;y13=0180/0180/0180/0180/0180/0180/03c0/03ff/03ff/03c0/0180/0180/0180/0180/0180/0180;y14=0180/0180/0180/0180/0180/0180/03c0/03ff/03ff/03c0/0180/0180/0180/0180/0180/0180;y15=0000/0000/0000/0000/0000/0000/03c0/03c0/03c0/03c0/0000/0000/0000/0000/0000/0000
[02Aug2026 18:20:13.211] [Photonic Chunk Compiler #0/INFO] [Photonics/]: Photonics voxel diagnostic: state=Block{minecraft:spruce_fence}[east=true,north=true,south=false,waterlogged=false,west=true] vertexHash=691d42943d2e0b70 complete=true samples=898 alphaZero=0 alphaPartial=0 alphaOpaque=898 rgbMean=[112.8,83.1,47.4] rgbRange=[85-136,58-101,31-58] voxels=440 aabb=[0,0,0]-[15,15,9] parts=[( 0.000E+0  0.000E+0  0.000E+0)]
[02Aug2026 18:20:13.211] [Photonic Chunk Compiler #1/INFO] [Photonics/]: Photonics voxel diagnostic: state=Block{minecraft:verdant_froglight}[axis=y] vertexHash=8994e205fb0421e8 complete=true samples=1600 alphaZero=0 alphaPartial=0 alphaOpaque=1600 rgbMean=[217.1,237.8,214.6] rgbRange=[120-248,166-253,92-248] voxels=1352 aabb=[0,0,0]-[15,15,15] parts=[( 0.000E+0  0.000E+0  0.000E+0)]
[02Aug2026 18:20:13.211] [Photonic Chunk Compiler #0/INFO] [Photonics/]: Photonics voxel occupancy: state=Block{minecraft:spruce_fence}[east=true,north=true,south=false,waterlogged=false,west=true] part=( 0.000E+0  0.000E+0  0.000E+0) slices=y0=0000/0000/0000/0000/0000/0000/03c0/03c0/03c0/03c0/0000/0000/0000/0000/0000/0000;y1=0000/0000/0000/0000/0000/0000/03c0/0240/0240/03c0/0000/0000/0000/0000/0000/0000;y2=0000/0000/0000/0000/0000/0000/03c0/0240/0240/03c0/0000/0000/0000/0000/0000/0000;y3=0000/0000/0000/0000/0000/0000/03c0/0240/0240/03c0/0000/0000/0000/0000/0000/0000;y4=0000/0000/0000/0000/0000/0000/03c0/0240/0240/03c0/0000/0000/0000/0000/0000/0000;y5=0000/0000/0000/0000/0000/0000/03c0/0240/0240/03c0/0000/0000/0000/0000/0000/0000;y6=0180/0180/0180/0180/0180/0180/03c0/ffff/ffff/03c0/0000/0000/0000/0000/0000/0000;y7=0180/0180/0180/0180/0180/0180/03c0/ffff/ffff/03c0/0000/0000/0000/0000/0000/0000;y8=0180/0180/0180/0180/0180/0180/03c0/ffff/ffff/03c0/0000/0000/0000/0000/0000/0000;y9=0000/0000/0000/0000/0000/0000/03c0/0240/0240/03c0/0000/0000/0000/0000/0000/0000;y10=0000/0000/0000/0000/0000/0000/03c0/0240/0240/03c0/0000/0000/0000/0000/0000/0000;y11=0000/0000/0000/0000/0000/0000/03c0/0240/0240/03c0/0000/0000/0000/0000/0000/0000;y12=0180/0180/0180/0180/0180/0180/03c0/ffff/ffff/03c0/0000/0000/0000/0000/0000/0000;y13=0180/0180/0180/0180/0180/0180/03c0/ffff/ffff/03c0/0000/0000/0000/0000/0000/0000;y14=0180/0180/0180/0180/0180/0180/03c0/ffff/ffff/03c0/0000/0000/0000/0000/0000/0000;y15=0000/0000/0000/0000/0000/0000/03c0/03c0/03c0/03c0/0000/0000/0000/0000/0000/0000
[02Aug2026 18:20:13.212] [Photonic Chunk Compiler #1/INFO] [Photonics/]: Photonics voxel occupancy: state=Block{minecraft:verdant_froglight}[axis=y] part=( 0.000E+0  0.000E+0  0.000E+0) slices=y0=ffff/ffff/ffff/ffff/ffff/ffff/ffff/ffff/ffff/ffff/ffff/ffff/ffff/ffff/ffff/ffff;y1=ffff/8001/8001/8001/8001/8001/8001/8001/8001/8001/8001/8001/8001/8001/8001/ffff;y2=ffff/8001/8001/8001/8001/8001/8001/8001/8001/8001/8001/8001/8001/8001/8001/ffff;y3=ffff/8001/8001/8001/8001/8001/8001/8001/8001/8001/8001/8001/8001/8001/8001/ffff;y4=ffff/8001/8001/8001/8001/8001/8001/8001/8001/8001/8001/8001/8001/8001/8001/ffff;y5=ffff/8001/8001/8001/8001/8001/8001/8001/8001/8001/8001/8001/8001/8001/8001/ffff;y6=ffff/8001/8001/8001/8001/8001/8001/8001/8001/8001/8001/8001/8001/8001/8001/ffff;y7=ffff/8001/8001/8001/8001/8001/8001/8001/8001/8001/8001/8001/8001/8001/8001/ffff;y8=ffff/8001/8001/8001/8001/8001/8001/8001/8001/8001/8001/8001/8001/8001/8001/ffff;y9=ffff/8001/8001/8001/8001/8001/8001/8001/8001/8001/8001/8001/8001/8001/8001/ffff;y10=ffff/8001/8001/8001/8001/8001/8001/8001/8001/8001/8001/8001/8001/8001/8001/ffff;y11=ffff/8001/8001/8001/8001/8001/8001/8001/8001/8001/8001/8001/8001/8001/8001/ffff;y12=ffff/8001/8001/8001/8001/8001/8001/8001/8001/8001/8001/8001/8001/8001/8001/ffff;y13=ffff/8001/8001/8001/8001/8001/8001/8001/8001/8001/8001/8001/8001/8001/8001/ffff;y14=ffff/8001/8001/8001/8001/8001/8001/8001/8001/8001/8001/8001/8001/8001/8001/ffff;y15=ffff/ffff/ffff/ffff/ffff/ffff/ffff/ffff/ffff/ffff/ffff/ffff/ffff/ffff/ffff/ffff
[02Aug2026 18:20:13.217] [Photonic Chunk Compiler #0/INFO] [Photonics/]: Photonics voxel diagnostic: state=Block{minecraft:spruce_fence}[east=true,north=true,south=true,waterlogged=false,west=false] vertexHash=afea61361cb50b70 complete=true samples=892 alphaZero=0 alphaPartial=0 alphaOpaque=892 rgbMean=[112.8,83.1,47.4] rgbRange=[85-136,58-101,31-58] voxels=440 aabb=[6,0,0]-[15,15,15] parts=[( 0.000E+0  0.000E+0  0.000E+0)]
[02Aug2026 18:20:13.218] [Photonic Chunk Compiler #0/INFO] [Photonics/]: Photonics voxel occupancy: state=Block{minecraft:spruce_fence}[east=true,north=true,south=true,waterlogged=false,west=false] part=( 0.000E+0  0.000E+0  0.000E+0) slices=y0=0000/0000/0000/0000/0000/0000/03c0/03c0/03c0/03c0/0000/0000/0000/0000/0000/0000;y1=0000/0000/0000/0000/0000/0000/03c0/0240/0240/03c0/0000/0000/0000/0000/0000/0000;y2=0000/0000/0000/0000/0000/0000/03c0/0240/0240/03c0/0000/0000/0000/0000/0000/0000;y3=0000/0000/0000/0000/0000/0000/03c0/0240/0240/03c0/0000/0000/0000/0000/0000/0000;y4=0000/0000/0000/0000/0000/0000/03c0/0240/0240/03c0/0000/0000/0000/0000/0000/0000;y5=0000/0000/0000/0000/0000/0000/03c0/0240/0240/03c0/0000/0000/0000/0000/0000/0000;y6=0180/0180/0180/0180/0180/0180/03c0/ffc0/ffc0/03c0/0180/0180/0180/0180/0180/0180;y7=0180/0180/0180/0180/0180/0180/03c0/ffc0/ffc0/03c0/0180/0180/0180/0180/0180/0180;y8=0180/0180/0180/0180/0180/0180/03c0/ffc0/ffc0/03c0/0180/0180/0180/0180/0180/0180;y9=0000/0000/0000/0000/0000/0000/03c0/0240/0240/03c0/0000/0000/0000/0000/0000/0000;y10=0000/0000/0000/0000/0000/0000/03c0/0240/0240/03c0/0000/0000/0000/0000/0000/0000;y11=0000/0000/0000/0000/0000/0000/03c0/0240/0240/03c0/0000/0000/0000/0000/0000/0000;y12=0180/0180/0180/0180/0180/0180/03c0/ffc0/ffc0/03c0/0180/0180/0180/0180/0180/0180;y13=0180/0180/0180/0180/0180/0180/03c0/ffc0/ffc0/03c0/0180/0180/0180/0180/0180/0180;y14=0180/0180/0180/0180/0180/0180/03c0/ffc0/ffc0/03c0/0180/0180/0180/0180/0180/0180;y15=0000/0000/0000/0000/0000/0000/03c0/03c0/03c0/03c0/0000/0000/0000/0000/0000/0000
[02Aug2026 18:20:13.231] [Render thread/INFO] [Photonics/]: Photonics light list pending: 0 -> 157
[02Aug2026 18:20:13.509] [Render thread/INFO] [Photonics/]: Photonics world tracing v72: revision=3, settled=false, compiledSections=52, trackedSections=1647, batchBuilt=48, batchUnloaded=0, pendingBuilds=91, pendingUnloads=0, ready=true, depth=5, blockBounds=( 1.280E+2  1.440E+2  1.280E+2)..( 2.240E+2  2.080E+2  2.400E+2), treeBounds=( 0.000E+0  0.000E+0  0.000E+0)..( 2.560E+2  2.560E+2  2.560E+2), origin=(-7.680E+2 -1.920E+2  3.200E+2), boundsSource=compiled, compileMs=91.633
[02Aug2026 18:20:14.520] [Render thread/INFO] [Photonics/]: Photonics world tracing v72: revision=14, settled=false, compiledSections=574, trackedSections=1647, batchBuilt=48, batchUnloaded=0, pendingBuilds=76, pendingUnloads=0, ready=true, depth=6, blockBounds=( 3.200E+1  1.280E+2  3.200E+1)..( 3.360E+2  2.080E+2  3.200E+2), treeBounds=( 0.000E+0  0.000E+0  0.000E+0)..( 1.024E+3  1.024E+3  1.024E+3), origin=(-7.680E+2 -1.920E+2  3.200E+2), boundsSource=compiled, compileMs=103.321
[02Aug2026 18:20:14.768] [Photonic Chunk Compiler #0/INFO] [Photonics/]: Photonics voxel diagnostic: state=Block{minecraft:spruce_fence}[east=false,north=false,south=true,waterlogged=false,west=false] vertexHash=df078379a8312fc0 complete=true samples=490 alphaZero=0 alphaPartial=0 alphaOpaque=490 rgbMean=[113.0,83.2,47.5] rgbRange=[85-136,58-101,31-58] voxels=296 aabb=[6,0,6]-[9,15,15] parts=[( 0.000E+0  0.000E+0  0.000E+0)]
[02Aug2026 18:20:14.769] [Photonic Chunk Compiler #0/INFO] [Photonics/]: Photonics voxel occupancy: state=Block{minecraft:spruce_fence}[east=false,north=false,south=true,waterlogged=false,west=false] part=( 0.000E+0  0.000E+0  0.000E+0) slices=y0=0000/0000/0000/0000/0000/0000/03c0/03c0/03c0/03c0/0000/0000/0000/0000/0000/0000;y1=0000/0000/0000/0000/0000/0000/03c0/0240/0240/03c0/0000/0000/0000/0000/0000/0000;y2=0000/0000/0000/0000/0000/0000/03c0/0240/0240/03c0/0000/0000/0000/0000/0000/0000;y3=0000/0000/0000/0000/0000/0000/03c0/0240/0240/03c0/0000/0000/0000/0000/0000/0000;y4=0000/0000/0000/0000/0000/0000/03c0/0240/0240/03c0/0000/0000/0000/0000/0000/0000;y5=0000/0000/0000/0000/0000/0000/03c0/0240/0240/03c0/0000/0000/0000/0000/0000/0000;y6=0000/0000/0000/0000/0000/0000/03c0/03c0/03c0/03c0/0180/0180/0180/0180/0180/0180;y7=0000/0000/0000/0000/0000/0000/03c0/03c0/03c0/03c0/0180/0180/0180/0180/0180/0180;y8=0000/0000/0000/0000/0000/0000/03c0/03c0/03c0/03c0/0180/0180/0180/0180/0180/0180;y9=0000/0000/0000/0000/0000/0000/03c0/0240/0240/03c0/0000/0000/0000/0000/0000/0000;y10=0000/0000/0000/0000/0000/0000/03c0/0240/0240/03c0/0000/0000/0000/0000/0000/0000;y11=0000/0000/0000/0000/0000/0000/03c0/0240/0240/03c0/0000/0000/0000/0000/0000/0000;y12=0000/0000/0000/0000/0000/0000/03c0/03c0/03c0/03c0/0180/0180/0180/0180/0180/0180;y13=0000/0000/0000/0000/0000/0000/03c0/03c0/03c0/03c0/0180/0180/0180/0180/0180/0180;y14=0000/0000/0000/0000/0000/0000/03c0/03c0/03c0/03c0/0180/0180/0180/0180/0180/0180;y15=0000/0000/0000/0000/0000/0000/03c0/03c0/03c0/03c0/0000/0000/0000/0000/0000/0000
[02Aug2026 18:20:14.769] [Photonic Chunk Compiler #0/INFO] [Photonics/]: Photonics voxel diagnostic: state=Block{minecraft:spruce_fence}[east=false,north=true,south=true,waterlogged=false,west=false] vertexHash=95b1669e8e127d98 complete=true samples=688 alphaZero=0 alphaPartial=0 alphaOpaque=688 rgbMean=[113.0,83.3,47.6] rgbRange=[85-136,58-101,31-58] voxels=368 aabb=[6,0,0]-[9,15,15] parts=[( 0.000E+0  0.000E+0  0.000E+0)]
[02Aug2026 18:20:14.769] [Photonic Chunk Compiler #0/INFO] [Photonics/]: Photonics voxel occupancy: state=Block{minecraft:spruce_fence}[east=false,north=true,south=true,waterlogged=false,west=false] part=( 0.000E+0  0.000E+0  0.000E+0) slices=y0=0000/0000/0000/0000/0000/0000/03c0/03c0/03c0/03c0/0000/0000/0000/0000/0000/0000;y1=0000/0000/0000/0000/0000/0000/03c0/0240/0240/03c0/0000/0000/0000/0000/0000/0000;y2=0000/0000/0000/0000/0000/0000/03c0/0240/0240/03c0/0000/0000/0000/0000/0000/0000;y3=0000/0000/0000/0000/0000/0000/03c0/0240/0240/03c0/0000/0000/0000/0000/0000/0000;y4=0000/0000/0000/0000/0000/0000/03c0/0240/0240/03c0/0000/0000/0000/0000/0000/0000;y5=0000/0000/0000/0000/0000/0000/03c0/0240/0240/03c0/0000/0000/0000/0000/0000/0000;y6=0180/0180/0180/0180/0180/0180/03c0/03c0/03c0/03c0/0180/0180/0180/0180/0180/0180;y7=0180/0180/0180/0180/0180/0180/03c0/03c0/03c0/03c0/0180/0180/0180/0180/0180/0180;y8=0180/0180/0180/0180/0180/0180/03c0/03c0/03c0/03c0/0180/0180/0180/0180/0180/0180;y9=0000/0000/0000/0000/0000/0000/03c0/0240/0240/03c0/0000/0000/0000/0000/0000/0000;y10=0000/0000/0000/0000/0000/0000/03c0/0240/0240/03c0/0000/0000/0000/0000/0000/0000;y11=0000/0000/0000/0000/0000/0000/03c0/0240/0240/03c0/0000/0000/0000/0000/0000/0000;y12=0180/0180/0180/0180/0180/0180/03c0/03c0/03c0/03c0/0180/0180/0180/0180/0180/0180;y13=0180/0180/0180/0180/0180/0180/03c0/03c0/03c0/03c0/0180/0180/0180/0180/0180/0180;y14=0180/0180/0180/0180/0180/0180/03c0/03c0/03c0/03c0/0180/0180/0180/0180/0180/0180;y15=0000/0000/0000/0000/0000/0000/03c0/03c0/03c0/03c0/0000/0000/0000/0000/0000/0000
[02Aug2026 18:20:14.770] [Photonic Chunk Compiler #0/INFO] [Photonics/]: Photonics voxel diagnostic: state=Block{minecraft:spruce_fence}[east=false,north=true,south=false,waterlogged=false,west=false] vertexHash=c4b255d7ba232fc0 complete=true samples=490 alphaZero=0 alphaPartial=0 alphaOpaque=490 rgbMean=[113.7,83.8,47.9] rgbRange=[85-136,58-101,31-58] voxels=296 aabb=[6,0,0]-[9,15,9] parts=[( 0.000E+0  0.000E+0  0.000E+0)]
[02Aug2026 18:20:14.770] [Photonic Chunk Compiler #0/INFO] [Photonics/]: Photonics voxel occupancy: state=Block{minecraft:spruce_fence}[east=false,north=true,south=false,waterlogged=false,west=false] part=( 0.000E+0  0.000E+0  0.000E+0) slices=y0=0000/0000/0000/0000/0000/0000/03c0/03c0/03c0/03c0/0000/0000/0000/0000/0000/0000;y1=0000/0000/0000/0000/0000/0000/03c0/0240/0240/03c0/0000/0000/0000/0000/0000/0000;y2=0000/0000/0000/0000/0000/0000/03c0/0240/0240/03c0/0000/0000/0000/0000/0000/0000;y3=0000/0000/0000/0000/0000/0000/03c0/0240/0240/03c0/0000/0000/0000/0000/0000/0000;y4=0000/0000/0000/0000/0000/0000/03c0/0240/0240/03c0/0000/0000/0000/0000/0000/0000;y5=0000/0000/0000/0000/0000/0000/03c0/0240/0240/03c0/0000/0000/0000/0000/0000/0000;y6=0180/0180/0180/0180/0180/0180/03c0/03c0/03c0/03c0/0000/0000/0000/0000/0000/0000;y7=0180/0180/0180/0180/0180/0180/03c0/03c0/03c0/03c0/0000/0000/0000/0000/0000/0000;y8=0180/0180/0180/0180/0180/0180/03c0/03c0/03c0/03c0/0000/0000/0000/0000/0000/0000;y9=0000/0000/0000/0000/0000/0000/03c0/0240/0240/03c0/0000/0000/0000/0000/0000/0000;y10=0000/0000/0000/0000/0000/0000/03c0/0240/0240/03c0/0000/0000/0000/0000/0000/0000;y11=0000/0000/0000/0000/0000/0000/03c0/0240/0240/03c0/0000/0000/0000/0000/0000/0000;y12=0180/0180/0180/0180/0180/0180/03c0/03c0/03c0/03c0/0000/0000/0000/0000/0000/0000;y13=0180/0180/0180/0180/0180/0180/03c0/03c0/03c0/03c0/0000/0000/0000/0000/0000/0000;y14=0180/0180/0180/0180/0180/0180/03c0/03c0/03c0/03c0/0000/0000/0000/0000/0000/0000;y15=0000/0000/0000/0000/0000/0000/03c0/03c0/03c0/03c0/0000/0000/0000/0000/0000/0000
[02Aug2026 18:20:15.537] [Render thread/INFO] [Photonics/]: Photonics world tracing v72: revision=26, settled=false, compiledSections=1147, trackedSections=1647, batchBuilt=48, batchUnloaded=0, pendingBuilds=96, pendingUnloads=0, ready=true, depth=6, blockBounds=( 3.200E+1  1.280E+2  3.200E+1)..( 3.360E+2  2.080E+2  3.360E+2), treeBounds=( 0.000E+0  0.000E+0  0.000E+0)..( 1.024E+3  1.024E+3  1.024E+3), origin=(-7.680E+2 -1.920E+2  3.200E+2), boundsSource=compiled, compileMs=98.512
[02Aug2026 18:20:16.586] [Render thread/INFO] [Photonics/]: Photonics world tracing v72: revision=36, settled=false, compiledSections=1627, trackedSections=1647, batchBuilt=48, batchUnloaded=0, pendingBuilds=20, pendingUnloads=0, ready=true, depth=6, blockBounds=( 3.200E+1  1.280E+2  3.200E+1)..( 3.360E+2  2.080E+2  3.360E+2), treeBounds=( 0.000E+0  0.000E+0  0.000E+0)..( 1.024E+3  1.024E+3  1.024E+3), origin=(-7.680E+2 -1.920E+2  3.200E+2), boundsSource=compiled, compileMs=83.534
[02Aug2026 18:20:16.718] [Render thread/INFO] [net.minecraft.client.gui.components.ChatComponent/]: [System] [CHAT] Distant Horizons: G1 Garbage collector detected.\nThis can cause FPS stuttering. \nIt's recommended to use a concurrent garbage collector \nlike ZGC (Java 21+) or Shenandoah (Java 8 through 17) \nfor a smoother experience. \nThis warning can be disabled in the DH config.
[02Aug2026 18:20:17.810] [Server thread/INFO] [net.minecraft.client.server.IntegratedServer/]: Saving and pausing game...
[02Aug2026 18:20:17.821] [Server thread/INFO] [net.minecraft.server.MinecraftServer/]: Saving chunks for level 'ServerLevel[New World]'/minecraft:overworld
[02Aug2026 18:20:17.821] [Server thread/INFO] [dev.ryanhcode.sable.Sable/]: Saving sub-levels for level 'ServerLevel[New World]'/minecraft:overworld
[02Aug2026 18:20:17.827] [Server thread/INFO] [net.minecraft.server.MinecraftServer/]: Saving chunks for level 'ServerLevel[New World]'/minecraft:the_end
[02Aug2026 18:20:17.827] [Server thread/INFO] [dev.ryanhcode.sable.Sable/]: Saving sub-levels for level 'ServerLevel[New World]'/minecraft:the_end
[02Aug2026 18:20:17.827] [Server thread/INFO] [net.minecraft.server.MinecraftServer/]: Saving chunks for level 'ServerLevel[New World]'/minecraft:the_nether
[02Aug2026 18:20:17.827] [Server thread/INFO] [dev.ryanhcode.sable.Sable/]: Saving sub-levels for level 'ServerLevel[New World]'/minecraft:the_nether
[02Aug2026 18:20:18.653] [Render thread/INFO] [Photonics/]: Photonics world tracing v72: revision=37, settled=true, compiledSections=1647, trackedSections=1647, batchBuilt=20, batchUnloaded=0, pendingBuilds=0, pendingUnloads=0, ready=true, depth=6, blockBounds=( 3.200E+1  1.280E+2  3.200E+1)..( 3.360E+2  2.080E+2  3.360E+2), treeBounds=( 0.000E+0  0.000E+0  0.000E+0)..( 1.024E+3  1.024E+3  1.024E+3), origin=(-7.680E+2 -1.920E+2  3.200E+2), boundsSource=compiled, compileMs=59.913
[02Aug2026 18:20:18.653] [Render thread/INFO] [Photonics/]: Photonics memory v72: jvmHeap={usedBytes=2538742000, committedBytes=3003121664, maxBytes=8589934592}, jvmGc={collections=77, timeMs=678}, worldHeap=GpuBufferHeapStats[capacityBytes=536870912, reservedBytes=111811252, liveBytes=111807604, peakLiveBytes=111807604, reusableBytes=3648, allocations=90125, reusedAllocations=93, frees=104, failedAllocations=0], paletteHeap=GpuBufferHeapStats[capacityBytes=201326592, reservedBytes=72480, liveBytes=72480, peakLiveBytes=72480, reusableBytes=0, allocations=755, reusedAllocations=0, frees=0, failedAllocations=0], registries={lights=Stats[cachedObjects=1, pendingFreeObjects=0, allocatedObjects=1, failedAllocations=0], palettes=Stats[cachedObjects=755, pendingFreeObjects=0, allocatedObjects=755, failedAllocations=0], blocks=Stats[cachedObjects=1213, pendingFreeObjects=0, allocatedObjects=1213, failedAllocations=0], models=Stats[cachedObjects=30, pendingFreeObjects=0, allocatedObjects=30, failedAllocations=0]}
[02Aug2026 18:20:18.803] [Netty Local Client IO #1/INFO] [dev.ryanhcode.sable.Sable/]: Client UDP channel inactive
[02Aug2026 18:20:18.803] [Netty Local Client IO #1/INFO] [dev.ryanhcode.sable.Sable/]: Closed UDP channel!
[02Aug2026 18:20:18.804] [Render thread/INFO] [DistantHorizons-DistantHorizons-com.seibel.distanthorizons.core.api.internal.ClientApi/]: Client on ClientOnly mode disconnecting.
[02Aug2026 18:20:18.804] [level shutdown/INFO] [DistantHorizons-DistantHorizons-com.seibel.distanthorizons.core.generation.queues.WorldGenerationQueue/]: Closing world gen queue
[02Aug2026 18:20:18.804] [level shutdown/INFO] [DistantHorizons-DistantHorizons-com.seibel.distanthorizons.core.generation.queues.WorldGenerationQueue/]: Closing world gen queue
[02Aug2026 18:20:18.805] [level shutdown/INFO] [DistantHorizons-DistantHorizons-com.seibel.distanthorizons.core.generation.queues.WorldGenerationQueue/]: Closing world gen queue
[02Aug2026 18:20:18.805] [level shutdown/INFO] [DistantHorizons-DistantHorizons-com.seibel.distanthorizons.core.generation.queues.WorldGenerationQueue/]: Closing WorldGenerationQueue...
[02Aug2026 18:20:18.805] [level shutdown/INFO] [DistantHorizons-DistantHorizons-com.seibel.distanthorizons.core.generation.queues.WorldGenerationQueue/]: Closing WorldGenerationQueue...
[02Aug2026 18:20:18.805] [level shutdown/INFO] [DistantHorizons-DistantHorizons-com.seibel.distanthorizons.core.generation.queues.WorldGenerationQueue/]: Closing WorldGenerationQueue...
[02Aug2026 18:20:18.805] [level shutdown/INFO] [DistantHorizons-DistantHorizons-com.seibel.distanthorizons.core.generation.queues.WorldGenerationQueue/]: Shutting down world generator thread pool...
[02Aug2026 18:20:18.805] [level shutdown/INFO] [DistantHorizons-DistantHorizons-com.seibel.distanthorizons.core.generation.queues.WorldGenerationQueue/]: Shutting down world generator thread pool...
[02Aug2026 18:20:18.805] [level shutdown/INFO] [DistantHorizons-DistantHorizons-com.seibel.distanthorizons.core.generation.queues.WorldGenerationQueue/]: Shutting down world generator thread pool...
[02Aug2026 18:20:18.805] [level shutdown/INFO] [DistantHorizons-DistantHorizons-com.seibel.distanthorizons.core.generation.queues.WorldGenerationQueue/]: World generator thread pool shutdown with [0] incomplete tasks.
[02Aug2026 18:20:18.805] [level shutdown/INFO] [DistantHorizons-DistantHorizons-com.seibel.distanthorizons.core.generation.queues.WorldGenerationQueue/]: World generator thread pool shutdown with [0] incomplete tasks.
[02Aug2026 18:20:18.805] [level shutdown/INFO] [DistantHorizons-DistantHorizons-com.seibel.distanthorizons.core.generation.queues.WorldGenerationQueue/]: World generator thread pool shutdown with [0] incomplete tasks.
[02Aug2026 18:20:18.805] [level shutdown/INFO] [DistantHorizons-DistantHorizons-com.seibel.distanthorizons.core.generation.BatchGenerator/]: [BatchGenerator] shutting down...
[02Aug2026 18:20:18.805] [level shutdown/INFO] [DistantHorizons-DistantHorizons-com.seibel.distanthorizons.core.generation.BatchGenerator/]: [BatchGenerator] shutting down...
[02Aug2026 18:20:18.805] [level shutdown/INFO] [DistantHorizons-DistantHorizons-com.seibel.distanthorizons.core.generation.BatchGenerator/]: [BatchGenerator] shutting down...
[02Aug2026 18:20:18.806] [level shutdown/INFO] [DistantHorizons-LOD World Gen/]: Closing [BatchGenerationEnvironment_neoforge]
[02Aug2026 18:20:18.806] [level shutdown/INFO] [DistantHorizons-LOD World Gen/]: Closing [BatchGenerationEnvironment_neoforge]
[02Aug2026 18:20:18.806] [level shutdown/INFO] [DistantHorizons-LOD World Gen/]: Closing [BatchGenerationEnvironment_neoforge]
[02Aug2026 18:20:18.806] [level shutdown/INFO] [DistantHorizons-DistantHorizons-com.seibel.distanthorizons.core.generation.queues.WorldGenerationQueue/]: Finished closing WorldGenerationQueue
[02Aug2026 18:20:18.806] [level shutdown/INFO] [DistantHorizons-DistantHorizons-com.seibel.distanthorizons.core.generation.queues.WorldGenerationQueue/]: Finished closing WorldGenerationQueue
[02Aug2026 18:20:18.806] [level shutdown/INFO] [DistantHorizons-DistantHorizons-com.seibel.distanthorizons.core.generation.queues.WorldGenerationQueue/]: Finished closing WorldGenerationQueue
[02Aug2026 18:20:18.806] [level shutdown/INFO] [DistantHorizons-DistantHorizons-com.seibel.distanthorizons.core.level.AbstractDhServerLevel/]: Closed DHLevel for [Wrapped{ServerLevel[New World]@minecraft:the_end}].
[02Aug2026 18:20:18.806] [level shutdown/INFO] [DistantHorizons-DistantHorizons-com.seibel.distanthorizons.core.level.AbstractDhServerLevel/]: Closed DHLevel for [Wrapped{ServerLevel[New World]@minecraft:the_nether}].
[02Aug2026 18:20:18.806] [level shutdown/INFO] [DistantHorizons-DistantHorizons-com.seibel.distanthorizons.core.level.AbstractDhServerLevel/]: Closed DHLevel for [Wrapped{ServerLevel[New World]@minecraft:overworld}].
[02Aug2026 18:20:18.806] [level shutdown/INFO] [DistantHorizons-DistantHorizons-com.seibel.distanthorizons.core.level.AbstractDhServerLevel/]: Closed DhClientServerLevel for Wrapped{ServerLevel[New World]@minecraft:the_end}
[02Aug2026 18:20:18.806] [level shutdown/INFO] [DistantHorizons-DistantHorizons-com.seibel.distanthorizons.core.level.AbstractDhServerLevel/]: Closed DhClientServerLevel for Wrapped{ServerLevel[New World]@minecraft:the_nether}
[02Aug2026 18:20:18.806] [level shutdown/INFO] [DistantHorizons-DistantHorizons-com.seibel.distanthorizons.core.level.AbstractDhServerLevel/]: Closed DhClientServerLevel for Wrapped{ServerLevel[New World]@minecraft:overworld}
[02Aug2026 18:20:18.806] [Render thread/INFO] [DistantHorizons-DistantHorizons-com.seibel.distanthorizons.core.world.AbstractDhWorld/]: Closed DhWorld of type [CLIENT_SERVER].
[02Aug2026 18:20:18.806] [level shutdown/INFO] [DistantHorizons-DistantHorizons-com.seibel.distanthorizons.core.level.AbstractDhServerLevel/]: Closed DHLevel for [Wrapped{ServerLevel[New World]@minecraft:the_nether}].
[02Aug2026 18:20:18.806] [level shutdown/INFO] [DistantHorizons-DistantHorizons-com.seibel.distanthorizons.core.level.AbstractDhServerLevel/]: Closed DhClientServerLevel for Wrapped{ServerLevel[New World]@minecraft:the_nether}
[02Aug2026 18:20:18.807] [level shutdown/INFO] [DistantHorizons-DistantHorizons-com.seibel.distanthorizons.core.level.AbstractDhServerLevel/]: Closed DHLevel for [Wrapped{ServerLevel[New World]@minecraft:the_end}].
[02Aug2026 18:20:18.807] [level shutdown/INFO] [DistantHorizons-DistantHorizons-com.seibel.distanthorizons.core.level.AbstractDhServerLevel/]: Closed DhClientServerLevel for Wrapped{ServerLevel[New World]@minecraft:the_end}
[02Aug2026 18:20:18.807] [level shutdown/INFO] [DistantHorizons-DistantHorizons-com.seibel.distanthorizons.core.level.AbstractDhServerLevel/]: Closed DHLevel for [Wrapped{ServerLevel[New World]@minecraft:overworld}].
[02Aug2026 18:20:18.807] [level shutdown/INFO] [DistantHorizons-DistantHorizons-com.seibel.distanthorizons.core.level.AbstractDhServerLevel/]: Closed DhClientServerLevel for Wrapped{ServerLevel[New World]@minecraft:overworld}
[02Aug2026 18:20:18.807] [Render thread/INFO] [DistantHorizons-DistantHorizons-com.seibel.distanthorizons.core.world.AbstractDhWorld/]: Closed DhWorld of type [CLIENT_SERVER].
[02Aug2026 18:20:18.807] [Render thread/INFO] [DistantHorizons-DistantHorizons-com.seibel.distanthorizons.core.util.threading.PriorityTaskPicker/]: Shutting down PriorityTaskPicker thread pool...
[02Aug2026 18:20:24.688] [Render thread/INFO] [DistantHorizons-DistantHorizons-com.seibel.distanthorizons.core.sql.repo.AbstractDhRepo/]: Closing all [3] database connections...
[02Aug2026 18:20:24.688] [Render thread/INFO] [DistantHorizons-DistantHorizons-com.seibel.distanthorizons.core.sql.repo.AbstractDhRepo/]: Closing database connection: [jdbc:dh_sqlite:/home/krzysztofkalisiak/.local/share/ModrinthApp/profiles/Create Aeronautics (1)/saves/New World (2)/DIM-1/data/DistantHorizons.sqlite]
[02Aug2026 18:20:24.688] [Render thread/INFO] [DistantHorizons-DistantHorizons-com.seibel.distanthorizons.core.sql.repo.AbstractDhRepo/]: Closing database connection: [jdbc:dh_sqlite:/home/krzysztofkalisiak/.local/share/ModrinthApp/profiles/Create Aeronautics (1)/saves/New World (2)/data/DistantHorizons.sqlite]
[02Aug2026 18:20:24.694] [Render thread/INFO] [DistantHorizons-DistantHorizons-com.seibel.distanthorizons.core.sql.repo.AbstractDhRepo/]: Closing database connection: [jdbc:dh_sqlite:/home/krzysztofkalisiak/.local/share/ModrinthApp/profiles/Create Aeronautics (1)/saves/New World (2)/DIM1/data/DistantHorizons.sqlite]
[02Aug2026 18:20:24.896] [Render thread/INFO] [xaero.hud.minimap.MinimapLogs/]: Xaero hud session finalized.
[02Aug2026 18:20:24.913] [Server thread/INFO] [net.minecraft.server.network.ServerGamePacketListenerImpl/]: Eutio lost connection: Disconnected
[02Aug2026 18:20:24.913] [Server thread/INFO] [net.minecraft.server.MinecraftServer/]: Eutio left the game
[02Aug2026 18:20:24.914] [Server thread/INFO] [DistantHorizons-DistantHorizons-com.seibel.distanthorizons.core.api.internal.ServerApi/]: Player [Eutio] disconnected.
[02Aug2026 18:20:24.923] [Server thread/INFO] [net.minecraft.server.network.ServerCommonPacketListenerImpl/]: Stopping singleplayer server as player logged out
[02Aug2026 18:20:24.960] [Server thread/INFO] [net.minecraft.server.MinecraftServer/]: Stopping server
[02Aug2026 18:20:24.960] [Server thread/INFO] [net.minecraft.server.MinecraftServer/]: Saving players
[02Aug2026 18:20:24.960] [Server thread/INFO] [net.minecraft.server.MinecraftServer/]: Saving worlds
[02Aug2026 18:20:24.984] [Server thread/INFO] [net.minecraft.server.MinecraftServer/]: Saving chunks for level 'ServerLevel[New World]'/minecraft:overworld
[02Aug2026 18:20:24.984] [Server thread/INFO] [dev.ryanhcode.sable.Sable/]: Saving sub-levels for level 'ServerLevel[New World]'/minecraft:overworld
[02Aug2026 18:20:25.045] [Server thread/INFO] [net.minecraft.server.MinecraftServer/]: Saving chunks for level 'ServerLevel[New World]'/minecraft:the_end
[02Aug2026 18:20:25.046] [Server thread/INFO] [dev.ryanhcode.sable.Sable/]: Saving sub-levels for level 'ServerLevel[New World]'/minecraft:the_end
[02Aug2026 18:20:25.052] [Server thread/INFO] [net.minecraft.server.MinecraftServer/]: Saving chunks for level 'ServerLevel[New World]'/minecraft:the_nether
[02Aug2026 18:20:25.053] [Server thread/INFO] [dev.ryanhcode.sable.Sable/]: Saving sub-levels for level 'ServerLevel[New World]'/minecraft:the_nether
[02Aug2026 18:20:25.065] [Server thread/INFO] [net.minecraft.server.MinecraftServer/]: ThreadedAnvilChunkStorage (New World (2)): All chunks are saved
[02Aug2026 18:20:25.065] [Server thread/INFO] [net.minecraft.server.MinecraftServer/]: ThreadedAnvilChunkStorage (DIM1): All chunks are saved
[02Aug2026 18:20:25.065] [Server thread/INFO] [net.minecraft.server.MinecraftServer/]: ThreadedAnvilChunkStorage (DIM-1): All chunks are saved
[02Aug2026 18:20:25.065] [Server thread/INFO] [net.minecraft.server.MinecraftServer/]: ThreadedAnvilChunkStorage: All dimensions are saved
[02Aug2026 18:20:25.083] [Render thread/INFO] [ChunkBuilder/]: Stopping worker threads
[02Aug2026 18:20:26.963] [Render thread/INFO] [com.simibubi.create.Create/]: Created 157 recipes which will be injected into the game
[02Aug2026 18:20:26.964] [Render thread/INFO] [com.simibubi.create.Create/]: Created 0 tags which will be injected into the game
[02Aug2026 18:20:27.124] [Worker-Main-6/ERROR] [net.minecraft.world.level.storage.loot.LootDataType/]: Couldn't parse element ResourceKey[minecraft:root / minecraft:loot_table]:simurail:blocks/automatic_coupler - Not a valid resource location: simurail:blocks/simurail:automatic_coupler Non [a-z0-9/._-] character in path of location: simurail:blocks/simurail:automatic_coupler
[02Aug2026 18:20:27.207] [Render thread/INFO] [net.minecraft.world.item.crafting.RecipeManager/]: Loaded 2948 recipes
[02Aug2026 18:20:27.249] [Render thread/INFO] [net.minecraft.advancements.AdvancementTree/]: Loaded 2644 advancements
[02Aug2026 18:20:27.613] [Server thread/INFO] [net.minecraft.client.server.IntegratedServer/]: Starting integrated minecraft server version 1.21.1
[02Aug2026 18:20:27.613] [Server thread/INFO] [net.minecraft.server.MinecraftServer/]: Generating keypair
[02Aug2026 18:20:27.634] [Server thread/INFO] [DistantHorizons-DistantHorizons-com.seibel.distanthorizons.core.world.AbstractDhWorld/]: Started DhWorld of type [CLIENT_SERVER].
[02Aug2026 18:20:27.634] [Server thread/INFO] [DistantHorizons-DistantHorizons-com.seibel.distanthorizons.core.util.threading.PriorityTaskPicker/]: Shutting down PriorityTaskPicker thread pool...
[02Aug2026 18:20:27.634] [Server thread/INFO] [dev.ryanhcode.sable.Sable/]: Creating physics pipeline for ResourceKey[minecraft:dimension / minecraft:overworld] using RapierPhysicsPipelineProvider
[02Aug2026 18:20:27.674] [DH-Full Data Migration Thread[0]/INFO] [DistantHorizons-DistantHorizons-com.seibel.distanthorizons.core.file.fullDatafile.V2.DataMigratorV1/]: No migration necessary.
[02Aug2026 18:20:27.678] [Server thread/INFO] [DistantHorizons-DistantHorizons-com.seibel.distanthorizons.core.level.AbstractDhServerLevel/]: Started DhClientServerLevel for [Wrapped{ServerLevel[New World]@minecraft:overworld}] at [[LocalSaveStructure@(/home/krzysztofkalisiak/.local/share/ModrinthApp/profiles/Create Aeronautics (1)/saves/New World (1)/data)]].
[02Aug2026 18:20:27.682] [Server thread/INFO] [dev.ryanhcode.sable.Sable/]: Creating physics pipeline for ResourceKey[minecraft:dimension / minecraft:the_end] using RapierPhysicsPipelineProvider
[02Aug2026 18:20:28.065] [DH-Full Data Migration Thread[0]/INFO] [DistantHorizons-DistantHorizons-com.seibel.distanthorizons.core.file.fullDatafile.V2.DataMigratorV1/]: No migration necessary.
[02Aug2026 18:20:28.067] [Server thread/INFO] [DistantHorizons-DistantHorizons-com.seibel.distanthorizons.core.level.AbstractDhServerLevel/]: Started DhClientServerLevel for [Wrapped{ServerLevel[New World]@minecraft:the_end}] at [[LocalSaveStructure@(/home/krzysztofkalisiak/.local/share/ModrinthApp/profiles/Create Aeronautics (1)/saves/New World (1)/data;/home/krzysztofkalisiak/.local/share/ModrinthApp/profiles/Create Aeronautics (1)/saves/New World (1)/DIM1/data)]].
[02Aug2026 18:20:28.067] [Server thread/INFO] [dev.ryanhcode.sable.Sable/]: Creating physics pipeline for ResourceKey[minecraft:dimension / minecraft:the_nether] using RapierPhysicsPipelineProvider
[02Aug2026 18:20:28.079] [DH-Full Data Migration Thread[0]/INFO] [DistantHorizons-DistantHorizons-com.seibel.distanthorizons.core.file.fullDatafile.V2.DataMigratorV1/]: No migration necessary.
[02Aug2026 18:20:28.082] [Server thread/INFO] [DistantHorizons-DistantHorizons-com.seibel.distanthorizons.core.level.AbstractDhServerLevel/]: Started DhClientServerLevel for [Wrapped{ServerLevel[New World]@minecraft:the_nether}] at [[LocalSaveStructure@(/home/krzysztofkalisiak/.local/share/ModrinthApp/profiles/Create Aeronautics (1)/saves/New World (1)/data;/home/krzysztofkalisiak/.local/share/ModrinthApp/profiles/Create Aeronautics (1)/saves/New World (1)/DIM1/data;/home/krzysztofkalisiak/.local/share/ModrinthApp/profiles/Create Aeronautics (1)/saves/New World (1)/DIM-1/data)]].
[02Aug2026 18:20:28.082] [Server thread/INFO] [net.minecraft.server.MinecraftServer/]: Preparing start region for dimension minecraft:overworld
[02Aug2026 18:20:28.107] [Render thread/INFO] [net.minecraft.server.level.progress.LoggerChunkProgressListener/]: Preparing spawn area: 0%
[02Aug2026 18:20:28.167] [Server thread/INFO] [net.neoforged.neoforge.server.permission.PermissionAPI/]: Successfully initialized permission handler neoforge:default_handler
[02Aug2026 18:20:28.167] [Server thread/INFO] [me.yurtema.searchlights.Searchlights/]: HELLO from server starting
[02Aug2026 18:20:28.174] [Render thread/INFO] [net.minecraft.server.level.progress.LoggerChunkProgressListener/]: Time elapsed: 84 ms
[02Aug2026 18:20:28.196] [DH-Request Module Ticker [minecraft:overworld] Thread[0]/INFO] [DistantHorizons-DistantHorizons-com.seibel.distanthorizons.core.generation.BatchGenerator/]: Batch Chunk Generator initialized
[02Aug2026 18:20:28.196] [DH-Request Module Ticker [minecraft:overworld] Thread[0]/INFO] [DistantHorizons-DistantHorizons-com.seibel.distanthorizons.core.generation.queues.WorldGenerationQueue/]: Creating world gen queue
[02Aug2026 18:20:28.196] [DH-Request Module Ticker [minecraft:overworld] Thread[0]/INFO] [DistantHorizons-DistantHorizons-com.seibel.distanthorizons.core.generation.queues.WorldGenerationQueue/]: Created world gen queue
[02Aug2026 18:20:28.196] [DH-Request Module Ticker [minecraft:overworld] Thread[0]/INFO] [DistantHorizons-DistantHorizons-com.seibel.distanthorizons.core.file.fullDatafile.GeneratedFullDataSourceProvider/]: Set world gen queue for level [minecraft:overworld].
[02Aug2026 18:20:28.267] [Server thread/INFO] [net.minecraft.client.server.IntegratedServer/]: Changing view distance to 9, from 10
[02Aug2026 18:20:28.267] [Server thread/INFO] [net.minecraft.client.server.IntegratedServer/]: Changing simulation distance to 9, from 0
[02Aug2026 18:20:28.293] [Render thread/INFO] [dev.ryanhcode.sable.Sable/]: Adding local UDP server channel future
[02Aug2026 18:20:28.293] [Render thread/WARN] [io.netty.bootstrap.Bootstrap/]: Unknown channel option 'SO_BROADCAST' for channel '[id: 0x84012074]'
[02Aug2026 18:20:28.293] [Netty Server IO #5/INFO] [dev.ryanhcode.sable.Sable/]: Server UDP channel active
[02Aug2026 18:20:28.294] [Render thread/INFO] [dev.ryanhcode.sable.Sable/]: Starting local client UDP channel future
[02Aug2026 18:20:28.295] [Netty Local Client IO #3/INFO] [dev.ryanhcode.sable.Sable/]: Client UDP channel active
[02Aug2026 18:20:28.403] [Server thread/INFO] [net.minecraft.server.players.PlayerList/]: Eutio[local:E:a1fabe3c] logged in with entity id 40 at (-1.5578317378491926, 108.15759441683886, 174.86371273090603)
[02Aug2026 18:20:28.403] [Server thread/INFO] [dev.ryanhcode.sable.Sable/]: Beginning attempted authentication with player Eutio
[02Aug2026 18:20:28.413] [Server thread/INFO] [net.minecraft.server.MinecraftServer/]: Eutio joined the game
[02Aug2026 18:20:28.420] [Render thread/INFO] [xaero.hud.minimap.MinimapLogs/]: Minimap required item set to nothing.
[02Aug2026 18:20:28.420] [Render thread/INFO] [xaero.hud.minimap.MinimapLogs/]: New Xaero hud session initialized!
[02Aug2026 18:20:28.423] [Server thread/INFO] [DistantHorizons-DistantHorizons-com.seibel.distanthorizons.core.api.internal.ServerApi/]: Player [Eutio] joined.
[02Aug2026 18:20:28.435] [Render thread/INFO] [Iris/]: Reloading pipeline on dimension change: minecraft:overworld => minecraft:overworld
[02Aug2026 18:20:28.435] [Render thread/INFO] [Photonics/]: Photonics history reset v72: reason=pipeline-destroyed, generation=2
[02Aug2026 18:20:28.436] [Render thread/INFO] [Photonics/]: Photonics chunk compiler v72 stopped: pendingSections=0, memory=jvmHeap={usedBytes=1539127864, committedBytes=3003121664, maxBytes=8589934592}, jvmGc={collections=80, timeMs=891}, worldHeap=GpuBufferHeapStats[capacityBytes=536870912, reservedBytes=111811252, liveBytes=111807604, peakLiveBytes=111807604, reusableBytes=3648, allocations=90125, reusedAllocations=93, frees=104, failedAllocations=0], paletteHeap=GpuBufferHeapStats[capacityBytes=201326592, reservedBytes=72480, liveBytes=72480, peakLiveBytes=72480, reusableBytes=0, allocations=755, reusedAllocations=0, frees=0, failedAllocations=0], registries={lights=Stats[cachedObjects=1, pendingFreeObjects=0, allocatedObjects=1, failedAllocations=0], palettes=Stats[cachedObjects=755, pendingFreeObjects=0, allocatedObjects=755, failedAllocations=0], blocks=Stats[cachedObjects=1213, pendingFreeObjects=0, allocatedObjects=1213, failedAllocations=0], models=Stats[cachedObjects=30, pendingFreeObjects=0, allocatedObjects=30, failedAllocations=0]}
[02Aug2026 18:20:28.439] [Render thread/INFO] [Photonics/]: Photonics light registry contains 127 light definitions for 98 blocks
[02Aug2026 18:20:28.439] [Render thread/INFO] [Iris/]: Destroying pipeline minecraft:overworld
[02Aug2026 18:20:28.441] [Render thread/INFO] [Photonics/]: Loaded ph_lights.json for shader pack 'photon-main (1).zip'
[02Aug2026 18:20:28.444] [Render thread/INFO] [Photonics/]: Photonics light registry contains 231 light definitions for 115 blocks
[02Aug2026 18:20:28.444] [Render thread/INFO] [Photonics/]: Photonics pipeline for 'photon-main (1).zip': enabled=true, mode=RESTIR, blockLight=true, gi=true, blockLightGi=false, handheld=true, shaderPackRenderScale=1.0, renderScale=0.75, giRenderScale=0.5, temporalUpscalerRequested=false, temporalUpscalerSourceScale=0.67, temporalUpscalerActive=false, temporalUpscalerHistoryFrames=8, maxLights=4000, maxSamples=20, restirInitial=16, restirSpatial=1, restirDenoiser=5, restirGiDenoiser=3, restirSoftShadows=false, restirCombinedGi=true
[02Aug2026 18:20:28.603] [DH-Request Module Ticker [minecraft:the_end] Thread[0]/INFO] [DistantHorizons-DistantHorizons-com.seibel.distanthorizons.core.generation.BatchGenerator/]: Batch Chunk Generator initialized
[02Aug2026 18:20:28.603] [DH-Request Module Ticker [minecraft:the_nether] Thread[0]/INFO] [DistantHorizons-DistantHorizons-com.seibel.distanthorizons.core.generation.BatchGenerator/]: Batch Chunk Generator initialized
[02Aug2026 18:20:28.604] [DH-Request Module Ticker [minecraft:the_end] Thread[0]/INFO] [DistantHorizons-DistantHorizons-com.seibel.distanthorizons.core.generation.queues.WorldGenerationQueue/]: Creating world gen queue
[02Aug2026 18:20:28.604] [DH-Request Module Ticker [minecraft:the_nether] Thread[0]/INFO] [DistantHorizons-DistantHorizons-com.seibel.distanthorizons.core.generation.queues.WorldGenerationQueue/]: Creating world gen queue
[02Aug2026 18:20:28.604] [DH-Request Module Ticker [minecraft:the_nether] Thread[0]/INFO] [DistantHorizons-DistantHorizons-com.seibel.distanthorizons.core.generation.queues.WorldGenerationQueue/]: Created world gen queue
[02Aug2026 18:20:28.604] [DH-Request Module Ticker [minecraft:the_end] Thread[0]/INFO] [DistantHorizons-DistantHorizons-com.seibel.distanthorizons.core.generation.queues.WorldGenerationQueue/]: Created world gen queue
[02Aug2026 18:20:28.604] [DH-Request Module Ticker [minecraft:the_nether] Thread[0]/INFO] [DistantHorizons-DistantHorizons-com.seibel.distanthorizons.core.file.fullDatafile.GeneratedFullDataSourceProvider/]: Set world gen queue for level [minecraft:the_nether].
[02Aug2026 18:20:28.604] [DH-Request Module Ticker [minecraft:the_end] Thread[0]/INFO] [DistantHorizons-DistantHorizons-com.seibel.distanthorizons.core.file.fullDatafile.GeneratedFullDataSourceProvider/]: Set world gen queue for level [minecraft:the_end].
[02Aug2026 18:20:28.663] [Render thread/INFO] [Photonics/]: Photonics feature increment: v65 upstream traversal guard, hand texture-normal evaluation, immature-history edge variance, and variance-guided full SVGF passes; direct-light-v64 proxy ownership retained
[02Aug2026 18:20:28.663] [Render thread/INFO] [Photonics/]: Photonics GI foundation v99: finite full-position indirect reservoirs, corrected primary-ray origin/origin rebasing/explicit sky hits, Jacobian-weighted world-hit temporal reuse for world and Sable receivers, geometric-normal-consistent indirect energy, explicit empty non-world reservoirs, hand temporal isolation, and selected-reservoir visibility validation
[02Aug2026 18:20:28.663] [Render thread/INFO] [Photonics/]: Photonics ReSTIR GI v79: combinedGi=true, splitGi=true, directScale=0.75, giScale=0.5, directDenoiserPasses=5, giDenoiserPasses=3, giPipeline=independent-frag-grid+reservoirs+history+svgf, composition=post-estimator-screen-space
[02Aug2026 18:20:28.663] [Render thread/INFO] [Photonics/]: Photonics split-GI reconstruction v81: receiver-aware four-tap interpolation with unsupported-pixel nearest-compatible fallback
[02Aug2026 18:20:28.663] [Render thread/INFO] [Photonics/]: Photonics GI stability v82: world-hit temporal reservoir reuse enabled for rigidly reprojected Sable receivers; hand history remains isolated
[02Aug2026 18:20:28.663] [Render thread/INFO] [Photonics/]: Photonics direct startup v100: unbiased logarithmic camera-rank strata for large light lists with exact compact-list prefix proposals
[02Aug2026 18:20:28.663] [Render thread/WARN] [Photonics/]: Photonics ReSTIR source/history diagnostic v103 enabled via -Dphotonics.restirSourceHistoryDiagnostic=true; panels=top-left-current-direct/top-right-accumulated-direct/bottom-left-denoised-direct/bottom-right-final-gi, handheld-and-exact-local-lighting=omitted, auxiliary-lighting-components=not-registered
[02Aug2026 18:20:28.663] [Render thread/INFO] [Photonics/]: Photonics ReSTIR GI transport v85+: stochastic tinted-glass traversal and endpoint-first transparent-hit validation
[02Aug2026 18:20:28.663] [Render thread/INFO] [Photonics/]: Photonics stability v86: deterministic thin-cutout GI coverage and bounded palette-heap compiler recovery probes
[02Aug2026 18:20:28.663] [Render thread/INFO] [Photonics/]: Photonics ReSTIR GI validation v88: triState=valid/blocked-current-receiver/stale, blockedHistoryM=preserved-once-with-zero-energy, staleHistoryM=excluded, maxTemporalCandidates=1, maxSpatialCandidates=1, maxTraversalSteps=128
[02Aug2026 18:20:28.663] [Render thread/INFO] [Photonics/]: Photonics feature set: direct-light-v64 expiring Contraption Lights proxy ownership with a conservative nearby unmatched-proxy quarantine, position-matched Sable light alias trail with registry/profile diagnostics and render-thread-owned external merge, full-precision motion-grid Sable receiver visibility and endpoint-safe conservative traversal, dual-space Sable light de-duplication, production composite restored after v57 reservoir diagnostics, corrected indirect hit-normal decoding, full temporal reservoir retention for Sable external lighting, randomized systematic world-light proposals, Sable skylight-transition diagnostics with opt-in getter freeze, post-denoise exact Sable-local direct stream and fail-closed same-domain visibility, camera-relative double-composed Sable reprojection, normal-guided receiver classification, tri-state same-sublevel visibility and conservative supercover voxel traversal, sampling-time receiver-domain partition with exact same-sublevel direct lighting, external-only Sable reservoirs and soft-shadow local-visibility-signature-guided Sable SVGF support, preserved all-zero current proposal batches, elapsed-time moving-light hysteresis and unsnapped render-pose positions, rejected spatial-batch accounting, receiver-domain-complete stable/external history partition and rigid-motion Sable spatial reuse, bounded visibility-rejected reservoirs and representative-scoped external reactivity, split stable/external accumulation histories and stale Sable material recovery, explicit emitter motion-domain identity, motion-domain-stable receiver-relative light-history limits, previous-light position metadata, rotation-correct cross-sublevel motion, guarded ordinary-world all-light and external-only Sable single-neighbor spatial reuse, immutable spatial input, current-receiver visibility validation, bounded spatial history, independent spatial random stream, bounded reservoirs, zero-contribution batch accounting, actual-motion reactive lights, stable-anchor Sable reprojection, surface-plane SVGF, visibility-transition provenance, stable Sable identity, current-visible temporal reuse, Sable plot-section isolation, deterministic diagonal cutouts, generation-aligned adaptive stratified ReSTIR proposals, exposed-face Sable local visibility, duplicate Veil point-light suppression, moving-light and Iris material bridges; finite-segment OOB visibility and tree-origin tracing, masked passes, texture barriers, accumulation, denoising, handheld; Sable-receiver world/cross-sublevel spatial reuse and combined GI compatibility gates active
[02Aug2026 18:20:28.663] [Render thread/INFO] [Photonics/]: Photonics ReSTIR configuration v100: directCandidatesPerPixel=16, directTemporalSampleCap=320, directOutputSampleCap=world-128/sable-temporal-cap, spatialCandidates=1, spatialRadiusPixels=5.0, output=split-direct-and-gi-radiance-plus-exact-sable-local, samplingPolicy=large-list-logarithmic-rank-strata+compact-list-systematic-prefix-tail+distinct-priority-prefix/sable-external-reservoir/exact-all-same-token-lights/fail-closed-tri-state-conservative-local-dda/full-precision-motion-grid-receiver/normal-biased-endpoint/preserved-zero-current-batches, spatialPolicy=receiver-matched-current-frame/external-only-sable/current-rejection-accounting/immutable-input/initial-batch-cap+rejected-fallback-cap+background-finalization, historyPolicy=receiver-domain-complete-split-stable-external/direct-only-full-rigid-local-history/camera-relative-double-compose/normal-guided-receiver/soft-local-signature-reset/visibility-transition-reset/representative-scoped-external-reactivity/explicit-emitter-domain/0.15-block-trail/2-frame-floor, lightListPolicy=position-matched-250ms-alias-trail/250ms-after-loss-minecraft-light-proxy-ownership/125ms+2-frame-unmatched-proxy-quarantine/3-cell-alias-radius/render-thread-owned-merge, motionHoldMs=250, denoiserPolicy=post-denoise-exact-local-hard-shadow+representative-gated-world+soft-local-signature-sable, sableSkyLightDiagnostic=transition-log/optional-freeze-getter, directDenoiserPasses=5, giDenoiserPasses=3, softShadows=false, combinedGi=true, splitGi=true
[02Aug2026 18:20:28.670] [Render thread/INFO] [Photonics/]: Photonics history reset v18: reason=pipeline-created, generation=3, dimension=minecraft:overworld
[02Aug2026 18:20:28.670] [Render thread/INFO] [Iris/]: Creating pipeline for dimension minecraft:overworld
[02Aug2026 18:20:28.739] [Render thread/INFO] [org.anarres.cpp.DefaultPreprocessorListener/]: null:0:0: error: #endif without #if
[02Aug2026 18:20:28.745] [Render thread/INFO] [org.anarres.cpp.DefaultPreprocessorListener/]: null:0:0: error: #endif without #if
[02Aug2026 18:20:28.751] [Render thread/INFO] [org.anarres.cpp.DefaultPreprocessorListener/]: null:0:0: error: #endif without #if
[02Aug2026 18:20:28.763] [Render thread/INFO] [org.anarres.cpp.DefaultPreprocessorListener/]: null:0:0: error: #endif without #if
[02Aug2026 18:20:28.774] [Render thread/INFO] [org.anarres.cpp.DefaultPreprocessorListener/]: null:0:0: error: #endif without #if
[02Aug2026 18:20:28.784] [Render thread/INFO] [org.anarres.cpp.DefaultPreprocessorListener/]: null:0:0: error: #endif without #if
[02Aug2026 18:20:28.793] [Render thread/INFO] [org.anarres.cpp.DefaultPreprocessorListener/]: null:0:0: error: #endif without #if
[02Aug2026 18:20:28.803] [Render thread/INFO] [org.anarres.cpp.DefaultPreprocessorListener/]: null:0:0: error: #endif without #if
[02Aug2026 18:20:28.812] [Render thread/INFO] [org.anarres.cpp.DefaultPreprocessorListener/]: null:0:0: error: #endif without #if
[02Aug2026 18:20:28.822] [Render thread/INFO] [org.anarres.cpp.DefaultPreprocessorListener/]: null:0:0: error: #endif without #if
[02Aug2026 18:20:28.832] [Render thread/INFO] [org.anarres.cpp.DefaultPreprocessorListener/]: null:0:0: error: #endif without #if
[02Aug2026 18:20:28.843] [Render thread/INFO] [org.anarres.cpp.DefaultPreprocessorListener/]: null:0:0: error: #endif without #if
[02Aug2026 18:20:28.853] [Render thread/INFO] [org.anarres.cpp.DefaultPreprocessorListener/]: null:0:0: error: #endif without #if
[02Aug2026 18:20:28.862] [Render thread/INFO] [org.anarres.cpp.DefaultPreprocessorListener/]: null:0:0: error: #endif without #if
[02Aug2026 18:20:28.872] [Render thread/INFO] [org.anarres.cpp.DefaultPreprocessorListener/]: null:0:0: error: #endif without #if
[02Aug2026 18:20:28.882] [Render thread/INFO] [org.anarres.cpp.DefaultPreprocessorListener/]: null:0:0: error: #endif without #if
[02Aug2026 18:20:28.907] [Render thread/ERROR] [Iris/]: Failed to create shader rendering pipeline, disabling shaders!
java.lang.IllegalStateException: No more available texture units while activating sampler shadowcolor0
	at TRANSFORMER/iris@1.8.14-beta.1+mc1.21.1/net.irisshaders.iris.gl.program.ProgramSamplers$Builder.addDynamicSampler(ProgramSamplers.java:198) ~[iris-neoforge-1.8.14-beta.1+mc1.21.1.jar%23230!/:?]
	at TRANSFORMER/iris@1.8.14-beta.1+mc1.21.1/net.irisshaders.iris.gl.program.ProgramSamplers$Builder.addDynamicSampler(ProgramSamplers.java:170) ~[iris-neoforge-1.8.14-beta.1+mc1.21.1.jar%23230!/:?]
	at TRANSFORMER/iris@1.8.14-beta.1+mc1.21.1/net.irisshaders.iris.gl.sampler.SamplerHolder.addDynamicSampler(SamplerHolder.java:28) ~[iris-neoforge-1.8.14-beta.1+mc1.21.1.jar%23230!/:?]
	at TRANSFORMER/iris@1.8.14-beta.1+mc1.21.1/net.irisshaders.iris.gl.program.ProgramBuilder.addDynamicSampler(ProgramBuilder.java:130) ~[iris-neoforge-1.8.14-beta.1+mc1.21.1.jar%23230!/:?]
	at TRANSFORMER/iris@1.8.14-beta.1+mc1.21.1/net.irisshaders.iris.gl.program.ProgramSamplers$CustomTextureSamplerInterceptor.addDynamicSampler(ProgramSamplers.java:303) ~[iris-neoforge-1.8.14-beta.1+mc1.21.1.jar%23230!/:?]
	at TRANSFORMER/iris@1.8.14-beta.1+mc1.21.1/net.irisshaders.iris.samplers.IrisSamplers.addShadowSamplers(IrisSamplers.java:148) ~[iris-neoforge-1.8.14-beta.1+mc1.21.1.jar%23230!/:?]
	at TRANSFORMER/iris@1.8.14-beta.1+mc1.21.1/net.irisshaders.iris.pipeline.CompositeRenderer.createProgram(CompositeRenderer.java:384) ~[iris-neoforge-1.8.14-beta.1+mc1.21.1.jar%23230!/:?]
	at TRANSFORMER/iris@1.8.14-beta.1+mc1.21.1/net.irisshaders.iris.pipeline.CompositeRenderer.<init>(CompositeRenderer.java:127) ~[iris-neoforge-1.8.14-beta.1+mc1.21.1.jar%23230!/:?]
	at TRANSFORMER/iris@1.8.14-beta.1+mc1.21.1/net.irisshaders.iris.pipeline.IrisRenderingPipeline.<init>(IrisRenderingPipeline.java:332) ~[iris-neoforge-1.8.14-beta.1+mc1.21.1.jar%23230!/:?]
	at TRANSFORMER/iris@1.8.14-beta.1+mc1.21.1/net.irisshaders.iris.Iris.createPipeline(Iris.java:642) ~[iris-neoforge-1.8.14-beta.1+mc1.21.1.jar%23230!/:?]
	at TRANSFORMER/iris@1.8.14-beta.1+mc1.21.1/net.irisshaders.iris.pipeline.PipelineManager.preparePipeline(PipelineManager.java:33) ~[iris-neoforge-1.8.14-beta.1+mc1.21.1.jar%23230!/:?]
	at TRANSFORMER/minecraft@1.21.1/net.minecraft.client.Minecraft.handler$bde000$iris$resetPipeline(Minecraft.java:7043) ~[client-1.21.1-20240808.144430-srg.jar%23215!/:?]
	at TRANSFORMER/minecraft@1.21.1/net.minecraft.client.Minecraft.updateLevelInEngines(Minecraft.java) ~[client-1.21.1-20240808.144430-srg.jar%23215!/:?]
	at TRANSFORMER/minecraft@1.21.1/net.minecraft.client.Minecraft.setLevel(Minecraft.java:2117) ~[client-1.21.1-20240808.144430-srg.jar%23215!/:?]
	at TRANSFORMER/minecraft@1.21.1/net.minecraft.client.multiplayer.ClientPacketListener.handleLogin(ClientPacketListener.java:421) ~[client-1.21.1-20240808.144430-srg.jar%23215!/:?]
	at TRANSFORMER/minecraft@1.21.1/net.minecraft.network.protocol.game.ClientboundLoginPacket.handle(ClientboundLoginPacket.java:69) ~[client-1.21.1-20240808.144430-srg.jar%23215!/:?]
	at TRANSFORMER/minecraft@1.21.1/net.minecraft.network.protocol.game.ClientboundLoginPacket.handle(ClientboundLoginPacket.java:17) ~[client-1.21.1-20240808.144430-srg.jar%23215!/:?]
	at TRANSFORMER/minecraft@1.21.1/net.minecraft.network.protocol.PacketUtils.lambda$ensureRunningOnSameThread$0(PacketUtils.java:27) ~[client-1.21.1-20240808.144430-srg.jar%23215!/:?]
	at TRANSFORMER/minecraft@1.21.1/net.minecraft.util.thread.BlockableEventLoop.doRunTask(BlockableEventLoop.java:148) ~[client-1.21.1-20240808.144430-srg.jar%23215!/:?]
	at TRANSFORMER/minecraft@1.21.1/net.minecraft.util.thread.ReentrantBlockableEventLoop.doRunTask(ReentrantBlockableEventLoop.java:23) ~[client-1.21.1-20240808.144430-srg.jar%23215!/:?]
	at TRANSFORMER/minecraft@1.21.1/net.minecraft.util.thread.BlockableEventLoop.pollTask(BlockableEventLoop.java:122) ~[client-1.21.1-20240808.144430-srg.jar%23215!/:?]
	at TRANSFORMER/minecraft@1.21.1/net.minecraft.util.thread.BlockableEventLoop.runAllTasks(BlockableEventLoop.java:111) ~[client-1.21.1-20240808.144430-srg.jar%23215!/:?]
	at TRANSFORMER/minecraft@1.21.1/net.minecraft.client.Minecraft.runTick(Minecraft.java:1155) ~[client-1.21.1-20240808.144430-srg.jar%23215!/:?]
	at TRANSFORMER/minecraft@1.21.1/net.minecraft.client.Minecraft.run(Minecraft.java:807) ~[client-1.21.1-20240808.144430-srg.jar%23215!/:?]
	at TRANSFORMER/minecraft@1.21.1/net.minecraft.client.main.Main.main(Main.java:230) ~[client-1.21.1-20240808.144430-srg.jar%23215!/:?]
	at java.base/jdk.internal.reflect.DirectMethodHandleAccessor.invoke(Unknown Source) ~[?:?]
	at java.base/java.lang.reflect.Method.invoke(Unknown Source) ~[?:?]
	at MC-BOOTSTRAP/fml_loader@4.0.42/net.neoforged.fml.loading.targets.CommonLaunchHandler.runTarget(CommonLaunchHandler.java:136) ~[loader-4.0.42.jar%23156!/:4.0]
	at MC-BOOTSTRAP/fml_loader@4.0.42/net.neoforged.fml.loading.targets.CommonLaunchHandler.clientService(CommonLaunchHandler.java:124) ~[loader-4.0.42.jar%23156!/:4.0]
	at MC-BOOTSTRAP/fml_loader@4.0.42/net.neoforged.fml.loading.targets.CommonClientLaunchHandler.runService(CommonClientLaunchHandler.java:32) ~[loader-4.0.42.jar%23156!/:4.0]
	at MC-BOOTSTRAP/fml_loader@4.0.42/net.neoforged.fml.loading.targets.CommonLaunchHandler.lambda$launchService$4(CommonLaunchHandler.java:118) ~[loader-4.0.42.jar%23156!/:4.0]
	at MC-BOOTSTRAP/cpw.mods.modlauncher@11.0.5/cpw.mods.modlauncher.LaunchServiceHandlerDecorator.launch(LaunchServiceHandlerDecorator.java:30) [modlauncher-11.0.5.jar%23161!/:?]
	at MC-BOOTSTRAP/cpw.mods.modlauncher@11.0.5/cpw.mods.modlauncher.LaunchServiceHandler.launch(LaunchServiceHandler.java:53) [modlauncher-11.0.5.jar%23161!/:?]
	at MC-BOOTSTRAP/cpw.mods.modlauncher@11.0.5/cpw.mods.modlauncher.LaunchServiceHandler.launch(LaunchServiceHandler.java:71) [modlauncher-11.0.5.jar%23161!/:?]
	at MC-BOOTSTRAP/cpw.mods.modlauncher@11.0.5/cpw.mods.modlauncher.Launcher.run(Launcher.java:103) [modlauncher-11.0.5.jar%23161!/:?]
	at MC-BOOTSTRAP/cpw.mods.modlauncher@11.0.5/cpw.mods.modlauncher.Launcher.main(Launcher.java:74) [modlauncher-11.0.5.jar%23161!/:?]
	at MC-BOOTSTRAP/cpw.mods.modlauncher@11.0.5/cpw.mods.modlauncher.BootstrapLaunchConsumer.accept(BootstrapLaunchConsumer.java:26) [modlauncher-11.0.5.jar%23161!/:?]
	at MC-BOOTSTRAP/cpw.mods.modlauncher@11.0.5/cpw.mods.modlauncher.BootstrapLaunchConsumer.accept(BootstrapLaunchConsumer.java:23) [modlauncher-11.0.5.jar%23161!/:?]
	at cpw.mods.bootstraplauncher@2.0.2/cpw.mods.bootstraplauncher.BootstrapLauncher.run(BootstrapLauncher.java:210) [bootstraplauncher-2.0.2.jar:?]
	at cpw.mods.bootstraplauncher@2.0.2/cpw.mods.bootstraplauncher.BootstrapLauncher.main(BootstrapLauncher.java:69) [bootstraplauncher-2.0.2.jar:?]
	at java.base/jdk.internal.reflect.DirectMethodHandleAccessor.invoke(Unknown Source) ~[?:?]
	at java.base/java.lang.reflect.Method.invoke(Unknown Source) ~[?:?]
	at com.modrinth.theseus.MinecraftLaunch.relaunch(MinecraftLaunch.java:63) [theseus.jar:?]
	at com.modrinth.theseus.MinecraftLaunch.main(MinecraftLaunch.java:28) [theseus.jar:?]
[02Aug2026 18:20:28.911] [Render thread/INFO] [ChunkBuilder/]: Started 10 worker threads
[02Aug2026 18:20:28.912] [Render thread/INFO] [net.minecraft.client.gui.components.ChatComponent/]: [System] [CHAT] Iris encountered an issue trying to load the shader; please report this to Iris developers. Copy Info
[02Aug2026 18:20:28.924] [Render thread/INFO] [xaero.hud.minimap.MinimapLogs/]: Minimap updated server level id: -1346616716 for world ResourceKey[minecraft:dimension / minecraft:overworld]
[02Aug2026 18:20:28.927] [Render thread/INFO] [net.minecraft.advancements.AdvancementTree/]: Loaded 53 advancements
[02Aug2026 18:20:28.942] [Render thread/INFO] [Photonics/]: Photonics v32 ignored Sable plot section notification: filtered=1, sectionX=1280063, sectionZ=1280319
[02Aug2026 18:20:28.942] [Render thread/INFO] [Photonics/]: Photonics v32 ignored Sable plot section notification: filtered=2, sectionX=1280063, sectionZ=1280320
[02Aug2026 18:20:28.942] [Render thread/INFO] [Photonics/]: Photonics v32 ignored Sable plot section notification: filtered=4, sectionX=1280063, sectionZ=1280319
[02Aug2026 18:20:28.942] [Render thread/INFO] [Photonics/]: Photonics v32 ignored Sable plot section notification: filtered=8, sectionX=1280063, sectionZ=1280320
[02Aug2026 18:20:28.942] [Render thread/INFO] [Photonics/]: Photonics v32 ignored Sable plot section notification: filtered=16, sectionX=1280064, sectionZ=1280319
[02Aug2026 18:20:28.942] [Render thread/INFO] [Photonics/]: Photonics v32 ignored Sable plot section notification: filtered=32, sectionX=1280063, sectionZ=1280320
[02Aug2026 18:20:28.942] [Render thread/INFO] [Photonics/]: Photonics v32 ignored Sable plot section notification: filtered=64, sectionX=1280064, sectionZ=1280319
[02Aug2026 18:20:28.943] [Render thread/INFO] [Photonics/]: Photonics v32 ignored Sable plot section notification: filtered=128, sectionX=1280065, sectionZ=1280320
[02Aug2026 18:20:28.943] [Render thread/INFO] [Photonics/]: Photonics v32 ignored Sable plot section notification: filtered=256, sectionX=1280064, sectionZ=1280319
[02Aug2026 18:20:28.944] [Render thread/INFO] [Photonics/]: Photonics v32 ignored Sable plot section notification: filtered=512, sectionX=1280065, sectionZ=1280320
[02Aug2026 18:20:28.945] [Render thread/INFO] [Photonics/]: Photonics v32 ignored Sable plot section notification: filtered=1024, sectionX=1280065, sectionZ=1280318
[02Aug2026 18:20:28.956] [Render thread/INFO] [Photonics/]: Photonics v32 ignored Sable plot section notification: filtered=2048, sectionX=1280062, sectionZ=1280192
[02Aug2026 18:20:28.983] [Render thread/INFO] [Photonics/]: Photonics v43 Sable source validation: zeroLuminanceButTraced=0, rejectedMaterial=0, recoveredStaleMaterial=0, firstIssue=none
[02Aug2026 18:20:28.983] [Render thread/INFO] [Photonics/]: Photonics world tracing v72: revision=0, settled=false, compiledSections=0, trackedSections=0, batchBuilt=0, batchUnloaded=0, pendingBuilds=0, pendingUnloads=0, ready=false, depth=0, blockBounds=( 0.000E+0  0.000E+0  0.000E+0)..( 0.000E+0  0.000E+0  0.000E+0), treeBounds=( 0.000E+0  0.000E+0  0.000E+0)..( 0.000E+0  0.000E+0  0.000E+0), origin=( 0.000E+0  0.000E+0  0.000E+0), boundsSource=tree, compileMs=0.000
[02Aug2026 18:20:28.983] [Render thread/INFO] [Photonics/]: Photonics v35 direct-light prefixes: movingLights=0, externalLights=0, totalLights=0, proposalBudget=adaptive-half-candidates
[02Aug2026 18:20:29.000] [Photonics Light List Compiler/INFO] [Photonics/]: Photonics light candidates v18: eligible=29, selected=29, maxLights=4000, lightSections=16, capped=false
[02Aug2026 18:20:29.054] [Render thread/INFO] [DistantHorizons-DistantHorizons-com.seibel.distanthorizons.common.render.openGl.glObject.shader.GlShader/]: Loading shader with type: [35633]
[02Aug2026 18:20:29.054] [Render thread/INFO] [DistantHorizons-DistantHorizons-com.seibel.distanthorizons.common.render.openGl.glObject.shader.GlShader/]: Shader loaded sucessfully.
[02Aug2026 18:20:29.054] [Render thread/INFO] [DistantHorizons-DistantHorizons-com.seibel.distanthorizons.common.render.openGl.glObject.shader.GlShader/]: Loading shader with type: [35632]
[02Aug2026 18:20:29.055] [Render thread/INFO] [DistantHorizons-DistantHorizons-com.seibel.distanthorizons.common.render.openGl.glObject.shader.GlShader/]: Shader loaded sucessfully.
[02Aug2026 18:20:29.055] [Render thread/INFO] [DistantHorizons-DistantHorizons-com.seibel.distanthorizons.common.render.openGl.glObject.vertexAttribute.GlVertexAttributePostGL43/]: Vertex Attribute (GL43+) completed. It contains 1 binding points and a stride size of 12
[02Aug2026 18:20:29.055] [Render thread/INFO] [DistantHorizons-DistantHorizons-com.seibel.distanthorizons.common.render.openGl.glObject.shader.GlShader/]: Loading shader with type: [35633]
[02Aug2026 18:20:29.055] [Render thread/INFO] [DistantHorizons-DistantHorizons-com.seibel.distanthorizons.common.render.openGl.glObject.shader.GlShader/]: Shader loaded sucessfully.
[02Aug2026 18:20:29.056] [Render thread/INFO] [DistantHorizons-DistantHorizons-com.seibel.distanthorizons.common.render.openGl.glObject.shader.GlShader/]: Loading shader with type: [35632]
[02Aug2026 18:20:29.056] [Render thread/INFO] [DistantHorizons-DistantHorizons-com.seibel.distanthorizons.common.render.openGl.glObject.shader.GlShader/]: Shader loaded sucessfully.
[02Aug2026 18:20:29.057] [Render thread/INFO] [DistantHorizons-DistantHorizons-com.seibel.distanthorizons.common.render.openGl.glObject.vertexAttribute.GlVertexAttributePostGL43/]: Vertex Attribute (GL43+) completed. It contains 1 binding points and a stride size of 12
[02Aug2026 18:20:29.085] [Render thread/WARN] [Sodium-VertexConsumerTracker/]: Class com.mojang.blaze3d.vertex.BufferBuilder does not support optimized vertex writing code paths, which may cause reduced rendering performance
[02Aug2026 18:20:29.162] [Photonics Light List Compiler/INFO] [Photonics/]: Photonics light candidates v18: eligible=1140, selected=1140, maxLights=4000, lightSections=172, capped=false
[02Aug2026 18:20:29.162] [Photonics Light List Compiler/INFO] [Photonics/]: Photonics light-list publication v88: coalescedBatches=13, peakPendingSections=535, remainingSections=0, deferredMs=151.305
[02Aug2026 18:20:29.257] [Render thread/INFO] [Photonics/]: Photonics v64 stale section-light suppression active: lights=1, aliases=2, aliasHoldMs=250, maxAliasesPerLight=24, matching=position+(registry-id/profile diagnostics)+after-loss-owned-nearby-Light-proxy-quarantine, mergeOwner=render-thread
[02Aug2026 18:20:29.257] [Render thread/INFO] [Photonics/]: Photonics v42 frame-aligned Contraption Lights/Sable light bridge active: structures=3, sourceLights=1, uploadedLights=1, identity=sublevel-uuid-token, proposalBudget=adaptive-half-candidates
[02Aug2026 18:20:29.257] [Render thread/INFO] [Photonics/]: Photonics v24 Sable moving lights: 0 -> 1 (structures=3, sourceLights=1)
[02Aug2026 18:20:29.257] [Render thread/INFO] [Photonics/]: Photonics v35 Sable reactive lights: moving=1, stationary=0, uploaded=1
[02Aug2026 18:20:29.257] [Render thread/INFO] [Photonics/]: Photonics v55 Sable skylight diagnostics active: source=ClientSubLevel.latestSkyLightScale, freezeGetter=false
[02Aug2026 18:20:29.257] [Render thread/INFO] [Photonics/]: Photonics v55 Sable skylight transition: subLevel=66295c10-f35f-4351-af34-a9421d787c33, scale=initial -> 15, logicalY=76.35457 (cell 76), renderY=76.35457 (cell 76), cameraY=109.77759 (cell 109)
[02Aug2026 18:20:29.258] [Render thread/INFO] [Photonics/]: Photonics v55 Sable skylight transition: subLevel=4de0b23a-a039-4374-baa4-dd946612d8f9, scale=initial -> 15, logicalY=76.50000 (cell 76), renderY=76.50000 (cell 76), cameraY=109.77759 (cell 109)
[02Aug2026 18:20:29.258] [Render thread/INFO] [Photonics/]: Photonics v55 Sable skylight transition: subLevel=cbc7d7cd-cd2f-40e1-b271-034f19770a7b, scale=initial -> 15, logicalY=69.49741 (cell 69), renderY=69.49741 (cell 69), cameraY=109.77759 (cell 109)
[02Aug2026 18:20:29.260] [Render thread/INFO] [Photonics/]: Photonics v27 Sable geometry atlas rebuilt: rebuild=1, subLevels=3, receiverCells=15, occluderCells=11, size=4x4x6, precision=solid-block-cell, payloadHash=e3dcccc1
[02Aug2026 18:20:29.260] [Render thread/INFO] [Photonics/]: Photonics v50 Sable receiver motion active: subLevels=3, classifier=normal-guided-receiver-cell-atlas+emissive-cells, emitterIdentity=explicit-sublevel-token, localVisibility=tri-state-token-gated-conservative-supercover-dda, temporalTransform=camera-relative-stable-anchor-double-compose
[02Aug2026 18:20:29.260] [Render thread/INFO] [Photonics/]: Photonics v24 Sable receiver motion: 0 -> 3
[02Aug2026 18:20:29.264] [Render thread/INFO] [Photonics/]: Photonics v64 external-light de-duplication: suppressedSectionLights=0, aliasBlockIdMatches=0, aliasLightProfileMatches=0, aliasPositionFallbacks=0, confirmedProxySuppressions=0, quarantinedProxyLights=0, trackedProxyCells=0, replacementAliases=2, externalLights=1, firstSuppressed=none
[02Aug2026 18:20:29.265] [Render thread/INFO] [Photonics/]: Photonics light list pending: 0 -> 1141
[02Aug2026 18:20:29.265] [Render thread/INFO] [Photonics/]: Photonics v35 direct-light prefixes: movingLights=1, externalLights=1, totalLights=1141, proposalBudget=adaptive-half-candidates
[02Aug2026 18:20:29.386] [Render thread/INFO] [Photonics/]: Photonics v31 suppressing duplicate Contraption Lights/Veil point-light energy; Sable emissive material and bloom remain enabled
[02Aug2026 18:20:29.389] [Photonics Light List Compiler/INFO] [Photonics/]: Photonics light candidates v18: eligible=1676, selected=1676, maxLights=4000, lightSections=188, capped=false
[02Aug2026 18:20:29.389] [Photonics Light List Compiler/INFO] [Photonics/]: Photonics light-list publication v88: coalescedBatches=4, peakPendingSections=427, remainingSections=0, deferredMs=85.764
[02Aug2026 18:20:29.467] [Render thread/INFO] [Photonics/]: Photonics light list pending: 1141 -> 1677
[02Aug2026 18:20:29.685] [Photonics Light List Compiler/INFO] [Photonics/]: Photonics light candidates v18: eligible=2226, selected=2226, maxLights=4000, lightSections=236, capped=false
[02Aug2026 18:20:29.685] [Photonics Light List Compiler/INFO] [Photonics/]: Photonics light-list publication v88: coalescedBatches=18, peakPendingSections=688, remainingSections=0, deferredMs=105.336
[02Aug2026 18:20:29.725] [Render thread/INFO] [Photonics/]: Photonics v35 Sable reactive lights: moving=0, stationary=1, uploaded=1
[02Aug2026 18:20:29.725] [Render thread/INFO] [Photonics/]: Photonics v55 Sable skylight transition: subLevel=4de0b23a-a039-4374-baa4-dd946612d8f9, scale=15 -> 0, logicalY=76.50000 (cell 76), renderY=76.50000 (cell 76), cameraY=109.77759 (cell 109)
[02Aug2026 18:20:29.732] [Render thread/INFO] [Photonics/]: Photonics v64 external-light de-duplication: suppressedSectionLights=1, aliasBlockIdMatches=0, aliasLightProfileMatches=0, aliasPositionFallbacks=1, confirmedProxySuppressions=0, quarantinedProxyLights=0, trackedProxyCells=1, replacementAliases=2, externalLights=1, firstSuppressed=( 5.100E+1  6.900E+1  1.400E+2)
[02Aug2026 18:20:29.733] [Render thread/INFO] [Photonics/]: Photonics light list pending: 1677 -> 2226
[02Aug2026 18:20:29.733] [Render thread/INFO] [Photonics/]: Photonics v35 direct-light prefixes: movingLights=0, externalLights=1, totalLights=2226, proposalBudget=adaptive-half-candidates
[02Aug2026 18:20:29.897] [Photonic Chunk Compiler #1/INFO] [Photonics/]: Photonics voxel diagnostic: state=Block{minecraft:verdant_froglight}[axis=y] vertexHash=f607b2ff7ed01200 complete=true samples=1600 alphaZero=0 alphaPartial=0 alphaOpaque=1600 rgbMean=[217.1,237.8,214.6] rgbRange=[120-248,166-253,92-248] voxels=1352 aabb=[0,0,0]-[15,15,15] parts=[( 0.000E+0  0.000E+0  0.000E+0)]
[02Aug2026 18:20:29.898] [Photonic Chunk Compiler #1/INFO] [Photonics/]: Photonics voxel occupancy: state=Block{minecraft:verdant_froglight}[axis=y] part=( 0.000E+0  0.000E+0  0.000E+0) slices=y0=ffff/ffff/ffff/ffff/ffff/ffff/ffff/ffff/ffff/ffff/ffff/ffff/ffff/ffff/ffff/ffff;y1=ffff/8001/8001/8001/8001/8001/8001/8001/8001/8001/8001/8001/8001/8001/8001/ffff;y2=ffff/8001/8001/8001/8001/8001/8001/8001/8001/8001/8001/8001/8001/8001/8001/ffff;y3=ffff/8001/8001/8001/8001/8001/8001/8001/8001/8001/8001/8001/8001/8001/8001/ffff;y4=ffff/8001/8001/8001/8001/8001/8001/8001/8001/8001/8001/8001/8001/8001/8001/ffff;y5=ffff/8001/8001/8001/8001/8001/8001/8001/8001/8001/8001/8001/8001/8001/8001/ffff;y6=ffff/8001/8001/8001/8001/8001/8001/8001/8001/8001/8001/8001/8001/8001/8001/ffff;y7=ffff/8001/8001/8001/8001/8001/8001/8001/8001/8001/8001/8001/8001/8001/8001/ffff;y8=ffff/8001/8001/8001/8001/8001/8001/8001/8001/8001/8001/8001/8001/8001/8001/ffff;y9=ffff/8001/8001/8001/8001/8001/8001/8001/8001/8001/8001/8001/8001/8001/8001/ffff;y10=ffff/8001/8001/8001/8001/8001/8001/8001/8001/8001/8001/8001/8001/8001/8001/ffff;y11=ffff/8001/8001/8001/8001/8001/8001/8001/8001/8001/8001/8001/8001/8001/8001/ffff;y12=ffff/8001/8001/8001/8001/8001/8001/8001/8001/8001/8001/8001/8001/8001/8001/ffff;y13=ffff/8001/8001/8001/8001/8001/8001/8001/8001/8001/8001/8001/8001/8001/8001/ffff;y14=ffff/8001/8001/8001/8001/8001/8001/8001/8001/8001/8001/8001/8001/8001/8001/ffff;y15=ffff/ffff/ffff/ffff/ffff/ffff/ffff/ffff/ffff/ffff/ffff/ffff/ffff/ffff/ffff/ffff
[02Aug2026 18:20:30.035] [Photonic Chunk Compiler #0/INFO] [Photonics/]: Photonics voxel diagnostic: state=Block{minecraft:oak_fence}[east=true,north=false,south=false,waterlogged=false,west=false] vertexHash=912f0bb520183000 complete=true samples=496 alphaZero=0 alphaPartial=0 alphaOpaque=496 rgbMean=[158.7,127.7,76.5] rgbRange=[103-194,80-157,44-98] voxels=296 aabb=[6,0,6]-[15,15,9] parts=[( 0.000E+0  0.000E+0  0.000E+0)]
[02Aug2026 18:20:30.035] [Photonic Chunk Compiler #0/INFO] [Photonics/]: Photonics voxel occupancy: state=Block{minecraft:oak_fence}[east=true,north=false,south=false,waterlogged=false,west=false] part=( 0.000E+0  0.000E+0  0.000E+0) slices=y0=0000/0000/0000/0000/0000/0000/03c0/03c0/03c0/03c0/0000/0000/0000/0000/0000/0000;y1=0000/0000/0000/0000/0000/0000/03c0/0240/0240/03c0/0000/0000/0000/0000/0000/0000;y2=0000/0000/0000/0000/0000/0000/03c0/0240/0240/03c0/0000/0000/0000/0000/0000/0000;y3=0000/0000/0000/0000/0000/0000/03c0/0240/0240/03c0/0000/0000/0000/0000/0000/0000;y4=0000/0000/0000/0000/0000/0000/03c0/0240/0240/03c0/0000/0000/0000/0000/0000/0000;y5=0000/0000/0000/0000/0000/0000/03c0/0240/0240/03c0/0000/0000/0000/0000/0000/0000;y6=0000/0000/0000/0000/0000/0000/03c0/ffc0/ffc0/03c0/0000/0000/0000/0000/0000/0000;y7=0000/0000/0000/0000/0000/0000/03c0/ffc0/ffc0/03c0/0000/0000/0000/0000/0000/0000;y8=0000/0000/0000/0000/0000/0000/03c0/ffc0/ffc0/03c0/0000/0000/0000/0000/0000/0000;y9=0000/0000/0000/0000/0000/0000/03c0/0240/0240/03c0/0000/0000/0000/0000/0000/0000;y10=0000/0000/0000/0000/0000/0000/03c0/0240/0240/03c0/0000/0000/0000/0000/0000/0000;y11=0000/0000/0000/0000/0000/0000/03c0/0240/0240/03c0/0000/0000/0000/0000/0000/0000;y12=0000/0000/0000/0000/0000/0000/03c0/ffc0/ffc0/03c0/0000/0000/0000/0000/0000/0000;y13=0000/0000/0000/0000/0000/0000/03c0/ffc0/ffc0/03c0/0000/0000/0000/0000/0000/0000;y14=0000/0000/0000/0000/0000/0000/03c0/ffc0/ffc0/03c0/0000/0000/0000/0000/0000/0000;y15=0000/0000/0000/0000/0000/0000/03c0/03c0/03c0/03c0/0000/0000/0000/0000/0000/0000
[02Aug2026 18:20:30.041] [Photonic Chunk Compiler #0/INFO] [Photonics/]: Photonics voxel diagnostic: state=Block{minecraft:oak_fence}[east=false,north=false,south=false,waterlogged=false,west=false] vertexHash=22e405c0ae701200 complete=true samples=292 alphaZero=0 alphaPartial=0 alphaOpaque=292 rgbMean=[160.4,129.4,77.5] rgbRange=[103-194,80-157,44-98] voxels=200 aabb=[6,0,6]-[9,15,9] parts=[( 0.000E+0  0.000E+0  0.000E+0)]
[02Aug2026 18:20:30.041] [Photonic Chunk Compiler #0/INFO] [Photonics/]: Photonics voxel occupancy: state=Block{minecraft:oak_fence}[east=false,north=false,south=false,waterlogged=false,west=false] part=( 0.000E+0  0.000E+0  0.000E+0) slices=y0=0000/0000/0000/0000/0000/0000/03c0/03c0/03c0/03c0/0000/0000/0000/0000/0000/0000;y1=0000/0000/0000/0000/0000/0000/03c0/0240/0240/03c0/0000/0000/0000/0000/0000/0000;y2=0000/0000/0000/0000/0000/0000/03c0/0240/0240/03c0/0000/0000/0000/0000/0000/0000;y3=0000/0000/0000/0000/0000/0000/03c0/0240/0240/03c0/0000/0000/0000/0000/0000/0000;y4=0000/0000/0000/0000/0000/0000/03c0/0240/0240/03c0/0000/0000/0000/0000/0000/0000;y5=0000/0000/0000/0000/0000/0000/03c0/0240/0240/03c0/0000/0000/0000/0000/0000/0000;y6=0000/0000/0000/0000/0000/0000/03c0/0240/0240/03c0/0000/0000/0000/0000/0000/0000;y7=0000/0000/0000/0000/0000/0000/03c0/0240/0240/03c0/0000/0000/0000/0000/0000/0000;y8=0000/0000/0000/0000/0000/0000/03c0/0240/0240/03c0/0000/0000/0000/0000/0000/0000;y9=0000/0000/0000/0000/0000/0000/03c0/0240/0240/03c0/0000/0000/0000/0000/0000/0000;y10=0000/0000/0000/0000/0000/0000/03c0/0240/0240/03c0/0000/0000/0000/0000/0000/0000;y11=0000/0000/0000/0000/0000/0000/03c0/0240/0240/03c0/0000/0000/0000/0000/0000/0000;y12=0000/0000/0000/0000/0000/0000/03c0/0240/0240/03c0/0000/0000/0000/0000/0000/0000;y13=0000/0000/0000/0000/0000/0000/03c0/0240/0240/03c0/0000/0000/0000/0000/0000/0000;y14=0000/0000/0000/0000/0000/0000/03c0/0240/0240/03c0/0000/0000/0000/0000/0000/0000;y15=0000/0000/0000/0000/0000/0000/03c0/03c0/03c0/03c0/0000/0000/0000/0000/0000/0000
[02Aug2026 18:20:30.042] [Photonics Light List Compiler/INFO] [Photonics/]: Photonics light candidates v18: eligible=2791, selected=2791, maxLights=4000, lightSections=323, capped=false
[02Aug2026 18:20:30.042] [Photonics Light List Compiler/INFO] [Photonics/]: Photonics light-list publication v88: coalescedBatches=32, peakPendingSections=956, remainingSections=0, deferredMs=178.351
[02Aug2026 18:20:30.058] [Photonic Chunk Compiler #0/INFO] [Photonics/]: Photonics voxel diagnostic: state=Block{minecraft:oak_fence}[east=false,north=false,south=false,waterlogged=false,west=true] vertexHash=db6e5e6e85183000 complete=true samples=496 alphaZero=0 alphaPartial=0 alphaOpaque=496 rgbMean=[158.7,127.7,76.5] rgbRange=[103-194,80-157,44-98] voxels=296 aabb=[0,0,6]-[9,15,9] parts=[( 0.000E+0  0.000E+0  0.000E+0)]
[02Aug2026 18:20:30.058] [Photonic Chunk Compiler #0/INFO] [Photonics/]: Photonics voxel occupancy: state=Block{minecraft:oak_fence}[east=false,north=false,south=false,waterlogged=false,west=true] part=( 0.000E+0  0.000E+0  0.000E+0) slices=y0=0000/0000/0000/0000/0000/0000/03c0/03c0/03c0/03c0/0000/0000/0000/0000/0000/0000;y1=0000/0000/0000/0000/0000/0000/03c0/0240/0240/03c0/0000/0000/0000/0000/0000/0000;y2=0000/0000/0000/0000/0000/0000/03c0/0240/0240/03c0/0000/0000/0000/0000/0000/0000;y3=0000/0000/0000/0000/0000/0000/03c0/0240/0240/03c0/0000/0000/0000/0000/0000/0000;y4=0000/0000/0000/0000/0000/0000/03c0/0240/0240/03c0/0000/0000/0000/0000/0000/0000;y5=0000/0000/0000/0000/0000/0000/03c0/0240/0240/03c0/0000/0000/0000/0000/0000/0000;y6=0000/0000/0000/0000/0000/0000/03c0/03ff/03ff/03c0/0000/0000/0000/0000/0000/0000;y7=0000/0000/0000/0000/0000/0000/03c0/03ff/03ff/03c0/0000/0000/0000/0000/0000/0000;y8=0000/0000/0000/0000/0000/0000/03c0/03ff/03ff/03c0/0000/0000/0000/0000/0000/0000;y9=0000/0000/0000/0000/0000/0000/03c0/0240/0240/03c0/0000/0000/0000/0000/0000/0000;y10=0000/0000/0000/0000/0000/0000/03c0/0240/0240/03c0/0000/0000/0000/0000/0000/0000;y11=0000/0000/0000/0000/0000/0000/03c0/0240/0240/03c0/0000/0000/0000/0000/0000/0000;y12=0000/0000/0000/0000/0000/0000/03c0/03ff/03ff/03c0/0000/0000/0000/0000/0000/0000;y13=0000/0000/0000/0000/0000/0000/03c0/03ff/03ff/03c0/0000/0000/0000/0000/0000/0000;y14=0000/0000/0000/0000/0000/0000/03c0/03ff/03ff/03c0/0000/0000/0000/0000/0000/0000;y15=0000/0000/0000/0000/0000/0000/03c0/03c0/03c0/03c0/0000/0000/0000/0000/0000/0000
[02Aug2026 18:20:30.071] [Photonic Chunk Compiler #0/INFO] [Photonics/]: Photonics voxel diagnostic: state=Block{minecraft:oak_fence}[east=false,north=false,south=true,waterlogged=false,west=false] vertexHash=4aa43c3b14263000 complete=true samples=490 alphaZero=0 alphaPartial=0 alphaOpaque=490 rgbMean=[158.9,128.0,76.5] rgbRange=[103-194,80-157,44-98] voxels=296 aabb=[6,0,6]-[9,15,15] parts=[( 0.000E+0  0.000E+0  0.000E+0)]
[02Aug2026 18:20:30.071] [Photonic Chunk Compiler #0/INFO] [Photonics/]: Photonics voxel occupancy: state=Block{minecraft:oak_fence}[east=false,north=false,south=true,waterlogged=false,west=false] part=( 0.000E+0  0.000E+0  0.000E+0) slices=y0=0000/0000/0000/0000/0000/0000/03c0/03c0/03c0/03c0/0000/0000/0000/0000/0000/0000;y1=0000/0000/0000/0000/0000/0000/03c0/0240/0240/03c0/0000/0000/0000/0000/0000/0000;y2=0000/0000/0000/0000/0000/0000/03c0/0240/0240/03c0/0000/0000/0000/0000/0000/0000;y3=0000/0000/0000/0000/0000/0000/03c0/0240/0240/03c0/0000/0000/0000/0000/0000/0000;y4=0000/0000/0000/0000/0000/0000/03c0/0240/0240/03c0/0000/0000/0000/0000/0000/0000;y5=0000/0000/0000/0000/0000/0000/03c0/0240/0240/03c0/0000/0000/0000/0000/0000/0000;y6=0000/0000/0000/0000/0000/0000/03c0/03c0/03c0/03c0/0180/0180/0180/0180/0180/0180;y7=0000/0000/0000/0000/0000/0000/03c0/03c0/03c0/03c0/0180/0180/0180/0180/0180/0180;y8=0000/0000/0000/0000/0000/0000/03c0/03c0/03c0/03c0/0180/0180/0180/0180/0180/0180;y9=0000/0000/0000/0000/0000/0000/03c0/0240/0240/03c0/0000/0000/0000/0000/0000/0000;y10=0000/0000/0000/0000/0000/0000/03c0/0240/0240/03c0/0000/0000/0000/0000/0000/0000;y11=0000/0000/0000/0000/0000/0000/03c0/0240/0240/03c0/0000/0000/0000/0000/0000/0000;y12=0000/0000/0000/0000/0000/0000/03c0/03c0/03c0/03c0/0180/0180/0180/0180/0180/0180;y13=0000/0000/0000/0000/0000/0000/03c0/03c0/03c0/03c0/0180/0180/0180/0180/0180/0180;y14=0000/0000/0000/0000/0000/0000/03c0/03c0/03c0/03c0/0180/0180/0180/0180/0180/0180;y15=0000/0000/0000/0000/0000/0000/03c0/03c0/03c0/03c0/0000/0000/0000/0000/0000/0000
[02Aug2026 18:20:30.071] [Photonic Chunk Compiler #0/INFO] [Photonics/]: Photonics voxel diagnostic: state=Block{minecraft:oak_fence}[east=false,north=true,south=false,waterlogged=false,west=false] vertexHash=ba7c589ba70a3000 complete=true samples=490 alphaZero=0 alphaPartial=0 alphaOpaque=490 rgbMean=[159.9,128.8,77.3] rgbRange=[103-194,80-157,44-98] voxels=296 aabb=[6,0,0]-[9,15,9] parts=[( 0.000E+0  0.000E+0  0.000E+0)]
[02Aug2026 18:20:30.072] [Photonic Chunk Compiler #0/INFO] [Photonics/]: Photonics voxel occupancy: state=Block{minecraft:oak_fence}[east=false,north=true,south=false,waterlogged=false,west=false] part=( 0.000E+0  0.000E+0  0.000E+0) slices=y0=0000/0000/0000/0000/0000/0000/03c0/03c0/03c0/03c0/0000/0000/0000/0000/0000/0000;y1=0000/0000/0000/0000/0000/0000/03c0/0240/0240/03c0/0000/0000/0000/0000/0000/0000;y2=0000/0000/0000/0000/0000/0000/03c0/0240/0240/03c0/0000/0000/0000/0000/0000/0000;y3=0000/0000/0000/0000/0000/0000/03c0/0240/0240/03c0/0000/0000/0000/0000/0000/0000;y4=0000/0000/0000/0000/0000/0000/03c0/0240/0240/03c0/0000/0000/0000/0000/0000/0000;y5=0000/0000/0000/0000/0000/0000/03c0/0240/0240/03c0/0000/0000/0000/0000/0000/0000;y6=0180/0180/0180/0180/0180/0180/03c0/03c0/03c0/03c0/0000/0000/0000/0000/0000/0000;y7=0180/0180/0180/0180/0180/0180/03c0/03c0/03c0/03c0/0000/0000/0000/0000/0000/0000;y8=0180/0180/0180/0180/0180/0180/03c0/03c0/03c0/03c0/0000/0000/0000/0000/0000/0000;y9=0000/0000/0000/0000/0000/0000/03c0/0240/0240/03c0/0000/0000/0000/0000/0000/0000;y10=0000/0000/0000/0000/0000/0000/03c0/0240/0240/03c0/0000/0000/0000/0000/0000/0000;y11=0000/0000/0000/0000/0000/0000/03c0/0240/0240/03c0/0000/0000/0000/0000/0000/0000;y12=0180/0180/0180/0180/0180/0180/03c0/03c0/03c0/03c0/0000/0000/0000/0000/0000/0000;y13=0180/0180/0180/0180/0180/0180/03c0/03c0/03c0/03c0/0000/0000/0000/0000/0000/0000;y14=0180/0180/0180/0180/0180/0180/03c0/03c0/03c0/03c0/0000/0000/0000/0000/0000/0000;y15=0000/0000/0000/0000/0000/0000/03c0/03c0/03c0/03c0/0000/0000/0000/0000/0000/0000
[02Aug2026 18:20:30.169] [Render thread/INFO] [Photonics/]: Photonics v55 Sable skylight transition: subLevel=66295c10-f35f-4351-af34-a9421d787c33, scale=15 -> 0, logicalY=76.35457 (cell 76), renderY=76.35457 (cell 76), cameraY=109.77759 (cell 109)
[02Aug2026 18:20:30.170] [Render thread/INFO] [Photonics/]: Photonics v55 Sable skylight transition: subLevel=4de0b23a-a039-4374-baa4-dd946612d8f9, scale=0 -> 15, logicalY=76.50000 (cell 76), renderY=76.50000 (cell 76), cameraY=109.77759 (cell 109)
[02Aug2026 18:20:30.170] [Render thread/INFO] [Photonics/]: Photonics v55 Sable skylight transition: subLevel=cbc7d7cd-cd2f-40e1-b271-034f19770a7b, scale=15 -> 0, logicalY=69.49741 (cell 69), renderY=69.49741 (cell 69), cameraY=109.77759 (cell 109)
[02Aug2026 18:20:30.173] [Render thread/INFO] [Photonics/]: Photonics world tracing v72: revision=4, settled=false, compiledSections=5, trackedSections=942, batchBuilt=5, batchUnloaded=0, pendingBuilds=1, pendingUnloads=0, ready=true, depth=6, blockBounds=( 1.600E+2  1.920E+2  2.080E+2)..( 2.240E+2  2.400E+2  2.720E+2), treeBounds=( 0.000E+0  0.000E+0  0.000E+0)..( 1.024E+3  1.024E+3  1.024E+3), origin=(-1.920E+2 -1.280E+2 -6.400E+1), boundsSource=compiled, compileMs=12.251
[02Aug2026 18:20:30.178] [Render thread/INFO] [Photonics/]: Photonics light list pending: 2226 -> 2791
[02Aug2026 18:20:30.448] [Render thread/INFO] [Photonics/]: Photonics v55 Sable skylight transition: subLevel=cbc7d7cd-cd2f-40e1-b271-034f19770a7b, scale=0 -> 15, logicalY=69.49741 (cell 69), renderY=69.49741 (cell 69), cameraY=109.77759 (cell 109)
[02Aug2026 18:20:30.580] [Photonics Light List Compiler/INFO] [Photonics/]: Photonics light candidates v18: eligible=2929, selected=2929, maxLights=4000, lightSections=361, capped=false
[02Aug2026 18:20:30.581] [Photonics Light List Compiler/INFO] [Photonics/]: Photonics light-list publication v88: coalescedBatches=26, peakPendingSections=911, remainingSections=454, deferredMs=250.433
[02Aug2026 18:20:30.670] [Render thread/INFO] [Photonics/]: Photonics v55 Sable skylight transition: subLevel=66295c10-f35f-4351-af34-a9421d787c33, scale=0 -> 15, logicalY=76.35457 (cell 76), renderY=76.35457 (cell 76), cameraY=109.77759 (cell 109)
[02Aug2026 18:20:30.674] [Render thread/INFO] [Photonics/]: Photonics light list pending: 2791 -> 2929
[02Aug2026 18:20:30.683] [Photonic Chunk Compiler #1/INFO] [Photonics/]: Photonics voxel diagnostic: state=Block{minecraft:oak_fence}[east=true,north=false,south=true,waterlogged=false,west=false] vertexHash=3cbceab4fe1e4e00 complete=true samples=694 alphaZero=0 alphaPartial=0 alphaOpaque=694 rgbMean=[158.1,127.2,76.1] rgbRange=[103-194,80-157,44-98] voxels=368 aabb=[6,0,6]-[15,15,15] parts=[( 0.000E+0  0.000E+0  0.000E+0)]
[02Aug2026 18:20:30.683] [Photonic Chunk Compiler #1/INFO] [Photonics/]: Photonics voxel occupancy: state=Block{minecraft:oak_fence}[east=true,north=false,south=true,waterlogged=false,west=false] part=( 0.000E+0  0.000E+0  0.000E+0) slices=y0=0000/0000/0000/0000/0000/0000/03c0/03c0/03c0/03c0/0000/0000/0000/0000/0000/0000;y1=0000/0000/0000/0000/0000/0000/03c0/0240/0240/03c0/0000/0000/0000/0000/0000/0000;y2=0000/0000/0000/0000/0000/0000/03c0/0240/0240/03c0/0000/0000/0000/0000/0000/0000;y3=0000/0000/0000/0000/0000/0000/03c0/0240/0240/03c0/0000/0000/0000/0000/0000/0000;y4=0000/0000/0000/0000/0000/0000/03c0/0240/0240/03c0/0000/0000/0000/0000/0000/0000;y5=0000/0000/0000/0000/0000/0000/03c0/0240/0240/03c0/0000/0000/0000/0000/0000/0000;y6=0000/0000/0000/0000/0000/0000/03c0/ffc0/ffc0/03c0/0180/0180/0180/0180/0180/0180;y7=0000/0000/0000/0000/0000/0000/03c0/ffc0/ffc0/03c0/0180/0180/0180/0180/0180/0180;y8=0000/0000/0000/0000/0000/0000/03c0/ffc0/ffc0/03c0/0180/0180/0180/0180/0180/0180;y9=0000/0000/0000/0000/0000/0000/03c0/0240/0240/03c0/0000/0000/0000/0000/0000/0000;y10=0000/0000/0000/0000/0000/0000/03c0/0240/0240/03c0/0000/0000/0000/0000/0000/0000;y11=0000/0000/0000/0000/0000/0000/03c0/0240/0240/03c0/0000/0000/0000/0000/0000/0000;y12=0000/0000/0000/0000/0000/0000/03c0/ffc0/ffc0/03c0/0180/0180/0180/0180/0180/0180;y13=0000/0000/0000/0000/0000/0000/03c0/ffc0/ffc0/03c0/0180/0180/0180/0180/0180/0180;y14=0000/0000/0000/0000/0000/0000/03c0/ffc0/ffc0/03c0/0180/0180/0180/0180/0180/0180;y15=0000/0000/0000/0000/0000/0000/03c0/03c0/03c0/03c0/0000/0000/0000/0000/0000/0000
[02Aug2026 18:20:30.684] [Photonic Chunk Compiler #1/INFO] [Photonics/]: Photonics voxel diagnostic: state=Block{minecraft:oak_fence}[east=false,north=true,south=true,waterlogged=false,west=false] vertexHash=55aa7ca8b5104e00 complete=true samples=688 alphaZero=0 alphaPartial=0 alphaOpaque=688 rgbMean=[158.9,127.9,76.6] rgbRange=[103-194,80-157,44-98] voxels=368 aabb=[6,0,0]-[9,15,15] parts=[( 0.000E+0  0.000E+0  0.000E+0)]
[02Aug2026 18:20:30.684] [Photonic Chunk Compiler #1/INFO] [Photonics/]: Photonics voxel occupancy: state=Block{minecraft:oak_fence}[east=false,north=true,south=true,waterlogged=false,west=false] part=( 0.000E+0  0.000E+0  0.000E+0) slices=y0=0000/0000/0000/0000/0000/0000/03c0/03c0/03c0/03c0/0000/0000/0000/0000/0000/0000;y1=0000/0000/0000/0000/0000/0000/03c0/0240/0240/03c0/0000/0000/0000/0000/0000/0000;y2=0000/0000/0000/0000/0000/0000/03c0/0240/0240/03c0/0000/0000/0000/0000/0000/0000;y3=0000/0000/0000/0000/0000/0000/03c0/0240/0240/03c0/0000/0000/0000/0000/0000/0000;y4=0000/0000/0000/0000/0000/0000/03c0/0240/0240/03c0/0000/0000/0000/0000/0000/0000;y5=0000/0000/0000/0000/0000/0000/03c0/0240/0240/03c0/0000/0000/0000/0000/0000/0000;y6=0180/0180/0180/0180/0180/0180/03c0/03c0/03c0/03c0/0180/0180/0180/0180/0180/0180;y7=0180/0180/0180/0180/0180/0180/03c0/03c0/03c0/03c0/0180/0180/0180/0180/0180/0180;y8=0180/0180/0180/0180/0180/0180/03c0/03c0/03c0/03c0/0180/0180/0180/0180/0180/0180;y9=0000/0000/0000/0000/0000/0000/03c0/0240/0240/03c0/0000/0000/0000/0000/0000/0000;y10=0000/0000/0000/0000/0000/0000/03c0/0240/0240/03c0/0000/0000/0000/0000/0000/0000;y11=0000/0000/0000/0000/0000/0000/03c0/0240/0240/03c0/0000/0000/0000/0000/0000/0000;y12=0180/0180/0180/0180/0180/0180/03c0/03c0/03c0/03c0/0180/0180/0180/0180/0180/0180;y13=0180/0180/0180/0180/0180/0180/03c0/03c0/03c0/03c0/0180/0180/0180/0180/0180/0180;y14=0180/0180/0180/0180/0180/0180/03c0/03c0/03c0/03c0/0180/0180/0180/0180/0180/0180;y15=0000/0000/0000/0000/0000/0000/03c0/03c0/03c0/03c0/0000/0000/0000/0000/0000/0000
[02Aug2026 18:20:30.684] [Photonic Chunk Compiler #1/INFO] [Photonics/]: Photonics voxel diagnostic: state=Block{minecraft:oak_fence}[east=true,north=true,south=false,waterlogged=false,west=false] vertexHash=9b2759ca31024e00 complete=true samples=694 alphaZero=0 alphaPartial=0 alphaOpaque=694 rgbMean=[158.8,127.7,76.6] rgbRange=[103-194,80-157,44-98] voxels=368 aabb=[6,0,0]-[15,15,9] parts=[( 0.000E+0  0.000E+0  0.000E+0)]
[02Aug2026 18:20:30.685] [Photonic Chunk Compiler #1/INFO] [Photonics/]: Photonics voxel occupancy: state=Block{minecraft:oak_fence}[east=true,north=true,south=false,waterlogged=false,west=false] part=( 0.000E+0  0.000E+0  0.000E+0) slices=y0=0000/0000/0000/0000/0000/0000/03c0/03c0/03c0/03c0/0000/0000/0000/0000/0000/0000;y1=0000/0000/0000/0000/0000/0000/03c0/0240/0240/03c0/0000/0000/0000/0000/0000/0000;y2=0000/0000/0000/0000/0000/0000/03c0/0240/0240/03c0/0000/0000/0000/0000/0000/0000;y3=0000/0000/0000/0000/0000/0000/03c0/0240/0240/03c0/0000/0000/0000/0000/0000/0000;y4=0000/0000/0000/0000/0000/0000/03c0/0240/0240/03c0/0000/0000/0000/0000/0000/0000;y5=0000/0000/0000/0000/0000/0000/03c0/0240/0240/03c0/0000/0000/0000/0000/0000/0000;y6=0180/0180/0180/0180/0180/0180/03c0/ffc0/ffc0/03c0/0000/0000/0000/0000/0000/0000;y7=0180/0180/0180/0180/0180/0180/03c0/ffc0/ffc0/03c0/0000/0000/0000/0000/0000/0000;y8=0180/0180/0180/0180/0180/0180/03c0/ffc0/ffc0/03c0/0000/0000/0000/0000/0000/0000;y9=0000/0000/0000/0000/0000/0000/03c0/0240/0240/03c0/0000/0000/0000/0000/0000/0000;y10=0000/0000/0000/0000/0000/0000/03c0/0240/0240/03c0/0000/0000/0000/0000/0000/0000;y11=0000/0000/0000/0000/0000/0000/03c0/0240/0240/03c0/0000/0000/0000/0000/0000/0000;y12=0180/0180/0180/0180/0180/0180/03c0/ffc0/ffc0/03c0/0000/0000/0000/0000/0000/0000;y13=0180/0180/0180/0180/0180/0180/03c0/ffc0/ffc0/03c0/0000/0000/0000/0000/0000/0000;y14=0180/0180/0180/0180/0180/0180/03c0/ffc0/ffc0/03c0/0000/0000/0000/0000/0000/0000;y15=0000/0000/0000/0000/0000/0000/03c0/03c0/03c0/03c0/0000/0000/0000/0000/0000/0000
[02Aug2026 18:20:30.686] [Photonic Chunk Compiler #1/INFO] [Photonics/]: Photonics voxel diagnostic: state=Block{minecraft:oak_fence}[east=true,north=false,south=false,waterlogged=false,west=true] vertexHash=33d13867df104e00 complete=true samples=700 alphaZero=0 alphaPartial=0 alphaOpaque=700 rgbMean=[158.0,126.9,76.1] rgbRange=[103-194,80-157,44-98] voxels=368 aabb=[0,0,6]-[15,15,9] parts=[( 0.000E+0  0.000E+0  0.000E+0)]
[02Aug2026 18:20:30.686] [Photonic Chunk Compiler #1/INFO] [Photonics/]: Photonics voxel occupancy: state=Block{minecraft:oak_fence}[east=true,north=false,south=false,waterlogged=false,west=true] part=( 0.000E+0  0.000E+0  0.000E+0) slices=y0=0000/0000/0000/0000/0000/0000/03c0/03c0/03c0/03c0/0000/0000/0000/0000/0000/0000;y1=0000/0000/0000/0000/0000/0000/03c0/0240/0240/03c0/0000/0000/0000/0000/0000/0000;y2=0000/0000/0000/0000/0000/0000/03c0/0240/0240/03c0/0000/0000/0000/0000/0000/0000;y3=0000/0000/0000/0000/0000/0000/03c0/0240/0240/03c0/0000/0000/0000/0000/0000/0000;y4=0000/0000/0000/0000/0000/0000/03c0/0240/0240/03c0/0000/0000/0000/0000/0000/0000;y5=0000/0000/0000/0000/0000/0000/03c0/0240/0240/03c0/0000/0000/0000/0000/0000/0000;y6=0000/0000/0000/0000/0000/0000/03c0/ffff/ffff/03c0/0000/0000/0000/0000/0000/0000;y7=0000/0000/0000/0000/0000/0000/03c0/ffff/ffff/03c0/0000/0000/0000/0000/0000/0000;y8=0000/0000/0000/0000/0000/0000/03c0/ffff/ffff/03c0/0000/0000/0000/0000/0000/0000;y9=0000/0000/0000/0000/0000/0000/03c0/0240/0240/03c0/0000/0000/0000/0000/0000/0000;y10=0000/0000/0000/0000/0000/0000/03c0/0240/0240/03c0/0000/0000/0000/0000/0000/0000;y11=0000/0000/0000/0000/0000/0000/03c0/0240/0240/03c0/0000/0000/0000/0000/0000/0000;y12=0000/0000/0000/0000/0000/0000/03c0/ffff/ffff/03c0/0000/0000/0000/0000/0000/0000;y13=0000/0000/0000/0000/0000/0000/03c0/ffff/ffff/03c0/0000/0000/0000/0000/0000/0000;y14=0000/0000/0000/0000/0000/0000/03c0/ffff/ffff/03c0/0000/0000/0000/0000/0000/0000;y15=0000/0000/0000/0000/0000/0000/03c0/03c0/03c0/03c0/0000/0000/0000/0000/0000/0000
[02Aug2026 18:20:30.855] [Photonics Light List Compiler/INFO] [Photonics/]: Photonics light candidates v18: eligible=3150, selected=3150, maxLights=4000, lightSections=410, capped=false
[02Aug2026 18:20:30.855] [Photonics Light List Compiler/INFO] [Photonics/]: Photonics light-list publication v88: coalescedBatches=39, peakPendingSections=999, remainingSections=703, deferredMs=250.669
[02Aug2026 18:20:30.880] [Render thread/INFO] [Photonics/]: Photonics light list pending: 2929 -> 3150
[02Aug2026 18:20:31.111] [Photonics Light List Compiler/INFO] [Photonics/]: Photonics light candidates v18: eligible=4181, selected=4000, maxLights=4000, lightSections=506, capped=true
[02Aug2026 18:20:31.111] [Photonics Light List Compiler/INFO] [Photonics/]: Photonics light-list publication v88: coalescedBatches=28, peakPendingSections=1015, remainingSections=186, deferredMs=250.410
[02Aug2026 18:20:31.129] [Render thread/INFO] [Photonics/]: Photonics light list pending: 3150 -> 4000
[02Aug2026 18:20:31.328] [Render thread/INFO] [Photonics/]: Photonics world tracing v72: revision=9, settled=false, compiledSections=53, trackedSections=2576, batchBuilt=13, batchUnloaded=0, pendingBuilds=0, pendingUnloads=0, ready=true, depth=6, blockBounds=( 1.440E+2  1.440E+2  1.600E+2)..( 2.560E+2  2.400E+2  3.040E+2), treeBounds=( 0.000E+0  0.000E+0  0.000E+0)..( 1.024E+3  1.024E+3  1.024E+3), origin=(-1.920E+2 -1.280E+2 -6.400E+1), boundsSource=compiled, compileMs=19.842
[02Aug2026 18:20:31.372] [Photonics Light List Compiler/INFO] [Photonics/]: Photonics light candidates v18: eligible=4977, selected=4000, maxLights=4000, lightSections=572, capped=true
[02Aug2026 18:20:31.372] [Photonics Light List Compiler/INFO] [Photonics/]: Photonics light-list publication v88: coalescedBatches=18, peakPendingSections=841, remainingSections=391, deferredMs=250.532
[02Aug2026 18:20:31.428] [Photonic Chunk Compiler #0/INFO] [Photonics/]: Photonics voxel diagnostic: state=Block{minecraft:oak_fence}[east=false,north=false,south=true,waterlogged=false,west=true] vertexHash=6b2ad148a31e4e00 complete=true samples=694 alphaZero=0 alphaPartial=0 alphaOpaque=694 rgbMean=[158.1,127.2,76.1] rgbRange=[103-194,80-157,44-98] voxels=368 aabb=[0,0,6]-[9,15,15] parts=[( 0.000E+0  0.000E+0  0.000E+0)]
[02Aug2026 18:20:31.429] [Photonic Chunk Compiler #0/INFO] [Photonics/]: Photonics voxel occupancy: state=Block{minecraft:oak_fence}[east=false,north=false,south=true,waterlogged=false,west=true] part=( 0.000E+0  0.000E+0  0.000E+0) slices=y0=0000/0000/0000/0000/0000/0000/03c0/03c0/03c0/03c0/0000/0000/0000/0000/0000/0000;y1=0000/0000/0000/0000/0000/0000/03c0/0240/0240/03c0/0000/0000/0000/0000/0000/0000;y2=0000/0000/0000/0000/0000/0000/03c0/0240/0240/03c0/0000/0000/0000/0000/0000/0000;y3=0000/0000/0000/0000/0000/0000/03c0/0240/0240/03c0/0000/0000/0000/0000/0000/0000;y4=0000/0000/0000/0000/0000/0000/03c0/0240/0240/03c0/0000/0000/0000/0000/0000/0000;y5=0000/0000/0000/0000/0000/0000/03c0/0240/0240/03c0/0000/0000/0000/0000/0000/0000;y6=0000/0000/0000/0000/0000/0000/03c0/03ff/03ff/03c0/0180/0180/0180/0180/0180/0180;y7=0000/0000/0000/0000/0000/0000/03c0/03ff/03ff/03c0/0180/0180/0180/0180/0180/0180;y8=0000/0000/0000/0000/0000/0000/03c0/03ff/03ff/03c0/0180/0180/0180/0180/0180/0180;y9=0000/0000/0000/0000/0000/0000/03c0/0240/0240/03c0/0000/0000/0000/0000/0000/0000;y10=0000/0000/0000/0000/0000/0000/03c0/0240/0240/03c0/0000/0000/0000/0000/0000/0000;y11=0000/0000/0000/0000/0000/0000/03c0/0240/0240/03c0/0000/0000/0000/0000/0000/0000;y12=0000/0000/0000/0000/0000/0000/03c0/03ff/03ff/03c0/0180/0180/0180/0180/0180/0180;y13=0000/0000/0000/0000/0000/0000/03c0/03ff/03ff/03c0/0180/0180/0180/0180/0180/0180;y14=0000/0000/0000/0000/0000/0000/03c0/03ff/03ff/03c0/0180/0180/0180/0180/0180/0180;y15=0000/0000/0000/0000/0000/0000/03c0/03c0/03c0/03c0/0000/0000/0000/0000/0000/0000
[02Aug2026 18:20:31.429] [Photonic Chunk Compiler #0/INFO] [Photonics/]: Photonics voxel diagnostic: state=Block{minecraft:oak_fence}[east=false,north=true,south=false,waterlogged=false,west=true] vertexHash=9113f3fb96024e00 complete=true samples=694 alphaZero=0 alphaPartial=0 alphaOpaque=694 rgbMean=[158.8,127.7,76.6] rgbRange=[103-194,80-157,44-98] voxels=368 aabb=[0,0,0]-[9,15,9] parts=[( 0.000E+0  0.000E+0  0.000E+0)]
[02Aug2026 18:20:31.429] [Photonic Chunk Compiler #0/INFO] [Photonics/]: Photonics voxel occupancy: state=Block{minecraft:oak_fence}[east=false,north=true,south=false,waterlogged=false,west=true] part=( 0.000E+0  0.000E+0  0.000E+0) slices=y0=0000/0000/0000/0000/0000/0000/03c0/03c0/03c0/03c0/0000/0000/0000/0000/0000/0000;y1=0000/0000/0000/0000/0000/0000/03c0/0240/0240/03c0/0000/0000/0000/0000/0000/0000;y2=0000/0000/0000/0000/0000/0000/03c0/0240/0240/03c0/0000/0000/0000/0000/0000/0000;y3=0000/0000/0000/0000/0000/0000/03c0/0240/0240/03c0/0000/0000/0000/0000/0000/0000;y4=0000/0000/0000/0000/0000/0000/03c0/0240/0240/03c0/0000/0000/0000/0000/0000/0000;y5=0000/0000/0000/0000/0000/0000/03c0/0240/0240/03c0/0000/0000/0000/0000/0000/0000;y6=0180/0180/0180/0180/0180/0180/03c0/03ff/03ff/03c0/0000/0000/0000/0000/0000/0000;y7=0180/0180/0180/0180/0180/0180/03c0/03ff/03ff/03c0/0000/0000/0000/0000/0000/0000;y8=0180/0180/0180/0180/0180/0180/03c0/03ff/03ff/03c0/0000/0000/0000/0000/0000/0000;y9=0000/0000/0000/0000/0000/0000/03c0/0240/0240/03c0/0000/0000/0000/0000/0000/0000;y10=0000/0000/0000/0000/0000/0000/03c0/0240/0240/03c0/0000/0000/0000/0000/0000/0000;y11=0000/0000/0000/0000/0000/0000/03c0/0240/0240/03c0/0000/0000/0000/0000/0000/0000;y12=0180/0180/0180/0180/0180/0180/03c0/03ff/03ff/03c0/0000/0000/0000/0000/0000/0000;y13=0180/0180/0180/0180/0180/0180/03c0/03ff/03ff/03c0/0000/0000/0000/0000/0000/0000;y14=0180/0180/0180/0180/0180/0180/03c0/03ff/03ff/03c0/0000/0000/0000/0000/0000/0000;y15=0000/0000/0000/0000/0000/0000/03c0/03c0/03c0/03c0/0000/0000/0000/0000/0000/0000
[02Aug2026 18:20:31.450] [Photonic Chunk Compiler #0/INFO] [Photonics/]: Photonics voxel diagnostic: state=Block{minecraft:spruce_fence}[east=false,north=false,south=false,waterlogged=false,west=false] vertexHash=13b08fd161481200 complete=true samples=292 alphaZero=0 alphaPartial=0 alphaOpaque=292 rgbMean=[114.0,83.9,47.9] rgbRange=[85-136,58-101,31-58] voxels=200 aabb=[6,0,6]-[9,15,9] parts=[( 0.000E+0  0.000E+0  0.000E+0)]
[02Aug2026 18:20:31.450] [Photonic Chunk Compiler #0/INFO] [Photonics/]: Photonics voxel occupancy: state=Block{minecraft:spruce_fence}[east=false,north=false,south=false,waterlogged=false,west=false] part=( 0.000E+0  0.000E+0  0.000E+0) slices=y0=0000/0000/0000/0000/0000/0000/03c0/03c0/03c0/03c0/0000/0000/0000/0000/0000/0000;y1=0000/0000/0000/0000/0000/0000/03c0/0240/0240/03c0/0000/0000/0000/0000/0000/0000;y2=0000/0000/0000/0000/0000/0000/03c0/0240/0240/03c0/0000/0000/0000/0000/0000/0000;y3=0000/0000/0000/0000/0000/0000/03c0/0240/0240/03c0/0000/0000/0000/0000/0000/0000;y4=0000/0000/0000/0000/0000/0000/03c0/0240/0240/03c0/0000/0000/0000/0000/0000/0000;y5=0000/0000/0000/0000/0000/0000/03c0/0240/0240/03c0/0000/0000/0000/0000/0000/0000;y6=0000/0000/0000/0000/0000/0000/03c0/0240/0240/03c0/0000/0000/0000/0000/0000/0000;y7=0000/0000/0000/0000/0000/0000/03c0/0240/0240/03c0/0000/0000/0000/0000/0000/0000;y8=0000/0000/0000/0000/0000/0000/03c0/0240/0240/03c0/0000/0000/0000/0000/0000/0000;y9=0000/0000/0000/0000/0000/0000/03c0/0240/0240/03c0/0000/0000/0000/0000/0000/0000;y10=0000/0000/0000/0000/0000/0000/03c0/0240/0240/03c0/0000/0000/0000/0000/0000/0000;y11=0000/0000/0000/0000/0000/0000/03c0/0240/0240/03c0/0000/0000/0000/0000/0000/0000;y12=0000/0000/0000/0000/0000/0000/03c0/0240/0240/03c0/0000/0000/0000/0000/0000/0000;y13=0000/0000/0000/0000/0000/0000/03c0/0240/0240/03c0/0000/0000/0000/0000/0000/0000;y14=0000/0000/0000/0000/0000/0000/03c0/0240/0240/03c0/0000/0000/0000/0000/0000/0000;y15=0000/0000/0000/0000/0000/0000/03c0/03c0/03c0/03c0/0000/0000/0000/0000/0000/0000
[02Aug2026 18:20:31.594] [Photonic Chunk Compiler #1/INFO] [Photonics/]: Photonics voxel diagnostic: state=Block{minecraft:spruce_fence}[east=false,north=false,south=true,waterlogged=false,west=true] vertexHash=ac895d2550ce4e00 complete=true samples=694 alphaZero=0 alphaPartial=0 alphaOpaque=694 rgbMean=[112.6,82.9,47.3] rgbRange=[85-136,58-101,31-58] voxels=368 aabb=[0,0,6]-[9,15,15] parts=[( 0.000E+0  0.000E+0  0.000E+0)]
[02Aug2026 18:20:31.594] [Photonic Chunk Compiler #1/INFO] [Photonics/]: Photonics voxel occupancy: state=Block{minecraft:spruce_fence}[east=false,north=false,south=true,waterlogged=false,west=true] part=( 0.000E+0  0.000E+0  0.000E+0) slices=y0=0000/0000/0000/0000/0000/0000/03c0/03c0/03c0/03c0/0000/0000/0000/0000/0000/0000;y1=0000/0000/0000/0000/0000/0000/03c0/0240/0240/03c0/0000/0000/0000/0000/0000/0000;y2=0000/0000/0000/0000/0000/0000/03c0/0240/0240/03c0/0000/0000/0000/0000/0000/0000;y3=0000/0000/0000/0000/0000/0000/03c0/0240/0240/03c0/0000/0000/0000/0000/0000/0000;y4=0000/0000/0000/0000/0000/0000/03c0/0240/0240/03c0/0000/0000/0000/0000/0000/0000;y5=0000/0000/0000/0000/0000/0000/03c0/0240/0240/03c0/0000/0000/0000/0000/0000/0000;y6=0000/0000/0000/0000/0000/0000/03c0/03ff/03ff/03c0/0180/0180/0180/0180/0180/0180;y7=0000/0000/0000/0000/0000/0000/03c0/03ff/03ff/03c0/0180/0180/0180/0180/0180/0180;y8=0000/0000/0000/0000/0000/0000/03c0/03ff/03ff/03c0/0180/0180/0180/0180/0180/0180;y9=0000/0000/0000/0000/0000/0000/03c0/0240/0240/03c0/0000/0000/0000/0000/0000/0000;y10=0000/0000/0000/0000/0000/0000/03c0/0240/0240/03c0/0000/0000/0000/0000/0000/0000;y11=0000/0000/0000/0000/0000/0000/03c0/0240/0240/03c0/0000/0000/0000/0000/0000/0000;y12=0000/0000/0000/0000/0000/0000/03c0/03ff/03ff/03c0/0180/0180/0180/0180/0180/0180;y13=0000/0000/0000/0000/0000/0000/03c0/03ff/03ff/03c0/0180/0180/0180/0180/0180/0180;y14=0000/0000/0000/0000/0000/0000/03c0/03ff/03ff/03c0/0180/0180/0180/0180/0180/0180;y15=0000/0000/0000/0000/0000/0000/03c0/03c0/03c0/03c0/0000/0000/0000/0000/0000/0000
[02Aug2026 18:20:31.594] [Photonic Chunk Compiler #1/INFO] [Photonics/]: Photonics voxel diagnostic: state=Block{minecraft:spruce_fence}[east=false,north=true,south=false,waterlogged=false,west=true] vertexHash=4b3161d892c04e00 complete=true samples=694 alphaZero=0 alphaPartial=0 alphaOpaque=694 rgbMean=[113.1,83.3,47.6] rgbRange=[85-136,58-101,31-58] voxels=368 aabb=[0,0,0]-[9,15,9] parts=[( 0.000E+0  0.000E+0  0.000E+0)]
[02Aug2026 18:20:31.595] [Photonic Chunk Compiler #1/INFO] [Photonics/]: Photonics voxel occupancy: state=Block{minecraft:spruce_fence}[east=false,north=true,south=false,waterlogged=false,west=true] part=( 0.000E+0  0.000E+0  0.000E+0) slices=y0=0000/0000/0000/0000/0000/0000/03c0/03c0/03c0/03c0/0000/0000/0000/0000/0000/0000;y1=0000/0000/0000/0000/0000/0000/03c0/0240/0240/03c0/0000/0000/0000/0000/0000/0000;y2=0000/0000/0000/0000/0000/0000/03c0/0240/0240/03c0/0000/0000/0000/0000/0000/0000;y3=0000/0000/0000/0000/0000/0000/03c0/0240/0240/03c0/0000/0000/0000/0000/0000/0000;y4=0000/0000/0000/0000/0000/0000/03c0/0240/0240/03c0/0000/0000/0000/0000/0000/0000;y5=0000/0000/0000/0000/0000/0000/03c0/0240/0240/03c0/0000/0000/0000/0000/0000/0000;y6=0180/0180/0180/0180/0180/0180/03c0/03ff/03ff/03c0/0000/0000/0000/0000/0000/0000;y7=0180/0180/0180/0180/0180/0180/03c0/03ff/03ff/03c0/0000/0000/0000/0000/0000/0000;y8=0180/0180/0180/0180/0180/0180/03c0/03ff/03ff/03c0/0000/0000/0000/0000/0000/0000;y9=0000/0000/0000/0000/0000/0000/03c0/0240/0240/03c0/0000/0000/0000/0000/0000/0000;y10=0000/0000/0000/0000/0000/0000/03c0/0240/0240/03c0/0000/0000/0000/0000/0000/0000;y11=0000/0000/0000/0000/0000/0000/03c0/0240/0240/03c0/0000/0000/0000/0000/0000/0000;y12=0180/0180/0180/0180/0180/0180/03c0/03ff/03ff/03c0/0000/0000/0000/0000/0000/0000;y13=0180/0180/0180/0180/0180/0180/03c0/03ff/03ff/03c0/0000/0000/0000/0000/0000/0000;y14=0180/0180/0180/0180/0180/0180/03c0/03ff/03ff/03c0/0000/0000/0000/0000/0000/0000;y15=0000/0000/0000/0000/0000/0000/03c0/03c0/03c0/03c0/0000/0000/0000/0000/0000/0000
[02Aug2026 18:20:31.670] [Photonics Light List Compiler/INFO] [Photonics/]: Photonics light candidates v18: eligible=5625, selected=4000, maxLights=4000, lightSections=647, capped=true
[02Aug2026 18:20:31.670] [Photonics Light List Compiler/INFO] [Photonics/]: Photonics light-list publication v88: coalescedBatches=30, peakPendingSections=1080, remainingSections=274, deferredMs=250.808
[02Aug2026 18:20:31.809] [Photonics Light List Compiler/INFO] [Photonics/]: Photonics light candidates v18: eligible=5990, selected=4000, maxLights=4000, lightSections=670, capped=true
[02Aug2026 18:20:31.809] [Photonics Light List Compiler/INFO] [Photonics/]: Photonics light-list publication v88: coalescedBatches=11, peakPendingSections=503, remainingSections=0, deferredMs=116.350
[02Aug2026 18:20:32.153] [Photonic Chunk Compiler #0/INFO] [Photonics/]: Photonics voxel diagnostic: state=Block{minecraft:spruce_fence}[east=true,north=false,south=false,waterlogged=false,west=false] vertexHash=958db3e1e61fb000 complete=true samples=496 alphaZero=0 alphaPartial=0 alphaOpaque=496 rgbMean=[113.1,83.3,47.4] rgbRange=[85-136,58-101,31-58] voxels=296 aabb=[6,0,6]-[15,15,9] parts=[( 0.000E+0  0.000E+0  0.000E+0)]
[02Aug2026 18:20:32.153] [Photonic Chunk Compiler #0/INFO] [Photonics/]: Photonics voxel occupancy: state=Block{minecraft:spruce_fence}[east=true,north=false,south=false,waterlogged=false,west=false] part=( 0.000E+0  0.000E+0  0.000E+0) slices=y0=0000/0000/0000/0000/0000/0000/03c0/03c0/03c0/03c0/0000/0000/0000/0000/0000/0000;y1=0000/0000/0000/0000/0000/0000/03c0/0240/0240/03c0/0000/0000/0000/0000/0000/0000;y2=0000/0000/0000/0000/0000/0000/03c0/0240/0240/03c0/0000/0000/0000/0000/0000/0000;y3=0000/0000/0000/0000/0000/0000/03c0/0240/0240/03c0/0000/0000/0000/0000/0000/0000;y4=0000/0000/0000/0000/0000/0000/03c0/0240/0240/03c0/0000/0000/0000/0000/0000/0000;y5=0000/0000/0000/0000/0000/0000/03c0/0240/0240/03c0/0000/0000/0000/0000/0000/0000;y6=0000/0000/0000/0000/0000/0000/03c0/ffc0/ffc0/03c0/0000/0000/0000/0000/0000/0000;y7=0000/0000/0000/0000/0000/0000/03c0/ffc0/ffc0/03c0/0000/0000/0000/0000/0000/0000;y8=0000/0000/0000/0000/0000/0000/03c0/ffc0/ffc0/03c0/0000/0000/0000/0000/0000/0000;y9=0000/0000/0000/0000/0000/0000/03c0/0240/0240/03c0/0000/0000/0000/0000/0000/0000;y10=0000/0000/0000/0000/0000/0000/03c0/0240/0240/03c0/0000/0000/0000/0000/0000/0000;y11=0000/0000/0000/0000/0000/0000/03c0/0240/0240/03c0/0000/0000/0000/0000/0000/0000;y12=0000/0000/0000/0000/0000/0000/03c0/ffc0/ffc0/03c0/0000/0000/0000/0000/0000/0000;y13=0000/0000/0000/0000/0000/0000/03c0/ffc0/ffc0/03c0/0000/0000/0000/0000/0000/0000;y14=0000/0000/0000/0000/0000/0000/03c0/ffc0/ffc0/03c0/0000/0000/0000/0000/0000/0000;y15=0000/0000/0000/0000/0000/0000/03c0/03c0/03c0/03c0/0000/0000/0000/0000/0000/0000
[02Aug2026 18:20:32.160] [Photonic Chunk Compiler #0/INFO] [Photonics/]: Photonics voxel diagnostic: state=Block{minecraft:spruce_fence}[east=false,north=false,south=false,waterlogged=false,west=true] vertexHash=dfcd069b4b1fb000 complete=true samples=496 alphaZero=0 alphaPartial=0 alphaOpaque=496 rgbMean=[113.1,83.3,47.4] rgbRange=[85-136,58-101,31-58] voxels=296 aabb=[0,0,6]-[9,15,9] parts=[( 0.000E+0  0.000E+0  0.000E+0)]
[02Aug2026 18:20:32.161] [Photonic Chunk Compiler #0/INFO] [Photonics/]: Photonics voxel occupancy: state=Block{minecraft:spruce_fence}[east=false,north=false,south=false,waterlogged=false,west=true] part=( 0.000E+0  0.000E+0  0.000E+0) slices=y0=0000/0000/0000/0000/0000/0000/03c0/03c0/03c0/03c0/0000/0000/0000/0000/0000/0000;y1=0000/0000/0000/0000/0000/0000/03c0/0240/0240/03c0/0000/0000/0000/0000/0000/0000;y2=0000/0000/0000/0000/0000/0000/03c0/0240/0240/03c0/0000/0000/0000/0000/0000/0000;y3=0000/0000/0000/0000/0000/0000/03c0/0240/0240/03c0/0000/0000/0000/0000/0000/0000;y4=0000/0000/0000/0000/0000/0000/03c0/0240/0240/03c0/0000/0000/0000/0000/0000/0000;y5=0000/0000/0000/0000/0000/0000/03c0/0240/0240/03c0/0000/0000/0000/0000/0000/0000;y6=0000/0000/0000/0000/0000/0000/03c0/03ff/03ff/03c0/0000/0000/0000/0000/0000/0000;y7=0000/0000/0000/0000/0000/0000/03c0/03ff/03ff/03c0/0000/0000/0000/0000/0000/0000;y8=0000/0000/0000/0000/0000/0000/03c0/03ff/03ff/03c0/0000/0000/0000/0000/0000/0000;y9=0000/0000/0000/0000/0000/0000/03c0/0240/0240/03c0/0000/0000/0000/0000/0000/0000;y10=0000/0000/0000/0000/0000/0000/03c0/0240/0240/03c0/0000/0000/0000/0000/0000/0000;y11=0000/0000/0000/0000/0000/0000/03c0/0240/0240/03c0/0000/0000/0000/0000/0000/0000;y12=0000/0000/0000/0000/0000/0000/03c0/03ff/03ff/03c0/0000/0000/0000/0000/0000/0000;y13=0000/0000/0000/0000/0000/0000/03c0/03ff/03ff/03c0/0000/0000/0000/0000/0000/0000;y14=0000/0000/0000/0000/0000/0000/03c0/03ff/03ff/03c0/0000/0000/0000/0000/0000/0000;y15=0000/0000/0000/0000/0000/0000/03c0/03c0/03c0/03c0/0000/0000/0000/0000/0000/0000
[02Aug2026 18:20:32.349] [Render thread/INFO] [Photonics/]: Photonics world tracing v72: revision=20, settled=false, compiledSections=113, trackedSections=3106, batchBuilt=2, batchUnloaded=0, pendingBuilds=0, pendingUnloads=0, ready=true, depth=6, blockBounds=( 9.600E+1  1.280E+2  1.600E+2)..( 2.720E+2  2.400E+2  3.360E+2), treeBounds=( 0.000E+0  0.000E+0  0.000E+0)..( 1.024E+3  1.024E+3  1.024E+3), origin=(-1.920E+2 -1.280E+2 -6.400E+1), boundsSource=compiled, compileMs=5.628
[02Aug2026 18:20:32.494] [Photonic Chunk Compiler #0/INFO] [Photonics/]: Photonics voxel diagnostic: state=Block{minecraft:spruce_fence}[east=false,north=false,south=true,waterlogged=false,west=false] vertexHash=5f27591c9aa6b000 complete=true samples=490 alphaZero=0 alphaPartial=0 alphaOpaque=490 rgbMean=[113.0,83.2,47.5] rgbRange=[85-136,58-101,31-58] voxels=296 aabb=[6,0,6]-[9,15,15] parts=[( 0.000E+0  0.000E+0  0.000E+0)]
[02Aug2026 18:20:32.495] [Photonic Chunk Compiler #0/INFO] [Photonics/]: Photonics voxel occupancy: state=Block{minecraft:spruce_fence}[east=false,north=false,south=true,waterlogged=false,west=false] part=( 0.000E+0  0.000E+0  0.000E+0) slices=y0=0000/0000/0000/0000/0000/0000/03c0/03c0/03c0/03c0/0000/0000/0000/0000/0000/0000;y1=0000/0000/0000/0000/0000/0000/03c0/0240/0240/03c0/0000/0000/0000/0000/0000/0000;y2=0000/0000/0000/0000/0000/0000/03c0/0240/0240/03c0/0000/0000/0000/0000/0000/0000;y3=0000/0000/0000/0000/0000/0000/03c0/0240/0240/03c0/0000/0000/0000/0000/0000/0000;y4=0000/0000/0000/0000/0000/0000/03c0/0240/0240/03c0/0000/0000/0000/0000/0000/0000;y5=0000/0000/0000/0000/0000/0000/03c0/0240/0240/03c0/0000/0000/0000/0000/0000/0000;y6=0000/0000/0000/0000/0000/0000/03c0/03c0/03c0/03c0/0180/0180/0180/0180/0180/0180;y7=0000/0000/0000/0000/0000/0000/03c0/03c0/03c0/03c0/0180/0180/0180/0180/0180/0180;y8=0000/0000/0000/0000/0000/0000/03c0/03c0/03c0/03c0/0180/0180/0180/0180/0180/0180;y9=0000/0000/0000/0000/0000/0000/03c0/0240/0240/03c0/0000/0000/0000/0000/0000/0000;y10=0000/0000/0000/0000/0000/0000/03c0/0240/0240/03c0/0000/0000/0000/0000/0000/0000;y11=0000/0000/0000/0000/0000/0000/03c0/0240/0240/03c0/0000/0000/0000/0000/0000/0000;y12=0000/0000/0000/0000/0000/0000/03c0/03c0/03c0/03c0/0180/0180/0180/0180/0180/0180;y13=0000/0000/0000/0000/0000/0000/03c0/03c0/03c0/03c0/0180/0180/0180/0180/0180/0180;y14=0000/0000/0000/0000/0000/0000/03c0/03c0/03c0/03c0/0180/0180/0180/0180/0180/0180;y15=0000/0000/0000/0000/0000/0000/03c0/03c0/03c0/03c0/0000/0000/0000/0000/0000/0000
[02Aug2026 18:20:32.552] [Photonic Chunk Compiler #0/INFO] [Photonics/]: Photonics voxel diagnostic: state=Block{minecraft:oak_trapdoor}[facing=west,half=bottom,open=true,powered=false,waterlogged=false] vertexHash=2097b09137869200 complete=true samples=720 alphaZero=78 alphaPartial=0 alphaOpaque=642 rgbMean=[125.0,99.5,56.8] rgbRange=[74-179,60-140,32-81] voxels=496 aabb=[13,0,0]-[15,15,15] parts=[( 0.000E+0  0.000E+0  0.000E+0)]
[02Aug2026 18:20:32.552] [Photonic Chunk Compiler #0/INFO] [Photonics/]: Photonics voxel occupancy: state=Block{minecraft:oak_trapdoor}[facing=west,half=bottom,open=true,powered=false,waterlogged=false] part=( 0.000E+0  0.000E+0  0.000E+0) slices=y0=e000/e000/e000/e000/e000/e000/e000/e000/e000/e000/e000/e000/e000/e000/e000/e000;y1=e000/a000/a000/a000/a000/a000/a000/a000/a000/a000/a000/a000/a000/a000/8000/e000;y2=e000/a000/a000/a000/a000/a000/a000/a000/a000/a000/a000/a000/a000/8000/a000/e000;y3=e000/a000/a000/0000/0000/0000/a000/a000/a000/a000/0000/0000/0000/a000/a000/e000;y4=e000/a000/a000/0000/0000/0000/a000/a000/a000/a000/0000/0000/0000/a000/a000/e000;y5=e000/a000/a000/0000/0000/0000/a000/a000/a000/a000/0000/0000/0000/a000/a000/e000;y6=e000/a000/a000/a000/a000/a000/a000/a000/a000/8000/a000/a000/a000/a000/a000/e000;y7=e000/a000/a000/a000/a000/a000/a000/a000/8000/a000/a000/a000/a000/a000/a000/e000;y8=e000/a000/a000/a000/a000/a000/a000/a000/a000/a000/a000/a000/a000/a000/a000/e000;y9=e000/a000/a000/a000/a000/a000/a000/a000/a000/a000/a000/a000/a000/a000/a000/e000;y10=e000/a000/a000/0000/0000/0000/a000/a000/a000/a000/0000/0000/0000/a000/a000/e000;y11=e000/a000/a000/0000/0000/0000/a000/a000/a000/a000/0000/0000/0000/a000/a000/e000;y12=e000/a000/a000/0000/0000/0000/a000/a000/a000/a000/0000/0000/0000/a000/a000/e000;y13=e000/a000/a000/a000/a000/a000/a000/a000/a000/a000/a000/a000/a000/a000/a000/e000;y14=e000/a000/a000/a000/a000/a000/a000/a000/a000/a000/a000/a000/a000/a000/a000/e000;y15=e000/e000/e000/e000/e000/e000/e000/e000/e000/e000/e000/e000/e000/e000/e000/e000
[02Aug2026 18:20:32.556] [Photonic Chunk Compiler #0/INFO] [Photonics/]: Photonics voxel diagnostic: state=Block{minecraft:oak_trapdoor}[facing=north,half=bottom,open=true,powered=false,waterlogged=false] vertexHash=45f8a13338869200 complete=true samples=736 alphaZero=84 alphaPartial=0 alphaOpaque=652 rgbMean=[125.0,99.5,56.8] rgbRange=[74-179,60-140,32-81] voxels=500 aabb=[0,0,13]-[15,15,15] parts=[( 0.000E+0  0.000E+0  0.000E+0)]
[02Aug2026 18:20:32.557] [Photonic Chunk Compiler #0/INFO] [Photonics/]: Photonics voxel occupancy: state=Block{minecraft:oak_trapdoor}[facing=north,half=bottom,open=true,powered=false,waterlogged=false] part=( 0.000E+0  0.000E+0  0.000E+0) slices=y0=0000/0000/0000/0000/0000/0000/0000/0000/0000/0000/0000/0000/0000/ffff/ffff/ffff;y1=0000/0000/0000/0000/0000/0000/0000/0000/0000/0000/0000/0000/0000/ffff/8001/ffff;y2=0000/0000/0000/0000/0000/0000/0000/0000/0000/0000/0000/0000/0000/ffff/8001/ffff;y3=0000/0000/0000/0000/0000/0000/0000/0000/0000/0000/0000/0000/0000/e3c7/8001/e3c7;y4=0000/0000/0000/0000/0000/0000/0000/0000/0000/0000/0000/0000/0000/e3c7/8001/e3c7;y5=0000/0000/0000/0000/0000/0000/0000/0000/0000/0000/0000/0000/0000/e3c7/8001/e3c7;y6=0000/0000/0000/0000/0000/0000/0000/0000/0000/0000/0000/0000/0000/ffff/8001/ffff;y7=0000/0000/0000/0000/0000/0000/0000/0000/0000/0000/0000/0000/0000/ffff/8001/ffff;y8=0000/0000/0000/0000/0000/0000/0000/0000/0000/0000/0000/0000/0000/ffff/8001/ffff;y9=0000/0000/0000/0000/0000/0000/0000/0000/0000/0000/0000/0000/0000/ffff/8001/ffff;y10=0000/0000/0000/0000/0000/0000/0000/0000/0000/0000/0000/0000/0000/e3c7/8001/e3c7;y11=0000/0000/0000/0000/0000/0000/0000/0000/0000/0000/0000/0000/0000/e3c7/8001/e3c7;y12=0000/0000/0000/0000/0000/0000/0000/0000/0000/0000/0000/0000/0000/e3c7/8001/e3c7;y13=0000/0000/0000/0000/0000/0000/0000/0000/0000/0000/0000/0000/0000/ffff/8001/ffff;y14=0000/0000/0000/0000/0000/0000/0000/0000/0000/0000/0000/0000/0000/ffff/8001/ffff;y15=0000/0000/0000/0000/0000/0000/0000/0000/0000/0000/0000/0000/0000/ffff/ffff/ffff
[02Aug2026 18:20:32.557] [Photonic Chunk Compiler #0/INFO] [Photonics/]: Photonics voxel diagnostic: state=Block{minecraft:oak_trapdoor}[facing=south,half=bottom,open=true,powered=false,waterlogged=false] vertexHash=b7a22c48a7469200 complete=true samples=736 alphaZero=84 alphaPartial=0 alphaOpaque=652 rgbMean=[125.0,99.5,56.8] rgbRange=[74-179,60-140,32-81] voxels=500 aabb=[0,0,0]-[15,15,2] parts=[( 0.000E+0  0.000E+0  0.000E+0)]
[02Aug2026 18:20:32.557] [Photonic Chunk Compiler #0/INFO] [Photonics/]: Photonics voxel occupancy: state=Block{minecraft:oak_trapdoor}[facing=south,half=bottom,open=true,powered=false,waterlogged=false] part=( 0.000E+0  0.000E+0  0.000E+0) slices=y0=ffff/ffff/ffff/0000/0000/0000/0000/0000/0000/0000/0000/0000/0000/0000/0000/0000;y1=ffff/8001/ffff/0000/0000/0000/0000/0000/0000/0000/0000/0000/0000/0000/0000/0000;y2=ffff/8001/ffff/0000/0000/0000/0000/0000/0000/0000/0000/0000/0000/0000/0000/0000;y3=e3c7/8001/e3c7/0000/0000/0000/0000/0000/0000/0000/0000/0000/0000/0000/0000/0000;y4=e3c7/8001/e3c7/0000/0000/0000/0000/0000/0000/0000/0000/0000/0000/0000/0000/0000;y5=e3c7/8001/e3c7/0000/0000/0000/0000/0000/0000/0000/0000/0000/0000/0000/0000/0000;y6=ffff/8001/ffff/0000/0000/0000/0000/0000/0000/0000/0000/0000/0000/0000/0000/0000;y7=ffff/8001/ffff/0000/0000/0000/0000/0000/0000/0000/0000/0000/0000/0000/0000/0000;y8=ffff/8001/ffff/0000/0000/0000/0000/0000/0000/0000/0000/0000/0000/0000/0000/0000;y9=ffff/8001/ffff/0000/0000/0000/0000/0000/0000/0000/0000/0000/0000/0000/0000/0000;y10=e3c7/8001/e3c7/0000/0000/0000/0000/0000/0000/0000/0000/0000/0000/0000/0000/0000;y11=e3c7/8001/e3c7/0000/0000/0000/0000/0000/0000/0000/0000/0000/0000/0000/0000/0000;y12=e3c7/8001/e3c7/0000/0000/0000/0000/0000/0000/0000/0000/0000/0000/0000/0000/0000;y13=ffff/8001/ffff/0000/0000/0000/0000/0000/0000/0000/0000/0000/0000/0000/0000/0000;y14=ffff/8001/ffff/0000/0000/0000/0000/0000/0000/0000/0000/0000/0000/0000/0000/0000;y15=ffff/ffff/ffff/0000/0000/0000/0000/0000/0000/0000/0000/0000/0000/0000/0000/0000
[02Aug2026 18:20:32.561] [Photonic Chunk Compiler #0/INFO] [Photonics/]: Photonics voxel diagnostic: state=Block{minecraft:oak_trapdoor}[facing=east,half=bottom,open=true,powered=false,waterlogged=false] vertexHash=e677a3c99f27ce8 complete=true samples=720 alphaZero=78 alphaPartial=0 alphaOpaque=642 rgbMean=[125.0,99.5,56.8] rgbRange=[74-179,60-140,32-81] voxels=496 aabb=[0,0,0]-[2,15,15] parts=[( 0.000E+0  0.000E+0  0.000E+0)]
[02Aug2026 18:20:32.561] [Photonic Chunk Compiler #0/INFO] [Photonics/]: Photonics voxel occupancy: state=Block{minecraft:oak_trapdoor}[facing=east,half=bottom,open=true,powered=false,waterlogged=false] part=( 0.000E+0  0.000E+0  0.000E+0) slices=y0=0007/0007/0007/0007/0007/0007/0007/0007/0007/0007/0007/0007/0007/0007/0007/0007;y1=0007/0005/0005/0005/0005/0005/0005/0005/0005/0005/0005/0005/0005/0005/0004/0007;y2=0007/0005/0005/0005/0005/0005/0005/0005/0005/0005/0005/0005/0005/0004/0005/0007;y3=0007/0005/0005/0000/0000/0000/0005/0005/0005/0005/0000/0000/0000/0005/0005/0007;y4=0007/0005/0005/0000/0000/0000/0005/0005/0005/0005/0000/0000/0000/0005/0005/0007;y5=0007/0005/0005/0000/0000/0000/0005/0005/0005/0005/0000/0000/0000/0005/0005/0007;y6=0007/0005/0005/0005/0005/0005/0005/0005/0005/0004/0005/0005/0005/0005/0005/0007;y7=0007/0005/0005/0005/0005/0005/0005/0005/0004/0005/0005/0005/0005/0005/0005/0007;y8=0007/0005/0005/0005/0005/0005/0005/0005/0005/0005/0005/0005/0005/0005/0005/0007;y9=0007/0005/0005/0005/0005/0005/0005/0005/0005/0005/0005/0005/0005/0005/0005/0007;y10=0007/0005/0005/0000/0000/0000/0005/0005/0005/0005/0000/0000/0000/0005/0005/0007;y11=0007/0005/0005/0000/0000/0000/0005/0005/0005/0005/0000/0000/0000/0005/0005/0007;y12=0007/0005/0005/0000/0000/0000/0005/0005/0005/0005/0000/0000/0000/0005/0005/0007;y13=0007/0005/0005/0005/0005/0005/0005/0005/0005/0005/0005/0005/0005/0005/0005/0007;y14=0007/0005/0005/0005/0005/0005/0005/0005/0005/0005/0005/0005/0005/0005/0005/0007;y15=0007/0007/0007/0007/0007/0007/0007/0007/0007/0007/0007/0007/0007/0007/0007/0007
[02Aug2026 18:20:32.622] [Photonic Chunk Compiler #1/INFO] [Photonics/]: Photonics voxel diagnostic: state=Block{minecraft:oak_fence}[east=true,north=true,south=true,waterlogged=false,west=false] vertexHash=3d75418837586c00 complete=true samples=892 alphaZero=0 alphaPartial=0 alphaOpaque=892 rgbMean=[158.3,127.3,76.3] rgbRange=[103-194,80-157,44-98] voxels=440 aabb=[6,0,0]-[15,15,15] parts=[( 0.000E+0  0.000E+0  0.000E+0)]
[02Aug2026 18:20:32.622] [Photonic Chunk Compiler #1/INFO] [Photonics/]: Photonics voxel occupancy: state=Block{minecraft:oak_fence}[east=true,north=true,south=true,waterlogged=false,west=false] part=( 0.000E+0  0.000E+0  0.000E+0) slices=y0=0000/0000/0000/0000/0000/0000/03c0/03c0/03c0/03c0/0000/0000/0000/0000/0000/0000;y1=0000/0000/0000/0000/0000/0000/03c0/0240/0240/03c0/0000/0000/0000/0000/0000/0000;y2=0000/0000/0000/0000/0000/0000/03c0/0240/0240/03c0/0000/0000/0000/0000/0000/0000;y3=0000/0000/0000/0000/0000/0000/03c0/0240/0240/03c0/0000/0000/0000/0000/0000/0000;y4=0000/0000/0000/0000/0000/0000/03c0/0240/0240/03c0/0000/0000/0000/0000/0000/0000;y5=0000/0000/0000/0000/0000/0000/03c0/0240/0240/03c0/0000/0000/0000/0000/0000/0000;y6=0180/0180/0180/0180/0180/0180/03c0/ffc0/ffc0/03c0/0180/0180/0180/0180/0180/0180;y7=0180/0180/0180/0180/0180/0180/03c0/ffc0/ffc0/03c0/0180/0180/0180/0180/0180/0180;y8=0180/0180/0180/0180/0180/0180/03c0/ffc0/ffc0/03c0/0180/0180/0180/0180/0180/0180;y9=0000/0000/0000/0000/0000/0000/03c0/0240/0240/03c0/0000/0000/0000/0000/0000/0000;y10=0000/0000/0000/0000/0000/0000/03c0/0240/0240/03c0/0000/0000/0000/0000/0000/0000;y11=0000/0000/0000/0000/0000/0000/03c0/0240/0240/03c0/0000/0000/0000/0000/0000/0000;y12=0180/0180/0180/0180/0180/0180/03c0/ffc0/ffc0/03c0/0180/0180/0180/0180/0180/0180;y13=0180/0180/0180/0180/0180/0180/03c0/ffc0/ffc0/03c0/0180/0180/0180/0180/0180/0180;y14=0180/0180/0180/0180/0180/0180/03c0/ffc0/ffc0/03c0/0180/0180/0180/0180/0180/0180;y15=0000/0000/0000/0000/0000/0000/03c0/03c0/03c0/03c0/0000/0000/0000/0000/0000/0000
[02Aug2026 18:20:32.657] [Render thread/INFO] [xaero.lib.XaeroLib/]: Exception when loading create:fake_track texture, using material colour.
[02Aug2026 18:20:32.658] [Render thread/INFO] [xaero.lib.XaeroLib/]: No texture minecraft:textures/missingno.png
[02Aug2026 18:20:33.221] [Photonics Light List Compiler/INFO] [Photonics/]: Photonics light candidates v18: eligible=4325, selected=4000, maxLights=4000, lightSections=617, capped=true
[02Aug2026 18:20:33.221] [Photonics Light List Compiler/INFO] [Photonics/]: Photonics light-list publication v88: coalescedBatches=11, peakPendingSections=126, remainingSections=0, deferredMs=32.444
[02Aug2026 18:20:33.256] [Photonics Light List Compiler/INFO] [Photonics/]: Photonics light candidates v18: eligible=4422, selected=4000, maxLights=4000, lightSections=623, capped=true
[02Aug2026 18:20:33.256] [Photonics Light List Compiler/INFO] [Photonics/]: Photonics light-list publication v88: coalescedBatches=9, peakPendingSections=97, remainingSections=0, deferredMs=25.705
[02Aug2026 18:20:33.361] [Render thread/INFO] [Photonics/]: Photonics world tracing v72: revision=54, settled=false, compiledSections=204, trackedSections=2822, batchBuilt=4, batchUnloaded=0, pendingBuilds=3, pendingUnloads=0, ready=true, depth=6, blockBounds=( 8.000E+1  1.120E+2  8.000E+1)..( 3.040E+2  2.400E+2  2.880E+2), treeBounds=( 0.000E+0  0.000E+0  0.000E+0)..( 1.024E+3  1.024E+3  1.024E+3), origin=(-1.920E+2 -1.280E+2  0.000E+0), boundsSource=compiled, compileMs=7.923
[02Aug2026 18:20:33.913] [Photonic Chunk Compiler #0/INFO] [Photonics/]: Photonics voxel diagnostic: state=Block{minecraft:oak_fence}[east=true,north=false,south=true,waterlogged=false,west=true] vertexHash=645c8472f5666c00 complete=true samples=898 alphaZero=0 alphaPartial=0 alphaOpaque=898 rgbMean=[157.7,126.7,75.9] rgbRange=[103-194,80-157,44-98] voxels=440 aabb=[0,0,6]-[15,15,15] parts=[( 0.000E+0  0.000E+0  0.000E+0)]
[02Aug2026 18:20:33.914] [Photonic Chunk Compiler #0/INFO] [Photonics/]: Photonics voxel occupancy: state=Block{minecraft:oak_fence}[east=true,north=false,south=true,waterlogged=false,west=true] part=( 0.000E+0  0.000E+0  0.000E+0) slices=y0=0000/0000/0000/0000/0000/0000/03c0/03c0/03c0/03c0/0000/0000/0000/0000/0000/0000;y1=0000/0000/0000/0000/0000/0000/03c0/0240/0240/03c0/0000/0000/0000/0000/0000/0000;y2=0000/0000/0000/0000/0000/0000/03c0/0240/0240/03c0/0000/0000/0000/0000/0000/0000;y3=0000/0000/0000/0000/0000/0000/03c0/0240/0240/03c0/0000/0000/0000/0000/0000/0000;y4=0000/0000/0000/0000/0000/0000/03c0/0240/0240/03c0/0000/0000/0000/0000/0000/0000;y5=0000/0000/0000/0000/0000/0000/03c0/0240/0240/03c0/0000/0000/0000/0000/0000/0000;y6=0000/0000/0000/0000/0000/0000/03c0/ffff/ffff/03c0/0180/0180/0180/0180/0180/0180;y7=0000/0000/0000/0000/0000/0000/03c0/ffff/ffff/03c0/0180/0180/0180/0180/0180/0180;y8=0000/0000/0000/0000/0000/0000/03c0/ffff/ffff/03c0/0180/0180/0180/0180/0180/0180;y9=0000/0000/0000/0000/0000/0000/03c0/0240/0240/03c0/0000/0000/0000/0000/0000/0000;y10=0000/0000/0000/0000/0000/0000/03c0/0240/0240/03c0/0000/0000/0000/0000/0000/0000;y11=0000/0000/0000/0000/0000/0000/03c0/0240/0240/03c0/0000/0000/0000/0000/0000/0000;y12=0000/0000/0000/0000/0000/0000/03c0/ffff/ffff/03c0/0180/0180/0180/0180/0180/0180;y13=0000/0000/0000/0000/0000/0000/03c0/ffff/ffff/03c0/0180/0180/0180/0180/0180/0180;y14=0000/0000/0000/0000/0000/0000/03c0/ffff/ffff/03c0/0180/0180/0180/0180/0180/0180;y15=0000/0000/0000/0000/0000/0000/03c0/03c0/03c0/03c0/0000/0000/0000/0000/0000/0000
[02Aug2026 18:20:33.914] [Photonic Chunk Compiler #0/INFO] [Photonics/]: Photonics voxel diagnostic: state=Block{minecraft:oak_fence_gate}[facing=north,in_wall=false,open=false,powered=false] vertexHash=561085c2e7a47800 complete=true samples=520 alphaZero=0 alphaPartial=0 alphaOpaque=520 rgbMean=[159.5,128.3,76.9] rgbRange=[103-194,80-157,44-98] voxels=256 aabb=[0,5,7]-[15,15,8] parts=[( 0.000E+0  0.000E+0  0.000E+0)]
[02Aug2026 18:20:33.915] [Photonic Chunk Compiler #0/INFO] [Photonics/]: Photonics voxel occupancy: state=Block{minecraft:oak_fence_gate}[facing=north,in_wall=false,open=false,powered=false] part=( 0.000E+0  0.000E+0  0.000E+0) slices=y5=0000/0000/0000/0000/0000/0000/0000/c003/c003/0000/0000/0000/0000/0000/0000/0000;y6=0000/0000/0000/0000/0000/0000/0000/ffff/ffff/0000/0000/0000/0000/0000/0000/0000;y7=0000/0000/0000/0000/0000/0000/0000/ffff/ffff/0000/0000/0000/0000/0000/0000/0000;y8=0000/0000/0000/0000/0000/0000/0000/ffff/ffff/0000/0000/0000/0000/0000/0000/0000;y9=0000/0000/0000/0000/0000/0000/0000/c3c3/c3c3/0000/0000/0000/0000/0000/0000/0000;y10=0000/0000/0000/0000/0000/0000/0000/c3c3/c3c3/0000/0000/0000/0000/0000/0000/0000;y11=0000/0000/0000/0000/0000/0000/0000/c3c3/c3c3/0000/0000/0000/0000/0000/0000/0000;y12=0000/0000/0000/0000/0000/0000/0000/ffff/ffff/0000/0000/0000/0000/0000/0000/0000;y13=0000/0000/0000/0000/0000/0000/0000/ffff/ffff/0000/0000/0000/0000/0000/0000/0000;y14=0000/0000/0000/0000/0000/0000/0000/ffff/ffff/0000/0000/0000/0000/0000/0000/0000;y15=0000/0000/0000/0000/0000/0000/0000/c003/c003/0000/0000/0000/0000/0000/0000/0000
[02Aug2026 18:20:33.917] [Photonic Chunk Compiler #0/INFO] [Photonics/]: Photonics voxel diagnostic: state=Block{minecraft:oak_fence_gate}[facing=south,in_wall=false,open=false,powered=false] vertexHash=790ba4ec1fa47800 complete=true samples=520 alphaZero=0 alphaPartial=0 alphaOpaque=520 rgbMean=[159.5,128.3,76.9] rgbRange=[103-194,80-157,44-98] voxels=256 aabb=[0,5,7]-[15,15,8] parts=[( 0.000E+0  0.000E+0  0.000E+0)]
[02Aug2026 18:20:33.917] [Photonic Chunk Compiler #0/INFO] [Photonics/]: Photonics voxel occupancy: state=Block{minecraft:oak_fence_gate}[facing=south,in_wall=false,open=false,powered=false] part=( 0.000E+0  0.000E+0  0.000E+0) slices=y5=0000/0000/0000/0000/0000/0000/0000/c003/c003/0000/0000/0000/0000/0000/0000/0000;y6=0000/0000/0000/0000/0000/0000/0000/ffff/ffff/0000/0000/0000/0000/0000/0000/0000;y7=0000/0000/0000/0000/0000/0000/0000/ffff/ffff/0000/0000/0000/0000/0000/0000/0000;y8=0000/0000/0000/0000/0000/0000/0000/ffff/ffff/0000/0000/0000/0000/0000/0000/0000;y9=0000/0000/0000/0000/0000/0000/0000/c3c3/c3c3/0000/0000/0000/0000/0000/0000/0000;y10=0000/0000/0000/0000/0000/0000/0000/c3c3/c3c3/0000/0000/0000/0000/0000/0000/0000;y11=0000/0000/0000/0000/0000/0000/0000/c3c3/c3c3/0000/0000/0000/0000/0000/0000/0000;y12=0000/0000/0000/0000/0000/0000/0000/ffff/ffff/0000/0000/0000/0000/0000/0000/0000;y13=0000/0000/0000/0000/0000/0000/0000/ffff/ffff/0000/0000/0000/0000/0000/0000/0000;y14=0000/0000/0000/0000/0000/0000/0000/ffff/ffff/0000/0000/0000/0000/0000/0000/0000;y15=0000/0000/0000/0000/0000/0000/0000/c003/c003/0000/0000/0000/0000/0000/0000/0000
[02Aug2026 18:20:33.925] [Photonic Chunk Compiler #0/INFO] [Photonics/]: Photonics voxel diagnostic: state=Block{minecraft:oak_fence_gate}[facing=east,in_wall=false,open=false,powered=false] vertexHash=a9063e090526a0c8 complete=true samples=518 alphaZero=0 alphaPartial=0 alphaOpaque=518 rgbMean=[159.6,128.7,77.0] rgbRange=[103-194,80-157,44-98] voxels=256 aabb=[7,5,0]-[8,15,15] parts=[( 0.000E+0  0.000E+0  0.000E+0)]
[02Aug2026 18:20:33.925] [Photonic Chunk Compiler #0/INFO] [Photonics/]: Photonics voxel occupancy: state=Block{minecraft:oak_fence_gate}[facing=east,in_wall=false,open=false,powered=false] part=( 0.000E+0  0.000E+0  0.000E+0) slices=y5=0180/0180/0000/0000/0000/0000/0000/0000/0000/0000/0000/0000/0000/0000/0180/0180;y6=0180/0180/0180/0180/0180/0180/0180/0180/0180/0180/0180/0180/0180/0180/0180/0180;y7=0180/0180/0180/0180/0180/0180/0180/0180/0180/0180/0180/0180/0180/0180/0180/0180;y8=0180/0180/0180/0180/0180/0180/0180/0180/0180/0180/0180/0180/0180/0180/0180/0180;y9=0180/0180/0000/0000/0000/0000/0180/0180/0180/0180/0000/0000/0000/0000/0180/0180;y10=0180/0180/0000/0000/0000/0000/0180/0180/0180/0180/0000/0000/0000/0000/0180/0180;y11=0180/0180/0000/0000/0000/0000/0180/0180/0180/0180/0000/0000/0000/0000/0180/0180;y12=0180/0180/0180/0180/0180/0180/0180/0180/0180/0180/0180/0180/0180/0180/0180/0180;y13=0180/0180/0180/0180/0180/0180/0180/0180/0180/0180/0180/0180/0180/0180/0180/0180;y14=0180/0180/0180/0180/0180/0180/0180/0180/0180/0180/0180/0180/0180/0180/0180/0180;y15=0180/0180/0000/0000/0000/0000/0000/0000/0000/0000/0000/0000/0000/0000/0180/0180
[02Aug2026 18:20:34.380] [Render thread/INFO] [Photonics/]: Photonics world tracing v72: revision=100, settled=false, compiledSections=345, trackedSections=2822, batchBuilt=1, batchUnloaded=0, pendingBuilds=0, pendingUnloads=0, ready=true, depth=6, blockBounds=( 6.400E+1  9.600E+1  8.000E+1)..( 3.200E+2  2.400E+2  3.040E+2), treeBounds=( 0.000E+0  0.000E+0  0.000E+0)..( 1.024E+3  1.024E+3  1.024E+3), origin=(-1.920E+2 -1.280E+2  0.000E+0), boundsSource=compiled, compileMs=9.671
[02Aug2026 18:20:34.973] [Photonics Light List Compiler/INFO] [Photonics/]: Photonics light candidates v18: eligible=4729, selected=4000, maxLights=4000, lightSections=632, capped=true
[02Aug2026 18:20:34.973] [Photonics Light List Compiler/INFO] [Photonics/]: Photonics light-list publication v88: coalescedBatches=15, peakPendingSections=216, remainingSections=0, deferredMs=63.655
[02Aug2026 18:20:35.210] [Photonics Light List Compiler/INFO] [Photonics/]: Photonics light candidates v18: eligible=4880, selected=4000, maxLights=4000, lightSections=644, capped=true
[02Aug2026 18:20:35.210] [Photonics Light List Compiler/INFO] [Photonics/]: Photonics light-list publication v88: coalescedBatches=12, peakPendingSections=121, remainingSections=0, deferredMs=58.803
[02Aug2026 18:20:35.240] [Photonics Light List Compiler/INFO] [Photonics/]: Photonics light candidates v18: eligible=4892, selected=4000, maxLights=4000, lightSections=647, capped=true
[02Aug2026 18:20:35.240] [Photonics Light List Compiler/INFO] [Photonics/]: Photonics light-list publication v88: coalescedBatches=6, peakPendingSections=87, remainingSections=0, deferredMs=26.368
[02Aug2026 18:20:35.254] [Photonics Light List Compiler/INFO] [Photonics/]: Photonics light candidates v18: eligible=4919, selected=4000, maxLights=4000, lightSections=648, capped=true
[02Aug2026 18:20:35.382] [Render thread/INFO] [Photonics/]: Photonics world tracing v72: revision=135, settled=false, compiledSections=509, trackedSections=2904, batchBuilt=4, batchUnloaded=0, pendingBuilds=2, pendingUnloads=0, ready=true, depth=6, blockBounds=( 4.800E+1  8.000E+1  8.000E+1)..( 3.360E+2  2.400E+2  3.360E+2), treeBounds=( 0.000E+0  0.000E+0  0.000E+0)..( 1.024E+3  1.024E+3  1.024E+3), origin=(-1.920E+2 -1.280E+2  0.000E+0), boundsSource=compiled, compileMs=14.319
[02Aug2026 18:20:36.462] [Render thread/INFO] [Photonics/]: Photonics world tracing v72: revision=166, settled=false, compiledSections=676, trackedSections=2819, batchBuilt=20, batchUnloaded=0, pendingBuilds=4, pendingUnloads=236, ready=true, depth=6, blockBounds=( 3.200E+1  8.000E+1  4.800E+1)..( 3.680E+2  2.400E+2  3.520E+2), treeBounds=( 0.000E+0  0.000E+0  0.000E+0)..( 1.024E+3  1.024E+3  1.024E+3), origin=(-1.920E+2 -1.280E+2  0.000E+0), boundsSource=compiled, compileMs=60.678
[02Aug2026 18:20:36.465] [Photonics Light List Compiler/INFO] [Photonics/]: Photonics light candidates v18: eligible=5382, selected=4000, maxLights=4000, lightSections=647, capped=true
[02Aug2026 18:20:36.465] [Photonics Light List Compiler/INFO] [Photonics/]: Photonics light-list publication v88: coalescedBatches=10, peakPendingSections=146, remainingSections=0, deferredMs=33.084
[02Aug2026 18:20:36.495] [Photonics Light List Compiler/INFO] [Photonics/]: Photonics light candidates v18: eligible=5417, selected=4000, maxLights=4000, lightSections=650, capped=true
[02Aug2026 18:20:36.498] [Photonics Light List Compiler/INFO] [Photonics/]: Photonics light-list publication v88: coalescedBatches=6, peakPendingSections=82, remainingSections=0, deferredMs=24.508
[02Aug2026 18:20:37.396] [Photonics Light List Compiler/INFO] [Photonics/]: Photonics light candidates v18: eligible=5418, selected=4000, maxLights=4000, lightSections=650, capped=true
[02Aug2026 18:20:37.481] [Render thread/INFO] [Photonics/]: Photonics world tracing v72: revision=194, settled=false, compiledSections=860, trackedSections=2835, batchBuilt=9, batchUnloaded=0, pendingBuilds=2, pendingUnloads=0, ready=true, depth=6, blockBounds=( 3.200E+1  8.000E+1  6.400E+1)..( 3.680E+2  2.400E+2  3.680E+2), treeBounds=( 0.000E+0  0.000E+0  0.000E+0)..( 1.024E+3  1.024E+3  1.024E+3), origin=(-1.920E+2 -1.280E+2  0.000E+0), boundsSource=compiled, compileMs=29.344
[02Aug2026 18:20:37.981] [Photonics Light List Compiler/INFO] [Photonics/]: Photonics light candidates v18: eligible=5419, selected=4000, maxLights=4000, lightSections=650, capped=true
[02Aug2026 18:20:38.380] [Render thread/ERROR] [dev.ryanhcode.sable.Sable/]: Received a sub-level movement packet for a non-existent sub-level
[02Aug2026 18:20:38.409] [Render thread/INFO] [Photonics/]: Photonics v32 ignored Sable plot section notification: filtered=4096, sectionX=1280063, sectionZ=1280447
[02Aug2026 18:20:38.435] [Render thread/INFO] [Photonics/]: Photonics v55 Sable skylight transition: subLevel=39defd04-d2b5-48d2-9e04-42c9edf084a2, scale=initial -> 15, logicalY=100.20266 (cell 100), renderY=100.20270 (cell 100), cameraY=103.82068 (cell 103)
[02Aug2026 18:20:38.436] [Render thread/INFO] [Photonics/]: Photonics v27 Sable geometry atlas rebuilt: rebuild=2, subLevels=4, receiverCells=16, occluderCells=11, size=4x4x7, precision=solid-block-cell, payloadHash=2dfa281
[02Aug2026 18:20:38.436] [Render thread/INFO] [Photonics/]: Photonics v24 Sable receiver motion: 3 -> 4
[02Aug2026 18:20:38.497] [Render thread/INFO] [Photonics/]: Photonics world tracing v72: revision=214, settled=false, compiledSections=1077, trackedSections=2835, batchBuilt=11, batchUnloaded=0, pendingBuilds=8, pendingUnloads=0, ready=true, depth=6, blockBounds=( 3.200E+1  8.000E+1  4.800E+1)..( 3.680E+2  2.400E+2  3.680E+2), treeBounds=( 0.000E+0  0.000E+0  0.000E+0)..( 1.024E+3  1.024E+3  1.024E+3), origin=(-1.920E+2 -1.280E+2  0.000E+0), boundsSource=compiled, compileMs=44.512
[02Aug2026 18:20:39.562] [Render thread/INFO] [Photonics/]: Photonics world tracing v72: revision=231, settled=false, compiledSections=1374, trackedSections=2835, batchBuilt=26, batchUnloaded=0, pendingBuilds=2, pendingUnloads=0, ready=true, depth=6, blockBounds=( 3.200E+1  8.000E+1  4.800E+1)..( 3.680E+2  2.400E+2  3.680E+2), treeBounds=( 0.000E+0  0.000E+0  0.000E+0)..( 1.024E+3  1.024E+3  1.024E+3), origin=(-1.920E+2 -1.280E+2  0.000E+0), boundsSource=compiled, compileMs=70.307
[02Aug2026 18:20:40.603] [Render thread/INFO] [Photonics/]: Photonics world tracing v72: revision=245, settled=false, compiledSections=1726, trackedSections=2835, batchBuilt=38, batchUnloaded=0, pendingBuilds=25, pendingUnloads=0, ready=true, depth=6, blockBounds=( 3.200E+1  8.000E+1  4.800E+1)..( 3.680E+2  2.400E+2  3.680E+2), treeBounds=( 0.000E+0  0.000E+0  0.000E+0)..( 1.024E+3  1.024E+3  1.024E+3), origin=(-1.920E+2 -1.280E+2  0.000E+0), boundsSource=compiled, compileMs=74.560
[02Aug2026 18:20:40.886] [Photonics Light List Compiler/INFO] [Photonics/]: Photonics light candidates v18: eligible=5420, selected=4000, maxLights=4000, lightSections=650, capped=true
[02Aug2026 18:20:41.688] [Render thread/INFO] [Photonics/]: Photonics world tracing v72: revision=256, settled=false, compiledSections=2033, trackedSections=2835, batchBuilt=48, batchUnloaded=0, pendingBuilds=50, pendingUnloads=0, ready=true, depth=6, blockBounds=( 3.200E+1  8.000E+1  4.800E+1)..( 3.680E+2  2.400E+2  3.840E+2), treeBounds=( 0.000E+0  0.000E+0  0.000E+0)..( 1.024E+3  1.024E+3  1.024E+3), origin=(-1.920E+2 -1.280E+2  0.000E+0), boundsSource=compiled, compileMs=101.444
[02Aug2026 18:20:42.035] [Render thread/INFO] [Photonics/]: Photonics v55 Sable skylight transition: subLevel=d77cd9f3-fc37-4a79-af19-f141b363ba31, scale=initial -> 15, logicalY=100.22598 (cell 100), renderY=100.22598 (cell 100), cameraY=103.78847 (cell 103)
[02Aug2026 18:20:42.035] [Render thread/INFO] [Photonics/]: Photonics v27 Sable geometry atlas rebuilt: rebuild=3, subLevels=5, receiverCells=17, occluderCells=11, size=4x4x8, precision=solid-block-cell, payloadHash=b2fef841
[02Aug2026 18:20:42.035] [Render thread/INFO] [Photonics/]: Photonics v24 Sable receiver motion: 4 -> 5
[02Aug2026 18:20:42.135] [Photonics Light List Compiler/INFO] [Photonics/]: Photonics light candidates v18: eligible=5421, selected=4000, maxLights=4000, lightSections=650, capped=true
[02Aug2026 18:20:42.786] [Render thread/INFO] [Photonics/]: Photonics world tracing v72: revision=265, settled=false, compiledSections=2464, trackedSections=2835, batchBuilt=48, batchUnloaded=0, pendingBuilds=96, pendingUnloads=0, ready=true, depth=6, blockBounds=( 3.200E+1  6.400E+1  4.800E+1)..( 3.680E+2  2.400E+2  3.840E+2), treeBounds=( 0.000E+0  0.000E+0  0.000E+0)..( 1.024E+3  1.024E+3  1.024E+3), origin=(-1.920E+2 -1.280E+2  0.000E+0), boundsSource=compiled, compileMs=139.685
[02Aug2026 18:20:43.635] [Photonics Light List Compiler/INFO] [Photonics/]: Photonics light-list publication v88: coalescedBatches=2, peakPendingSections=4, remainingSections=0, deferredMs=0.270
[02Aug2026 18:20:43.834] [Photonics Light List Compiler/INFO] [Photonics/]: Photonics light-list publication v88: coalescedBatches=2, peakPendingSections=1, remainingSections=0, deferredMs=0.183
[02Aug2026 18:20:43.884] [Photonics Light List Compiler/INFO] [Photonics/]: Photonics light-list publication v88: coalescedBatches=2, peakPendingSections=1, remainingSections=0, deferredMs=0.146
[02Aug2026 18:20:43.916] [Render thread/INFO] [Photonics/]: Photonics world tracing v72: revision=274, settled=false, compiledSections=2835, trackedSections=2835, batchBuilt=1, batchUnloaded=0, pendingBuilds=1, pendingUnloads=0, ready=true, depth=6, blockBounds=( 3.200E+1  6.400E+1  4.800E+1)..( 3.680E+2  2.400E+2  3.840E+2), treeBounds=( 0.000E+0  0.000E+0  0.000E+0)..( 1.024E+3  1.024E+3  1.024E+3), origin=(-1.920E+2 -1.280E+2  0.000E+0), boundsSource=compiled, compileMs=64.748
[02Aug2026 18:20:45.141] [Render thread/INFO] [Photonics/]: Photonics v27 Sable geometry atlas rebuilt: rebuild=4, subLevels=5, receiverCells=18, occluderCells=11, size=4x4x8, precision=solid-block-cell, payloadHash=ff7b5001
[02Aug2026 18:20:45.636] [Photonics Light List Compiler/INFO] [Photonics/]: Photonics light candidates v18: eligible=5420, selected=4000, maxLights=4000, lightSections=650, capped=true
[02Aug2026 18:20:45.701] [Render thread/INFO] [Photonics/]: Photonics world tracing v72: revision=276, settled=false, compiledSections=2835, trackedSections=2835, batchBuilt=1, batchUnloaded=0, pendingBuilds=0, pendingUnloads=0, ready=true, depth=6, blockBounds=( 3.200E+1  6.400E+1  4.800E+1)..( 3.680E+2  2.400E+2  3.840E+2), treeBounds=( 0.000E+0  0.000E+0  0.000E+0)..( 1.024E+3  1.024E+3  1.024E+3), origin=(-1.920E+2 -1.280E+2  0.000E+0), boundsSource=compiled, compileMs=61.855
[02Aug2026 18:20:46.375] [Photonics Light List Compiler/INFO] [Photonics/]: Photonics light candidates v18: eligible=4810, selected=4000, maxLights=4000, lightSections=635, capped=true
[02Aug2026 18:20:46.375] [Photonics Light List Compiler/INFO] [Photonics/]: Photonics light-list publication v88: coalescedBatches=10, peakPendingSections=128, remainingSections=0, deferredMs=26.887
[02Aug2026 18:20:46.406] [Photonics Light List Compiler/INFO] [Photonics/]: Photonics light candidates v18: eligible=4824, selected=4000, maxLights=4000, lightSections=639, capped=true
[02Aug2026 18:20:46.406] [Photonics Light List Compiler/INFO] [Photonics/]: Photonics light-list publication v88: coalescedBatches=12, peakPendingSections=106, remainingSections=0, deferredMs=26.630
[02Aug2026 18:20:46.790] [Render thread/INFO] [Photonics/]: Photonics world tracing v72: revision=280, settled=false, compiledSections=2680, trackedSections=2830, batchBuilt=6, batchUnloaded=0, pendingBuilds=2, pendingUnloads=0, ready=true, depth=6, blockBounds=( 3.200E+1  6.400E+1  3.200E+1)..( 3.680E+2  2.400E+2  3.680E+2), treeBounds=( 0.000E+0  0.000E+0  0.000E+0)..( 1.024E+3  1.024E+3  1.024E+3), origin=(-1.920E+2 -1.280E+2  0.000E+0), boundsSource=compiled, compileMs=82.627
[02Aug2026 18:20:47.586] [Photonics Light List Compiler/INFO] [Photonics/]: Photonics light candidates v18: eligible=4823, selected=4000, maxLights=4000, lightSections=639, capped=true
[02Aug2026 18:20:48.954] [Photonics Light List Compiler/INFO] [Photonics/]: Photonics light candidates v18: eligible=5775, selected=4000, maxLights=4000, lightSections=672, capped=true
[02Aug2026 18:20:48.954] [Photonics Light List Compiler/INFO] [Photonics/]: Photonics light-list publication v88: coalescedBatches=17, peakPendingSections=456, remainingSections=0, deferredMs=100.021
[02Aug2026 18:20:48.957] [Render thread/INFO] [Photonics/]: Photonics world tracing v72: revision=288, settled=false, compiledSections=2766, trackedSections=3119, batchBuilt=4, batchUnloaded=68, pendingBuilds=23, pendingUnloads=103, ready=true, depth=6, blockBounds=( 3.200E+1  6.400E+1  3.200E+1)..( 3.680E+2  2.400E+2  3.680E+2), treeBounds=( 0.000E+0  0.000E+0  0.000E+0)..( 1.024E+3  1.024E+3  1.024E+3), origin=(-1.920E+2 -1.280E+2  0.000E+0), boundsSource=compiled, compileMs=102.327
[02Aug2026 18:20:49.634] [Photonics Light List Compiler/INFO] [Photonics/]: Photonics light candidates v18: eligible=6093, selected=4000, maxLights=4000, lightSections=685, capped=true
[02Aug2026 18:20:49.634] [Photonics Light List Compiler/INFO] [Photonics/]: Photonics light-list publication v88: coalescedBatches=6, peakPendingSections=100, remainingSections=0, deferredMs=33.246
[02Aug2026 18:20:49.684] [Photonics Light List Compiler/INFO] [Photonics/]: Photonics light candidates v18: eligible=5956, selected=4000, maxLights=4000, lightSections=675, capped=true
[02Aug2026 18:20:49.685] [Photonics Light List Compiler/INFO] [Photonics/]: Photonics light-list publication v88: coalescedBatches=7, peakPendingSections=190, remainingSections=0, deferredMs=25.024
[02Aug2026 18:20:50.021] [Render thread/INFO] [Photonics/]: Photonics world tracing v72: revision=296, settled=false, compiledSections=2792, trackedSections=3106, batchBuilt=30, batchUnloaded=0, pendingBuilds=17, pendingUnloads=0, ready=true, depth=6, blockBounds=( 3.200E+1  6.400E+1  6.400E+1)..( 3.680E+2  2.400E+2  4.000E+2), treeBounds=( 0.000E+0  0.000E+0  0.000E+0)..( 1.024E+3  1.024E+3  1.024E+3), origin=(-1.920E+2 -1.280E+2 -6.400E+1), boundsSource=compiled, compileMs=105.123
[02Aug2026 18:20:50.550] [Photonics Light List Compiler/INFO] [Photonics/]: Photonics light candidates v18: eligible=5864, selected=4000, maxLights=4000, lightSections=664, capped=true
[02Aug2026 18:20:50.550] [Photonics Light List Compiler/INFO] [Photonics/]: Photonics light-list publication v88: coalescedBatches=8, peakPendingSections=161, remainingSections=0, deferredMs=26.183
[02Aug2026 18:20:50.785] [Photonics Light List Compiler/INFO] [Photonics/]: Photonics light candidates v18: eligible=5735, selected=4000, maxLights=4000, lightSections=679, capped=true
[02Aug2026 18:20:50.786] [Photonics Light List Compiler/INFO] [Photonics/]: Photonics light-list publication v88: coalescedBatches=8, peakPendingSections=161, remainingSections=0, deferredMs=28.625
[02Aug2026 18:20:51.023] [Render thread/INFO] [Photonics/]: Photonics world tracing v72: revision=303, settled=false, compiledSections=2779, trackedSections=3101, batchBuilt=37, batchUnloaded=0, pendingBuilds=13, pendingUnloads=0, ready=true, depth=6, blockBounds=( 4.800E+1  6.400E+1  4.800E+1)..( 3.840E+2  2.400E+2  3.840E+2), treeBounds=( 0.000E+0  0.000E+0  0.000E+0)..( 1.024E+3  1.024E+3  1.024E+3), origin=(-1.920E+2 -1.280E+2 -6.400E+1), boundsSource=compiled, compileMs=102.808
[02Aug2026 18:20:51.389] [Render thread/INFO] [Photonics/]: Photonics v55 Sable skylight transition: subLevel=d77cd9f3-fc37-4a79-af19-f141b363ba31, scale=15 -> 14, logicalY=75.67549 (cell 75), renderY=75.69933 (cell 75), cameraY=74.04303 (cell 74)
[02Aug2026 18:20:51.644] [Render thread/INFO] [Photonics/]: Photonics v55 Sable skylight transition: subLevel=d77cd9f3-fc37-4a79-af19-f141b363ba31, scale=14 -> 15, logicalY=75.42166 (cell 75), renderY=75.44975 (cell 75), cameraY=73.88162 (cell 73)
[02Aug2026 18:20:51.650] [Photonics Light List Compiler/INFO] [Photonics/]: Photonics light candidates v18: eligible=5225, selected=4000, maxLights=4000, lightSections=674, capped=true
[02Aug2026 18:20:51.652] [Photonics Light List Compiler/INFO] [Photonics/]: Photonics light-list publication v88: coalescedBatches=7, peakPendingSections=191, remainingSections=0, deferredMs=33.667
[02Aug2026 18:20:51.841] [Photonics Light List Compiler/INFO] [Photonics/]: Photonics light-list publication v88: coalescedBatches=2, peakPendingSections=1, remainingSections=0, deferredMs=0.250
[02Aug2026 18:20:52.035] [Render thread/INFO] [Photonics/]: Photonics world tracing v72: revision=311, settled=false, compiledSections=2815, trackedSections=3102, batchBuilt=48, batchUnloaded=0, pendingBuilds=28, pendingUnloads=0, ready=true, depth=6, blockBounds=( 6.400E+1  6.400E+1  4.800E+1)..( 4.000E+2  2.400E+2  3.840E+2), treeBounds=( 0.000E+0  0.000E+0  0.000E+0)..( 1.024E+3  1.024E+3  1.024E+3), origin=(-1.920E+2 -1.280E+2 -6.400E+1), boundsSource=compiled, compileMs=166.400
[02Aug2026 18:20:52.431] [Photonics Light List Compiler/INFO] [Photonics/]: Photonics light candidates v18: eligible=5812, selected=4000, maxLights=4000, lightSections=668, capped=true
[02Aug2026 18:20:52.431] [Photonics Light List Compiler/INFO] [Photonics/]: Photonics light-list publication v88: coalescedBatches=10, peakPendingSections=198, remainingSections=0, deferredMs=29.270
[02Aug2026 18:20:52.687] [Photonics Light List Compiler/INFO] [Photonics/]: Photonics light-list publication v88: coalescedBatches=2, peakPendingSections=1, remainingSections=0, deferredMs=0.155
[02Aug2026 18:20:53.121] [Render thread/INFO] [Photonics/]: Photonics world tracing v72: revision=319, settled=false, compiledSections=2954, trackedSections=3105, batchBuilt=48, batchUnloaded=0, pendingBuilds=96, pendingUnloads=0, ready=true, depth=6, blockBounds=( 1.600E+1  6.400E+1  4.800E+1)..( 3.520E+2  2.400E+2  3.840E+2), treeBounds=( 0.000E+0  0.000E+0  0.000E+0)..( 1.024E+3  1.024E+3  1.024E+3), origin=(-1.280E+2 -1.280E+2 -6.400E+1), boundsSource=compiled, compileMs=123.904
[02Aug2026 18:20:53.290] [Photonics Light List Compiler/INFO] [Photonics/]: Photonics light candidates v18: eligible=6405, selected=4000, maxLights=4000, lightSections=678, capped=true
[02Aug2026 18:20:53.290] [Photonics Light List Compiler/INFO] [Photonics/]: Photonics light-list publication v88: coalescedBatches=7, peakPendingSections=182, remainingSections=0, deferredMs=52.213
[02Aug2026 18:20:53.868] [Photonics Light List Compiler/INFO] [Photonics/]: Photonics light candidates v18: eligible=5812, selected=4000, maxLights=4000, lightSections=668, capped=true
[02Aug2026 18:20:53.868] [Photonics Light List Compiler/INFO] [Photonics/]: Photonics light-list publication v88: coalescedBatches=11, peakPendingSections=152, remainingSections=0, deferredMs=52.611
[02Aug2026 18:20:54.141] [Render thread/INFO] [Photonics/]: Photonics world tracing v72: revision=326, settled=false, compiledSections=2971, trackedSections=3105, batchBuilt=20, batchUnloaded=0, pendingBuilds=17, pendingUnloads=0, ready=true, depth=6, blockBounds=( 1.600E+1  6.400E+1  4.800E+1)..( 3.520E+2  2.400E+2  3.840E+2), treeBounds=( 0.000E+0  0.000E+0  0.000E+0)..( 1.024E+3  1.024E+3  1.024E+3), origin=(-1.280E+2 -1.280E+2 -6.400E+1), boundsSource=compiled, compileMs=82.654
[02Aug2026 18:20:55.730] [Render thread/WARN] [Sodium-VertexConsumerTracker/]: Class xaero.hud.minimap.radar.icon.creator.render.form.model.part.RadarIconModelPartPrerenderer$VertexConsumerWrapper does not support optimized vertex writing code paths, which may cause reduced rendering performance
[02Aug2026 18:20:56.606] [Render thread/INFO] [Photonics/]: Photonics world tracing v72: revision=330, settled=true, compiledSections=3105, trackedSections=3105, batchBuilt=17, batchUnloaded=0, pendingBuilds=0, pendingUnloads=0, ready=true, depth=6, blockBounds=( 1.600E+1  6.400E+1  4.800E+1)..( 3.520E+2  2.400E+2  3.840E+2), treeBounds=( 0.000E+0  0.000E+0  0.000E+0)..( 1.024E+3  1.024E+3  1.024E+3), origin=(-1.280E+2 -1.280E+2 -6.400E+1), boundsSource=compiled, compileMs=88.855
[02Aug2026 18:20:56.606] [Render thread/INFO] [Photonics/]: Photonics memory v72: jvmHeap={usedBytes=2642002640, committedBytes=3992977408, maxBytes=8589934592}, jvmGc={collections=156, timeMs=1888}, worldHeap=GpuBufferHeapStats[capacityBytes=536870912, reservedBytes=266426860, liveBytes=262803404, peakLiveBytes=262803404, reusableBytes=3623456, allocations=835129, reusedAllocations=183544, frees=204968, failedAllocations=0], paletteHeap=GpuBufferHeapStats[capacityBytes=201326592, reservedBytes=41719104, liveBytes=32589024, peakLiveBytes=41719104, reusableBytes=9130080, allocations=496765, reusedAllocations=62191, frees=157296, failedAllocations=0], registries={lights=Stats[cachedObjects=8, pendingFreeObjects=0, allocatedObjects=9, failedAllocations=0], palettes=Stats[cachedObjects=339469, pendingFreeObjects=0, allocatedObjects=496765, failedAllocations=0], blocks=Stats[cachedObjects=443034, pendingFreeObjects=0, allocatedObjects=568675, failedAllocations=0], models=Stats[cachedObjects=9937, pendingFreeObjects=0, allocatedObjects=13275, failedAllocations=0]}
[02Aug2026 18:20:57.726] [Render thread/INFO] [Photonics/]: Photonics world tracing v72: revision=331, settled=false, compiledSections=3105, trackedSections=3105, batchBuilt=1, batchUnloaded=0, pendingBuilds=0, pendingUnloads=0, ready=true, depth=6, blockBounds=( 1.600E+1  6.400E+1  4.800E+1)..( 3.520E+2  2.400E+2  3.840E+2), treeBounds=( 0.000E+0  0.000E+0  0.000E+0)..( 1.024E+3  1.024E+3  1.024E+3), origin=(-1.280E+2 -1.280E+2 -6.400E+1), boundsSource=compiled, compileMs=78.073
[02Aug2026 18:20:59.578] [Render thread/INFO] [Photonics/]: Photonics world tracing v72: revision=332, settled=false, compiledSections=3105, trackedSections=3105, batchBuilt=1, batchUnloaded=0, pendingBuilds=0, pendingUnloads=0, ready=true, depth=6, blockBounds=( 1.600E+1  6.400E+1  4.800E+1)..( 3.520E+2  2.400E+2  3.840E+2), treeBounds=( 0.000E+0  0.000E+0  0.000E+0)..( 1.024E+3  1.024E+3  1.024E+3), origin=(-1.280E+2 -1.280E+2 -6.400E+1), boundsSource=compiled, compileMs=75.811
[02Aug2026 18:21:01.614] [Photonics Light List Compiler/INFO] [Photonics/]: Photonics light candidates v18: eligible=5216, selected=4000, maxLights=4000, lightSections=671, capped=true
[02Aug2026 18:21:01.616] [Photonics Light List Compiler/INFO] [Photonics/]: Photonics light-list publication v88: coalescedBatches=7, peakPendingSections=90, remainingSections=0, deferredMs=28.368
[02Aug2026 18:21:01.645] [Photonics Light List Compiler/INFO] [Photonics/]: Photonics light candidates v18: eligible=5225, selected=4000, maxLights=4000, lightSections=674, capped=true
[02Aug2026 18:21:01.645] [Photonics Light List Compiler/INFO] [Photonics/]: Photonics light-list publication v88: coalescedBatches=8, peakPendingSections=97, remainingSections=0, deferredMs=26.715
[02Aug2026 18:21:01.677] [Render thread/INFO] [Photonics/]: Photonics v55 Sable skylight transition: subLevel=d77cd9f3-fc37-4a79-af19-f141b363ba31, scale=15 -> 14, logicalY=75.41250 (cell 75), renderY=75.41009 (cell 75), cameraY=82.76273 (cell 82)
[02Aug2026 18:21:01.699] [Render thread/INFO] [Photonics/]: Photonics world tracing v72: revision=334, settled=false, compiledSections=2933, trackedSections=3102, batchBuilt=0, batchUnloaded=172, pendingBuilds=17, pendingUnloads=0, ready=true, depth=6, blockBounds=( 1.600E+1  6.400E+1  4.800E+1)..( 3.360E+2  2.400E+2  3.840E+2), treeBounds=( 0.000E+0  0.000E+0  0.000E+0)..( 1.024E+3  1.024E+3  1.024E+3), origin=(-1.280E+2 -1.280E+2 -6.400E+1), boundsSource=compiled, compileMs=120.127
[02Aug2026 18:21:02.030] [Photonics Light List Compiler/INFO] [Photonics/]: Photonics light candidates v18: eligible=5658, selected=4000, maxLights=4000, lightSections=677, capped=true
[02Aug2026 18:21:02.030] [Photonics Light List Compiler/INFO] [Photonics/]: Photonics light-list publication v88: coalescedBatches=10, peakPendingSections=118, remainingSections=0, deferredMs=26.629
[02Aug2026 18:21:02.082] [Photonics Light List Compiler/INFO] [Photonics/]: Photonics light candidates v18: eligible=5685, selected=4000, maxLights=4000, lightSections=683, capped=true
[02Aug2026 18:21:02.082] [Photonics Light List Compiler/INFO] [Photonics/]: Photonics light-list publication v88: coalescedBatches=4, peakPendingSections=78, remainingSections=0, deferredMs=24.367
[02Aug2026 18:21:02.731] [Render thread/INFO] [Photonics/]: Photonics world tracing v72: revision=343, settled=false, compiledSections=3021, trackedSections=3107, batchBuilt=48, batchUnloaded=0, pendingBuilds=86, pendingUnloads=0, ready=true, depth=6, blockBounds=( 6.400E+1  6.400E+1  6.400E+1)..( 4.000E+2  2.400E+2  4.000E+2), treeBounds=( 0.000E+0  0.000E+0  0.000E+0)..( 1.024E+3  1.024E+3  1.024E+3), origin=(-1.920E+2 -1.280E+2 -6.400E+1), boundsSource=compiled, compileMs=149.768
[02Aug2026 18:21:03.728] [Photonics Light List Compiler/INFO] [Photonics/]: Photonics light-list publication v88: coalescedBatches=2, peakPendingSections=2, remainingSections=0, deferredMs=0.214
[02Aug2026 18:21:03.810] [Render thread/INFO] [Photonics/]: Photonics world tracing v72: revision=346, settled=false, compiledSections=3107, trackedSections=3107, batchBuilt=1, batchUnloaded=0, pendingBuilds=1, pendingUnloads=0, ready=true, depth=6, blockBounds=( 6.400E+1  6.400E+1  6.400E+1)..( 4.000E+2  2.400E+2  4.000E+2), treeBounds=( 0.000E+0  0.000E+0  0.000E+0)..( 1.024E+3  1.024E+3  1.024E+3), origin=(-1.920E+2 -1.280E+2 -6.400E+1), boundsSource=compiled, compileMs=70.133
[02Aug2026 18:21:05.329] [Render thread/INFO] [Photonics/]: Photonics v55 Sable skylight transition: subLevel=66295c10-f35f-4351-af34-a9421d787c33, scale=15 -> 14, logicalY=75.40884 (cell 75), renderY=75.40732 (cell 75), cameraY=82.76273 (cell 82)
[02Aug2026 18:21:06.411] [Render thread/INFO] [Photonics/]: Photonics world tracing v72: revision=349, settled=false, compiledSections=3107, trackedSections=3107, batchBuilt=1, batchUnloaded=0, pendingBuilds=0, pendingUnloads=0, ready=true, depth=6, blockBounds=( 6.400E+1  6.400E+1  6.400E+1)..( 4.000E+2  2.400E+2  4.000E+2), treeBounds=( 0.000E+0  0.000E+0  0.000E+0)..( 1.024E+3  1.024E+3  1.024E+3), origin=(-1.920E+2 -1.280E+2 -6.400E+1), boundsSource=compiled, compileMs=66.087
[02Aug2026 18:21:08.412] [Render thread/INFO] [Photonics/]: Photonics world tracing v72: revision=349, settled=true, compiledSections=3107, trackedSections=3107, batchBuilt=1, batchUnloaded=0, pendingBuilds=0, pendingUnloads=0, ready=true, depth=6, blockBounds=( 6.400E+1  6.400E+1  6.400E+1)..( 4.000E+2  2.400E+2  4.000E+2), treeBounds=( 0.000E+0  0.000E+0  0.000E+0)..( 1.024E+3  1.024E+3  1.024E+3), origin=(-1.920E+2 -1.280E+2 -6.400E+1), boundsSource=compiled, compileMs=66.087
[02Aug2026 18:21:08.413] [Render thread/INFO] [Photonics/]: Photonics memory v72: jvmHeap={usedBytes=3387882072, committedBytes=4005560320, maxBytes=8589934592}, jvmGc={collections=165, timeMs=1981}, worldHeap=GpuBufferHeapStats[capacityBytes=536870912, reservedBytes=266462668, liveBytes=262725228, peakLiveBytes=262933900, reusableBytes=3737440, allocations=879120, reusedAllocations=227166, frees=245920, failedAllocations=0], paletteHeap=GpuBufferHeapStats[capacityBytes=201326592, reservedBytes=41719104, liveBytes=32771040, peakLiveBytes=41719104, reusableBytes=8948064, allocations=509377, reusedAllocations=74803, frees=168012, failedAllocations=0], registries={lights=Stats[cachedObjects=8, pendingFreeObjects=0, allocatedObjects=9, failedAllocations=0], palettes=Stats[cachedObjects=341365, pendingFreeObjects=0, allocatedObjects=509377, failedAllocations=0], blocks=Stats[cachedObjects=445993, pendingFreeObjects=0, allocatedObjects=593499, failedAllocations=0], models=Stats[cachedObjects=9913, pendingFreeObjects=0, allocatedObjects=13779, failedAllocations=0]}
[02Aug2026 18:21:10.481] [Photonics Light List Compiler/INFO] [Photonics/]: Photonics light candidates v18: eligible=5684, selected=4000, maxLights=4000, lightSections=683, capped=true
[02Aug2026 18:21:10.481] [Photonics Light List Compiler/INFO] [Photonics/]: Photonics light-list publication v88: coalescedBatches=2, peakPendingSections=2, remainingSections=0, deferredMs=0.232
[02Aug2026 18:21:10.563] [Render thread/INFO] [Photonics/]: Photonics world tracing v72: revision=350, settled=false, compiledSections=3107, trackedSections=3107, batchBuilt=1, batchUnloaded=0, pendingBuilds=1, pendingUnloads=0, ready=true, depth=6, blockBounds=( 6.400E+1  6.400E+1  6.400E+1)..( 4.000E+2  2.400E+2  4.000E+2), treeBounds=( 0.000E+0  0.000E+0  0.000E+0)..( 1.024E+3  1.024E+3  1.024E+3), origin=(-1.920E+2 -1.280E+2 -6.400E+1), boundsSource=compiled, compileMs=67.715
[02Aug2026 18:21:10.681] [Render thread/INFO] [Photonics/]: Photonics v55 Sable skylight transition: subLevel=66295c10-f35f-4351-af34-a9421d787c33, scale=14 -> 15, logicalY=75.39380 (cell 75), renderY=75.39545 (cell 75), cameraY=79.53604 (cell 79)
[02Aug2026 18:21:11.832] [Render thread/INFO] [Photonics/]: Photonics v55 Sable skylight transition: subLevel=d77cd9f3-fc37-4a79-af19-f141b363ba31, scale=14 -> 15, logicalY=75.39024 (cell 75), renderY=75.39259 (cell 75), cameraY=77.14305 (cell 77)
[02Aug2026 18:21:11.864] [Render thread/INFO] [Photonics/]: Photonics world tracing v72: revision=352, settled=false, compiledSections=3107, trackedSections=3107, batchBuilt=1, batchUnloaded=0, pendingBuilds=0, pendingUnloads=0, ready=true, depth=6, blockBounds=( 6.400E+1  6.400E+1  6.400E+1)..( 4.000E+2  2.400E+2  4.000E+2), treeBounds=( 0.000E+0  0.000E+0  0.000E+0)..( 1.024E+3  1.024E+3  1.024E+3), origin=(-1.920E+2 -1.280E+2 -6.400E+1), boundsSource=compiled, compileMs=68.565
[02Aug2026 18:21:13.084] [Photonics Light List Compiler/INFO] [Photonics/]: Photonics light candidates v18: eligible=5222, selected=4000, maxLights=4000, lightSections=673, capped=true
[02Aug2026 18:21:13.084] [Photonics Light List Compiler/INFO] [Photonics/]: Photonics light-list publication v88: coalescedBatches=9, peakPendingSections=97, remainingSections=0, deferredMs=39.607
[02Aug2026 18:21:13.135] [Photonics Light List Compiler/INFO] [Photonics/]: Photonics light candidates v18: eligible=5224, selected=4000, maxLights=4000, lightSections=674, capped=true
[02Aug2026 18:21:13.135] [Photonics Light List Compiler/INFO] [Photonics/]: Photonics light-list publication v88: coalescedBatches=8, peakPendingSections=118, remainingSections=0, deferredMs=32.417
[02Aug2026 18:21:13.160] [Render thread/INFO] [Photonics/]: Photonics world tracing v72: revision=354, settled=false, compiledSections=2931, trackedSections=3102, batchBuilt=0, batchUnloaded=176, pendingBuilds=10, pendingUnloads=0, ready=true, depth=6, blockBounds=( 6.400E+1  6.400E+1  6.400E+1)..( 4.000E+2  2.400E+2  3.840E+2), treeBounds=( 0.000E+0  0.000E+0  0.000E+0)..( 1.024E+3  1.024E+3  1.024E+3), origin=(-1.920E+2 -1.280E+2 -6.400E+1), boundsSource=compiled, compileMs=121.534
[02Aug2026 18:21:14.865] [Render thread/INFO] [Photonics/]: Photonics world tracing v72: revision=361, settled=false, compiledSections=3102, trackedSections=3102, batchBuilt=1, batchUnloaded=0, pendingBuilds=0, pendingUnloads=0, ready=true, depth=6, blockBounds=( 6.400E+1  6.400E+1  4.800E+1)..( 4.000E+2  2.400E+2  3.840E+2), treeBounds=( 0.000E+0  0.000E+0  0.000E+0)..( 1.024E+3  1.024E+3  1.024E+3), origin=(-1.920E+2 -1.280E+2 -6.400E+1), boundsSource=compiled, compileMs=68.872
[02Aug2026 18:21:14.992] [Photonics Light List Compiler/INFO] [Photonics/]: Photonics light candidates v18: eligible=5684, selected=4000, maxLights=4000, lightSections=683, capped=true
[02Aug2026 18:21:14.992] [Photonics Light List Compiler/INFO] [Photonics/]: Photonics light-list publication v88: coalescedBatches=16, peakPendingSections=124, remainingSections=0, deferredMs=49.614
[02Aug2026 18:21:16.220] [Photonics Light List Compiler/INFO] [Photonics/]: Photonics light candidates v18: eligible=5921, selected=4000, maxLights=4000, lightSections=676, capped=true
[02Aug2026 18:21:16.220] [Photonics Light List Compiler/INFO] [Photonics/]: Photonics light-list publication v88: coalescedBatches=9, peakPendingSections=159, remainingSections=0, deferredMs=70.565
[02Aug2026 18:21:16.284] [Render thread/INFO] [Photonics/]: Photonics world tracing v72: revision=370, settled=false, compiledSections=2938, trackedSections=3109, batchBuilt=2, batchUnloaded=171, pendingBuilds=14, pendingUnloads=0, ready=true, depth=6, blockBounds=( 1.600E+1  6.400E+1  6.400E+1)..( 3.520E+2  2.400E+2  4.000E+2), treeBounds=( 0.000E+0  0.000E+0  0.000E+0)..( 1.024E+3  1.024E+3  1.024E+3), origin=(-1.280E+2 -1.280E+2 -6.400E+1), boundsSource=compiled, compileMs=124.046
[02Aug2026 18:21:18.365] [Render thread/INFO] [Photonics/]: Photonics world tracing v72: revision=377, settled=false, compiledSections=3108, trackedSections=3109, batchBuilt=1, batchUnloaded=0, pendingBuilds=0, pendingUnloads=0, ready=true, depth=6, blockBounds=( 1.600E+1  6.400E+1  6.400E+1)..( 3.520E+2  2.400E+2  4.000E+2), treeBounds=( 0.000E+0  0.000E+0  0.000E+0)..( 1.024E+3  1.024E+3  1.024E+3), origin=(-1.280E+2 -1.280E+2 -6.400E+1), boundsSource=compiled, compileMs=68.757
[02Aug2026 18:21:19.917] [Render thread/INFO] [Photonics/]: Photonics world tracing v72: revision=378, settled=false, compiledSections=3108, trackedSections=3109, batchBuilt=1, batchUnloaded=0, pendingBuilds=0, pendingUnloads=0, ready=true, depth=6, blockBounds=( 1.600E+1  6.400E+1  6.400E+1)..( 3.520E+2  2.400E+2  4.000E+2), treeBounds=( 0.000E+0  0.000E+0  0.000E+0)..( 1.024E+3  1.024E+3  1.024E+3), origin=(-1.280E+2 -1.280E+2 -6.400E+1), boundsSource=compiled, compileMs=67.453
[02Aug2026 18:21:21.119] [Render thread/INFO] [Photonics/]: Photonics world tracing v72: revision=379, settled=false, compiledSections=3108, trackedSections=3109, batchBuilt=1, batchUnloaded=0, pendingBuilds=0, pendingUnloads=0, ready=true, depth=6, blockBounds=( 1.600E+1  6.400E+1  6.400E+1)..( 3.520E+2  2.400E+2  4.000E+2), treeBounds=( 0.000E+0  0.000E+0  0.000E+0)..( 1.024E+3  1.024E+3  1.024E+3), origin=(-1.280E+2 -1.280E+2 -6.400E+1), boundsSource=compiled, compileMs=66.218
[02Aug2026 18:21:23.119] [Render thread/INFO] [Photonics/]: Photonics world tracing v72: revision=379, settled=true, compiledSections=3108, trackedSections=3109, batchBuilt=1, batchUnloaded=0, pendingBuilds=0, pendingUnloads=0, ready=true, depth=6, blockBounds=( 1.600E+1  6.400E+1  6.400E+1)..( 3.520E+2  2.400E+2  4.000E+2), treeBounds=( 0.000E+0  0.000E+0  0.000E+0)..( 1.024E+3  1.024E+3  1.024E+3), origin=(-1.280E+2 -1.280E+2 -6.400E+1), boundsSource=compiled, compileMs=66.218
[02Aug2026 18:21:23.119] [Render thread/INFO] [Photonics/]: Photonics memory v72: jvmHeap={usedBytes=3426533544, committedBytes=4005560320, maxBytes=8589934592}, jvmGc={collections=176, timeMs=2091}, worldHeap=GpuBufferHeapStats[capacityBytes=536870912, reservedBytes=267121036, liveBytes=263544652, peakLiveBytes=263545228, reusableBytes=3576384, allocations=942475, reusedAllocations=288347, frees=306670, failedAllocations=0], paletteHeap=GpuBufferHeapStats[capacityBytes=201326592, reservedBytes=41719104, liveBytes=32832768, peakLiveBytes=41719104, reusableBytes=8886336, allocations=525572, reusedAllocations=90998, frees=183564, failedAllocations=0], registries={lights=Stats[cachedObjects=8, pendingFreeObjects=0, allocatedObjects=9, failedAllocations=0], palettes=Stats[cachedObjects=342008, pendingFreeObjects=0, allocatedObjects=525572, failedAllocations=0], blocks=Stats[cachedObjects=448177, pendingFreeObjects=0, allocatedObjects=625390, failedAllocations=0], models=Stats[cachedObjects=9924, pendingFreeObjects=0, allocatedObjects=14473, failedAllocations=0]}
[02Aug2026 18:21:25.639] [Photonics Light List Compiler/INFO] [Photonics/]: Photonics light-list publication v88: coalescedBatches=2, peakPendingSections=3, remainingSections=0, deferredMs=0.293
[02Aug2026 18:21:25.719] [Render thread/INFO] [Photonics/]: Photonics world tracing v72: revision=380, settled=false, compiledSections=3108, trackedSections=3109, batchBuilt=1, batchUnloaded=0, pendingBuilds=1, pendingUnloads=0, ready=true, depth=6, blockBounds=( 1.600E+1  6.400E+1  6.400E+1)..( 3.520E+2  2.400E+2  4.000E+2), treeBounds=( 0.000E+0  0.000E+0  0.000E+0)..( 1.024E+3  1.024E+3  1.024E+3), origin=(-1.280E+2 -1.280E+2 -6.400E+1), boundsSource=compiled, compileMs=67.853
[02Aug2026 18:21:27.668] [Server thread/INFO] [net.minecraft.client.server.IntegratedServer/]: Saving and pausing game...
[02Aug2026 18:21:27.681] [Server thread/INFO] [net.minecraft.server.MinecraftServer/]: Saving chunks for level 'ServerLevel[New World]'/minecraft:overworld
[02Aug2026 18:21:27.682] [Server thread/INFO] [dev.ryanhcode.sable.Sable/]: Saving sub-levels for level 'ServerLevel[New World]'/minecraft:overworld
[02Aug2026 18:21:27.732] [Server thread/INFO] [net.minecraft.server.MinecraftServer/]: Saving chunks for level 'ServerLevel[New World]'/minecraft:the_end
[02Aug2026 18:21:27.732] [Server thread/INFO] [dev.ryanhcode.sable.Sable/]: Saving sub-levels for level 'ServerLevel[New World]'/minecraft:the_end
[02Aug2026 18:21:27.732] [Server thread/INFO] [net.minecraft.server.MinecraftServer/]: Saving chunks for level 'ServerLevel[New World]'/minecraft:the_nether
[02Aug2026 18:21:27.732] [Server thread/INFO] [dev.ryanhcode.sable.Sable/]: Saving sub-levels for level 'ServerLevel[New World]'/minecraft:the_nether
[02Aug2026 18:21:27.801] [Render thread/INFO] [Photonics/]: Photonics world tracing v72: revision=381, settled=true, compiledSections=3108, trackedSections=3109, batchBuilt=1, batchUnloaded=0, pendingBuilds=0, pendingUnloads=0, ready=true, depth=6, blockBounds=( 1.600E+1  6.400E+1  6.400E+1)..( 3.520E+2  2.400E+2  4.000E+2), treeBounds=( 0.000E+0  0.000E+0  0.000E+0)..( 1.024E+3  1.024E+3  1.024E+3), origin=(-1.280E+2 -1.280E+2 -6.400E+1), boundsSource=compiled, compileMs=68.265
[02Aug2026 18:21:27.802] [Render thread/INFO] [Photonics/]: Photonics memory v72: jvmHeap={usedBytes=2517154416, committedBytes=4005560320, maxBytes=8589934592}, jvmGc={collections=179, timeMs=2125}, worldHeap=GpuBufferHeapStats[capacityBytes=536870912, reservedBytes=267121036, liveBytes=263544652, peakLiveBytes=263545228, reusableBytes=3576384, allocations=942475, reusedAllocations=288347, frees=306670, failedAllocations=0], paletteHeap=GpuBufferHeapStats[capacityBytes=201326592, reservedBytes=41719104, liveBytes=32832768, peakLiveBytes=41719104, reusableBytes=8886336, allocations=525572, reusedAllocations=90998, frees=183564, failedAllocations=0], registries={lights=Stats[cachedObjects=8, pendingFreeObjects=0, allocatedObjects=9, failedAllocations=0], palettes=Stats[cachedObjects=342008, pendingFreeObjects=0, allocatedObjects=525572, failedAllocations=0], blocks=Stats[cachedObjects=448177, pendingFreeObjects=0, allocatedObjects=625390, failedAllocations=0], models=Stats[cachedObjects=9924, pendingFreeObjects=0, allocatedObjects=14473, failedAllocations=0]}
[02Aug2026 18:21:29.136] [Netty Local Client IO #3/INFO] [dev.ryanhcode.sable.Sable/]: Client UDP channel inactive
[02Aug2026 18:21:29.137] [Render thread/INFO] [DistantHorizons-DistantHorizons-com.seibel.distanthorizons.core.api.internal.ClientApi/]: Client on ClientOnly mode disconnecting.
[02Aug2026 18:21:29.137] [Netty Local Client IO #3/INFO] [dev.ryanhcode.sable.Sable/]: Closed UDP channel!
[02Aug2026 18:21:29.137] [level shutdown/INFO] [DistantHorizons-DistantHorizons-com.seibel.distanthorizons.core.generation.queues.WorldGenerationQueue/]: Closing world gen queue
[02Aug2026 18:21:29.137] [level shutdown/INFO] [DistantHorizons-DistantHorizons-com.seibel.distanthorizons.core.generation.queues.WorldGenerationQueue/]: Closing world gen queue
[02Aug2026 18:21:29.137] [level shutdown/INFO] [DistantHorizons-DistantHorizons-com.seibel.distanthorizons.core.generation.queues.WorldGenerationQueue/]: Closing world gen queue
[02Aug2026 18:21:29.137] [level shutdown/INFO] [DistantHorizons-DistantHorizons-com.seibel.distanthorizons.core.generation.queues.WorldGenerationQueue/]: Closing WorldGenerationQueue...
[02Aug2026 18:21:29.137] [level shutdown/INFO] [DistantHorizons-DistantHorizons-com.seibel.distanthorizons.core.generation.queues.WorldGenerationQueue/]: Closing WorldGenerationQueue...
[02Aug2026 18:21:29.137] [level shutdown/INFO] [DistantHorizons-DistantHorizons-com.seibel.distanthorizons.core.generation.queues.WorldGenerationQueue/]: Shutting down world generator thread pool...
[02Aug2026 18:21:29.137] [level shutdown/INFO] [DistantHorizons-DistantHorizons-com.seibel.distanthorizons.core.generation.queues.WorldGenerationQueue/]: Closing WorldGenerationQueue...
[02Aug2026 18:21:29.137] [level shutdown/INFO] [DistantHorizons-DistantHorizons-com.seibel.distanthorizons.core.generation.queues.WorldGenerationQueue/]: Shutting down world generator thread pool...
[02Aug2026 18:21:29.137] [level shutdown/INFO] [DistantHorizons-DistantHorizons-com.seibel.distanthorizons.core.generation.queues.WorldGenerationQueue/]: World generator thread pool shutdown with [0] incomplete tasks.
[02Aug2026 18:21:29.137] [level shutdown/INFO] [DistantHorizons-DistantHorizons-com.seibel.distanthorizons.core.generation.queues.WorldGenerationQueue/]: Shutting down world generator thread pool...
[02Aug2026 18:21:29.137] [level shutdown/INFO] [DistantHorizons-DistantHorizons-com.seibel.distanthorizons.core.generation.queues.WorldGenerationQueue/]: World generator thread pool shutdown with [0] incomplete tasks.
[02Aug2026 18:21:29.137] [level shutdown/INFO] [DistantHorizons-DistantHorizons-com.seibel.distanthorizons.core.generation.queues.WorldGenerationQueue/]: World generator thread pool shutdown with [0] incomplete tasks.
[02Aug2026 18:21:29.137] [level shutdown/INFO] [DistantHorizons-DistantHorizons-com.seibel.distanthorizons.core.generation.BatchGenerator/]: [BatchGenerator] shutting down...
[02Aug2026 18:21:29.137] [level shutdown/INFO] [DistantHorizons-DistantHorizons-com.seibel.distanthorizons.core.generation.BatchGenerator/]: [BatchGenerator] shutting down...
[02Aug2026 18:21:29.137] [level shutdown/INFO] [DistantHorizons-DistantHorizons-com.seibel.distanthorizons.core.generation.BatchGenerator/]: [BatchGenerator] shutting down...
[02Aug2026 18:21:29.137] [level shutdown/INFO] [DistantHorizons-LOD World Gen/]: Closing [BatchGenerationEnvironment_neoforge]
[02Aug2026 18:21:29.137] [level shutdown/INFO] [DistantHorizons-LOD World Gen/]: Closing [BatchGenerationEnvironment_neoforge]
[02Aug2026 18:21:29.137] [level shutdown/INFO] [DistantHorizons-DistantHorizons-com.seibel.distanthorizons.core.generation.queues.WorldGenerationQueue/]: Finished closing WorldGenerationQueue
[02Aug2026 18:21:29.137] [level shutdown/INFO] [DistantHorizons-LOD World Gen/]: Closing [BatchGenerationEnvironment_neoforge]
[02Aug2026 18:21:29.137] [level shutdown/INFO] [DistantHorizons-DistantHorizons-com.seibel.distanthorizons.core.generation.queues.WorldGenerationQueue/]: Finished closing WorldGenerationQueue
[02Aug2026 18:21:29.138] [level shutdown/INFO] [DistantHorizons-DistantHorizons-com.seibel.distanthorizons.core.generation.queues.WorldGenerationQueue/]: Finished closing WorldGenerationQueue
[02Aug2026 18:21:29.138] [level shutdown/INFO] [DistantHorizons-DistantHorizons-com.seibel.distanthorizons.core.level.AbstractDhServerLevel/]: Closed DHLevel for [Wrapped{ServerLevel[New World]@minecraft:overworld}].
[02Aug2026 18:21:29.138] [level shutdown/INFO] [DistantHorizons-DistantHorizons-com.seibel.distanthorizons.core.level.AbstractDhServerLevel/]: Closed DHLevel for [Wrapped{ServerLevel[New World]@minecraft:the_nether}].
[02Aug2026 18:21:29.138] [level shutdown/INFO] [DistantHorizons-DistantHorizons-com.seibel.distanthorizons.core.level.AbstractDhServerLevel/]: Closed DHLevel for [Wrapped{ServerLevel[New World]@minecraft:the_end}].
[02Aug2026 18:21:29.138] [level shutdown/INFO] [DistantHorizons-DistantHorizons-com.seibel.distanthorizons.core.level.AbstractDhServerLevel/]: Closed DhClientServerLevel for Wrapped{ServerLevel[New World]@minecraft:overworld}
[02Aug2026 18:21:29.138] [level shutdown/INFO] [DistantHorizons-DistantHorizons-com.seibel.distanthorizons.core.level.AbstractDhServerLevel/]: Closed DhClientServerLevel for Wrapped{ServerLevel[New World]@minecraft:the_nether}
[02Aug2026 18:21:29.138] [level shutdown/INFO] [DistantHorizons-DistantHorizons-com.seibel.distanthorizons.core.level.AbstractDhServerLevel/]: Closed DhClientServerLevel for Wrapped{ServerLevel[New World]@minecraft:the_end}
[02Aug2026 18:21:29.138] [Render thread/INFO] [DistantHorizons-DistantHorizons-com.seibel.distanthorizons.core.world.AbstractDhWorld/]: Closed DhWorld of type [CLIENT_SERVER].
[02Aug2026 18:21:29.138] [level shutdown/INFO] [DistantHorizons-DistantHorizons-com.seibel.distanthorizons.core.level.AbstractDhServerLevel/]: Closed DHLevel for [Wrapped{ServerLevel[New World]@minecraft:the_end}].
[02Aug2026 18:21:29.138] [level shutdown/INFO] [DistantHorizons-DistantHorizons-com.seibel.distanthorizons.core.level.AbstractDhServerLevel/]: Closed DHLevel for [Wrapped{ServerLevel[New World]@minecraft:overworld}].
[02Aug2026 18:21:29.138] [level shutdown/INFO] [DistantHorizons-DistantHorizons-com.seibel.distanthorizons.core.level.AbstractDhServerLevel/]: Closed DhClientServerLevel for Wrapped{ServerLevel[New World]@minecraft:the_end}
[02Aug2026 18:21:29.138] [level shutdown/INFO] [DistantHorizons-DistantHorizons-com.seibel.distanthorizons.core.level.AbstractDhServerLevel/]: Closed DhClientServerLevel for Wrapped{ServerLevel[New World]@minecraft:overworld}
[02Aug2026 18:21:29.138] [level shutdown/INFO] [DistantHorizons-DistantHorizons-com.seibel.distanthorizons.core.level.AbstractDhServerLevel/]: Closed DHLevel for [Wrapped{ServerLevel[New World]@minecraft:the_nether}].
[02Aug2026 18:21:29.139] [level shutdown/INFO] [DistantHorizons-DistantHorizons-com.seibel.distanthorizons.core.level.AbstractDhServerLevel/]: Closed DhClientServerLevel for Wrapped{ServerLevel[New World]@minecraft:the_nether}
[02Aug2026 18:21:29.139] [Render thread/INFO] [DistantHorizons-DistantHorizons-com.seibel.distanthorizons.core.world.AbstractDhWorld/]: Closed DhWorld of type [CLIENT_SERVER].
[02Aug2026 18:21:29.139] [Render thread/INFO] [DistantHorizons-DistantHorizons-com.seibel.distanthorizons.core.util.threading.PriorityTaskPicker/]: Shutting down PriorityTaskPicker thread pool...
[02Aug2026 18:21:35.655] [Render thread/INFO] [DistantHorizons-DistantHorizons-com.seibel.distanthorizons.core.sql.repo.AbstractDhRepo/]: Closing all [6] database connections...
[02Aug2026 18:21:35.655] [Render thread/INFO] [DistantHorizons-DistantHorizons-com.seibel.distanthorizons.core.sql.repo.AbstractDhRepo/]: Closing database connection: [jdbc:dh_sqlite:/home/krzysztofkalisiak/.local/share/ModrinthApp/profiles/Create Aeronautics (1)/saves/New World (1)/DIM1/data/DistantHorizons.sqlite]
[02Aug2026 18:21:35.655] [Render thread/INFO] [DistantHorizons-DistantHorizons-com.seibel.distanthorizons.core.sql.repo.AbstractDhRepo/]: Closing database connection: [jdbc:dh_sqlite:/home/krzysztofkalisiak/.local/share/ModrinthApp/profiles/Create Aeronautics (1)/saves/New World (1)/DIM-1/data/DistantHorizons.sqlite]
[02Aug2026 18:21:35.655] [Render thread/INFO] [DistantHorizons-DistantHorizons-com.seibel.distanthorizons.core.sql.repo.AbstractDhRepo/]: Closing database connection: [jdbc:dh_sqlite:/home/krzysztofkalisiak/.local/share/ModrinthApp/profiles/Create Aeronautics (1)/saves/New World (1)/data/DistantHorizons.sqlite]
[02Aug2026 18:21:35.946] [Render thread/INFO] [xaero.hud.minimap.MinimapLogs/]: Xaero hud session finalized.
[02Aug2026 18:21:35.961] [Render thread/INFO] [Photonics/]: Photonics v24 Sable moving lights: 1 -> 0
[02Aug2026 18:21:35.961] [Render thread/INFO] [Photonics/]: Photonics v24 Sable receiver motion: 5 -> 0
[02Aug2026 18:21:35.977] [Server thread/INFO] [net.minecraft.server.network.ServerGamePacketListenerImpl/]: Eutio lost connection: Disconnected
[02Aug2026 18:21:35.977] [Server thread/INFO] [net.minecraft.server.MinecraftServer/]: Eutio left the game
[02Aug2026 18:21:35.977] [Server thread/INFO] [DistantHorizons-DistantHorizons-com.seibel.distanthorizons.core.api.internal.ServerApi/]: Player [Eutio] disconnected.
[02Aug2026 18:21:35.986] [Server thread/INFO] [net.minecraft.server.network.ServerCommonPacketListenerImpl/]: Stopping singleplayer server as player logged out
[02Aug2026 18:21:36.018] [Server thread/INFO] [net.minecraft.server.MinecraftServer/]: Stopping server
[02Aug2026 18:21:36.018] [Server thread/INFO] [net.minecraft.server.MinecraftServer/]: Saving players
[02Aug2026 18:21:36.018] [Server thread/INFO] [net.minecraft.server.MinecraftServer/]: Saving worlds
[02Aug2026 18:21:36.049] [Server thread/INFO] [net.minecraft.server.MinecraftServer/]: Saving chunks for level 'ServerLevel[New World]'/minecraft:overworld
[02Aug2026 18:21:36.050] [Server thread/INFO] [dev.ryanhcode.sable.Sable/]: Saving sub-levels for level 'ServerLevel[New World]'/minecraft:overworld
[02Aug2026 18:21:36.129] [Server thread/INFO] [net.minecraft.server.MinecraftServer/]: Saving chunks for level 'ServerLevel[New World]'/minecraft:the_end
[02Aug2026 18:21:36.129] [Server thread/INFO] [dev.ryanhcode.sable.Sable/]: Saving sub-levels for level 'ServerLevel[New World]'/minecraft:the_end
[02Aug2026 18:21:36.137] [Server thread/INFO] [net.minecraft.server.MinecraftServer/]: Saving chunks for level 'ServerLevel[New World]'/minecraft:the_nether
[02Aug2026 18:21:36.137] [Server thread/INFO] [dev.ryanhcode.sable.Sable/]: Saving sub-levels for level 'ServerLevel[New World]'/minecraft:the_nether
[02Aug2026 18:21:36.152] [Server thread/INFO] [net.minecraft.server.MinecraftServer/]: ThreadedAnvilChunkStorage (New World (1)): All chunks are saved
[02Aug2026 18:21:36.152] [Server thread/INFO] [net.minecraft.server.MinecraftServer/]: ThreadedAnvilChunkStorage (DIM1): All chunks are saved
[02Aug2026 18:21:36.152] [Server thread/INFO] [net.minecraft.server.MinecraftServer/]: ThreadedAnvilChunkStorage (DIM-1): All chunks are saved
[02Aug2026 18:21:36.152] [Server thread/INFO] [net.minecraft.server.MinecraftServer/]: ThreadedAnvilChunkStorage: All dimensions are saved
[02Aug2026 18:21:36.173] [Render thread/INFO] [ChunkBuilder/]: Stopping worker threads
[02Aug2026 18:21:37.693] [Render thread/INFO] [com.simibubi.create.Create/]: Created 157 recipes which will be injected into the game
[02Aug2026 18:21:37.694] [Render thread/INFO] [com.simibubi.create.Create/]: Created 0 tags which will be injected into the game
[02Aug2026 18:21:37.706] [Render thread/INFO] [net.minecraft.server.MinecraftServer/]: Found new data pack create:dynamic_data, loading it automatically
[02Aug2026 18:21:38.008] [Worker-Main-13/ERROR] [net.minecraft.world.level.storage.loot.LootDataType/]: Couldn't parse element ResourceKey[minecraft:root / minecraft:loot_table]:simurail:blocks/automatic_coupler - Not a valid resource location: simurail:blocks/simurail:automatic_coupler Non [a-z0-9/._-] character in path of location: simurail:blocks/simurail:automatic_coupler
[02Aug2026 18:21:38.135] [Render thread/INFO] [net.minecraft.world.item.crafting.RecipeManager/]: Loaded 2948 recipes
[02Aug2026 18:21:38.182] [Render thread/INFO] [net.minecraft.advancements.AdvancementTree/]: Loaded 2644 advancements
[02Aug2026 18:21:39.394] [Render thread/INFO] [com.simibubi.create.Create/]: Created 157 recipes which will be injected into the game
[02Aug2026 18:21:39.395] [Render thread/INFO] [com.simibubi.create.Create/]: Created 0 tags which will be injected into the game
[02Aug2026 18:21:39.406] [Server thread/INFO] [net.minecraft.client.server.IntegratedServer/]: Starting integrated minecraft server version 1.21.1
[02Aug2026 18:21:39.406] [Server thread/INFO] [net.minecraft.server.MinecraftServer/]: Generating keypair
[02Aug2026 18:21:39.468] [Server thread/INFO] [DistantHorizons-DistantHorizons-com.seibel.distanthorizons.core.world.AbstractDhWorld/]: Started DhWorld of type [CLIENT_SERVER].
[02Aug2026 18:21:39.468] [Server thread/INFO] [DistantHorizons-DistantHorizons-com.seibel.distanthorizons.core.util.threading.PriorityTaskPicker/]: Shutting down PriorityTaskPicker thread pool...
[02Aug2026 18:21:39.468] [Server thread/INFO] [dev.ryanhcode.sable.Sable/]: Creating physics pipeline for ResourceKey[minecraft:dimension / minecraft:overworld] using RapierPhysicsPipelineProvider
[02Aug2026 18:21:39.535] [Server thread/INFO] [DistantHorizons-DistantHorizons-com.seibel.distanthorizons.core.sql.DatabaseUpdater/]: Running SQL update script: [sqlScripts/0010-sqlite-createInitialDataTables.sql], for repo: [/home/krzysztofkalisiak/.local/share/ModrinthApp/profiles/Create Aeronautics (1)/saves/New World (3)/data/DistantHorizons.sqlite]
[02Aug2026 18:21:39.561] [Server thread/INFO] [DistantHorizons-DistantHorizons-com.seibel.distanthorizons.core.sql.DatabaseUpdater/]: Running SQL update script: [sqlScripts/0020-sqlite-createFullDataSourceV2Tables.sql], for repo: [/home/krzysztofkalisiak/.local/share/ModrinthApp/profiles/Create Aeronautics (1)/saves/New World (3)/data/DistantHorizons.sqlite]
[02Aug2026 18:21:39.589] [Server thread/INFO] [DistantHorizons-DistantHorizons-com.seibel.distanthorizons.core.sql.DatabaseUpdater/]: Running SQL update script: [sqlScripts/0030-sqlite-changeTableJournaling.sql], for repo: [/home/krzysztofkalisiak/.local/share/ModrinthApp/profiles/Create Aeronautics (1)/saves/New World (3)/data/DistantHorizons.sqlite]
[02Aug2026 18:21:39.607] [Server thread/INFO] [DistantHorizons-DistantHorizons-com.seibel.distanthorizons.core.sql.DatabaseUpdater/]: Running SQL update script: [sqlScripts/0031-sqlite-useSqliteWalJournaling.sql], for repo: [/home/krzysztofkalisiak/.local/share/ModrinthApp/profiles/Create Aeronautics (1)/saves/New World (3)/data/DistantHorizons.sqlite]
[02Aug2026 18:21:39.629] [Server thread/INFO] [DistantHorizons-DistantHorizons-com.seibel.distanthorizons.core.sql.DatabaseUpdater/]: Running SQL update script: [sqlScripts/0040-sqlite-removeRenderCache.sql], for repo: [/home/krzysztofkalisiak/.local/share/ModrinthApp/profiles/Create Aeronautics (1)/saves/New World (3)/data/DistantHorizons.sqlite]
[02Aug2026 18:21:39.635] [Server thread/INFO] [DistantHorizons-DistantHorizons-com.seibel.distanthorizons.core.sql.DatabaseUpdater/]: Running SQL update script: [sqlScripts/0050-sqlite-addApplyToParentIndex.sql], for repo: [/home/krzysztofkalisiak/.local/share/ModrinthApp/profiles/Create Aeronautics (1)/saves/New World (3)/data/DistantHorizons.sqlite]
[02Aug2026 18:21:39.643] [Server thread/INFO] [DistantHorizons-DistantHorizons-com.seibel.distanthorizons.core.sql.DatabaseUpdater/]: Running SQL update script: [sqlScripts/0060-sqlite-createChunkHashTable.sql], for repo: [/home/krzysztofkalisiak/.local/share/ModrinthApp/profiles/Create Aeronautics (1)/saves/New World (3)/data/DistantHorizons.sqlite]
[02Aug2026 18:21:39.653] [Server thread/INFO] [DistantHorizons-DistantHorizons-com.seibel.distanthorizons.core.sql.DatabaseUpdater/]: Running SQL update script: [sqlScripts/0070-sqlite-createBeaconBeamTable.sql], for repo: [/home/krzysztofkalisiak/.local/share/ModrinthApp/profiles/Create Aeronautics (1)/saves/New World (3)/data/DistantHorizons.sqlite]
[02Aug2026 18:21:39.659] [Server thread/INFO] [DistantHorizons-DistantHorizons-com.seibel.distanthorizons.core.sql.DatabaseUpdater/]: Running SQL update script: [sqlScripts/0080-sqlite-addApplyToChildrenColumn.sql], for repo: [/home/krzysztofkalisiak/.local/share/ModrinthApp/profiles/Create Aeronautics (1)/saves/New World (3)/data/DistantHorizons.sqlite]
[02Aug2026 18:21:39.666] [Server thread/INFO] [DistantHorizons-DistantHorizons-com.seibel.distanthorizons.core.sql.DatabaseUpdater/]: Running SQL update script: [sqlScripts/0090-sqlite-addAdjacentFullDataColumns.sql], for repo: [/home/krzysztofkalisiak/.local/share/ModrinthApp/profiles/Create Aeronautics (1)/saves/New World (3)/data/DistantHorizons.sqlite]
[02Aug2026 18:21:39.678] [Server thread/INFO] [DistantHorizons-DistantHorizons-com.seibel.distanthorizons.core.sql.DatabaseUpdater/]: Running SQL update script: [sqlScripts/0100-sqlite-deleteLowDetailDataForRegen.sql], for repo: [/home/krzysztofkalisiak/.local/share/ModrinthApp/profiles/Create Aeronautics (1)/saves/New World (3)/data/DistantHorizons.sqlite]
[02Aug2026 18:21:39.691] [DH-Full Data Migration Thread[0]/INFO] [DistantHorizons-DistantHorizons-com.seibel.distanthorizons.core.file.fullDatafile.V2.DataMigratorV1/]: No migration necessary.
[02Aug2026 18:21:39.701] [Server thread/INFO] [DistantHorizons-DistantHorizons-com.seibel.distanthorizons.core.level.AbstractDhServerLevel/]: Started DhClientServerLevel for [Wrapped{ServerLevel[New World]@minecraft:overworld}] at [[LocalSaveStructure@(/home/krzysztofkalisiak/.local/share/ModrinthApp/profiles/Create Aeronautics (1)/saves/New World (3)/data)]].
[02Aug2026 18:21:40.213] [DH-Request Module Ticker [minecraft:overworld] Thread[0]/INFO] [DistantHorizons-DistantHorizons-com.seibel.distanthorizons.core.generation.BatchGenerator/]: Batch Chunk Generator initialized
[02Aug2026 18:21:40.213] [DH-Request Module Ticker [minecraft:overworld] Thread[0]/INFO] [DistantHorizons-DistantHorizons-com.seibel.distanthorizons.core.generation.queues.WorldGenerationQueue/]: Creating world gen queue
[02Aug2026 18:21:40.213] [DH-Request Module Ticker [minecraft:overworld] Thread[0]/INFO] [DistantHorizons-DistantHorizons-com.seibel.distanthorizons.core.generation.queues.WorldGenerationQueue/]: Created world gen queue
[02Aug2026 18:21:40.214] [DH-Request Module Ticker [minecraft:overworld] Thread[0]/INFO] [DistantHorizons-DistantHorizons-com.seibel.distanthorizons.core.file.fullDatafile.GeneratedFullDataSourceProvider/]: Set world gen queue for level [minecraft:overworld].
[02Aug2026 18:21:41.755] [Server thread/INFO] [dev.ryanhcode.sable.Sable/]: Creating physics pipeline for ResourceKey[minecraft:dimension / minecraft:the_end] using RapierPhysicsPipelineProvider
[02Aug2026 18:21:41.778] [Server thread/INFO] [DistantHorizons-DistantHorizons-com.seibel.distanthorizons.core.sql.DatabaseUpdater/]: Running SQL update script: [sqlScripts/0010-sqlite-createInitialDataTables.sql], for repo: [/home/krzysztofkalisiak/.local/share/ModrinthApp/profiles/Create Aeronautics (1)/saves/New World (3)/DIM1/data/DistantHorizons.sqlite]
[02Aug2026 18:21:41.792] [Server thread/INFO] [DistantHorizons-DistantHorizons-com.seibel.distanthorizons.core.sql.DatabaseUpdater/]: Running SQL update script: [sqlScripts/0020-sqlite-createFullDataSourceV2Tables.sql], for repo: [/home/krzysztofkalisiak/.local/share/ModrinthApp/profiles/Create Aeronautics (1)/saves/New World (3)/DIM1/data/DistantHorizons.sqlite]
[02Aug2026 18:21:41.807] [Server thread/INFO] [DistantHorizons-DistantHorizons-com.seibel.distanthorizons.core.sql.DatabaseUpdater/]: Running SQL update script: [sqlScripts/0030-sqlite-changeTableJournaling.sql], for repo: [/home/krzysztofkalisiak/.local/share/ModrinthApp/profiles/Create Aeronautics (1)/saves/New World (3)/DIM1/data/DistantHorizons.sqlite]
[02Aug2026 18:21:41.816] [Server thread/INFO] [DistantHorizons-DistantHorizons-com.seibel.distanthorizons.core.sql.DatabaseUpdater/]: Running SQL update script: [sqlScripts/0031-sqlite-useSqliteWalJournaling.sql], for repo: [/home/krzysztofkalisiak/.local/share/ModrinthApp/profiles/Create Aeronautics (1)/saves/New World (3)/DIM1/data/DistantHorizons.sqlite]
[02Aug2026 18:21:41.827] [Server thread/INFO] [DistantHorizons-DistantHorizons-com.seibel.distanthorizons.core.sql.DatabaseUpdater/]: Running SQL update script: [sqlScripts/0040-sqlite-removeRenderCache.sql], for repo: [/home/krzysztofkalisiak/.local/share/ModrinthApp/profiles/Create Aeronautics (1)/saves/New World (3)/DIM1/data/DistantHorizons.sqlite]
[02Aug2026 18:21:41.831] [Server thread/INFO] [DistantHorizons-DistantHorizons-com.seibel.distanthorizons.core.sql.DatabaseUpdater/]: Running SQL update script: [sqlScripts/0050-sqlite-addApplyToParentIndex.sql], for repo: [/home/krzysztofkalisiak/.local/share/ModrinthApp/profiles/Create Aeronautics (1)/saves/New World (3)/DIM1/data/DistantHorizons.sqlite]
[02Aug2026 18:21:41.836] [Server thread/INFO] [DistantHorizons-DistantHorizons-com.seibel.distanthorizons.core.sql.DatabaseUpdater/]: Running SQL update script: [sqlScripts/0060-sqlite-createChunkHashTable.sql], for repo: [/home/krzysztofkalisiak/.local/share/ModrinthApp/profiles/Create Aeronautics (1)/saves/New World (3)/DIM1/data/DistantHorizons.sqlite]
[02Aug2026 18:21:41.841] [Server thread/INFO] [DistantHorizons-DistantHorizons-com.seibel.distanthorizons.core.sql.DatabaseUpdater/]: Running SQL update script: [sqlScripts/0070-sqlite-createBeaconBeamTable.sql], for repo: [/home/krzysztofkalisiak/.local/share/ModrinthApp/profiles/Create Aeronautics (1)/saves/New World (3)/DIM1/data/DistantHorizons.sqlite]
[02Aug2026 18:21:41.845] [Server thread/INFO] [DistantHorizons-DistantHorizons-com.seibel.distanthorizons.core.sql.DatabaseUpdater/]: Running SQL update script: [sqlScripts/0080-sqlite-addApplyToChildrenColumn.sql], for repo: [/home/krzysztofkalisiak/.local/share/ModrinthApp/profiles/Create Aeronautics (1)/saves/New World (3)/DIM1/data/DistantHorizons.sqlite]
[02Aug2026 18:21:41.850] [Server thread/INFO] [DistantHorizons-DistantHorizons-com.seibel.distanthorizons.core.sql.DatabaseUpdater/]: Running SQL update script: [sqlScripts/0090-sqlite-addAdjacentFullDataColumns.sql], for repo: [/home/krzysztofkalisiak/.local/share/ModrinthApp/profiles/Create Aeronautics (1)/saves/New World (3)/DIM1/data/DistantHorizons.sqlite]
[02Aug2026 18:21:41.855] [Server thread/INFO] [DistantHorizons-DistantHorizons-com.seibel.distanthorizons.core.sql.DatabaseUpdater/]: Running SQL update script: [sqlScripts/0100-sqlite-deleteLowDetailDataForRegen.sql], for repo: [/home/krzysztofkalisiak/.local/share/ModrinthApp/profiles/Create Aeronautics (1)/saves/New World (3)/DIM1/data/DistantHorizons.sqlite]
[02Aug2026 18:21:41.859] [DH-Full Data Migration Thread[0]/INFO] [DistantHorizons-DistantHorizons-com.seibel.distanthorizons.core.file.fullDatafile.V2.DataMigratorV1/]: No migration necessary.
[02Aug2026 18:21:41.862] [Server thread/INFO] [DistantHorizons-DistantHorizons-com.seibel.distanthorizons.core.level.AbstractDhServerLevel/]: Started DhClientServerLevel for [Wrapped{ServerLevel[New World]@minecraft:the_end}] at [[LocalSaveStructure@(/home/krzysztofkalisiak/.local/share/ModrinthApp/profiles/Create Aeronautics (1)/saves/New World (3)/DIM1/data;/home/krzysztofkalisiak/.local/share/ModrinthApp/profiles/Create Aeronautics (1)/saves/New World (3)/data)]].
[02Aug2026 18:21:41.863] [Server thread/INFO] [dev.ryanhcode.sable.Sable/]: Creating physics pipeline for ResourceKey[minecraft:dimension / minecraft:the_nether] using RapierPhysicsPipelineProvider
[02Aug2026 18:21:41.876] [Server thread/INFO] [DistantHorizons-DistantHorizons-com.seibel.distanthorizons.core.sql.DatabaseUpdater/]: Running SQL update script: [sqlScripts/0010-sqlite-createInitialDataTables.sql], for repo: [/home/krzysztofkalisiak/.local/share/ModrinthApp/profiles/Create Aeronautics (1)/saves/New World (3)/DIM-1/data/DistantHorizons.sqlite]
[02Aug2026 18:21:41.889] [Server thread/INFO] [DistantHorizons-DistantHorizons-com.seibel.distanthorizons.core.sql.DatabaseUpdater/]: Running SQL update script: [sqlScripts/0020-sqlite-createFullDataSourceV2Tables.sql], for repo: [/home/krzysztofkalisiak/.local/share/ModrinthApp/profiles/Create Aeronautics (1)/saves/New World (3)/DIM-1/data/DistantHorizons.sqlite]
[02Aug2026 18:21:41.902] [Server thread/INFO] [DistantHorizons-DistantHorizons-com.seibel.distanthorizons.core.sql.DatabaseUpdater/]: Running SQL update script: [sqlScripts/0030-sqlite-changeTableJournaling.sql], for repo: [/home/krzysztofkalisiak/.local/share/ModrinthApp/profiles/Create Aeronautics (1)/saves/New World (3)/DIM-1/data/DistantHorizons.sqlite]
[02Aug2026 18:21:41.911] [Server thread/INFO] [DistantHorizons-DistantHorizons-com.seibel.distanthorizons.core.sql.DatabaseUpdater/]: Running SQL update script: [sqlScripts/0031-sqlite-useSqliteWalJournaling.sql], for repo: [/home/krzysztofkalisiak/.local/share/ModrinthApp/profiles/Create Aeronautics (1)/saves/New World (3)/DIM-1/data/DistantHorizons.sqlite]
[02Aug2026 18:21:41.922] [Server thread/INFO] [DistantHorizons-DistantHorizons-com.seibel.distanthorizons.core.sql.DatabaseUpdater/]: Running SQL update script: [sqlScripts/0040-sqlite-removeRenderCache.sql], for repo: [/home/krzysztofkalisiak/.local/share/ModrinthApp/profiles/Create Aeronautics (1)/saves/New World (3)/DIM-1/data/DistantHorizons.sqlite]
[02Aug2026 18:21:41.926] [Server thread/INFO] [DistantHorizons-DistantHorizons-com.seibel.distanthorizons.core.sql.DatabaseUpdater/]: Running SQL update script: [sqlScripts/0050-sqlite-addApplyToParentIndex.sql], for repo: [/home/krzysztofkalisiak/.local/share/ModrinthApp/profiles/Create Aeronautics (1)/saves/New World (3)/DIM-1/data/DistantHorizons.sqlite]
[02Aug2026 18:21:41.930] [Server thread/INFO] [DistantHorizons-DistantHorizons-com.seibel.distanthorizons.core.sql.DatabaseUpdater/]: Running SQL update script: [sqlScripts/0060-sqlite-createChunkHashTable.sql], for repo: [/home/krzysztofkalisiak/.local/share/ModrinthApp/profiles/Create Aeronautics (1)/saves/New World (3)/DIM-1/data/DistantHorizons.sqlite]
[02Aug2026 18:21:41.935] [Server thread/INFO] [DistantHorizons-DistantHorizons-com.seibel.distanthorizons.core.sql.DatabaseUpdater/]: Running SQL update script: [sqlScripts/0070-sqlite-createBeaconBeamTable.sql], for repo: [/home/krzysztofkalisiak/.local/share/ModrinthApp/profiles/Create Aeronautics (1)/saves/New World (3)/DIM-1/data/DistantHorizons.sqlite]
[02Aug2026 18:21:41.939] [Server thread/INFO] [DistantHorizons-DistantHorizons-com.seibel.distanthorizons.core.sql.DatabaseUpdater/]: Running SQL update script: [sqlScripts/0080-sqlite-addApplyToChildrenColumn.sql], for repo: [/home/krzysztofkalisiak/.local/share/ModrinthApp/profiles/Create Aeronautics (1)/saves/New World (3)/DIM-1/data/DistantHorizons.sqlite]
[02Aug2026 18:21:41.944] [Server thread/INFO] [DistantHorizons-DistantHorizons-com.seibel.distanthorizons.core.sql.DatabaseUpdater/]: Running SQL update script: [sqlScripts/0090-sqlite-addAdjacentFullDataColumns.sql], for repo: [/home/krzysztofkalisiak/.local/share/ModrinthApp/profiles/Create Aeronautics (1)/saves/New World (3)/DIM-1/data/DistantHorizons.sqlite]
[02Aug2026 18:21:41.948] [Server thread/INFO] [DistantHorizons-DistantHorizons-com.seibel.distanthorizons.core.sql.DatabaseUpdater/]: Running SQL update script: [sqlScripts/0100-sqlite-deleteLowDetailDataForRegen.sql], for repo: [/home/krzysztofkalisiak/.local/share/ModrinthApp/profiles/Create Aeronautics (1)/saves/New World (3)/DIM-1/data/DistantHorizons.sqlite]
[02Aug2026 18:21:41.953] [DH-Full Data Migration Thread[0]/INFO] [DistantHorizons-DistantHorizons-com.seibel.distanthorizons.core.file.fullDatafile.V2.DataMigratorV1/]: No migration necessary.
[02Aug2026 18:21:41.954] [Server thread/INFO] [DistantHorizons-DistantHorizons-com.seibel.distanthorizons.core.level.AbstractDhServerLevel/]: Started DhClientServerLevel for [Wrapped{ServerLevel[New World]@minecraft:the_nether}] at [[LocalSaveStructure@(/home/krzysztofkalisiak/.local/share/ModrinthApp/profiles/Create Aeronautics (1)/saves/New World (3)/DIM1/data;/home/krzysztofkalisiak/.local/share/ModrinthApp/profiles/Create Aeronautics (1)/saves/New World (3)/DIM-1/data;/home/krzysztofkalisiak/.local/share/ModrinthApp/profiles/Create Aeronautics (1)/saves/New World (3)/data)]].
[02Aug2026 18:21:41.954] [Server thread/INFO] [net.minecraft.server.MinecraftServer/]: Preparing start region for dimension minecraft:overworld
[02Aug2026 18:21:41.983] [Render thread/INFO] [net.minecraft.server.level.progress.LoggerChunkProgressListener/]: Preparing spawn area: 2%
[02Aug2026 18:21:42.380] [DH-Request Module Ticker [minecraft:the_end] Thread[0]/INFO] [DistantHorizons-DistantHorizons-com.seibel.distanthorizons.core.generation.BatchGenerator/]: Batch Chunk Generator initialized
[02Aug2026 18:21:42.380] [DH-Request Module Ticker [minecraft:the_end] Thread[0]/INFO] [DistantHorizons-DistantHorizons-com.seibel.distanthorizons.core.generation.queues.WorldGenerationQueue/]: Creating world gen queue
[02Aug2026 18:21:42.380] [DH-Request Module Ticker [minecraft:the_end] Thread[0]/INFO] [DistantHorizons-DistantHorizons-com.seibel.distanthorizons.core.generation.queues.WorldGenerationQueue/]: Created world gen queue
[02Aug2026 18:21:42.380] [DH-Request Module Ticker [minecraft:the_end] Thread[0]/INFO] [DistantHorizons-DistantHorizons-com.seibel.distanthorizons.core.file.fullDatafile.GeneratedFullDataSourceProvider/]: Set world gen queue for level [minecraft:the_end].
[02Aug2026 18:21:42.476] [DH-Request Module Ticker [minecraft:the_nether] Thread[0]/INFO] [DistantHorizons-DistantHorizons-com.seibel.distanthorizons.core.generation.BatchGenerator/]: Batch Chunk Generator initialized
[02Aug2026 18:21:42.477] [DH-Request Module Ticker [minecraft:the_nether] Thread[0]/INFO] [DistantHorizons-DistantHorizons-com.seibel.distanthorizons.core.generation.queues.WorldGenerationQueue/]: Creating world gen queue
[02Aug2026 18:21:42.477] [DH-Request Module Ticker [minecraft:the_nether] Thread[0]/INFO] [DistantHorizons-DistantHorizons-com.seibel.distanthorizons.core.generation.queues.WorldGenerationQueue/]: Created world gen queue
[02Aug2026 18:21:42.477] [DH-Request Module Ticker [minecraft:the_nether] Thread[0]/INFO] [DistantHorizons-DistantHorizons-com.seibel.distanthorizons.core.file.fullDatafile.GeneratedFullDataSourceProvider/]: Set world gen queue for level [minecraft:the_nether].
[02Aug2026 18:21:42.479] [Render thread/INFO] [net.minecraft.server.level.progress.LoggerChunkProgressListener/]: Preparing spawn area: 2%
[02Aug2026 18:21:42.983] [Render thread/INFO] [net.minecraft.server.level.progress.LoggerChunkProgressListener/]: Preparing spawn area: 18%
[02Aug2026 18:21:43.478] [Render thread/INFO] [net.minecraft.server.level.progress.LoggerChunkProgressListener/]: Preparing spawn area: 51%
[02Aug2026 18:21:43.967] [Server thread/INFO] [net.neoforged.neoforge.server.permission.PermissionAPI/]: Successfully initialized permission handler neoforge:default_handler
[02Aug2026 18:21:43.967] [Server thread/INFO] [me.yurtema.searchlights.Searchlights/]: HELLO from server starting
[02Aug2026 18:21:43.969] [Server thread/INFO] [net.minecraft.client.server.IntegratedServer/]: Changing view distance to 9, from 10
[02Aug2026 18:21:43.969] [Server thread/INFO] [net.minecraft.client.server.IntegratedServer/]: Changing simulation distance to 9, from 0
[02Aug2026 18:21:43.974] [Render thread/INFO] [net.minecraft.server.level.progress.LoggerChunkProgressListener/]: Time elapsed: 2007 ms
[02Aug2026 18:21:44.025] [Render thread/INFO] [dev.ryanhcode.sable.Sable/]: Adding local UDP server channel future
[02Aug2026 18:21:44.025] [Render thread/WARN] [io.netty.bootstrap.Bootstrap/]: Unknown channel option 'SO_BROADCAST' for channel '[id: 0x02afa843]'
[02Aug2026 18:21:44.026] [Netty Server IO #9/INFO] [dev.ryanhcode.sable.Sable/]: Server UDP channel active
[02Aug2026 18:21:44.026] [Render thread/INFO] [dev.ryanhcode.sable.Sable/]: Starting local client UDP channel future
[02Aug2026 18:21:44.027] [Netty Local Client IO #5/INFO] [dev.ryanhcode.sable.Sable/]: Client UDP channel active
[02Aug2026 18:21:44.153] [Server thread/INFO] [net.minecraft.server.players.PlayerList/]: Eutio[local:E:8fdeeaa0] logged in with entity id 631 at (0.5, 188.0, -5.5)
[02Aug2026 18:21:44.153] [Server thread/INFO] [dev.ryanhcode.sable.Sable/]: Beginning attempted authentication with player Eutio
[02Aug2026 18:21:44.159] [Server thread/INFO] [net.minecraft.server.MinecraftServer/]: Eutio joined the game
[02Aug2026 18:21:44.163] [Server thread/INFO] [DistantHorizons-DistantHorizons-com.seibel.distanthorizons.core.api.internal.ServerApi/]: Player [Eutio] joined.
[02Aug2026 18:21:44.167] [Render thread/INFO] [xaero.hud.minimap.MinimapLogs/]: Minimap required item set to nothing.
[02Aug2026 18:21:44.167] [Render thread/INFO] [xaero.hud.minimap.MinimapLogs/]: New Xaero hud session initialized!
[02Aug2026 18:21:44.180] [Render thread/INFO] [Iris/]: Reloading pipeline on dimension change: minecraft:overworld => minecraft:overworld
[02Aug2026 18:21:44.180] [Render thread/INFO] [Photonics/]: Photonics history reset v72: reason=pipeline-destroyed, generation=3
[02Aug2026 18:21:44.182] [Render thread/INFO] [Photonics/]: Photonics chunk compiler v72 stopped: pendingSections=0, memory=jvmHeap={usedBytes=2342050720, committedBytes=4005560320, maxBytes=8589934592}, jvmGc={collections=187, timeMs=2446}, worldHeap=GpuBufferHeapStats[capacityBytes=536870912, reservedBytes=267121036, liveBytes=263544652, peakLiveBytes=263545228, reusableBytes=3576384, allocations=942475, reusedAllocations=288347, frees=306670, failedAllocations=0], paletteHeap=GpuBufferHeapStats[capacityBytes=201326592, reservedBytes=41719104, liveBytes=32832768, peakLiveBytes=41719104, reusableBytes=8886336, allocations=525572, reusedAllocations=90998, frees=183564, failedAllocations=0], registries={lights=Stats[cachedObjects=8, pendingFreeObjects=0, allocatedObjects=9, failedAllocations=0], palettes=Stats[cachedObjects=342008, pendingFreeObjects=0, allocatedObjects=525572, failedAllocations=0], blocks=Stats[cachedObjects=448177, pendingFreeObjects=0, allocatedObjects=625390, failedAllocations=0], models=Stats[cachedObjects=9924, pendingFreeObjects=0, allocatedObjects=14473, failedAllocations=0]}
[02Aug2026 18:21:44.191] [Render thread/INFO] [Photonics/]: Photonics light registry contains 127 light definitions for 98 blocks
[02Aug2026 18:21:44.192] [Render thread/INFO] [Iris/]: Destroying pipeline minecraft:overworld
[02Aug2026 18:21:44.201] [Render thread/INFO] [Photonics/]: Loaded ph_lights.json for shader pack 'photon-main (1).zip'
[02Aug2026 18:21:44.208] [Render thread/INFO] [Photonics/]: Photonics light registry contains 231 light definitions for 115 blocks
[02Aug2026 18:21:44.208] [Render thread/INFO] [Photonics/]: Photonics pipeline for 'photon-main (1).zip': enabled=true, mode=RESTIR, blockLight=true, gi=true, blockLightGi=false, handheld=true, shaderPackRenderScale=1.0, renderScale=0.75, giRenderScale=0.5, temporalUpscalerRequested=false, temporalUpscalerSourceScale=0.67, temporalUpscalerActive=false, temporalUpscalerHistoryFrames=8, maxLights=4000, maxSamples=20, restirInitial=16, restirSpatial=1, restirDenoiser=5, restirGiDenoiser=3, restirSoftShadows=false, restirCombinedGi=true
[02Aug2026 18:21:44.463] [Render thread/INFO] [Photonics/]: Photonics feature increment: v65 upstream traversal guard, hand texture-normal evaluation, immature-history edge variance, and variance-guided full SVGF passes; direct-light-v64 proxy ownership retained
[02Aug2026 18:21:44.463] [Render thread/INFO] [Photonics/]: Photonics GI foundation v99: finite full-position indirect reservoirs, corrected primary-ray origin/origin rebasing/explicit sky hits, Jacobian-weighted world-hit temporal reuse for world and Sable receivers, geometric-normal-consistent indirect energy, explicit empty non-world reservoirs, hand temporal isolation, and selected-reservoir visibility validation
[02Aug2026 18:21:44.463] [Render thread/INFO] [Photonics/]: Photonics ReSTIR GI v79: combinedGi=true, splitGi=true, directScale=0.75, giScale=0.5, directDenoiserPasses=5, giDenoiserPasses=3, giPipeline=independent-frag-grid+reservoirs+history+svgf, composition=post-estimator-screen-space
[02Aug2026 18:21:44.463] [Render thread/INFO] [Photonics/]: Photonics split-GI reconstruction v81: receiver-aware four-tap interpolation with unsupported-pixel nearest-compatible fallback
[02Aug2026 18:21:44.463] [Render thread/INFO] [Photonics/]: Photonics GI stability v82: world-hit temporal reservoir reuse enabled for rigidly reprojected Sable receivers; hand history remains isolated
[02Aug2026 18:21:44.463] [Render thread/INFO] [Photonics/]: Photonics direct startup v100: unbiased logarithmic camera-rank strata for large light lists with exact compact-list prefix proposals
[02Aug2026 18:21:44.463] [Render thread/WARN] [Photonics/]: Photonics ReSTIR source/history diagnostic v103 enabled via -Dphotonics.restirSourceHistoryDiagnostic=true; panels=top-left-current-direct/top-right-accumulated-direct/bottom-left-denoised-direct/bottom-right-final-gi, handheld-and-exact-local-lighting=omitted, auxiliary-lighting-components=not-registered
[02Aug2026 18:21:44.463] [Render thread/INFO] [Photonics/]: Photonics ReSTIR GI transport v85+: stochastic tinted-glass traversal and endpoint-first transparent-hit validation
[02Aug2026 18:21:44.463] [Render thread/INFO] [Photonics/]: Photonics stability v86: deterministic thin-cutout GI coverage and bounded palette-heap compiler recovery probes
[02Aug2026 18:21:44.463] [Render thread/INFO] [Photonics/]: Photonics ReSTIR GI validation v88: triState=valid/blocked-current-receiver/stale, blockedHistoryM=preserved-once-with-zero-energy, staleHistoryM=excluded, maxTemporalCandidates=1, maxSpatialCandidates=1, maxTraversalSteps=128
[02Aug2026 18:21:44.463] [Render thread/INFO] [Photonics/]: Photonics feature set: direct-light-v64 expiring Contraption Lights proxy ownership with a conservative nearby unmatched-proxy quarantine, position-matched Sable light alias trail with registry/profile diagnostics and render-thread-owned external merge, full-precision motion-grid Sable receiver visibility and endpoint-safe conservative traversal, dual-space Sable light de-duplication, production composite restored after v57 reservoir diagnostics, corrected indirect hit-normal decoding, full temporal reservoir retention for Sable external lighting, randomized systematic world-light proposals, Sable skylight-transition diagnostics with opt-in getter freeze, post-denoise exact Sable-local direct stream and fail-closed same-domain visibility, camera-relative double-composed Sable reprojection, normal-guided receiver classification, tri-state same-sublevel visibility and conservative supercover voxel traversal, sampling-time receiver-domain partition with exact same-sublevel direct lighting, external-only Sable reservoirs and soft-shadow local-visibility-signature-guided Sable SVGF support, preserved all-zero current proposal batches, elapsed-time moving-light hysteresis and unsnapped render-pose positions, rejected spatial-batch accounting, receiver-domain-complete stable/external history partition and rigid-motion Sable spatial reuse, bounded visibility-rejected reservoirs and representative-scoped external reactivity, split stable/external accumulation histories and stale Sable material recovery, explicit emitter motion-domain identity, motion-domain-stable receiver-relative light-history limits, previous-light position metadata, rotation-correct cross-sublevel motion, guarded ordinary-world all-light and external-only Sable single-neighbor spatial reuse, immutable spatial input, current-receiver visibility validation, bounded spatial history, independent spatial random stream, bounded reservoirs, zero-contribution batch accounting, actual-motion reactive lights, stable-anchor Sable reprojection, surface-plane SVGF, visibility-transition provenance, stable Sable identity, current-visible temporal reuse, Sable plot-section isolation, deterministic diagonal cutouts, generation-aligned adaptive stratified ReSTIR proposals, exposed-face Sable local visibility, duplicate Veil point-light suppression, moving-light and Iris material bridges; finite-segment OOB visibility and tree-origin tracing, masked passes, texture barriers, accumulation, denoising, handheld; Sable-receiver world/cross-sublevel spatial reuse and combined GI compatibility gates active
[02Aug2026 18:21:44.463] [Render thread/INFO] [Photonics/]: Photonics ReSTIR configuration v100: directCandidatesPerPixel=16, directTemporalSampleCap=320, directOutputSampleCap=world-128/sable-temporal-cap, spatialCandidates=1, spatialRadiusPixels=5.0, output=split-direct-and-gi-radiance-plus-exact-sable-local, samplingPolicy=large-list-logarithmic-rank-strata+compact-list-systematic-prefix-tail+distinct-priority-prefix/sable-external-reservoir/exact-all-same-token-lights/fail-closed-tri-state-conservative-local-dda/full-precision-motion-grid-receiver/normal-biased-endpoint/preserved-zero-current-batches, spatialPolicy=receiver-matched-current-frame/external-only-sable/current-rejection-accounting/immutable-input/initial-batch-cap+rejected-fallback-cap+background-finalization, historyPolicy=receiver-domain-complete-split-stable-external/direct-only-full-rigid-local-history/camera-relative-double-compose/normal-guided-receiver/soft-local-signature-reset/visibility-transition-reset/representative-scoped-external-reactivity/explicit-emitter-domain/0.15-block-trail/2-frame-floor, lightListPolicy=position-matched-250ms-alias-trail/250ms-after-loss-minecraft-light-proxy-ownership/125ms+2-frame-unmatched-proxy-quarantine/3-cell-alias-radius/render-thread-owned-merge, motionHoldMs=250, denoiserPolicy=post-denoise-exact-local-hard-shadow+representative-gated-world+soft-local-signature-sable, sableSkyLightDiagnostic=transition-log/optional-freeze-getter, directDenoiserPasses=5, giDenoiserPasses=3, softShadows=false, combinedGi=true, splitGi=true
[02Aug2026 18:21:44.469] [Render thread/INFO] [Photonics/]: Photonics history reset v18: reason=pipeline-created, generation=4, dimension=minecraft:overworld
[02Aug2026 18:21:44.469] [Render thread/INFO] [Iris/]: Creating pipeline for dimension minecraft:overworld
[02Aug2026 18:21:44.587] [Render thread/INFO] [org.anarres.cpp.DefaultPreprocessorListener/]: null:0:0: error: #endif without #if
[02Aug2026 18:21:44.607] [Render thread/INFO] [org.anarres.cpp.DefaultPreprocessorListener/]: null:0:0: error: #endif without #if
[02Aug2026 18:21:44.646] [Render thread/INFO] [org.anarres.cpp.DefaultPreprocessorListener/]: null:0:0: error: #endif without #if
[02Aug2026 18:21:44.688] [Render thread/INFO] [org.anarres.cpp.DefaultPreprocessorListener/]: null:0:0: error: #endif without #if
[02Aug2026 18:21:44.702] [Render thread/INFO] [org.anarres.cpp.DefaultPreprocessorListener/]: null:0:0: error: #endif without #if
[02Aug2026 18:21:44.719] [Render thread/INFO] [org.anarres.cpp.DefaultPreprocessorListener/]: null:0:0: error: #endif without #if
[02Aug2026 18:21:44.736] [Render thread/INFO] [org.anarres.cpp.DefaultPreprocessorListener/]: null:0:0: error: #endif without #if
[02Aug2026 18:21:44.752] [Render thread/INFO] [org.anarres.cpp.DefaultPreprocessorListener/]: null:0:0: error: #endif without #if
[02Aug2026 18:21:44.763] [Render thread/INFO] [org.anarres.cpp.DefaultPreprocessorListener/]: null:0:0: error: #endif without #if
[02Aug2026 18:21:44.773] [Render thread/INFO] [org.anarres.cpp.DefaultPreprocessorListener/]: null:0:0: error: #endif without #if
[02Aug2026 18:21:44.784] [Render thread/INFO] [org.anarres.cpp.DefaultPreprocessorListener/]: null:0:0: error: #endif without #if
[02Aug2026 18:21:44.796] [Render thread/INFO] [org.anarres.cpp.DefaultPreprocessorListener/]: null:0:0: error: #endif without #if
[02Aug2026 18:21:44.806] [Render thread/INFO] [org.anarres.cpp.DefaultPreprocessorListener/]: null:0:0: error: #endif without #if
[02Aug2026 18:21:44.815] [Render thread/INFO] [org.anarres.cpp.DefaultPreprocessorListener/]: null:0:0: error: #endif without #if
[02Aug2026 18:21:44.824] [Render thread/INFO] [org.anarres.cpp.DefaultPreprocessorListener/]: null:0:0: error: #endif without #if
[02Aug2026 18:21:44.836] [Render thread/INFO] [org.anarres.cpp.DefaultPreprocessorListener/]: null:0:0: error: #endif without #if
[02Aug2026 18:21:44.859] [Render thread/ERROR] [Iris/]: Failed to create shader rendering pipeline, disabling shaders!
java.lang.IllegalStateException: No more available texture units while activating sampler shadowcolor0
	at TRANSFORMER/iris@1.8.14-beta.1+mc1.21.1/net.irisshaders.iris.gl.program.ProgramSamplers$Builder.addDynamicSampler(ProgramSamplers.java:198) ~[iris-neoforge-1.8.14-beta.1+mc1.21.1.jar%23230!/:?]
	at TRANSFORMER/iris@1.8.14-beta.1+mc1.21.1/net.irisshaders.iris.gl.program.ProgramSamplers$Builder.addDynamicSampler(ProgramSamplers.java:170) ~[iris-neoforge-1.8.14-beta.1+mc1.21.1.jar%23230!/:?]
	at TRANSFORMER/iris@1.8.14-beta.1+mc1.21.1/net.irisshaders.iris.gl.sampler.SamplerHolder.addDynamicSampler(SamplerHolder.java:28) ~[iris-neoforge-1.8.14-beta.1+mc1.21.1.jar%23230!/:?]
	at TRANSFORMER/iris@1.8.14-beta.1+mc1.21.1/net.irisshaders.iris.gl.program.ProgramBuilder.addDynamicSampler(ProgramBuilder.java:130) ~[iris-neoforge-1.8.14-beta.1+mc1.21.1.jar%23230!/:?]
	at TRANSFORMER/iris@1.8.14-beta.1+mc1.21.1/net.irisshaders.iris.gl.program.ProgramSamplers$CustomTextureSamplerInterceptor.addDynamicSampler(ProgramSamplers.java:303) ~[iris-neoforge-1.8.14-beta.1+mc1.21.1.jar%23230!/:?]
	at TRANSFORMER/iris@1.8.14-beta.1+mc1.21.1/net.irisshaders.iris.samplers.IrisSamplers.addShadowSamplers(IrisSamplers.java:148) ~[iris-neoforge-1.8.14-beta.1+mc1.21.1.jar%23230!/:?]
	at TRANSFORMER/iris@1.8.14-beta.1+mc1.21.1/net.irisshaders.iris.pipeline.CompositeRenderer.createProgram(CompositeRenderer.java:384) ~[iris-neoforge-1.8.14-beta.1+mc1.21.1.jar%23230!/:?]
	at TRANSFORMER/iris@1.8.14-beta.1+mc1.21.1/net.irisshaders.iris.pipeline.CompositeRenderer.<init>(CompositeRenderer.java:127) ~[iris-neoforge-1.8.14-beta.1+mc1.21.1.jar%23230!/:?]
	at TRANSFORMER/iris@1.8.14-beta.1+mc1.21.1/net.irisshaders.iris.pipeline.IrisRenderingPipeline.<init>(IrisRenderingPipeline.java:332) ~[iris-neoforge-1.8.14-beta.1+mc1.21.1.jar%23230!/:?]
	at TRANSFORMER/iris@1.8.14-beta.1+mc1.21.1/net.irisshaders.iris.Iris.createPipeline(Iris.java:642) ~[iris-neoforge-1.8.14-beta.1+mc1.21.1.jar%23230!/:?]
	at TRANSFORMER/iris@1.8.14-beta.1+mc1.21.1/net.irisshaders.iris.pipeline.PipelineManager.preparePipeline(PipelineManager.java:33) ~[iris-neoforge-1.8.14-beta.1+mc1.21.1.jar%23230!/:?]
	at TRANSFORMER/minecraft@1.21.1/net.minecraft.client.Minecraft.handler$bde000$iris$resetPipeline(Minecraft.java:7043) ~[client-1.21.1-20240808.144430-srg.jar%23215!/:?]
	at TRANSFORMER/minecraft@1.21.1/net.minecraft.client.Minecraft.updateLevelInEngines(Minecraft.java) ~[client-1.21.1-20240808.144430-srg.jar%23215!/:?]
	at TRANSFORMER/minecraft@1.21.1/net.minecraft.client.Minecraft.setLevel(Minecraft.java:2117) ~[client-1.21.1-20240808.144430-srg.jar%23215!/:?]
	at TRANSFORMER/minecraft@1.21.1/net.minecraft.client.multiplayer.ClientPacketListener.handleLogin(ClientPacketListener.java:421) ~[client-1.21.1-20240808.144430-srg.jar%23215!/:?]
	at TRANSFORMER/minecraft@1.21.1/net.minecraft.network.protocol.game.ClientboundLoginPacket.handle(ClientboundLoginPacket.java:69) ~[client-1.21.1-20240808.144430-srg.jar%23215!/:?]
	at TRANSFORMER/minecraft@1.21.1/net.minecraft.network.protocol.game.ClientboundLoginPacket.handle(ClientboundLoginPacket.java:17) ~[client-1.21.1-20240808.144430-srg.jar%23215!/:?]
	at TRANSFORMER/minecraft@1.21.1/net.minecraft.network.protocol.PacketUtils.lambda$ensureRunningOnSameThread$0(PacketUtils.java:27) ~[client-1.21.1-20240808.144430-srg.jar%23215!/:?]
	at TRANSFORMER/minecraft@1.21.1/net.minecraft.util.thread.BlockableEventLoop.doRunTask(BlockableEventLoop.java:148) ~[client-1.21.1-20240808.144430-srg.jar%23215!/:?]
	at TRANSFORMER/minecraft@1.21.1/net.minecraft.util.thread.ReentrantBlockableEventLoop.doRunTask(ReentrantBlockableEventLoop.java:23) ~[client-1.21.1-20240808.144430-srg.jar%23215!/:?]
	at TRANSFORMER/minecraft@1.21.1/net.minecraft.util.thread.BlockableEventLoop.pollTask(BlockableEventLoop.java:122) ~[client-1.21.1-20240808.144430-srg.jar%23215!/:?]
	at TRANSFORMER/minecraft@1.21.1/net.minecraft.util.thread.BlockableEventLoop.runAllTasks(BlockableEventLoop.java:111) ~[client-1.21.1-20240808.144430-srg.jar%23215!/:?]
	at TRANSFORMER/minecraft@1.21.1/net.minecraft.client.Minecraft.runTick(Minecraft.java:1155) ~[client-1.21.1-20240808.144430-srg.jar%23215!/:?]
	at TRANSFORMER/minecraft@1.21.1/net.minecraft.client.Minecraft.run(Minecraft.java:807) ~[client-1.21.1-20240808.144430-srg.jar%23215!/:?]
	at TRANSFORMER/minecraft@1.21.1/net.minecraft.client.main.Main.main(Main.java:230) ~[client-1.21.1-20240808.144430-srg.jar%23215!/:?]
	at java.base/jdk.internal.reflect.DirectMethodHandleAccessor.invoke(Unknown Source) ~[?:?]
	at java.base/java.lang.reflect.Method.invoke(Unknown Source) ~[?:?]
	at MC-BOOTSTRAP/fml_loader@4.0.42/net.neoforged.fml.loading.targets.CommonLaunchHandler.runTarget(CommonLaunchHandler.java:136) ~[loader-4.0.42.jar%23156!/:4.0]
	at MC-BOOTSTRAP/fml_loader@4.0.42/net.neoforged.fml.loading.targets.CommonLaunchHandler.clientService(CommonLaunchHandler.java:124) ~[loader-4.0.42.jar%23156!/:4.0]
	at MC-BOOTSTRAP/fml_loader@4.0.42/net.neoforged.fml.loading.targets.CommonClientLaunchHandler.runService(CommonClientLaunchHandler.java:32) ~[loader-4.0.42.jar%23156!/:4.0]
	at MC-BOOTSTRAP/fml_loader@4.0.42/net.neoforged.fml.loading.targets.CommonLaunchHandler.lambda$launchService$4(CommonLaunchHandler.java:118) ~[loader-4.0.42.jar%23156!/:4.0]
	at MC-BOOTSTRAP/cpw.mods.modlauncher@11.0.5/cpw.mods.modlauncher.LaunchServiceHandlerDecorator.launch(LaunchServiceHandlerDecorator.java:30) [modlauncher-11.0.5.jar%23161!/:?]
	at MC-BOOTSTRAP/cpw.mods.modlauncher@11.0.5/cpw.mods.modlauncher.LaunchServiceHandler.launch(LaunchServiceHandler.java:53) [modlauncher-11.0.5.jar%23161!/:?]
	at MC-BOOTSTRAP/cpw.mods.modlauncher@11.0.5/cpw.mods.modlauncher.LaunchServiceHandler.launch(LaunchServiceHandler.java:71) [modlauncher-11.0.5.jar%23161!/:?]
	at MC-BOOTSTRAP/cpw.mods.modlauncher@11.0.5/cpw.mods.modlauncher.Launcher.run(Launcher.java:103) [modlauncher-11.0.5.jar%23161!/:?]
	at MC-BOOTSTRAP/cpw.mods.modlauncher@11.0.5/cpw.mods.modlauncher.Launcher.main(Launcher.java:74) [modlauncher-11.0.5.jar%23161!/:?]
	at MC-BOOTSTRAP/cpw.mods.modlauncher@11.0.5/cpw.mods.modlauncher.BootstrapLaunchConsumer.accept(BootstrapLaunchConsumer.java:26) [modlauncher-11.0.5.jar%23161!/:?]
	at MC-BOOTSTRAP/cpw.mods.modlauncher@11.0.5/cpw.mods.modlauncher.BootstrapLaunchConsumer.accept(BootstrapLaunchConsumer.java:23) [modlauncher-11.0.5.jar%23161!/:?]
	at cpw.mods.bootstraplauncher@2.0.2/cpw.mods.bootstraplauncher.BootstrapLauncher.run(BootstrapLauncher.java:210) [bootstraplauncher-2.0.2.jar:?]
	at cpw.mods.bootstraplauncher@2.0.2/cpw.mods.bootstraplauncher.BootstrapLauncher.main(BootstrapLauncher.java:69) [bootstraplauncher-2.0.2.jar:?]
	at java.base/jdk.internal.reflect.DirectMethodHandleAccessor.invoke(Unknown Source) ~[?:?]
	at java.base/java.lang.reflect.Method.invoke(Unknown Source) ~[?:?]
	at com.modrinth.theseus.MinecraftLaunch.relaunch(MinecraftLaunch.java:63) [theseus.jar:?]
	at com.modrinth.theseus.MinecraftLaunch.main(MinecraftLaunch.java:28) [theseus.jar:?]
[02Aug2026 18:21:44.864] [Render thread/INFO] [ChunkBuilder/]: Started 10 worker threads
[02Aug2026 18:21:44.867] [Render thread/INFO] [net.minecraft.client.gui.components.ChatComponent/]: [System] [CHAT] Iris encountered an issue trying to load the shader; please report this to Iris developers. Copy Info
[02Aug2026 18:21:44.879] [Render thread/INFO] [xaero.hud.minimap.MinimapLogs/]: Minimap updated server level id: 113628250 for world ResourceKey[minecraft:dimension / minecraft:overworld]
[02Aug2026 18:21:44.880] [Render thread/INFO] [net.minecraft.advancements.AdvancementTree/]: Loaded 2 advancements
[02Aug2026 18:21:44.893] [Render thread/INFO] [Photonics/]: Photonics v43 Sable source validation: zeroLuminanceButTraced=0, rejectedMaterial=0, recoveredStaleMaterial=0, firstIssue=none
[02Aug2026 18:21:44.893] [Render thread/INFO] [Photonics/]: Photonics world tracing v72: revision=0, settled=false, compiledSections=0, trackedSections=0, batchBuilt=0, batchUnloaded=0, pendingBuilds=0, pendingUnloads=0, ready=false, depth=0, blockBounds=( 0.000E+0  0.000E+0  0.000E+0)..( 0.000E+0  0.000E+0  0.000E+0), treeBounds=( 0.000E+0  0.000E+0  0.000E+0)..( 0.000E+0  0.000E+0  0.000E+0), origin=( 0.000E+0  0.000E+0  0.000E+0), boundsSource=tree, compileMs=0.000
[02Aug2026 18:21:44.893] [Render thread/INFO] [Photonics/]: Photonics v35 direct-light prefixes: movingLights=0, externalLights=0, totalLights=0, proposalBudget=adaptive-half-candidates
[02Aug2026 18:21:44.896] [Photonics Light List Compiler/INFO] [Photonics/]: Photonics light candidates v18: eligible=21, selected=21, maxLights=4000, lightSections=10, capped=false
[02Aug2026 18:21:44.990] [Render thread/INFO] [DistantHorizons-DistantHorizons-com.seibel.distanthorizons.common.render.openGl.glObject.shader.GlShader/]: Loading shader with type: [35633]
[02Aug2026 18:21:44.990] [Render thread/INFO] [DistantHorizons-DistantHorizons-com.seibel.distanthorizons.common.render.openGl.glObject.shader.GlShader/]: Shader loaded sucessfully.
[02Aug2026 18:21:44.990] [Render thread/INFO] [DistantHorizons-DistantHorizons-com.seibel.distanthorizons.common.render.openGl.glObject.shader.GlShader/]: Loading shader with type: [35632]
[02Aug2026 18:21:44.990] [Render thread/INFO] [DistantHorizons-DistantHorizons-com.seibel.distanthorizons.common.render.openGl.glObject.shader.GlShader/]: Shader loaded sucessfully.
[02Aug2026 18:21:44.991] [Render thread/INFO] [DistantHorizons-DistantHorizons-com.seibel.distanthorizons.common.render.openGl.glObject.vertexAttribute.GlVertexAttributePostGL43/]: Vertex Attribute (GL43+) completed. It contains 1 binding points and a stride size of 12
[02Aug2026 18:21:44.991] [Render thread/INFO] [DistantHorizons-DistantHorizons-com.seibel.distanthorizons.common.render.openGl.glObject.shader.GlShader/]: Loading shader with type: [35633]
[02Aug2026 18:21:44.991] [Render thread/INFO] [DistantHorizons-DistantHorizons-com.seibel.distanthorizons.common.render.openGl.glObject.shader.GlShader/]: Shader loaded sucessfully.
[02Aug2026 18:21:44.991] [Render thread/INFO] [DistantHorizons-DistantHorizons-com.seibel.distanthorizons.common.render.openGl.glObject.shader.GlShader/]: Loading shader with type: [35632]
[02Aug2026 18:21:44.991] [Render thread/INFO] [DistantHorizons-DistantHorizons-com.seibel.distanthorizons.common.render.openGl.glObject.shader.GlShader/]: Shader loaded sucessfully.
[02Aug2026 18:21:44.991] [Render thread/INFO] [DistantHorizons-DistantHorizons-com.seibel.distanthorizons.common.render.openGl.glObject.vertexAttribute.GlVertexAttributePostGL43/]: Vertex Attribute (GL43+) completed. It contains 1 binding points and a stride size of 12
[02Aug2026 18:21:45.048] [Photonics Light List Compiler/INFO] [Photonics/]: Photonics light candidates v18: eligible=1143, selected=1143, maxLights=4000, lightSections=141, capped=false
[02Aug2026 18:21:45.049] [Photonics Light List Compiler/INFO] [Photonics/]: Photonics light-list publication v88: coalescedBatches=19, peakPendingSections=366, remainingSections=0, deferredMs=140.059
[02Aug2026 18:21:45.111] [Photonics Light List Compiler/INFO] [Photonics/]: Photonics light-list publication v88: coalescedBatches=2, peakPendingSections=1, remainingSections=0, deferredMs=0.272
[02Aug2026 18:21:45.128] [Photonics Light List Compiler/INFO] [Photonics/]: Photonics light candidates v18: eligible=1146, selected=1146, maxLights=4000, lightSections=142, capped=false
[02Aug2026 18:21:45.129] [Photonics Light List Compiler/INFO] [Photonics/]: Photonics light-list publication v88: coalescedBatches=2, peakPendingSections=4, remainingSections=0, deferredMs=1.000
[02Aug2026 18:21:45.159] [Render thread/INFO] [Photonics/]: Photonics light list pending: 0 -> 1146
[02Aug2026 18:21:45.425] [Photonics Light List Compiler/INFO] [Photonics/]: Photonics light candidates v18: eligible=1525, selected=1525, maxLights=4000, lightSections=229, capped=false
[02Aug2026 18:21:45.425] [Photonics Light List Compiler/INFO] [Photonics/]: Photonics light-list publication v88: coalescedBatches=44, peakPendingSections=352, remainingSections=86, deferredMs=250.491
[02Aug2026 18:21:45.441] [Photonics Light List Compiler/INFO] [Photonics/]: Photonics light candidates v18: eligible=1541, selected=1541, maxLights=4000, lightSections=234, capped=false
[02Aug2026 18:21:45.441] [Photonics Light List Compiler/INFO] [Photonics/]: Photonics light-list publication v88: coalescedBatches=5, peakPendingSections=103, remainingSections=0, deferredMs=10.144
[02Aug2026 18:21:45.441] [Render thread/INFO] [Photonics/]: Photonics light list pending: 1146 -> 1541
[02Aug2026 18:21:45.453] [Photonics Light List Compiler/INFO] [Photonics/]: Photonics light candidates v18: eligible=1569, selected=1569, maxLights=4000, lightSections=243, capped=false
[02Aug2026 18:21:45.453] [Photonics Light List Compiler/INFO] [Photonics/]: Photonics light-list publication v88: coalescedBatches=5, peakPendingSections=81, remainingSections=0, deferredMs=8.238
[02Aug2026 18:21:45.454] [Render thread/INFO] [Photonics/]: Photonics light list pending: 1541 -> 1569
[02Aug2026 18:21:45.516] [Photonics Light List Compiler/INFO] [Photonics/]: Photonics light candidates v18: eligible=1627, selected=1627, maxLights=4000, lightSections=263, capped=false
[02Aug2026 18:21:45.516] [Photonics Light List Compiler/INFO] [Photonics/]: Photonics light-list publication v88: coalescedBatches=10, peakPendingSections=118, remainingSections=0, deferredMs=39.403
[02Aug2026 18:21:45.521] [Render thread/INFO] [Photonics/]: Photonics light list pending: 1569 -> 1627
[02Aug2026 18:21:45.539] [Photonics Light List Compiler/INFO] [Photonics/]: Photonics light-list publication v88: coalescedBatches=7, peakPendingSections=7, remainingSections=0, deferredMs=4.313
[02Aug2026 18:21:45.593] [Photonics Light List Compiler/INFO] [Photonics/]: Photonics light-list publication v88: coalescedBatches=4, peakPendingSections=6, remainingSections=0, deferredMs=2.063
[02Aug2026 18:21:45.625] [Photonics Light List Compiler/INFO] [Photonics/]: Photonics light-list publication v88: coalescedBatches=3, peakPendingSections=7, remainingSections=0, deferredMs=1.251
[02Aug2026 18:21:45.675] [Photonics Light List Compiler/INFO] [Photonics/]: Photonics light-list publication v88: coalescedBatches=3, peakPendingSections=5, remainingSections=0, deferredMs=0.859
[02Aug2026 18:21:45.757] [Photonics Light List Compiler/INFO] [Photonics/]: Photonics light-list publication v88: coalescedBatches=2, peakPendingSections=2, remainingSections=0, deferredMs=0.305
[02Aug2026 18:21:45.777] [Photonics Light List Compiler/INFO] [Photonics/]: Photonics light-list publication v88: coalescedBatches=3, peakPendingSections=5, remainingSections=0, deferredMs=2.043
[02Aug2026 18:21:45.825] [Photonics Light List Compiler/INFO] [Photonics/]: Photonics light-list publication v88: coalescedBatches=2, peakPendingSections=3, remainingSections=0, deferredMs=0.363
[02Aug2026 18:21:45.875] [Photonics Light List Compiler/INFO] [Photonics/]: Photonics light-list publication v88: coalescedBatches=2, peakPendingSections=3, remainingSections=0, deferredMs=0.668
[02Aug2026 18:21:45.910] [Render thread/INFO] [Photonics/]: Photonics world tracing v72: revision=21, settled=false, compiledSections=86, trackedSections=712, batchBuilt=5, batchUnloaded=0, pendingBuilds=0, pendingUnloads=0, ready=true, depth=5, blockBounds=( 1.440E+2  9.600E+1  1.280E+2)..( 2.400E+2  2.240E+2  2.400E+2), treeBounds=( 0.000E+0  0.000E+0  0.000E+0)..( 2.560E+2  2.560E+2  2.560E+2), origin=(-1.920E+2  0.000E+0 -1.920E+2), boundsSource=compiled, compileMs=5.128
[02Aug2026 18:21:45.926] [Photonics Light List Compiler/INFO] [Photonics/]: Photonics light-list publication v88: coalescedBatches=2, peakPendingSections=4, remainingSections=0, deferredMs=0.614
[02Aug2026 18:21:46.028] [Photonics Light List Compiler/INFO] [Photonics/]: Photonics light-list publication v88: coalescedBatches=3, peakPendingSections=6, remainingSections=0, deferredMs=2.008
[02Aug2026 18:21:46.079] [Photonics Light List Compiler/INFO] [Photonics/]: Photonics light-list publication v88: coalescedBatches=2, peakPendingSections=2, remainingSections=0, deferredMs=0.322
[02Aug2026 18:21:46.106] [Photonics Light List Compiler/INFO] [Photonics/]: Photonics light candidates v18: eligible=1697, selected=1697, maxLights=4000, lightSections=282, capped=false
[02Aug2026 18:21:46.106] [Photonics Light List Compiler/INFO] [Photonics/]: Photonics light-list publication v88: coalescedBatches=6, peakPendingSections=126, remainingSections=0, deferredMs=18.089
[02Aug2026 18:21:46.136] [Photonics Light List Compiler/INFO] [Photonics/]: Photonics light-list publication v88: coalescedBatches=2, peakPendingSections=1, remainingSections=0, deferredMs=0.258
[02Aug2026 18:21:46.137] [Render thread/INFO] [Photonics/]: Photonics light list pending: 1627 -> 1697
[02Aug2026 18:21:46.195] [Photonics Light List Compiler/INFO] [Photonics/]: Photonics light candidates v18: eligible=1792, selected=1792, maxLights=4000, lightSections=316, capped=false
[02Aug2026 18:21:46.195] [Photonics Light List Compiler/INFO] [Photonics/]: Photonics light-list publication v88: coalescedBatches=13, peakPendingSections=174, remainingSections=0, deferredMs=54.932
[02Aug2026 18:21:46.198] [Render thread/INFO] [Photonics/]: Photonics light list pending: 1697 -> 1792
[02Aug2026 18:21:46.243] [Photonics Light List Compiler/INFO] [Photonics/]: Photonics light-list publication v88: coalescedBatches=3, peakPendingSections=4, remainingSections=0, deferredMs=0.696
[02Aug2026 18:21:46.279] [Photonics Light List Compiler/INFO] [Photonics/]: Photonics light candidates v18: eligible=1907, selected=1907, maxLights=4000, lightSections=347, capped=false
[02Aug2026 18:21:46.279] [Photonics Light List Compiler/INFO] [Photonics/]: Photonics light-list publication v88: coalescedBatches=14, peakPendingSections=153, remainingSections=0, deferredMs=34.308
[02Aug2026 18:21:46.282] [Render thread/INFO] [Photonics/]: Photonics light list pending: 1792 -> 1907
[02Aug2026 18:21:46.327] [Photonics Light List Compiler/INFO] [Photonics/]: Photonics light-list publication v88: coalescedBatches=6, peakPendingSections=5, remainingSections=0, deferredMs=1.503
[02Aug2026 18:21:46.378] [Photonics Light List Compiler/INFO] [Photonics/]: Photonics light-list publication v88: coalescedBatches=4, peakPendingSections=7, remainingSections=0, deferredMs=1.713
[02Aug2026 18:21:46.427] [Photonics Light List Compiler/INFO] [Photonics/]: Photonics light-list publication v88: coalescedBatches=5, peakPendingSections=7, remainingSections=0, deferredMs=1.423
[02Aug2026 18:21:46.464] [Photonics Light List Compiler/INFO] [Photonics/]: Photonics light candidates v18: eligible=1982, selected=1982, maxLights=4000, lightSections=375, capped=false
[02Aug2026 18:21:46.464] [Photonics Light List Compiler/INFO] [Photonics/]: Photonics light-list publication v88: coalescedBatches=15, peakPendingSections=135, remainingSections=0, deferredMs=34.420
[02Aug2026 18:21:46.465] [Render thread/INFO] [Photonics/]: Photonics light list pending: 1907 -> 1982
[02Aug2026 18:21:46.477] [Photonics Light List Compiler/INFO] [Photonics/]: Photonics light-list publication v88: coalescedBatches=3, peakPendingSections=7, remainingSections=0, deferredMs=1.329
[02Aug2026 18:21:46.528] [Photonics Light List Compiler/INFO] [Photonics/]: Photonics light-list publication v88: coalescedBatches=3, peakPendingSections=6, remainingSections=0, deferredMs=1.403
[02Aug2026 18:21:46.577] [Photonics Light List Compiler/INFO] [Photonics/]: Photonics light candidates v18: eligible=1983, selected=1983, maxLights=4000, lightSections=375, capped=false
[02Aug2026 18:21:46.578] [Photonics Light List Compiler/INFO] [Photonics/]: Photonics light-list publication v88: coalescedBatches=2, peakPendingSections=5, remainingSections=0, deferredMs=1.124
[02Aug2026 18:21:46.592] [Render thread/INFO] [Photonics/]: Photonics light list pending: 1982 -> 1983
[02Aug2026 18:21:46.752] [Photonics Light List Compiler/INFO] [Photonics/]: Photonics light candidates v18: eligible=2225, selected=2225, maxLights=4000, lightSections=447, capped=false
[02Aug2026 18:21:46.752] [Photonics Light List Compiler/INFO] [Photonics/]: Photonics light-list publication v88: coalescedBatches=19, peakPendingSections=224, remainingSections=0, deferredMs=81.755
[02Aug2026 18:21:46.753] [Render thread/INFO] [Photonics/]: Photonics light list pending: 1983 -> 2225
[02Aug2026 18:21:46.779] [Photonics Light List Compiler/INFO] [Photonics/]: Photonics light-list publication v88: coalescedBatches=3, peakPendingSections=10, remainingSections=0, deferredMs=2.865
[02Aug2026 18:21:46.829] [Photonics Light List Compiler/INFO] [Photonics/]: Photonics light candidates v18: eligible=2226, selected=2226, maxLights=4000, lightSections=447, capped=false
[02Aug2026 18:21:46.829] [Photonics Light List Compiler/INFO] [Photonics/]: Photonics light-list publication v88: coalescedBatches=4, peakPendingSections=11, remainingSections=0, deferredMs=2.620
[02Aug2026 18:21:46.842] [Render thread/INFO] [Photonics/]: Photonics light list pending: 2225 -> 2226
[02Aug2026 18:21:46.877] [Photonics Light List Compiler/INFO] [Photonics/]: Photonics light-list publication v88: coalescedBatches=2, peakPendingSections=5, remainingSections=0, deferredMs=0.790
[02Aug2026 18:21:46.885] [Photonic Chunk Compiler #1/INFO] [Photonics/]: Photonics voxel diagnostic: state=Block{minecraft:acacia_fence}[east=false,north=false,south=true,waterlogged=false,west=true] vertexHash=6807d0ab985f0b90 complete=true samples=694 alphaZero=0 alphaPartial=0 alphaOpaque=694 rgbMean=[165.7,89.0,49.6] rgbRange=[136-194,71-109,40-63] voxels=368 aabb=[0,0,6]-[9,15,15] parts=[( 0.000E+0  0.000E+0  0.000E+0)]
[02Aug2026 18:21:46.886] [Photonic Chunk Compiler #1/INFO] [Photonics/]: Photonics voxel occupancy: state=Block{minecraft:acacia_fence}[east=false,north=false,south=true,waterlogged=false,west=true] part=( 0.000E+0  0.000E+0  0.000E+0) slices=y0=0000/0000/0000/0000/0000/0000/03c0/03c0/03c0/03c0/0000/0000/0000/0000/0000/0000;y1=0000/0000/0000/0000/0000/0000/03c0/0240/0240/03c0/0000/0000/0000/0000/0000/0000;y2=0000/0000/0000/0000/0000/0000/03c0/0240/0240/03c0/0000/0000/0000/0000/0000/0000;y3=0000/0000/0000/0000/0000/0000/03c0/0240/0240/03c0/0000/0000/0000/0000/0000/0000;y4=0000/0000/0000/0000/0000/0000/03c0/0240/0240/03c0/0000/0000/0000/0000/0000/0000;y5=0000/0000/0000/0000/0000/0000/03c0/0240/0240/03c0/0000/0000/0000/0000/0000/0000;y6=0000/0000/0000/0000/0000/0000/03c0/03ff/03ff/03c0/0180/0180/0180/0180/0180/0180;y7=0000/0000/0000/0000/0000/0000/03c0/03ff/03ff/03c0/0180/0180/0180/0180/0180/0180;y8=0000/0000/0000/0000/0000/0000/03c0/03ff/03ff/03c0/0180/0180/0180/0180/0180/0180;y9=0000/0000/0000/0000/0000/0000/03c0/0240/0240/03c0/0000/0000/0000/0000/0000/0000;y10=0000/0000/0000/0000/0000/0000/03c0/0240/0240/03c0/0000/0000/0000/0000/0000/0000;y11=0000/0000/0000/0000/0000/0000/03c0/0240/0240/03c0/0000/0000/0000/0000/0000/0000;y12=0000/0000/0000/0000/0000/0000/03c0/03ff/03ff/03c0/0180/0180/0180/0180/0180/0180;y13=0000/0000/0000/0000/0000/0000/03c0/03ff/03ff/03c0/0180/0180/0180/0180/0180/0180;y14=0000/0000/0000/0000/0000/0000/03c0/03ff/03ff/03c0/0180/0180/0180/0180/0180/0180;y15=0000/0000/0000/0000/0000/0000/03c0/03c0/03c0/03c0/0000/0000/0000/0000/0000/0000
[02Aug2026 18:21:46.912] [Render thread/INFO] [Photonics/]: Photonics world tracing v72: revision=58, settled=false, compiledSections=148, trackedSections=1168, batchBuilt=1, batchUnloaded=0, pendingBuilds=3, pendingUnloads=0, ready=true, depth=6, blockBounds=( 1.120E+2  8.000E+1  1.120E+2)..( 2.560E+2  2.240E+2  2.720E+2), treeBounds=( 0.000E+0  0.000E+0  0.000E+0)..( 1.024E+3  1.024E+3  1.024E+3), origin=(-1.920E+2  0.000E+0 -1.920E+2), boundsSource=compiled, compileMs=4.241
[02Aug2026 18:21:46.926] [Photonics Light List Compiler/INFO] [Photonics/]: Photonics light-list publication v88: coalescedBatches=2, peakPendingSections=5, remainingSections=0, deferredMs=0.464
[02Aug2026 18:21:46.977] [Photonics Light List Compiler/INFO] [Photonics/]: Photonics light-list publication v88: coalescedBatches=2, peakPendingSections=5, remainingSections=0, deferredMs=0.554
[02Aug2026 18:21:47.029] [Photonics Light List Compiler/INFO] [Photonics/]: Photonics light-list publication v88: coalescedBatches=3, peakPendingSections=8, remainingSections=0, deferredMs=2.733
[02Aug2026 18:21:47.101] [Photonics Light List Compiler/INFO] [Photonics/]: Photonics light-list publication v88: coalescedBatches=4, peakPendingSections=8, remainingSections=0, deferredMs=2.493
[02Aug2026 18:21:47.217] [Photonics Light List Compiler/INFO] [Photonics/]: Photonics light candidates v18: eligible=2751, selected=2751, maxLights=4000, lightSections=502, capped=false
[02Aug2026 18:21:47.217] [Photonics Light List Compiler/INFO] [Photonics/]: Photonics light-list publication v88: coalescedBatches=22, peakPendingSections=184, remainingSections=0, deferredMs=109.875
[02Aug2026 18:21:47.217] [Render thread/INFO] [Photonics/]: Photonics light list pending: 2226 -> 2751
[02Aug2026 18:21:47.229] [Photonics Light List Compiler/INFO] [Photonics/]: Photonics light-list publication v88: coalescedBatches=3, peakPendingSections=13, remainingSections=0, deferredMs=2.065
[02Aug2026 18:21:47.282] [Photonics Light List Compiler/INFO] [Photonics/]: Photonics light-list publication v88: coalescedBatches=3, peakPendingSections=13, remainingSections=0, deferredMs=3.518
[02Aug2026 18:21:47.317] [Server thread/INFO] [net.minecraft.client.server.IntegratedServer/]: Saving and pausing game...
[02Aug2026 18:21:47.326] [Server thread/INFO] [net.minecraft.server.MinecraftServer/]: Saving chunks for level 'ServerLevel[New World]'/minecraft:overworld
[02Aug2026 18:21:47.326] [Server thread/INFO] [dev.ryanhcode.sable.Sable/]: Saving sub-levels for level 'ServerLevel[New World]'/minecraft:overworld
[02Aug2026 18:21:47.327] [Server thread/INFO] [net.minecraft.server.MinecraftServer/]: Saving chunks for level 'ServerLevel[New World]'/minecraft:the_end
[02Aug2026 18:21:47.327] [Server thread/INFO] [dev.ryanhcode.sable.Sable/]: Saving sub-levels for level 'ServerLevel[New World]'/minecraft:the_end
[02Aug2026 18:21:47.327] [Server thread/INFO] [net.minecraft.server.MinecraftServer/]: Saving chunks for level 'ServerLevel[New World]'/minecraft:the_nether
[02Aug2026 18:21:47.327] [Server thread/INFO] [dev.ryanhcode.sable.Sable/]: Saving sub-levels for level 'ServerLevel[New World]'/minecraft:the_nether
[02Aug2026 18:21:47.927] [Render thread/INFO] [Photonics/]: Photonics world tracing v72: revision=94, settled=false, compiledSections=239, trackedSections=1329, batchBuilt=1, batchUnloaded=0, pendingBuilds=1, pendingUnloads=0, ready=true, depth=6, blockBounds=( 1.120E+2  6.400E+1  9.600E+1)..( 2.720E+2  2.240E+2  2.720E+2), treeBounds=( 0.000E+0  0.000E+0  0.000E+0)..( 1.024E+3  1.024E+3  1.024E+3), origin=(-1.920E+2  0.000E+0 -1.920E+2), boundsSource=compiled, compileMs=7.375
[02Aug2026 18:21:48.076] [Netty Local Client IO #5/INFO] [dev.ryanhcode.sable.Sable/]: Client UDP channel inactive
[02Aug2026 18:21:48.076] [Render thread/INFO] [DistantHorizons-DistantHorizons-com.seibel.distanthorizons.core.api.internal.ClientApi/]: Client on ClientOnly mode disconnecting.
[02Aug2026 18:21:48.076] [Netty Local Client IO #5/INFO] [dev.ryanhcode.sable.Sable/]: Closed UDP channel!
[02Aug2026 18:21:48.077] [level shutdown/INFO] [DistantHorizons-DistantHorizons-com.seibel.distanthorizons.core.generation.queues.WorldGenerationQueue/]: Closing world gen queue
[02Aug2026 18:21:48.077] [level shutdown/INFO] [DistantHorizons-DistantHorizons-com.seibel.distanthorizons.core.generation.queues.WorldGenerationQueue/]: Closing world gen queue
[02Aug2026 18:21:48.077] [level shutdown/INFO] [DistantHorizons-DistantHorizons-com.seibel.distanthorizons.core.generation.queues.WorldGenerationQueue/]: Closing WorldGenerationQueue...
[02Aug2026 18:21:48.077] [level shutdown/INFO] [DistantHorizons-DistantHorizons-com.seibel.distanthorizons.core.generation.queues.WorldGenerationQueue/]: Closing WorldGenerationQueue...
[02Aug2026 18:21:48.077] [level shutdown/INFO] [DistantHorizons-DistantHorizons-com.seibel.distanthorizons.core.generation.queues.WorldGenerationQueue/]: Shutting down world generator thread pool...
[02Aug2026 18:21:48.077] [level shutdown/INFO] [DistantHorizons-DistantHorizons-com.seibel.distanthorizons.core.generation.queues.WorldGenerationQueue/]: Shutting down world generator thread pool...
[02Aug2026 18:21:48.077] [level shutdown/INFO] [DistantHorizons-DistantHorizons-com.seibel.distanthorizons.core.generation.queues.WorldGenerationQueue/]: World generator thread pool shutdown with [0] incomplete tasks.
[02Aug2026 18:21:48.077] [level shutdown/INFO] [DistantHorizons-DistantHorizons-com.seibel.distanthorizons.core.generation.queues.WorldGenerationQueue/]: World generator thread pool shutdown with [0] incomplete tasks.
[02Aug2026 18:21:48.077] [level shutdown/INFO] [DistantHorizons-DistantHorizons-com.seibel.distanthorizons.core.generation.BatchGenerator/]: [BatchGenerator] shutting down...
[02Aug2026 18:21:48.077] [level shutdown/INFO] [DistantHorizons-DistantHorizons-com.seibel.distanthorizons.core.generation.BatchGenerator/]: [BatchGenerator] shutting down...
[02Aug2026 18:21:48.077] [level shutdown/INFO] [DistantHorizons-LOD World Gen/]: Closing [BatchGenerationEnvironment_neoforge]
[02Aug2026 18:21:48.077] [level shutdown/INFO] [DistantHorizons-LOD World Gen/]: Closing [BatchGenerationEnvironment_neoforge]
[02Aug2026 18:21:48.077] [level shutdown/INFO] [DistantHorizons-DistantHorizons-com.seibel.distanthorizons.core.generation.queues.WorldGenerationQueue/]: Finished closing WorldGenerationQueue
[02Aug2026 18:21:48.077] [level shutdown/INFO] [DistantHorizons-DistantHorizons-com.seibel.distanthorizons.core.generation.queues.WorldGenerationQueue/]: Finished closing WorldGenerationQueue
[02Aug2026 18:21:48.077] [level shutdown/INFO] [DistantHorizons-DistantHorizons-com.seibel.distanthorizons.core.level.AbstractDhServerLevel/]: Closed DHLevel for [Wrapped{ServerLevel[New World]@minecraft:the_nether}].
[02Aug2026 18:21:48.077] [level shutdown/INFO] [DistantHorizons-DistantHorizons-com.seibel.distanthorizons.core.level.AbstractDhServerLevel/]: Closed DHLevel for [Wrapped{ServerLevel[New World]@minecraft:overworld}].
[02Aug2026 18:21:48.077] [level shutdown/INFO] [DistantHorizons-DistantHorizons-com.seibel.distanthorizons.core.level.AbstractDhServerLevel/]: Closed DhClientServerLevel for Wrapped{ServerLevel[New World]@minecraft:overworld}
[02Aug2026 18:21:48.077] [level shutdown/INFO] [DistantHorizons-DistantHorizons-com.seibel.distanthorizons.core.generation.queues.WorldGenerationQueue/]: Closing world gen queue
[02Aug2026 18:21:48.077] [level shutdown/INFO] [DistantHorizons-DistantHorizons-com.seibel.distanthorizons.core.level.AbstractDhServerLevel/]: Closed DhClientServerLevel for Wrapped{ServerLevel[New World]@minecraft:the_nether}
[02Aug2026 18:21:48.077] [level shutdown/INFO] [DistantHorizons-DistantHorizons-com.seibel.distanthorizons.core.generation.queues.WorldGenerationQueue/]: Closing WorldGenerationQueue...
[02Aug2026 18:21:48.077] [level shutdown/INFO] [DistantHorizons-DistantHorizons-com.seibel.distanthorizons.core.generation.queues.WorldGenerationQueue/]: Shutting down world generator thread pool...
[02Aug2026 18:21:48.077] [level shutdown/INFO] [DistantHorizons-DistantHorizons-com.seibel.distanthorizons.core.generation.queues.WorldGenerationQueue/]: World generator thread pool shutdown with [0] incomplete tasks.
[02Aug2026 18:21:48.077] [level shutdown/INFO] [DistantHorizons-DistantHorizons-com.seibel.distanthorizons.core.generation.BatchGenerator/]: [BatchGenerator] shutting down...
[02Aug2026 18:21:48.077] [level shutdown/INFO] [DistantHorizons-LOD World Gen/]: Closing [BatchGenerationEnvironment_neoforge]
[02Aug2026 18:21:48.078] [level shutdown/INFO] [DistantHorizons-DistantHorizons-com.seibel.distanthorizons.core.generation.queues.WorldGenerationQueue/]: Finished closing WorldGenerationQueue
[02Aug2026 18:21:48.078] [level shutdown/INFO] [DistantHorizons-DistantHorizons-com.seibel.distanthorizons.core.level.AbstractDhServerLevel/]: Closed DHLevel for [Wrapped{ServerLevel[New World]@minecraft:the_end}].
[02Aug2026 18:21:48.078] [level shutdown/INFO] [DistantHorizons-DistantHorizons-com.seibel.distanthorizons.core.level.AbstractDhServerLevel/]: Closed DhClientServerLevel for Wrapped{ServerLevel[New World]@minecraft:the_end}
[02Aug2026 18:21:48.078] [Render thread/INFO] [DistantHorizons-DistantHorizons-com.seibel.distanthorizons.core.world.AbstractDhWorld/]: Closed DhWorld of type [CLIENT_SERVER].
[02Aug2026 18:21:48.078] [level shutdown/INFO] [DistantHorizons-DistantHorizons-com.seibel.distanthorizons.core.level.AbstractDhServerLevel/]: Closed DHLevel for [Wrapped{ServerLevel[New World]@minecraft:overworld}].
[02Aug2026 18:21:48.078] [level shutdown/INFO] [DistantHorizons-DistantHorizons-com.seibel.distanthorizons.core.level.AbstractDhServerLevel/]: Closed DHLevel for [Wrapped{ServerLevel[New World]@minecraft:the_nether}].
[02Aug2026 18:21:48.078] [level shutdown/INFO] [DistantHorizons-DistantHorizons-com.seibel.distanthorizons.core.level.AbstractDhServerLevel/]: Closed DhClientServerLevel for Wrapped{ServerLevel[New World]@minecraft:overworld}
[02Aug2026 18:21:48.078] [level shutdown/INFO] [DistantHorizons-DistantHorizons-com.seibel.distanthorizons.core.level.AbstractDhServerLevel/]: Closed DHLevel for [Wrapped{ServerLevel[New World]@minecraft:the_end}].
[02Aug2026 18:21:48.078] [level shutdown/INFO] [DistantHorizons-DistantHorizons-com.seibel.distanthorizons.core.level.AbstractDhServerLevel/]: Closed DhClientServerLevel for Wrapped{ServerLevel[New World]@minecraft:the_nether}
[02Aug2026 18:21:48.078] [level shutdown/INFO] [DistantHorizons-DistantHorizons-com.seibel.distanthorizons.core.level.AbstractDhServerLevel/]: Closed DhClientServerLevel for Wrapped{ServerLevel[New World]@minecraft:the_end}
[02Aug2026 18:21:48.078] [Render thread/INFO] [DistantHorizons-DistantHorizons-com.seibel.distanthorizons.core.world.AbstractDhWorld/]: Closed DhWorld of type [CLIENT_SERVER].
[02Aug2026 18:21:48.078] [Render thread/INFO] [DistantHorizons-DistantHorizons-com.seibel.distanthorizons.core.util.threading.PriorityTaskPicker/]: Shutting down PriorityTaskPicker thread pool...
[02Aug2026 18:21:54.184] [Render thread/INFO] [DistantHorizons-DistantHorizons-com.seibel.distanthorizons.core.sql.repo.AbstractDhRepo/]: Closing all [9] database connections...
[02Aug2026 18:21:54.184] [Render thread/INFO] [DistantHorizons-DistantHorizons-com.seibel.distanthorizons.core.sql.repo.AbstractDhRepo/]: Closing database connection: [jdbc:dh_sqlite:/home/krzysztofkalisiak/.local/share/ModrinthApp/profiles/Create Aeronautics (1)/saves/New World (3)/DIM-1/data/DistantHorizons.sqlite]
[02Aug2026 18:21:54.190] [Render thread/INFO] [DistantHorizons-DistantHorizons-com.seibel.distanthorizons.core.sql.repo.AbstractDhRepo/]: Closing database connection: [jdbc:dh_sqlite:/home/krzysztofkalisiak/.local/share/ModrinthApp/profiles/Create Aeronautics (1)/saves/New World (3)/DIM1/data/DistantHorizons.sqlite]
[02Aug2026 18:21:54.194] [Render thread/INFO] [DistantHorizons-DistantHorizons-com.seibel.distanthorizons.core.sql.repo.AbstractDhRepo/]: Closing database connection: [jdbc:dh_sqlite:/home/krzysztofkalisiak/.local/share/ModrinthApp/profiles/Create Aeronautics (1)/saves/New World (3)/data/DistantHorizons.sqlite]
[02Aug2026 18:21:54.413] [Render thread/INFO] [xaero.hud.minimap.MinimapLogs/]: Xaero hud session finalized.
[02Aug2026 18:21:54.449] [Server thread/INFO] [net.minecraft.server.network.ServerGamePacketListenerImpl/]: Eutio lost connection: Disconnected
[02Aug2026 18:21:54.449] [Server thread/INFO] [net.minecraft.server.MinecraftServer/]: Eutio left the game
[02Aug2026 18:21:54.449] [Server thread/INFO] [DistantHorizons-DistantHorizons-com.seibel.distanthorizons.core.api.internal.ServerApi/]: Player [Eutio] disconnected.
[02Aug2026 18:21:54.457] [Server thread/INFO] [net.minecraft.server.network.ServerCommonPacketListenerImpl/]: Stopping singleplayer server as player logged out
[02Aug2026 18:21:54.469] [Server thread/INFO] [net.minecraft.server.MinecraftServer/]: Stopping server
[02Aug2026 18:21:54.469] [Server thread/INFO] [net.minecraft.server.MinecraftServer/]: Saving players
[02Aug2026 18:21:54.470] [Server thread/INFO] [net.minecraft.server.MinecraftServer/]: Saving worlds
[02Aug2026 18:21:54.738] [Server thread/INFO] [net.minecraft.server.MinecraftServer/]: Saving chunks for level 'ServerLevel[New World]'/minecraft:overworld
[02Aug2026 18:21:54.739] [Server thread/INFO] [dev.ryanhcode.sable.Sable/]: Saving sub-levels for level 'ServerLevel[New World]'/minecraft:overworld
[02Aug2026 18:21:55.291] [Server thread/INFO] [net.minecraft.server.MinecraftServer/]: Saving chunks for level 'ServerLevel[New World]'/minecraft:the_end
[02Aug2026 18:21:55.291] [Server thread/INFO] [dev.ryanhcode.sable.Sable/]: Saving sub-levels for level 'ServerLevel[New World]'/minecraft:the_end
[02Aug2026 18:21:55.300] [Server thread/INFO] [net.minecraft.server.MinecraftServer/]: Saving chunks for level 'ServerLevel[New World]'/minecraft:the_nether
[02Aug2026 18:21:55.300] [Server thread/INFO] [dev.ryanhcode.sable.Sable/]: Saving sub-levels for level 'ServerLevel[New World]'/minecraft:the_nether
[02Aug2026 18:21:55.312] [Server thread/INFO] [net.minecraft.server.MinecraftServer/]: ThreadedAnvilChunkStorage (New World (3)): All chunks are saved
[02Aug2026 18:21:55.312] [Server thread/INFO] [net.minecraft.server.MinecraftServer/]: ThreadedAnvilChunkStorage (DIM1): All chunks are saved
[02Aug2026 18:21:55.312] [Server thread/INFO] [net.minecraft.server.MinecraftServer/]: ThreadedAnvilChunkStorage (DIM-1): All chunks are saved
[02Aug2026 18:21:55.312] [Server thread/INFO] [net.minecraft.server.MinecraftServer/]: ThreadedAnvilChunkStorage: All dimensions are saved
[02Aug2026 18:21:55.365] [Render thread/INFO] [ChunkBuilder/]: Stopping worker threads
[02Aug2026 18:21:55.659] [Render thread/INFO] [net.minecraft.client.Minecraft/]: Stopping!
