[12:46:58] [main/INFO]: ModLauncher running: args [--username, Eutio, --version, 1.21.1, --gameDir, /home/krzysztofkalisiak/.local/share/ModrinthApp/profiles/Create Aeronautics (1), --assetsDir, /home/krzysztofkalisiak/.local/share/ModrinthApp/meta/assets, --assetIndex, 17, --uuid, daa1735b3ea84b2a94748a7aa356e30b, --accessToken, ❄❄❄❄❄❄❄❄, --clientId, c4502edb-87c6-40cb-b595-64a280cf8906, --xuid, 0, --userType, msa, --versionType, release, --width, 854, --height, 480, --fml.neoForgeVersion, 21.1.235, --fml.fmlVersion, 4.0.42, --fml.mcVersion, 1.21.1, --fml.neoFormVersion, 20240808.144430, --launchTarget, forgeclient]
[12:46:58] [main/INFO]: JVM identified as Azul Systems, Inc. OpenJDK 64-Bit Server VM 21.0.9+10-LTS
[12:46:58] [main/INFO]: ModLauncher 11.0.5+main.901c6ea8 starting: java version 21.0.9 by Azul Systems, Inc.; OS Linux arch amd64 version 7.0.0-28-generic
[12:46:58] [main/INFO]: Searching for graphics cards...
[12:46:58] [main/INFO]: Found graphics adapter: LinuxPciAdapterInfo[vendor=AMD, name=Navi 31 [Radeon RX 7900 XT/7900 XTX/7900 GRE/7900M], pciVendorId=0x1002, pciDeviceId=0x744c]
[12:46:58] [main/WARN]: Sodium has applied one or more workarounds to prevent crashes or other issues on your system: [NO_ERROR_CONTEXT_UNSUPPORTED]
[12:46:58] [main/WARN]: This is not necessarily an issue, but it may result in certain features or optimizations being disabled. You can sometimes fix these issues by upgrading your graphics driver.
[12:46:58] [main/INFO]: Loading ImmediateWindowProvider fmlearlywindow
[12:46:58] [main/INFO]: Trying GL version 4.6
[12:46:58] [main/INFO]: Requested GL version 4.6 got version 4.6
[12:46:58] [pool-2-thread-1/INFO]: GL info: AMD Radeon RX 7900 GRE (radeonsi, navi31, ACO, DRM 3.64, 7.0.0-28-generic) GL version 4.6 (Core Profile) Mesa 26.1.2 - kisak-mesa PPA, AMD
[12:46:58] [main/INFO]: SpongePowered MIXIN Subsystem Version=0.8.7 Source=union:/home/krzysztofkalisiak/.local/share/ModrinthApp/meta/libraries/net/fabricmc/sponge-mixin/0.15.2+mixin.0.8.7/sponge-mixin-0.15.2+mixin.0.8.7.jar%23170!/ Service=ModLauncher Env=CLIENT
[12:46:58] [main/INFO]: Found mod file "client-1.21.1-20240808.144430-srg.jar" [locator: production client provider +net.neoforged:neoforge:21.1.235:client]
[12:46:58] [main/INFO]: Found mod file "neoforge-21.1.235-universal.jar" [locator: PathBasedLocator[name=neoforge, paths=[/home/krzysztofkalisiak/.local/share/ModrinthApp/meta/libraries/net/neoforged/neoforge/21.1.235/neoforge-21.1.235-universal.jar]], reader: mod manifest]
[12:46:58] [main/INFO]: Found mod file "net.caffeinemc.sodium-neoforge-0.8.12+mc1.21.1-mod.jar" [locator: net.caffeinemc.mods.sodium.service.SodiumServiceModLocator@b273a59, reader: mod manifest]
[12:46:58] [main/INFO]: Found mod file "fabric-rendering-data-attachment-v1-0.3.48+73761d2e19.jar" [locator: net.caffeinemc.mods.sodium.service.SodiumServiceModLocator@b273a59, reader: mod manifest]
[12:46:58] [main/INFO]: Found mod file "fabric-renderer-api-v1-3.4.1+9125b6dc19.jar" [locator: net.caffeinemc.mods.sodium.service.SodiumServiceModLocator@b273a59, reader: mod manifest]
[12:46:58] [main/INFO]: Found mod file "fabric-block-view-api-v2-1.0.10+9afaaf8c19.jar" [locator: net.caffeinemc.mods.sodium.service.SodiumServiceModLocator@b273a59, reader: mod manifest]
[12:46:58] [main/INFO]: Found mod file "fabric-api-base-0.4.42+d1308ded19.jar" [locator: net.caffeinemc.mods.sodium.service.SodiumServiceModLocator@b273a59, reader: mod manifest]
[12:46:58] [main/INFO]: Found library file "~nonexistent" [locator: org.sinytra.connector.locator.ConnectorEarlyLocatorBootstrap@51671b08]
[12:46:58] [main/INFO]: Found mod file "contraption-lights-neoforge-1.21.1-1.2.0.jar" [locator: {mods folder locator at /home/krzysztofkalisiak/.local/share/ModrinthApp/profiles/Create Aeronautics (1)/mods}, reader: mod manifest]
[12:46:58] [main/INFO]: Found mod file "create-1.21.1-6.0.10.jar" [locator: {mods folder locator at /home/krzysztofkalisiak/.local/share/ModrinthApp/profiles/Create Aeronautics (1)/mods}, reader: mod manifest]
[12:46:58] [main/INFO]: Found mod file "create-aeronautics-bundled-1.21.1-1.3.0.jar" [locator: {mods folder locator at /home/krzysztofkalisiak/.local/share/ModrinthApp/profiles/Create Aeronautics (1)/mods}, reader: mod manifest]
[12:46:58] [main/INFO]: Found mod file "DistantHorizons-3.2.0-b-1.21.1-fabric-neoforge.jar" [locator: {mods folder locator at /home/krzysztofkalisiak/.local/share/ModrinthApp/profiles/Create Aeronautics (1)/mods}, reader: mod manifest]
[12:46:58] [main/INFO]: Found mod file "entityculling-neoforge-1.10.5-mc1.21.1.jar" [locator: {mods folder locator at /home/krzysztofkalisiak/.local/share/ModrinthApp/profiles/Create Aeronautics (1)/mods}, reader: mod manifest]
[12:46:58] [main/INFO]: Found mod file "ferritecore-7.0.3-neoforge.jar" [locator: {mods folder locator at /home/krzysztofkalisiak/.local/share/ModrinthApp/profiles/Create Aeronautics (1)/mods}, reader: mod manifest]
[12:46:58] [main/INFO]: Found mod file "forgified-fabric-api-0.116.14+2.3.0+1.21.1.jar" [locator: {mods folder locator at /home/krzysztofkalisiak/.local/share/ModrinthApp/profiles/Create Aeronautics (1)/mods}, reader: mod manifest]
[12:46:58] [main/INFO]: Found mod file "ImmediatelyFast-NeoForge-1.6.11+1.21.1.jar" [locator: {mods folder locator at /home/krzysztofkalisiak/.local/share/ModrinthApp/profiles/Create Aeronautics (1)/mods}, reader: mod manifest]
[12:46:58] [main/INFO]: Found mod file "iris-neoforge-1.8.14-beta.1+mc1.21.1.jar" [locator: {mods folder locator at /home/krzysztofkalisiak/.local/share/ModrinthApp/profiles/Create Aeronautics (1)/mods}, reader: mod manifest]
[12:46:58] [main/INFO]: Found mod file "irisveil-0.3.0.jar" [locator: {mods folder locator at /home/krzysztofkalisiak/.local/share/ModrinthApp/profiles/Create Aeronautics (1)/mods}, reader: mod manifest]
[12:46:58] [main/INFO]: Found mod file "lithium-neoforge-0.15.4+mc1.21.1.jar" [locator: {mods folder locator at /home/krzysztofkalisiak/.local/share/ModrinthApp/profiles/Create Aeronautics (1)/mods}, reader: mod manifest]
[12:46:58] [main/WARN]: Skipping jar. File mods/photonics-v88-temporal-upscaler-mc1.21.1.jar is a Fabric mod and cannot be loaded
[12:46:58] [main/INFO]: Found mod file "sable-neoforge-1.21.1-2.0.3.jar" [locator: {mods folder locator at /home/krzysztofkalisiak/.local/share/ModrinthApp/profiles/Create Aeronautics (1)/mods}, reader: mod manifest]
[12:46:58] [main/INFO]: Found mod file "searchlights-1.3.1.jar" [locator: {mods folder locator at /home/krzysztofkalisiak/.local/share/ModrinthApp/profiles/Create Aeronautics (1)/mods}, reader: mod manifest]
[12:46:58] [main/INFO]: Found mod file "simurail-1.21.1-0.0.0-a+b18d457.jar" [locator: {mods folder locator at /home/krzysztofkalisiak/.local/share/ModrinthApp/profiles/Create Aeronautics (1)/mods}, reader: mod manifest]
[12:46:58] [main/INFO]: Found mod file "xaerominimap-neoforge-1.21.1-26.4.2.jar" [locator: {mods folder locator at /home/krzysztofkalisiak/.local/share/ModrinthApp/profiles/Create Aeronautics (1)/mods}, reader: mod manifest]
[12:46:59] [main/WARN]: Attempted to select a dependency jar for JarJar which was passed in as source: fabric_renderer_api_v1. Using Mod File: 
[12:46:59] [main/WARN]: Attempted to select a dependency jar for JarJar which was passed in as source: fabric_block_view_api_v2. Using Mod File: 
[12:46:59] [main/WARN]: Attempted to select a dependency jar for JarJar which was passed in as source: library:net.fabricmc.loader. Using Mod File: /~nonexistent
[12:46:59] [main/WARN]: Attempted to select a dependency jar for JarJar which was passed in as source: fabric_api_base. Using Mod File: 
[12:46:59] [main/WARN]: Attempted to select a dependency jar for JarJar which was passed in as source: fabric_rendering_data_attachment_v1. Using Mod File: 
[12:46:59] [main/INFO]: Found 62 dependencies adding them to mods collection
[12:46:59] [main/INFO]: Found mod file "fabric-transfer-api-v1-5.4.4+6244b11119.jar" [parent: forgified-fabric-api-0.116.14+2.3.0+1.21.1.jar, locator: jarinjar, reader: mod manifest]
[12:46:59] [main/INFO]: Found library file "glsl-processor-0.2.3.jar" [parent: veil-neoforge-1.21.1-4.2.1.jar, locator: jarinjar]
[12:46:59] [main/INFO]: Found mod file "ponder-neoforge-1.0.82+mc1.21.1.jar" [parent: create-1.21.1-6.0.10.jar, locator: jarinjar, reader: mod manifest]
[12:46:59] [main/INFO]: Found mod file "fabric-item-api-v1-11.2.0+0c57911319.jar" [parent: forgified-fabric-api-0.116.14+2.3.0+1.21.1.jar, locator: jarinjar, reader: mod manifest]
[12:46:59] [main/INFO]: Found mod file "fabric-model-loading-api-v1-2.1.0+6e8f52c719.jar" [parent: forgified-fabric-api-0.116.14+2.3.0+1.21.1.jar, locator: jarinjar, reader: mod manifest]
[12:46:59] [main/INFO]: Found library file "net.neoforged.neoforge-coremods-21.1.235.jar" [parent: neoforge-21.1.235-universal.jar, locator: jarinjar, reader: mod manifest]
[12:46:59] [main/INFO]: Found mod file "fabric-rendering-fluids-v1-3.1.6+a51883b219.jar" [parent: forgified-fabric-api-0.116.14+2.3.0+1.21.1.jar, locator: jarinjar, reader: mod manifest]
[12:46:59] [main/INFO]: Found mod file "dev.eriksonn.aeronautics.aeronautics-neoforge-1.21.1-1.3.0.jar" [parent: create-aeronautics-bundled-1.21.1-1.3.0.jar, locator: jarinjar, reader: mod manifest]
[12:46:59] [main/INFO]: Found mod file "xaerolib-neoforge-1.21.1-1.7.1.jar" [parent: xaerominimap-neoforge-1.21.1-26.4.2.jar, locator: jarinjar, reader: mod manifest]
[12:46:59] [main/INFO]: Found mod file "fabric-screen-handler-api-v1-1.3.91+8dbc56dd19.jar" [parent: forgified-fabric-api-0.116.14+2.3.0+1.21.1.jar, locator: jarinjar, reader: mod manifest]
[12:46:59] [main/INFO]: Found mod file "fabric-resource-loader-v0-1.3.1+4ea8954419.jar" [parent: forgified-fabric-api-0.116.14+2.3.0+1.21.1.jar, locator: jarinjar, reader: mod manifest]
[12:46:59] [main/INFO]: Found mod file "TRender-1.0.15-1.21.1-neoforge-SNAPSHOT.jar" [parent: entityculling-neoforge-1.10.5-mc1.21.1.jar, locator: jarinjar, reader: mod manifest]
[12:46:59] [main/INFO]: Found gamelibrary file "yumi-commons-collections-1.0.0.jar" [parent: lambdynamiclights-api-4.8.8+1.21.1-mojmap.jar, locator: jarinjar, reader: mod manifest]
[12:46:59] [main/INFO]: Found mod file "fabric-rendering-v1-5.1.0+1a09bd5a19.jar" [parent: forgified-fabric-api-0.116.14+2.3.0+1.21.1.jar, locator: jarinjar, reader: mod manifest]
[12:46:59] [main/INFO]: Found mod file "fabric-renderer-indigo-1.7.1+9125b6dc19.jar" [parent: forgified-fabric-api-0.116.14+2.3.0+1.21.1.jar, locator: jarinjar, reader: mod manifest]
[12:46:59] [main/INFO]: Found mod file "fabric-convention-tags-v1-2.1.7+7f945d5b19.jar" [parent: forgified-fabric-api-0.116.14+2.3.0+1.21.1.jar, locator: jarinjar, reader: mod manifest]
[12:46:59] [main/INFO]: Found mod file "fabric-command-api-v2-2.2.28+36d727be19.jar" [parent: forgified-fabric-api-0.116.14+2.3.0+1.21.1.jar, locator: jarinjar, reader: mod manifest]
[12:46:59] [main/INFO]: Found mod file "fabric-convention-tags-v2-2.12.0+75d3639619.jar" [parent: forgified-fabric-api-0.116.14+2.3.0+1.21.1.jar, locator: jarinjar, reader: mod manifest]
[12:46:59] [main/INFO]: Found mod file "fabric-data-attachment-api-v1-1.4.7+26d408aa19.jar" [parent: forgified-fabric-api-0.116.14+2.3.0+1.21.1.jar, locator: jarinjar, reader: mod manifest]
[12:46:59] [main/INFO]: Found mod file "veil-neoforge-1.21.1-4.2.1.jar" [parent: searchlights-1.3.1.jar, locator: jarinjar, reader: mod manifest]
[12:46:59] [main/INFO]: Found mod file "dev.simulated_team.simulated.simulated-neoforge-1.21.1-1.3.0.jar" [parent: create-aeronautics-bundled-1.21.1-1.3.0.jar, locator: jarinjar, reader: mod manifest]
[12:46:59] [main/INFO]: Found gamelibrary file "yumi-commons-event-1.0.0.jar" [parent: lambdynamiclights-api-4.8.8+1.21.1-mojmap.jar, locator: jarinjar, reader: mod manifest]
[12:46:59] [main/INFO]: Found mod file "fabric-screen-api-v1-2.0.26+b4953c7419.jar" [parent: forgified-fabric-api-0.116.14+2.3.0+1.21.1.jar, locator: jarinjar, reader: mod manifest]
[12:46:59] [main/INFO]: Found library file "molang-compiler-3.1.1.19.jar" [parent: veil-neoforge-1.21.1-4.2.1.jar, locator: jarinjar]
[12:46:59] [main/INFO]: Found library file "Reflect-1.6.2.jar" [parent: ImmediatelyFast-NeoForge-1.6.11+1.21.1.jar, locator: jarinjar]
[12:46:59] [main/INFO]: Found mod file "fabric-particles-v1-4.0.2+824f924c19.jar" [parent: forgified-fabric-api-0.116.14+2.3.0+1.21.1.jar, locator: jarinjar, reader: mod manifest]
[12:46:59] [main/INFO]: Found mod file "fabric-content-registries-v0-8.0.19+5e0d320019.jar" [parent: forgified-fabric-api-0.116.14+2.3.0+1.21.1.jar, locator: jarinjar, reader: mod manifest]
[12:46:59] [main/INFO]: Found mod file "fabric-transitive-access-wideners-v1-6.2.0+6c854b6f19.jar" [parent: forgified-fabric-api-0.116.14+2.3.0+1.21.1.jar, locator: jarinjar, reader: mod manifest]
[12:46:59] [main/INFO]: Found mod file "dev.ryanhcode.offroad.offroad-neoforge-1.21.1-1.3.0.jar" [parent: create-aeronautics-bundled-1.21.1-1.3.0.jar, locator: jarinjar, reader: mod manifest]
[12:46:59] [main/INFO]: Found gamelibrary file "mixinextras-neoforge-0.5.3.jar" [parent: neoforge-21.1.235-universal.jar, locator: jarinjar, reader: mod manifest]
[12:46:59] [main/INFO]: Found gamelibrary file "yumi-commons-core-1.0.0.jar" [parent: lambdynamiclights-api-4.8.8+1.21.1-mojmap.jar, locator: jarinjar, reader: mod manifest]
[12:46:59] [main/INFO]: Found mod file "fabric-game-rule-api-v1-1.0.53+36d727be19.jar" [parent: forgified-fabric-api-0.116.14+2.3.0+1.21.1.jar, locator: jarinjar, reader: mod manifest]
[12:46:59] [main/INFO]: Found mod file "fabric-api-lookup-api-v1-1.6.72+6244b11119.jar" [parent: forgified-fabric-api-0.116.14+2.3.0+1.21.1.jar, locator: jarinjar, reader: mod manifest]
[12:46:59] [main/INFO]: Found mod file "fabric-blockrenderlayer-v1-1.1.52+c290471319.jar" [parent: forgified-fabric-api-0.116.14+2.3.0+1.21.1.jar, locator: jarinjar, reader: mod manifest]
[12:46:59] [main/INFO]: Found gamelibrary file "dev.ryanhcode.sable.sable-sable_rapier-1.21.1-2.0.3.jar" [parent: sable-neoforge-1.21.1-2.0.3.jar, locator: jarinjar, reader: mod manifest]
[12:46:59] [main/INFO]: Found mod file "fabric-block-api-v1-1.1.0+b0c22bb819.jar" [parent: forgified-fabric-api-0.116.14+2.3.0+1.21.1.jar, locator: jarinjar, reader: mod manifest]
[12:46:59] [main/INFO]: Found mod file "fabric-resource-conditions-api-v1-4.3.0+5bdd099819.jar" [parent: forgified-fabric-api-0.116.14+2.3.0+1.21.1.jar, locator: jarinjar, reader: mod manifest]
[12:46:59] [main/INFO]: Found library file "jcpp-1.4.14.jar" [parent: iris-neoforge-1.8.14-beta.1+mc1.21.1.jar, locator: jarinjar]
[12:46:59] [main/INFO]: Found library file "glsl-transformer-3.0.0-pre3.jar" [parent: iris-neoforge-1.8.14-beta.1+mc1.21.1.jar, locator: jarinjar]
[12:46:59] [main/INFO]: Found mod file "sable-companion-common-1.21.1-1.6.0.jar" [parent: sable-neoforge-1.21.1-2.0.3.jar, locator: jarinjar, reader: mod manifest]
[12:46:59] [main/INFO]: Found mod file "flywheel-neoforge-1.21.1-1.0.6.jar" [parent: create-1.21.1-6.0.10.jar, locator: jarinjar, reader: mod manifest]
[12:46:59] [main/INFO]: Found mod file "fabric-item-group-api-v1-4.1.7+e324903319.jar" [parent: forgified-fabric-api-0.116.14+2.3.0+1.21.1.jar, locator: jarinjar, reader: mod manifest]
[12:46:59] [main/INFO]: Found mod file "fabric-gametest-api-v1-2.0.5+29f188ce19.jar" [parent: forgified-fabric-api-0.116.14+2.3.0+1.21.1.jar, locator: jarinjar, reader: mod manifest]
[12:46:59] [main/INFO]: Found mod file "fabric-biome-api-v1-13.0.31+1e62d33c19.jar" [parent: forgified-fabric-api-0.116.14+2.3.0+1.21.1.jar, locator: jarinjar, reader: mod manifest]
[12:46:59] [main/INFO]: Found mod file "fabric-entity-events-v1-1.8.0+e46a02ca19.jar" [parent: forgified-fabric-api-0.116.14+2.3.0+1.21.1.jar, locator: jarinjar, reader: mod manifest]
[12:46:59] [main/INFO]: Found mod file "fabric-registry-sync-v0-5.3.2+f9aace1619.jar" [parent: forgified-fabric-api-0.116.14+2.3.0+1.21.1.jar, locator: jarinjar, reader: mod manifest]
[12:46:59] [main/INFO]: Found mod file "lambdynamiclights-api-4.8.8+1.21.1-mojmap.jar" [parent: searchlights-1.3.1.jar, locator: jarinjar, reader: mod manifest]
[12:46:59] [main/INFO]: Found mod file "fabric-recipe-api-v1-5.0.16+59440bcc19.jar" [parent: forgified-fabric-api-0.116.14+2.3.0+1.21.1.jar, locator: jarinjar, reader: mod manifest]
[12:46:59] [main/INFO]: Found mod file "fabric-object-builder-api-v1-15.2.1+cc242efd19.jar" [parent: forgified-fabric-api-0.116.14+2.3.0+1.21.1.jar, locator: jarinjar, reader: mod manifest]
[12:46:59] [main/INFO]: Found mod file "fabric-loot-api-v2-3.0.15+a3ee712d19.jar" [parent: forgified-fabric-api-0.116.14+2.3.0+1.21.1.jar, locator: jarinjar, reader: mod manifest]
[12:46:59] [main/INFO]: Found mod file "fabric-loot-api-v3-1.0.3+333dfad919.jar" [parent: forgified-fabric-api-0.116.14+2.3.0+1.21.1.jar, locator: jarinjar, reader: mod manifest]
[12:46:59] [main/INFO]: Found mod file "TRansition-1.0.21-1.21.1-neoforge-SNAPSHOT.jar" [parent: entityculling-neoforge-1.10.5-mc1.21.1.jar, locator: jarinjar, reader: mod manifest]
[12:46:59] [main/INFO]: Found mod file "fabric-networking-api-v1-4.3.1+30a980d919.jar" [parent: forgified-fabric-api-0.116.14+2.3.0+1.21.1.jar, locator: jarinjar, reader: mod manifest]
[12:46:59] [main/INFO]: Found gamelibrary file "Registrate-MC1.21-1.3.0+67.jar" [parent: create-1.21.1-6.0.10.jar, locator: jarinjar, reader: mod manifest]
[12:46:59] [main/INFO]: Found mod file "fabric-sound-api-v1-1.0.23+10b84f8419.jar" [parent: forgified-fabric-api-0.116.14+2.3.0+1.21.1.jar, locator: jarinjar, reader: mod manifest]
[12:46:59] [main/INFO]: Found mod file "fabric-message-api-v1-6.0.14+6a754fce19.jar" [parent: forgified-fabric-api-0.116.14+2.3.0+1.21.1.jar, locator: jarinjar, reader: mod manifest]
[12:46:59] [main/INFO]: Found mod file "fabric-lifecycle-events-v1-2.6.0+e40d8add19.jar" [parent: forgified-fabric-api-0.116.14+2.3.0+1.21.1.jar, locator: jarinjar, reader: mod manifest]
[12:46:59] [main/INFO]: Found mod file "fabric-tag-api-v1-1.3.0+3e2bcb4b19.jar" [parent: forgified-fabric-api-0.116.14+2.3.0+1.21.1.jar, locator: jarinjar, reader: mod manifest]
[12:46:59] [main/INFO]: Found mod file "fabric-data-generation-api-v1-20.3.0+3e2bcb4b19.jar" [parent: forgified-fabric-api-0.116.14+2.3.0+1.21.1.jar, locator: jarinjar, reader: mod manifest]
[12:46:59] [main/INFO]: Found mod file "fabric-events-interaction-v0-0.7.14+86e0887119.jar" [parent: forgified-fabric-api-0.116.14+2.3.0+1.21.1.jar, locator: jarinjar, reader: mod manifest]
[12:46:59] [main/INFO]: Found mod file "fabric-key-binding-api-v1-1.0.47+62cc7ce119.jar" [parent: forgified-fabric-api-0.116.14+2.3.0+1.21.1.jar, locator: jarinjar, reader: mod manifest]
[12:46:59] [main/INFO]: Found mod file "fabric-client-tags-api-v1-1.2.0+5adff2d719.jar" [parent: forgified-fabric-api-0.116.14+2.3.0+1.21.1.jar, locator: jarinjar, reader: mod manifest]
[12:46:59] [main/INFO]: Dependency resolution found 1 candidates to load
[12:46:59] [main/INFO]: Found mod file "photonics-v88-temporal-upscaler-mc1.21.1_mapped_moj_1.21.1.jar" [locator: org.sinytra.connector.locator.ConnectorLocator@62b3df3a]
[12:46:59] [main/INFO]: Found 2 dependencies adding them to mods collection
[12:46:59] [main/INFO]: Found mod file "org.sinytra.connector-2.0.0-beta.15+1.21.1-mod.jar" [parent: , locator: org.sinytra.connector.locator.ConnectorLocator@62b3df3a, reader: mod manifest]
[12:46:59] [main/INFO]: Found gamelibrary file "runtime-1.0.0+1.21.1.jar" [parent: , locator: org.sinytra.connector.locator.ConnectorLocator@62b3df3a, reader: mod manifest]
[12:46:59] [main/INFO]: 
     Mod List:
		Name Version (Mod Id)

		Contraption Lights 1.2.0 (contraptionlights)
		Create 6.0.10 (create)
		Create Aeronautics 1.3.0 (aeronautics)
		Create Aeronautics 1.3.0 (aeronautics_bundled)
		Create Offroad 1.3.0 (offroad)
		Create Simulated 1.3.0 (simulated)
		Create Simurail 0.0.0-a+b18d457 (simurail)
		Distant Horizons 3.2.0-b (distanthorizons)
		EntityCulling 1.10.5 (entityculling)
		Ferrite Core 7.0.3 (ferritecore)
		Flywheel 1.0.6 (flywheel)
		Forgified Fabric API 0.116.14+2.3.0+1.21.1 (fabric_api)
		Forgified Fabric API Base 0.4.42+d1308ded19 (fabric_api_base)
		Forgified Fabric API Lookup API (v1) 1.6.72+6244b11119 (fabric_api_lookup_api_v1)
		Forgified Fabric Biome API (v1) 13.0.31+1e62d33c19 (fabric_biome_api_v1)
		Forgified Fabric Block API (v1) 1.1.0+b0c22bb819 (fabric_block_api_v1)
		Forgified Fabric BlockRenderLayer Registration (v1) 1.1.52+c290471319 (fabric_blockrenderlayer_v1)
		Forgified Fabric BlockView API (v2) 1.0.10+9afaaf8c19 (fabric_block_view_api_v2)
		Forgified Fabric Client Tags 1.2.0+5adff2d719 (fabric_client_tags_api_v1)
		Forgified Fabric Command API (v2) 2.2.28+36d727be19 (fabric_command_api_v2)
		Forgified Fabric Content Registries (v0) 8.0.19+5e0d320019 (fabric_content_registries_v0)
		Forgified Fabric Convention Tags 2.1.7+7f945d5b19 (fabric_convention_tags_v1)
		Forgified Fabric Convention Tags (v2) 2.12.0+75d3639619 (fabric_convention_tags_v2)
		Forgified Fabric Data Attachment API (v1) 1.4.7+26d408aa19 (fabric_data_attachment_api_v1)
		Forgified Fabric Data Generation API (v1) 20.3.0+3e2bcb4b19 (fabric_data_generation_api_v1)
		Forgified Fabric Entity Events (v1) 1.8.0+e46a02ca19 (fabric_entity_events_v1)
		Forgified Fabric Events Interaction (v0) 0.7.14+86e0887119 (fabric_events_interaction_v0)
		Forgified Fabric Game Rule API (v1) 1.0.53+36d727be19 (fabric_game_rule_api_v1)
		Forgified Fabric Game Test API (v1) 2.0.5+29f188ce19 (fabric_gametest_api_v1)
		Forgified Fabric Item API (v1) 11.2.0+0c57911319 (fabric_item_api_v1)
		Forgified Fabric Item Group API (v1) 4.1.7+e324903319 (fabric_item_group_api_v1)
		Forgified Fabric Key Binding API (v1) 1.0.47+62cc7ce119 (fabric_key_binding_api_v1)
		Forgified Fabric Lifecycle Events (v1) 2.6.0+e40d8add19 (fabric_lifecycle_events_v1)
		Forgified Fabric Loot API (v2) 3.0.15+a3ee712d19 (fabric_loot_api_v2)
		Forgified Fabric Loot API (v3) 1.0.3+333dfad919 (fabric_loot_api_v3)
		Forgified Fabric Message API (v1) 6.0.14+6a754fce19 (fabric_message_api_v1)
		Forgified Fabric Model Loading API (v1) 2.1.0+6e8f52c719 (fabric_model_loading_api_v1)
		Forgified Fabric Networking API (v1) 4.3.1+30a980d919 (fabric_networking_api_v1)
		Forgified Fabric Object Builder API (v1) 15.2.1+cc242efd19 (fabric_object_builder_api_v1)
		Forgified Fabric Particles (v1) 4.0.2+824f924c19 (fabric_particles_v1)
		Forgified Fabric Recipe API (v1) 5.0.16+59440bcc19 (fabric_recipe_api_v1)
		Forgified Fabric Registry Sync (v0) 5.3.2+f9aace1619 (fabric_registry_sync_v0)
		Forgified Fabric Renderer - Indigo 1.7.1+9125b6dc19 (fabric_renderer_indigo)
		Forgified Fabric Renderer API (v1) 3.4.1+9125b6dc19 (fabric_renderer_api_v1)
		Forgified Fabric Rendering (v1) 5.1.0+1a09bd5a19 (fabric_rendering_v1)
		Forgified Fabric Rendering Data Attachment (v1) 0.3.48+73761d2e19 (fabric_rendering_data_attachment_v1)
		Forgified Fabric Rendering Fluids (v1) 3.1.6+a51883b219 (fabric_rendering_fluids_v1)
		Forgified Fabric Resource Conditions API (v1) 4.3.0+5bdd099819 (fabric_resource_conditions_api_v1)
		Forgified Fabric Resource Loader (v0) 1.3.1+4ea8954419 (fabric_resource_loader_v0)
		Forgified Fabric Screen API (v1) 2.0.26+b4953c7419 (fabric_screen_api_v1)
		Forgified Fabric Screen Handler API (v1) 1.3.91+8dbc56dd19 (fabric_screen_handler_api_v1)
		Forgified Fabric Sound API (v1) 1.0.23+10b84f8419 (fabric_sound_api_v1)
		Forgified Fabric Tag API (v1) 1.3.0+3e2bcb4b19 (fabric_tag_api_v1)
		Forgified Fabric Transfer API (v1) 5.4.4+6244b11119 (fabric_transfer_api_v1)
		Forgified Fabric Transitive Access Wideners (v1) 6.2.0+6c854b6f19 (fabric_transitive_access_wideners_v1)
		ImmediatelyFast 1.6.11+1.21.1 (immediatelyfast)
		Iris 1.8.14-beta.1+mc1.21.1 (iris)
		Iris Veil Compat 0.3.0 (irisveil)
		LambDynamicLights (API) 4.8.8+1.21.1 (lambdynlights_api)
		Lithium 0.15.4+mc1.21.1 (lithium)
		Minecraft 1.21.1 (minecraft)
		NeoForge 21.1.235 (neoforge)
		Photonics 0.4.0_1.21.1 (photonics)
		Ponder 1.0.82+mc1.21.1 (ponder)
		Sable 2.0.3 (sable)
		Sable Companion 1.6.0 (sablecompanion)
		SearchLights 1.3.1 (searchlights)
		Sinytra Connector 2.0.0-beta.15+1.21.1 (connector)
		Sodium 0.8.12+mc1.21.1 (sodium)
		TRansition 1.0.21 (transition)
		TRender 1.0.15 (trender)
		Veil 4.2.1 (veil)
		Xaero's Minimap 26.4.2 (xaerominimap)
		XaeroLib 1.7.1 (xaerolib)
[12:46:59] [main/INFO]: Successfully made module authlib transformable
[12:46:59] [main/INFO]: Successfully made module brigadier transformable
[12:46:59] [main/INFO]: Loading coremod script-engine for [xaerominimap]
[12:46:59] [main/INFO]: Compatibility level set to JAVA_17
[12:46:59] [main/INFO]: Compatibility level set to JAVA_21
[12:46:59] [main/INFO]: Launching target 'forgeclient' with arguments [--version, 1.21.1, --gameDir, /home/krzysztofkalisiak/.local/share/ModrinthApp/profiles/Create Aeronautics (1), --assetsDir, /home/krzysztofkalisiak/.local/share/ModrinthApp/meta/assets, --uuid, daa1735b3ea84b2a94748a7aa356e30b, --username, Eutio, --assetIndex, 17, --accessToken, ❄❄❄❄❄❄❄❄, --clientId, c4502edb-87c6-40cb-b595-64a280cf8906, --xuid, 0, --userType, msa, --versionType, release, --width, 854, --height, 480]
[12:46:59] [main/INFO]: Option 'mixin.experimental.entity.block_caching.suffocation' requires 'mixin.util.block_tracking=true' but found 'false'. Setting 'mixin.experimental.entity.block_caching.suffocation=false'.
[12:46:59] [main/INFO]: Option 'mixin.experimental.entity.block_caching.block_support' requires 'mixin.util.block_tracking=true' but found 'false'. Setting 'mixin.experimental.entity.block_caching.block_support=false'.
[12:46:59] [main/INFO]: Option 'mixin.experimental.entity.block_caching.block_touching' requires 'mixin.util.block_tracking=true' but found 'false'. Setting 'mixin.experimental.entity.block_caching.block_touching=false'.
[12:46:59] [main/INFO]: Option 'mixin.experimental.entity.block_caching' requires 'mixin.util.block_tracking=true' but found 'false'. Setting 'mixin.experimental.entity.block_caching=false'.
[12:46:59] [main/INFO]: Loaded configuration file for Lithium: 148 options available, 4 override(s) found
[12:46:59] [main/WARN]: Reference map 'aeronautics.refmap.json' for aeronautics.mixins.json could not be read. If this is a development environment you can ignore this message
[12:46:59] [main/WARN]: Reference map 'xaerolib.refmap.json' for xaerolib.mixins.json could not be read. If this is a development environment you can ignore this message
[12:46:59] [main/WARN]: Reference map 'iris.refmap.json' for mixins.iris.json could not be read. If this is a development environment you can ignore this message
[12:46:59] [main/WARN]: Reference map 'iris.refmap.json' for mixins.iris.fantastic.json could not be read. If this is a development environment you can ignore this message
[12:46:59] [main/WARN]: Reference map 'iris.refmap.json' for mixins.iris.vertexformat.json could not be read. If this is a development environment you can ignore this message
[12:46:59] [main/WARN]: Reference map 'iris.refmap.json' for iris-batched-entity-rendering.mixins.json could not be read. If this is a development environment you can ignore this message
[12:46:59] [main/WARN]: Reference map 'iris.refmap.json' for mixins.iris.compat.sodium.json could not be read. If this is a development environment you can ignore this message
[12:47:00] [main/WARN]: Reference map 'simulated.refmap.json' for simulated.mixins.json could not be read. If this is a development environment you can ignore this message
[12:47:00] [main/INFO]: Loaded configuration file for Sodium: 45 options available, 1 override(s) found
[12:47:00] [main/WARN]: Reference map 'offroad.refmap.json' for offroad.mixins.json could not be read. If this is a development environment you can ignore this message
[12:47:00] [main/WARN]: Reference map 'ponder.refmap.json' for ponder-common.mixins.json could not be read. If this is a development environment you can ignore this message
[12:47:00] [main/INFO]: Using Sodium renderer mixins
[12:47:00] [main/INFO]: Using Sodium renderer mixins
[12:47:00] [main/WARN]: Reference map 'xaerominimap.refmap.json' for xaerohud.mixins.json could not be read. If this is a development environment you can ignore this message
[12:47:00] [main/WARN]: Reference map 'xaerominimap.refmap.json' for xaerominimap.mixins.json could not be read. If this is a development environment you can ignore this message
[12:47:00] [main/WARN]: Reference map 'entityculling.refmap.mixins.json' for entityculling.mixins.json could not be read. If this is a development environment you can ignore this message
[12:47:00] [main/WARN]: Reference map '${refmap_target}refmap.json' for ferritecore.predicates.mixin.json could not be read. If this is a development environment you can ignore this message
[12:47:00] [main/WARN]: Reference map '${refmap_target}refmap.json' for ferritecore.fastmap.mixin.json could not be read. If this is a development environment you can ignore this message
[12:47:00] [main/WARN]: Reference map '${refmap_target}refmap.json' for ferritecore.mrl.mixin.json could not be read. If this is a development environment you can ignore this message
[12:47:00] [main/WARN]: Reference map '${refmap_target}refmap.json' for ferritecore.dedupmultipart.mixin.json could not be read. If this is a development environment you can ignore this message
[12:47:00] [main/WARN]: Reference map '${refmap_target}refmap.json' for ferritecore.blockstatecache.mixin.json could not be read. If this is a development environment you can ignore this message
[12:47:00] [main/WARN]: Reference map '${refmap_target}refmap.json' for ferritecore.dedupbakedquad.mixin.json could not be read. If this is a development environment you can ignore this message
[12:47:00] [main/WARN]: Reference map '${refmap_target}refmap.json' for ferritecore.threaddetec.mixin.json could not be read. If this is a development environment you can ignore this message
[12:47:00] [main/WARN]: Reference map '${refmap_target}refmap.json' for ferritecore.modelsides.mixin.json could not be read. If this is a development environment you can ignore this message
[12:47:00] [main/WARN]: Reference map '${refmap_target}refmap.json' for ferritecore.datacomponents.mixin.json could not be read. If this is a development environment you can ignore this message
[12:47:00] [main/WARN]: Reference map '${refmap_target}refmap.json' for ferritecore.accessors.mixin.json could not be read. If this is a development environment you can ignore this message
[12:47:00] [main/WARN]: Reference map '' for adapter.init.mixins.json could not be read. If this is a development environment you can ignore this message
[12:47:00] [main/INFO]: Force-disabling mixin 'entity.collisions.unpushable_cramming.EntityMixin' as rule 'mixin.entity.collisions.unpushable_cramming' (added by mods [sable]) disables it and children
[12:47:00] [main/INFO]: Force-disabling mixin 'entity.collisions.unpushable_cramming.EntitySectionMixin' as rule 'mixin.entity.collisions.unpushable_cramming' (added by mods [sable]) disables it and children
[12:47:00] [main/INFO]: Force-disabling mixin 'entity.collisions.unpushable_cramming.EntitySelectorMixin' as rule 'mixin.entity.collisions.unpushable_cramming' (added by mods [sable]) disables it and children
[12:47:00] [main/INFO]: Force-disabling mixin 'entity.collisions.unpushable_cramming.LivingEntityMixin' as rule 'mixin.entity.collisions.unpushable_cramming' (added by mods [sable]) disables it and children
[12:47:00] [main/INFO]: Force-disabling mixin 'world.chunk_access.ChunkHolderMixin' as rule 'mixin.world.chunk_access' (added by mods [sable]) disables it and children
[12:47:00] [main/INFO]: Force-disabling mixin 'world.chunk_access.GenerationChunkHolderAccessor' as rule 'mixin.world.chunk_access' (added by mods [sable]) disables it and children
[12:47:00] [main/INFO]: Force-disabling mixin 'world.chunk_access.LevelMixin' as rule 'mixin.world.chunk_access' (added by mods [sable]) disables it and children
[12:47:00] [main/INFO]: Force-disabling mixin 'world.chunk_access.ServerChunkCacheMixin' as rule 'mixin.world.chunk_access' (added by mods [sable]) disables it and children
[12:47:00] [main/INFO]: Force-disabling mixin 'world.chunk_ticking.spread_ice.BiomeMixin' as rule 'mixin.world.chunk_ticking' (added by mods [sable]) disables it and children
[12:47:00] [main/INFO]: Force-disabling mixin 'world.tick_scheduler.LevelChunkTicksMixin' as rule 'mixin.world.tick_scheduler' (added by mods [sable]) disables it and children
[12:47:00] [main/WARN]: Error loading class: com/portingdeadmods/cable_facades/events/GameClientEvents$2 (java.lang.ClassNotFoundException: com.portingdeadmods.cable_facades.events.GameClientEvents$2)
[12:47:00] [main/WARN]: Error loading class: com/direwolf20/justdirethings/client/renderers/OurRenderTypes (java.lang.ClassNotFoundException: com.direwolf20.justdirethings.client.renderers.OurRenderTypes)
[12:47:00] [main/WARN]: Error loading class: mekanism/client/render/entity/RenderFlame (java.lang.ClassNotFoundException: mekanism.client.render.entity.RenderFlame)
[12:47:00] [main/WARN]: Error loading class: mekanism/client/render/armor/MekaSuitArmor (java.lang.ClassNotFoundException: mekanism.client.render.armor.MekaSuitArmor)
[12:47:00] [main/WARN]: Error loading class: mekanism/client/render/lib/effect/BillboardingEffectRenderer (java.lang.ClassNotFoundException: mekanism.client.render.lib.effect.BillboardingEffectRenderer)
[12:47:00] [main/WARN]: Error loading class: blusunrize/immersiveengineering/client/utils/IEGLShaders (java.lang.ClassNotFoundException: blusunrize.immersiveengineering.client.utils.IEGLShaders)
[12:47:00] [main/WARN]: Error loading class: mezz/jei/library/plugins/vanilla/ingredients/ItemStackListFactory (java.lang.ClassNotFoundException: mezz.jei.library.plugins.vanilla.ingredients.ItemStackListFactory)
[12:47:00] [main/INFO]: Immersive Portals not present, skipping DH compatibility mixin.
[12:47:00] [main/WARN]: Force-disabling mixin 'features.render.world.sky.ClientLevelMixin' as rule 'mixin.features.render.world.sky' (added by mods [iris]) disables it and children
[12:47:00] [main/WARN]: Force-disabling mixin 'features.render.world.sky.FogRendererMixin' as rule 'mixin.features.render.world.sky' (added by mods [iris]) disables it and children
[12:47:00] [main/WARN]: Force-disabling mixin 'features.render.world.sky.LevelRendererMixin' as rule 'mixin.features.render.world.sky' (added by mods [iris]) disables it and children
[12:47:00] [main/WARN]: Error loading class: org/jetbrains/annotations/ApiStatus$ScheduledForRemoval (java.lang.ClassNotFoundException: org.jetbrains.annotations.ApiStatus$ScheduledForRemoval)
[12:47:00] [main/INFO]: Initializing MixinExtras via com.llamalad7.mixinextras.service.MixinExtrasServiceImpl(version=0.5.3).
[27Jul2026 12:47:01.575] [Datafixer Bootstrap/INFO] [com.mojang.datafixers.DataFixerBuilder/]: 229 Datafixer optimizations took 111 milliseconds
[27Jul2026 12:47:04.116] [Render thread/WARN] [net.minecraft.server.packs.VanillaPackResourcesBuilder/]: Assets URL 'union:/home/krzysztofkalisiak/.local/share/ModrinthApp/meta/libraries/net/minecraft/client/1.21.1-20240808.144430/client-1.21.1-20240808.144430-srg.jar%23214!/assets/.mcassetsroot' uses unexpected schema
[27Jul2026 12:47:04.116] [Render thread/WARN] [net.minecraft.server.packs.VanillaPackResourcesBuilder/]: Assets URL 'union:/home/krzysztofkalisiak/.local/share/ModrinthApp/meta/libraries/net/minecraft/client/1.21.1-20240808.144430/client-1.21.1-20240808.144430-srg.jar%23214!/data/.mcassetsroot' uses unexpected schema
[27Jul2026 12:47:04.131] [Render thread/INFO] [com.mojang.authlib.yggdrasil.YggdrasilAuthenticationService/]: Environment: Environment[sessionHost=https://sessionserver.mojang.com, servicesHost=https://api.minecraftservices.com, name=PROD]
[27Jul2026 12:47:04.135] [Render thread/INFO] [net.minecraft.client.Minecraft/]: Setting user: Eutio
[27Jul2026 12:47:04.147] [Render thread/INFO] [Photonics/]: Reloading config
[27Jul2026 12:47:04.159] [Render thread/INFO] [Photonics/]: Photonics light registry contains 127 light definitions for 98 blocks
[27Jul2026 12:47:04.201] [Render thread/INFO] [Iris/]: Queuing DH event binding...
[27Jul2026 12:47:04.259] [Render thread/INFO] [net.minecraft.client.Minecraft/]: Backend library: LWJGL version 3.3.3+5
[27Jul2026 12:47:04.275] [Render thread/INFO] [com.mojang.blaze3d.platform.Window/]: OpenGL Vendor: AMD
[27Jul2026 12:47:04.275] [Render thread/INFO] [com.mojang.blaze3d.platform.Window/]: OpenGL Renderer: AMD Radeon RX 7900 GRE (radeonsi, navi31, ACO, DRM 3.64, 7.0.0-28-generic)
[27Jul2026 12:47:04.275] [Render thread/INFO] [com.mojang.blaze3d.platform.Window/]: OpenGL Version: 4.6 (Core Profile) Mesa 26.1.2 - kisak-mesa PPA
[27Jul2026 12:47:04.296] [Render thread/INFO] [ImmediatelyFast/]: Initializing ImmediatelyFast 1.6.11+1.21.1 on AMD Radeon RX 7900 GRE (radeonsi, navi31, ACO, DRM 3.64, 7.0.0-28-generic) (AMD) with OpenGL 4.6 (Core Profile) Mesa 26.1.2 - kisak-mesa PPA
[27Jul2026 12:47:04.297] [Render thread/INFO] [ImmediatelyFast/]: Found Iris 1.8.14-beta.1+mc1.21.1. Enabling compatibility.
[27Jul2026 12:47:04.606] [Render thread/INFO] [Iris/]: Debug functionality is disabled.
[27Jul2026 12:47:04.607] [Render thread/INFO] [Iris/]: OpenGL 4.5 detected, enabling DSA.
[27Jul2026 12:47:04.635] [ForkJoinPool.commonPool-worker-15/WARN] [Iris/]: [Iris Update Check] This version doesn't have an update index, skipping.
[27Jul2026 12:47:04.745] [modloading-worker-0/INFO] [Veil/]: Veil is initializing.
[27Jul2026 12:47:04.746] [modloading-worker-0/INFO] [net.fabricmc.fabric.impl.client.indigo.Indigo/]: [Indigo] Different rendering plugin detected; not applying Indigo.
[27Jul2026 12:47:04.755] [modloading-worker-0/INFO] [net.neoforged.neoforge.common.NeoForgeMod/NEOFORGE-MOD]: NeoForge mod loading, version 21.1.235, for MC 1.21.1
[27Jul2026 12:47:04.809] [modloading-worker-0/INFO] [xaero.hud.minimap.MinimapLogs/]: No Optifine!
[27Jul2026 12:47:04.809] [modloading-worker-0/INFO] [xaero.hud.minimap.MinimapLogs/]: Xaero's Minimap: No Vivecraft!
[27Jul2026 12:47:04.812] [modloading-worker-0/INFO] [xaero.hud.minimap.MinimapLogs/]: Xaero's Minimap: Iris found!
[27Jul2026 12:47:04.814] [modloading-worker-0/INFO] [xaero.lib.XaeroLib/]: Registering common data for channel xaerolib:main!
[27Jul2026 12:47:04.923] [modloading-worker-0/INFO] [xaero.lib.XaeroLib/]: Registering client data for channel xaerolib:main!
[27Jul2026 12:47:04.931] [modloading-worker-0/INFO] [xaero.lib.XaeroLib/]: Loading primary common config for channel xaerolib:main!
[27Jul2026 12:47:04.932] [modloading-worker-0/INFO] [xaero.lib.XaeroLib/]: Loading server config profiles for channel xaerolib:main!
[27Jul2026 12:47:04.933] [modloading-worker-0/INFO] [xaero.lib.XaeroLib/]: Loading primary client config for channel xaerolib:main!
[27Jul2026 12:47:04.933] [modloading-worker-0/INFO] [xaero.lib.XaeroLib/]: Loading client config profiles for channel xaerolib:main!
[27Jul2026 12:47:04.934] [modloading-worker-0/INFO] [xaero.common.HudMod/]: Registering common data for channel xaerominimap:main!
[27Jul2026 12:47:04.935] [modloading-worker-0/INFO] [com.simibubi.create.Create/]: Create 6.0.10 initializing! Commit hash: ac0c444d9828da3453ae8cc65338e8de063286fb
[27Jul2026 12:47:04.952] [modloading-worker-0/INFO] [xaero.common.HudMod/]: Registering client data for channel xaerominimap:main!
[27Jul2026 12:47:04.971] [modloading-worker-0/INFO] [xaero.common.HudMod/]: Loading primary common config for channel xaerominimap:main!
[27Jul2026 12:47:04.971] [modloading-worker-0/INFO] [xaero.common.HudMod/]: Loading server config profiles for channel xaerominimap:main!
[27Jul2026 12:47:04.972] [modloading-worker-0/INFO] [xaero.common.HudMod/]: Loading primary client config for channel xaerominimap:main!
[27Jul2026 12:47:04.972] [modloading-worker-0/INFO] [xaero.common.HudMod/]: Loading client config profiles for channel xaerominimap:main!
[27Jul2026 12:47:05.701] [modloading-worker-0/INFO] [dev.ryanhcode.sable.Sable/]: Sable loaded!
[27Jul2026 12:47:05.709] [modloading-worker-0/WARN] [dev.ryanhcode.sable.Sable/]: NOTE: Sable is loaded with Flywheel. Sable contains extensive shader overrides and a full light-storage replacement. Expect this to cause compatibility issues. If issues arise, please report them to the Sable issue tracker (https://github.com/ryanhcode/sable/issues) instead of the Flywheel issue tracker.
[27Jul2026 12:47:06.478] [Render thread/INFO] [Veil/]: GL Debug supported
[27Jul2026 12:47:06.637] [Render thread/INFO] [Iris/]: Hardware information:
[27Jul2026 12:47:06.638] [Render thread/INFO] [Iris/]: CPU: 16x AMD Ryzen 7 7700 8-Core Processor
[27Jul2026 12:47:06.638] [Render thread/INFO] [Iris/]: GPU: AMD Radeon RX 7900 GRE (radeonsi, navi31, ACO, DRM 3.64, 7.0.0-28-generic) (Supports OpenGL 4.6 (Core Profile) Mesa 26.1.2 - kisak-mesa PPA)
[27Jul2026 12:47:06.638] [Render thread/INFO] [Iris/]: OS: Linux (7.0.0-28-generic)
[27Jul2026 12:47:06.990] [Render thread/INFO] [net.minecraft.server.packs.resources.ReloadableResourceManager/]: Reloading ResourceManager: vanilla, fabric, mod_resources, mod/sodium, mod/fabric_transfer_api_v1, mod/fabric_renderer_api_v1, mod/fabric_item_api_v1, mod/fabric_model_loading_api_v1, mod/fabric_rendering_fluids_v1, mod/lithium, mod/aeronautics, mod/xaerolib, mod/aeronautics_bundled, mod/fabric_screen_handler_api_v1, mod/fabric_resource_loader_v0, mod/trender, mod/fabric_rendering_v1, mod/fabric_renderer_indigo, mod/fabric_convention_tags_v1, mod/neoforge, mod/photonics, mod/fabric_block_view_api_v2, mod/fabric_command_api_v2, mod/fabric_convention_tags_v2, mod/fabric_data_attachment_api_v1, mod/iris, mod/veil, mod/simulated, mod/simurail, mod/distanthorizons, mod/fabric_screen_api_v1, mod/fabric_particles_v1, mod/connector, mod/fabric_api,forgified_fabric_api, mod/fabric_content_registries_v0, mod/fabric_transitive_access_wideners_v1, mod/offroad, mod/irisveil, mod/fabric_game_rule_api_v1, mod/fabric_api_base, mod/fabric_api_lookup_api_v1, mod/fabric_blockrenderlayer_v1, mod/fabric_block_api_v1, mod/fabric_resource_conditions_api_v1, mod/sablecompanion, mod/flywheel, mod/ponder, mod/create, mod/sable, mod/contraptionlights, mod/xaerominimap, mod/fabric_item_group_api_v1, mod/fabric_gametest_api_v1, mod/entityculling, mod/fabric_biome_api_v1, mod/fabric_entity_events_v1, mod/fabric_registry_sync_v0, mod/immediatelyfast, mod/lambdynlights_api, mod/fabric_recipe_api_v1, mod/ferritecore, mod/fabric_object_builder_api_v1, mod/fabric_loot_api_v2, mod/fabric_loot_api_v3, mod/transition, mod/fabric_rendering_data_attachment_v1, mod/searchlights, mod/fabric_networking_api_v1, mod/fabric_sound_api_v1, mod/fabric_message_api_v1, mod/fabric_lifecycle_events_v1, mod/fabric_tag_api_v1, mod/fabric_data_generation_api_v1, mod/fabric_events_interaction_v0, mod/fabric_key_binding_api_v1, mod/fabric_client_tags_api_v1, file/Create-LabPBR-v12.zip
[27Jul2026 12:47:07.002] [Worker-Main-5/INFO] [xaero.lib.XaeroLib/]: Loading XaeroLib common 1/2!
[27Jul2026 12:47:07.003] [Worker-Main-10/INFO] [me.yurtema.searchlights.Searchlights/]: HELLO FROM COMMON SETUP
[27Jul2026 12:47:07.018] [NeoForge Version Check/INFO] [net.neoforged.fml.VersionChecker/]: [create] Starting version check at https://api.modrinth.com/updates/create/forge_updates.json?neoforge=only
[27Jul2026 12:47:07.062] [Worker-Main-8/INFO] [net.minecraft.client.gui.font.providers.UnihexProvider/]: Found unifont_all_no_pua-15.1.05.hex, loading
[27Jul2026 12:47:07.147] [Worker-Main-12/INFO] [xaero.lib.XaeroLib/]: Loading XaeroLib client 1/2!
[27Jul2026 12:47:07.149] [Worker-Main-5/INFO] [net.minecraft.client.gui.font.providers.UnihexProvider/]: Found unifont_jp_patch-15.1.05.hex, loading
[27Jul2026 12:47:07.181] [Worker-Main-2/ERROR] [net.minecraft.client.resources.model.ModelManager/]: Failed to load model createdeco:models/block/catwalk_top-x.json
com.google.gson.JsonParseException: Unknown facing: cullface
	at TRANSFORMER/minecraft@1.21.1/net.minecraft.client.renderer.block.model.BlockElement$Deserializer.getFacing(BlockElement.java:155) ~[client-1.21.1-20240808.144430-srg.jar%23214!/:?]
	at TRANSFORMER/minecraft@1.21.1/net.minecraft.client.renderer.block.model.BlockElement$Deserializer.filterNullFromFaces(BlockElement.java:145) ~[client-1.21.1-20240808.144430-srg.jar%23214!/:?]
	at TRANSFORMER/minecraft@1.21.1/net.minecraft.client.renderer.block.model.BlockElement$Deserializer.getFaces(BlockElement.java:132) ~[client-1.21.1-20240808.144430-srg.jar%23214!/:?]
	at TRANSFORMER/minecraft@1.21.1/net.minecraft.client.renderer.block.model.BlockElement$Deserializer.deserialize(BlockElement.java:85) ~[client-1.21.1-20240808.144430-srg.jar%23214!/:?]
	at TRANSFORMER/minecraft@1.21.1/net.minecraft.client.renderer.block.model.BlockElement$Deserializer.deserialize(BlockElement.java:76) ~[client-1.21.1-20240808.144430-srg.jar%23214!/:?]
	at MC-BOOTSTRAP/com.google.gson@2.10.1/com.google.gson.internal.bind.TreeTypeAdapter.read(TreeTypeAdapter.java:76) ~[gson-2.10.1.jar%23191!/:?]
	at MC-BOOTSTRAP/com.google.gson@2.10.1/com.google.gson.Gson.fromJson(Gson.java:1227) ~[gson-2.10.1.jar%23191!/:?]
	at MC-BOOTSTRAP/com.google.gson@2.10.1/com.google.gson.Gson.fromJson(Gson.java:1329) ~[gson-2.10.1.jar%23191!/:?]
	at MC-BOOTSTRAP/com.google.gson@2.10.1/com.google.gson.Gson.fromJson(Gson.java:1300) ~[gson-2.10.1.jar%23191!/:?]
	at MC-BOOTSTRAP/com.google.gson@2.10.1/com.google.gson.internal.bind.TreeTypeAdapter$GsonContextImpl.deserialize(TreeTypeAdapter.java:179) ~[gson-2.10.1.jar%23191!/:?]
	at TRANSFORMER/minecraft@1.21.1/net.minecraft.client.renderer.block.model.BlockModel$Deserializer.getElements(BlockModel.java:409) ~[client-1.21.1-20240808.144430-srg.jar%23214!/:?]
	at TRANSFORMER/minecraft@1.21.1/net.minecraft.client.renderer.block.model.BlockModel$Deserializer.deserialize(BlockModel.java:338) ~[client-1.21.1-20240808.144430-srg.jar%23214!/:?]
	at TRANSFORMER/neoforge@21.1.235/net.neoforged.neoforge.client.model.ExtendedBlockModelDeserializer.deserialize(ExtendedBlockModelDeserializer.java:51) ~[neoforge-21.1.235-universal.jar%23215!/:?]
	at TRANSFORMER/neoforge@21.1.235/net.neoforged.neoforge.client.model.ExtendedBlockModelDeserializer.deserialize(ExtendedBlockModelDeserializer.java:37) ~[neoforge-21.1.235-universal.jar%23215!/:?]
	at MC-BOOTSTRAP/com.google.gson@2.10.1/com.google.gson.internal.bind.TreeTypeAdapter.read(TreeTypeAdapter.java:76) ~[gson-2.10.1.jar%23191!/:?]
	at TRANSFORMER/minecraft@1.21.1/net.minecraft.util.GsonHelper.fromNullableJson(GsonHelper.java:525) ~[client-1.21.1-20240808.144430-srg.jar%23214!/:?]
	at TRANSFORMER/minecraft@1.21.1/net.minecraft.util.GsonHelper.fromJson(GsonHelper.java:532) ~[client-1.21.1-20240808.144430-srg.jar%23214!/:?]
	at TRANSFORMER/minecraft@1.21.1/net.minecraft.util.GsonHelper.fromJson(GsonHelper.java:582) ~[client-1.21.1-20240808.144430-srg.jar%23214!/:?]
	at TRANSFORMER/minecraft@1.21.1/net.minecraft.client.renderer.block.model.BlockModel.fromStream(BlockModel.java:83) ~[client-1.21.1-20240808.144430-srg.jar%23214!/:?]
	at TRANSFORMER/minecraft@1.21.1/net.minecraft.client.resources.model.ModelManager.lambda$loadBlockModels$8(ModelManager.java:144) ~[client-1.21.1-20240808.144430-srg.jar%23214!/:?]
	at java.base/java.util.concurrent.CompletableFuture$AsyncSupply.run(Unknown Source) [?:?]
	at java.base/java.util.concurrent.CompletableFuture$AsyncSupply.exec(Unknown Source) [?:?]
	at java.base/java.util.concurrent.ForkJoinTask.doExec(Unknown Source) [?:?]
	at java.base/java.util.concurrent.ForkJoinPool$WorkQueue.topLevelExec(Unknown Source) [?:?]
	at java.base/java.util.concurrent.ForkJoinPool.scan(Unknown Source) [?:?]
	at java.base/java.util.concurrent.ForkJoinPool.runWorker(Unknown Source) [?:?]
	at java.base/java.util.concurrent.ForkJoinWorkerThread.run(Unknown Source) [?:?]
[27Jul2026 12:47:07.185] [Worker-Main-3/INFO] [DistantHorizons-DistantHorizons-com.seibel.distanthorizons.common.AbstractModInitializer_neoforge/]: Initializing Distant Horizons client, firing DhApiBeforeDhInitEvent...
[27Jul2026 12:47:07.224] [Worker-Main-13/INFO] [top.leonx.irisveil.IrisVeilCompat/]: HELLO FROM CLIENT SETUP
[27Jul2026 12:47:07.224] [Worker-Main-13/INFO] [top.leonx.irisveil.IrisVeilCompat/]: MINECRAFT NAME >> Eutio
[27Jul2026 12:47:07.243] [Worker-Main-9/INFO] [xaero.minimap.XaeroMinimap/]: Loading Xaero's Minimap - Stage 1/2
[27Jul2026 12:47:07.252] [Worker-Main-7/INFO] [me.yurtema.searchlights.Searchlights/]: HELLO FROM CLIENT SETUP
[27Jul2026 12:47:07.252] [Worker-Main-7/INFO] [me.yurtema.searchlights.Searchlights/]: MINECRAFT NAME >> Eutio
[27Jul2026 12:47:07.265] [Worker-Main-3/INFO] [DistantHorizons-DistantHorizons-com.seibel.distanthorizons.core.Initializer/]: Running library validation...
[27Jul2026 12:47:07.453] [NeoForge Version Check/INFO] [net.neoforged.fml.VersionChecker/]: [create] Found status: OUTDATED Current: 6.0.10 Target: 6.0.10+mc1.21.1
[27Jul2026 12:47:07.467] [Worker-Main-3/INFO] [DistantHorizons-DistantHorizons-com.seibel.distanthorizons.common.AbstractModInitializer_neoforge/]: Distant Horizons, Version: 3.2.0-b
[27Jul2026 12:47:07.475] [Worker-Main-3/INFO] [DistantHorizons-DistantHorizons-com.seibel.distanthorizons.common.AbstractModInitializer_neoforge/]: Skipping mod compatibility accessor for: [optifine]
[27Jul2026 12:47:07.475] [Worker-Main-3/INFO] [DistantHorizons-DistantHorizons-com.seibel.distanthorizons.common.AbstractModInitializer_neoforge/]: Skipping mod compatibility accessor for: [c2me]
[27Jul2026 12:47:07.476] [Worker-Main-3/INFO] [DistantHorizons-DistantHorizons-com.seibel.distanthorizons.common.AbstractModInitializer_neoforge/]: Skipping mod compatibility accessor for: [immersive_portals]
[27Jul2026 12:47:07.477] [Worker-Main-3/INFO] [DistantHorizons-DistantHorizons-com.seibel.distanthorizons.core.dependencyInjection.ModAccessorInjector/]: Registered mod compatibility accessor for: [iris].
[27Jul2026 12:47:07.494] [Worker-Main-3/INFO] [DistantHorizons-DistantHorizons-com.seibel.distanthorizons.core.config.ConfigHandler/]: Initialising config for [DistantHorizons]
[27Jul2026 12:47:07.546] [Worker-Main-3/INFO] [DistantHorizons-DistantHorizons-com.seibel.distanthorizons.core.config.ConfigHandler/]: [DistantHorizons] Config initialised
[27Jul2026 12:47:07.551] [Worker-Main-3/INFO] [DistantHorizons-DistantHorizons-com.seibel.distanthorizons.core.config.eventHandlers.IgnoredDimensionCsvHandler/]: Dimension ignoring disabled, DH will render all dimensions.
[27Jul2026 12:47:07.551] [Worker-Main-3/INFO] [com.seibel.distanthorizons.core.logging.DhLogger/]: Applying config to loggers
[27Jul2026 12:47:07.552] [Worker-Main-3/INFO] [DistantHorizons-DistantHorizons-com.seibel.distanthorizons.core.Initializer/]: Garbage collectors: [G1 Young Generation, G1 Concurrent GC, G1 Old Generation]
[27Jul2026 12:47:07.552] [Worker-Main-3/WARN] [DistantHorizons-DistantHorizons-com.seibel.distanthorizons.core.Initializer/]: Distant Horizons: G1 Garbage collector detected.
This can cause FPS stuttering. 
It's recommended to use a concurrent garbage collector 
like ZGC (Java 21+) or Shenandoah (Java 8 through 17) 
for a smoother experience. 
This warning can be disabled in the DH config.
[27Jul2026 12:47:07.555] [Worker-Main-3/INFO] [DistantHorizons-DistantHorizons-com.seibel.distanthorizons.core.Initializer/]: Explicit Garbage Collection: [Enabled]
[27Jul2026 12:47:07.556] [Worker-Main-3/INFO] [DistantHorizons-DistantHorizons-com.seibel.distanthorizons.common.AbstractModInitializer_neoforge/]: Distant Horizons client Initialized.
[27Jul2026 12:47:07.556] [Worker-Main-3/INFO] [DistantHorizons-DistantHorizons-com.seibel.distanthorizons.common.AbstractModInitializer_neoforge/]: Running Delayed setup...
[27Jul2026 12:47:07.556] [Worker-Main-3/INFO] [DistantHorizons-DistantHorizons-com.seibel.distanthorizons.common.AbstractModInitializer_neoforge/]: Delayed setup complete, firing DhApiAfterDhInitEvent event...
[27Jul2026 12:47:07.556] [Worker-Main-3/INFO] [Iris/]: DH Ready, binding Iris event handlers...
[27Jul2026 12:47:07.559] [Worker-Main-3/INFO] [Iris/]: DH Iris events bound.
[27Jul2026 12:47:07.560] [DH-PostClientInit Thread/INFO] [DistantHorizons-DistantHorizons-com.seibel.distanthorizons.common.wrappers.DependencySetup_neoforge/]: Setting DH Rendering API to: [OPEN_GL]...
[27Jul2026 12:47:07.566] [DH-PostClientInit Thread/INFO] [DistantHorizons-DistantHorizons-com.seibel.distanthorizons.common.wrappers.DependencySetup_neoforge/]: DH Rendering successfully bound to: [OpenGL]...
[27Jul2026 12:47:07.599] [Render thread/INFO] [Photonics/]: Photonics ReSTIR GI v70: forcing PHOTONICS_RESTIR_COMBINED_GI on for the geometry-guided spatial-reuse test (configured=true)
[27Jul2026 12:47:07.601] [Render thread/INFO] [Photonics/]: Photonics performance overrides: renderScale=shader-pack, giRenderScale=0.5, temporalUpscaler=true, temporalUpscalerSourceScale=0.67, temporalUpscalerHistoryFrames=8, restirInitialSamples=shader-pack, restirDenoiserPasses=shader-pack, restirGiDenoiserPasses=shader-pack (shader-pack means no JVM override)
[27Jul2026 12:47:07.628] [Render thread/INFO] [Photonics/]: Photonics shader source: path=/photonics/deprecated/shader_interface.glsl origin=photonics-jar sha256=93300432f0cdcc7deefcd48e7eb4e61cd39459ec11278295e0e35466d1be92be
[27Jul2026 12:47:07.629] [Render thread/INFO] [Photonics/]: Photonics shader source: path=/photonics/interface/lighting_interface.glsl origin=photonics-jar sha256=369f58efdb006e3118ca3b2f92c5cb30cb6b402a6981f198074c3bb5bc004fee
[27Jul2026 12:47:07.629] [Render thread/INFO] [Photonics/]: Photonics shader source: path=/photonics/interface/world_interface.glsl origin=photonics-jar sha256=383fd0358eaf35d5f7e63470e3dff4ffc7444863bb69b54a79bd01267af4d244
[27Jul2026 12:47:07.629] [Render thread/INFO] [Photonics/]: Photonics shader source: path=/photonics/internal/impl/attenuation.glsl origin=photonics-jar sha256=d2c579186e190cd1afda8995963df044637e497a18478d3faca5d8cbd3b61a26
[27Jul2026 12:47:07.629] [Render thread/INFO] [Photonics/]: Photonics shader source: path=/photonics/internal/impl/is_hand.glsl origin=photonics-jar sha256=d682523dc96fe15e30e1d44b7c59acf669883e2fd9aaf6e93b73b07074341c96
[27Jul2026 12:47:07.629] [Render thread/INFO] [Photonics/]: Photonics shader source: path=/photonics/internal/tracing/common.glsl origin=photonics-jar sha256=99a7822010d4e4878da41305ac8b95c042e24e335ed4184e4364a46c0807d560
[27Jul2026 12:47:07.629] [Render thread/INFO] [Photonics/]: Photonics shader source: path=/photonics/internal/tracing/iterator.glsl origin=photonics-jar sha256=2c81a5d462c8f6b2298c1fb3c0f8235707b4d9d9f21563de788c9293b9e2e9ae
[27Jul2026 12:47:07.630] [Render thread/INFO] [Photonics/]: Photonics shader source: path=/photonics/internal/tracing/simple.glsl origin=photonics-jar sha256=e0a430fdf77faf41ea4d4277dc02378ad339ab71f5e67b496746f4a216d27d97
[27Jul2026 12:47:07.630] [Render thread/INFO] [Photonics/]: Photonics shader source: path=/photonics/internal/tracing/types.glsl origin=photonics-jar sha256=f1203001a527d11cecf8b825d7ca5d184b64b6a5f25a84c5c96764dd53f5ba1a
[27Jul2026 12:47:07.630] [Render thread/INFO] [Photonics/]: Photonics shader source: path=/photonics/light.glsl origin=photonics-jar sha256=263d657a4e3418661df4ad0101e5f98519078cad6f1079c6bf01ad240d7986e4
[27Jul2026 12:47:07.630] [Render thread/INFO] [Photonics/]: Photonics shader source: path=/photonics/light_list.glsl origin=photonics-jar sha256=1ad3ae17e86bf25b743ad655cb298c5325a071257d83255829dcec98b23f2e60
[27Jul2026 12:47:07.630] [Render thread/INFO] [Photonics/]: Photonics shader source: path=/photonics/modifiers/attenuation_modifier.glsl origin=photonics-jar sha256=d842468d67ecb27a1778c6f6edd07051aea88f8604391e10481498bb9dbc23b4
[27Jul2026 12:47:07.630] [Render thread/INFO] [Photonics/]: Photonics shader source: path=/photonics/modifiers/handheld_light_pulse_modifier.glsl origin=photonics-jar sha256=2af6c839c63a2f3f6d783338518319cbb0212a7423889e1382b92a5a17b2af32
[27Jul2026 12:47:07.630] [Render thread/INFO] [Photonics/]: Photonics shader source: path=/photonics/modifiers/indirect_surface_sample_modifier.glsl origin=photonics-jar sha256=1ab8bbb999b41875b58b3a4a5b16046b779686dac16d3c6bc86d99c820b85f7f
[27Jul2026 12:47:07.630] [Render thread/INFO] [Photonics/]: Photonics shader source: path=/photonics/modifiers/is_hand_modifier.glsl origin=shader-pack sha256=d43b622fb771dfcb68d6980026dde741e4e47eb7d43847eea2632dcd5c1401dd
[27Jul2026 12:47:07.630] [Render thread/INFO] [Photonics/]: Photonics shader source: path=/photonics/modifiers/light_modifier.glsl origin=shader-pack sha256=3e287296dea097eb9baf73693316dde656eaeedead165120ed6c334e5cc4597f
[27Jul2026 12:47:07.630] [Render thread/INFO] [Photonics/]: Photonics shader source: path=/photonics/modifiers/restir_denoiser_depth_fetch_modifier.glsl origin=photonics-jar sha256=ced59a4690918514cbe2a90ee4d67782487c5c0b397b85d86a174eec4032a5e6
[27Jul2026 12:47:07.630] [Render thread/INFO] [Photonics/]: Photonics shader source: path=/photonics/modifiers/restir_gi_modifier.glsl origin=shader-pack sha256=87a3104b173d03c00f97a84f46e5f3e768ae3496334a812d4b07b791620bf699
[27Jul2026 12:47:07.630] [Render thread/INFO] [Photonics/]: Photonics shader source: path=/photonics/modifiers/voxel_color_modifier.glsl origin=photonics-jar sha256=637762f7d52cc5eb3b56f9ad97852ebe01d7ad2fd0f567649118bf7c107ea641
[27Jul2026 12:47:07.630] [Render thread/INFO] [Photonics/]: Photonics shader source: path=/photonics/palette.glsl origin=photonics-jar sha256=ea2f8a1e0c149264f9eab46894496fbf944541d725d17cafea8038cc99e576a1
[27Jul2026 12:47:07.630] [Render thread/INFO] [Photonics/]: Photonics shader source: path=/photonics/ph_samplers.glsl origin=photonics-jar sha256=53de8be5a43bd9f139ffe41200dfb0fa4e08fd115a9e1a7f9f4ba1dc526b21d7
[27Jul2026 12:47:07.631] [Render thread/INFO] [Photonics/]: Photonics shader source: path=/photonics/photonics.glsl origin=photonics-jar sha256=e3b0c44298fc1c149afbf4c8996fb92427ae41e4649b934ca495991b7852b855
[27Jul2026 12:47:07.631] [Render thread/INFO] [Photonics/]: Photonics shader source: path=/photonics/rendering/basic/samplers.glsl origin=photonics-jar sha256=b57bac1421126f9a2f25ad65a9e51bcb5c446e0c21181fe47d0cf65af0aa60eb
[27Jul2026 12:47:07.631] [Render thread/INFO] [Photonics/]: Photonics shader source: path=/photonics/rendering/common.glsl origin=photonics-jar sha256=6bfbb0a25982e39df1fe79a01a1c744951e33e2b23a1936d5e71b34523a1245b
[27Jul2026 12:47:07.631] [Render thread/INFO] [Photonics/]: Photonics shader source: path=/photonics/rendering/frag/common.glsl origin=photonics-jar sha256=e451f2e85e30d6df42e4df415695311ee850aa46839cf1b9617a99011ea1f82e
[27Jul2026 12:47:07.631] [Render thread/INFO] [Photonics/]: Photonics shader source: path=/photonics/rendering/frag/f0_load_frag.fsh origin=photonics-jar sha256=53eb898428817d4183fa0a16b4254d13cd98af1cfe828105af1b7a4581a21117
[27Jul2026 12:47:07.631] [Render thread/INFO] [Photonics/]: Photonics shader source: path=/photonics/rendering/frag/f0_load_frag_gi.fsh origin=photonics-jar sha256=5cd4bceab7150e2fce2afb6898297d1fe40b16fe71975f2969a0135b1a6cfc1f
[27Jul2026 12:47:07.631] [Render thread/INFO] [Photonics/]: Photonics shader source: path=/photonics/rendering/frag/f0_load_frag_impl.glsl origin=photonics-jar sha256=ca55dd3da0e2fd1982489553ee96e4bf485e11cae676390c43859fe42e7e8d27
[27Jul2026 12:47:07.631] [Render thread/INFO] [Photonics/]: Photonics shader source: path=/photonics/rendering/frag/frag_data.glsl origin=photonics-jar sha256=563ed65bdbf741b0a065439a24a9d77f85b4b5f6ad1354358b886fb62d347c86
[27Jul2026 12:47:07.631] [Render thread/INFO] [Photonics/]: Photonics shader source: path=/photonics/rendering/frag/frag_motion.glsl origin=photonics-jar sha256=848babfce8f59024e905ace4b5c4916e265232444d2a91dd332a77d9ad4bf8b9
[27Jul2026 12:47:07.631] [Render thread/INFO] [Photonics/]: Photonics shader source: path=/photonics/rendering/frag/sable_motion.glsl origin=photonics-jar sha256=1bb1bbf05710c5296b3abfd10405e9d9711a00ef4fdd1a5635c053cdcfe5abec
[27Jul2026 12:47:07.631] [Render thread/INFO] [Photonics/]: Photonics shader source: path=/photonics/rendering/frag/world_interface.glsl origin=photonics-jar sha256=d938d13ebcfd69fa87e86b1426c227f0b484c50d1b9d90347da65970120a6b30
[27Jul2026 12:47:07.632] [Render thread/INFO] [Photonics/]: Photonics shader source: path=/photonics/rendering/handheld_lighting.glsl origin=photonics-jar sha256=c6f7256167fa81e9fed25139cfa86e97c86b6be0d6cce776751ea7a562e4a454
[27Jul2026 12:47:07.632] [Render thread/INFO] [Photonics/]: Photonics shader source: path=/photonics/rendering/indirect_lighting.glsl origin=photonics-jar sha256=c1c373bb654ae02f58196d4c9bc0ae7a4baaecab4d33577808a6c792c68465cd
[27Jul2026 12:47:07.632] [Render thread/INFO] [Photonics/]: Photonics shader source: path=/photonics/rendering/off/samplers.glsl origin=photonics-jar sha256=b57bac1421126f9a2f25ad65a9e51bcb5c446e0c21181fe47d0cf65af0aa60eb
[27Jul2026 12:47:07.632] [Render thread/INFO] [Photonics/]: Photonics shader source: path=/photonics/rendering/restir/direct/reservoir.glsl origin=photonics-jar sha256=c7d0854c8730fbc0b94cdca3f0ac42acc28a4df005d1314707de850d8d81a472
[27Jul2026 12:47:07.632] [Render thread/INFO] [Photonics/]: Photonics shader source: path=/photonics/rendering/restir/direct/sample.glsl origin=photonics-jar sha256=eecb22e5c956d7c91702ccd62d41850161bb3fc761cd2de6809675fe3227fc81
[27Jul2026 12:47:07.632] [Render thread/INFO] [Photonics/]: Photonics shader source: path=/photonics/rendering/restir/indirect/reservoir.glsl origin=photonics-jar sha256=c5a2b2cf64c5deb3a93bff8ab844c0fc4882d8dad81ca2c167091fff296bd154
[27Jul2026 12:47:07.632] [Render thread/INFO] [Photonics/]: Photonics shader source: path=/photonics/rendering/restir/indirect/sample.glsl origin=photonics-jar sha256=13ca5baa3e7c7eb95f19f39921be1ab24c8bd4ae8ee06d330f6e89e86547d644
[27Jul2026 12:47:07.633] [Render thread/INFO] [Photonics/]: Photonics shader source: path=/photonics/rendering/restir/pass_mode.glsl origin=photonics-jar sha256=806142f66ae64552d2ea612cce531b641a98f3c9f398e26861e7c1f9ab7da058
[27Jul2026 12:47:07.633] [Render thread/INFO] [Photonics/]: Photonics shader source: path=/photonics/rendering/restir/passes/r10_handheld.fsh origin=photonics-jar sha256=a48b6b2660090c3655f1a8e4711c85ceb9482d2222987c96d8ef38ccc9076174
[27Jul2026 12:47:07.633] [Render thread/INFO] [Photonics/]: Photonics shader source: path=/photonics/rendering/restir/passes/r10_local_direct.fsh origin=photonics-jar sha256=18add28b6ed5b16050078e504c7c53dba48fc59bfdd7a9912ebaa8f4c2dd3ce8
[27Jul2026 12:47:07.633] [Render thread/INFO] [Photonics/]: Photonics shader source: path=/photonics/rendering/restir/passes/r1_initial_direct.fsh origin=photonics-jar sha256=be6520e78b3b22176b061f4b4d27da0c85ddfa75ed6ed5180f719c25c29490e7
[27Jul2026 12:47:07.633] [Render thread/INFO] [Photonics/]: Photonics shader source: path=/photonics/rendering/restir/passes/r2_validate_initial_direct.fsh origin=photonics-jar sha256=6e0109ef63bee44881333d887ac70ad5296af79316ebea7e1ac4148c4d3785ac
[27Jul2026 12:47:07.633] [Render thread/INFO] [Photonics/]: Photonics shader source: path=/photonics/rendering/restir/passes/r3_initial_indirect.fsh origin=photonics-jar sha256=291e899ba16d207cabbb572ab3b559cd5d8fb1c6b1794636e3efa09f8d5d36ab
[27Jul2026 12:47:07.633] [Render thread/INFO] [Photonics/]: Photonics shader source: path=/photonics/rendering/restir/passes/r4_temporal_reuse.fsh origin=photonics-jar sha256=953a304c06af2f9eb8ae18b54e55e41f066ff17d0a0832160ff447ca925f7ab5
[27Jul2026 12:47:07.633] [Render thread/INFO] [Photonics/]: Photonics shader source: path=/photonics/rendering/restir/passes/r4_temporal_reuse_gi.fsh origin=photonics-jar sha256=d7e540ca620e03d6f79b503b2a8fd4293e782fb7e9279d371fa550c3728b7e12
[27Jul2026 12:47:07.633] [Render thread/INFO] [Photonics/]: Photonics shader source: path=/photonics/rendering/restir/passes/r4_temporal_reuse_impl.glsl origin=photonics-jar sha256=f2371b26efcfa9ea9d57ea57ae960377ca3ef9d8695badd104393d96318638e6
[27Jul2026 12:47:07.633] [Render thread/INFO] [Photonics/]: Photonics shader source: path=/photonics/rendering/restir/passes/r5_copy_spatial_input.fsh origin=photonics-jar sha256=55b8910bceb6c284819123f63cc86db5d9d4a856f284bd4d7e89b096632dd922
[27Jul2026 12:47:07.633] [Render thread/INFO] [Photonics/]: Photonics shader source: path=/photonics/rendering/restir/passes/r5_copy_spatial_input_gi.fsh origin=photonics-jar sha256=9abc6b26dc4bd852581c517daf16ee12a86ef39616d95d588f9e460da2437f23
[27Jul2026 12:47:07.633] [Render thread/INFO] [Photonics/]: Photonics shader source: path=/photonics/rendering/restir/passes/r5_copy_spatial_input_impl.glsl origin=photonics-jar sha256=921a66a1c5046c24fdb758fea3c059b19c3127953f93bf2db72005cf84b3e644
[27Jul2026 12:47:07.633] [Render thread/INFO] [Photonics/]: Photonics shader source: path=/photonics/rendering/restir/passes/r5_spatial_reuse.fsh origin=photonics-jar sha256=ce2874543c5e2554773b95b128c378c5700c9eb98ecf5125dc7467af99cc9dfe
[27Jul2026 12:47:07.634] [Render thread/INFO] [Photonics/]: Photonics shader source: path=/photonics/rendering/restir/passes/r5_spatial_reuse_gi.fsh origin=photonics-jar sha256=de82997ac299dc6570a29f3729b815c7169f7d31543c16f73a86aa94f4530554
[27Jul2026 12:47:07.634] [Render thread/INFO] [Photonics/]: Photonics shader source: path=/photonics/rendering/restir/passes/r5_spatial_reuse_impl.glsl origin=photonics-jar sha256=10be3a39edf814cfd1ebd8613a3421e4268bc6b343370ad83ffd2e184c3f73f2
[27Jul2026 12:47:07.634] [Render thread/INFO] [Photonics/]: Photonics shader source: path=/photonics/rendering/restir/passes/r6_diffuse.fsh origin=photonics-jar sha256=84ef737ef80426bdf6ebdba88d7571f84dae211071877751265d75655a9588eb
[27Jul2026 12:47:07.634] [Render thread/INFO] [Photonics/]: Photonics shader source: path=/photonics/rendering/restir/passes/r6_diffuse_gi.fsh origin=photonics-jar sha256=8715cb252acf78fdd30fd8c2a36d2fda23b7f316201fff17dcd0a28fe5e2e29c
[27Jul2026 12:47:07.634] [Render thread/INFO] [Photonics/]: Photonics shader source: path=/photonics/rendering/restir/passes/r6_diffuse_impl.glsl origin=photonics-jar sha256=fbfff2a97465f5190dc4f9ead9a970779924c1f1fe68ac7cf0b3f8666aa9e178
[27Jul2026 12:47:07.634] [Render thread/INFO] [Photonics/]: Photonics shader source: path=/photonics/rendering/restir/passes/r6_validate_indirect.fsh origin=photonics-jar sha256=c02197329c4bde376ef4798f98ef6f4c908c7f6279eccb3cc6113db6423bc4cc
[27Jul2026 12:47:07.634] [Render thread/INFO] [Photonics/]: Photonics shader source: path=/photonics/rendering/restir/passes/r7_accumulation.fsh origin=photonics-jar sha256=829eb9a369da3312794701e21721225c841f471b3d2dc5b02b08892d5d589dea
[27Jul2026 12:47:07.634] [Render thread/INFO] [Photonics/]: Photonics shader source: path=/photonics/rendering/restir/passes/r7_accumulation_gi.fsh origin=photonics-jar sha256=07c02f2269f455b2031db1d21104e70701fb6198b640963c3ddfd4135c68bc17
[27Jul2026 12:47:07.634] [Render thread/INFO] [Photonics/]: Photonics shader source: path=/photonics/rendering/restir/passes/r7_accumulation_impl.glsl origin=photonics-jar sha256=61b9185679078298fd300e5d05a8fdabb438ab04febc45934eedf898cf953aeb
[27Jul2026 12:47:07.634] [Render thread/INFO] [Photonics/]: Photonics shader source: path=/photonics/rendering/restir/passes/r8_variance_prefilter.fsh origin=photonics-jar sha256=a23450915a8eb9f2c673120c874adc1db5c887ab1b30105967421f212d5fab87
[27Jul2026 12:47:07.634] [Render thread/INFO] [Photonics/]: Photonics shader source: path=/photonics/rendering/restir/passes/r8_variance_prefilter_gi.fsh origin=photonics-jar sha256=0e9e808e725074e89f7c61f5941da208ef0676ddf85c069f206fd7a4d1407c7d
[27Jul2026 12:47:07.634] [Render thread/INFO] [Photonics/]: Photonics shader source: path=/photonics/rendering/restir/passes/r8_variance_prefilter_impl.glsl origin=photonics-jar sha256=0a7b3140ad6f8c2cbf71682661adf67c3ee2c3349ae77e0c675c3df7d4bc289e
[27Jul2026 12:47:07.635] [Render thread/INFO] [Photonics/]: Photonics shader source: path=/photonics/rendering/restir/passes/r9_denoising.fsh origin=photonics-jar sha256=87fab9d2945f19c3df7aaf4135ba6d823860a574375507bad9df4df9abf3cf0e
[27Jul2026 12:47:07.635] [Render thread/INFO] [Photonics/]: Photonics shader source: path=/photonics/rendering/restir/passes/r9_denoising_gi.fsh origin=photonics-jar sha256=a0f2fdc4023f5438c7e9063c84faf06fd5864c162991aec74a399d4f464aa03d
[27Jul2026 12:47:07.635] [Render thread/INFO] [Photonics/]: Photonics shader source: path=/photonics/rendering/restir/passes/r9_denoising_impl.glsl origin=photonics-jar sha256=ae6e25d04e434214e211a353b7ce23816781b74b0e694e8a33fce4062f62b88a
[27Jul2026 12:47:07.636] [Render thread/INFO] [Photonics/]: Photonics shader source: path=/photonics/rendering/restir/restir.glsl origin=photonics-jar sha256=d804c8f9484061ced9b07094fc099026e6756f48b44a5b5ddb6c8157b3e32608
[27Jul2026 12:47:07.637] [Render thread/INFO] [Photonics/]: Photonics shader source: path=/photonics/rendering/restir/samplers.glsl origin=photonics-jar sha256=153d4d299ef7066d5b9d7fdd3d79b3648fc4b9f61737d72d60d7578c7e228fbc
[27Jul2026 12:47:07.637] [Render thread/INFO] [Photonics/]: Photonics shader source: path=/photonics/rendering/restir/svgf.glsl origin=photonics-jar sha256=75c934c9a7ee1537bf1484e8d67e3b2414463f54a6558a09e5f22bf0af2ebb59
[27Jul2026 12:47:07.637] [Render thread/INFO] [Photonics/]: Photonics shader source: path=/photonics/rendering/screen.vsh origin=photonics-jar sha256=c2f0d4dc00aaff16fa5ea3158d60259b1e309fdd94d9b0ee7917cf40ef86ae4e
[27Jul2026 12:47:07.637] [Render thread/INFO] [Photonics/]: Photonics shader source: path=/photonics/rendering/temporal_upscaler/reconstruct.fsh origin=photonics-jar sha256=0be0c391c00d7363518f41215cc021c6ab3fbb007d78c3d034f3c7b7fbdbee99
[27Jul2026 12:47:07.637] [Render thread/INFO] [Photonics/]: Photonics shader source: path=/photonics/rendering/temporal_upscaler/source.fsh origin=photonics-jar sha256=8452f58367794db090aa07b8fe09980cc8ada54101adfb2f043c0876dc166592
[27Jul2026 12:47:07.637] [Render thread/INFO] [Photonics/]: Photonics shader source: path=/photonics/samplers.glsl origin=photonics-jar sha256=92ab8e43e03080a8dcdf9fae93be071cf07a1732f3d2814681bf5856d7d84785
[27Jul2026 12:47:07.638] [Render thread/INFO] [Photonics/]: Photonics shader source: path=/photonics/shader_interface.glsl origin=shader-pack sha256=58fc0a1dafa8d21379effac55bbe6a2c8a21cca6d3c7fc947ea5aff3c9b19f1f
[27Jul2026 12:47:07.640] [Render thread/INFO] [Photonics/]: Photonics shader source: path=/photonics/tracing.glsl origin=photonics-jar sha256=b18790b56c7bfa064f2df762e5f49425edd53531bb68260d45574549050287a0
[27Jul2026 12:47:07.640] [Render thread/INFO] [Photonics/]: Photonics shader source: path=/photonics/uniforms.glsl origin=photonics-jar sha256=b76a976a17d8bd685e18fedb5b6d4670929a487ad64c28dc02ec82616d067803
[27Jul2026 12:47:07.640] [Render thread/INFO] [Photonics/]: Photonics shader source: path=/photonics/utility/color.glsl origin=photonics-jar sha256=b69a29379ac6bbcf54030f57289496c9be6f447fa544a0e08682543648d8011a
[27Jul2026 12:47:07.640] [Render thread/INFO] [Photonics/]: Photonics shader source: path=/photonics/utility/normal_encoding.glsl origin=photonics-jar sha256=a33a1a4d019ee167de12319ff24a64f46b17eeda2c48713f98fced8d69d03583
[27Jul2026 12:47:07.640] [Render thread/INFO] [Photonics/]: Photonics shader source: path=/photonics/utility/projection.glsl origin=photonics-jar sha256=6709e7854fc03d0033fca34f973d598e06fe72eb0ccb45872f0b19e439b46db4
[27Jul2026 12:47:07.640] [Render thread/INFO] [Photonics/]: Photonics shader source: path=/photonics/utility/random.glsl origin=photonics-jar sha256=266b43efe972042f0f11a50b9e823f288ecd33e941cbf1fda51d66a30362081b
[27Jul2026 12:47:07.764] [Render thread/WARN] [Iris/]: Invalid pack option: GTAO
[27Jul2026 12:47:07.764] [Render thread/WARN] [Iris/]: Invalid pack option: GTAO
[27Jul2026 12:47:07.767] [Render thread/WARN] [Iris/]: Unable to resolve shader pack option menu element "WATER_REFRACTION" defined in shaders.properties
[27Jul2026 12:47:07.767] [Render thread/WARN] [Iris/]: Unable to resolve shader pack option menu element "WATER_REFRACTION_INTENSITY" defined in shaders.properties
[27Jul2026 12:47:07.768] [Render thread/WARN] [Iris/]: Unable to resolve shader pack option menu element "CLOUDS_DAILY_WEATHER" defined in shaders.properties
[27Jul2026 12:47:07.768] [Render thread/WARN] [Iris/]: Unable to resolve shader pack option menu element "CLOUDS_CUMULUS_CONGESTUS_PRIMARY_STEPS_H" defined in shaders.properties
[27Jul2026 12:47:07.768] [Render thread/WARN] [Iris/]: Unable to resolve shader pack option menu element "CLOUDS_CUMULUS_CONGESTUS_PRIMARY_STEPS_Z" defined in shaders.properties
[27Jul2026 12:47:07.769] [Render thread/INFO] [Iris/]: Profile: ultra (+9 options changed by user)
[27Jul2026 12:47:08.438] [Render thread/WARN] [Iris/]: Failed to parse an ResourceLocation in item.properties for the key item.10056: state properties are currently not supported: calibrated_sculk_sensor:sculk_sensor_phase=inactive
[27Jul2026 12:47:08.438] [Render thread/WARN] [Iris/]: Failed to parse an ResourceLocation in item.properties for the key item.10056: state properties are currently not supported: calibrated_sculk_sensor:sculk_sensor_phase=cooldown
[27Jul2026 12:47:08.438] [Render thread/WARN] [Iris/]: Failed to parse an ResourceLocation in item.properties for the key item.10057: state properties are currently not supported: calibrated_sculk_sensor:sculk_sensor_phase=active
[27Jul2026 12:47:08.438] [Render thread/WARN] [Iris/]: Failed to parse an ResourceLocation in item.properties for the key item.10057: state properties are currently not supported: sculk_sensor:sculk_sensor_phase=active
[27Jul2026 12:47:08.438] [Render thread/WARN] [Iris/]: Failed to parse an ResourceLocation in item.properties for the key item.10061: state properties are currently not supported: weathered_copper_bulb:lit=true
[27Jul2026 12:47:08.438] [Render thread/WARN] [Iris/]: Failed to parse an ResourceLocation in item.properties for the key item.10061: state properties are currently not supported: oxidized_copper_bulb:lit=true
[27Jul2026 12:47:08.438] [Render thread/WARN] [Iris/]: Failed to parse an ResourceLocation in item.properties for the key item.10061: state properties are currently not supported: waxed_weathered_copper_bulb:lit=true
[27Jul2026 12:47:08.438] [Render thread/WARN] [Iris/]: Failed to parse an ResourceLocation in item.properties for the key item.10061: state properties are currently not supported: waxed_oxidized_copper_bulb:lit=true
[27Jul2026 12:47:08.438] [Render thread/WARN] [Iris/]: Failed to parse an ResourceLocation in item.properties for the key item.10061: state properties are currently not supported: copper_bulb:lit=true
[27Jul2026 12:47:08.438] [Render thread/WARN] [Iris/]: Failed to parse an ResourceLocation in item.properties for the key item.10061: state properties are currently not supported: exposed_copper_bulb:lit=true
[27Jul2026 12:47:08.438] [Render thread/WARN] [Iris/]: Failed to parse an ResourceLocation in item.properties for the key item.10061: state properties are currently not supported: waxed_copper_bulb:lit=true
[27Jul2026 12:47:08.438] [Render thread/WARN] [Iris/]: Failed to parse an ResourceLocation in item.properties for the key item.10061: state properties are currently not supported: waxed_exposed_copper_bulb:lit=true
[27Jul2026 12:47:08.460] [Render thread/INFO] [Iris/]: Using shaderpack: photon-main (1).zip
[27Jul2026 12:47:08.461] [Render thread/INFO] [xaero.minimap.XaeroMinimap/]: Loading Xaero's Minimap - Stage 2/2
[27Jul2026 12:47:08.722] [Worker-Main-8/WARN] [net.minecraft.client.resources.model.ModelManager/]: Missing textures in model create:cut_limestone_slab#type=double,waterlogged=true:
    minecraft:textures/atlas/blocks.png:minecraft:block/cut_limestone
[27Jul2026 12:47:09.241] [Render thread/INFO] [xaero.hud.minimap.MinimapLogs/]: Registered player tracker system: minimap_synced
[27Jul2026 12:47:09.241] [Render thread/INFO] [xaero.lib.XaeroLib/]: Loading XaeroLib common 2/2!
[27Jul2026 12:47:09.242] [Render thread/INFO] [xaero.lib.XaeroLib/]: Loading XaeroLib client 2/2!
[27Jul2026 12:47:09.259] [Render thread/INFO] [Veil/]: Loaded 0 shader redirects, 0 replacements
[27Jul2026 12:47:09.265] [Render thread/INFO] [top.leonx.irisveil.IrisVeilCompat/]: [VeilHook] Captured vertex source for 'veil:necromancer/skinned_mesh': 5049 chars, hasGetVelocity=false, hasOffset=false
[27Jul2026 12:47:09.310] [Render thread/INFO] [top.leonx.irisveil.IrisVeilCompat/]: [VeilHook] Captured fragment source for 'veil:necromancer/skinned_mesh': 2073 chars
[27Jul2026 12:47:09.319] [Render thread/INFO] [top.leonx.irisveil.IrisVeilCompat/]: [VeilHook] Captured vertex source for 'veil:blit_screen': 542 chars, hasGetVelocity=false, hasOffset=false
[27Jul2026 12:47:09.319] [Render thread/INFO] [top.leonx.irisveil.IrisVeilCompat/]: [VeilHook] Captured fragment source for 'veil:blit_screen': 495 chars
[27Jul2026 12:47:09.319] [Render thread/INFO] [top.leonx.irisveil.IrisVeilCompat/]: [VeilHook] Captured vertex source for 'veil:blit_screen': 542 chars, hasGetVelocity=false, hasOffset=false
[27Jul2026 12:47:09.320] [Render thread/INFO] [top.leonx.irisveil.IrisVeilCompat/]: [VeilHook] Captured fragment source for 'veil:blit_depth': 532 chars
[27Jul2026 12:47:09.321] [Render thread/INFO] [top.leonx.irisveil.IrisVeilCompat/]: [VeilHook] Captured vertex source for 'veil:core/blit_screen_effect': 600 chars, hasGetVelocity=false, hasOffset=false
[27Jul2026 12:47:09.321] [Render thread/INFO] [top.leonx.irisveil.IrisVeilCompat/]: [VeilHook] Captured fragment source for 'veil:core/blit_screen_effect': 543 chars
[27Jul2026 12:47:09.322] [Render thread/INFO] [top.leonx.irisveil.IrisVeilCompat/]: [VeilHook] Captured vertex source for 'veil:light/area': 1703 chars, hasGetVelocity=false, hasOffset=false
[27Jul2026 12:47:09.322] [Render thread/INFO] [top.leonx.irisveil.IrisVeilCompat/]: [VeilHook] Captured fragment source for 'veil:light/area': 14130 chars
[27Jul2026 12:47:09.331] [Render thread/INFO] [top.leonx.irisveil.IrisVeilCompat/]: [VeilHook] Captured vertex source for 'veil:blit_screen': 542 chars, hasGetVelocity=false, hasOffset=false
[27Jul2026 12:47:09.331] [Render thread/INFO] [top.leonx.irisveil.IrisVeilCompat/]: [VeilHook] Captured fragment source for 'veil:debug/cubemap': 1758 chars
[27Jul2026 12:47:09.331] [Render thread/INFO] [top.leonx.irisveil.IrisVeilCompat/]: [VeilHook] Captured vertex source for 'simulated:end_sea': 1127 chars, hasGetVelocity=false, hasOffset=false
[27Jul2026 12:47:09.331] [Render thread/INFO] [top.leonx.irisveil.IrisVeilCompat/]: [VeilHook] Captured fragment source for 'simulated:end_sea': 1278 chars
[27Jul2026 12:47:09.333] [Render thread/INFO] [top.leonx.irisveil.IrisVeilCompat/]: [VeilHook] Captured vertex source for 'simulated:rope/rope': 4214 chars, hasGetVelocity=false, hasOffset=false
[27Jul2026 12:47:09.333] [Render thread/INFO] [top.leonx.irisveil.IrisVeilCompat/]: [VeilHook] Captured fragment source for 'simulated:rope/rope': 1948 chars
[27Jul2026 12:47:09.333] [Render thread/INFO] [top.leonx.irisveil.IrisVeilCompat/]: [VeilHook] Captured vertex source for 'veil:quasar/particle_additive': 1985 chars, hasGetVelocity=false, hasOffset=false
[27Jul2026 12:47:09.333] [Render thread/INFO] [top.leonx.irisveil.IrisVeilCompat/]: [VeilHook] Captured fragment source for 'veil:quasar/particle_additive': 1874 chars
[27Jul2026 12:47:09.333] [Render thread/INFO] [top.leonx.irisveil.IrisVeilCompat/]: [VeilHook] Captured vertex source for 'simulated:redstone_accumulator/diode': 4070 chars, hasGetVelocity=false, hasOffset=false
[27Jul2026 12:47:09.333] [Render thread/INFO] [top.leonx.irisveil.IrisVeilCompat/]: [VeilHook] Captured fragment source for 'simulated:redstone_accumulator/diode': 3788 chars
[27Jul2026 12:47:09.334] [Render thread/INFO] [top.leonx.irisveil.IrisVeilCompat/]: [VeilHook] Captured vertex source for 'contraptionlights:light/sublevel_point': 1054 chars, hasGetVelocity=false, hasOffset=false
[27Jul2026 12:47:09.334] [Render thread/INFO] [top.leonx.irisveil.IrisVeilCompat/]: [VeilHook] Captured fragment source for 'contraptionlights:light/sublevel_point': 15830 chars
[27Jul2026 12:47:09.340] [Render thread/INFO] [top.leonx.irisveil.IrisVeilCompat/]: [VeilHook] Captured vertex source for 'veil:debug/shell': 629 chars, hasGetVelocity=false, hasOffset=false
[27Jul2026 12:47:09.340] [Render thread/INFO] [top.leonx.irisveil.IrisVeilCompat/]: [VeilHook] Captured fragment source for 'veil:debug/shell': 605 chars
[27Jul2026 12:47:09.341] [Render thread/INFO] [top.leonx.irisveil.IrisVeilCompat/]: [VeilHook] Captured vertex source for 'veil:blit_screen': 542 chars, hasGetVelocity=false, hasOffset=false
[27Jul2026 12:47:09.341] [Render thread/INFO] [top.leonx.irisveil.IrisVeilCompat/]: [VeilHook] Captured fragment source for 'veil:light/directional': 9064 chars
[27Jul2026 12:47:09.343] [Render thread/INFO] [top.leonx.irisveil.IrisVeilCompat/]: [VeilHook] Captured vertex source for 'veil:quasar/particle': 1985 chars, hasGetVelocity=false, hasOffset=false
[27Jul2026 12:47:09.343] [Render thread/INFO] [top.leonx.irisveil.IrisVeilCompat/]: [VeilHook] Captured fragment source for 'veil:quasar/particle': 1898 chars
[27Jul2026 12:47:09.343] [Render thread/INFO] [top.leonx.irisveil.IrisVeilCompat/]: [VeilHook] Captured vertex source for 'contraptionlights:light/world_light': 1054 chars, hasGetVelocity=false, hasOffset=false
[27Jul2026 12:47:09.343] [Render thread/INFO] [top.leonx.irisveil.IrisVeilCompat/]: [VeilHook] Captured fragment source for 'contraptionlights:light/world_light': 14744 chars
[27Jul2026 12:47:09.348] [Render thread/INFO] [top.leonx.irisveil.IrisVeilCompat/]: [VeilHook] Captured vertex source for 'aeronautics:levitite/levitite': 5585 chars, hasGetVelocity=true, hasOffset=true
[27Jul2026 12:47:09.348] [Render thread/INFO] [top.leonx.irisveil.IrisVeilCompat/]: [VeilHook] Captured fragment source for 'aeronautics:levitite/levitite': 3656 chars
[27Jul2026 12:47:09.349] [Render thread/INFO] [top.leonx.irisveil.IrisVeilCompat/]: [VeilHook] Captured vertex source for 'simulated:spring/spring': 4196 chars, hasGetVelocity=false, hasOffset=false
[27Jul2026 12:47:09.349] [Render thread/INFO] [top.leonx.irisveil.IrisVeilCompat/]: [VeilHook] Captured fragment source for 'simulated:spring/spring': 1972 chars
[27Jul2026 12:47:09.349] [Render thread/INFO] [top.leonx.irisveil.IrisVeilCompat/]: [VeilHook] Captured vertex source for 'veil:blit_screen': 542 chars, hasGetVelocity=false, hasOffset=false
[27Jul2026 12:47:09.349] [Render thread/INFO] [top.leonx.irisveil.IrisVeilCompat/]: [VeilHook] Captured fragment source for 'veil:core/composite': 783 chars
[27Jul2026 12:47:09.349] [Render thread/INFO] [top.leonx.irisveil.IrisVeilCompat/]: [VeilHook] Captured vertex source for 'aeronautics:hot_air_overlay': 1167 chars, hasGetVelocity=false, hasOffset=false
[27Jul2026 12:47:09.349] [Render thread/INFO] [top.leonx.irisveil.IrisVeilCompat/]: [VeilHook] Captured fragment source for 'aeronautics:hot_air_overlay': 907 chars
[27Jul2026 12:47:09.350] [Render thread/INFO] [top.leonx.irisveil.IrisVeilCompat/]: [VeilHook] Captured vertex source for 'aeronautics:burner_flame': 1770 chars, hasGetVelocity=false, hasOffset=false
[27Jul2026 12:47:09.350] [Render thread/INFO] [top.leonx.irisveil.IrisVeilCompat/]: [VeilHook] Captured fragment source for 'aeronautics:burner_flame': 5298 chars
[27Jul2026 12:47:09.350] [Render thread/INFO] [top.leonx.irisveil.IrisVeilCompat/]: [VeilHook] Captured vertex source for 'veil:blit_screen': 542 chars, hasGetVelocity=false, hasOffset=false
[27Jul2026 12:47:09.350] [Render thread/INFO] [top.leonx.irisveil.IrisVeilCompat/]: [VeilHook] Captured fragment source for 'veil:core/bloom': 2631 chars
[27Jul2026 12:47:09.350] [Render thread/INFO] [top.leonx.irisveil.IrisVeilCompat/]: [VeilHook] Captured vertex source for 'veil:blit_screen': 542 chars, hasGetVelocity=false, hasOffset=false
[27Jul2026 12:47:09.350] [Render thread/INFO] [top.leonx.irisveil.IrisVeilCompat/]: [VeilHook] Captured fragment source for 'veil:core/blur': 937 chars
[27Jul2026 12:47:09.351] [Render thread/INFO] [top.leonx.irisveil.IrisVeilCompat/]: [VeilHook] Captured vertex source for 'veil:blit_screen': 542 chars, hasGetVelocity=false, hasOffset=false
[27Jul2026 12:47:09.351] [Render thread/INFO] [top.leonx.irisveil.IrisVeilCompat/]: [VeilHook] Captured fragment source for 'aeronautics:soft_light': 1108 chars
[27Jul2026 12:47:09.351] [Render thread/INFO] [top.leonx.irisveil.IrisVeilCompat/]: [VeilHook] Captured vertex source for 'veil:blit_screen': 542 chars, hasGetVelocity=false, hasOffset=false
[27Jul2026 12:47:09.351] [Render thread/INFO] [top.leonx.irisveil.IrisVeilCompat/]: [VeilHook] Captured fragment source for 'veil:debug/array': 539 chars
[27Jul2026 12:47:09.351] [Render thread/INFO] [top.leonx.irisveil.IrisVeilCompat/]: [VeilHook] Captured vertex source for 'veil:blit_screen': 542 chars, hasGetVelocity=false, hasOffset=false
[27Jul2026 12:47:09.351] [Render thread/INFO] [top.leonx.irisveil.IrisVeilCompat/]: [VeilHook] Captured fragment source for 'veil:core/unblur': 1318 chars
[27Jul2026 12:47:09.351] [Render thread/INFO] [top.leonx.irisveil.IrisVeilCompat/]: [VeilHook] Captured vertex source for 'veil:light/point': 1136 chars, hasGetVelocity=false, hasOffset=false
[27Jul2026 12:47:09.351] [Render thread/INFO] [top.leonx.irisveil.IrisVeilCompat/]: [VeilHook] Captured fragment source for 'veil:light/point': 13059 chars
[27Jul2026 12:47:09.356] [Render thread/INFO] [top.leonx.irisveil.IrisVeilCompat/]: [VeilHook] Captured vertex source for 'simulated:laser_pointer/lens': 4016 chars, hasGetVelocity=false, hasOffset=false
[27Jul2026 12:47:09.356] [Render thread/INFO] [top.leonx.irisveil.IrisVeilCompat/]: [VeilHook] Captured fragment source for 'simulated:laser_pointer/lens': 4048 chars
[27Jul2026 12:47:09.356] [Render thread/INFO] [top.leonx.irisveil.IrisVeilCompat/]: [VeilHook] Captured vertex source for 'simulated:laser/laser': 774 chars, hasGetVelocity=false, hasOffset=false
[27Jul2026 12:47:09.356] [Render thread/INFO] [top.leonx.irisveil.IrisVeilCompat/]: [VeilHook] Captured fragment source for 'simulated:laser/laser': 1878 chars
[27Jul2026 12:47:09.356] [Render thread/INFO] [top.leonx.irisveil.IrisVeilCompat/]: [VeilHook] Captured vertex source for 'simulated:contraption_diagram/outline_diagram': 610 chars, hasGetVelocity=false, hasOffset=false
[27Jul2026 12:47:09.356] [Render thread/INFO] [top.leonx.irisveil.IrisVeilCompat/]: [VeilHook] Captured fragment source for 'simulated:contraption_diagram/outline_diagram': 5629 chars
[27Jul2026 12:47:09.357] [Render thread/INFO] [top.leonx.irisveil.IrisVeilCompat/]: [VeilHook] Captured vertex source for 'veil:blit_screen': 542 chars, hasGetVelocity=false, hasOffset=false
[27Jul2026 12:47:09.357] [Render thread/INFO] [top.leonx.irisveil.IrisVeilCompat/]: [VeilHook] Captured fragment source for 'simulated:spread_end_sea': 2427 chars
[27Jul2026 12:47:09.360] [Render thread/INFO] [Veil/]: Loaded 31 shaders from: pinwheel/shaders/program
[27Jul2026 12:47:09.448] [Worker-Main-10/INFO] [PonderIndex/]: Registering Ponder Scenes took 67.81 ms
[27Jul2026 12:47:09.450] [Worker-Main-10/INFO] [PonderIndex/]: Registering Ponder Tags took 2.822 ms
[27Jul2026 12:47:09.543] [Render thread/INFO] [Photonics/]: Photonics ReSTIR GI v70: forcing PHOTONICS_RESTIR_COMBINED_GI on for the geometry-guided spatial-reuse test (configured=true)
[27Jul2026 12:47:09.543] [Render thread/INFO] [Photonics/]: Photonics performance overrides: renderScale=shader-pack, giRenderScale=0.5, temporalUpscaler=true, temporalUpscalerSourceScale=0.67, temporalUpscalerHistoryFrames=8, restirInitialSamples=shader-pack, restirDenoiserPasses=shader-pack, restirGiDenoiserPasses=shader-pack (shader-pack means no JVM override)
[27Jul2026 12:47:09.607] [Render thread/WARN] [Iris/]: Invalid pack option: GTAO
[27Jul2026 12:47:09.607] [Render thread/WARN] [Iris/]: Invalid pack option: GTAO
[27Jul2026 12:47:09.608] [Render thread/WARN] [Iris/]: Unable to resolve shader pack option menu element "WATER_REFRACTION" defined in shaders.properties
[27Jul2026 12:47:09.608] [Render thread/WARN] [Iris/]: Unable to resolve shader pack option menu element "WATER_REFRACTION_INTENSITY" defined in shaders.properties
[27Jul2026 12:47:09.608] [Render thread/WARN] [Iris/]: Unable to resolve shader pack option menu element "CLOUDS_DAILY_WEATHER" defined in shaders.properties
[27Jul2026 12:47:09.608] [Render thread/WARN] [Iris/]: Unable to resolve shader pack option menu element "CLOUDS_CUMULUS_CONGESTUS_PRIMARY_STEPS_H" defined in shaders.properties
[27Jul2026 12:47:09.608] [Render thread/WARN] [Iris/]: Unable to resolve shader pack option menu element "CLOUDS_CUMULUS_CONGESTUS_PRIMARY_STEPS_Z" defined in shaders.properties
[27Jul2026 12:47:09.608] [Render thread/INFO] [Iris/]: Profile: ultra (+9 options changed by user)
[27Jul2026 12:47:10.078] [Render thread/WARN] [Iris/]: Failed to parse an ResourceLocation in item.properties for the key item.10056: state properties are currently not supported: calibrated_sculk_sensor:sculk_sensor_phase=inactive
[27Jul2026 12:47:10.078] [Render thread/WARN] [Iris/]: Failed to parse an ResourceLocation in item.properties for the key item.10056: state properties are currently not supported: calibrated_sculk_sensor:sculk_sensor_phase=cooldown
[27Jul2026 12:47:10.078] [Render thread/WARN] [Iris/]: Failed to parse an ResourceLocation in item.properties for the key item.10057: state properties are currently not supported: calibrated_sculk_sensor:sculk_sensor_phase=active
[27Jul2026 12:47:10.078] [Render thread/WARN] [Iris/]: Failed to parse an ResourceLocation in item.properties for the key item.10057: state properties are currently not supported: sculk_sensor:sculk_sensor_phase=active
[27Jul2026 12:47:10.079] [Render thread/WARN] [Iris/]: Failed to parse an ResourceLocation in item.properties for the key item.10061: state properties are currently not supported: weathered_copper_bulb:lit=true
[27Jul2026 12:47:10.079] [Render thread/WARN] [Iris/]: Failed to parse an ResourceLocation in item.properties for the key item.10061: state properties are currently not supported: oxidized_copper_bulb:lit=true
[27Jul2026 12:47:10.079] [Render thread/WARN] [Iris/]: Failed to parse an ResourceLocation in item.properties for the key item.10061: state properties are currently not supported: waxed_weathered_copper_bulb:lit=true
[27Jul2026 12:47:10.079] [Render thread/WARN] [Iris/]: Failed to parse an ResourceLocation in item.properties for the key item.10061: state properties are currently not supported: waxed_oxidized_copper_bulb:lit=true
[27Jul2026 12:47:10.079] [Render thread/WARN] [Iris/]: Failed to parse an ResourceLocation in item.properties for the key item.10061: state properties are currently not supported: copper_bulb:lit=true
[27Jul2026 12:47:10.079] [Render thread/WARN] [Iris/]: Failed to parse an ResourceLocation in item.properties for the key item.10061: state properties are currently not supported: exposed_copper_bulb:lit=true
[27Jul2026 12:47:10.079] [Render thread/WARN] [Iris/]: Failed to parse an ResourceLocation in item.properties for the key item.10061: state properties are currently not supported: waxed_copper_bulb:lit=true
[27Jul2026 12:47:10.079] [Render thread/WARN] [Iris/]: Failed to parse an ResourceLocation in item.properties for the key item.10061: state properties are currently not supported: waxed_exposed_copper_bulb:lit=true
[27Jul2026 12:47:10.087] [Render thread/INFO] [Iris/]: Using shaderpack: photon-main (1).zip
[27Jul2026 12:47:10.089] [Render thread/WARN] [net.minecraft.client.sounds.SoundEngine/]: Missing sound for event: minecraft:item.goat_horn.play
[27Jul2026 12:47:10.089] [Render thread/WARN] [net.minecraft.client.sounds.SoundEngine/]: Missing sound for event: minecraft:entity.goat.screaming.horn_break
[27Jul2026 12:47:10.113] [Render thread/INFO] [com.mojang.blaze3d.audio.Library/]: OpenAL initialized on device Navi 31 HDMI/DP Audio Digital Stereo (HDMI 2)
[27Jul2026 12:47:10.113] [Render thread/INFO] [net.minecraft.client.sounds.SoundEngine/SOUNDS]: Sound engine started
[27Jul2026 12:47:10.162] [Render thread/INFO] [net.minecraft.client.renderer.texture.TextureAtlas/]: Created: 2048x2048x4 minecraft:textures/atlas/blocks.png-atlas
[27Jul2026 12:47:10.203] [Render thread/INFO] [net.minecraft.client.renderer.texture.TextureAtlas/]: Created: 256x256x4 minecraft:textures/atlas/signs.png-atlas
[27Jul2026 12:47:10.204] [Render thread/INFO] [net.minecraft.client.renderer.texture.TextureAtlas/]: Created: 512x512x4 minecraft:textures/atlas/shield_patterns.png-atlas
[27Jul2026 12:47:10.204] [Render thread/INFO] [net.minecraft.client.renderer.texture.TextureAtlas/]: Created: 512x512x4 minecraft:textures/atlas/banner_patterns.png-atlas
[27Jul2026 12:47:10.205] [Render thread/INFO] [net.minecraft.client.renderer.texture.TextureAtlas/]: Created: 2048x1024x4 minecraft:textures/atlas/armor_trims.png-atlas
[27Jul2026 12:47:10.214] [Render thread/INFO] [net.minecraft.client.renderer.texture.TextureAtlas/]: Created: 128x64x4 minecraft:textures/atlas/decorated_pot.png-atlas
[27Jul2026 12:47:10.214] [Render thread/INFO] [net.minecraft.client.renderer.texture.TextureAtlas/]: Created: 256x256x4 minecraft:textures/atlas/chest.png-atlas
[27Jul2026 12:47:10.215] [Render thread/INFO] [net.minecraft.client.renderer.texture.TextureAtlas/]: Created: 512x256x4 minecraft:textures/atlas/shulker_boxes.png-atlas
[27Jul2026 12:47:10.215] [Render thread/INFO] [net.minecraft.client.renderer.texture.TextureAtlas/]: Created: 512x256x4 minecraft:textures/atlas/beds.png-atlas
[27Jul2026 12:47:10.256] [Render thread/INFO] [net.minecraft.client.renderer.texture.TextureAtlas/]: Created: 512x512x0 minecraft:textures/atlas/particles.png-atlas
[27Jul2026 12:47:10.258] [Render thread/INFO] [net.minecraft.client.renderer.texture.TextureAtlas/]: Created: 512x256x0 minecraft:textures/atlas/paintings.png-atlas
[27Jul2026 12:47:10.259] [Render thread/INFO] [net.minecraft.client.renderer.texture.TextureAtlas/]: Created: 256x128x0 minecraft:textures/atlas/mob_effects.png-atlas
[27Jul2026 12:47:10.259] [Render thread/INFO] [net.minecraft.client.renderer.texture.TextureAtlas/]: Created: 64x64x0 minecraft:textures/atlas/map_decorations.png-atlas
[27Jul2026 12:47:10.260] [Render thread/INFO] [net.minecraft.client.renderer.texture.TextureAtlas/]: Created: 1024x1024x0 minecraft:textures/atlas/gui.png-atlas
[27Jul2026 12:47:10.279] [Render thread/WARN] [net.minecraft.client.renderer.ShaderInstance/]: Shader rendertype_entity_translucent_emissive could not find sampler named Sampler2 in the specified shader program.
[27Jul2026 12:47:10.331] [Render thread/INFO] [xaero.lib.XaeroLib/]: Successfully reloaded the XaeroLib shaders!
[27Jul2026 12:47:10.331] [Render thread/INFO] [net.neoforged.neoforge.client.entity.animation.json.AnimationLoader/]: Loaded 0 entity animations
[27Jul2026 12:47:10.331] [Render thread/INFO] [Veil/]: Loaded 3 framebuffers
[27Jul2026 12:47:10.337] [Render thread/INFO] [Veil/]: Loaded 6 post pipelines
[27Jul2026 12:47:10.340] [Render thread/INFO] [Veil/]: Loaded 6 render types
[27Jul2026 12:47:10.340] [Render thread/INFO] [Veil/]: Enabled bloom pipeline
[27Jul2026 12:47:10.340] [Render thread/INFO] [Veil/]: Loaded 0 quasar particles
[27Jul2026 12:47:10.340] [Render thread/INFO] [Veil/]: Loaded 0 templates
[27Jul2026 12:47:10.340] [Render thread/INFO] [Veil/]: Loaded 0 modules
[27Jul2026 12:47:10.357] [Render thread/INFO] [flywheel/backend/shaders/]: Loaded 77 shader sources in 14.035 ms
[27Jul2026 12:47:10.367] [Render thread/INFO] [com.simibubi.create.Create/]: Loaded 58 train hat configurations.
[27Jul2026 12:47:10.398] [Render thread/INFO] [DistantHorizons-DistantHorizons-com.seibel.distanthorizons.core.jar.updater.SelfUpdater/]: Checking for Distant Horizons [STABLE] update for MC [1.21.1]...
[27Jul2026 12:47:10.723] [Render thread/INFO] [DistantHorizons-DistantHorizons-com.seibel.distanthorizons.core.jar.updater.SelfUpdater/]: Distant Horizons already up to date.
[27Jul2026 12:47:10.734] [Render thread/INFO] [Photonics/]: Loaded ph_lights.json for shader pack 'photon-main (1).zip'
[27Jul2026 12:47:10.739] [Render thread/INFO] [Photonics/]: Photonics light registry contains 231 light definitions for 115 blocks
[27Jul2026 12:47:10.739] [Render thread/INFO] [Photonics/]: Photonics pipeline for 'photon-main (1).zip': enabled=true, mode=RESTIR, blockLight=true, gi=true, blockLightGi=false, handheld=true, shaderPackRenderScale=1.0, renderScale=0.67, giRenderScale=0.5, temporalUpscalerRequested=true, temporalUpscalerSourceScale=0.67, temporalUpscalerActive=true, temporalUpscalerHistoryFrames=8, maxLights=4000, maxSamples=20, restirInitial=32, restirSpatial=1, restirDenoiser=5, restirGiDenoiser=3, restirSoftShadows=false, restirCombinedGi=true
[27Jul2026 12:47:10.981] [Render thread/INFO] [Photonics/]: Photonics feature increment: v65 upstream traversal guard, hand texture-normal evaluation, immature-history edge variance, and variance-guided full SVGF passes; direct-light-v64 proxy ownership retained
[27Jul2026 12:47:10.981] [Render thread/INFO] [Photonics/]: Photonics GI foundation v82: finite full-position indirect reservoirs, corrected primary-ray origin/origin rebasing/explicit sky hits, normal/Jacobian-weighted world-hit temporal reuse for world and Sable receivers, hand temporal isolation, and selected-reservoir visibility validation
[27Jul2026 12:47:10.982] [Render thread/INFO] [Photonics/]: Photonics ReSTIR GI v79: combinedGi=true, splitGi=true, directScale=0.67, giScale=0.5, directDenoiserPasses=5, giDenoiserPasses=3, giPipeline=independent-frag-grid+reservoirs+history+svgf, composition=post-estimator-screen-space
[27Jul2026 12:47:10.982] [Render thread/INFO] [Photonics/]: Photonics split-GI reconstruction v81: receiver-aware four-tap interpolation with unsupported-pixel nearest-compatible fallback
[27Jul2026 12:47:10.982] [Render thread/INFO] [Photonics/]: Photonics GI stability v82: world-hit temporal reservoir reuse enabled for rigidly reprojected Sable receivers; hand history remains isolated
[27Jul2026 12:47:10.982] [Render thread/INFO] [Photonics/]: Photonics direct startup v84: unbiased candidate-count-stable half-budget camera-contribution stratum with full-list systematic tail coverage
[27Jul2026 12:47:10.982] [Render thread/INFO] [Photonics/]: Photonics ReSTIR GI transport v85+: stochastic tinted-glass traversal and endpoint-first transparent-hit validation
[27Jul2026 12:47:10.982] [Render thread/INFO] [Photonics/]: Photonics stability v86: deterministic thin-cutout GI coverage and bounded palette-heap compiler recovery probes
[27Jul2026 12:47:10.982] [Render thread/INFO] [Photonics/]: Photonics ReSTIR GI validation v88: triState=valid/blocked-current-receiver/stale, blockedHistoryM=preserved-once-with-zero-energy, staleHistoryM=excluded, maxTemporalCandidates=1, maxSpatialCandidates=1, maxTraversalSteps=128
[27Jul2026 12:47:10.982] [Render thread/INFO] [Photonics/]: Photonics feature set: direct-light-v64 expiring Contraption Lights proxy ownership with a conservative nearby unmatched-proxy quarantine, position-matched Sable light alias trail with registry/profile diagnostics and render-thread-owned external merge, full-precision motion-grid Sable receiver visibility and endpoint-safe conservative traversal, dual-space Sable light de-duplication, production composite restored after v57 reservoir diagnostics, corrected indirect hit-normal decoding, full temporal reservoir retention for Sable external lighting, randomized systematic world-light proposals, Sable skylight-transition diagnostics with opt-in getter freeze, post-denoise exact Sable-local direct stream and fail-closed same-domain visibility, camera-relative double-composed Sable reprojection, normal-guided receiver classification, tri-state same-sublevel visibility and conservative supercover voxel traversal, sampling-time receiver-domain partition with exact same-sublevel direct lighting, external-only Sable reservoirs and soft-shadow local-visibility-signature-guided Sable SVGF support, preserved all-zero current proposal batches, elapsed-time moving-light hysteresis and unsnapped render-pose positions, rejected spatial-batch accounting, receiver-domain-complete stable/external history partition and rigid-motion Sable spatial reuse, bounded visibility-rejected reservoirs and representative-scoped external reactivity, split stable/external accumulation histories and stale Sable material recovery, explicit emitter motion-domain identity, motion-domain-stable receiver-relative light-history limits, previous-light position metadata, rotation-correct cross-sublevel motion, guarded ordinary-world all-light and external-only Sable single-neighbor spatial reuse, immutable spatial input, current-receiver visibility validation, bounded spatial history, independent spatial random stream, bounded reservoirs, zero-contribution batch accounting, actual-motion reactive lights, stable-anchor Sable reprojection, surface-plane SVGF, visibility-transition provenance, stable Sable identity, current-visible temporal reuse, Sable plot-section isolation, deterministic diagonal cutouts, generation-aligned adaptive stratified ReSTIR proposals, exposed-face Sable local visibility, duplicate Veil point-light suppression, moving-light and Iris material bridges; finite-segment OOB visibility and tree-origin tracing, masked passes, texture barriers, accumulation, denoising, handheld; Sable-receiver world/cross-sublevel spatial reuse and combined GI compatibility gates active
[27Jul2026 12:47:10.982] [Render thread/INFO] [Photonics/]: Photonics ReSTIR configuration v79: directCandidatesPerPixel=32, directTemporalSampleCap=640, directOutputSampleCap=world-128/sable-temporal-cap, spatialCandidates=1, spatialRadiusPixels=5.0, output=split-direct-and-gi-radiance-plus-exact-sable-local, samplingPolicy=randomized-systematic-luminance-sorted-world-suffix+distinct-priority-prefix/sable-external-reservoir/exact-all-same-token-lights/fail-closed-tri-state-conservative-local-dda/full-precision-motion-grid-receiver/normal-biased-endpoint/preserved-zero-current-batches, spatialPolicy=receiver-matched-current-frame/external-only-sable/current-rejection-accounting/immutable-input/initial-batch-cap+rejected-fallback-cap+background-finalization, historyPolicy=receiver-domain-complete-split-stable-external/direct-only-full-rigid-local-history/camera-relative-double-compose/normal-guided-receiver/soft-local-signature-reset/visibility-transition-reset/representative-scoped-external-reactivity/explicit-emitter-domain/0.15-block-trail/2-frame-floor, lightListPolicy=position-matched-250ms-alias-trail/250ms-after-loss-minecraft-light-proxy-ownership/125ms+2-frame-unmatched-proxy-quarantine/3-cell-alias-radius/render-thread-owned-merge, motionHoldMs=250, denoiserPolicy=post-denoise-exact-local-hard-shadow+representative-gated-world+soft-local-signature-sable, sableSkyLightDiagnostic=transition-log/optional-freeze-getter, directDenoiserPasses=5, giDenoiserPasses=3, softShadows=false, combinedGi=true, splitGi=true
[27Jul2026 12:47:11.001] [Render thread/INFO] [Photonics/]: Photonics temporal upscaler: enabled=true, configuredSourceScale=0.67, effectiveSourceScale=0.67, giScale=0.5, outputScale=1.0, historyFrames=8, currentTaps=4+fallback, historyTaps=4, historyBytesPerOutputPixel=32, composition=private-lighting-texture
[27Jul2026 12:47:11.001] [Render thread/INFO] [Photonics/]: Photonics history reset v18: reason=pipeline-created, generation=1, dimension=minecraft:overworld
[27Jul2026 12:47:11.002] [Render thread/INFO] [Iris/]: Creating pipeline for dimension minecraft:overworld
[27Jul2026 12:47:11.475] [Render thread/INFO] [org.anarres.cpp.DefaultPreprocessorListener/]: null:0:0: error: #endif without #if
[27Jul2026 12:47:11.594] [Render thread/INFO] [org.anarres.cpp.DefaultPreprocessorListener/]: null:0:0: error: #endif without #if
[27Jul2026 12:47:11.622] [Render thread/INFO] [org.anarres.cpp.DefaultPreprocessorListener/]: null:0:0: error: #endif without #if
[27Jul2026 12:47:11.698] [Render thread/INFO] [org.anarres.cpp.DefaultPreprocessorListener/]: null:0:0: error: #endif without #if
[27Jul2026 12:47:11.742] [Render thread/INFO] [org.anarres.cpp.DefaultPreprocessorListener/]: null:0:0: error: #endif without #if
[27Jul2026 12:47:11.776] [Render thread/INFO] [org.anarres.cpp.DefaultPreprocessorListener/]: null:0:0: error: #endif without #if
[27Jul2026 12:47:11.807] [Render thread/INFO] [org.anarres.cpp.DefaultPreprocessorListener/]: null:0:0: error: #endif without #if
[27Jul2026 12:47:11.836] [Render thread/INFO] [org.anarres.cpp.DefaultPreprocessorListener/]: null:0:0: error: #endif without #if
[27Jul2026 12:47:11.874] [Render thread/INFO] [org.anarres.cpp.DefaultPreprocessorListener/]: null:0:0: error: #endif without #if
[27Jul2026 12:47:11.901] [Render thread/INFO] [org.anarres.cpp.DefaultPreprocessorListener/]: null:0:0: error: #endif without #if
[27Jul2026 12:47:11.935] [Render thread/INFO] [org.anarres.cpp.DefaultPreprocessorListener/]: null:0:0: error: #endif without #if
[27Jul2026 12:47:11.962] [Render thread/INFO] [org.anarres.cpp.DefaultPreprocessorListener/]: null:0:0: error: #endif without #if
[27Jul2026 12:47:11.998] [Render thread/INFO] [org.anarres.cpp.DefaultPreprocessorListener/]: null:0:0: error: #endif without #if
[27Jul2026 12:47:12.024] [Render thread/INFO] [org.anarres.cpp.DefaultPreprocessorListener/]: null:0:0: error: #endif without #if
[27Jul2026 12:47:12.053] [Render thread/INFO] [org.anarres.cpp.DefaultPreprocessorListener/]: null:0:0: error: #endif without #if
[27Jul2026 12:47:12.077] [Render thread/INFO] [org.anarres.cpp.DefaultPreprocessorListener/]: null:0:0: error: #endif without #if
[27Jul2026 12:47:12.100] [Render thread/INFO] [org.anarres.cpp.DefaultPreprocessorListener/]: null:0:0: error: #endif without #if
[27Jul2026 12:47:12.124] [Render thread/INFO] [org.anarres.cpp.DefaultPreprocessorListener/]: null:0:0: error: #endif without #if
[27Jul2026 12:47:12.143] [Render thread/INFO] [org.anarres.cpp.DefaultPreprocessorListener/]: null:0:0: error: #endif without #if
[27Jul2026 12:47:12.414] [Render thread/WARN] [Iris/]: Type is VERTEX
[27Jul2026 12:47:12.416] [Render thread/WARN] [Iris/]: Type is FRAGMENT
[27Jul2026 12:47:12.423] [Render thread/WARN] [Iris/]: Type is VERTEX
[27Jul2026 12:47:12.424] [Render thread/WARN] [Iris/]: Type is FRAGMENT
[27Jul2026 12:47:12.441] [Render thread/WARN] [Iris/]: Type is VERTEX
[27Jul2026 12:47:12.442] [Render thread/WARN] [Iris/]: Type is FRAGMENT
[27Jul2026 12:47:15.391] [Render thread/INFO] [com.simibubi.create.Create/]: Created 157 recipes which will be injected into the game
[27Jul2026 12:47:15.393] [Render thread/INFO] [com.simibubi.create.Create/]: Created 0 tags which will be injected into the game
[27Jul2026 12:47:15.709] [Worker-Main-3/ERROR] [net.minecraft.world.level.storage.loot.LootDataType/]: Couldn't parse element ResourceKey[minecraft:root / minecraft:loot_table]:simurail:blocks/automatic_coupler - Not a valid resource location: simurail:blocks/simurail:automatic_coupler Non [a-z0-9/._-] character in path of location: simurail:blocks/simurail:automatic_coupler
[27Jul2026 12:47:15.962] [Render thread/INFO] [net.minecraft.world.item.crafting.RecipeManager/]: Loaded 2943 recipes
[27Jul2026 12:47:16.045] [Render thread/INFO] [net.minecraft.advancements.AdvancementTree/]: Loaded 2644 advancements
[27Jul2026 12:47:16.519] [Server thread/INFO] [net.minecraft.client.server.IntegratedServer/]: Starting integrated minecraft server version 1.21.1
[27Jul2026 12:47:16.519] [Server thread/INFO] [net.minecraft.server.MinecraftServer/]: Generating keypair
[27Jul2026 12:47:16.584] [Server thread/INFO] [DistantHorizons-DistantHorizons-com.seibel.distanthorizons.core.world.AbstractDhWorld/]: Started DhWorld of type [CLIENT_SERVER].
[27Jul2026 12:47:16.616] [Server thread/INFO] [dev.ryanhcode.sable.Sable/]: Creating physics pipeline for ResourceKey[minecraft:dimension / minecraft:overworld] using RapierPhysicsPipelineProvider
[27Jul2026 12:47:16.898] [DH-Full Data Migration Thread[0]/INFO] [DistantHorizons-DistantHorizons-com.seibel.distanthorizons.core.file.fullDatafile.V2.DataMigratorV1/]: No migration necessary.
[27Jul2026 12:47:16.908] [Server thread/INFO] [DistantHorizons-DistantHorizons-com.seibel.distanthorizons.core.level.AbstractDhServerLevel/]: Started DhClientServerLevel for [Wrapped{ServerLevel[New World]@minecraft:overworld}] at [[LocalSaveStructure@(/home/krzysztofkalisiak/.local/share/ModrinthApp/profiles/Create Aeronautics (1)/saves/New World (1)/data)]].
[27Jul2026 12:47:16.955] [Server thread/INFO] [dev.ryanhcode.sable.Sable/]: Creating physics pipeline for ResourceKey[minecraft:dimension / minecraft:the_nether] using RapierPhysicsPipelineProvider
[27Jul2026 12:47:17.158] [DH-Full Data Migration Thread[0]/INFO] [DistantHorizons-DistantHorizons-com.seibel.distanthorizons.core.file.fullDatafile.V2.DataMigratorV1/]: No migration necessary.
[27Jul2026 12:47:17.161] [Server thread/INFO] [DistantHorizons-DistantHorizons-com.seibel.distanthorizons.core.level.AbstractDhServerLevel/]: Started DhClientServerLevel for [Wrapped{ServerLevel[New World]@minecraft:the_nether}] at [[LocalSaveStructure@(/home/krzysztofkalisiak/.local/share/ModrinthApp/profiles/Create Aeronautics (1)/saves/New World (1)/DIM-1/data;/home/krzysztofkalisiak/.local/share/ModrinthApp/profiles/Create Aeronautics (1)/saves/New World (1)/data)]].
[27Jul2026 12:47:17.161] [Server thread/INFO] [dev.ryanhcode.sable.Sable/]: Creating physics pipeline for ResourceKey[minecraft:dimension / minecraft:the_end] using RapierPhysicsPipelineProvider
[27Jul2026 12:47:17.177] [DH-Full Data Migration Thread[0]/INFO] [DistantHorizons-DistantHorizons-com.seibel.distanthorizons.core.file.fullDatafile.V2.DataMigratorV1/]: No migration necessary.
[27Jul2026 12:47:17.179] [Server thread/INFO] [DistantHorizons-DistantHorizons-com.seibel.distanthorizons.core.level.AbstractDhServerLevel/]: Started DhClientServerLevel for [Wrapped{ServerLevel[New World]@minecraft:the_end}] at [[LocalSaveStructure@(/home/krzysztofkalisiak/.local/share/ModrinthApp/profiles/Create Aeronautics (1)/saves/New World (1)/DIM-1/data;/home/krzysztofkalisiak/.local/share/ModrinthApp/profiles/Create Aeronautics (1)/saves/New World (1)/data;/home/krzysztofkalisiak/.local/share/ModrinthApp/profiles/Create Aeronautics (1)/saves/New World (1)/DIM1/data)]].
[27Jul2026 12:47:17.180] [Server thread/INFO] [net.minecraft.server.MinecraftServer/]: Preparing start region for dimension minecraft:overworld
[27Jul2026 12:47:17.283] [Render thread/INFO] [net.minecraft.server.level.progress.LoggerChunkProgressListener/]: Preparing spawn area: 0%
[27Jul2026 12:47:17.360] [Server thread/INFO] [net.neoforged.neoforge.server.permission.PermissionAPI/]: Successfully initialized permission handler neoforge:default_handler
[27Jul2026 12:47:17.360] [Server thread/INFO] [me.yurtema.searchlights.Searchlights/]: HELLO from server starting
[27Jul2026 12:47:17.375] [Render thread/INFO] [net.minecraft.server.level.progress.LoggerChunkProgressListener/]: Time elapsed: 193 ms
[27Jul2026 12:47:17.433] [DH-Request Module Ticker [minecraft:overworld] Thread[0]/INFO] [DistantHorizons-DistantHorizons-com.seibel.distanthorizons.core.generation.BatchGenerator/]: Batch Chunk Generator initialized
[27Jul2026 12:47:17.434] [DH-Request Module Ticker [minecraft:overworld] Thread[0]/INFO] [DistantHorizons-DistantHorizons-com.seibel.distanthorizons.core.generation.queues.WorldGenerationQueue/]: Creating world gen queue
[27Jul2026 12:47:17.435] [DH-Request Module Ticker [minecraft:overworld] Thread[0]/INFO] [DistantHorizons-DistantHorizons-com.seibel.distanthorizons.core.generation.queues.WorldGenerationQueue/]: Created world gen queue
[27Jul2026 12:47:17.435] [DH-Request Module Ticker [minecraft:overworld] Thread[0]/INFO] [DistantHorizons-DistantHorizons-com.seibel.distanthorizons.core.file.fullDatafile.GeneratedFullDataSourceProvider/]: Set world gen queue for level [minecraft:overworld].
[27Jul2026 12:47:17.468] [Server thread/INFO] [net.minecraft.client.server.IntegratedServer/]: Changing view distance to 12, from 10
[27Jul2026 12:47:17.468] [Server thread/INFO] [net.minecraft.client.server.IntegratedServer/]: Changing simulation distance to 12, from 0
[27Jul2026 12:47:17.518] [Render thread/INFO] [dev.ryanhcode.sable.Sable/]: Adding local UDP server channel future
[27Jul2026 12:47:17.521] [Render thread/WARN] [io.netty.bootstrap.Bootstrap/]: Unknown channel option 'SO_BROADCAST' for channel '[id: 0xc144efc4]'
[27Jul2026 12:47:17.525] [Netty Server IO #1/INFO] [dev.ryanhcode.sable.Sable/]: Server UDP channel active
[27Jul2026 12:47:17.537] [Render thread/INFO] [dev.ryanhcode.sable.Sable/]: Starting local client UDP channel future
[27Jul2026 12:47:17.538] [Netty Local Client IO #1/INFO] [dev.ryanhcode.sable.Sable/]: Client UDP channel active
[27Jul2026 12:47:17.678] [DH-Request Module Ticker [minecraft:the_nether] Thread[0]/INFO] [DistantHorizons-DistantHorizons-com.seibel.distanthorizons.core.generation.BatchGenerator/]: Batch Chunk Generator initialized
[27Jul2026 12:47:17.678] [DH-Request Module Ticker [minecraft:the_nether] Thread[0]/INFO] [DistantHorizons-DistantHorizons-com.seibel.distanthorizons.core.generation.queues.WorldGenerationQueue/]: Creating world gen queue
[27Jul2026 12:47:17.678] [DH-Request Module Ticker [minecraft:the_nether] Thread[0]/INFO] [DistantHorizons-DistantHorizons-com.seibel.distanthorizons.core.generation.queues.WorldGenerationQueue/]: Created world gen queue
[27Jul2026 12:47:17.678] [DH-Request Module Ticker [minecraft:the_nether] Thread[0]/INFO] [DistantHorizons-DistantHorizons-com.seibel.distanthorizons.core.file.fullDatafile.GeneratedFullDataSourceProvider/]: Set world gen queue for level [minecraft:the_nether].
[27Jul2026 12:47:17.698] [DH-Request Module Ticker [minecraft:the_end] Thread[0]/INFO] [DistantHorizons-DistantHorizons-com.seibel.distanthorizons.core.generation.BatchGenerator/]: Batch Chunk Generator initialized
[27Jul2026 12:47:17.698] [DH-Request Module Ticker [minecraft:the_end] Thread[0]/INFO] [DistantHorizons-DistantHorizons-com.seibel.distanthorizons.core.generation.queues.WorldGenerationQueue/]: Creating world gen queue
[27Jul2026 12:47:17.698] [DH-Request Module Ticker [minecraft:the_end] Thread[0]/INFO] [DistantHorizons-DistantHorizons-com.seibel.distanthorizons.core.generation.queues.WorldGenerationQueue/]: Created world gen queue
[27Jul2026 12:47:17.698] [DH-Request Module Ticker [minecraft:the_end] Thread[0]/INFO] [DistantHorizons-DistantHorizons-com.seibel.distanthorizons.core.file.fullDatafile.GeneratedFullDataSourceProvider/]: Set world gen queue for level [minecraft:the_end].
[27Jul2026 12:47:17.793] [Server thread/INFO] [net.minecraft.server.players.PlayerList/]: Eutio[local:E:d12f3bbc] logged in with entity id 19 at (52.876857425064415, 76.2516322495908, 146.90484611543144)
[27Jul2026 12:47:17.796] [Server thread/INFO] [dev.ryanhcode.sable.Sable/]: Beginning attempted authentication with player Eutio
[27Jul2026 12:47:17.819] [Server thread/INFO] [net.minecraft.server.MinecraftServer/]: Eutio joined the game
[27Jul2026 12:47:17.828] [Render thread/INFO] [xaero.hud.minimap.MinimapLogs/]: Minimap required item set to nothing.
[27Jul2026 12:47:17.828] [Render thread/INFO] [xaero.hud.minimap.MinimapLogs/]: New Xaero hud session initialized!
[27Jul2026 12:47:17.836] [Server thread/INFO] [DistantHorizons-DistantHorizons-com.seibel.distanthorizons.core.api.internal.ServerApi/]: Player [Eutio] joined.
[27Jul2026 12:47:17.881] [Render thread/INFO] [Iris/]: Reloading pipeline on dimension change: minecraft:overworld => minecraft:overworld
[27Jul2026 12:47:17.881] [Render thread/INFO] [Photonics/]: Photonics history reset v72: reason=pipeline-destroyed, generation=1
[27Jul2026 12:47:17.890] [Render thread/INFO] [Photonics/]: Photonics chunk compiler v72 stopped: pendingSections=0, memory=jvmHeap={usedBytes=1943981168, committedBytes=2411724800, maxBytes=8589934592}, jvmGc={collections=72, timeMs=383}, worldHeap=GpuBufferHeapStats[capacityBytes=536870912, reservedBytes=12, liveBytes=12, peakLiveBytes=12, reusableBytes=0, allocations=1, reusedAllocations=0, frees=0, failedAllocations=0], paletteHeap=GpuBufferHeapStats[capacityBytes=201326592, reservedBytes=0, liveBytes=0, peakLiveBytes=0, reusableBytes=0, allocations=0, reusedAllocations=0, frees=0, failedAllocations=0], registries={lights=Stats[cachedObjects=0, pendingFreeObjects=0, allocatedObjects=0, failedAllocations=0], palettes=Stats[cachedObjects=0, pendingFreeObjects=0, allocatedObjects=0, failedAllocations=0], blocks=Stats[cachedObjects=0, pendingFreeObjects=0, allocatedObjects=0, failedAllocations=0], models=Stats[cachedObjects=0, pendingFreeObjects=0, allocatedObjects=0, failedAllocations=0]}
[27Jul2026 12:47:17.892] [Render thread/INFO] [Photonics/]: Photonics light registry contains 127 light definitions for 98 blocks
[27Jul2026 12:47:17.892] [Render thread/INFO] [Iris/]: Destroying pipeline minecraft:overworld
[27Jul2026 12:47:17.898] [Render thread/INFO] [Photonics/]: Loaded ph_lights.json for shader pack 'photon-main (1).zip'
[27Jul2026 12:47:17.901] [Render thread/INFO] [Photonics/]: Photonics light registry contains 231 light definitions for 115 blocks
[27Jul2026 12:47:17.901] [Render thread/INFO] [Photonics/]: Photonics pipeline for 'photon-main (1).zip': enabled=true, mode=RESTIR, blockLight=true, gi=true, blockLightGi=false, handheld=true, shaderPackRenderScale=1.0, renderScale=0.67, giRenderScale=0.5, temporalUpscalerRequested=true, temporalUpscalerSourceScale=0.67, temporalUpscalerActive=true, temporalUpscalerHistoryFrames=8, maxLights=4000, maxSamples=20, restirInitial=32, restirSpatial=1, restirDenoiser=5, restirGiDenoiser=3, restirSoftShadows=false, restirCombinedGi=true
[27Jul2026 12:47:18.133] [Render thread/INFO] [Photonics/]: Photonics feature increment: v65 upstream traversal guard, hand texture-normal evaluation, immature-history edge variance, and variance-guided full SVGF passes; direct-light-v64 proxy ownership retained
[27Jul2026 12:47:18.133] [Render thread/INFO] [Photonics/]: Photonics GI foundation v82: finite full-position indirect reservoirs, corrected primary-ray origin/origin rebasing/explicit sky hits, normal/Jacobian-weighted world-hit temporal reuse for world and Sable receivers, hand temporal isolation, and selected-reservoir visibility validation
[27Jul2026 12:47:18.133] [Render thread/INFO] [Photonics/]: Photonics ReSTIR GI v79: combinedGi=true, splitGi=true, directScale=0.67, giScale=0.5, directDenoiserPasses=5, giDenoiserPasses=3, giPipeline=independent-frag-grid+reservoirs+history+svgf, composition=post-estimator-screen-space
[27Jul2026 12:47:18.133] [Render thread/INFO] [Photonics/]: Photonics split-GI reconstruction v81: receiver-aware four-tap interpolation with unsupported-pixel nearest-compatible fallback
[27Jul2026 12:47:18.133] [Render thread/INFO] [Photonics/]: Photonics GI stability v82: world-hit temporal reservoir reuse enabled for rigidly reprojected Sable receivers; hand history remains isolated
[27Jul2026 12:47:18.133] [Render thread/INFO] [Photonics/]: Photonics direct startup v84: unbiased candidate-count-stable half-budget camera-contribution stratum with full-list systematic tail coverage
[27Jul2026 12:47:18.133] [Render thread/INFO] [Photonics/]: Photonics ReSTIR GI transport v85+: stochastic tinted-glass traversal and endpoint-first transparent-hit validation
[27Jul2026 12:47:18.133] [Render thread/INFO] [Photonics/]: Photonics stability v86: deterministic thin-cutout GI coverage and bounded palette-heap compiler recovery probes
[27Jul2026 12:47:18.133] [Render thread/INFO] [Photonics/]: Photonics ReSTIR GI validation v88: triState=valid/blocked-current-receiver/stale, blockedHistoryM=preserved-once-with-zero-energy, staleHistoryM=excluded, maxTemporalCandidates=1, maxSpatialCandidates=1, maxTraversalSteps=128
[27Jul2026 12:47:18.133] [Render thread/INFO] [Photonics/]: Photonics feature set: direct-light-v64 expiring Contraption Lights proxy ownership with a conservative nearby unmatched-proxy quarantine, position-matched Sable light alias trail with registry/profile diagnostics and render-thread-owned external merge, full-precision motion-grid Sable receiver visibility and endpoint-safe conservative traversal, dual-space Sable light de-duplication, production composite restored after v57 reservoir diagnostics, corrected indirect hit-normal decoding, full temporal reservoir retention for Sable external lighting, randomized systematic world-light proposals, Sable skylight-transition diagnostics with opt-in getter freeze, post-denoise exact Sable-local direct stream and fail-closed same-domain visibility, camera-relative double-composed Sable reprojection, normal-guided receiver classification, tri-state same-sublevel visibility and conservative supercover voxel traversal, sampling-time receiver-domain partition with exact same-sublevel direct lighting, external-only Sable reservoirs and soft-shadow local-visibility-signature-guided Sable SVGF support, preserved all-zero current proposal batches, elapsed-time moving-light hysteresis and unsnapped render-pose positions, rejected spatial-batch accounting, receiver-domain-complete stable/external history partition and rigid-motion Sable spatial reuse, bounded visibility-rejected reservoirs and representative-scoped external reactivity, split stable/external accumulation histories and stale Sable material recovery, explicit emitter motion-domain identity, motion-domain-stable receiver-relative light-history limits, previous-light position metadata, rotation-correct cross-sublevel motion, guarded ordinary-world all-light and external-only Sable single-neighbor spatial reuse, immutable spatial input, current-receiver visibility validation, bounded spatial history, independent spatial random stream, bounded reservoirs, zero-contribution batch accounting, actual-motion reactive lights, stable-anchor Sable reprojection, surface-plane SVGF, visibility-transition provenance, stable Sable identity, current-visible temporal reuse, Sable plot-section isolation, deterministic diagonal cutouts, generation-aligned adaptive stratified ReSTIR proposals, exposed-face Sable local visibility, duplicate Veil point-light suppression, moving-light and Iris material bridges; finite-segment OOB visibility and tree-origin tracing, masked passes, texture barriers, accumulation, denoising, handheld; Sable-receiver world/cross-sublevel spatial reuse and combined GI compatibility gates active
[27Jul2026 12:47:18.133] [Render thread/INFO] [Photonics/]: Photonics ReSTIR configuration v79: directCandidatesPerPixel=32, directTemporalSampleCap=640, directOutputSampleCap=world-128/sable-temporal-cap, spatialCandidates=1, spatialRadiusPixels=5.0, output=split-direct-and-gi-radiance-plus-exact-sable-local, samplingPolicy=randomized-systematic-luminance-sorted-world-suffix+distinct-priority-prefix/sable-external-reservoir/exact-all-same-token-lights/fail-closed-tri-state-conservative-local-dda/full-precision-motion-grid-receiver/normal-biased-endpoint/preserved-zero-current-batches, spatialPolicy=receiver-matched-current-frame/external-only-sable/current-rejection-accounting/immutable-input/initial-batch-cap+rejected-fallback-cap+background-finalization, historyPolicy=receiver-domain-complete-split-stable-external/direct-only-full-rigid-local-history/camera-relative-double-compose/normal-guided-receiver/soft-local-signature-reset/visibility-transition-reset/representative-scoped-external-reactivity/explicit-emitter-domain/0.15-block-trail/2-frame-floor, lightListPolicy=position-matched-250ms-alias-trail/250ms-after-loss-minecraft-light-proxy-ownership/125ms+2-frame-unmatched-proxy-quarantine/3-cell-alias-radius/render-thread-owned-merge, motionHoldMs=250, denoiserPolicy=post-denoise-exact-local-hard-shadow+representative-gated-world+soft-local-signature-sable, sableSkyLightDiagnostic=transition-log/optional-freeze-getter, directDenoiserPasses=5, giDenoiserPasses=3, softShadows=false, combinedGi=true, splitGi=true
[27Jul2026 12:47:18.143] [Render thread/INFO] [Photonics/]: Photonics temporal upscaler: enabled=true, configuredSourceScale=0.67, effectiveSourceScale=0.67, giScale=0.5, outputScale=1.0, historyFrames=8, currentTaps=4+fallback, historyTaps=4, historyBytesPerOutputPixel=32, composition=private-lighting-texture
[27Jul2026 12:47:18.143] [Render thread/INFO] [Photonics/]: Photonics history reset v18: reason=pipeline-created, generation=2, dimension=minecraft:overworld
[27Jul2026 12:47:18.143] [Render thread/INFO] [Iris/]: Creating pipeline for dimension minecraft:overworld
[27Jul2026 12:47:18.202] [Render thread/INFO] [org.anarres.cpp.DefaultPreprocessorListener/]: null:0:0: error: #endif without #if
[27Jul2026 12:47:18.211] [Render thread/INFO] [org.anarres.cpp.DefaultPreprocessorListener/]: null:0:0: error: #endif without #if
[27Jul2026 12:47:18.219] [Render thread/INFO] [org.anarres.cpp.DefaultPreprocessorListener/]: null:0:0: error: #endif without #if
[27Jul2026 12:47:18.234] [Render thread/INFO] [org.anarres.cpp.DefaultPreprocessorListener/]: null:0:0: error: #endif without #if
[27Jul2026 12:47:18.250] [Render thread/INFO] [org.anarres.cpp.DefaultPreprocessorListener/]: null:0:0: error: #endif without #if
[27Jul2026 12:47:18.266] [Render thread/INFO] [org.anarres.cpp.DefaultPreprocessorListener/]: null:0:0: error: #endif without #if
[27Jul2026 12:47:18.278] [Render thread/INFO] [org.anarres.cpp.DefaultPreprocessorListener/]: null:0:0: error: #endif without #if
[27Jul2026 12:47:18.329] [Render thread/INFO] [org.anarres.cpp.DefaultPreprocessorListener/]: null:0:0: error: #endif without #if
[27Jul2026 12:47:18.340] [Render thread/INFO] [org.anarres.cpp.DefaultPreprocessorListener/]: null:0:0: error: #endif without #if
[27Jul2026 12:47:18.352] [Render thread/INFO] [org.anarres.cpp.DefaultPreprocessorListener/]: null:0:0: error: #endif without #if
[27Jul2026 12:47:18.363] [Render thread/INFO] [org.anarres.cpp.DefaultPreprocessorListener/]: null:0:0: error: #endif without #if
[27Jul2026 12:47:18.375] [Render thread/INFO] [org.anarres.cpp.DefaultPreprocessorListener/]: null:0:0: error: #endif without #if
[27Jul2026 12:47:18.385] [Render thread/INFO] [org.anarres.cpp.DefaultPreprocessorListener/]: null:0:0: error: #endif without #if
[27Jul2026 12:47:18.398] [Render thread/INFO] [org.anarres.cpp.DefaultPreprocessorListener/]: null:0:0: error: #endif without #if
[27Jul2026 12:47:18.407] [Render thread/INFO] [org.anarres.cpp.DefaultPreprocessorListener/]: null:0:0: error: #endif without #if
[27Jul2026 12:47:18.417] [Render thread/INFO] [org.anarres.cpp.DefaultPreprocessorListener/]: null:0:0: error: #endif without #if
[27Jul2026 12:47:18.428] [Render thread/INFO] [org.anarres.cpp.DefaultPreprocessorListener/]: null:0:0: error: #endif without #if
[27Jul2026 12:47:18.437] [Render thread/INFO] [org.anarres.cpp.DefaultPreprocessorListener/]: null:0:0: error: #endif without #if
[27Jul2026 12:47:18.446] [Render thread/INFO] [org.anarres.cpp.DefaultPreprocessorListener/]: null:0:0: error: #endif without #if
[27Jul2026 12:47:18.607] [Render thread/WARN] [flywheel/]: Flywheel backend fell back from 'flywheel:indirect' to 'flywheel:off'
[27Jul2026 12:47:18.695] [Render thread/INFO] [ChunkBuilder/]: Started 10 worker threads
[27Jul2026 12:47:18.801] [Render thread/INFO] [xaero.hud.minimap.MinimapLogs/]: Minimap updated server level id: -1346616716 for world ResourceKey[minecraft:dimension / minecraft:overworld]
[27Jul2026 12:47:18.806] [Render thread/INFO] [net.minecraft.advancements.AdvancementTree/]: Loaded 37 advancements
[27Jul2026 12:47:18.877] [Render thread/INFO] [Photonics/]: Photonics v32 ignored Sable plot section notification: filtered=1, sectionX=1280063, sectionZ=1280191
[27Jul2026 12:47:18.877] [Render thread/INFO] [Photonics/]: Photonics v32 ignored Sable plot section notification: filtered=2, sectionX=1280063, sectionZ=1280192
[27Jul2026 12:47:18.877] [Render thread/INFO] [Photonics/]: Photonics v32 ignored Sable plot section notification: filtered=4, sectionX=1280063, sectionZ=1280191
[27Jul2026 12:47:18.878] [Render thread/INFO] [Photonics/]: Photonics v32 ignored Sable plot section notification: filtered=8, sectionX=1280063, sectionZ=1280192
[27Jul2026 12:47:18.878] [Render thread/INFO] [Photonics/]: Photonics v32 ignored Sable plot section notification: filtered=16, sectionX=1280064, sectionZ=1280191
[27Jul2026 12:47:18.878] [Render thread/INFO] [Photonics/]: Photonics v32 ignored Sable plot section notification: filtered=32, sectionX=1280063, sectionZ=1280192
[27Jul2026 12:47:18.878] [Render thread/INFO] [Photonics/]: Photonics v32 ignored Sable plot section notification: filtered=64, sectionX=1280064, sectionZ=1280191
[27Jul2026 12:47:18.878] [Render thread/INFO] [Photonics/]: Photonics v32 ignored Sable plot section notification: filtered=128, sectionX=1280065, sectionZ=1280192
[27Jul2026 12:47:18.879] [Render thread/INFO] [Photonics/]: Photonics v32 ignored Sable plot section notification: filtered=256, sectionX=1280064, sectionZ=1280191
[27Jul2026 12:47:18.880] [Render thread/INFO] [Photonics/]: Photonics v32 ignored Sable plot section notification: filtered=512, sectionX=1280065, sectionZ=1280192
[27Jul2026 12:47:18.883] [Render thread/INFO] [Photonics/]: Photonics v32 ignored Sable plot section notification: filtered=1024, sectionX=1280062, sectionZ=1280192
[27Jul2026 12:47:18.885] [Photonics Light List Compiler/INFO] [Photonics/]: Photonics light candidates v18: eligible=29, selected=29, maxLights=4000, lightSections=11, capped=false
[27Jul2026 12:47:18.886] [Render thread/INFO] [Photonics/]: Photonics v32 ignored Sable plot section notification: filtered=2048, sectionX=1280063, sectionZ=1280066
[27Jul2026 12:47:18.942] [Photonics Light List Compiler/INFO] [Photonics/]: Photonics light candidates v18: eligible=50, selected=50, maxLights=4000, lightSections=18, capped=false
[27Jul2026 12:47:18.943] [Photonics Light List Compiler/INFO] [Photonics/]: Photonics light-list publication v88: coalescedBatches=2, peakPendingSections=40, remainingSections=0, deferredMs=25.687
[27Jul2026 12:47:19.315] [Render thread/INFO] [Photonics/]: Photonics v64 stale section-light suppression active: lights=1, aliases=2, aliasHoldMs=250, maxAliasesPerLight=24, matching=position+(registry-id/profile diagnostics)+after-loss-owned-nearby-Light-proxy-quarantine, mergeOwner=render-thread
[27Jul2026 12:47:19.315] [Render thread/INFO] [Photonics/]: Photonics v42 frame-aligned Contraption Lights/Sable light bridge active: structures=2, sourceLights=1, uploadedLights=1, identity=sublevel-uuid-token, proposalBudget=adaptive-half-candidates
[27Jul2026 12:47:19.315] [Render thread/INFO] [Photonics/]: Photonics v24 Sable moving lights: 0 -> 1 (structures=2, sourceLights=1)
[27Jul2026 12:47:19.315] [Render thread/INFO] [Photonics/]: Photonics v35 Sable reactive lights: moving=1, stationary=0, uploaded=1
[27Jul2026 12:47:19.315] [Render thread/INFO] [Photonics/]: Photonics v43 Sable source validation: zeroLuminanceButTraced=0, rejectedMaterial=0, recoveredStaleMaterial=0, firstIssue=none
[27Jul2026 12:47:19.316] [Render thread/INFO] [Photonics/]: Photonics v55 Sable skylight diagnostics active: source=ClientSubLevel.latestSkyLightScale, freezeGetter=false
[27Jul2026 12:47:19.316] [Render thread/INFO] [Photonics/]: Photonics v55 Sable skylight transition: subLevel=4de0b23a-a039-4374-baa4-dd946612d8f9, scale=initial -> 15, logicalY=70.29165 (cell 70), renderY=70.29171 (cell 70), cameraY=76.25163 (cell 76)
[27Jul2026 12:47:19.317] [Render thread/INFO] [Photonics/]: Photonics v55 Sable skylight transition: subLevel=cbc7d7cd-cd2f-40e1-b271-034f19770a7b, scale=initial -> 15, logicalY=69.49741 (cell 69), renderY=69.49741 (cell 69), cameraY=76.25163 (cell 76)
[27Jul2026 12:47:19.319] [Render thread/INFO] [Photonics/]: Photonics v27 Sable geometry atlas rebuilt: rebuild=1, subLevels=2, receiverCells=10, occluderCells=9, size=4x4x3, precision=solid-block-cell, payloadHash=55e74b01
[27Jul2026 12:47:19.320] [Render thread/INFO] [Photonics/]: Photonics v50 Sable receiver motion active: subLevels=2, classifier=normal-guided-receiver-cell-atlas+emissive-cells, emitterIdentity=explicit-sublevel-token, localVisibility=tri-state-token-gated-conservative-supercover-dda, temporalTransform=camera-relative-stable-anchor-double-compose
[27Jul2026 12:47:19.320] [Render thread/INFO] [Photonics/]: Photonics v24 Sable receiver motion: 0 -> 2
[27Jul2026 12:47:19.321] [Render thread/INFO] [Photonics/]: Photonics v64 external-light de-duplication: suppressedSectionLights=1, aliasBlockIdMatches=0, aliasLightProfileMatches=0, aliasPositionFallbacks=1, confirmedProxySuppressions=0, quarantinedProxyLights=0, trackedProxyCells=1, replacementAliases=2, externalLights=1, firstSuppressed=( 5.100E+1  6.900E+1  1.400E+2)
[27Jul2026 12:47:19.321] [Render thread/INFO] [Photonics/]: Photonics light list pending: 0 -> 50
[27Jul2026 12:47:19.321] [Render thread/INFO] [Photonics/]: Photonics v35 direct-light prefixes: movingLights=1, externalLights=1, totalLights=50, proposalBudget=adaptive-half-candidates
[27Jul2026 12:47:19.599] [Render thread/INFO] [ChunkBuilder/]: Stopping worker threads
[27Jul2026 12:47:19.609] [Render thread/INFO] [ChunkBuilder/]: Started 10 worker threads
[27Jul2026 12:47:19.616] [Render thread/WARN] [flywheel/]: Flywheel backend fell back from 'flywheel:indirect' to 'flywheel:off'
[27Jul2026 12:47:19.625] [Photonics Light List Compiler/INFO] [Photonics/]: Photonics light candidates v18: eligible=684, selected=684, maxLights=4000, lightSections=178, capped=false
[27Jul2026 12:47:19.626] [Photonics Light List Compiler/INFO] [Photonics/]: Photonics light-list publication v88: coalescedBatches=15, peakPendingSections=2571, remainingSections=2000, deferredMs=257.369
[27Jul2026 12:47:19.644] [Photonic Chunk Compiler #1/INFO] [Photonics/]: Photonics voxel diagnostic: state=Block{minecraft:spruce_fence}[east=false,north=false,south=false,waterlogged=false,west=false] vertexHash=953bee9b3cebe9a8 complete=true samples=292 alphaZero=0 alphaPartial=0 alphaOpaque=292 rgbMean=[114.0,83.9,47.9] rgbRange=[85-136,58-101,31-58] voxels=200 aabb=[6,0,6]-[9,15,9] parts=[( 0.000E+0  0.000E+0  0.000E+0)]
[27Jul2026 12:47:19.645] [Photonic Chunk Compiler #1/INFO] [Photonics/]: Photonics voxel occupancy: state=Block{minecraft:spruce_fence}[east=false,north=false,south=false,waterlogged=false,west=false] part=( 0.000E+0  0.000E+0  0.000E+0) slices=y0=0000/0000/0000/0000/0000/0000/03c0/03c0/03c0/03c0/0000/0000/0000/0000/0000/0000;y1=0000/0000/0000/0000/0000/0000/03c0/0240/0240/03c0/0000/0000/0000/0000/0000/0000;y2=0000/0000/0000/0000/0000/0000/03c0/0240/0240/03c0/0000/0000/0000/0000/0000/0000;y3=0000/0000/0000/0000/0000/0000/03c0/0240/0240/03c0/0000/0000/0000/0000/0000/0000;y4=0000/0000/0000/0000/0000/0000/03c0/0240/0240/03c0/0000/0000/0000/0000/0000/0000;y5=0000/0000/0000/0000/0000/0000/03c0/0240/0240/03c0/0000/0000/0000/0000/0000/0000;y6=0000/0000/0000/0000/0000/0000/03c0/0240/0240/03c0/0000/0000/0000/0000/0000/0000;y7=0000/0000/0000/0000/0000/0000/03c0/0240/0240/03c0/0000/0000/0000/0000/0000/0000;y8=0000/0000/0000/0000/0000/0000/03c0/0240/0240/03c0/0000/0000/0000/0000/0000/0000;y9=0000/0000/0000/0000/0000/0000/03c0/0240/0240/03c0/0000/0000/0000/0000/0000/0000;y10=0000/0000/0000/0000/0000/0000/03c0/0240/0240/03c0/0000/0000/0000/0000/0000/0000;y11=0000/0000/0000/0000/0000/0000/03c0/0240/0240/03c0/0000/0000/0000/0000/0000/0000;y12=0000/0000/0000/0000/0000/0000/03c0/0240/0240/03c0/0000/0000/0000/0000/0000/0000;y13=0000/0000/0000/0000/0000/0000/03c0/0240/0240/03c0/0000/0000/0000/0000/0000/0000;y14=0000/0000/0000/0000/0000/0000/03c0/0240/0240/03c0/0000/0000/0000/0000/0000/0000;y15=0000/0000/0000/0000/0000/0000/03c0/03c0/03c0/03c0/0000/0000/0000/0000/0000/0000
[27Jul2026 12:47:19.645] [Photonic Chunk Compiler #1/INFO] [Photonics/]: Photonics voxel diagnostic: state=Block{minecraft:spruce_fence}[east=false,north=false,south=true,waterlogged=false,west=false] vertexHash=c76a71d3928f99c0 complete=true samples=490 alphaZero=0 alphaPartial=0 alphaOpaque=490 rgbMean=[113.0,83.2,47.5] rgbRange=[85-136,58-101,31-58] voxels=296 aabb=[6,0,6]-[9,15,15] parts=[( 0.000E+0  0.000E+0  0.000E+0)]
[27Jul2026 12:47:19.646] [Photonic Chunk Compiler #1/INFO] [Photonics/]: Photonics voxel occupancy: state=Block{minecraft:spruce_fence}[east=false,north=false,south=true,waterlogged=false,west=false] part=( 0.000E+0  0.000E+0  0.000E+0) slices=y0=0000/0000/0000/0000/0000/0000/03c0/03c0/03c0/03c0/0000/0000/0000/0000/0000/0000;y1=0000/0000/0000/0000/0000/0000/03c0/0240/0240/03c0/0000/0000/0000/0000/0000/0000;y2=0000/0000/0000/0000/0000/0000/03c0/0240/0240/03c0/0000/0000/0000/0000/0000/0000;y3=0000/0000/0000/0000/0000/0000/03c0/0240/0240/03c0/0000/0000/0000/0000/0000/0000;y4=0000/0000/0000/0000/0000/0000/03c0/0240/0240/03c0/0000/0000/0000/0000/0000/0000;y5=0000/0000/0000/0000/0000/0000/03c0/0240/0240/03c0/0000/0000/0000/0000/0000/0000;y6=0000/0000/0000/0000/0000/0000/03c0/03c0/03c0/03c0/0180/0180/0180/0180/0180/0180;y7=0000/0000/0000/0000/0000/0000/03c0/03c0/03c0/03c0/0180/0180/0180/0180/0180/0180;y8=0000/0000/0000/0000/0000/0000/03c0/03c0/03c0/03c0/0180/0180/0180/0180/0180/0180;y9=0000/0000/0000/0000/0000/0000/03c0/0240/0240/03c0/0000/0000/0000/0000/0000/0000;y10=0000/0000/0000/0000/0000/0000/03c0/0240/0240/03c0/0000/0000/0000/0000/0000/0000;y11=0000/0000/0000/0000/0000/0000/03c0/0240/0240/03c0/0000/0000/0000/0000/0000/0000;y12=0000/0000/0000/0000/0000/0000/03c0/03c0/03c0/03c0/0180/0180/0180/0180/0180/0180;y13=0000/0000/0000/0000/0000/0000/03c0/03c0/03c0/03c0/0180/0180/0180/0180/0180/0180;y14=0000/0000/0000/0000/0000/0000/03c0/03c0/03c0/03c0/0180/0180/0180/0180/0180/0180;y15=0000/0000/0000/0000/0000/0000/03c0/03c0/03c0/03c0/0000/0000/0000/0000/0000/0000
[27Jul2026 12:47:19.649] [Worker-Main-11/INFO] [Photonics/]: Photonics v20 Iris material bridge active: path=vanilla-section, block=minecraft:oak_log, shaderPackId=10029, emission=0
[27Jul2026 12:47:19.657] [Worker-Main-8/INFO] [Photonics/]: Photonics v20 emissive material captured: path=vanilla-section, block=minecraft:verdant_froglight, shaderPackId=10052, emission=15
[27Jul2026 12:47:19.692] [Render thread/WARN] [Sodium-VertexConsumerTracker/]: Class com.mojang.blaze3d.vertex.BufferBuilder does not support optimized vertex writing code paths, which may cause reduced rendering performance
[27Jul2026 12:47:19.787] [Photonic Chunk Compiler #1/INFO] [Photonics/]: Photonics voxel diagnostic: state=Block{minecraft:oak_fence}[east=true,north=false,south=false,waterlogged=false,west=false] vertexHash=dbf19e6d881a19c0 complete=true samples=496 alphaZero=0 alphaPartial=0 alphaOpaque=496 rgbMean=[158.7,127.7,76.5] rgbRange=[103-194,80-157,44-98] voxels=296 aabb=[6,0,6]-[15,15,9] parts=[( 0.000E+0  0.000E+0  0.000E+0)]
[27Jul2026 12:47:19.788] [Photonic Chunk Compiler #1/INFO] [Photonics/]: Photonics voxel occupancy: state=Block{minecraft:oak_fence}[east=true,north=false,south=false,waterlogged=false,west=false] part=( 0.000E+0  0.000E+0  0.000E+0) slices=y0=0000/0000/0000/0000/0000/0000/03c0/03c0/03c0/03c0/0000/0000/0000/0000/0000/0000;y1=0000/0000/0000/0000/0000/0000/03c0/0240/0240/03c0/0000/0000/0000/0000/0000/0000;y2=0000/0000/0000/0000/0000/0000/03c0/0240/0240/03c0/0000/0000/0000/0000/0000/0000;y3=0000/0000/0000/0000/0000/0000/03c0/0240/0240/03c0/0000/0000/0000/0000/0000/0000;y4=0000/0000/0000/0000/0000/0000/03c0/0240/0240/03c0/0000/0000/0000/0000/0000/0000;y5=0000/0000/0000/0000/0000/0000/03c0/0240/0240/03c0/0000/0000/0000/0000/0000/0000;y6=0000/0000/0000/0000/0000/0000/03c0/ffc0/ffc0/03c0/0000/0000/0000/0000/0000/0000;y7=0000/0000/0000/0000/0000/0000/03c0/ffc0/ffc0/03c0/0000/0000/0000/0000/0000/0000;y8=0000/0000/0000/0000/0000/0000/03c0/ffc0/ffc0/03c0/0000/0000/0000/0000/0000/0000;y9=0000/0000/0000/0000/0000/0000/03c0/0240/0240/03c0/0000/0000/0000/0000/0000/0000;y10=0000/0000/0000/0000/0000/0000/03c0/0240/0240/03c0/0000/0000/0000/0000/0000/0000;y11=0000/0000/0000/0000/0000/0000/03c0/0240/0240/03c0/0000/0000/0000/0000/0000/0000;y12=0000/0000/0000/0000/0000/0000/03c0/ffc0/ffc0/03c0/0000/0000/0000/0000/0000/0000;y13=0000/0000/0000/0000/0000/0000/03c0/ffc0/ffc0/03c0/0000/0000/0000/0000/0000/0000;y14=0000/0000/0000/0000/0000/0000/03c0/ffc0/ffc0/03c0/0000/0000/0000/0000/0000/0000;y15=0000/0000/0000/0000/0000/0000/03c0/03c0/03c0/03c0/0000/0000/0000/0000/0000/0000
[27Jul2026 12:47:19.791] [Photonic Chunk Compiler #1/INFO] [Photonics/]: Photonics voxel diagnostic: state=Block{minecraft:oak_fence}[east=false,north=false,south=false,waterlogged=false,west=false] vertexHash=93df987ab1dbe9a8 complete=true samples=292 alphaZero=0 alphaPartial=0 alphaOpaque=292 rgbMean=[160.4,129.4,77.5] rgbRange=[103-194,80-157,44-98] voxels=200 aabb=[6,0,6]-[9,15,9] parts=[( 0.000E+0  0.000E+0  0.000E+0)]
[27Jul2026 12:47:19.792] [Photonic Chunk Compiler #1/INFO] [Photonics/]: Photonics voxel occupancy: state=Block{minecraft:oak_fence}[east=false,north=false,south=false,waterlogged=false,west=false] part=( 0.000E+0  0.000E+0  0.000E+0) slices=y0=0000/0000/0000/0000/0000/0000/03c0/03c0/03c0/03c0/0000/0000/0000/0000/0000/0000;y1=0000/0000/0000/0000/0000/0000/03c0/0240/0240/03c0/0000/0000/0000/0000/0000/0000;y2=0000/0000/0000/0000/0000/0000/03c0/0240/0240/03c0/0000/0000/0000/0000/0000/0000;y3=0000/0000/0000/0000/0000/0000/03c0/0240/0240/03c0/0000/0000/0000/0000/0000/0000;y4=0000/0000/0000/0000/0000/0000/03c0/0240/0240/03c0/0000/0000/0000/0000/0000/0000;y5=0000/0000/0000/0000/0000/0000/03c0/0240/0240/03c0/0000/0000/0000/0000/0000/0000;y6=0000/0000/0000/0000/0000/0000/03c0/0240/0240/03c0/0000/0000/0000/0000/0000/0000;y7=0000/0000/0000/0000/0000/0000/03c0/0240/0240/03c0/0000/0000/0000/0000/0000/0000;y8=0000/0000/0000/0000/0000/0000/03c0/0240/0240/03c0/0000/0000/0000/0000/0000/0000;y9=0000/0000/0000/0000/0000/0000/03c0/0240/0240/03c0/0000/0000/0000/0000/0000/0000;y10=0000/0000/0000/0000/0000/0000/03c0/0240/0240/03c0/0000/0000/0000/0000/0000/0000;y11=0000/0000/0000/0000/0000/0000/03c0/0240/0240/03c0/0000/0000/0000/0000/0000/0000;y12=0000/0000/0000/0000/0000/0000/03c0/0240/0240/03c0/0000/0000/0000/0000/0000/0000;y13=0000/0000/0000/0000/0000/0000/03c0/0240/0240/03c0/0000/0000/0000/0000/0000/0000;y14=0000/0000/0000/0000/0000/0000/03c0/0240/0240/03c0/0000/0000/0000/0000/0000/0000;y15=0000/0000/0000/0000/0000/0000/03c0/03c0/03c0/03c0/0000/0000/0000/0000/0000/0000
[27Jul2026 12:47:19.800] [Photonic Chunk Compiler #1/INFO] [Photonics/]: Photonics voxel diagnostic: state=Block{minecraft:oak_fence}[east=false,north=false,south=false,waterlogged=false,west=true] vertexHash=2630f126ed1a19c0 complete=true samples=496 alphaZero=0 alphaPartial=0 alphaOpaque=496 rgbMean=[158.7,127.7,76.5] rgbRange=[103-194,80-157,44-98] voxels=296 aabb=[0,0,6]-[9,15,9] parts=[( 0.000E+0  0.000E+0  0.000E+0)]
[27Jul2026 12:47:19.801] [Photonic Chunk Compiler #1/INFO] [Photonics/]: Photonics voxel occupancy: state=Block{minecraft:oak_fence}[east=false,north=false,south=false,waterlogged=false,west=true] part=( 0.000E+0  0.000E+0  0.000E+0) slices=y0=0000/0000/0000/0000/0000/0000/03c0/03c0/03c0/03c0/0000/0000/0000/0000/0000/0000;y1=0000/0000/0000/0000/0000/0000/03c0/0240/0240/03c0/0000/0000/0000/0000/0000/0000;y2=0000/0000/0000/0000/0000/0000/03c0/0240/0240/03c0/0000/0000/0000/0000/0000/0000;y3=0000/0000/0000/0000/0000/0000/03c0/0240/0240/03c0/0000/0000/0000/0000/0000/0000;y4=0000/0000/0000/0000/0000/0000/03c0/0240/0240/03c0/0000/0000/0000/0000/0000/0000;y5=0000/0000/0000/0000/0000/0000/03c0/0240/0240/03c0/0000/0000/0000/0000/0000/0000;y6=0000/0000/0000/0000/0000/0000/03c0/03ff/03ff/03c0/0000/0000/0000/0000/0000/0000;y7=0000/0000/0000/0000/0000/0000/03c0/03ff/03ff/03c0/0000/0000/0000/0000/0000/0000;y8=0000/0000/0000/0000/0000/0000/03c0/03ff/03ff/03c0/0000/0000/0000/0000/0000/0000;y9=0000/0000/0000/0000/0000/0000/03c0/0240/0240/03c0/0000/0000/0000/0000/0000/0000;y10=0000/0000/0000/0000/0000/0000/03c0/0240/0240/03c0/0000/0000/0000/0000/0000/0000;y11=0000/0000/0000/0000/0000/0000/03c0/0240/0240/03c0/0000/0000/0000/0000/0000/0000;y12=0000/0000/0000/0000/0000/0000/03c0/03ff/03ff/03c0/0000/0000/0000/0000/0000/0000;y13=0000/0000/0000/0000/0000/0000/03c0/03ff/03ff/03c0/0000/0000/0000/0000/0000/0000;y14=0000/0000/0000/0000/0000/0000/03c0/03ff/03ff/03c0/0000/0000/0000/0000/0000/0000;y15=0000/0000/0000/0000/0000/0000/03c0/03c0/03c0/03c0/0000/0000/0000/0000/0000/0000
[27Jul2026 12:47:19.813] [Render thread/WARN] [Sodium-VertexConsumerTracker/]: Class net.minecraft.client.renderer.SpriteCoordinateExpander does not support optimized vertex writing code paths, which may cause reduced rendering performance
[27Jul2026 12:47:19.887] [Photonics Light List Compiler/INFO] [Photonics/]: Photonics light candidates v18: eligible=2255, selected=2255, maxLights=4000, lightSections=369, capped=false
[27Jul2026 12:47:19.888] [Photonics Light List Compiler/INFO] [Photonics/]: Photonics light-list publication v88: coalescedBatches=21, peakPendingSections=1952, remainingSections=992, deferredMs=250.156
[27Jul2026 12:47:19.904] [Render thread/INFO] [DistantHorizons-DistantHorizons-com.seibel.distanthorizons.common.render.openGl.glObject.GLProxy/]: Iris detected, Distant Horizons OpenGL error logging won't be sent in the chat due to Iris throwing known (harmless) OpenGL errors. This is a bug with Iris, not Distant Horizons.
[27Jul2026 12:47:19.905] [Render thread/INFO] [DistantHorizons-DistantHorizons-com.seibel.distanthorizons.common.render.openGl.glObject.GLProxy/]: Creating [GLProxy]... If this is the last message you see there must have been an OpenGL error.
[27Jul2026 12:47:19.906] [Render thread/INFO] [DistantHorizons-DistantHorizons-com.seibel.distanthorizons.common.render.openGl.glObject.GLProxy/]: Lod Render OpenGL version [4.6 (Core Profile) Mesa 26.1.2 - kisak-mesa PPA].
[27Jul2026 12:47:19.906] [Render thread/INFO] [DistantHorizons-DistantHorizons-com.seibel.distanthorizons.common.render.openGl.glObject.GLProxy/]: minecraftGlCapabilities:
Your OpenGL support:
openGL version 3.3+: [true] <- REQUIRED
Vertex Attribute Buffer Binding: [true] <- optional improvement
Buffer Storage: [true] <- optional improvement

[27Jul2026 12:47:19.919] [Render thread/INFO] [DistantHorizons-DistantHorizons-com.seibel.distanthorizons.common.render.openGl.glObject.GLProxy/]: GPU Vendor [AMD] with OS [Linux], Preferred upload method is [BUFFER_STORAGE].
[27Jul2026 12:47:19.919] [Render thread/INFO] [DistantHorizons-DistantHorizons-com.seibel.distanthorizons.common.render.openGl.glObject.GLProxy/]: GLProxy creation successful. OpenGL smiles upon you this day.
[27Jul2026 12:47:19.922] [Render thread/INFO] [DistantHorizons-DistantHorizons-com.seibel.distanthorizons.common.render.openGl.GlDhMetaRenderer_neoforge/]: Setting up renderer
[27Jul2026 12:47:19.936] [Render thread/INFO] [DistantHorizons-DistantHorizons-com.seibel.distanthorizons.common.render.openGl.GlDhMetaRenderer_neoforge/]: Renderer setup complete
[27Jul2026 12:47:19.942] [Render thread/INFO] [DistantHorizons-DistantHorizons-com.seibel.distanthorizons.common.render.openGl.glObject.shader.GlShader/]: Loading shader with type: [35633]
[27Jul2026 12:47:19.942] [Render thread/INFO] [DistantHorizons-DistantHorizons-com.seibel.distanthorizons.common.render.openGl.glObject.shader.GlShader/]: Shader loaded sucessfully.
[27Jul2026 12:47:19.944] [Render thread/INFO] [DistantHorizons-DistantHorizons-com.seibel.distanthorizons.common.render.openGl.glObject.shader.GlShader/]: Loading shader with type: [35632]
[27Jul2026 12:47:19.944] [Render thread/INFO] [DistantHorizons-DistantHorizons-com.seibel.distanthorizons.common.render.openGl.glObject.shader.GlShader/]: Shader loaded sucessfully.
[27Jul2026 12:47:19.947] [Render thread/INFO] [DistantHorizons-DistantHorizons-com.seibel.distanthorizons.common.render.openGl.glObject.vertexAttribute.GlVertexAttributePostGL43/]: Vertex Attribute (GL43+) completed. It contains 1 binding points and a stride size of 16
[27Jul2026 12:47:19.947] [Render thread/INFO] [DistantHorizons-DistantHorizons-com.seibel.distanthorizons.core.render.renderer.LodRenderer/]: Overriding vanilla MC settings to better fit Distant Horizons... This behavior can be disabled in the Distant Horizons config.
[27Jul2026 12:47:19.947] [Render thread/INFO] [DistantHorizons-DistantHorizons-com.seibel.distanthorizons.common.wrappers.minecraft.MinecraftClientWrapper_neoforge/]: Disabling vanilla clouds... This is done to prevent vanilla clouds from rendering on top of Distant Horizons LODs.
[27Jul2026 12:47:19.947] [Render thread/INFO] [DistantHorizons-DistantHorizons-com.seibel.distanthorizons.common.wrappers.minecraft.MinecraftClientWrapper_neoforge/]: Disabling fabulous graphics... This is done to fix vanilla chunks (specifically water blocks) not fading into Distant Horizons LODs when DH's 'Vanilla Fade' option is enabled.
[27Jul2026 12:47:19.950] [Render thread/INFO] [DistantHorizons-DistantHorizons-com.seibel.distanthorizons.common.render.openGl.glObject.shader.GlShader/]: Loading shader with type: [35633]
[27Jul2026 12:47:19.950] [Render thread/INFO] [DistantHorizons-DistantHorizons-com.seibel.distanthorizons.common.render.openGl.glObject.shader.GlShader/]: Shader loaded sucessfully.
[27Jul2026 12:47:19.951] [Render thread/INFO] [DistantHorizons-DistantHorizons-com.seibel.distanthorizons.common.render.openGl.glObject.shader.GlShader/]: Loading shader with type: [35632]
[27Jul2026 12:47:19.951] [Render thread/INFO] [DistantHorizons-DistantHorizons-com.seibel.distanthorizons.common.render.openGl.glObject.shader.GlShader/]: Shader loaded sucessfully.
[27Jul2026 12:47:19.951] [Render thread/INFO] [DistantHorizons-DistantHorizons-com.seibel.distanthorizons.common.render.openGl.glObject.vertexAttribute.GlVertexAttributePostGL43/]: Vertex Attribute (GL43+) completed. It contains 1 binding points and a stride size of 12
[27Jul2026 12:47:19.951] [Render thread/INFO] [DistantHorizons-DistantHorizons-com.seibel.distanthorizons.common.render.openGl.glObject.shader.GlShader/]: Loading shader with type: [35633]
[27Jul2026 12:47:19.951] [Render thread/INFO] [DistantHorizons-DistantHorizons-com.seibel.distanthorizons.common.render.openGl.glObject.shader.GlShader/]: Shader loaded sucessfully.
[27Jul2026 12:47:19.952] [Render thread/INFO] [DistantHorizons-DistantHorizons-com.seibel.distanthorizons.common.render.openGl.glObject.shader.GlShader/]: Loading shader with type: [35632]
[27Jul2026 12:47:19.952] [Render thread/INFO] [DistantHorizons-DistantHorizons-com.seibel.distanthorizons.common.render.openGl.glObject.shader.GlShader/]: Shader loaded sucessfully.
[27Jul2026 12:47:19.952] [Render thread/INFO] [DistantHorizons-DistantHorizons-com.seibel.distanthorizons.common.render.openGl.glObject.vertexAttribute.GlVertexAttributePostGL43/]: Vertex Attribute (GL43+) completed. It contains 1 binding points and a stride size of 12
[27Jul2026 12:47:20.081] [Render thread/INFO] [top.leonx.irisveil.IrisVeilCompat/]: IrisVeilCompat: using Block program with dithering for translucent 'aeronautics:levitite/levitite'
[27Jul2026 12:47:20.158] [Photonics Light List Compiler/INFO] [Photonics/]: Photonics light candidates v18: eligible=4747, selected=4000, maxLights=4000, lightSections=570, capped=true
[27Jul2026 12:47:20.158] [Photonics Light List Compiler/INFO] [Photonics/]: Photonics light-list publication v88: coalescedBatches=20, peakPendingSections=944, remainingSections=32, deferredMs=253.663
[27Jul2026 12:47:20.170] [Render thread/WARN] [net.irisshaders.iris.pipeline.transform.transformer.CompatibilityTransformer/]: The in declaration '_veil_ghostLayerFullness' in the gbuffers_veil_aeronautics_levitite_levitite FRAGMENT shader is missing a corresponding out declaration in the previous stage VERTEX and has been compatibility-patched. See debugging.md for more information.
[27Jul2026 12:47:20.170] [Render thread/WARN] [net.irisshaders.iris.pipeline.transform.transformer.CompatibilityTransformer/]: The in declaration '_veil_depth' in the gbuffers_veil_aeronautics_levitite_levitite FRAGMENT shader is missing a corresponding out declaration in the previous stage VERTEX and has been compatibility-patched. See debugging.md for more information.
[27Jul2026 12:47:20.170] [Render thread/WARN] [net.irisshaders.iris.pipeline.transform.transformer.CompatibilityTransformer/]: The in declaration '_veil_ghostNoiseMagnitude' in the gbuffers_veil_aeronautics_levitite_levitite FRAGMENT shader is missing a corresponding out declaration in the previous stage VERTEX and has been compatibility-patched. See debugging.md for more information.
[27Jul2026 12:47:20.171] [Photonics Light List Compiler/INFO] [Photonics/]: Photonics light candidates v18: eligible=4760, selected=4000, maxLights=4000, lightSections=575, capped=true
[27Jul2026 12:47:20.178] [Render thread/INFO] [top.leonx.irisveil.IrisVeilCompat/]: IrisVeilCompat: created Iris ShaderInstance for 'aeronautics:levitite/levitite'
[27Jul2026 12:47:20.207] [Render thread/INFO] [Photonics/]: Photonics history reset v18: reason=initial-clear, buffer=side-b, attachments=[ph_frag_data0, ph_frag_data1], size=-1x-1 -> 2259x918
[27Jul2026 12:47:20.208] [Render thread/INFO] [Photonics/]: Photonics history reset v18: reason=initial-clear, buffer=side-a, attachments=[ph_frag_data0, ph_frag_data1], size=-1x-1 -> 2259x918
[27Jul2026 12:47:20.210] [Render thread/INFO] [Photonics/]: Photonics history reset v18: reason=initial-clear, buffer=side-b, attachments=[ph_gi_frag_data0, ph_gi_frag_data1], size=-1x-1 -> 1686x685
[27Jul2026 12:47:20.210] [Render thread/INFO] [Photonics/]: Photonics history reset v18: reason=initial-clear, buffer=side-a, attachments=[ph_gi_frag_data0, ph_gi_frag_data1], size=-1x-1 -> 1686x685
[27Jul2026 12:47:20.213] [Render thread/INFO] [Photonics/]: Photonics history reset v18: reason=initial-clear, buffer=side-b, attachments=[restir_lighting, restir_lighting_variance, restir_direct_reservoirs0, restir_direct_state, restir_external_lighting], size=-1x-1 -> 2259x918
[27Jul2026 12:47:20.214] [Render thread/INFO] [Photonics/]: Photonics history reset v18: reason=initial-clear, buffer=side-a, attachments=[restir_lighting, restir_lighting_variance, restir_direct_reservoirs0, restir_direct_state, restir_external_lighting], size=-1x-1 -> 2259x918
[27Jul2026 12:47:20.216] [Render thread/INFO] [Photonics/]: Photonics history reset v18: reason=initial-clear, buffer=side-a, attachments=[denoise_result], size=-1x-1 -> 2259x918
[27Jul2026 12:47:20.218] [Render thread/INFO] [Photonics/]: Photonics history reset v18: reason=initial-clear, buffer=side-b, attachments=[denoise_result], size=-1x-1 -> 2259x918
[27Jul2026 12:47:20.220] [Render thread/INFO] [Photonics/]: Photonics history reset v18: reason=initial-clear, buffer=side-b, attachments=[restir_gi_lighting, restir_gi_lighting_variance, restir_gi_indirect_reservoirs0, restir_gi_indirect_reservoirs1], size=-1x-1 -> 1686x685
[27Jul2026 12:47:20.221] [Render thread/INFO] [Photonics/]: Photonics history reset v18: reason=initial-clear, buffer=side-a, attachments=[restir_gi_lighting, restir_gi_lighting_variance, restir_gi_indirect_reservoirs0, restir_gi_indirect_reservoirs1], size=-1x-1 -> 1686x685
[27Jul2026 12:47:20.223] [Render thread/INFO] [Photonics/]: Photonics history reset v18: reason=initial-clear, buffer=side-a, attachments=[restir_gi_denoise_result], size=-1x-1 -> 1686x685
[27Jul2026 12:47:20.224] [Render thread/INFO] [Photonics/]: Photonics history reset v18: reason=initial-clear, buffer=side-b, attachments=[restir_gi_denoise_result], size=-1x-1 -> 1686x685
[27Jul2026 12:47:20.231] [Render thread/INFO] [Photonics/]: Photonics history reset v18: reason=initial-clear, buffer=side-b, attachments=[photonics_temporal_lighting, photonics_temporal_surface], size=-1x-1 -> 3373x1371
[27Jul2026 12:47:20.231] [Render thread/INFO] [Photonics/]: Photonics history reset v18: reason=initial-clear, buffer=side-a, attachments=[photonics_temporal_lighting, photonics_temporal_surface], size=-1x-1 -> 3373x1371
[27Jul2026 12:47:20.252] [Render thread/INFO] [Photonics/]: Photonics v31 suppressing duplicate Contraption Lights/Veil point-light energy; Sable emissive material and bloom remain enabled
[27Jul2026 12:47:20.312] [Render thread/INFO] [Veil/]: Multi-Bind supported, using core
[27Jul2026 12:47:20.335] [Render thread/INFO] [xaero.hud.minimap.MinimapLogs/]: Reloading radar icon resources...
[27Jul2026 12:47:20.347] [Render thread/INFO] [xaero.hud.minimap.MinimapLogs/]: Reloaded radar icon resources!
[27Jul2026 12:47:20.452] [Photonic Chunk Compiler #0/INFO] [Photonics/]: Photonics voxel diagnostic: state=Block{minecraft:oak_trapdoor}[facing=west,half=bottom,open=true,powered=false,waterlogged=false] vertexHash=9193434b3af269a8 complete=true samples=720 alphaZero=78 alphaPartial=0 alphaOpaque=642 rgbMean=[125.0,99.5,56.8] rgbRange=[74-179,60-140,32-81] voxels=496 aabb=[13,0,0]-[15,15,15] parts=[( 0.000E+0  0.000E+0  0.000E+0)]
[27Jul2026 12:47:20.452] [Photonic Chunk Compiler #0/INFO] [Photonics/]: Photonics voxel occupancy: state=Block{minecraft:oak_trapdoor}[facing=west,half=bottom,open=true,powered=false,waterlogged=false] part=( 0.000E+0  0.000E+0  0.000E+0) slices=y0=e000/e000/e000/e000/e000/e000/e000/e000/e000/e000/e000/e000/e000/e000/e000/e000;y1=e000/a000/a000/a000/a000/a000/a000/a000/a000/a000/a000/a000/a000/a000/8000/e000;y2=e000/a000/a000/a000/a000/a000/a000/a000/a000/a000/a000/a000/a000/8000/a000/e000;y3=e000/a000/a000/0000/0000/0000/a000/a000/a000/a000/0000/0000/0000/a000/a000/e000;y4=e000/a000/a000/0000/0000/0000/a000/a000/a000/a000/0000/0000/0000/a000/a000/e000;y5=e000/a000/a000/0000/0000/0000/a000/a000/a000/a000/0000/0000/0000/a000/a000/e000;y6=e000/a000/a000/a000/a000/a000/a000/a000/a000/8000/a000/a000/a000/a000/a000/e000;y7=e000/a000/a000/a000/a000/a000/a000/a000/8000/a000/a000/a000/a000/a000/a000/e000;y8=e000/a000/a000/a000/a000/a000/a000/a000/a000/a000/a000/a000/a000/a000/a000/e000;y9=e000/a000/a000/a000/a000/a000/a000/a000/a000/a000/a000/a000/a000/a000/a000/e000;y10=e000/a000/a000/0000/0000/0000/a000/a000/a000/a000/0000/0000/0000/a000/a000/e000;y11=e000/a000/a000/0000/0000/0000/a000/a000/a000/a000/0000/0000/0000/a000/a000/e000;y12=e000/a000/a000/0000/0000/0000/a000/a000/a000/a000/0000/0000/0000/a000/a000/e000;y13=e000/a000/a000/a000/a000/a000/a000/a000/a000/a000/a000/a000/a000/a000/a000/e000;y14=e000/a000/a000/a000/a000/a000/a000/a000/a000/a000/a000/a000/a000/a000/a000/e000;y15=e000/e000/e000/e000/e000/e000/e000/e000/e000/e000/e000/e000/e000/e000/e000/e000
[27Jul2026 12:47:20.455] [Photonic Chunk Compiler #0/INFO] [Photonics/]: Photonics voxel diagnostic: state=Block{minecraft:oak_trapdoor}[facing=north,half=bottom,open=true,powered=false,waterlogged=false] vertexHash=b6f433ed3bf269a8 complete=true samples=736 alphaZero=84 alphaPartial=0 alphaOpaque=652 rgbMean=[125.0,99.5,56.8] rgbRange=[74-179,60-140,32-81] voxels=500 aabb=[0,0,13]-[15,15,15] parts=[( 0.000E+0  0.000E+0  0.000E+0)]
[27Jul2026 12:47:20.456] [Photonic Chunk Compiler #0/INFO] [Photonics/]: Photonics voxel occupancy: state=Block{minecraft:oak_trapdoor}[facing=north,half=bottom,open=true,powered=false,waterlogged=false] part=( 0.000E+0  0.000E+0  0.000E+0) slices=y0=0000/0000/0000/0000/0000/0000/0000/0000/0000/0000/0000/0000/0000/ffff/ffff/ffff;y1=0000/0000/0000/0000/0000/0000/0000/0000/0000/0000/0000/0000/0000/ffff/8001/ffff;y2=0000/0000/0000/0000/0000/0000/0000/0000/0000/0000/0000/0000/0000/ffff/8001/ffff;y3=0000/0000/0000/0000/0000/0000/0000/0000/0000/0000/0000/0000/0000/e3c7/8001/e3c7;y4=0000/0000/0000/0000/0000/0000/0000/0000/0000/0000/0000/0000/0000/e3c7/8001/e3c7;y5=0000/0000/0000/0000/0000/0000/0000/0000/0000/0000/0000/0000/0000/e3c7/8001/e3c7;y6=0000/0000/0000/0000/0000/0000/0000/0000/0000/0000/0000/0000/0000/ffff/8001/ffff;y7=0000/0000/0000/0000/0000/0000/0000/0000/0000/0000/0000/0000/0000/ffff/8001/ffff;y8=0000/0000/0000/0000/0000/0000/0000/0000/0000/0000/0000/0000/0000/ffff/8001/ffff;y9=0000/0000/0000/0000/0000/0000/0000/0000/0000/0000/0000/0000/0000/ffff/8001/ffff;y10=0000/0000/0000/0000/0000/0000/0000/0000/0000/0000/0000/0000/0000/e3c7/8001/e3c7;y11=0000/0000/0000/0000/0000/0000/0000/0000/0000/0000/0000/0000/0000/e3c7/8001/e3c7;y12=0000/0000/0000/0000/0000/0000/0000/0000/0000/0000/0000/0000/0000/e3c7/8001/e3c7;y13=0000/0000/0000/0000/0000/0000/0000/0000/0000/0000/0000/0000/0000/ffff/8001/ffff;y14=0000/0000/0000/0000/0000/0000/0000/0000/0000/0000/0000/0000/0000/ffff/8001/ffff;y15=0000/0000/0000/0000/0000/0000/0000/0000/0000/0000/0000/0000/0000/ffff/ffff/ffff
[27Jul2026 12:47:20.456] [Photonic Chunk Compiler #0/INFO] [Photonics/]: Photonics voxel diagnostic: state=Block{minecraft:oak_trapdoor}[facing=south,half=bottom,open=true,powered=false,waterlogged=false] vertexHash=289dbf02aab269a8 complete=true samples=736 alphaZero=84 alphaPartial=0 alphaOpaque=652 rgbMean=[125.0,99.5,56.8] rgbRange=[74-179,60-140,32-81] voxels=500 aabb=[0,0,0]-[15,15,2] parts=[( 0.000E+0  0.000E+0  0.000E+0)]
[27Jul2026 12:47:20.456] [Photonic Chunk Compiler #0/INFO] [Photonics/]: Photonics voxel occupancy: state=Block{minecraft:oak_trapdoor}[facing=south,half=bottom,open=true,powered=false,waterlogged=false] part=( 0.000E+0  0.000E+0  0.000E+0) slices=y0=ffff/ffff/ffff/0000/0000/0000/0000/0000/0000/0000/0000/0000/0000/0000/0000/0000;y1=ffff/8001/ffff/0000/0000/0000/0000/0000/0000/0000/0000/0000/0000/0000/0000/0000;y2=ffff/8001/ffff/0000/0000/0000/0000/0000/0000/0000/0000/0000/0000/0000/0000/0000;y3=e3c7/8001/e3c7/0000/0000/0000/0000/0000/0000/0000/0000/0000/0000/0000/0000/0000;y4=e3c7/8001/e3c7/0000/0000/0000/0000/0000/0000/0000/0000/0000/0000/0000/0000/0000;y5=e3c7/8001/e3c7/0000/0000/0000/0000/0000/0000/0000/0000/0000/0000/0000/0000/0000;y6=ffff/8001/ffff/0000/0000/0000/0000/0000/0000/0000/0000/0000/0000/0000/0000/0000;y7=ffff/8001/ffff/0000/0000/0000/0000/0000/0000/0000/0000/0000/0000/0000/0000/0000;y8=ffff/8001/ffff/0000/0000/0000/0000/0000/0000/0000/0000/0000/0000/0000/0000/0000;y9=ffff/8001/ffff/0000/0000/0000/0000/0000/0000/0000/0000/0000/0000/0000/0000/0000;y10=e3c7/8001/e3c7/0000/0000/0000/0000/0000/0000/0000/0000/0000/0000/0000/0000/0000;y11=e3c7/8001/e3c7/0000/0000/0000/0000/0000/0000/0000/0000/0000/0000/0000/0000/0000;y12=e3c7/8001/e3c7/0000/0000/0000/0000/0000/0000/0000/0000/0000/0000/0000/0000/0000;y13=ffff/8001/ffff/0000/0000/0000/0000/0000/0000/0000/0000/0000/0000/0000/0000/0000;y14=ffff/8001/ffff/0000/0000/0000/0000/0000/0000/0000/0000/0000/0000/0000/0000/0000;y15=ffff/ffff/ffff/0000/0000/0000/0000/0000/0000/0000/0000/0000/0000/0000/0000/0000
[27Jul2026 12:47:20.457] [Render thread/INFO] [Photonics/]: Photonics v35 Sable reactive lights: moving=0, stationary=1, uploaded=1
[27Jul2026 12:47:20.457] [Render thread/INFO] [Photonics/]: Photonics v55 Sable skylight transition: subLevel=4de0b23a-a039-4374-baa4-dd946612d8f9, scale=15 -> 0, logicalY=70.29165 (cell 70), renderY=70.29165 (cell 70), cameraY=77.86878 (cell 77)
[27Jul2026 12:47:20.463] [Photonic Chunk Compiler #0/INFO] [Photonics/]: Photonics voxel diagnostic: state=Block{minecraft:oak_trapdoor}[facing=east,half=bottom,open=true,powered=false,waterlogged=false] vertexHash=7f630cf69d5e5490 complete=true samples=720 alphaZero=78 alphaPartial=0 alphaOpaque=642 rgbMean=[125.0,99.5,56.8] rgbRange=[74-179,60-140,32-81] voxels=496 aabb=[0,0,0]-[2,15,15] parts=[( 0.000E+0  0.000E+0  0.000E+0)]
[27Jul2026 12:47:20.463] [Photonic Chunk Compiler #0/INFO] [Photonics/]: Photonics voxel occupancy: state=Block{minecraft:oak_trapdoor}[facing=east,half=bottom,open=true,powered=false,waterlogged=false] part=( 0.000E+0  0.000E+0  0.000E+0) slices=y0=0007/0007/0007/0007/0007/0007/0007/0007/0007/0007/0007/0007/0007/0007/0007/0007;y1=0007/0005/0005/0005/0005/0005/0005/0005/0005/0005/0005/0005/0005/0005/0004/0007;y2=0007/0005/0005/0005/0005/0005/0005/0005/0005/0005/0005/0005/0005/0004/0005/0007;y3=0007/0005/0005/0000/0000/0000/0005/0005/0005/0005/0000/0000/0000/0005/0005/0007;y4=0007/0005/0005/0000/0000/0000/0005/0005/0005/0005/0000/0000/0000/0005/0005/0007;y5=0007/0005/0005/0000/0000/0000/0005/0005/0005/0005/0000/0000/0000/0005/0005/0007;y6=0007/0005/0005/0005/0005/0005/0005/0005/0005/0004/0005/0005/0005/0005/0005/0007;y7=0007/0005/0005/0005/0005/0005/0005/0005/0004/0005/0005/0005/0005/0005/0005/0007;y8=0007/0005/0005/0005/0005/0005/0005/0005/0005/0005/0005/0005/0005/0005/0005/0007;y9=0007/0005/0005/0005/0005/0005/0005/0005/0005/0005/0005/0005/0005/0005/0005/0007;y10=0007/0005/0005/0000/0000/0000/0005/0005/0005/0005/0000/0000/0000/0005/0005/0007;y11=0007/0005/0005/0000/0000/0000/0005/0005/0005/0005/0000/0000/0000/0005/0005/0007;y12=0007/0005/0005/0000/0000/0000/0005/0005/0005/0005/0000/0000/0000/0005/0005/0007;y13=0007/0005/0005/0005/0005/0005/0005/0005/0005/0005/0005/0005/0005/0005/0005/0007;y14=0007/0005/0005/0005/0005/0005/0005/0005/0005/0005/0005/0005/0005/0005/0005/0007;y15=0007/0007/0007/0007/0007/0007/0007/0007/0007/0007/0007/0007/0007/0007/0007/0007
[27Jul2026 12:47:20.496] [Render thread/INFO] [Photonics/]: Photonics world tracing v72: revision=1, settled=false, compiledSections=1, trackedSections=136, batchBuilt=1, batchUnloaded=0, pendingBuilds=3, pendingUnloads=0, ready=true, depth=3, blockBounds=( 2.560E+2  2.560E+2  2.720E+2)..( 2.720E+2  2.720E+2  2.880E+2), treeBounds=( 2.560E+2  2.560E+2  2.720E+2)..( 2.720E+2  2.720E+2  2.880E+2), origin=(-2.560E+2 -2.560E+2 -2.560E+2), boundsSource=compiled, compileMs=21.752
[27Jul2026 12:47:20.503] [Render thread/INFO] [Photonics/]: Photonics light list pending: 50 -> 4000
[27Jul2026 12:47:20.503] [Render thread/INFO] [Photonics/]: Photonics v35 direct-light prefixes: movingLights=0, externalLights=1, totalLights=4000, proposalBudget=adaptive-half-candidates
[27Jul2026 12:47:20.759] [Photonic Chunk Compiler #1/INFO] [Photonics/]: Photonics voxel diagnostic: state=Block{minecraft:spruce_fence}[east=true,north=false,south=false,waterlogged=false,west=false] vertexHash=b2522d31990899c0 complete=true samples=496 alphaZero=0 alphaPartial=0 alphaOpaque=496 rgbMean=[113.1,83.3,47.4] rgbRange=[85-136,58-101,31-58] voxels=296 aabb=[6,0,6]-[15,15,9] parts=[( 0.000E+0  0.000E+0  0.000E+0)]
[27Jul2026 12:47:20.760] [Photonic Chunk Compiler #1/INFO] [Photonics/]: Photonics voxel occupancy: state=Block{minecraft:spruce_fence}[east=true,north=false,south=false,waterlogged=false,west=false] part=( 0.000E+0  0.000E+0  0.000E+0) slices=y0=0000/0000/0000/0000/0000/0000/03c0/03c0/03c0/03c0/0000/0000/0000/0000/0000/0000;y1=0000/0000/0000/0000/0000/0000/03c0/0240/0240/03c0/0000/0000/0000/0000/0000/0000;y2=0000/0000/0000/0000/0000/0000/03c0/0240/0240/03c0/0000/0000/0000/0000/0000/0000;y3=0000/0000/0000/0000/0000/0000/03c0/0240/0240/03c0/0000/0000/0000/0000/0000/0000;y4=0000/0000/0000/0000/0000/0000/03c0/0240/0240/03c0/0000/0000/0000/0000/0000/0000;y5=0000/0000/0000/0000/0000/0000/03c0/0240/0240/03c0/0000/0000/0000/0000/0000/0000;y6=0000/0000/0000/0000/0000/0000/03c0/ffc0/ffc0/03c0/0000/0000/0000/0000/0000/0000;y7=0000/0000/0000/0000/0000/0000/03c0/ffc0/ffc0/03c0/0000/0000/0000/0000/0000/0000;y8=0000/0000/0000/0000/0000/0000/03c0/ffc0/ffc0/03c0/0000/0000/0000/0000/0000/0000;y9=0000/0000/0000/0000/0000/0000/03c0/0240/0240/03c0/0000/0000/0000/0000/0000/0000;y10=0000/0000/0000/0000/0000/0000/03c0/0240/0240/03c0/0000/0000/0000/0000/0000/0000;y11=0000/0000/0000/0000/0000/0000/03c0/0240/0240/03c0/0000/0000/0000/0000/0000/0000;y12=0000/0000/0000/0000/0000/0000/03c0/ffc0/ffc0/03c0/0000/0000/0000/0000/0000/0000;y13=0000/0000/0000/0000/0000/0000/03c0/ffc0/ffc0/03c0/0000/0000/0000/0000/0000/0000;y14=0000/0000/0000/0000/0000/0000/03c0/ffc0/ffc0/03c0/0000/0000/0000/0000/0000/0000;y15=0000/0000/0000/0000/0000/0000/03c0/03c0/03c0/03c0/0000/0000/0000/0000/0000/0000
[27Jul2026 12:47:20.978] [Render thread/INFO] [Photonics/]: Photonics v55 Sable skylight transition: subLevel=4de0b23a-a039-4374-baa4-dd946612d8f9, scale=0 -> 15, logicalY=70.29165 (cell 70), renderY=70.29165 (cell 70), cameraY=77.87163 (cell 77)
[27Jul2026 12:47:21.101] [Photonic Chunk Compiler #1/INFO] [Photonics/]: Photonics voxel diagnostic: state=Block{minecraft:oak_fence}[east=true,north=false,south=true,waterlogged=false,west=true] vertexHash=ca73a646266539f0 complete=true samples=898 alphaZero=0 alphaPartial=0 alphaOpaque=898 rgbMean=[157.7,126.7,75.9] rgbRange=[103-194,80-157,44-98] voxels=440 aabb=[0,0,6]-[15,15,15] parts=[( 0.000E+0  0.000E+0  0.000E+0)]
[27Jul2026 12:47:21.101] [Photonic Chunk Compiler #1/INFO] [Photonics/]: Photonics voxel occupancy: state=Block{minecraft:oak_fence}[east=true,north=false,south=true,waterlogged=false,west=true] part=( 0.000E+0  0.000E+0  0.000E+0) slices=y0=0000/0000/0000/0000/0000/0000/03c0/03c0/03c0/03c0/0000/0000/0000/0000/0000/0000;y1=0000/0000/0000/0000/0000/0000/03c0/0240/0240/03c0/0000/0000/0000/0000/0000/0000;y2=0000/0000/0000/0000/0000/0000/03c0/0240/0240/03c0/0000/0000/0000/0000/0000/0000;y3=0000/0000/0000/0000/0000/0000/03c0/0240/0240/03c0/0000/0000/0000/0000/0000/0000;y4=0000/0000/0000/0000/0000/0000/03c0/0240/0240/03c0/0000/0000/0000/0000/0000/0000;y5=0000/0000/0000/0000/0000/0000/03c0/0240/0240/03c0/0000/0000/0000/0000/0000/0000;y6=0000/0000/0000/0000/0000/0000/03c0/ffff/ffff/03c0/0180/0180/0180/0180/0180/0180;y7=0000/0000/0000/0000/0000/0000/03c0/ffff/ffff/03c0/0180/0180/0180/0180/0180/0180;y8=0000/0000/0000/0000/0000/0000/03c0/ffff/ffff/03c0/0180/0180/0180/0180/0180/0180;y9=0000/0000/0000/0000/0000/0000/03c0/0240/0240/03c0/0000/0000/0000/0000/0000/0000;y10=0000/0000/0000/0000/0000/0000/03c0/0240/0240/03c0/0000/0000/0000/0000/0000/0000;y11=0000/0000/0000/0000/0000/0000/03c0/0240/0240/03c0/0000/0000/0000/0000/0000/0000;y12=0000/0000/0000/0000/0000/0000/03c0/ffff/ffff/03c0/0180/0180/0180/0180/0180/0180;y13=0000/0000/0000/0000/0000/0000/03c0/ffff/ffff/03c0/0180/0180/0180/0180/0180/0180;y14=0000/0000/0000/0000/0000/0000/03c0/ffff/ffff/03c0/0180/0180/0180/0180/0180/0180;y15=0000/0000/0000/0000/0000/0000/03c0/03c0/03c0/03c0/0000/0000/0000/0000/0000/0000
[27Jul2026 12:47:21.104] [Photonic Chunk Compiler #1/INFO] [Photonics/]: Photonics voxel diagnostic: state=Block{minecraft:oak_fence}[east=true,north=false,south=false,waterlogged=false,west=true] vertexHash=303b713ab99889d8 complete=true samples=700 alphaZero=0 alphaPartial=0 alphaOpaque=700 rgbMean=[158.0,126.9,76.1] rgbRange=[103-194,80-157,44-98] voxels=368 aabb=[0,0,6]-[15,15,9] parts=[( 0.000E+0  0.000E+0  0.000E+0)]
[27Jul2026 12:47:21.104] [Photonic Chunk Compiler #1/INFO] [Photonics/]: Photonics voxel occupancy: state=Block{minecraft:oak_fence}[east=true,north=false,south=false,waterlogged=false,west=true] part=( 0.000E+0  0.000E+0  0.000E+0) slices=y0=0000/0000/0000/0000/0000/0000/03c0/03c0/03c0/03c0/0000/0000/0000/0000/0000/0000;y1=0000/0000/0000/0000/0000/0000/03c0/0240/0240/03c0/0000/0000/0000/0000/0000/0000;y2=0000/0000/0000/0000/0000/0000/03c0/0240/0240/03c0/0000/0000/0000/0000/0000/0000;y3=0000/0000/0000/0000/0000/0000/03c0/0240/0240/03c0/0000/0000/0000/0000/0000/0000;y4=0000/0000/0000/0000/0000/0000/03c0/0240/0240/03c0/0000/0000/0000/0000/0000/0000;y5=0000/0000/0000/0000/0000/0000/03c0/0240/0240/03c0/0000/0000/0000/0000/0000/0000;y6=0000/0000/0000/0000/0000/0000/03c0/ffff/ffff/03c0/0000/0000/0000/0000/0000/0000;y7=0000/0000/0000/0000/0000/0000/03c0/ffff/ffff/03c0/0000/0000/0000/0000/0000/0000;y8=0000/0000/0000/0000/0000/0000/03c0/ffff/ffff/03c0/0000/0000/0000/0000/0000/0000;y9=0000/0000/0000/0000/0000/0000/03c0/0240/0240/03c0/0000/0000/0000/0000/0000/0000;y10=0000/0000/0000/0000/0000/0000/03c0/0240/0240/03c0/0000/0000/0000/0000/0000/0000;y11=0000/0000/0000/0000/0000/0000/03c0/0240/0240/03c0/0000/0000/0000/0000/0000/0000;y12=0000/0000/0000/0000/0000/0000/03c0/ffff/ffff/03c0/0000/0000/0000/0000/0000/0000;y13=0000/0000/0000/0000/0000/0000/03c0/ffff/ffff/03c0/0000/0000/0000/0000/0000/0000;y14=0000/0000/0000/0000/0000/0000/03c0/ffff/ffff/03c0/0000/0000/0000/0000/0000/0000;y15=0000/0000/0000/0000/0000/0000/03c0/03c0/03c0/03c0/0000/0000/0000/0000/0000/0000
[27Jul2026 12:47:21.105] [Photonic Chunk Compiler #1/INFO] [Photonics/]: Photonics voxel diagnostic: state=Block{minecraft:oak_fence_gate}[facing=north,in_wall=false,open=false,powered=false] vertexHash=c96b34df54f74060 complete=true samples=520 alphaZero=0 alphaPartial=0 alphaOpaque=520 rgbMean=[159.5,128.3,76.9] rgbRange=[103-194,80-157,44-98] voxels=256 aabb=[0,5,7]-[15,15,8] parts=[( 0.000E+0  0.000E+0  0.000E+0)]
[27Jul2026 12:47:21.105] [Photonic Chunk Compiler #1/INFO] [Photonics/]: Photonics voxel occupancy: state=Block{minecraft:oak_fence_gate}[facing=north,in_wall=false,open=false,powered=false] part=( 0.000E+0  0.000E+0  0.000E+0) slices=y5=0000/0000/0000/0000/0000/0000/0000/c003/c003/0000/0000/0000/0000/0000/0000/0000;y6=0000/0000/0000/0000/0000/0000/0000/ffff/ffff/0000/0000/0000/0000/0000/0000/0000;y7=0000/0000/0000/0000/0000/0000/0000/ffff/ffff/0000/0000/0000/0000/0000/0000/0000;y8=0000/0000/0000/0000/0000/0000/0000/ffff/ffff/0000/0000/0000/0000/0000/0000/0000;y9=0000/0000/0000/0000/0000/0000/0000/c3c3/c3c3/0000/0000/0000/0000/0000/0000/0000;y10=0000/0000/0000/0000/0000/0000/0000/c3c3/c3c3/0000/0000/0000/0000/0000/0000/0000;y11=0000/0000/0000/0000/0000/0000/0000/c3c3/c3c3/0000/0000/0000/0000/0000/0000/0000;y12=0000/0000/0000/0000/0000/0000/0000/ffff/ffff/0000/0000/0000/0000/0000/0000/0000;y13=0000/0000/0000/0000/0000/0000/0000/ffff/ffff/0000/0000/0000/0000/0000/0000/0000;y14=0000/0000/0000/0000/0000/0000/0000/ffff/ffff/0000/0000/0000/0000/0000/0000/0000;y15=0000/0000/0000/0000/0000/0000/0000/c003/c003/0000/0000/0000/0000/0000/0000/0000
[27Jul2026 12:47:21.107] [Photonic Chunk Compiler #1/INFO] [Photonics/]: Photonics voxel diagnostic: state=Block{minecraft:oak_fence_gate}[facing=south,in_wall=false,open=false,powered=false] vertexHash=ec6654088cf74060 complete=true samples=520 alphaZero=0 alphaPartial=0 alphaOpaque=520 rgbMean=[159.5,128.3,76.9] rgbRange=[103-194,80-157,44-98] voxels=256 aabb=[0,5,7]-[15,15,8] parts=[( 0.000E+0  0.000E+0  0.000E+0)]
[27Jul2026 12:47:21.107] [Photonic Chunk Compiler #1/INFO] [Photonics/]: Photonics voxel occupancy: state=Block{minecraft:oak_fence_gate}[facing=south,in_wall=false,open=false,powered=false] part=( 0.000E+0  0.000E+0  0.000E+0) slices=y5=0000/0000/0000/0000/0000/0000/0000/c003/c003/0000/0000/0000/0000/0000/0000/0000;y6=0000/0000/0000/0000/0000/0000/0000/ffff/ffff/0000/0000/0000/0000/0000/0000/0000;y7=0000/0000/0000/0000/0000/0000/0000/ffff/ffff/0000/0000/0000/0000/0000/0000/0000;y8=0000/0000/0000/0000/0000/0000/0000/ffff/ffff/0000/0000/0000/0000/0000/0000/0000;y9=0000/0000/0000/0000/0000/0000/0000/c3c3/c3c3/0000/0000/0000/0000/0000/0000/0000;y10=0000/0000/0000/0000/0000/0000/0000/c3c3/c3c3/0000/0000/0000/0000/0000/0000/0000;y11=0000/0000/0000/0000/0000/0000/0000/c3c3/c3c3/0000/0000/0000/0000/0000/0000/0000;y12=0000/0000/0000/0000/0000/0000/0000/ffff/ffff/0000/0000/0000/0000/0000/0000/0000;y13=0000/0000/0000/0000/0000/0000/0000/ffff/ffff/0000/0000/0000/0000/0000/0000/0000;y14=0000/0000/0000/0000/0000/0000/0000/ffff/ffff/0000/0000/0000/0000/0000/0000/0000;y15=0000/0000/0000/0000/0000/0000/0000/c003/c003/0000/0000/0000/0000/0000/0000/0000
[27Jul2026 12:47:21.118] [Photonic Chunk Compiler #1/INFO] [Photonics/]: Photonics voxel diagnostic: state=Block{minecraft:oak_fence}[east=false,north=false,south=true,waterlogged=false,west=true] vertexHash=67950a1b7da689d8 complete=true samples=694 alphaZero=0 alphaPartial=0 alphaOpaque=694 rgbMean=[158.1,127.2,76.1] rgbRange=[103-194,80-157,44-98] voxels=368 aabb=[0,0,6]-[9,15,15] parts=[( 0.000E+0  0.000E+0  0.000E+0)]
[27Jul2026 12:47:21.118] [Photonic Chunk Compiler #1/INFO] [Photonics/]: Photonics voxel occupancy: state=Block{minecraft:oak_fence}[east=false,north=false,south=true,waterlogged=false,west=true] part=( 0.000E+0  0.000E+0  0.000E+0) slices=y0=0000/0000/0000/0000/0000/0000/03c0/03c0/03c0/03c0/0000/0000/0000/0000/0000/0000;y1=0000/0000/0000/0000/0000/0000/03c0/0240/0240/03c0/0000/0000/0000/0000/0000/0000;y2=0000/0000/0000/0000/0000/0000/03c0/0240/0240/03c0/0000/0000/0000/0000/0000/0000;y3=0000/0000/0000/0000/0000/0000/03c0/0240/0240/03c0/0000/0000/0000/0000/0000/0000;y4=0000/0000/0000/0000/0000/0000/03c0/0240/0240/03c0/0000/0000/0000/0000/0000/0000;y5=0000/0000/0000/0000/0000/0000/03c0/0240/0240/03c0/0000/0000/0000/0000/0000/0000;y6=0000/0000/0000/0000/0000/0000/03c0/03ff/03ff/03c0/0180/0180/0180/0180/0180/0180;y7=0000/0000/0000/0000/0000/0000/03c0/03ff/03ff/03c0/0180/0180/0180/0180/0180/0180;y8=0000/0000/0000/0000/0000/0000/03c0/03ff/03ff/03c0/0180/0180/0180/0180/0180/0180;y9=0000/0000/0000/0000/0000/0000/03c0/0240/0240/03c0/0000/0000/0000/0000/0000/0000;y10=0000/0000/0000/0000/0000/0000/03c0/0240/0240/03c0/0000/0000/0000/0000/0000/0000;y11=0000/0000/0000/0000/0000/0000/03c0/0240/0240/03c0/0000/0000/0000/0000/0000/0000;y12=0000/0000/0000/0000/0000/0000/03c0/03ff/03ff/03c0/0180/0180/0180/0180/0180/0180;y13=0000/0000/0000/0000/0000/0000/03c0/03ff/03ff/03c0/0180/0180/0180/0180/0180/0180;y14=0000/0000/0000/0000/0000/0000/03c0/03ff/03ff/03c0/0180/0180/0180/0180/0180/0180;y15=0000/0000/0000/0000/0000/0000/03c0/03c0/03c0/03c0/0000/0000/0000/0000/0000/0000
[27Jul2026 12:47:21.119] [Photonic Chunk Compiler #1/INFO] [Photonics/]: Photonics voxel diagnostic: state=Block{minecraft:oak_fence}[east=false,north=true,south=true,waterlogged=false,west=false] vertexHash=5214b57b8f9889d8 complete=true samples=688 alphaZero=0 alphaPartial=0 alphaOpaque=688 rgbMean=[158.9,127.9,76.6] rgbRange=[103-194,80-157,44-98] voxels=368 aabb=[6,0,0]-[9,15,15] parts=[( 0.000E+0  0.000E+0  0.000E+0)]
[27Jul2026 12:47:21.119] [Photonic Chunk Compiler #1/INFO] [Photonics/]: Photonics voxel occupancy: state=Block{minecraft:oak_fence}[east=false,north=true,south=true,waterlogged=false,west=false] part=( 0.000E+0  0.000E+0  0.000E+0) slices=y0=0000/0000/0000/0000/0000/0000/03c0/03c0/03c0/03c0/0000/0000/0000/0000/0000/0000;y1=0000/0000/0000/0000/0000/0000/03c0/0240/0240/03c0/0000/0000/0000/0000/0000/0000;y2=0000/0000/0000/0000/0000/0000/03c0/0240/0240/03c0/0000/0000/0000/0000/0000/0000;y3=0000/0000/0000/0000/0000/0000/03c0/0240/0240/03c0/0000/0000/0000/0000/0000/0000;y4=0000/0000/0000/0000/0000/0000/03c0/0240/0240/03c0/0000/0000/0000/0000/0000/0000;y5=0000/0000/0000/0000/0000/0000/03c0/0240/0240/03c0/0000/0000/0000/0000/0000/0000;y6=0180/0180/0180/0180/0180/0180/03c0/03c0/03c0/03c0/0180/0180/0180/0180/0180/0180;y7=0180/0180/0180/0180/0180/0180/03c0/03c0/03c0/03c0/0180/0180/0180/0180/0180/0180;y8=0180/0180/0180/0180/0180/0180/03c0/03c0/03c0/03c0/0180/0180/0180/0180/0180/0180;y9=0000/0000/0000/0000/0000/0000/03c0/0240/0240/03c0/0000/0000/0000/0000/0000/0000;y10=0000/0000/0000/0000/0000/0000/03c0/0240/0240/03c0/0000/0000/0000/0000/0000/0000;y11=0000/0000/0000/0000/0000/0000/03c0/0240/0240/03c0/0000/0000/0000/0000/0000/0000;y12=0180/0180/0180/0180/0180/0180/03c0/03c0/03c0/03c0/0180/0180/0180/0180/0180/0180;y13=0180/0180/0180/0180/0180/0180/03c0/03c0/03c0/03c0/0180/0180/0180/0180/0180/0180;y14=0180/0180/0180/0180/0180/0180/03c0/03c0/03c0/03c0/0180/0180/0180/0180/0180/0180;y15=0000/0000/0000/0000/0000/0000/03c0/03c0/03c0/03c0/0000/0000/0000/0000/0000/0000
[27Jul2026 12:47:21.119] [Photonic Chunk Compiler #1/INFO] [Photonics/]: Photonics voxel diagnostic: state=Block{minecraft:oak_fence_gate}[facing=east,in_wall=false,open=false,powered=false] vertexHash=1c60ed2572796928 complete=true samples=518 alphaZero=0 alphaPartial=0 alphaOpaque=518 rgbMean=[159.6,128.7,77.0] rgbRange=[103-194,80-157,44-98] voxels=256 aabb=[7,5,0]-[8,15,15] parts=[( 0.000E+0  0.000E+0  0.000E+0)]
[27Jul2026 12:47:21.119] [Photonic Chunk Compiler #1/INFO] [Photonics/]: Photonics voxel occupancy: state=Block{minecraft:oak_fence_gate}[facing=east,in_wall=false,open=false,powered=false] part=( 0.000E+0  0.000E+0  0.000E+0) slices=y5=0180/0180/0000/0000/0000/0000/0000/0000/0000/0000/0000/0000/0000/0000/0180/0180;y6=0180/0180/0180/0180/0180/0180/0180/0180/0180/0180/0180/0180/0180/0180/0180/0180;y7=0180/0180/0180/0180/0180/0180/0180/0180/0180/0180/0180/0180/0180/0180/0180/0180;y8=0180/0180/0180/0180/0180/0180/0180/0180/0180/0180/0180/0180/0180/0180/0180/0180;y9=0180/0180/0000/0000/0000/0000/0180/0180/0180/0180/0000/0000/0000/0000/0180/0180;y10=0180/0180/0000/0000/0000/0000/0180/0180/0180/0180/0000/0000/0000/0000/0180/0180;y11=0180/0180/0000/0000/0000/0000/0180/0180/0180/0180/0000/0000/0000/0000/0180/0180;y12=0180/0180/0180/0180/0180/0180/0180/0180/0180/0180/0180/0180/0180/0180/0180/0180;y13=0180/0180/0180/0180/0180/0180/0180/0180/0180/0180/0180/0180/0180/0180/0180/0180;y14=0180/0180/0180/0180/0180/0180/0180/0180/0180/0180/0180/0180/0180/0180/0180/0180;y15=0180/0180/0000/0000/0000/0000/0000/0000/0000/0000/0000/0000/0000/0000/0180/0180
[27Jul2026 12:47:21.119] [Photonic Chunk Compiler #1/INFO] [Photonics/]: Photonics voxel diagnostic: state=Block{minecraft:oak_fence}[east=false,north=true,south=false,waterlogged=false,west=true] vertexHash=8d7e2cce708a89d8 complete=true samples=694 alphaZero=0 alphaPartial=0 alphaOpaque=694 rgbMean=[158.8,127.7,76.6] rgbRange=[103-194,80-157,44-98] voxels=368 aabb=[0,0,0]-[9,15,9] parts=[( 0.000E+0  0.000E+0  0.000E+0)]
[27Jul2026 12:47:21.119] [Photonic Chunk Compiler #1/INFO] [Photonics/]: Photonics voxel occupancy: state=Block{minecraft:oak_fence}[east=false,north=true,south=false,waterlogged=false,west=true] part=( 0.000E+0  0.000E+0  0.000E+0) slices=y0=0000/0000/0000/0000/0000/0000/03c0/03c0/03c0/03c0/0000/0000/0000/0000/0000/0000;y1=0000/0000/0000/0000/0000/0000/03c0/0240/0240/03c0/0000/0000/0000/0000/0000/0000;y2=0000/0000/0000/0000/0000/0000/03c0/0240/0240/03c0/0000/0000/0000/0000/0000/0000;y3=0000/0000/0000/0000/0000/0000/03c0/0240/0240/03c0/0000/0000/0000/0000/0000/0000;y4=0000/0000/0000/0000/0000/0000/03c0/0240/0240/03c0/0000/0000/0000/0000/0000/0000;y5=0000/0000/0000/0000/0000/0000/03c0/0240/0240/03c0/0000/0000/0000/0000/0000/0000;y6=0180/0180/0180/0180/0180/0180/03c0/03ff/03ff/03c0/0000/0000/0000/0000/0000/0000;y7=0180/0180/0180/0180/0180/0180/03c0/03ff/03ff/03c0/0000/0000/0000/0000/0000/0000;y8=0180/0180/0180/0180/0180/0180/03c0/03ff/03ff/03c0/0000/0000/0000/0000/0000/0000;y9=0000/0000/0000/0000/0000/0000/03c0/0240/0240/03c0/0000/0000/0000/0000/0000/0000;y10=0000/0000/0000/0000/0000/0000/03c0/0240/0240/03c0/0000/0000/0000/0000/0000/0000;y11=0000/0000/0000/0000/0000/0000/03c0/0240/0240/03c0/0000/0000/0000/0000/0000/0000;y12=0180/0180/0180/0180/0180/0180/03c0/03ff/03ff/03c0/0000/0000/0000/0000/0000/0000;y13=0180/0180/0180/0180/0180/0180/03c0/03ff/03ff/03c0/0000/0000/0000/0000/0000/0000;y14=0180/0180/0180/0180/0180/0180/03c0/03ff/03ff/03c0/0000/0000/0000/0000/0000/0000;y15=0000/0000/0000/0000/0000/0000/03c0/03c0/03c0/03c0/0000/0000/0000/0000/0000/0000
[27Jul2026 12:47:21.216] [Photonic Chunk Compiler #1/INFO] [Photonics/]: Photonics voxel diagnostic: state=Block{minecraft:spruce_fence}[east=false,north=false,south=true,waterlogged=false,west=true] vertexHash=b146c740f9ec89d8 complete=true samples=694 alphaZero=0 alphaPartial=0 alphaOpaque=694 rgbMean=[112.6,82.9,47.3] rgbRange=[85-136,58-101,31-58] voxels=368 aabb=[0,0,6]-[9,15,15] parts=[( 0.000E+0  0.000E+0  0.000E+0)]
[27Jul2026 12:47:21.216] [Photonic Chunk Compiler #1/INFO] [Photonics/]: Photonics voxel occupancy: state=Block{minecraft:spruce_fence}[east=false,north=false,south=true,waterlogged=false,west=true] part=( 0.000E+0  0.000E+0  0.000E+0) slices=y0=0000/0000/0000/0000/0000/0000/03c0/03c0/03c0/03c0/0000/0000/0000/0000/0000/0000;y1=0000/0000/0000/0000/0000/0000/03c0/0240/0240/03c0/0000/0000/0000/0000/0000/0000;y2=0000/0000/0000/0000/0000/0000/03c0/0240/0240/03c0/0000/0000/0000/0000/0000/0000;y3=0000/0000/0000/0000/0000/0000/03c0/0240/0240/03c0/0000/0000/0000/0000/0000/0000;y4=0000/0000/0000/0000/0000/0000/03c0/0240/0240/03c0/0000/0000/0000/0000/0000/0000;y5=0000/0000/0000/0000/0000/0000/03c0/0240/0240/03c0/0000/0000/0000/0000/0000/0000;y6=0000/0000/0000/0000/0000/0000/03c0/03ff/03ff/03c0/0180/0180/0180/0180/0180/0180;y7=0000/0000/0000/0000/0000/0000/03c0/03ff/03ff/03c0/0180/0180/0180/0180/0180/0180;y8=0000/0000/0000/0000/0000/0000/03c0/03ff/03ff/03c0/0180/0180/0180/0180/0180/0180;y9=0000/0000/0000/0000/0000/0000/03c0/0240/0240/03c0/0000/0000/0000/0000/0000/0000;y10=0000/0000/0000/0000/0000/0000/03c0/0240/0240/03c0/0000/0000/0000/0000/0000/0000;y11=0000/0000/0000/0000/0000/0000/03c0/0240/0240/03c0/0000/0000/0000/0000/0000/0000;y12=0000/0000/0000/0000/0000/0000/03c0/03ff/03ff/03c0/0180/0180/0180/0180/0180/0180;y13=0000/0000/0000/0000/0000/0000/03c0/03ff/03ff/03c0/0180/0180/0180/0180/0180/0180;y14=0000/0000/0000/0000/0000/0000/03c0/03ff/03ff/03c0/0180/0180/0180/0180/0180/0180;y15=0000/0000/0000/0000/0000/0000/03c0/03c0/03c0/03c0/0000/0000/0000/0000/0000/0000
[27Jul2026 12:47:21.217] [Photonic Chunk Compiler #1/INFO] [Photonics/]: Photonics voxel diagnostic: state=Block{minecraft:spruce_fence}[east=false,north=true,south=false,waterlogged=false,west=true] vertexHash=4feecbf43bde89d8 complete=true samples=694 alphaZero=0 alphaPartial=0 alphaOpaque=694 rgbMean=[113.1,83.3,47.6] rgbRange=[85-136,58-101,31-58] voxels=368 aabb=[0,0,0]-[9,15,9] parts=[( 0.000E+0  0.000E+0  0.000E+0)]
[27Jul2026 12:47:21.217] [Photonic Chunk Compiler #1/INFO] [Photonics/]: Photonics voxel occupancy: state=Block{minecraft:spruce_fence}[east=false,north=true,south=false,waterlogged=false,west=true] part=( 0.000E+0  0.000E+0  0.000E+0) slices=y0=0000/0000/0000/0000/0000/0000/03c0/03c0/03c0/03c0/0000/0000/0000/0000/0000/0000;y1=0000/0000/0000/0000/0000/0000/03c0/0240/0240/03c0/0000/0000/0000/0000/0000/0000;y2=0000/0000/0000/0000/0000/0000/03c0/0240/0240/03c0/0000/0000/0000/0000/0000/0000;y3=0000/0000/0000/0000/0000/0000/03c0/0240/0240/03c0/0000/0000/0000/0000/0000/0000;y4=0000/0000/0000/0000/0000/0000/03c0/0240/0240/03c0/0000/0000/0000/0000/0000/0000;y5=0000/0000/0000/0000/0000/0000/03c0/0240/0240/03c0/0000/0000/0000/0000/0000/0000;y6=0180/0180/0180/0180/0180/0180/03c0/03ff/03ff/03c0/0000/0000/0000/0000/0000/0000;y7=0180/0180/0180/0180/0180/0180/03c0/03ff/03ff/03c0/0000/0000/0000/0000/0000/0000;y8=0180/0180/0180/0180/0180/0180/03c0/03ff/03ff/03c0/0000/0000/0000/0000/0000/0000;y9=0000/0000/0000/0000/0000/0000/03c0/0240/0240/03c0/0000/0000/0000/0000/0000/0000;y10=0000/0000/0000/0000/0000/0000/03c0/0240/0240/03c0/0000/0000/0000/0000/0000/0000;y11=0000/0000/0000/0000/0000/0000/03c0/0240/0240/03c0/0000/0000/0000/0000/0000/0000;y12=0180/0180/0180/0180/0180/0180/03c0/03ff/03ff/03c0/0000/0000/0000/0000/0000/0000;y13=0180/0180/0180/0180/0180/0180/03c0/03ff/03ff/03c0/0000/0000/0000/0000/0000/0000;y14=0180/0180/0180/0180/0180/0180/03c0/03ff/03ff/03c0/0000/0000/0000/0000/0000/0000;y15=0000/0000/0000/0000/0000/0000/03c0/03c0/03c0/03c0/0000/0000/0000/0000/0000/0000
[27Jul2026 12:47:21.239] [Photonic Chunk Compiler #0/INFO] [Photonics/]: Photonics voxel diagnostic: state=Block{minecraft:oak_fence}[east=false,north=false,south=true,waterlogged=false,west=false] vertexHash=9566cef37c2819c0 complete=true samples=490 alphaZero=0 alphaPartial=0 alphaOpaque=490 rgbMean=[158.9,128.0,76.5] rgbRange=[103-194,80-157,44-98] voxels=296 aabb=[6,0,6]-[9,15,15] parts=[( 0.000E+0  0.000E+0  0.000E+0)]
[27Jul2026 12:47:21.240] [Photonic Chunk Compiler #0/INFO] [Photonics/]: Photonics voxel occupancy: state=Block{minecraft:oak_fence}[east=false,north=false,south=true,waterlogged=false,west=false] part=( 0.000E+0  0.000E+0  0.000E+0) slices=y0=0000/0000/0000/0000/0000/0000/03c0/03c0/03c0/03c0/0000/0000/0000/0000/0000/0000;y1=0000/0000/0000/0000/0000/0000/03c0/0240/0240/03c0/0000/0000/0000/0000/0000/0000;y2=0000/0000/0000/0000/0000/0000/03c0/0240/0240/03c0/0000/0000/0000/0000/0000/0000;y3=0000/0000/0000/0000/0000/0000/03c0/0240/0240/03c0/0000/0000/0000/0000/0000/0000;y4=0000/0000/0000/0000/0000/0000/03c0/0240/0240/03c0/0000/0000/0000/0000/0000/0000;y5=0000/0000/0000/0000/0000/0000/03c0/0240/0240/03c0/0000/0000/0000/0000/0000/0000;y6=0000/0000/0000/0000/0000/0000/03c0/03c0/03c0/03c0/0180/0180/0180/0180/0180/0180;y7=0000/0000/0000/0000/0000/0000/03c0/03c0/03c0/03c0/0180/0180/0180/0180/0180/0180;y8=0000/0000/0000/0000/0000/0000/03c0/03c0/03c0/03c0/0180/0180/0180/0180/0180/0180;y9=0000/0000/0000/0000/0000/0000/03c0/0240/0240/03c0/0000/0000/0000/0000/0000/0000;y10=0000/0000/0000/0000/0000/0000/03c0/0240/0240/03c0/0000/0000/0000/0000/0000/0000;y11=0000/0000/0000/0000/0000/0000/03c0/0240/0240/03c0/0000/0000/0000/0000/0000/0000;y12=0000/0000/0000/0000/0000/0000/03c0/03c0/03c0/03c0/0180/0180/0180/0180/0180/0180;y13=0000/0000/0000/0000/0000/0000/03c0/03c0/03c0/03c0/0180/0180/0180/0180/0180/0180;y14=0000/0000/0000/0000/0000/0000/03c0/03c0/03c0/03c0/0180/0180/0180/0180/0180/0180;y15=0000/0000/0000/0000/0000/0000/03c0/03c0/03c0/03c0/0000/0000/0000/0000/0000/0000
[27Jul2026 12:47:21.240] [Photonic Chunk Compiler #0/INFO] [Photonics/]: Photonics voxel diagnostic: state=Block{minecraft:oak_fence}[east=false,north=true,south=false,waterlogged=false,west=false] vertexHash=53eeb540f0c19c0 complete=true samples=490 alphaZero=0 alphaPartial=0 alphaOpaque=490 rgbMean=[159.9,128.8,77.3] rgbRange=[103-194,80-157,44-98] voxels=296 aabb=[6,0,0]-[9,15,9] parts=[( 0.000E+0  0.000E+0  0.000E+0)]
[27Jul2026 12:47:21.240] [Photonic Chunk Compiler #0/INFO] [Photonics/]: Photonics voxel occupancy: state=Block{minecraft:oak_fence}[east=false,north=true,south=false,waterlogged=false,west=false] part=( 0.000E+0  0.000E+0  0.000E+0) slices=y0=0000/0000/0000/0000/0000/0000/03c0/03c0/03c0/03c0/0000/0000/0000/0000/0000/0000;y1=0000/0000/0000/0000/0000/0000/03c0/0240/0240/03c0/0000/0000/0000/0000/0000/0000;y2=0000/0000/0000/0000/0000/0000/03c0/0240/0240/03c0/0000/0000/0000/0000/0000/0000;y3=0000/0000/0000/0000/0000/0000/03c0/0240/0240/03c0/0000/0000/0000/0000/0000/0000;y4=0000/0000/0000/0000/0000/0000/03c0/0240/0240/03c0/0000/0000/0000/0000/0000/0000;y5=0000/0000/0000/0000/0000/0000/03c0/0240/0240/03c0/0000/0000/0000/0000/0000/0000;y6=0180/0180/0180/0180/0180/0180/03c0/03c0/03c0/03c0/0000/0000/0000/0000/0000/0000;y7=0180/0180/0180/0180/0180/0180/03c0/03c0/03c0/03c0/0000/0000/0000/0000/0000/0000;y8=0180/0180/0180/0180/0180/0180/03c0/03c0/03c0/03c0/0000/0000/0000/0000/0000/0000;y9=0000/0000/0000/0000/0000/0000/03c0/0240/0240/03c0/0000/0000/0000/0000/0000/0000;y10=0000/0000/0000/0000/0000/0000/03c0/0240/0240/03c0/0000/0000/0000/0000/0000/0000;y11=0000/0000/0000/0000/0000/0000/03c0/0240/0240/03c0/0000/0000/0000/0000/0000/0000;y12=0180/0180/0180/0180/0180/0180/03c0/03c0/03c0/03c0/0000/0000/0000/0000/0000/0000;y13=0180/0180/0180/0180/0180/0180/03c0/03c0/03c0/03c0/0000/0000/0000/0000/0000/0000;y14=0180/0180/0180/0180/0180/0180/03c0/03c0/03c0/03c0/0000/0000/0000/0000/0000/0000;y15=0000/0000/0000/0000/0000/0000/03c0/03c0/03c0/03c0/0000/0000/0000/0000/0000/0000
[27Jul2026 12:47:21.353] [Photonic Chunk Compiler #1/INFO] [Photonics/]: Photonics voxel diagnostic: state=Block{minecraft:verdant_froglight}[axis=y] vertexHash=fd7118285460e7b8 complete=true samples=1600 alphaZero=0 alphaPartial=0 alphaOpaque=1600 rgbMean=[217.1,237.8,214.6] rgbRange=[120-248,166-253,92-248] voxels=1352 aabb=[0,0,0]-[15,15,15] parts=[( 0.000E+0  0.000E+0  0.000E+0)]
[27Jul2026 12:47:21.353] [Photonic Chunk Compiler #1/INFO] [Photonics/]: Photonics voxel occupancy: state=Block{minecraft:verdant_froglight}[axis=y] part=( 0.000E+0  0.000E+0  0.000E+0) slices=y0=ffff/ffff/ffff/ffff/ffff/ffff/ffff/ffff/ffff/ffff/ffff/ffff/ffff/ffff/ffff/ffff;y1=ffff/8001/8001/8001/8001/8001/8001/8001/8001/8001/8001/8001/8001/8001/8001/ffff;y2=ffff/8001/8001/8001/8001/8001/8001/8001/8001/8001/8001/8001/8001/8001/8001/ffff;y3=ffff/8001/8001/8001/8001/8001/8001/8001/8001/8001/8001/8001/8001/8001/8001/ffff;y4=ffff/8001/8001/8001/8001/8001/8001/8001/8001/8001/8001/8001/8001/8001/8001/ffff;y5=ffff/8001/8001/8001/8001/8001/8001/8001/8001/8001/8001/8001/8001/8001/8001/ffff;y6=ffff/8001/8001/8001/8001/8001/8001/8001/8001/8001/8001/8001/8001/8001/8001/ffff;y7=ffff/8001/8001/8001/8001/8001/8001/8001/8001/8001/8001/8001/8001/8001/8001/ffff;y8=ffff/8001/8001/8001/8001/8001/8001/8001/8001/8001/8001/8001/8001/8001/8001/ffff;y9=ffff/8001/8001/8001/8001/8001/8001/8001/8001/8001/8001/8001/8001/8001/8001/ffff;y10=ffff/8001/8001/8001/8001/8001/8001/8001/8001/8001/8001/8001/8001/8001/8001/ffff;y11=ffff/8001/8001/8001/8001/8001/8001/8001/8001/8001/8001/8001/8001/8001/8001/ffff;y12=ffff/8001/8001/8001/8001/8001/8001/8001/8001/8001/8001/8001/8001/8001/8001/ffff;y13=ffff/8001/8001/8001/8001/8001/8001/8001/8001/8001/8001/8001/8001/8001/8001/ffff;y14=ffff/8001/8001/8001/8001/8001/8001/8001/8001/8001/8001/8001/8001/8001/8001/ffff;y15=ffff/ffff/ffff/ffff/ffff/ffff/ffff/ffff/ffff/ffff/ffff/ffff/ffff/ffff/ffff/ffff
[27Jul2026 12:47:21.526] [Render thread/INFO] [Photonics/]: Photonics world tracing v72: revision=3, settled=false, compiledSections=33, trackedSections=2699, batchBuilt=19, batchUnloaded=0, pendingBuilds=5, pendingUnloads=0, ready=true, depth=6, blockBounds=( 1.920E+2  1.920E+2  1.440E+2)..( 3.040E+2  2.720E+2  3.360E+2), treeBounds=( 0.000E+0  0.000E+0  0.000E+0)..( 1.024E+3  1.024E+3  1.024E+3), origin=(-1.920E+2 -1.920E+2 -1.280E+2), boundsSource=compiled, compileMs=42.836
[27Jul2026 12:47:21.900] [Photonic Chunk Compiler #0/INFO] [Photonics/]: Photonics voxel diagnostic: state=Block{minecraft:oak_fence}[east=true,north=false,south=true,waterlogged=false,west=false] vertexHash=39272387d8a689d8 complete=true samples=694 alphaZero=0 alphaPartial=0 alphaOpaque=694 rgbMean=[158.1,127.2,76.1] rgbRange=[103-194,80-157,44-98] voxels=368 aabb=[6,0,6]-[15,15,15] parts=[( 0.000E+0  0.000E+0  0.000E+0)]
[27Jul2026 12:47:21.900] [Photonic Chunk Compiler #0/INFO] [Photonics/]: Photonics voxel occupancy: state=Block{minecraft:oak_fence}[east=true,north=false,south=true,waterlogged=false,west=false] part=( 0.000E+0  0.000E+0  0.000E+0) slices=y0=0000/0000/0000/0000/0000/0000/03c0/03c0/03c0/03c0/0000/0000/0000/0000/0000/0000;y1=0000/0000/0000/0000/0000/0000/03c0/0240/0240/03c0/0000/0000/0000/0000/0000/0000;y2=0000/0000/0000/0000/0000/0000/03c0/0240/0240/03c0/0000/0000/0000/0000/0000/0000;y3=0000/0000/0000/0000/0000/0000/03c0/0240/0240/03c0/0000/0000/0000/0000/0000/0000;y4=0000/0000/0000/0000/0000/0000/03c0/0240/0240/03c0/0000/0000/0000/0000/0000/0000;y5=0000/0000/0000/0000/0000/0000/03c0/0240/0240/03c0/0000/0000/0000/0000/0000/0000;y6=0000/0000/0000/0000/0000/0000/03c0/ffc0/ffc0/03c0/0180/0180/0180/0180/0180/0180;y7=0000/0000/0000/0000/0000/0000/03c0/ffc0/ffc0/03c0/0180/0180/0180/0180/0180/0180;y8=0000/0000/0000/0000/0000/0000/03c0/ffc0/ffc0/03c0/0180/0180/0180/0180/0180/0180;y9=0000/0000/0000/0000/0000/0000/03c0/0240/0240/03c0/0000/0000/0000/0000/0000/0000;y10=0000/0000/0000/0000/0000/0000/03c0/0240/0240/03c0/0000/0000/0000/0000/0000/0000;y11=0000/0000/0000/0000/0000/0000/03c0/0240/0240/03c0/0000/0000/0000/0000/0000/0000;y12=0000/0000/0000/0000/0000/0000/03c0/ffc0/ffc0/03c0/0180/0180/0180/0180/0180/0180;y13=0000/0000/0000/0000/0000/0000/03c0/ffc0/ffc0/03c0/0180/0180/0180/0180/0180/0180;y14=0000/0000/0000/0000/0000/0000/03c0/ffc0/ffc0/03c0/0180/0180/0180/0180/0180/0180;y15=0000/0000/0000/0000/0000/0000/03c0/03c0/03c0/03c0/0000/0000/0000/0000/0000/0000
[27Jul2026 12:47:21.900] [Photonic Chunk Compiler #0/INFO] [Photonics/]: Photonics voxel diagnostic: state=Block{minecraft:oak_fence}[east=true,north=true,south=true,waterlogged=false,west=false] vertexHash=a38c635b685739f0 complete=true samples=892 alphaZero=0 alphaPartial=0 alphaOpaque=892 rgbMean=[158.3,127.3,76.3] rgbRange=[103-194,80-157,44-98] voxels=440 aabb=[6,0,0]-[15,15,15] parts=[( 0.000E+0  0.000E+0  0.000E+0)]
[27Jul2026 12:47:21.900] [Photonic Chunk Compiler #0/INFO] [Photonics/]: Photonics voxel occupancy: state=Block{minecraft:oak_fence}[east=true,north=true,south=true,waterlogged=false,west=false] part=( 0.000E+0  0.000E+0  0.000E+0) slices=y0=0000/0000/0000/0000/0000/0000/03c0/03c0/03c0/03c0/0000/0000/0000/0000/0000/0000;y1=0000/0000/0000/0000/0000/0000/03c0/0240/0240/03c0/0000/0000/0000/0000/0000/0000;y2=0000/0000/0000/0000/0000/0000/03c0/0240/0240/03c0/0000/0000/0000/0000/0000/0000;y3=0000/0000/0000/0000/0000/0000/03c0/0240/0240/03c0/0000/0000/0000/0000/0000/0000;y4=0000/0000/0000/0000/0000/0000/03c0/0240/0240/03c0/0000/0000/0000/0000/0000/0000;y5=0000/0000/0000/0000/0000/0000/03c0/0240/0240/03c0/0000/0000/0000/0000/0000/0000;y6=0180/0180/0180/0180/0180/0180/03c0/ffc0/ffc0/03c0/0180/0180/0180/0180/0180/0180;y7=0180/0180/0180/0180/0180/0180/03c0/ffc0/ffc0/03c0/0180/0180/0180/0180/0180/0180;y8=0180/0180/0180/0180/0180/0180/03c0/ffc0/ffc0/03c0/0180/0180/0180/0180/0180/0180;y9=0000/0000/0000/0000/0000/0000/03c0/0240/0240/03c0/0000/0000/0000/0000/0000/0000;y10=0000/0000/0000/0000/0000/0000/03c0/0240/0240/03c0/0000/0000/0000/0000/0000/0000;y11=0000/0000/0000/0000/0000/0000/03c0/0240/0240/03c0/0000/0000/0000/0000/0000/0000;y12=0180/0180/0180/0180/0180/0180/03c0/ffc0/ffc0/03c0/0180/0180/0180/0180/0180/0180;y13=0180/0180/0180/0180/0180/0180/03c0/ffc0/ffc0/03c0/0180/0180/0180/0180/0180/0180;y14=0180/0180/0180/0180/0180/0180/03c0/ffc0/ffc0/03c0/0180/0180/0180/0180/0180/0180;y15=0000/0000/0000/0000/0000/0000/03c0/03c0/03c0/03c0/0000/0000/0000/0000/0000/0000
[27Jul2026 12:47:21.901] [Photonic Chunk Compiler #0/INFO] [Photonics/]: Photonics voxel diagnostic: state=Block{minecraft:oak_fence}[east=true,north=true,south=false,waterlogged=false,west=false] vertexHash=9791929d0b8a89d8 complete=true samples=694 alphaZero=0 alphaPartial=0 alphaOpaque=694 rgbMean=[158.8,127.7,76.6] rgbRange=[103-194,80-157,44-98] voxels=368 aabb=[6,0,0]-[15,15,9] parts=[( 0.000E+0  0.000E+0  0.000E+0)]
[27Jul2026 12:47:21.901] [Photonic Chunk Compiler #0/INFO] [Photonics/]: Photonics voxel occupancy: state=Block{minecraft:oak_fence}[east=true,north=true,south=false,waterlogged=false,west=false] part=( 0.000E+0  0.000E+0  0.000E+0) slices=y0=0000/0000/0000/0000/0000/0000/03c0/03c0/03c0/03c0/0000/0000/0000/0000/0000/0000;y1=0000/0000/0000/0000/0000/0000/03c0/0240/0240/03c0/0000/0000/0000/0000/0000/0000;y2=0000/0000/0000/0000/0000/0000/03c0/0240/0240/03c0/0000/0000/0000/0000/0000/0000;y3=0000/0000/0000/0000/0000/0000/03c0/0240/0240/03c0/0000/0000/0000/0000/0000/0000;y4=0000/0000/0000/0000/0000/0000/03c0/0240/0240/03c0/0000/0000/0000/0000/0000/0000;y5=0000/0000/0000/0000/0000/0000/03c0/0240/0240/03c0/0000/0000/0000/0000/0000/0000;y6=0180/0180/0180/0180/0180/0180/03c0/ffc0/ffc0/03c0/0000/0000/0000/0000/0000/0000;y7=0180/0180/0180/0180/0180/0180/03c0/ffc0/ffc0/03c0/0000/0000/0000/0000/0000/0000;y8=0180/0180/0180/0180/0180/0180/03c0/ffc0/ffc0/03c0/0000/0000/0000/0000/0000/0000;y9=0000/0000/0000/0000/0000/0000/03c0/0240/0240/03c0/0000/0000/0000/0000/0000/0000;y10=0000/0000/0000/0000/0000/0000/03c0/0240/0240/03c0/0000/0000/0000/0000/0000/0000;y11=0000/0000/0000/0000/0000/0000/03c0/0240/0240/03c0/0000/0000/0000/0000/0000/0000;y12=0180/0180/0180/0180/0180/0180/03c0/ffc0/ffc0/03c0/0000/0000/0000/0000/0000/0000;y13=0180/0180/0180/0180/0180/0180/03c0/ffc0/ffc0/03c0/0000/0000/0000/0000/0000/0000;y14=0180/0180/0180/0180/0180/0180/03c0/ffc0/ffc0/03c0/0000/0000/0000/0000/0000/0000;y15=0000/0000/0000/0000/0000/0000/03c0/03c0/03c0/03c0/0000/0000/0000/0000/0000/0000
[27Jul2026 12:47:21.972] [Photonics Light List Compiler/INFO] [Photonics/]: Photonics light candidates v18: eligible=4767, selected=4000, maxLights=4000, lightSections=578, capped=true
[27Jul2026 12:47:21.972] [Photonics Light List Compiler/INFO] [Photonics/]: Photonics light-list publication v88: coalescedBatches=7, peakPendingSections=595, remainingSections=0, deferredMs=37.592
[27Jul2026 12:47:22.504] [Photonics Light List Compiler/INFO] [Photonics/]: Photonics light candidates v18: eligible=5026, selected=4000, maxLights=4000, lightSections=632, capped=true
[27Jul2026 12:47:22.504] [Photonics Light List Compiler/INFO] [Photonics/]: Photonics light-list publication v88: coalescedBatches=27, peakPendingSections=1461, remainingSections=686, deferredMs=251.174
[27Jul2026 12:47:22.710] [Render thread/INFO] [Photonics/]: Photonics world tracing v72: revision=6, settled=false, compiledSections=114, trackedSections=3117, batchBuilt=23, batchUnloaded=0, pendingBuilds=2, pendingUnloads=0, ready=true, depth=6, blockBounds=( 1.600E+2  1.920E+2  1.440E+2)..( 3.520E+2  2.880E+2  3.680E+2), treeBounds=( 0.000E+0  0.000E+0  0.000E+0)..( 1.024E+3  1.024E+3  1.024E+3), origin=(-1.920E+2 -1.920E+2 -1.280E+2), boundsSource=compiled, compileMs=29.989
[27Jul2026 12:47:22.803] [Photonics Light List Compiler/INFO] [Photonics/]: Photonics light candidates v18: eligible=5656, selected=4000, maxLights=4000, lightSections=692, capped=true
[27Jul2026 12:47:22.804] [Photonics Light List Compiler/INFO] [Photonics/]: Photonics light-list publication v88: coalescedBatches=27, peakPendingSections=1569, remainingSections=776, deferredMs=251.794
[27Jul2026 12:47:23.153] [Photonics Light List Compiler/INFO] [Photonics/]: Photonics light candidates v18: eligible=6102, selected=4000, maxLights=4000, lightSections=727, capped=true
[27Jul2026 12:47:23.153] [Photonics Light List Compiler/INFO] [Photonics/]: Photonics light-list publication v88: coalescedBatches=18, peakPendingSections=1347, remainingSections=672, deferredMs=252.591
[27Jul2026 12:47:23.416] [Photonics Light List Compiler/INFO] [Photonics/]: Photonics light candidates v18: eligible=6553, selected=4000, maxLights=4000, lightSections=764, capped=true
[27Jul2026 12:47:23.416] [Photonics Light List Compiler/INFO] [Photonics/]: Photonics light-list publication v88: coalescedBatches=25, peakPendingSections=1480, remainingSections=1453, deferredMs=251.134
[27Jul2026 12:47:23.679] [Photonics Light List Compiler/INFO] [Photonics/]: Photonics light candidates v18: eligible=7886, selected=4000, maxLights=4000, lightSections=872, capped=true
[27Jul2026 12:47:23.679] [Photonics Light List Compiler/INFO] [Photonics/]: Photonics light-list publication v88: coalescedBatches=49, peakPendingSections=1411, remainingSections=538, deferredMs=254.937
[27Jul2026 12:47:23.715] [Render thread/INFO] [Photonics/]: Photonics world tracing v72: revision=10, settled=false, compiledSections=216, trackedSections=4550, batchBuilt=36, batchUnloaded=0, pendingBuilds=4, pendingUnloads=0, ready=true, depth=6, blockBounds=( 1.440E+2  1.600E+2  1.440E+2)..( 3.680E+2  2.880E+2  3.840E+2), treeBounds=( 0.000E+0  0.000E+0  0.000E+0)..( 1.024E+3  1.024E+3  1.024E+3), origin=(-1.920E+2 -1.920E+2 -1.280E+2), boundsSource=compiled, compileMs=38.550
[27Jul2026 12:47:23.866] [Render thread/INFO] [net.minecraft.client.gui.components.ChatComponent/]: [System] [CHAT] Distant Horizons: G1 Garbage collector detected.\nThis can cause FPS stuttering. \nIt's recommended to use a concurrent garbage collector \nlike ZGC (Java 21+) or Shenandoah (Java 8 through 17) \nfor a smoother experience. \nThis warning can be disabled in the DH config.
[27Jul2026 12:47:23.942] [Photonics Light List Compiler/INFO] [Photonics/]: Photonics light candidates v18: eligible=9091, selected=4000, maxLights=4000, lightSections=983, capped=true
[27Jul2026 12:47:23.942] [Photonics Light List Compiler/INFO] [Photonics/]: Photonics light-list publication v88: coalescedBatches=26, peakPendingSections=1254, remainingSections=557, deferredMs=251.824
[27Jul2026 12:47:24.049] [Render thread/INFO] [Photonics/]: Photonics pass timing v73: group=svgf direct atrous, passes=[atrous iteration], viewport=2259x918, megapixels=2.074, cpuInvocations=60, cpuSubmitAvgMs=0.031, cpuSubmitMaxMs=0.214, gpuSamples=14, gpuAvgMs=0.279, gpuMaxMs=0.381, gpuAvgMsPerMP=0.135
[27Jul2026 12:47:24.279] [Photonics Light List Compiler/INFO] [Photonics/]: Photonics light candidates v18: eligible=9772, selected=4000, maxLights=4000, lightSections=1021, capped=true
[27Jul2026 12:47:24.279] [Photonics Light List Compiler/INFO] [Photonics/]: Photonics light-list publication v88: coalescedBatches=28, peakPendingSections=1170, remainingSections=422, deferredMs=251.916
[27Jul2026 12:47:24.548] [Photonics Light List Compiler/INFO] [Photonics/]: Photonics light candidates v18: eligible=11447, selected=4000, maxLights=4000, lightSections=1120, capped=true
[27Jul2026 12:47:24.548] [Photonics Light List Compiler/INFO] [Photonics/]: Photonics light-list publication v88: coalescedBatches=33, peakPendingSections=873, remainingSections=0, deferredMs=249.433
[27Jul2026 12:47:24.806] [Render thread/INFO] [Photonics/]: Photonics world tracing v72: revision=17, settled=false, compiledSections=348, trackedSections=5180, batchBuilt=22, batchUnloaded=0, pendingBuilds=3, pendingUnloads=0, ready=true, depth=6, blockBounds=( 1.280E+2  1.440E+2  1.440E+2)..( 3.840E+2  2.880E+2  4.000E+2), treeBounds=( 0.000E+0  0.000E+0  0.000E+0)..( 1.024E+3  1.024E+3  1.024E+3), origin=(-1.920E+2 -1.920E+2 -1.280E+2), boundsSource=compiled, compileMs=35.822
[27Jul2026 12:47:25.034] [Render thread/INFO] [Photonics/]: Photonics pass timing v73: group=svgf gi atrous, passes=[atrous iteration], viewport=1686x685, megapixels=1.155, cpuInvocations=60, cpuSubmitAvgMs=0.023, cpuSubmitMaxMs=0.365, gpuSamples=15, gpuAvgMs=0.099, gpuMaxMs=0.124, gpuAvgMsPerMP=0.086
[27Jul2026 12:47:25.829] [Render thread/INFO] [Photonics/]: Photonics world tracing v72: revision=33, settled=false, compiledSections=461, trackedSections=5180, batchBuilt=10, batchUnloaded=0, pendingBuilds=10, pendingUnloads=0, ready=true, depth=6, blockBounds=( 1.120E+2  1.280E+2  1.440E+2)..( 3.840E+2  3.040E+2  4.160E+2), treeBounds=( 0.000E+0  0.000E+0  0.000E+0)..( 1.024E+3  1.024E+3  1.024E+3), origin=(-1.920E+2 -1.920E+2 -1.280E+2), boundsSource=compiled, compileMs=35.735
[27Jul2026 12:47:26.270] [Render thread/INFO] [Photonics/]: Photonics pass timing v73: group=frag data, passes=[frag data], viewport=2259x918, megapixels=2.074, cpuInvocations=60, cpuSubmitAvgMs=0.396, cpuSubmitMaxMs=19.500, gpuSamples=15, gpuAvgMs=0.148, gpuMaxMs=0.164, gpuAvgMsPerMP=0.071
[27Jul2026 12:47:26.270] [Render thread/INFO] [Photonics/]: Photonics frame throughput v78: viewport=2259x918, windowSeconds=8.062, renderedFrames=60, fps=7.442, frameAvgMs=134.372
[27Jul2026 12:47:26.270] [Render thread/INFO] [Photonics/]: Photonics pass timing v73: group=frag data gi, passes=[frag data gi], viewport=1686x685, megapixels=1.155, cpuInvocations=60, cpuSubmitAvgMs=0.055, cpuSubmitMaxMs=1.688, gpuSamples=15, gpuAvgMs=0.092, gpuMaxMs=0.105, gpuAvgMsPerMP=0.080
[27Jul2026 12:47:26.270] [Render thread/INFO] [Photonics/]: Photonics pass timing v73: group=restir direct, passes=[initial direct + visibility], viewport=2259x918, megapixels=2.074, cpuInvocations=60, cpuSubmitAvgMs=0.297, cpuSubmitMaxMs=9.765, gpuSamples=15, gpuAvgMs=1.253, gpuMaxMs=1.402, gpuAvgMsPerMP=0.604
[27Jul2026 12:47:26.270] [Render thread/INFO] [Photonics/]: Photonics pass timing v73: group=restir direct temporal, passes=[temporal reuse], viewport=2259x918, megapixels=2.074, cpuInvocations=60, cpuSubmitAvgMs=0.039, cpuSubmitMaxMs=0.385, gpuSamples=15, gpuAvgMs=1.332, gpuMaxMs=1.612, gpuAvgMsPerMP=0.643
[27Jul2026 12:47:26.270] [Render thread/INFO] [Photonics/]: Photonics pass timing v73: group=restir direct spatial copy, passes=[copy spatial input], viewport=2259x918, megapixels=2.074, cpuInvocations=60, cpuSubmitAvgMs=0.023, cpuSubmitMaxMs=0.487, gpuSamples=15, gpuAvgMs=0.086, gpuMaxMs=0.096, gpuAvgMsPerMP=0.042
[27Jul2026 12:47:26.270] [Render thread/INFO] [Photonics/]: Photonics pass timing v73: group=restir direct spatial, passes=[spatial reuse/clamp], viewport=2259x918, megapixels=2.074, cpuInvocations=60, cpuSubmitAvgMs=0.019, cpuSubmitMaxMs=0.109, gpuSamples=15, gpuAvgMs=1.145, gpuMaxMs=1.345, gpuAvgMsPerMP=0.552
[27Jul2026 12:47:26.270] [Render thread/INFO] [Photonics/]: Photonics pass timing v73: group=restir direct diffuse, passes=[diffuse], viewport=2259x918, megapixels=2.074, cpuInvocations=60, cpuSubmitAvgMs=0.021, cpuSubmitMaxMs=0.077, gpuSamples=15, gpuAvgMs=1.306, gpuMaxMs=1.501, gpuAvgMsPerMP=0.630
[27Jul2026 12:47:26.270] [Render thread/INFO] [Photonics/]: Photonics pass timing v73: group=restir direct accumulation, passes=[accumulation], viewport=2259x918, megapixels=2.074, cpuInvocations=60, cpuSubmitAvgMs=0.038, cpuSubmitMaxMs=0.825, gpuSamples=15, gpuAvgMs=0.645, gpuMaxMs=0.695, gpuAvgMsPerMP=0.311
[27Jul2026 12:47:26.270] [Render thread/INFO] [Photonics/]: Photonics pass timing v73: group=svgf direct variance, passes=[variance prefilter], viewport=2259x918, megapixels=2.074, cpuInvocations=60, cpuSubmitAvgMs=0.051, cpuSubmitMaxMs=2.161, gpuSamples=15, gpuAvgMs=0.738, gpuMaxMs=0.831, gpuAvgMsPerMP=0.356
[27Jul2026 12:47:26.272] [Render thread/INFO] [Photonics/]: Photonics pass timing v73: group=restir gi initial, passes=[initial indirect], viewport=1686x685, megapixels=1.155, cpuInvocations=60, cpuSubmitAvgMs=0.070, cpuSubmitMaxMs=2.976, gpuSamples=15, gpuAvgMs=1.068, gpuMaxMs=1.217, gpuAvgMsPerMP=0.925
[27Jul2026 12:47:26.272] [Render thread/INFO] [Photonics/]: Photonics pass timing v73: group=restir gi temporal, passes=[temporal reuse + tri-state classification], viewport=1686x685, megapixels=1.155, cpuInvocations=60, cpuSubmitAvgMs=0.031, cpuSubmitMaxMs=0.208, gpuSamples=15, gpuAvgMs=0.139, gpuMaxMs=0.165, gpuAvgMsPerMP=0.121
[27Jul2026 12:47:26.272] [Render thread/INFO] [Photonics/]: Photonics pass timing v73: group=restir gi spatial copy, passes=[copy spatial input], viewport=1686x685, megapixels=1.155, cpuInvocations=60, cpuSubmitAvgMs=0.026, cpuSubmitMaxMs=0.801, gpuSamples=15, gpuAvgMs=0.081, gpuMaxMs=0.091, gpuAvgMsPerMP=0.070
[27Jul2026 12:47:26.272] [Render thread/INFO] [Photonics/]: Photonics pass timing v73: group=restir gi spatial, passes=[spatial reuse/clamp + tri-state classification], viewport=1686x685, megapixels=1.155, cpuInvocations=60, cpuSubmitAvgMs=0.014, cpuSubmitMaxMs=0.070, gpuSamples=15, gpuAvgMs=0.086, gpuMaxMs=0.138, gpuAvgMsPerMP=0.075
[27Jul2026 12:47:26.272] [Render thread/INFO] [Photonics/]: Photonics pass timing v73: group=restir gi diffuse, passes=[diffuse], viewport=1686x685, megapixels=1.155, cpuInvocations=60, cpuSubmitAvgMs=0.016, cpuSubmitMaxMs=0.220, gpuSamples=15, gpuAvgMs=0.064, gpuMaxMs=0.067, gpuAvgMsPerMP=0.055
[27Jul2026 12:47:26.272] [Render thread/INFO] [Photonics/]: Photonics pass timing v73: group=restir gi accumulation, passes=[accumulation], viewport=1686x685, megapixels=1.155, cpuInvocations=60, cpuSubmitAvgMs=0.011, cpuSubmitMaxMs=0.044, gpuSamples=15, gpuAvgMs=0.172, gpuMaxMs=0.198, gpuAvgMsPerMP=0.149
[27Jul2026 12:47:26.272] [Render thread/INFO] [Photonics/]: Photonics pass timing v73: group=svgf gi variance, passes=[variance prefilter], viewport=1686x685, megapixels=1.155, cpuInvocations=60, cpuSubmitAvgMs=0.026, cpuSubmitMaxMs=1.000, gpuSamples=15, gpuAvgMs=0.100, gpuMaxMs=0.134, gpuAvgMsPerMP=0.086
[27Jul2026 12:47:26.272] [Render thread/INFO] [Photonics/]: Photonics pass timing v73: group=restir local, passes=[exact local direct], viewport=2259x918, megapixels=2.074, cpuInvocations=60, cpuSubmitAvgMs=0.027, cpuSubmitMaxMs=0.261, gpuSamples=15, gpuAvgMs=0.056, gpuMaxMs=0.062, gpuAvgMsPerMP=0.027
[27Jul2026 12:47:26.272] [Render thread/INFO] [Photonics/]: Photonics pass timing v73: group=restir handheld, passes=[handheld], viewport=2259x918, megapixels=2.074, cpuInvocations=60, cpuSubmitAvgMs=0.043, cpuSubmitMaxMs=0.533, gpuSamples=15, gpuAvgMs=0.019, gpuMaxMs=0.020, gpuAvgMsPerMP=0.009
[27Jul2026 12:47:26.272] [Render thread/INFO] [Photonics/]: Photonics pass timing v73: group=photonics temporal source, passes=[compose low-resolution lighting], viewport=2259x918, megapixels=2.074, cpuInvocations=60, cpuSubmitAvgMs=0.021, cpuSubmitMaxMs=0.700, gpuSamples=15, gpuAvgMs=0.117, gpuMaxMs=0.119, gpuAvgMsPerMP=0.056
[27Jul2026 12:47:26.273] [Render thread/INFO] [Photonics/]: Photonics pass timing v73: group=photonics temporal reconstruction, passes=[reconstruct lighting], viewport=3373x1371, megapixels=4.624, cpuInvocations=60, cpuSubmitAvgMs=0.118, cpuSubmitMaxMs=5.742, gpuSamples=15, gpuAvgMs=0.505, gpuMaxMs=0.559, gpuAvgMsPerMP=0.109
[27Jul2026 12:47:26.858] [Render thread/INFO] [Photonics/]: Photonics world tracing v72: revision=59, settled=false, compiledSections=580, trackedSections=5180, batchBuilt=7, batchUnloaded=0, pendingBuilds=0, pendingUnloads=0, ready=true, depth=6, blockBounds=( 8.000E+1  1.280E+2  1.440E+2)..( 4.160E+2  3.040E+2  4.320E+2), treeBounds=( 0.000E+0  0.000E+0  0.000E+0)..( 1.024E+3  1.024E+3  1.024E+3), origin=(-1.920E+2 -1.920E+2 -1.280E+2), boundsSource=compiled, compileMs=23.178
[27Jul2026 12:47:27.886] [Render thread/INFO] [Photonics/]: Photonics world tracing v72: revision=87, settled=false, compiledSections=748, trackedSections=5180, batchBuilt=6, batchUnloaded=0, pendingBuilds=1, pendingUnloads=0, ready=true, depth=6, blockBounds=( 6.400E+1  1.280E+2  1.120E+2)..( 4.320E+2  3.040E+2  4.480E+2), treeBounds=( 0.000E+0  0.000E+0  0.000E+0)..( 1.024E+3  1.024E+3  1.024E+3), origin=(-1.920E+2 -1.920E+2 -1.280E+2), boundsSource=compiled, compileMs=26.057
[27Jul2026 12:47:28.890] [Render thread/INFO] [Photonics/]: Photonics world tracing v72: revision=109, settled=false, compiledSections=940, trackedSections=5180, batchBuilt=3, batchUnloaded=0, pendingBuilds=5, pendingUnloads=0, ready=true, depth=6, blockBounds=( 4.800E+1  1.280E+2  9.600E+1)..( 4.480E+2  3.040E+2  4.640E+2), treeBounds=( 0.000E+0  0.000E+0  0.000E+0)..( 1.024E+3  1.024E+3  1.024E+3), origin=(-1.920E+2 -1.920E+2 -1.280E+2), boundsSource=compiled, compileMs=28.150
[27Jul2026 12:47:29.054] [Render thread/INFO] [Photonics/]: Photonics pass timing v73: group=svgf direct atrous, passes=[atrous iteration], viewport=2259x918, megapixels=2.074, cpuInvocations=986, cpuSubmitAvgMs=0.005, cpuSubmitMaxMs=0.096, gpuSamples=248, gpuAvgMs=0.421, gpuMaxMs=0.507, gpuAvgMsPerMP=0.203
[27Jul2026 12:47:29.893] [Render thread/INFO] [Photonics/]: Photonics world tracing v72: revision=128, settled=false, compiledSections=1190, trackedSections=5180, batchBuilt=13, batchUnloaded=0, pendingBuilds=2, pendingUnloads=0, ready=true, depth=6, blockBounds=( 4.800E+1  1.280E+2  9.600E+1)..( 4.480E+2  3.040E+2  4.640E+2), treeBounds=( 0.000E+0  0.000E+0  0.000E+0)..( 1.024E+3  1.024E+3  1.024E+3), origin=(-1.920E+2 -1.920E+2 -1.280E+2), boundsSource=compiled, compileMs=48.448
[27Jul2026 12:47:30.046] [Render thread/INFO] [Photonics/]: Photonics pass timing v73: group=svgf gi atrous, passes=[atrous iteration], viewport=1686x685, megapixels=1.155, cpuInvocations=727, cpuSubmitAvgMs=0.004, cpuSubmitMaxMs=0.078, gpuSamples=181, gpuAvgMs=0.123, gpuMaxMs=0.190, gpuAvgMsPerMP=0.106
[27Jul2026 12:47:30.989] [Render thread/INFO] [Photonics/]: Photonics world tracing v72: revision=144, settled=false, compiledSections=1430, trackedSections=5180, batchBuilt=48, batchUnloaded=0, pendingBuilds=23, pendingUnloads=0, ready=true, depth=6, blockBounds=( 4.800E+1  1.280E+2  6.400E+1)..( 4.480E+2  3.040E+2  4.960E+2), treeBounds=( 0.000E+0  0.000E+0  0.000E+0)..( 1.024E+3  1.024E+3  1.024E+3), origin=(-1.920E+2 -1.920E+2 -1.280E+2), boundsSource=compiled, compileMs=85.695
[27Jul2026 12:47:31.273] [Render thread/INFO] [Photonics/]: Photonics pass timing v73: group=frag data, passes=[frag data], viewport=2259x918, megapixels=2.074, cpuInvocations=268, cpuSubmitAvgMs=0.042, cpuSubmitMaxMs=0.078, gpuSamples=67, gpuAvgMs=0.149, gpuMaxMs=0.157, gpuAvgMsPerMP=0.072
[27Jul2026 12:47:31.273] [Render thread/INFO] [Photonics/]: Photonics frame throughput v78: viewport=2259x918, windowSeconds=5.003, renderedFrames=268, fps=53.565, frameAvgMs=18.669
[27Jul2026 12:47:31.273] [Render thread/INFO] [Photonics/]: Photonics pass timing v73: group=frag data gi, passes=[frag data gi], viewport=1686x685, megapixels=1.155, cpuInvocations=268, cpuSubmitAvgMs=0.017, cpuSubmitMaxMs=0.062, gpuSamples=67, gpuAvgMs=0.088, gpuMaxMs=0.092, gpuAvgMsPerMP=0.076
[27Jul2026 12:47:31.273] [Render thread/INFO] [Photonics/]: Photonics pass timing v73: group=restir direct, passes=[initial direct + visibility], viewport=2259x918, megapixels=2.074, cpuInvocations=268, cpuSubmitAvgMs=0.041, cpuSubmitMaxMs=0.117, gpuSamples=67, gpuAvgMs=1.353, gpuMaxMs=1.413, gpuAvgMsPerMP=0.652
[27Jul2026 12:47:31.273] [Render thread/INFO] [Photonics/]: Photonics pass timing v73: group=restir direct temporal, passes=[temporal reuse], viewport=2259x918, megapixels=2.074, cpuInvocations=268, cpuSubmitAvgMs=0.017, cpuSubmitMaxMs=0.050, gpuSamples=67, gpuAvgMs=1.594, gpuMaxMs=1.699, gpuAvgMsPerMP=0.769
[27Jul2026 12:47:31.273] [Render thread/INFO] [Photonics/]: Photonics pass timing v73: group=restir direct spatial copy, passes=[copy spatial input], viewport=2259x918, megapixels=2.074, cpuInvocations=268, cpuSubmitAvgMs=0.012, cpuSubmitMaxMs=0.051, gpuSamples=67, gpuAvgMs=0.089, gpuMaxMs=0.136, gpuAvgMsPerMP=0.043
[27Jul2026 12:47:31.273] [Render thread/INFO] [Photonics/]: Photonics pass timing v73: group=restir direct spatial, passes=[spatial reuse/clamp], viewport=2259x918, megapixels=2.074, cpuInvocations=268, cpuSubmitAvgMs=0.011, cpuSubmitMaxMs=0.031, gpuSamples=67, gpuAvgMs=1.297, gpuMaxMs=1.380, gpuAvgMsPerMP=0.625
[27Jul2026 12:47:31.273] [Render thread/INFO] [Photonics/]: Photonics pass timing v73: group=restir direct diffuse, passes=[diffuse], viewport=2259x918, megapixels=2.074, cpuInvocations=268, cpuSubmitAvgMs=0.012, cpuSubmitMaxMs=0.047, gpuSamples=67, gpuAvgMs=1.494, gpuMaxMs=1.583, gpuAvgMsPerMP=0.721
[27Jul2026 12:47:31.273] [Render thread/INFO] [Photonics/]: Photonics pass timing v73: group=restir direct accumulation, passes=[accumulation], viewport=2259x918, megapixels=2.074, cpuInvocations=268, cpuSubmitAvgMs=0.018, cpuSubmitMaxMs=0.062, gpuSamples=67, gpuAvgMs=0.684, gpuMaxMs=0.734, gpuAvgMsPerMP=0.330
[27Jul2026 12:47:31.273] [Render thread/INFO] [Photonics/]: Photonics pass timing v73: group=svgf direct variance, passes=[variance prefilter], viewport=2259x918, megapixels=2.074, cpuInvocations=268, cpuSubmitAvgMs=0.011, cpuSubmitMaxMs=0.057, gpuSamples=67, gpuAvgMs=0.781, gpuMaxMs=0.855, gpuAvgMsPerMP=0.376
[27Jul2026 12:47:31.274] [Render thread/INFO] [Photonics/]: Photonics pass timing v73: group=restir gi initial, passes=[initial indirect], viewport=1686x685, megapixels=1.155, cpuInvocations=268, cpuSubmitAvgMs=0.011, cpuSubmitMaxMs=0.052, gpuSamples=67, gpuAvgMs=1.197, gpuMaxMs=1.280, gpuAvgMsPerMP=1.037
[27Jul2026 12:47:31.274] [Render thread/INFO] [Photonics/]: Photonics pass timing v73: group=restir gi temporal, passes=[temporal reuse + tri-state classification], viewport=1686x685, megapixels=1.155, cpuInvocations=268, cpuSubmitAvgMs=0.015, cpuSubmitMaxMs=0.049, gpuSamples=67, gpuAvgMs=0.163, gpuMaxMs=0.207, gpuAvgMsPerMP=0.141
[27Jul2026 12:47:31.274] [Render thread/INFO] [Photonics/]: Photonics pass timing v73: group=restir gi spatial copy, passes=[copy spatial input], viewport=1686x685, megapixels=1.155, cpuInvocations=268, cpuSubmitAvgMs=0.010, cpuSubmitMaxMs=0.083, gpuSamples=67, gpuAvgMs=0.083, gpuMaxMs=0.149, gpuAvgMsPerMP=0.072
[27Jul2026 12:47:31.274] [Render thread/INFO] [Photonics/]: Photonics pass timing v73: group=restir gi spatial, passes=[spatial reuse/clamp + tri-state classification], viewport=1686x685, megapixels=1.155, cpuInvocations=268, cpuSubmitAvgMs=0.007, cpuSubmitMaxMs=0.025, gpuSamples=67, gpuAvgMs=0.086, gpuMaxMs=0.088, gpuAvgMsPerMP=0.075
[27Jul2026 12:47:31.274] [Render thread/INFO] [Photonics/]: Photonics pass timing v73: group=restir gi diffuse, passes=[diffuse], viewport=1686x685, megapixels=1.155, cpuInvocations=268, cpuSubmitAvgMs=0.006, cpuSubmitMaxMs=0.022, gpuSamples=67, gpuAvgMs=0.064, gpuMaxMs=0.066, gpuAvgMsPerMP=0.056
[27Jul2026 12:47:31.274] [Render thread/INFO] [Photonics/]: Photonics pass timing v73: group=restir gi accumulation, passes=[accumulation], viewport=1686x685, megapixels=1.155, cpuInvocations=268, cpuSubmitAvgMs=0.006, cpuSubmitMaxMs=0.016, gpuSamples=67, gpuAvgMs=0.193, gpuMaxMs=0.247, gpuAvgMsPerMP=0.167
[27Jul2026 12:47:31.274] [Render thread/INFO] [Photonics/]: Photonics pass timing v73: group=svgf gi variance, passes=[variance prefilter], viewport=1686x685, megapixels=1.155, cpuInvocations=268, cpuSubmitAvgMs=0.007, cpuSubmitMaxMs=0.031, gpuSamples=67, gpuAvgMs=0.107, gpuMaxMs=0.113, gpuAvgMsPerMP=0.093
[27Jul2026 12:47:31.274] [Render thread/INFO] [Photonics/]: Photonics pass timing v73: group=restir local, passes=[exact local direct], viewport=2259x918, megapixels=2.074, cpuInvocations=268, cpuSubmitAvgMs=0.015, cpuSubmitMaxMs=0.038, gpuSamples=67, gpuAvgMs=0.056, gpuMaxMs=0.059, gpuAvgMsPerMP=0.027
[27Jul2026 12:47:31.274] [Render thread/INFO] [Photonics/]: Photonics pass timing v73: group=restir handheld, passes=[handheld], viewport=2259x918, megapixels=2.074, cpuInvocations=268, cpuSubmitAvgMs=0.024, cpuSubmitMaxMs=0.091, gpuSamples=67, gpuAvgMs=0.021, gpuMaxMs=0.082, gpuAvgMsPerMP=0.010
[27Jul2026 12:47:31.274] [Render thread/INFO] [Photonics/]: Photonics pass timing v73: group=photonics temporal source, passes=[compose low-resolution lighting], viewport=2259x918, megapixels=2.074, cpuInvocations=268, cpuSubmitAvgMs=0.006, cpuSubmitMaxMs=0.029, gpuSamples=67, gpuAvgMs=0.116, gpuMaxMs=0.119, gpuAvgMsPerMP=0.056
[27Jul2026 12:47:31.274] [Render thread/INFO] [Photonics/]: Photonics pass timing v73: group=photonics temporal reconstruction, passes=[reconstruct lighting], viewport=3373x1371, megapixels=4.624, cpuInvocations=268, cpuSubmitAvgMs=0.013, cpuSubmitMaxMs=0.040, gpuSamples=67, gpuAvgMs=0.542, gpuMaxMs=0.562, gpuAvgMsPerMP=0.117
[27Jul2026 12:47:32.088] [Render thread/INFO] [Photonics/]: Photonics world tracing v72: revision=160, settled=false, compiledSections=1692, trackedSections=5180, batchBuilt=48, batchUnloaded=0, pendingBuilds=61, pendingUnloads=0, ready=true, depth=6, blockBounds=( 4.800E+1  1.280E+2  6.400E+1)..( 4.640E+2  3.040E+2  4.960E+2), treeBounds=( 0.000E+0  0.000E+0  0.000E+0)..( 1.024E+3  1.024E+3  1.024E+3), origin=(-1.920E+2 -1.920E+2 -1.280E+2), boundsSource=compiled, compileMs=90.172
[27Jul2026 12:47:33.118] [Render thread/INFO] [Photonics/]: Photonics world tracing v72: revision=173, settled=false, compiledSections=1985, trackedSections=5180, batchBuilt=31, batchUnloaded=0, pendingBuilds=68, pendingUnloads=0, ready=true, depth=6, blockBounds=( 3.200E+1  1.280E+2  6.400E+1)..( 4.640E+2  3.040E+2  4.960E+2), treeBounds=( 0.000E+0  0.000E+0  0.000E+0)..( 1.024E+3  1.024E+3  1.024E+3), origin=(-1.920E+2 -1.920E+2 -1.280E+2), boundsSource=compiled, compileMs=76.812
[27Jul2026 12:47:34.078] [Render thread/INFO] [Photonics/]: Photonics pass timing v73: group=svgf direct atrous, passes=[atrous iteration], viewport=2259x918, megapixels=2.074, cpuInvocations=1320, cpuSubmitAvgMs=0.004, cpuSubmitMaxMs=0.024, gpuSamples=330, gpuAvgMs=0.418, gpuMaxMs=0.507, gpuAvgMsPerMP=0.202
[27Jul2026 12:47:34.157] [Render thread/INFO] [Photonics/]: Photonics world tracing v72: revision=183, settled=false, compiledSections=2293, trackedSections=5180, batchBuilt=22, batchUnloaded=0, pendingBuilds=44, pendingUnloads=0, ready=true, depth=6, blockBounds=( 3.200E+1  1.280E+2  6.400E+1)..( 4.640E+2  3.040E+2  4.960E+2), treeBounds=( 0.000E+0  0.000E+0  0.000E+0)..( 1.024E+3  1.024E+3  1.024E+3), origin=(-1.920E+2 -1.920E+2 -1.280E+2), boundsSource=compiled, compileMs=78.422
[27Jul2026 12:47:34.164] [Render thread/INFO] [Photonics/]: Photonics direct reservoir sample v64: samples=120, populated=75, emptyOrBackground=1, visibilityRejected=44, invalid=0, overLegacyCap=36, overTemporalCap=0, totalSamplesRange=32.0..640.0, viewport=2259x918
[27Jul2026 12:47:35.049] [Render thread/INFO] [Photonics/]: Photonics pass timing v73: group=svgf gi atrous, passes=[atrous iteration], viewport=1686x685, megapixels=1.155, cpuInvocations=780, cpuSubmitAvgMs=0.003, cpuSubmitMaxMs=0.014, gpuSamples=195, gpuAvgMs=0.122, gpuMaxMs=0.183, gpuAvgMsPerMP=0.105
[27Jul2026 12:47:35.199] [Render thread/INFO] [Photonics/]: Photonics world tracing v72: revision=190, settled=false, compiledSections=2619, trackedSections=5180, batchBuilt=40, batchUnloaded=0, pendingBuilds=38, pendingUnloads=0, ready=true, depth=6, blockBounds=( 3.200E+1  1.280E+2  6.400E+1)..( 4.640E+2  3.040E+2  4.960E+2), treeBounds=( 0.000E+0  0.000E+0  0.000E+0)..( 1.024E+3  1.024E+3  1.024E+3), origin=(-1.920E+2 -1.920E+2 -1.280E+2), boundsSource=compiled, compileMs=166.409
[27Jul2026 12:47:36.225] [Render thread/INFO] [Photonics/]: Photonics world tracing v72: revision=196, settled=false, compiledSections=2879, trackedSections=5180, batchBuilt=48, batchUnloaded=0, pendingBuilds=90, pendingUnloads=0, ready=true, depth=6, blockBounds=( 3.200E+1  1.280E+2  6.400E+1)..( 4.640E+2  3.040E+2  4.960E+2), treeBounds=( 0.000E+0  0.000E+0  0.000E+0)..( 1.024E+3  1.024E+3  1.024E+3), origin=(-1.920E+2 -1.920E+2 -1.280E+2), boundsSource=compiled, compileMs=148.450
[27Jul2026 12:47:36.277] [Render thread/INFO] [Photonics/]: Photonics pass timing v73: group=restir direct, passes=[initial direct + visibility], viewport=2259x918, megapixels=2.074, cpuInvocations=254, cpuSubmitAvgMs=0.047, cpuSubmitMaxMs=0.240, gpuSamples=64, gpuAvgMs=1.391, gpuMaxMs=1.494, gpuAvgMsPerMP=0.671
[27Jul2026 12:47:36.278] [Render thread/INFO] [Photonics/]: Photonics pass timing v73: group=restir direct temporal, passes=[temporal reuse], viewport=2259x918, megapixels=2.074, cpuInvocations=254, cpuSubmitAvgMs=0.018, cpuSubmitMaxMs=0.063, gpuSamples=64, gpuAvgMs=1.645, gpuMaxMs=1.732, gpuAvgMsPerMP=0.793
[27Jul2026 12:47:36.278] [Render thread/INFO] [Photonics/]: Photonics pass timing v73: group=restir direct spatial copy, passes=[copy spatial input], viewport=2259x918, megapixels=2.074, cpuInvocations=254, cpuSubmitAvgMs=0.012, cpuSubmitMaxMs=0.040, gpuSamples=64, gpuAvgMs=0.088, gpuMaxMs=0.124, gpuAvgMsPerMP=0.043
[27Jul2026 12:47:36.278] [Render thread/INFO] [Photonics/]: Photonics pass timing v73: group=restir direct spatial, passes=[spatial reuse/clamp], viewport=2259x918, megapixels=2.074, cpuInvocations=254, cpuSubmitAvgMs=0.011, cpuSubmitMaxMs=0.032, gpuSamples=64, gpuAvgMs=1.313, gpuMaxMs=1.364, gpuAvgMsPerMP=0.633
[27Jul2026 12:47:36.278] [Render thread/INFO] [Photonics/]: Photonics pass timing v73: group=restir direct diffuse, passes=[diffuse], viewport=2259x918, megapixels=2.074, cpuInvocations=254, cpuSubmitAvgMs=0.013, cpuSubmitMaxMs=0.030, gpuSamples=64, gpuAvgMs=1.558, gpuMaxMs=1.660, gpuAvgMsPerMP=0.751
[27Jul2026 12:47:36.278] [Render thread/INFO] [Photonics/]: Photonics pass timing v73: group=restir direct accumulation, passes=[accumulation], viewport=2259x918, megapixels=2.074, cpuInvocations=254, cpuSubmitAvgMs=0.017, cpuSubmitMaxMs=0.100, gpuSamples=64, gpuAvgMs=0.679, gpuMaxMs=0.728, gpuAvgMsPerMP=0.327
[27Jul2026 12:47:36.278] [Render thread/INFO] [Photonics/]: Photonics pass timing v73: group=svgf direct variance, passes=[variance prefilter], viewport=2259x918, megapixels=2.074, cpuInvocations=254, cpuSubmitAvgMs=0.012, cpuSubmitMaxMs=0.032, gpuSamples=64, gpuAvgMs=0.776, gpuMaxMs=0.824, gpuAvgMsPerMP=0.374
[27Jul2026 12:47:36.278] [Render thread/INFO] [Photonics/]: Photonics pass timing v73: group=restir gi initial, passes=[initial indirect], viewport=1686x685, megapixels=1.155, cpuInvocations=254, cpuSubmitAvgMs=0.011, cpuSubmitMaxMs=0.031, gpuSamples=64, gpuAvgMs=1.234, gpuMaxMs=1.275, gpuAvgMsPerMP=1.068
[27Jul2026 12:47:36.278] [Render thread/INFO] [Photonics/]: Photonics pass timing v73: group=restir gi temporal, passes=[temporal reuse + tri-state classification], viewport=1686x685, megapixels=1.155, cpuInvocations=254, cpuSubmitAvgMs=0.013, cpuSubmitMaxMs=0.092, gpuSamples=64, gpuAvgMs=0.162, gpuMaxMs=0.180, gpuAvgMsPerMP=0.140
[27Jul2026 12:47:36.278] [Render thread/INFO] [Photonics/]: Photonics pass timing v73: group=restir gi spatial copy, passes=[copy spatial input], viewport=1686x685, megapixels=1.155, cpuInvocations=254, cpuSubmitAvgMs=0.010, cpuSubmitMaxMs=0.033, gpuSamples=64, gpuAvgMs=0.082, gpuMaxMs=0.109, gpuAvgMsPerMP=0.071
[27Jul2026 12:47:36.278] [Render thread/INFO] [Photonics/]: Photonics pass timing v73: group=restir gi spatial, passes=[spatial reuse/clamp + tri-state classification], viewport=1686x685, megapixels=1.155, cpuInvocations=254, cpuSubmitAvgMs=0.007, cpuSubmitMaxMs=0.027, gpuSamples=64, gpuAvgMs=0.086, gpuMaxMs=0.088, gpuAvgMsPerMP=0.075
[27Jul2026 12:47:36.278] [Render thread/INFO] [Photonics/]: Photonics pass timing v73: group=restir gi diffuse, passes=[diffuse], viewport=1686x685, megapixels=1.155, cpuInvocations=254, cpuSubmitAvgMs=0.006, cpuSubmitMaxMs=0.015, gpuSamples=64, gpuAvgMs=0.065, gpuMaxMs=0.066, gpuAvgMsPerMP=0.056
[27Jul2026 12:47:36.278] [Render thread/INFO] [Photonics/]: Photonics pass timing v73: group=restir gi accumulation, passes=[accumulation], viewport=1686x685, megapixels=1.155, cpuInvocations=254, cpuSubmitAvgMs=0.007, cpuSubmitMaxMs=0.022, gpuSamples=64, gpuAvgMs=0.190, gpuMaxMs=0.195, gpuAvgMsPerMP=0.165
[27Jul2026 12:47:36.278] [Render thread/INFO] [Photonics/]: Photonics pass timing v73: group=svgf gi variance, passes=[variance prefilter], viewport=1686x685, megapixels=1.155, cpuInvocations=254, cpuSubmitAvgMs=0.008, cpuSubmitMaxMs=0.103, gpuSamples=64, gpuAvgMs=0.107, gpuMaxMs=0.111, gpuAvgMsPerMP=0.093
[27Jul2026 12:47:36.278] [Render thread/INFO] [Photonics/]: Photonics pass timing v73: group=restir local, passes=[exact local direct], viewport=2259x918, megapixels=2.074, cpuInvocations=254, cpuSubmitAvgMs=0.015, cpuSubmitMaxMs=0.042, gpuSamples=64, gpuAvgMs=0.057, gpuMaxMs=0.062, gpuAvgMsPerMP=0.028
[27Jul2026 12:47:36.279] [Render thread/INFO] [Photonics/]: Photonics pass timing v73: group=restir handheld, passes=[handheld], viewport=2259x918, megapixels=2.074, cpuInvocations=254, cpuSubmitAvgMs=0.020, cpuSubmitMaxMs=0.053, gpuSamples=64, gpuAvgMs=0.021, gpuMaxMs=0.073, gpuAvgMsPerMP=0.010
[27Jul2026 12:47:36.279] [Render thread/INFO] [Photonics/]: Photonics pass timing v73: group=photonics temporal source, passes=[compose low-resolution lighting], viewport=2259x918, megapixels=2.074, cpuInvocations=254, cpuSubmitAvgMs=0.007, cpuSubmitMaxMs=0.015, gpuSamples=64, gpuAvgMs=0.115, gpuMaxMs=0.118, gpuAvgMsPerMP=0.056
[27Jul2026 12:47:36.279] [Render thread/INFO] [Photonics/]: Photonics pass timing v73: group=photonics temporal reconstruction, passes=[reconstruct lighting], viewport=3373x1371, megapixels=4.624, cpuInvocations=254, cpuSubmitAvgMs=0.014, cpuSubmitMaxMs=0.023, gpuSamples=64, gpuAvgMs=0.542, gpuMaxMs=0.564, gpuAvgMsPerMP=0.117
[27Jul2026 12:47:36.300] [Render thread/INFO] [Photonics/]: Photonics pass timing v73: group=frag data, passes=[frag data], viewport=2259x918, megapixels=2.074, cpuInvocations=255, cpuSubmitAvgMs=0.042, cpuSubmitMaxMs=0.069, gpuSamples=64, gpuAvgMs=0.152, gpuMaxMs=0.187, gpuAvgMsPerMP=0.073
[27Jul2026 12:47:36.300] [Render thread/INFO] [Photonics/]: Photonics frame throughput v78: viewport=2259x918, windowSeconds=5.027, renderedFrames=255, fps=50.727, frameAvgMs=19.713
[27Jul2026 12:47:36.300] [Render thread/INFO] [Photonics/]: Photonics pass timing v73: group=frag data gi, passes=[frag data gi], viewport=1686x685, megapixels=1.155, cpuInvocations=255, cpuSubmitAvgMs=0.017, cpuSubmitMaxMs=0.047, gpuSamples=64, gpuAvgMs=0.090, gpuMaxMs=0.170, gpuAvgMsPerMP=0.078
[27Jul2026 12:47:37.244] [Render thread/INFO] [Photonics/]: Photonics world tracing v72: revision=201, settled=false, compiledSections=3119, trackedSections=5180, batchBuilt=48, batchUnloaded=0, pendingBuilds=96, pendingUnloads=0, ready=true, depth=6, blockBounds=( 3.200E+1  1.280E+2  6.400E+1)..( 4.640E+2  3.040E+2  4.960E+2), treeBounds=( 0.000E+0  0.000E+0  0.000E+0)..( 1.024E+3  1.024E+3  1.024E+3), origin=(-1.920E+2 -1.920E+2 -1.280E+2), boundsSource=compiled, compileMs=176.413
[27Jul2026 12:47:37.700] [Photonics Light List Compiler/INFO] [Photonics/]: Photonics light candidates v18: eligible=10765, selected=4000, maxLights=4000, lightSections=1110, capped=true
[27Jul2026 12:47:37.700] [Photonics Light List Compiler/INFO] [Photonics/]: Photonics light-list publication v88: coalescedBatches=18, peakPendingSections=161, remainingSections=0, deferredMs=114.071
[27Jul2026 12:47:38.250] [Render thread/INFO] [Photonics/]: Photonics world tracing v72: revision=207, settled=false, compiledSections=3345, trackedSections=5173, batchBuilt=48, batchUnloaded=0, pendingBuilds=96, pendingUnloads=0, ready=true, depth=6, blockBounds=( 3.200E+1  1.280E+2  4.800E+1)..( 4.640E+2  3.040E+2  4.800E+2), treeBounds=( 0.000E+0  0.000E+0  0.000E+0)..( 1.024E+3  1.024E+3  1.024E+3), origin=(-1.920E+2 -1.920E+2 -1.280E+2), boundsSource=compiled, compileMs=127.819
[27Jul2026 12:47:39.101] [Render thread/INFO] [Photonics/]: Photonics pass timing v73: group=svgf direct atrous, passes=[atrous iteration], viewport=2259x918, megapixels=2.074, cpuInvocations=1200, cpuSubmitAvgMs=0.005, cpuSubmitMaxMs=0.069, gpuSamples=300, gpuAvgMs=0.408, gpuMaxMs=0.504, gpuAvgMsPerMP=0.197
[27Jul2026 12:47:39.337] [Render thread/INFO] [Photonics/]: Photonics world tracing v72: revision=213, settled=false, compiledSections=3633, trackedSections=5173, batchBuilt=48, batchUnloaded=0, pendingBuilds=79, pendingUnloads=0, ready=true, depth=6, blockBounds=( 3.200E+1  1.280E+2  4.800E+1)..( 4.640E+2  3.040E+2  4.800E+2), treeBounds=( 0.000E+0  0.000E+0  0.000E+0)..( 1.024E+3  1.024E+3  1.024E+3), origin=(-1.920E+2 -1.920E+2 -1.280E+2), boundsSource=compiled, compileMs=200.468
[27Jul2026 12:47:40.054] [Render thread/INFO] [Photonics/]: Photonics pass timing v73: group=svgf gi atrous, passes=[atrous iteration], viewport=1686x685, megapixels=1.155, cpuInvocations=720, cpuSubmitAvgMs=0.004, cpuSubmitMaxMs=0.056, gpuSamples=180, gpuAvgMs=0.122, gpuMaxMs=0.190, gpuAvgMsPerMP=0.106
[27Jul2026 12:47:40.375] [Render thread/INFO] [Photonics/]: Photonics world tracing v72: revision=219, settled=false, compiledSections=3921, trackedSections=5173, batchBuilt=48, batchUnloaded=0, pendingBuilds=96, pendingUnloads=0, ready=true, depth=6, blockBounds=( 3.200E+1  1.280E+2  4.800E+1)..( 4.640E+2  3.040E+2  4.800E+2), treeBounds=( 0.000E+0  0.000E+0  0.000E+0)..( 1.024E+3  1.024E+3  1.024E+3), origin=(-1.920E+2 -1.920E+2 -1.280E+2), boundsSource=compiled, compileMs=196.431
[27Jul2026 12:47:41.283] [Render thread/INFO] [Photonics/]: Photonics pass timing v73: group=restir direct, passes=[initial direct + visibility], viewport=2259x918, megapixels=2.074, cpuInvocations=244, cpuSubmitAvgMs=0.043, cpuSubmitMaxMs=0.248, gpuSamples=61, gpuAvgMs=1.496, gpuMaxMs=1.747, gpuAvgMsPerMP=0.722
[27Jul2026 12:47:41.284] [Render thread/INFO] [Photonics/]: Photonics pass timing v73: group=restir direct temporal, passes=[temporal reuse], viewport=2259x918, megapixels=2.074, cpuInvocations=244, cpuSubmitAvgMs=0.019, cpuSubmitMaxMs=0.045, gpuSamples=61, gpuAvgMs=1.339, gpuMaxMs=1.578, gpuAvgMsPerMP=0.646
[27Jul2026 12:47:41.284] [Render thread/INFO] [Photonics/]: Photonics pass timing v73: group=restir direct spatial copy, passes=[copy spatial input], viewport=2259x918, megapixels=2.074, cpuInvocations=244, cpuSubmitAvgMs=0.013, cpuSubmitMaxMs=0.050, gpuSamples=61, gpuAvgMs=0.088, gpuMaxMs=0.106, gpuAvgMsPerMP=0.042
[27Jul2026 12:47:41.284] [Render thread/INFO] [Photonics/]: Photonics pass timing v73: group=restir direct spatial, passes=[spatial reuse/clamp], viewport=2259x918, megapixels=2.074, cpuInvocations=244, cpuSubmitAvgMs=0.013, cpuSubmitMaxMs=0.513, gpuSamples=61, gpuAvgMs=1.180, gpuMaxMs=1.341, gpuAvgMsPerMP=0.569
[27Jul2026 12:47:41.284] [Render thread/INFO] [Photonics/]: Photonics pass timing v73: group=restir direct diffuse, passes=[diffuse], viewport=2259x918, megapixels=2.074, cpuInvocations=244, cpuSubmitAvgMs=0.017, cpuSubmitMaxMs=0.638, gpuSamples=61, gpuAvgMs=1.436, gpuMaxMs=1.685, gpuAvgMsPerMP=0.693
[27Jul2026 12:47:41.284] [Render thread/INFO] [Photonics/]: Photonics pass timing v73: group=restir direct accumulation, passes=[accumulation], viewport=2259x918, megapixels=2.074, cpuInvocations=244, cpuSubmitAvgMs=0.019, cpuSubmitMaxMs=0.192, gpuSamples=61, gpuAvgMs=0.685, gpuMaxMs=0.738, gpuAvgMsPerMP=0.330
[27Jul2026 12:47:41.284] [Render thread/INFO] [Photonics/]: Photonics pass timing v73: group=svgf direct variance, passes=[variance prefilter], viewport=2259x918, megapixels=2.074, cpuInvocations=244, cpuSubmitAvgMs=0.014, cpuSubmitMaxMs=0.553, gpuSamples=61, gpuAvgMs=0.778, gpuMaxMs=0.831, gpuAvgMsPerMP=0.375
[27Jul2026 12:47:41.284] [Render thread/INFO] [Photonics/]: Photonics pass timing v73: group=restir gi initial, passes=[initial indirect], viewport=1686x685, megapixels=1.155, cpuInvocations=244, cpuSubmitAvgMs=0.011, cpuSubmitMaxMs=0.022, gpuSamples=61, gpuAvgMs=1.318, gpuMaxMs=1.480, gpuAvgMsPerMP=1.141
[27Jul2026 12:47:41.284] [Render thread/INFO] [Photonics/]: Photonics pass timing v73: group=restir gi temporal, passes=[temporal reuse + tri-state classification], viewport=1686x685, megapixels=1.155, cpuInvocations=244, cpuSubmitAvgMs=0.013, cpuSubmitMaxMs=0.030, gpuSamples=61, gpuAvgMs=0.155, gpuMaxMs=0.183, gpuAvgMsPerMP=0.134
[27Jul2026 12:47:41.284] [Render thread/INFO] [Photonics/]: Photonics pass timing v73: group=restir gi spatial copy, passes=[copy spatial input], viewport=1686x685, megapixels=1.155, cpuInvocations=244, cpuSubmitAvgMs=0.010, cpuSubmitMaxMs=0.068, gpuSamples=61, gpuAvgMs=0.083, gpuMaxMs=0.090, gpuAvgMsPerMP=0.072
[27Jul2026 12:47:41.285] [Render thread/INFO] [Photonics/]: Photonics pass timing v73: group=restir gi spatial, passes=[spatial reuse/clamp + tri-state classification], viewport=1686x685, megapixels=1.155, cpuInvocations=244, cpuSubmitAvgMs=0.007, cpuSubmitMaxMs=0.037, gpuSamples=61, gpuAvgMs=0.086, gpuMaxMs=0.125, gpuAvgMsPerMP=0.075
[27Jul2026 12:47:41.285] [Render thread/INFO] [Photonics/]: Photonics pass timing v73: group=restir gi diffuse, passes=[diffuse], viewport=1686x685, megapixels=1.155, cpuInvocations=244, cpuSubmitAvgMs=0.006, cpuSubmitMaxMs=0.018, gpuSamples=61, gpuAvgMs=0.065, gpuMaxMs=0.067, gpuAvgMsPerMP=0.056
[27Jul2026 12:47:41.285] [Render thread/INFO] [Photonics/]: Photonics pass timing v73: group=restir gi accumulation, passes=[accumulation], viewport=1686x685, megapixels=1.155, cpuInvocations=244, cpuSubmitAvgMs=0.007, cpuSubmitMaxMs=0.019, gpuSamples=61, gpuAvgMs=0.184, gpuMaxMs=0.203, gpuAvgMsPerMP=0.160
[27Jul2026 12:47:41.285] [Render thread/INFO] [Photonics/]: Photonics pass timing v73: group=svgf gi variance, passes=[variance prefilter], viewport=1686x685, megapixels=1.155, cpuInvocations=244, cpuSubmitAvgMs=0.008, cpuSubmitMaxMs=0.026, gpuSamples=61, gpuAvgMs=0.105, gpuMaxMs=0.115, gpuAvgMsPerMP=0.091
[27Jul2026 12:47:41.285] [Render thread/INFO] [Photonics/]: Photonics pass timing v73: group=restir local, passes=[exact local direct], viewport=2259x918, megapixels=2.074, cpuInvocations=244, cpuSubmitAvgMs=0.016, cpuSubmitMaxMs=0.047, gpuSamples=61, gpuAvgMs=0.055, gpuMaxMs=0.063, gpuAvgMsPerMP=0.027
[27Jul2026 12:47:41.285] [Render thread/INFO] [Photonics/]: Photonics pass timing v73: group=restir handheld, passes=[handheld], viewport=2259x918, megapixels=2.074, cpuInvocations=244, cpuSubmitAvgMs=0.019, cpuSubmitMaxMs=0.040, gpuSamples=61, gpuAvgMs=0.019, gpuMaxMs=0.021, gpuAvgMsPerMP=0.009
[27Jul2026 12:47:41.285] [Render thread/INFO] [Photonics/]: Photonics pass timing v73: group=photonics temporal source, passes=[compose low-resolution lighting], viewport=2259x918, megapixels=2.074, cpuInvocations=244, cpuSubmitAvgMs=0.007, cpuSubmitMaxMs=0.020, gpuSamples=61, gpuAvgMs=0.116, gpuMaxMs=0.157, gpuAvgMsPerMP=0.056
[27Jul2026 12:47:41.285] [Render thread/INFO] [Photonics/]: Photonics pass timing v73: group=photonics temporal reconstruction, passes=[reconstruct lighting], viewport=3373x1371, megapixels=4.624, cpuInvocations=244, cpuSubmitAvgMs=0.014, cpuSubmitMaxMs=0.032, gpuSamples=61, gpuAvgMs=0.543, gpuMaxMs=0.588, gpuAvgMsPerMP=0.117
[27Jul2026 12:47:41.302] [Render thread/INFO] [Photonics/]: Photonics pass timing v73: group=frag data, passes=[frag data], viewport=2259x918, megapixels=2.074, cpuInvocations=244, cpuSubmitAvgMs=0.043, cpuSubmitMaxMs=0.095, gpuSamples=61, gpuAvgMs=0.149, gpuMaxMs=0.246, gpuAvgMsPerMP=0.072
[27Jul2026 12:47:41.302] [Render thread/INFO] [Photonics/]: Photonics frame throughput v78: viewport=2259x918, windowSeconds=5.002, renderedFrames=244, fps=48.779, frameAvgMs=20.501
[27Jul2026 12:47:41.302] [Render thread/INFO] [Photonics/]: Photonics pass timing v73: group=frag data gi, passes=[frag data gi], viewport=1686x685, megapixels=1.155, cpuInvocations=244, cpuSubmitAvgMs=0.018, cpuSubmitMaxMs=0.051, gpuSamples=61, gpuAvgMs=0.091, gpuMaxMs=0.169, gpuAvgMsPerMP=0.079
[27Jul2026 12:47:41.441] [Render thread/INFO] [Photonics/]: Photonics world tracing v72: revision=225, settled=false, compiledSections=4207, trackedSections=5173, batchBuilt=48, batchUnloaded=0, pendingBuilds=96, pendingUnloads=0, ready=true, depth=6, blockBounds=( 3.200E+1  1.280E+2  4.800E+1)..( 4.640E+2  3.040E+2  4.800E+2), treeBounds=( 0.000E+0  0.000E+0  0.000E+0)..( 1.024E+3  1.024E+3  1.024E+3), origin=(-1.920E+2 -1.920E+2 -1.280E+2), boundsSource=compiled, compileMs=184.722
[27Jul2026 12:47:42.511] [Render thread/INFO] [Photonics/]: Photonics world tracing v72: revision=231, settled=false, compiledSections=4495, trackedSections=5173, batchBuilt=48, batchUnloaded=0, pendingBuilds=96, pendingUnloads=0, ready=true, depth=6, blockBounds=( 3.200E+1  1.280E+2  4.800E+1)..( 4.640E+2  3.040E+2  4.800E+2), treeBounds=( 0.000E+0  0.000E+0  0.000E+0)..( 1.024E+3  1.024E+3  1.024E+3), origin=(-1.920E+2 -1.920E+2 -1.280E+2), boundsSource=compiled, compileMs=159.919
[27Jul2026 12:47:43.621] [Render thread/INFO] [Photonics/]: Photonics world tracing v72: revision=237, settled=false, compiledSections=4782, trackedSections=5173, batchBuilt=48, batchUnloaded=0, pendingBuilds=96, pendingUnloads=0, ready=true, depth=6, blockBounds=( 3.200E+1  1.280E+2  4.800E+1)..( 4.640E+2  3.040E+2  4.800E+2), treeBounds=( 0.000E+0  0.000E+0  0.000E+0)..( 1.024E+3  1.024E+3  1.024E+3), origin=(-1.920E+2 -1.920E+2 -1.280E+2), boundsSource=compiled, compileMs=155.757
[27Jul2026 12:47:43.765] [Photonics Light List Compiler/INFO] [Photonics/]: Photonics light-list publication v88: coalescedBatches=16, peakPendingSections=1, remainingSections=0, deferredMs=2.417
[27Jul2026 12:47:43.885] [Render thread/INFO] [Photonics/]: Photonics direct reservoir sample v64: samples=120, populated=77, emptyOrBackground=1, visibilityRejected=42, invalid=0, overLegacyCap=31, overTemporalCap=0, totalSamplesRange=32.0..416.0, viewport=2259x918
[27Jul2026 12:47:44.124] [Render thread/INFO] [Photonics/]: Photonics pass timing v73: group=svgf direct atrous, passes=[atrous iteration], viewport=2259x918, megapixels=2.074, cpuInvocations=1280, cpuSubmitAvgMs=0.004, cpuSubmitMaxMs=0.020, gpuSamples=266, gpuAvgMs=0.425, gpuMaxMs=0.511, gpuAvgMsPerMP=0.205
[27Jul2026 12:47:44.788] [Render thread/INFO] [Photonics/]: Photonics world tracing v72: revision=243, settled=false, compiledSections=5069, trackedSections=5173, batchBuilt=48, batchUnloaded=0, pendingBuilds=96, pendingUnloads=0, ready=true, depth=6, blockBounds=( 3.200E+1  1.280E+2  4.800E+1)..( 4.640E+2  3.040E+2  4.800E+2), treeBounds=( 0.000E+0  0.000E+0  0.000E+0)..( 1.024E+3  1.024E+3  1.024E+3), origin=(-1.920E+2 -1.920E+2 -1.280E+2), boundsSource=compiled, compileMs=169.287
[27Jul2026 12:47:45.076] [Render thread/INFO] [Photonics/]: Photonics pass timing v73: group=svgf gi atrous, passes=[atrous iteration], viewport=1686x685, megapixels=1.155, cpuInvocations=762, cpuSubmitAvgMs=0.003, cpuSubmitMaxMs=0.016, gpuSamples=132, gpuAvgMs=0.127, gpuMaxMs=0.186, gpuAvgMsPerMP=0.110
[27Jul2026 12:47:46.297] [Render thread/INFO] [Photonics/]: Photonics pass timing v73: group=restir direct, passes=[initial direct + visibility], viewport=2259x918, megapixels=2.074, cpuInvocations=248, cpuSubmitAvgMs=0.036, cpuSubmitMaxMs=0.292, gpuSamples=18, gpuAvgMs=1.619, gpuMaxMs=1.651, gpuAvgMsPerMP=0.781
[27Jul2026 12:47:46.297] [Render thread/INFO] [Photonics/]: Photonics pass timing v73: group=restir direct temporal, passes=[temporal reuse], viewport=2259x918, megapixels=2.074, cpuInvocations=248, cpuSubmitAvgMs=0.022, cpuSubmitMaxMs=0.096, gpuSamples=18, gpuAvgMs=1.555, gpuMaxMs=1.716, gpuAvgMsPerMP=0.750
[27Jul2026 12:47:46.297] [Render thread/INFO] [Photonics/]: Photonics pass timing v73: group=restir direct spatial copy, passes=[copy spatial input], viewport=2259x918, megapixels=2.074, cpuInvocations=248, cpuSubmitAvgMs=0.014, cpuSubmitMaxMs=0.035, gpuSamples=18, gpuAvgMs=0.089, gpuMaxMs=0.091, gpuAvgMsPerMP=0.043
[27Jul2026 12:47:46.297] [Render thread/INFO] [Photonics/]: Photonics pass timing v73: group=restir direct spatial, passes=[spatial reuse/clamp], viewport=2259x918, megapixels=2.074, cpuInvocations=248, cpuSubmitAvgMs=0.010, cpuSubmitMaxMs=0.039, gpuSamples=18, gpuAvgMs=1.245, gpuMaxMs=1.340, gpuAvgMsPerMP=0.601
[27Jul2026 12:47:46.297] [Render thread/INFO] [Photonics/]: Photonics pass timing v73: group=restir direct diffuse, passes=[diffuse], viewport=2259x918, megapixels=2.074, cpuInvocations=248, cpuSubmitAvgMs=0.014, cpuSubmitMaxMs=0.039, gpuSamples=18, gpuAvgMs=1.566, gpuMaxMs=1.647, gpuAvgMsPerMP=0.755
[27Jul2026 12:47:46.297] [Render thread/INFO] [Photonics/]: Photonics pass timing v73: group=restir direct accumulation, passes=[accumulation], viewport=2259x918, megapixels=2.074, cpuInvocations=248, cpuSubmitAvgMs=0.018, cpuSubmitMaxMs=0.180, gpuSamples=18, gpuAvgMs=0.700, gpuMaxMs=0.716, gpuAvgMsPerMP=0.338
[27Jul2026 12:47:46.297] [Render thread/INFO] [Photonics/]: Photonics pass timing v73: group=svgf direct variance, passes=[variance prefilter], viewport=2259x918, megapixels=2.074, cpuInvocations=248, cpuSubmitAvgMs=0.013, cpuSubmitMaxMs=0.031, gpuSamples=18, gpuAvgMs=0.797, gpuMaxMs=0.858, gpuAvgMsPerMP=0.384
[27Jul2026 12:47:46.297] [Render thread/INFO] [Photonics/]: Photonics pass timing v73: group=restir gi initial, passes=[initial indirect], viewport=1686x685, megapixels=1.155, cpuInvocations=248, cpuSubmitAvgMs=0.010, cpuSubmitMaxMs=0.022, gpuSamples=18, gpuAvgMs=1.302, gpuMaxMs=1.425, gpuAvgMsPerMP=1.127
[27Jul2026 12:47:46.297] [Render thread/INFO] [Photonics/]: Photonics pass timing v73: group=restir gi temporal, passes=[temporal reuse + tri-state classification], viewport=1686x685, megapixels=1.155, cpuInvocations=248, cpuSubmitAvgMs=0.011, cpuSubmitMaxMs=0.024, gpuSamples=18, gpuAvgMs=0.178, gpuMaxMs=0.182, gpuAvgMsPerMP=0.154
[27Jul2026 12:47:46.297] [Render thread/INFO] [Photonics/]: Photonics pass timing v73: group=restir gi spatial copy, passes=[copy spatial input], viewport=1686x685, megapixels=1.155, cpuInvocations=248, cpuSubmitAvgMs=0.010, cpuSubmitMaxMs=0.023, gpuSamples=18, gpuAvgMs=0.082, gpuMaxMs=0.083, gpuAvgMsPerMP=0.071
[27Jul2026 12:47:46.297] [Render thread/INFO] [Photonics/]: Photonics pass timing v73: group=restir gi spatial, passes=[spatial reuse/clamp + tri-state classification], viewport=1686x685, megapixels=1.155, cpuInvocations=248, cpuSubmitAvgMs=0.006, cpuSubmitMaxMs=0.015, gpuSamples=18, gpuAvgMs=0.088, gpuMaxMs=0.089, gpuAvgMsPerMP=0.077
[27Jul2026 12:47:46.297] [Render thread/INFO] [Photonics/]: Photonics pass timing v73: group=restir gi diffuse, passes=[diffuse], viewport=1686x685, megapixels=1.155, cpuInvocations=248, cpuSubmitAvgMs=0.007, cpuSubmitMaxMs=0.019, gpuSamples=18, gpuAvgMs=0.065, gpuMaxMs=0.066, gpuAvgMsPerMP=0.056
[27Jul2026 12:47:46.297] [Render thread/INFO] [Photonics/]: Photonics pass timing v73: group=restir gi accumulation, passes=[accumulation], viewport=1686x685, megapixels=1.155, cpuInvocations=248, cpuSubmitAvgMs=0.006, cpuSubmitMaxMs=0.019, gpuSamples=18, gpuAvgMs=0.195, gpuMaxMs=0.200, gpuAvgMsPerMP=0.169
[27Jul2026 12:47:46.298] [Render thread/INFO] [Photonics/]: Photonics pass timing v73: group=svgf gi variance, passes=[variance prefilter], viewport=1686x685, megapixels=1.155, cpuInvocations=248, cpuSubmitAvgMs=0.008, cpuSubmitMaxMs=0.015, gpuSamples=18, gpuAvgMs=0.113, gpuMaxMs=0.136, gpuAvgMsPerMP=0.098
[27Jul2026 12:47:46.298] [Render thread/INFO] [Photonics/]: Photonics pass timing v73: group=restir local, passes=[exact local direct], viewport=2259x918, megapixels=2.074, cpuInvocations=248, cpuSubmitAvgMs=0.126, cpuSubmitMaxMs=28.052, gpuSamples=18, gpuAvgMs=0.053, gpuMaxMs=0.061, gpuAvgMsPerMP=0.026
[27Jul2026 12:47:46.298] [Render thread/INFO] [Photonics/]: Photonics pass timing v73: group=restir handheld, passes=[handheld], viewport=2259x918, megapixels=2.074, cpuInvocations=248, cpuSubmitAvgMs=0.020, cpuSubmitMaxMs=0.179, gpuSamples=18, gpuAvgMs=0.020, gpuMaxMs=0.021, gpuAvgMsPerMP=0.009
[27Jul2026 12:47:46.298] [Render thread/INFO] [Photonics/]: Photonics pass timing v73: group=photonics temporal source, passes=[compose low-resolution lighting], viewport=2259x918, megapixels=2.074, cpuInvocations=248, cpuSubmitAvgMs=0.007, cpuSubmitMaxMs=0.029, gpuSamples=18, gpuAvgMs=0.116, gpuMaxMs=0.119, gpuAvgMsPerMP=0.056
[27Jul2026 12:47:46.298] [Render thread/INFO] [Photonics/]: Photonics pass timing v73: group=photonics temporal reconstruction, passes=[reconstruct lighting], viewport=3373x1371, megapixels=4.624, cpuInvocations=248, cpuSubmitAvgMs=0.013, cpuSubmitMaxMs=0.043, gpuSamples=18, gpuAvgMs=0.567, gpuMaxMs=0.578, gpuAvgMsPerMP=0.123
[27Jul2026 12:47:46.305] [Render thread/INFO] [Photonics/]: Photonics pass timing v73: group=frag data, passes=[frag data], viewport=2259x918, megapixels=2.074, cpuInvocations=248, cpuSubmitAvgMs=0.036, cpuSubmitMaxMs=0.066, gpuSamples=18, gpuAvgMs=0.153, gpuMaxMs=0.160, gpuAvgMsPerMP=0.074
[27Jul2026 12:47:46.305] [Render thread/INFO] [Photonics/]: Photonics frame throughput v78: viewport=2259x918, windowSeconds=5.003, renderedFrames=248, fps=49.569, frameAvgMs=20.174
[27Jul2026 12:47:46.305] [Render thread/INFO] [Photonics/]: Photonics pass timing v73: group=frag data gi, passes=[frag data gi], viewport=1686x685, megapixels=1.155, cpuInvocations=248, cpuSubmitAvgMs=0.019, cpuSubmitMaxMs=0.040, gpuSamples=18, gpuAvgMs=0.094, gpuMaxMs=0.100, gpuAvgMsPerMP=0.082
[27Jul2026 12:47:46.902] [Render thread/INFO] [Photonics/]: Photonics world tracing v72: revision=247, settled=false, compiledSections=5173, trackedSections=5173, batchBuilt=1, batchUnloaded=0, pendingBuilds=0, pendingUnloads=0, ready=true, depth=6, blockBounds=( 3.200E+1  1.280E+2  4.800E+1)..( 4.640E+2  3.040E+2  4.800E+2), treeBounds=( 0.000E+0  0.000E+0  0.000E+0)..( 1.024E+3  1.024E+3  1.024E+3), origin=(-1.920E+2 -1.920E+2 -1.280E+2), boundsSource=compiled, compileMs=115.059
[27Jul2026 12:47:48.726] [Render thread/INFO] [Photonics/]: Photonics world tracing v72: revision=249, settled=false, compiledSections=5173, trackedSections=5173, batchBuilt=1, batchUnloaded=0, pendingBuilds=0, pendingUnloads=0, ready=true, depth=6, blockBounds=( 3.200E+1  1.280E+2  4.800E+1)..( 4.640E+2  3.040E+2  4.800E+2), treeBounds=( 0.000E+0  0.000E+0  0.000E+0)..( 1.024E+3  1.024E+3  1.024E+3), origin=(-1.920E+2 -1.920E+2 -1.280E+2), boundsSource=compiled, compileMs=114.114
[27Jul2026 12:47:49.146] [Render thread/INFO] [Photonics/]: Photonics pass timing v73: group=svgf direct atrous, passes=[atrous iteration], viewport=2259x918, megapixels=2.074, cpuInvocations=1240, cpuSubmitAvgMs=0.003, cpuSubmitMaxMs=0.031, gpuSamples=124, gpuAvgMs=0.475, gpuMaxMs=0.566, gpuAvgMsPerMP=0.229
[27Jul2026 12:47:49.669] [Photonics Light List Compiler/INFO] [Photonics/]: Photonics light candidates v18: eligible=11416, selected=4000, maxLights=4000, lightSections=1115, capped=true
[27Jul2026 12:47:49.669] [Photonics Light List Compiler/INFO] [Photonics/]: Photonics light-list publication v88: coalescedBatches=16, peakPendingSections=181, remainingSections=0, deferredMs=57.219
[27Jul2026 12:47:49.731] [Photonics Light List Compiler/INFO] [Photonics/]: Photonics light candidates v18: eligible=11447, selected=4000, maxLights=4000, lightSections=1120, capped=true
[27Jul2026 12:47:49.731] [Photonics Light List Compiler/INFO] [Photonics/]: Photonics light-list publication v88: coalescedBatches=7, peakPendingSections=140, remainingSections=0, deferredMs=54.035
[27Jul2026 12:47:49.809] [Render thread/INFO] [Photonics/]: Photonics world tracing v72: revision=252, settled=false, compiledSections=4950, trackedSections=5180, batchBuilt=0, batchUnloaded=223, pendingBuilds=25, pendingUnloads=0, ready=true, depth=6, blockBounds=( 3.200E+1  1.280E+2  6.400E+1)..( 4.640E+2  3.040E+2  4.800E+2), treeBounds=( 0.000E+0  0.000E+0  0.000E+0)..( 1.024E+3  1.024E+3  1.024E+3), origin=(-1.920E+2 -1.920E+2 -1.280E+2), boundsSource=compiled, compileMs=197.382
[27Jul2026 12:47:50.090] [Render thread/INFO] [Photonics/]: Photonics pass timing v73: group=svgf gi atrous, passes=[atrous iteration], viewport=1686x685, megapixels=1.155, cpuInvocations=732, cpuSubmitAvgMs=0.004, cpuSubmitMaxMs=0.037, gpuSamples=61, gpuAvgMs=0.136, gpuMaxMs=0.143, gpuAvgMsPerMP=0.117
[27Jul2026 12:47:50.856] [Render thread/INFO] [Photonics/]: Photonics world tracing v72: revision=258, settled=false, compiledSections=5175, trackedSections=5180, batchBuilt=48, batchUnloaded=0, pendingBuilds=5, pendingUnloads=0, ready=true, depth=6, blockBounds=( 3.200E+1  1.280E+2  6.400E+1)..( 4.640E+2  3.040E+2  4.960E+2), treeBounds=( 0.000E+0  0.000E+0  0.000E+0)..( 1.024E+3  1.024E+3  1.024E+3), origin=(-1.920E+2 -1.920E+2 -1.280E+2), boundsSource=compiled, compileMs=180.164
[27Jul2026 12:47:51.310] [Render thread/INFO] [Photonics/]: Photonics pass timing v73: group=restir direct, passes=[initial direct + visibility], viewport=2259x918, megapixels=2.074, cpuInvocations=248, cpuSubmitAvgMs=0.032, cpuSubmitMaxMs=0.091, gpuSamples=0, gpuAvgMs=0.000, gpuMaxMs=0.000, gpuAvgMsPerMP=0.000
[27Jul2026 12:47:51.310] [Render thread/INFO] [Photonics/]: Photonics pass timing v73: group=restir direct temporal, passes=[temporal reuse], viewport=2259x918, megapixels=2.074, cpuInvocations=248, cpuSubmitAvgMs=0.022, cpuSubmitMaxMs=0.059, gpuSamples=0, gpuAvgMs=0.000, gpuMaxMs=0.000, gpuAvgMsPerMP=0.000
[27Jul2026 12:47:51.310] [Render thread/INFO] [Photonics/]: Photonics pass timing v73: group=restir direct spatial copy, passes=[copy spatial input], viewport=2259x918, megapixels=2.074, cpuInvocations=248, cpuSubmitAvgMs=0.015, cpuSubmitMaxMs=0.030, gpuSamples=0, gpuAvgMs=0.000, gpuMaxMs=0.000, gpuAvgMsPerMP=0.000
[27Jul2026 12:47:51.310] [Render thread/INFO] [Photonics/]: Photonics pass timing v73: group=restir direct spatial, passes=[spatial reuse/clamp], viewport=2259x918, megapixels=2.074, cpuInvocations=248, cpuSubmitAvgMs=0.010, cpuSubmitMaxMs=0.019, gpuSamples=0, gpuAvgMs=0.000, gpuMaxMs=0.000, gpuAvgMsPerMP=0.000
[27Jul2026 12:47:51.310] [Render thread/INFO] [Photonics/]: Photonics pass timing v73: group=restir direct diffuse, passes=[diffuse], viewport=2259x918, megapixels=2.074, cpuInvocations=248, cpuSubmitAvgMs=0.014, cpuSubmitMaxMs=0.029, gpuSamples=0, gpuAvgMs=0.000, gpuMaxMs=0.000, gpuAvgMsPerMP=0.000
[27Jul2026 12:47:51.310] [Render thread/INFO] [Photonics/]: Photonics pass timing v73: group=restir direct accumulation, passes=[accumulation], viewport=2259x918, megapixels=2.074, cpuInvocations=248, cpuSubmitAvgMs=0.017, cpuSubmitMaxMs=0.031, gpuSamples=0, gpuAvgMs=0.000, gpuMaxMs=0.000, gpuAvgMsPerMP=0.000
[27Jul2026 12:47:51.310] [Render thread/INFO] [Photonics/]: Photonics pass timing v73: group=svgf direct variance, passes=[variance prefilter], viewport=2259x918, megapixels=2.074, cpuInvocations=248, cpuSubmitAvgMs=0.013, cpuSubmitMaxMs=0.037, gpuSamples=0, gpuAvgMs=0.000, gpuMaxMs=0.000, gpuAvgMsPerMP=0.000
[27Jul2026 12:47:51.310] [Render thread/INFO] [Photonics/]: Photonics pass timing v73: group=restir gi initial, passes=[initial indirect], viewport=1686x685, megapixels=1.155, cpuInvocations=248, cpuSubmitAvgMs=0.009, cpuSubmitMaxMs=0.019, gpuSamples=0, gpuAvgMs=0.000, gpuMaxMs=0.000, gpuAvgMsPerMP=0.000
[27Jul2026 12:47:51.310] [Render thread/INFO] [Photonics/]: Photonics pass timing v73: group=restir gi temporal, passes=[temporal reuse + tri-state classification], viewport=1686x685, megapixels=1.155, cpuInvocations=248, cpuSubmitAvgMs=0.011, cpuSubmitMaxMs=0.025, gpuSamples=0, gpuAvgMs=0.000, gpuMaxMs=0.000, gpuAvgMsPerMP=0.000
[27Jul2026 12:47:51.310] [Render thread/INFO] [Photonics/]: Photonics pass timing v73: group=restir gi spatial copy, passes=[copy spatial input], viewport=1686x685, megapixels=1.155, cpuInvocations=248, cpuSubmitAvgMs=0.010, cpuSubmitMaxMs=0.021, gpuSamples=0, gpuAvgMs=0.000, gpuMaxMs=0.000, gpuAvgMsPerMP=0.000
[27Jul2026 12:47:51.310] [Render thread/INFO] [Photonics/]: Photonics pass timing v73: group=restir gi spatial, passes=[spatial reuse/clamp + tri-state classification], viewport=1686x685, megapixels=1.155, cpuInvocations=248, cpuSubmitAvgMs=0.006, cpuSubmitMaxMs=0.016, gpuSamples=0, gpuAvgMs=0.000, gpuMaxMs=0.000, gpuAvgMsPerMP=0.000
[27Jul2026 12:47:51.310] [Render thread/INFO] [Photonics/]: Photonics pass timing v73: group=restir gi diffuse, passes=[diffuse], viewport=1686x685, megapixels=1.155, cpuInvocations=248, cpuSubmitAvgMs=0.007, cpuSubmitMaxMs=0.014, gpuSamples=0, gpuAvgMs=0.000, gpuMaxMs=0.000, gpuAvgMsPerMP=0.000
[27Jul2026 12:47:51.310] [Render thread/INFO] [Photonics/]: Photonics pass timing v73: group=restir gi accumulation, passes=[accumulation], viewport=1686x685, megapixels=1.155, cpuInvocations=248, cpuSubmitAvgMs=0.006, cpuSubmitMaxMs=0.013, gpuSamples=0, gpuAvgMs=0.000, gpuMaxMs=0.000, gpuAvgMsPerMP=0.000
[27Jul2026 12:47:51.310] [Render thread/INFO] [Photonics/]: Photonics pass timing v73: group=svgf gi variance, passes=[variance prefilter], viewport=1686x685, megapixels=1.155, cpuInvocations=248, cpuSubmitAvgMs=0.008, cpuSubmitMaxMs=0.018, gpuSamples=0, gpuAvgMs=0.000, gpuMaxMs=0.000, gpuAvgMsPerMP=0.000
[27Jul2026 12:47:51.310] [Render thread/INFO] [Photonics/]: Photonics pass timing v73: group=restir local, passes=[exact local direct], viewport=2259x918, megapixels=2.074, cpuInvocations=248, cpuSubmitAvgMs=0.011, cpuSubmitMaxMs=0.024, gpuSamples=0, gpuAvgMs=0.000, gpuMaxMs=0.000, gpuAvgMsPerMP=0.000
[27Jul2026 12:47:51.310] [Render thread/INFO] [Photonics/]: Photonics pass timing v73: group=restir handheld, passes=[handheld], viewport=2259x918, megapixels=2.074, cpuInvocations=248, cpuSubmitAvgMs=0.020, cpuSubmitMaxMs=0.041, gpuSamples=0, gpuAvgMs=0.000, gpuMaxMs=0.000, gpuAvgMsPerMP=0.000
[27Jul2026 12:47:51.310] [Render thread/INFO] [Photonics/]: Photonics pass timing v73: group=photonics temporal source, passes=[compose low-resolution lighting], viewport=2259x918, megapixels=2.074, cpuInvocations=248, cpuSubmitAvgMs=0.007, cpuSubmitMaxMs=0.021, gpuSamples=0, gpuAvgMs=0.000, gpuMaxMs=0.000, gpuAvgMsPerMP=0.000
[27Jul2026 12:47:51.311] [Render thread/INFO] [Photonics/]: Photonics pass timing v73: group=photonics temporal reconstruction, passes=[reconstruct lighting], viewport=3373x1371, megapixels=4.624, cpuInvocations=248, cpuSubmitAvgMs=0.012, cpuSubmitMaxMs=0.023, gpuSamples=0, gpuAvgMs=0.000, gpuMaxMs=0.000, gpuAvgMsPerMP=0.000
[27Jul2026 12:47:51.322] [Render thread/INFO] [Photonics/]: Photonics pass timing v73: group=frag data, passes=[frag data], viewport=2259x918, megapixels=2.074, cpuInvocations=248, cpuSubmitAvgMs=0.033, cpuSubmitMaxMs=0.066, gpuSamples=0, gpuAvgMs=0.000, gpuMaxMs=0.000, gpuAvgMsPerMP=0.000
[27Jul2026 12:47:51.322] [Render thread/INFO] [Photonics/]: Photonics frame throughput v78: viewport=2259x918, windowSeconds=5.017, renderedFrames=248, fps=49.436, frameAvgMs=20.228
[27Jul2026 12:47:51.322] [Render thread/INFO] [Photonics/]: Photonics pass timing v73: group=frag data gi, passes=[frag data gi], viewport=1686x685, megapixels=1.155, cpuInvocations=248, cpuSubmitAvgMs=0.020, cpuSubmitMaxMs=0.034, gpuSamples=0, gpuAvgMs=0.000, gpuMaxMs=0.000, gpuAvgMsPerMP=0.000
[27Jul2026 12:47:51.412] [Server thread/INFO] [net.minecraft.client.server.IntegratedServer/]: Saving and pausing game...
[27Jul2026 12:47:51.424] [Server thread/INFO] [net.minecraft.server.MinecraftServer/]: Saving chunks for level 'ServerLevel[New World]'/minecraft:overworld
[27Jul2026 12:47:51.424] [Server thread/INFO] [dev.ryanhcode.sable.Sable/]: Saving sub-levels for level 'ServerLevel[New World]'/minecraft:overworld
[27Jul2026 12:47:51.468] [Server thread/INFO] [net.minecraft.server.MinecraftServer/]: Saving chunks for level 'ServerLevel[New World]'/minecraft:the_nether
[27Jul2026 12:47:51.468] [Server thread/INFO] [dev.ryanhcode.sable.Sable/]: Saving sub-levels for level 'ServerLevel[New World]'/minecraft:the_nether
[27Jul2026 12:47:51.469] [Server thread/INFO] [net.minecraft.server.MinecraftServer/]: Saving chunks for level 'ServerLevel[New World]'/minecraft:the_end
[27Jul2026 12:47:51.469] [Server thread/INFO] [dev.ryanhcode.sable.Sable/]: Saving sub-levels for level 'ServerLevel[New World]'/minecraft:the_end
[27Jul2026 12:47:52.180] [Netty Local Client IO #1/INFO] [dev.ryanhcode.sable.Sable/]: Client UDP channel inactive
[27Jul2026 12:47:52.181] [Netty Local Client IO #1/INFO] [dev.ryanhcode.sable.Sable/]: Closed UDP channel!
[27Jul2026 12:47:52.181] [Render thread/INFO] [DistantHorizons-DistantHorizons-com.seibel.distanthorizons.core.api.internal.ClientApi/]: Client on ClientOnly mode disconnecting.
[27Jul2026 12:47:52.181] [level shutdown/INFO] [DistantHorizons-DistantHorizons-com.seibel.distanthorizons.core.generation.queues.WorldGenerationQueue/]: Closing world gen queue
[27Jul2026 12:47:52.181] [level shutdown/INFO] [DistantHorizons-DistantHorizons-com.seibel.distanthorizons.core.generation.queues.WorldGenerationQueue/]: Closing world gen queue
[27Jul2026 12:47:52.182] [level shutdown/INFO] [DistantHorizons-DistantHorizons-com.seibel.distanthorizons.core.generation.queues.WorldGenerationQueue/]: Closing world gen queue
[27Jul2026 12:47:52.182] [level shutdown/INFO] [DistantHorizons-DistantHorizons-com.seibel.distanthorizons.core.generation.queues.WorldGenerationQueue/]: Closing WorldGenerationQueue...
[27Jul2026 12:47:52.182] [level shutdown/INFO] [DistantHorizons-DistantHorizons-com.seibel.distanthorizons.core.generation.queues.WorldGenerationQueue/]: Closing WorldGenerationQueue...
[27Jul2026 12:47:52.182] [level shutdown/INFO] [DistantHorizons-DistantHorizons-com.seibel.distanthorizons.core.generation.queues.WorldGenerationQueue/]: Shutting down world generator thread pool...
[27Jul2026 12:47:52.182] [level shutdown/INFO] [DistantHorizons-DistantHorizons-com.seibel.distanthorizons.core.generation.queues.WorldGenerationQueue/]: Shutting down world generator thread pool...
[27Jul2026 12:47:52.182] [level shutdown/INFO] [DistantHorizons-DistantHorizons-com.seibel.distanthorizons.core.generation.queues.WorldGenerationQueue/]: World generator thread pool shutdown with [5] incomplete tasks.
[27Jul2026 12:47:52.182] [level shutdown/INFO] [DistantHorizons-DistantHorizons-com.seibel.distanthorizons.core.generation.queues.WorldGenerationQueue/]: World generator thread pool shutdown with [0] incomplete tasks.
[27Jul2026 12:47:52.182] [level shutdown/INFO] [DistantHorizons-DistantHorizons-com.seibel.distanthorizons.core.generation.BatchGenerator/]: [BatchGenerator] shutting down...
[27Jul2026 12:47:52.182] [level shutdown/INFO] [DistantHorizons-DistantHorizons-com.seibel.distanthorizons.core.generation.BatchGenerator/]: [BatchGenerator] shutting down...
[27Jul2026 12:47:52.182] [level shutdown/INFO] [DistantHorizons-LOD World Gen/]: Closing [BatchGenerationEnvironment_neoforge]
[27Jul2026 12:47:52.182] [level shutdown/INFO] [DistantHorizons-LOD World Gen/]: Closing [BatchGenerationEnvironment_neoforge]
[27Jul2026 12:47:52.182] [level shutdown/INFO] [DistantHorizons-DistantHorizons-com.seibel.distanthorizons.core.generation.queues.WorldGenerationQueue/]: Finished closing WorldGenerationQueue
[27Jul2026 12:47:52.182] [level shutdown/INFO] [DistantHorizons-DistantHorizons-com.seibel.distanthorizons.core.generation.queues.WorldGenerationQueue/]: Closing WorldGenerationQueue...
[27Jul2026 12:47:52.182] [level shutdown/INFO] [DistantHorizons-DistantHorizons-com.seibel.distanthorizons.core.generation.queues.WorldGenerationQueue/]: Finished closing WorldGenerationQueue
[27Jul2026 12:47:52.182] [level shutdown/INFO] [DistantHorizons-DistantHorizons-com.seibel.distanthorizons.core.generation.queues.WorldGenerationQueue/]: Shutting down world generator thread pool...
[27Jul2026 12:47:52.182] [level shutdown/INFO] [DistantHorizons-DistantHorizons-com.seibel.distanthorizons.core.generation.queues.WorldGenerationQueue/]: World generator thread pool shutdown with [0] incomplete tasks.
[27Jul2026 12:47:52.182] [level shutdown/INFO] [DistantHorizons-DistantHorizons-com.seibel.distanthorizons.core.level.AbstractDhServerLevel/]: Closed DHLevel for [Wrapped{ServerLevel[New World]@minecraft:the_nether}].
[27Jul2026 12:47:52.182] [level shutdown/INFO] [DistantHorizons-DistantHorizons-com.seibel.distanthorizons.core.level.AbstractDhServerLevel/]: Closed DHLevel for [Wrapped{ServerLevel[New World]@minecraft:the_end}].
[27Jul2026 12:47:52.183] [level shutdown/INFO] [DistantHorizons-DistantHorizons-com.seibel.distanthorizons.core.level.AbstractDhServerLevel/]: Closed DhClientServerLevel for Wrapped{ServerLevel[New World]@minecraft:the_nether}
[27Jul2026 12:47:52.183] [level shutdown/INFO] [DistantHorizons-DistantHorizons-com.seibel.distanthorizons.core.level.AbstractDhServerLevel/]: Closed DhClientServerLevel for Wrapped{ServerLevel[New World]@minecraft:the_end}
[27Jul2026 12:47:52.183] [level shutdown/INFO] [DistantHorizons-DistantHorizons-com.seibel.distanthorizons.core.generation.BatchGenerator/]: [BatchGenerator] shutting down...
[27Jul2026 12:47:52.183] [level shutdown/INFO] [DistantHorizons-LOD World Gen/]: Closing [BatchGenerationEnvironment_neoforge]
[27Jul2026 12:47:52.184] [level shutdown/INFO] [DistantHorizons-DistantHorizons-com.seibel.distanthorizons.core.generation.queues.WorldGenerationQueue/]: Finished closing WorldGenerationQueue
[27Jul2026 12:47:52.184] [level shutdown/INFO] [DistantHorizons-DistantHorizons-com.seibel.distanthorizons.core.level.AbstractDhServerLevel/]: Closed DHLevel for [Wrapped{ServerLevel[New World]@minecraft:overworld}].
[27Jul2026 12:47:52.185] [level shutdown/INFO] [DistantHorizons-DistantHorizons-com.seibel.distanthorizons.core.level.AbstractDhServerLevel/]: Closed DhClientServerLevel for Wrapped{ServerLevel[New World]@minecraft:overworld}
[27Jul2026 12:47:52.185] [Render thread/INFO] [DistantHorizons-DistantHorizons-com.seibel.distanthorizons.core.world.AbstractDhWorld/]: Closed DhWorld of type [CLIENT_SERVER].
[27Jul2026 12:47:52.185] [level shutdown/INFO] [DistantHorizons-DistantHorizons-com.seibel.distanthorizons.core.level.AbstractDhServerLevel/]: Closed DHLevel for [Wrapped{ServerLevel[New World]@minecraft:the_nether}].
[27Jul2026 12:47:52.185] [level shutdown/INFO] [DistantHorizons-DistantHorizons-com.seibel.distanthorizons.core.level.AbstractDhServerLevel/]: Closed DHLevel for [Wrapped{ServerLevel[New World]@minecraft:the_end}].
[27Jul2026 12:47:52.185] [level shutdown/INFO] [DistantHorizons-DistantHorizons-com.seibel.distanthorizons.core.level.AbstractDhServerLevel/]: Closed DhClientServerLevel for Wrapped{ServerLevel[New World]@minecraft:the_nether}
[27Jul2026 12:47:52.185] [level shutdown/INFO] [DistantHorizons-DistantHorizons-com.seibel.distanthorizons.core.level.AbstractDhServerLevel/]: Closed DhClientServerLevel for Wrapped{ServerLevel[New World]@minecraft:the_end}
[27Jul2026 12:47:52.185] [level shutdown/INFO] [DistantHorizons-DistantHorizons-com.seibel.distanthorizons.core.level.AbstractDhServerLevel/]: Closed DHLevel for [Wrapped{ServerLevel[New World]@minecraft:overworld}].
[27Jul2026 12:47:52.185] [level shutdown/INFO] [DistantHorizons-DistantHorizons-com.seibel.distanthorizons.core.level.AbstractDhServerLevel/]: Closed DhClientServerLevel for Wrapped{ServerLevel[New World]@minecraft:overworld}
[27Jul2026 12:47:52.185] [Render thread/INFO] [DistantHorizons-DistantHorizons-com.seibel.distanthorizons.core.world.AbstractDhWorld/]: Closed DhWorld of type [CLIENT_SERVER].
[27Jul2026 12:47:52.185] [Render thread/INFO] [DistantHorizons-DistantHorizons-com.seibel.distanthorizons.core.util.threading.PriorityTaskPicker/]: Shutting down PriorityTaskPicker thread pool...
[27Jul2026 12:47:57.662] [Render thread/INFO] [DistantHorizons-DistantHorizons-com.seibel.distanthorizons.core.sql.repo.AbstractDhRepo/]: Closing all [3] database connections...
[27Jul2026 12:47:57.663] [Render thread/INFO] [DistantHorizons-DistantHorizons-com.seibel.distanthorizons.core.sql.repo.AbstractDhRepo/]: Closing database connection: [jdbc:dh_sqlite:/home/krzysztofkalisiak/.local/share/ModrinthApp/profiles/Create Aeronautics (1)/saves/New World (1)/DIM1/data/DistantHorizons.sqlite]
[27Jul2026 12:47:57.663] [Render thread/INFO] [DistantHorizons-DistantHorizons-com.seibel.distanthorizons.core.sql.repo.AbstractDhRepo/]: Closing database connection: [jdbc:dh_sqlite:/home/krzysztofkalisiak/.local/share/ModrinthApp/profiles/Create Aeronautics (1)/saves/New World (1)/DIM-1/data/DistantHorizons.sqlite]
[27Jul2026 12:47:57.663] [Render thread/INFO] [DistantHorizons-DistantHorizons-com.seibel.distanthorizons.core.sql.repo.AbstractDhRepo/]: Closing database connection: [jdbc:dh_sqlite:/home/krzysztofkalisiak/.local/share/ModrinthApp/profiles/Create Aeronautics (1)/saves/New World (1)/data/DistantHorizons.sqlite]
[27Jul2026 12:47:58.019] [Render thread/INFO] [xaero.hud.minimap.MinimapLogs/]: Xaero hud session finalized.
[27Jul2026 12:47:58.030] [Render thread/INFO] [Photonics/]: Photonics v24 Sable moving lights: 1 -> 0
[27Jul2026 12:47:58.030] [Render thread/INFO] [Photonics/]: Photonics v24 Sable receiver motion: 2 -> 0
[27Jul2026 12:47:58.077] [Server thread/INFO] [net.minecraft.server.network.ServerGamePacketListenerImpl/]: Eutio lost connection: Disconnected
[27Jul2026 12:47:58.077] [Server thread/INFO] [net.minecraft.server.MinecraftServer/]: Eutio left the game
[27Jul2026 12:47:58.078] [Server thread/INFO] [DistantHorizons-DistantHorizons-com.seibel.distanthorizons.core.api.internal.ServerApi/]: Player [Eutio] disconnected.
[27Jul2026 12:47:58.089] [Server thread/INFO] [net.minecraft.server.network.ServerCommonPacketListenerImpl/]: Stopping singleplayer server as player logged out
[27Jul2026 12:47:58.124] [Server thread/INFO] [net.minecraft.server.MinecraftServer/]: Stopping server
[27Jul2026 12:47:58.125] [Server thread/INFO] [net.minecraft.server.MinecraftServer/]: Saving players
[27Jul2026 12:47:58.125] [Server thread/INFO] [net.minecraft.server.MinecraftServer/]: Saving worlds
[27Jul2026 12:47:58.170] [Server thread/INFO] [net.minecraft.server.MinecraftServer/]: Saving chunks for level 'ServerLevel[New World]'/minecraft:overworld
[27Jul2026 12:47:58.170] [Server thread/INFO] [dev.ryanhcode.sable.Sable/]: Saving sub-levels for level 'ServerLevel[New World]'/minecraft:overworld
[27Jul2026 12:47:58.258] [Server thread/INFO] [net.minecraft.server.MinecraftServer/]: Saving chunks for level 'ServerLevel[New World]'/minecraft:the_nether
[27Jul2026 12:47:58.258] [Server thread/INFO] [dev.ryanhcode.sable.Sable/]: Saving sub-levels for level 'ServerLevel[New World]'/minecraft:the_nether
[27Jul2026 12:47:58.266] [Server thread/INFO] [net.minecraft.server.MinecraftServer/]: Saving chunks for level 'ServerLevel[New World]'/minecraft:the_end
[27Jul2026 12:47:58.266] [Server thread/INFO] [dev.ryanhcode.sable.Sable/]: Saving sub-levels for level 'ServerLevel[New World]'/minecraft:the_end
[27Jul2026 12:47:58.278] [Server thread/INFO] [net.minecraft.server.MinecraftServer/]: ThreadedAnvilChunkStorage (New World (1)): All chunks are saved
[27Jul2026 12:47:58.278] [Server thread/INFO] [net.minecraft.server.MinecraftServer/]: ThreadedAnvilChunkStorage (DIM-1): All chunks are saved
[27Jul2026 12:47:58.278] [Server thread/INFO] [net.minecraft.server.MinecraftServer/]: ThreadedAnvilChunkStorage (DIM1): All chunks are saved
[27Jul2026 12:47:58.278] [Server thread/INFO] [net.minecraft.server.MinecraftServer/]: ThreadedAnvilChunkStorage: All dimensions are saved
[27Jul2026 12:47:58.286] [Render thread/INFO] [ChunkBuilder/]: Stopping worker threads
[27Jul2026 12:47:58.924] [Render thread/INFO] [net.minecraft.client.Minecraft/]: Stopping!
