[17:11:04] [main/INFO]: ModLauncher running: args [--username, Eutio, --version, 1.21.1, --gameDir, /home/krzysztofkalisiak/.local/share/ModrinthApp/profiles/Create Aeronautics (1), --assetsDir, /home/krzysztofkalisiak/.local/share/ModrinthApp/meta/assets, --assetIndex, 17, --uuid, daa1735b3ea84b2a94748a7aa356e30b, --accessToken, ❄❄❄❄❄❄❄❄, --clientId, c4502edb-87c6-40cb-b595-64a280cf8906, --xuid, 0, --userType, msa, --versionType, release, --width, 854, --height, 480, --fml.neoForgeVersion, 21.1.235, --fml.fmlVersion, 4.0.42, --fml.mcVersion, 1.21.1, --fml.neoFormVersion, 20240808.144430, --launchTarget, forgeclient]
[17:11:04] [main/INFO]: JVM identified as Azul Systems, Inc. OpenJDK 64-Bit Server VM 21.0.9+10-LTS
[17:11:04] [main/INFO]: ModLauncher 11.0.5+main.901c6ea8 starting: java version 21.0.9 by Azul Systems, Inc.; OS Linux arch amd64 version 7.0.0-28-generic
[17:11:04] [main/INFO]: Searching for graphics cards...
[17:11:04] [main/INFO]: Found graphics adapter: LinuxPciAdapterInfo[vendor=AMD, name=Navi 31 [Radeon RX 7900 XT/7900 XTX/7900 GRE/7900M], pciVendorId=0x1002, pciDeviceId=0x744c]
[17:11:04] [main/WARN]: Sodium has applied one or more workarounds to prevent crashes or other issues on your system: [NO_ERROR_CONTEXT_UNSUPPORTED]
[17:11:04] [main/WARN]: This is not necessarily an issue, but it may result in certain features or optimizations being disabled. You can sometimes fix these issues by upgrading your graphics driver.
[17:11:04] [main/INFO]: Loading ImmediateWindowProvider fmlearlywindow
[17:11:04] [main/INFO]: Trying GL version 4.6
[17:11:04] [main/INFO]: Requested GL version 4.6 got version 4.6
[17:11:04] [pool-2-thread-1/INFO]: GL info: AMD Radeon RX 7900 GRE (radeonsi, navi31, ACO, DRM 3.64, 7.0.0-28-generic) GL version 4.6 (Core Profile) Mesa 26.1.2 - kisak-mesa PPA, AMD
[17:11:04] [main/INFO]: SpongePowered MIXIN Subsystem Version=0.8.7 Source=union:/home/krzysztofkalisiak/.local/share/ModrinthApp/meta/libraries/net/fabricmc/sponge-mixin/0.15.2+mixin.0.8.7/sponge-mixin-0.15.2+mixin.0.8.7.jar%23170!/ Service=ModLauncher Env=CLIENT
[17:11:05] [main/INFO]: Found mod file "client-1.21.1-20240808.144430-srg.jar" [locator: production client provider +net.neoforged:neoforge:21.1.235:client]
[17:11:05] [main/INFO]: Found mod file "neoforge-21.1.235-universal.jar" [locator: PathBasedLocator[name=neoforge, paths=[/home/krzysztofkalisiak/.local/share/ModrinthApp/meta/libraries/net/neoforged/neoforge/21.1.235/neoforge-21.1.235-universal.jar]], reader: mod manifest]
[17:11:05] [main/INFO]: Found mod file "net.caffeinemc.sodium-neoforge-0.8.12+mc1.21.1-mod.jar" [locator: net.caffeinemc.mods.sodium.service.SodiumServiceModLocator@29b732a2, reader: mod manifest]
[17:11:05] [main/INFO]: Found mod file "fabric-rendering-data-attachment-v1-0.3.48+73761d2e19.jar" [locator: net.caffeinemc.mods.sodium.service.SodiumServiceModLocator@29b732a2, reader: mod manifest]
[17:11:05] [main/INFO]: Found mod file "fabric-renderer-api-v1-3.4.1+9125b6dc19.jar" [locator: net.caffeinemc.mods.sodium.service.SodiumServiceModLocator@29b732a2, reader: mod manifest]
[17:11:05] [main/INFO]: Found mod file "fabric-block-view-api-v2-1.0.10+9afaaf8c19.jar" [locator: net.caffeinemc.mods.sodium.service.SodiumServiceModLocator@29b732a2, reader: mod manifest]
[17:11:05] [main/INFO]: Found mod file "fabric-api-base-0.4.42+d1308ded19.jar" [locator: net.caffeinemc.mods.sodium.service.SodiumServiceModLocator@29b732a2, reader: mod manifest]
[17:11:05] [main/INFO]: Found library file "~nonexistent" [locator: org.sinytra.connector.locator.ConnectorEarlyLocatorBootstrap@b09fac1]
[17:11:05] [main/INFO]: Found mod file "contraption-lights-neoforge-1.21.1-1.2.0.jar" [locator: {mods folder locator at /home/krzysztofkalisiak/.local/share/ModrinthApp/profiles/Create Aeronautics (1)/mods}, reader: mod manifest]
[17:11:05] [main/INFO]: Found mod file "create-1.21.1-6.0.10.jar" [locator: {mods folder locator at /home/krzysztofkalisiak/.local/share/ModrinthApp/profiles/Create Aeronautics (1)/mods}, reader: mod manifest]
[17:11:05] [main/INFO]: Found mod file "create-aeronautics-bundled-1.21.1-1.3.0.jar" [locator: {mods folder locator at /home/krzysztofkalisiak/.local/share/ModrinthApp/profiles/Create Aeronautics (1)/mods}, reader: mod manifest]
[17:11:05] [main/INFO]: Found mod file "DistantHorizons-3.2.0-b-1.21.1-fabric-neoforge.jar" [locator: {mods folder locator at /home/krzysztofkalisiak/.local/share/ModrinthApp/profiles/Create Aeronautics (1)/mods}, reader: mod manifest]
[17:11:05] [main/INFO]: Found mod file "entityculling-neoforge-1.10.5-mc1.21.1.jar" [locator: {mods folder locator at /home/krzysztofkalisiak/.local/share/ModrinthApp/profiles/Create Aeronautics (1)/mods}, reader: mod manifest]
[17:11:05] [main/INFO]: Found mod file "ferritecore-7.0.3-neoforge.jar" [locator: {mods folder locator at /home/krzysztofkalisiak/.local/share/ModrinthApp/profiles/Create Aeronautics (1)/mods}, reader: mod manifest]
[17:11:05] [main/INFO]: Found mod file "forgified-fabric-api-0.116.14+2.3.0+1.21.1.jar" [locator: {mods folder locator at /home/krzysztofkalisiak/.local/share/ModrinthApp/profiles/Create Aeronautics (1)/mods}, reader: mod manifest]
[17:11:05] [main/INFO]: Found mod file "ImmediatelyFast-NeoForge-1.6.11+1.21.1.jar" [locator: {mods folder locator at /home/krzysztofkalisiak/.local/share/ModrinthApp/profiles/Create Aeronautics (1)/mods}, reader: mod manifest]
[17:11:05] [main/INFO]: Found mod file "iris-neoforge-1.8.14-beta.1+mc1.21.1.jar" [locator: {mods folder locator at /home/krzysztofkalisiak/.local/share/ModrinthApp/profiles/Create Aeronautics (1)/mods}, reader: mod manifest]
[17:11:05] [main/INFO]: Found mod file "irisveil-0.3.0.jar" [locator: {mods folder locator at /home/krzysztofkalisiak/.local/share/ModrinthApp/profiles/Create Aeronautics (1)/mods}, reader: mod manifest]
[17:11:05] [main/INFO]: Found mod file "lithium-neoforge-0.15.4+mc1.21.1.jar" [locator: {mods folder locator at /home/krzysztofkalisiak/.local/share/ModrinthApp/profiles/Create Aeronautics (1)/mods}, reader: mod manifest]
[17:11:05] [main/WARN]: Skipping jar. File mods/photonics-v94-upscaler-radiance-step-limit-mc1.21.1.jar is a Fabric mod and cannot be loaded
[17:11:05] [main/INFO]: Found mod file "sable-neoforge-1.21.1-2.0.3.jar" [locator: {mods folder locator at /home/krzysztofkalisiak/.local/share/ModrinthApp/profiles/Create Aeronautics (1)/mods}, reader: mod manifest]
[17:11:05] [main/INFO]: Found mod file "searchlights-1.3.1.jar" [locator: {mods folder locator at /home/krzysztofkalisiak/.local/share/ModrinthApp/profiles/Create Aeronautics (1)/mods}, reader: mod manifest]
[17:11:05] [main/INFO]: Found mod file "simurail-1.21.1-0.0.0-a+b18d457.jar" [locator: {mods folder locator at /home/krzysztofkalisiak/.local/share/ModrinthApp/profiles/Create Aeronautics (1)/mods}, reader: mod manifest]
[17:11:05] [main/INFO]: Found mod file "xaerominimap-neoforge-1.21.1-26.4.2.jar" [locator: {mods folder locator at /home/krzysztofkalisiak/.local/share/ModrinthApp/profiles/Create Aeronautics (1)/mods}, reader: mod manifest]
[17:11:05] [main/WARN]: Attempted to select a dependency jar for JarJar which was passed in as source: fabric_renderer_api_v1. Using Mod File: 
[17:11:05] [main/WARN]: Attempted to select a dependency jar for JarJar which was passed in as source: fabric_block_view_api_v2. Using Mod File: 
[17:11:05] [main/WARN]: Attempted to select a dependency jar for JarJar which was passed in as source: library:net.fabricmc.loader. Using Mod File: /~nonexistent
[17:11:05] [main/WARN]: Attempted to select a dependency jar for JarJar which was passed in as source: fabric_api_base. Using Mod File: 
[17:11:05] [main/WARN]: Attempted to select a dependency jar for JarJar which was passed in as source: fabric_rendering_data_attachment_v1. Using Mod File: 
[17:11:05] [main/INFO]: Found 62 dependencies adding them to mods collection
[17:11:05] [main/INFO]: Found mod file "fabric-transfer-api-v1-5.4.4+6244b11119.jar" [parent: forgified-fabric-api-0.116.14+2.3.0+1.21.1.jar, locator: jarinjar, reader: mod manifest]
[17:11:05] [main/INFO]: Found library file "glsl-processor-0.2.3.jar" [parent: veil-neoforge-1.21.1-4.2.1.jar, locator: jarinjar]
[17:11:05] [main/INFO]: Found mod file "ponder-neoforge-1.0.82+mc1.21.1.jar" [parent: create-1.21.1-6.0.10.jar, locator: jarinjar, reader: mod manifest]
[17:11:05] [main/INFO]: Found mod file "fabric-item-api-v1-11.2.0+0c57911319.jar" [parent: forgified-fabric-api-0.116.14+2.3.0+1.21.1.jar, locator: jarinjar, reader: mod manifest]
[17:11:05] [main/INFO]: Found mod file "fabric-model-loading-api-v1-2.1.0+6e8f52c719.jar" [parent: forgified-fabric-api-0.116.14+2.3.0+1.21.1.jar, locator: jarinjar, reader: mod manifest]
[17:11:05] [main/INFO]: Found library file "net.neoforged.neoforge-coremods-21.1.235.jar" [parent: neoforge-21.1.235-universal.jar, locator: jarinjar, reader: mod manifest]
[17:11:05] [main/INFO]: Found mod file "fabric-rendering-fluids-v1-3.1.6+a51883b219.jar" [parent: forgified-fabric-api-0.116.14+2.3.0+1.21.1.jar, locator: jarinjar, reader: mod manifest]
[17:11:05] [main/INFO]: Found mod file "dev.eriksonn.aeronautics.aeronautics-neoforge-1.21.1-1.3.0.jar" [parent: create-aeronautics-bundled-1.21.1-1.3.0.jar, locator: jarinjar, reader: mod manifest]
[17:11:05] [main/INFO]: Found mod file "xaerolib-neoforge-1.21.1-1.7.1.jar" [parent: xaerominimap-neoforge-1.21.1-26.4.2.jar, locator: jarinjar, reader: mod manifest]
[17:11:05] [main/INFO]: Found mod file "fabric-screen-handler-api-v1-1.3.91+8dbc56dd19.jar" [parent: forgified-fabric-api-0.116.14+2.3.0+1.21.1.jar, locator: jarinjar, reader: mod manifest]
[17:11:05] [main/INFO]: Found mod file "fabric-resource-loader-v0-1.3.1+4ea8954419.jar" [parent: forgified-fabric-api-0.116.14+2.3.0+1.21.1.jar, locator: jarinjar, reader: mod manifest]
[17:11:05] [main/INFO]: Found mod file "TRender-1.0.15-1.21.1-neoforge-SNAPSHOT.jar" [parent: entityculling-neoforge-1.10.5-mc1.21.1.jar, locator: jarinjar, reader: mod manifest]
[17:11:05] [main/INFO]: Found gamelibrary file "yumi-commons-collections-1.0.0.jar" [parent: lambdynamiclights-api-4.8.8+1.21.1-mojmap.jar, locator: jarinjar, reader: mod manifest]
[17:11:05] [main/INFO]: Found mod file "fabric-rendering-v1-5.1.0+1a09bd5a19.jar" [parent: forgified-fabric-api-0.116.14+2.3.0+1.21.1.jar, locator: jarinjar, reader: mod manifest]
[17:11:05] [main/INFO]: Found mod file "fabric-renderer-indigo-1.7.1+9125b6dc19.jar" [parent: forgified-fabric-api-0.116.14+2.3.0+1.21.1.jar, locator: jarinjar, reader: mod manifest]
[17:11:05] [main/INFO]: Found mod file "fabric-convention-tags-v1-2.1.7+7f945d5b19.jar" [parent: forgified-fabric-api-0.116.14+2.3.0+1.21.1.jar, locator: jarinjar, reader: mod manifest]
[17:11:05] [main/INFO]: Found mod file "fabric-command-api-v2-2.2.28+36d727be19.jar" [parent: forgified-fabric-api-0.116.14+2.3.0+1.21.1.jar, locator: jarinjar, reader: mod manifest]
[17:11:05] [main/INFO]: Found mod file "fabric-convention-tags-v2-2.12.0+75d3639619.jar" [parent: forgified-fabric-api-0.116.14+2.3.0+1.21.1.jar, locator: jarinjar, reader: mod manifest]
[17:11:05] [main/INFO]: Found mod file "fabric-data-attachment-api-v1-1.4.7+26d408aa19.jar" [parent: forgified-fabric-api-0.116.14+2.3.0+1.21.1.jar, locator: jarinjar, reader: mod manifest]
[17:11:05] [main/INFO]: Found mod file "veil-neoforge-1.21.1-4.2.1.jar" [parent: searchlights-1.3.1.jar, locator: jarinjar, reader: mod manifest]
[17:11:05] [main/INFO]: Found mod file "dev.simulated_team.simulated.simulated-neoforge-1.21.1-1.3.0.jar" [parent: create-aeronautics-bundled-1.21.1-1.3.0.jar, locator: jarinjar, reader: mod manifest]
[17:11:05] [main/INFO]: Found gamelibrary file "yumi-commons-event-1.0.0.jar" [parent: lambdynamiclights-api-4.8.8+1.21.1-mojmap.jar, locator: jarinjar, reader: mod manifest]
[17:11:05] [main/INFO]: Found mod file "fabric-screen-api-v1-2.0.26+b4953c7419.jar" [parent: forgified-fabric-api-0.116.14+2.3.0+1.21.1.jar, locator: jarinjar, reader: mod manifest]
[17:11:05] [main/INFO]: Found library file "molang-compiler-3.1.1.19.jar" [parent: veil-neoforge-1.21.1-4.1.4.jar, locator: jarinjar]
[17:11:05] [main/INFO]: Found library file "Reflect-1.6.2.jar" [parent: ImmediatelyFast-NeoForge-1.6.11+1.21.1.jar, locator: jarinjar]
[17:11:05] [main/INFO]: Found mod file "fabric-particles-v1-4.0.2+824f924c19.jar" [parent: forgified-fabric-api-0.116.14+2.3.0+1.21.1.jar, locator: jarinjar, reader: mod manifest]
[17:11:05] [main/INFO]: Found mod file "fabric-content-registries-v0-8.0.19+5e0d320019.jar" [parent: forgified-fabric-api-0.116.14+2.3.0+1.21.1.jar, locator: jarinjar, reader: mod manifest]
[17:11:05] [main/INFO]: Found mod file "fabric-transitive-access-wideners-v1-6.2.0+6c854b6f19.jar" [parent: forgified-fabric-api-0.116.14+2.3.0+1.21.1.jar, locator: jarinjar, reader: mod manifest]
[17:11:05] [main/INFO]: Found mod file "dev.ryanhcode.offroad.offroad-neoforge-1.21.1-1.3.0.jar" [parent: create-aeronautics-bundled-1.21.1-1.3.0.jar, locator: jarinjar, reader: mod manifest]
[17:11:05] [main/INFO]: Found gamelibrary file "mixinextras-neoforge-0.5.3.jar" [parent: neoforge-21.1.235-universal.jar, locator: jarinjar, reader: mod manifest]
[17:11:05] [main/INFO]: Found gamelibrary file "yumi-commons-core-1.0.0.jar" [parent: lambdynamiclights-api-4.8.8+1.21.1-mojmap.jar, locator: jarinjar, reader: mod manifest]
[17:11:05] [main/INFO]: Found mod file "fabric-game-rule-api-v1-1.0.53+36d727be19.jar" [parent: forgified-fabric-api-0.116.14+2.3.0+1.21.1.jar, locator: jarinjar, reader: mod manifest]
[17:11:05] [main/INFO]: Found mod file "fabric-api-lookup-api-v1-1.6.72+6244b11119.jar" [parent: forgified-fabric-api-0.116.14+2.3.0+1.21.1.jar, locator: jarinjar, reader: mod manifest]
[17:11:05] [main/INFO]: Found mod file "fabric-blockrenderlayer-v1-1.1.52+c290471319.jar" [parent: forgified-fabric-api-0.116.14+2.3.0+1.21.1.jar, locator: jarinjar, reader: mod manifest]
[17:11:05] [main/INFO]: Found gamelibrary file "dev.ryanhcode.sable.sable-sable_rapier-1.21.1-2.0.3.jar" [parent: sable-neoforge-1.21.1-2.0.3.jar, locator: jarinjar, reader: mod manifest]
[17:11:05] [main/INFO]: Found mod file "fabric-block-api-v1-1.1.0+b0c22bb819.jar" [parent: forgified-fabric-api-0.116.14+2.3.0+1.21.1.jar, locator: jarinjar, reader: mod manifest]
[17:11:05] [main/INFO]: Found mod file "fabric-resource-conditions-api-v1-4.3.0+5bdd099819.jar" [parent: forgified-fabric-api-0.116.14+2.3.0+1.21.1.jar, locator: jarinjar, reader: mod manifest]
[17:11:05] [main/INFO]: Found library file "jcpp-1.4.14.jar" [parent: iris-neoforge-1.8.14-beta.1+mc1.21.1.jar, locator: jarinjar]
[17:11:05] [main/INFO]: Found library file "glsl-transformer-3.0.0-pre3.jar" [parent: iris-neoforge-1.8.14-beta.1+mc1.21.1.jar, locator: jarinjar]
[17:11:05] [main/INFO]: Found mod file "sable-companion-common-1.21.1-1.6.0.jar" [parent: searchlights-1.3.1.jar, locator: jarinjar, reader: mod manifest]
[17:11:05] [main/INFO]: Found mod file "flywheel-neoforge-1.21.1-1.0.6.jar" [parent: create-1.21.1-6.0.10.jar, locator: jarinjar, reader: mod manifest]
[17:11:05] [main/INFO]: Found mod file "fabric-item-group-api-v1-4.1.7+e324903319.jar" [parent: forgified-fabric-api-0.116.14+2.3.0+1.21.1.jar, locator: jarinjar, reader: mod manifest]
[17:11:05] [main/INFO]: Found mod file "fabric-gametest-api-v1-2.0.5+29f188ce19.jar" [parent: forgified-fabric-api-0.116.14+2.3.0+1.21.1.jar, locator: jarinjar, reader: mod manifest]
[17:11:05] [main/INFO]: Found mod file "fabric-biome-api-v1-13.0.31+1e62d33c19.jar" [parent: forgified-fabric-api-0.116.14+2.3.0+1.21.1.jar, locator: jarinjar, reader: mod manifest]
[17:11:05] [main/INFO]: Found mod file "fabric-entity-events-v1-1.8.0+e46a02ca19.jar" [parent: forgified-fabric-api-0.116.14+2.3.0+1.21.1.jar, locator: jarinjar, reader: mod manifest]
[17:11:05] [main/INFO]: Found mod file "fabric-registry-sync-v0-5.3.2+f9aace1619.jar" [parent: forgified-fabric-api-0.116.14+2.3.0+1.21.1.jar, locator: jarinjar, reader: mod manifest]
[17:11:05] [main/INFO]: Found mod file "lambdynamiclights-api-4.8.8+1.21.1-mojmap.jar" [parent: searchlights-1.3.1.jar, locator: jarinjar, reader: mod manifest]
[17:11:05] [main/INFO]: Found mod file "fabric-recipe-api-v1-5.0.16+59440bcc19.jar" [parent: forgified-fabric-api-0.116.14+2.3.0+1.21.1.jar, locator: jarinjar, reader: mod manifest]
[17:11:05] [main/INFO]: Found mod file "fabric-object-builder-api-v1-15.2.1+cc242efd19.jar" [parent: forgified-fabric-api-0.116.14+2.3.0+1.21.1.jar, locator: jarinjar, reader: mod manifest]
[17:11:05] [main/INFO]: Found mod file "fabric-loot-api-v2-3.0.15+a3ee712d19.jar" [parent: forgified-fabric-api-0.116.14+2.3.0+1.21.1.jar, locator: jarinjar, reader: mod manifest]
[17:11:05] [main/INFO]: Found mod file "fabric-loot-api-v3-1.0.3+333dfad919.jar" [parent: forgified-fabric-api-0.116.14+2.3.0+1.21.1.jar, locator: jarinjar, reader: mod manifest]
[17:11:05] [main/INFO]: Found mod file "TRansition-1.0.21-1.21.1-neoforge-SNAPSHOT.jar" [parent: entityculling-neoforge-1.10.5-mc1.21.1.jar, locator: jarinjar, reader: mod manifest]
[17:11:05] [main/INFO]: Found mod file "fabric-networking-api-v1-4.3.1+30a980d919.jar" [parent: forgified-fabric-api-0.116.14+2.3.0+1.21.1.jar, locator: jarinjar, reader: mod manifest]
[17:11:05] [main/INFO]: Found gamelibrary file "Registrate-MC1.21-1.3.0+67.jar" [parent: create-1.21.1-6.0.10.jar, locator: jarinjar, reader: mod manifest]
[17:11:05] [main/INFO]: Found mod file "fabric-sound-api-v1-1.0.23+10b84f8419.jar" [parent: forgified-fabric-api-0.116.14+2.3.0+1.21.1.jar, locator: jarinjar, reader: mod manifest]
[17:11:05] [main/INFO]: Found mod file "fabric-message-api-v1-6.0.14+6a754fce19.jar" [parent: forgified-fabric-api-0.116.14+2.3.0+1.21.1.jar, locator: jarinjar, reader: mod manifest]
[17:11:05] [main/INFO]: Found mod file "fabric-lifecycle-events-v1-2.6.0+e40d8add19.jar" [parent: forgified-fabric-api-0.116.14+2.3.0+1.21.1.jar, locator: jarinjar, reader: mod manifest]
[17:11:05] [main/INFO]: Found mod file "fabric-tag-api-v1-1.3.0+3e2bcb4b19.jar" [parent: forgified-fabric-api-0.116.14+2.3.0+1.21.1.jar, locator: jarinjar, reader: mod manifest]
[17:11:05] [main/INFO]: Found mod file "fabric-data-generation-api-v1-20.3.0+3e2bcb4b19.jar" [parent: forgified-fabric-api-0.116.14+2.3.0+1.21.1.jar, locator: jarinjar, reader: mod manifest]
[17:11:05] [main/INFO]: Found mod file "fabric-events-interaction-v0-0.7.14+86e0887119.jar" [parent: forgified-fabric-api-0.116.14+2.3.0+1.21.1.jar, locator: jarinjar, reader: mod manifest]
[17:11:05] [main/INFO]: Found mod file "fabric-key-binding-api-v1-1.0.47+62cc7ce119.jar" [parent: forgified-fabric-api-0.116.14+2.3.0+1.21.1.jar, locator: jarinjar, reader: mod manifest]
[17:11:05] [main/INFO]: Found mod file "fabric-client-tags-api-v1-1.2.0+5adff2d719.jar" [parent: forgified-fabric-api-0.116.14+2.3.0+1.21.1.jar, locator: jarinjar, reader: mod manifest]
[17:11:05] [main/INFO]: Dependency resolution found 1 candidates to load
[17:11:06] [main/INFO]: Found mod file "photonics-v94-upscaler-radiance-step-limit-mc1.21.1_mapped_moj_1.21.1.jar" [locator: org.sinytra.connector.locator.ConnectorLocator@5fa47fea]
[17:11:06] [main/INFO]: Found 2 dependencies adding them to mods collection
[17:11:06] [main/INFO]: Found mod file "org.sinytra.connector-2.0.0-beta.15+1.21.1-mod.jar" [parent: , locator: org.sinytra.connector.locator.ConnectorLocator@5fa47fea, reader: mod manifest]
[17:11:06] [main/INFO]: Found gamelibrary file "runtime-1.0.0+1.21.1.jar" [parent: , locator: org.sinytra.connector.locator.ConnectorLocator@5fa47fea, reader: mod manifest]
[17:11:06] [main/INFO]: 
     Mod List:
		Name Version (Mod Id)

		Contraption Lights 1.2.0 (contraptionlights)
		Create 6.0.10 (create)
		Create Aeronautics 1.3.0 (aeronautics)
		Create Aeronautics 1.3.0 (aeronautics_bundled)
		Create Offroad 1.3.0 (offroad)
		Create Simulated 1.3.0 (simulated)
		Create Simurail 0.0.0-a+b18d457 (simurail)
		Distant Horizons 3.2.0-b (distanthorizons)
		EntityCulling 1.10.5 (entityculling)
		Ferrite Core 7.0.3 (ferritecore)
		Flywheel 1.0.6 (flywheel)
		Forgified Fabric API 0.116.14+2.3.0+1.21.1 (fabric_api)
		Forgified Fabric API Base 0.4.42+d1308ded19 (fabric_api_base)
		Forgified Fabric API Lookup API (v1) 1.6.72+6244b11119 (fabric_api_lookup_api_v1)
		Forgified Fabric Biome API (v1) 13.0.31+1e62d33c19 (fabric_biome_api_v1)
		Forgified Fabric Block API (v1) 1.1.0+b0c22bb819 (fabric_block_api_v1)
		Forgified Fabric BlockRenderLayer Registration (v1) 1.1.52+c290471319 (fabric_blockrenderlayer_v1)
		Forgified Fabric BlockView API (v2) 1.0.10+9afaaf8c19 (fabric_block_view_api_v2)
		Forgified Fabric Client Tags 1.2.0+5adff2d719 (fabric_client_tags_api_v1)
		Forgified Fabric Command API (v2) 2.2.28+36d727be19 (fabric_command_api_v2)
		Forgified Fabric Content Registries (v0) 8.0.19+5e0d320019 (fabric_content_registries_v0)
		Forgified Fabric Convention Tags 2.1.7+7f945d5b19 (fabric_convention_tags_v1)
		Forgified Fabric Convention Tags (v2) 2.12.0+75d3639619 (fabric_convention_tags_v2)
		Forgified Fabric Data Attachment API (v1) 1.4.7+26d408aa19 (fabric_data_attachment_api_v1)
		Forgified Fabric Data Generation API (v1) 20.3.0+3e2bcb4b19 (fabric_data_generation_api_v1)
		Forgified Fabric Entity Events (v1) 1.8.0+e46a02ca19 (fabric_entity_events_v1)
		Forgified Fabric Events Interaction (v0) 0.7.14+86e0887119 (fabric_events_interaction_v0)
		Forgified Fabric Game Rule API (v1) 1.0.53+36d727be19 (fabric_game_rule_api_v1)
		Forgified Fabric Game Test API (v1) 2.0.5+29f188ce19 (fabric_gametest_api_v1)
		Forgified Fabric Item API (v1) 11.2.0+0c57911319 (fabric_item_api_v1)
		Forgified Fabric Item Group API (v1) 4.1.7+e324903319 (fabric_item_group_api_v1)
		Forgified Fabric Key Binding API (v1) 1.0.47+62cc7ce119 (fabric_key_binding_api_v1)
		Forgified Fabric Lifecycle Events (v1) 2.6.0+e40d8add19 (fabric_lifecycle_events_v1)
		Forgified Fabric Loot API (v2) 3.0.15+a3ee712d19 (fabric_loot_api_v2)
		Forgified Fabric Loot API (v3) 1.0.3+333dfad919 (fabric_loot_api_v3)
		Forgified Fabric Message API (v1) 6.0.14+6a754fce19 (fabric_message_api_v1)
		Forgified Fabric Model Loading API (v1) 2.1.0+6e8f52c719 (fabric_model_loading_api_v1)
		Forgified Fabric Networking API (v1) 4.3.1+30a980d919 (fabric_networking_api_v1)
		Forgified Fabric Object Builder API (v1) 15.2.1+cc242efd19 (fabric_object_builder_api_v1)
		Forgified Fabric Particles (v1) 4.0.2+824f924c19 (fabric_particles_v1)
		Forgified Fabric Recipe API (v1) 5.0.16+59440bcc19 (fabric_recipe_api_v1)
		Forgified Fabric Registry Sync (v0) 5.3.2+f9aace1619 (fabric_registry_sync_v0)
		Forgified Fabric Renderer - Indigo 1.7.1+9125b6dc19 (fabric_renderer_indigo)
		Forgified Fabric Renderer API (v1) 3.4.1+9125b6dc19 (fabric_renderer_api_v1)
		Forgified Fabric Rendering (v1) 5.1.0+1a09bd5a19 (fabric_rendering_v1)
		Forgified Fabric Rendering Data Attachment (v1) 0.3.48+73761d2e19 (fabric_rendering_data_attachment_v1)
		Forgified Fabric Rendering Fluids (v1) 3.1.6+a51883b219 (fabric_rendering_fluids_v1)
		Forgified Fabric Resource Conditions API (v1) 4.3.0+5bdd099819 (fabric_resource_conditions_api_v1)
		Forgified Fabric Resource Loader (v0) 1.3.1+4ea8954419 (fabric_resource_loader_v0)
		Forgified Fabric Screen API (v1) 2.0.26+b4953c7419 (fabric_screen_api_v1)
		Forgified Fabric Screen Handler API (v1) 1.3.91+8dbc56dd19 (fabric_screen_handler_api_v1)
		Forgified Fabric Sound API (v1) 1.0.23+10b84f8419 (fabric_sound_api_v1)
		Forgified Fabric Tag API (v1) 1.3.0+3e2bcb4b19 (fabric_tag_api_v1)
		Forgified Fabric Transfer API (v1) 5.4.4+6244b11119 (fabric_transfer_api_v1)
		Forgified Fabric Transitive Access Wideners (v1) 6.2.0+6c854b6f19 (fabric_transitive_access_wideners_v1)
		ImmediatelyFast 1.6.11+1.21.1 (immediatelyfast)
		Iris 1.8.14-beta.1+mc1.21.1 (iris)
		Iris Veil Compat 0.3.0 (irisveil)
		LambDynamicLights (API) 4.8.8+1.21.1 (lambdynlights_api)
		Lithium 0.15.4+mc1.21.1 (lithium)
		Minecraft 1.21.1 (minecraft)
		NeoForge 21.1.235 (neoforge)
		Photonics 0.4.0_1.21.1 (photonics)
		Ponder 1.0.82+mc1.21.1 (ponder)
		Sable 2.0.3 (sable)
		Sable Companion 1.6.0 (sablecompanion)
		SearchLights 1.3.1 (searchlights)
		Sinytra Connector 2.0.0-beta.15+1.21.1 (connector)
		Sodium 0.8.12+mc1.21.1 (sodium)
		TRansition 1.0.21 (transition)
		TRender 1.0.15 (trender)
		Veil 4.2.1 (veil)
		Xaero's Minimap 26.4.2 (xaerominimap)
		XaeroLib 1.7.1 (xaerolib)
[17:11:07] [main/INFO]: Successfully made module authlib transformable
[17:11:07] [main/INFO]: Successfully made module brigadier transformable
[17:11:07] [main/INFO]: Loading coremod script-engine for [xaerominimap]
[17:11:07] [main/INFO]: Compatibility level set to JAVA_17
[17:11:07] [main/INFO]: Compatibility level set to JAVA_21
[17:11:07] [main/INFO]: Launching target 'forgeclient' with arguments [--version, 1.21.1, --gameDir, /home/krzysztofkalisiak/.local/share/ModrinthApp/profiles/Create Aeronautics (1), --assetsDir, /home/krzysztofkalisiak/.local/share/ModrinthApp/meta/assets, --uuid, daa1735b3ea84b2a94748a7aa356e30b, --username, Eutio, --assetIndex, 17, --accessToken, ❄❄❄❄❄❄❄❄, --clientId, c4502edb-87c6-40cb-b595-64a280cf8906, --xuid, 0, --userType, msa, --versionType, release, --width, 854, --height, 480]
[17:11:07] [main/INFO]: Option 'mixin.experimental.entity.block_caching.suffocation' requires 'mixin.util.block_tracking=true' but found 'false'. Setting 'mixin.experimental.entity.block_caching.suffocation=false'.
[17:11:07] [main/INFO]: Option 'mixin.experimental.entity.block_caching.block_support' requires 'mixin.util.block_tracking=true' but found 'false'. Setting 'mixin.experimental.entity.block_caching.block_support=false'.
[17:11:07] [main/INFO]: Option 'mixin.experimental.entity.block_caching.block_touching' requires 'mixin.util.block_tracking=true' but found 'false'. Setting 'mixin.experimental.entity.block_caching.block_touching=false'.
[17:11:07] [main/INFO]: Option 'mixin.experimental.entity.block_caching' requires 'mixin.util.block_tracking=true' but found 'false'. Setting 'mixin.experimental.entity.block_caching=false'.
[17:11:07] [main/INFO]: Loaded configuration file for Lithium: 148 options available, 4 override(s) found
[17:11:07] [main/WARN]: Reference map 'aeronautics.refmap.json' for aeronautics.mixins.json could not be read. If this is a development environment you can ignore this message
[17:11:07] [main/WARN]: Reference map 'xaerolib.refmap.json' for xaerolib.mixins.json could not be read. If this is a development environment you can ignore this message
[17:11:07] [main/WARN]: Reference map 'iris.refmap.json' for mixins.iris.json could not be read. If this is a development environment you can ignore this message
[17:11:07] [main/WARN]: Reference map 'iris.refmap.json' for mixins.iris.fantastic.json could not be read. If this is a development environment you can ignore this message
[17:11:07] [main/WARN]: Reference map 'iris.refmap.json' for mixins.iris.vertexformat.json could not be read. If this is a development environment you can ignore this message
[17:11:07] [main/WARN]: Reference map 'iris.refmap.json' for iris-batched-entity-rendering.mixins.json could not be read. If this is a development environment you can ignore this message
[17:11:07] [main/WARN]: Reference map 'iris.refmap.json' for mixins.iris.compat.sodium.json could not be read. If this is a development environment you can ignore this message
[17:11:07] [main/WARN]: Reference map 'simulated.refmap.json' for simulated.mixins.json could not be read. If this is a development environment you can ignore this message
[17:11:07] [main/INFO]: Loaded configuration file for Sodium: 45 options available, 1 override(s) found
[17:11:07] [main/WARN]: Reference map 'offroad.refmap.json' for offroad.mixins.json could not be read. If this is a development environment you can ignore this message
[17:11:07] [main/WARN]: Reference map 'ponder.refmap.json' for ponder-common.mixins.json could not be read. If this is a development environment you can ignore this message
[17:11:07] [main/INFO]: Using Sodium renderer mixins
[17:11:07] [main/INFO]: Using Sodium renderer mixins
[17:11:07] [main/WARN]: Reference map 'xaerominimap.refmap.json' for xaerohud.mixins.json could not be read. If this is a development environment you can ignore this message
[17:11:07] [main/WARN]: Reference map 'xaerominimap.refmap.json' for xaerominimap.mixins.json could not be read. If this is a development environment you can ignore this message
[17:11:07] [main/WARN]: Reference map 'entityculling.refmap.mixins.json' for entityculling.mixins.json could not be read. If this is a development environment you can ignore this message
[17:11:07] [main/WARN]: Reference map '${refmap_target}refmap.json' for ferritecore.predicates.mixin.json could not be read. If this is a development environment you can ignore this message
[17:11:07] [main/WARN]: Reference map '${refmap_target}refmap.json' for ferritecore.fastmap.mixin.json could not be read. If this is a development environment you can ignore this message
[17:11:07] [main/WARN]: Reference map '${refmap_target}refmap.json' for ferritecore.mrl.mixin.json could not be read. If this is a development environment you can ignore this message
[17:11:07] [main/WARN]: Reference map '${refmap_target}refmap.json' for ferritecore.dedupmultipart.mixin.json could not be read. If this is a development environment you can ignore this message
[17:11:07] [main/WARN]: Reference map '${refmap_target}refmap.json' for ferritecore.blockstatecache.mixin.json could not be read. If this is a development environment you can ignore this message
[17:11:07] [main/WARN]: Reference map '${refmap_target}refmap.json' for ferritecore.dedupbakedquad.mixin.json could not be read. If this is a development environment you can ignore this message
[17:11:07] [main/WARN]: Reference map '${refmap_target}refmap.json' for ferritecore.threaddetec.mixin.json could not be read. If this is a development environment you can ignore this message
[17:11:07] [main/WARN]: Reference map '${refmap_target}refmap.json' for ferritecore.modelsides.mixin.json could not be read. If this is a development environment you can ignore this message
[17:11:07] [main/WARN]: Reference map '${refmap_target}refmap.json' for ferritecore.datacomponents.mixin.json could not be read. If this is a development environment you can ignore this message
[17:11:07] [main/WARN]: Reference map '${refmap_target}refmap.json' for ferritecore.accessors.mixin.json could not be read. If this is a development environment you can ignore this message
[17:11:07] [main/WARN]: Reference map '' for adapter.init.mixins.json could not be read. If this is a development environment you can ignore this message
[17:11:07] [main/INFO]: Force-disabling mixin 'entity.collisions.unpushable_cramming.EntityMixin' as rule 'mixin.entity.collisions.unpushable_cramming' (added by mods [sable]) disables it and children
[17:11:07] [main/INFO]: Force-disabling mixin 'entity.collisions.unpushable_cramming.EntitySectionMixin' as rule 'mixin.entity.collisions.unpushable_cramming' (added by mods [sable]) disables it and children
[17:11:07] [main/INFO]: Force-disabling mixin 'entity.collisions.unpushable_cramming.EntitySelectorMixin' as rule 'mixin.entity.collisions.unpushable_cramming' (added by mods [sable]) disables it and children
[17:11:07] [main/INFO]: Force-disabling mixin 'entity.collisions.unpushable_cramming.LivingEntityMixin' as rule 'mixin.entity.collisions.unpushable_cramming' (added by mods [sable]) disables it and children
[17:11:07] [main/INFO]: Force-disabling mixin 'world.chunk_access.ChunkHolderMixin' as rule 'mixin.world.chunk_access' (added by mods [sable]) disables it and children
[17:11:07] [main/INFO]: Force-disabling mixin 'world.chunk_access.GenerationChunkHolderAccessor' as rule 'mixin.world.chunk_access' (added by mods [sable]) disables it and children
[17:11:07] [main/INFO]: Force-disabling mixin 'world.chunk_access.LevelMixin' as rule 'mixin.world.chunk_access' (added by mods [sable]) disables it and children
[17:11:07] [main/INFO]: Force-disabling mixin 'world.chunk_access.ServerChunkCacheMixin' as rule 'mixin.world.chunk_access' (added by mods [sable]) disables it and children
[17:11:07] [main/INFO]: Force-disabling mixin 'world.chunk_ticking.spread_ice.BiomeMixin' as rule 'mixin.world.chunk_ticking' (added by mods [sable]) disables it and children
[17:11:07] [main/INFO]: Force-disabling mixin 'world.tick_scheduler.LevelChunkTicksMixin' as rule 'mixin.world.tick_scheduler' (added by mods [sable]) disables it and children
[17:11:07] [main/WARN]: Error loading class: com/portingdeadmods/cable_facades/events/GameClientEvents$2 (java.lang.ClassNotFoundException: com.portingdeadmods.cable_facades.events.GameClientEvents$2)
[17:11:07] [main/WARN]: Error loading class: com/direwolf20/justdirethings/client/renderers/OurRenderTypes (java.lang.ClassNotFoundException: com.direwolf20.justdirethings.client.renderers.OurRenderTypes)
[17:11:07] [main/WARN]: Error loading class: mekanism/client/render/entity/RenderFlame (java.lang.ClassNotFoundException: mekanism.client.render.entity.RenderFlame)
[17:11:07] [main/WARN]: Error loading class: mekanism/client/render/armor/MekaSuitArmor (java.lang.ClassNotFoundException: mekanism.client.render.armor.MekaSuitArmor)
[17:11:07] [main/WARN]: Error loading class: mekanism/client/render/lib/effect/BillboardingEffectRenderer (java.lang.ClassNotFoundException: mekanism.client.render.lib.effect.BillboardingEffectRenderer)
[17:11:07] [main/WARN]: Error loading class: blusunrize/immersiveengineering/client/utils/IEGLShaders (java.lang.ClassNotFoundException: blusunrize.immersiveengineering.client.utils.IEGLShaders)
[17:11:07] [main/WARN]: Error loading class: mezz/jei/library/plugins/vanilla/ingredients/ItemStackListFactory (java.lang.ClassNotFoundException: mezz.jei.library.plugins.vanilla.ingredients.ItemStackListFactory)
[17:11:07] [main/INFO]: Immersive Portals not present, skipping DH compatibility mixin.
[17:11:07] [main/WARN]: Force-disabling mixin 'features.render.world.sky.ClientLevelMixin' as rule 'mixin.features.render.world.sky' (added by mods [iris]) disables it and children
[17:11:07] [main/WARN]: Force-disabling mixin 'features.render.world.sky.FogRendererMixin' as rule 'mixin.features.render.world.sky' (added by mods [iris]) disables it and children
[17:11:07] [main/WARN]: Force-disabling mixin 'features.render.world.sky.LevelRendererMixin' as rule 'mixin.features.render.world.sky' (added by mods [iris]) disables it and children
[17:11:08] [main/WARN]: Error loading class: org/jetbrains/annotations/ApiStatus$ScheduledForRemoval (java.lang.ClassNotFoundException: org.jetbrains.annotations.ApiStatus$ScheduledForRemoval)
[17:11:08] [main/INFO]: Initializing MixinExtras via com.llamalad7.mixinextras.service.MixinExtrasServiceImpl(version=0.5.3).
[27Jul2026 17:11:09.052] [Datafixer Bootstrap/INFO] [com.mojang.datafixers.DataFixerBuilder/]: 229 Datafixer optimizations took 129 milliseconds
[27Jul2026 17:11:11.640] [Render thread/WARN] [net.minecraft.server.packs.VanillaPackResourcesBuilder/]: Assets URL 'union:/home/krzysztofkalisiak/.local/share/ModrinthApp/meta/libraries/net/minecraft/client/1.21.1-20240808.144430/client-1.21.1-20240808.144430-srg.jar%23214!/assets/.mcassetsroot' uses unexpected schema
[27Jul2026 17:11:11.640] [Render thread/WARN] [net.minecraft.server.packs.VanillaPackResourcesBuilder/]: Assets URL 'union:/home/krzysztofkalisiak/.local/share/ModrinthApp/meta/libraries/net/minecraft/client/1.21.1-20240808.144430/client-1.21.1-20240808.144430-srg.jar%23214!/data/.mcassetsroot' uses unexpected schema
[27Jul2026 17:11:11.653] [Render thread/INFO] [com.mojang.authlib.yggdrasil.YggdrasilAuthenticationService/]: Environment: Environment[sessionHost=https://sessionserver.mojang.com, servicesHost=https://api.minecraftservices.com, name=PROD]
[27Jul2026 17:11:11.657] [Render thread/INFO] [net.minecraft.client.Minecraft/]: Setting user: Eutio
[27Jul2026 17:11:11.668] [Render thread/INFO] [Photonics/]: Reloading config
[27Jul2026 17:11:11.684] [Render thread/INFO] [Photonics/]: Photonics light registry contains 127 light definitions for 98 blocks
[27Jul2026 17:11:11.721] [Render thread/INFO] [Iris/]: Queuing DH event binding...
[27Jul2026 17:11:11.780] [Render thread/INFO] [net.minecraft.client.Minecraft/]: Backend library: LWJGL version 3.3.3+5
[27Jul2026 17:11:12.165] [ForkJoinPool.commonPool-worker-9/WARN] [Iris/]: [Iris Update Check] This version doesn't have an update index, skipping.
[27Jul2026 17:11:13.224] [Render thread/INFO] [com.mojang.blaze3d.platform.Window/]: OpenGL Vendor: AMD
[27Jul2026 17:11:13.224] [Render thread/INFO] [com.mojang.blaze3d.platform.Window/]: OpenGL Renderer: AMD Radeon RX 7900 GRE (radeonsi, navi31, ACO, DRM 3.64, 7.0.0-28-generic)
[27Jul2026 17:11:13.224] [Render thread/INFO] [com.mojang.blaze3d.platform.Window/]: OpenGL Version: 4.6 (Core Profile) Mesa 26.1.2 - kisak-mesa PPA
[27Jul2026 17:11:13.245] [Render thread/INFO] [ImmediatelyFast/]: Initializing ImmediatelyFast 1.6.11+1.21.1 on AMD Radeon RX 7900 GRE (radeonsi, navi31, ACO, DRM 3.64, 7.0.0-28-generic) (AMD) with OpenGL 4.6 (Core Profile) Mesa 26.1.2 - kisak-mesa PPA
[27Jul2026 17:11:13.245] [Render thread/INFO] [ImmediatelyFast/]: Found Iris 1.8.14-beta.1+mc1.21.1. Enabling compatibility.
[27Jul2026 17:11:13.488] [Render thread/INFO] [Iris/]: Debug functionality is disabled.
[27Jul2026 17:11:13.489] [Render thread/INFO] [Iris/]: OpenGL 4.5 detected, enabling DSA.
[27Jul2026 17:11:13.620] [modloading-worker-0/INFO] [Veil/]: Veil is initializing.
[27Jul2026 17:11:13.621] [modloading-worker-0/INFO] [net.fabricmc.fabric.impl.client.indigo.Indigo/]: [Indigo] Different rendering plugin detected; not applying Indigo.
[27Jul2026 17:11:13.636] [modloading-worker-0/INFO] [net.neoforged.neoforge.common.NeoForgeMod/NEOFORGE-MOD]: NeoForge mod loading, version 21.1.235, for MC 1.21.1
[27Jul2026 17:11:13.675] [modloading-worker-0/INFO] [xaero.hud.minimap.MinimapLogs/]: No Optifine!
[27Jul2026 17:11:13.676] [modloading-worker-0/INFO] [xaero.hud.minimap.MinimapLogs/]: Xaero's Minimap: No Vivecraft!
[27Jul2026 17:11:13.676] [modloading-worker-0/INFO] [xaero.hud.minimap.MinimapLogs/]: Xaero's Minimap: Iris found!
[27Jul2026 17:11:13.684] [modloading-worker-0/INFO] [xaero.lib.XaeroLib/]: Registering common data for channel xaerolib:main!
[27Jul2026 17:11:13.796] [modloading-worker-0/INFO] [xaero.lib.XaeroLib/]: Registering client data for channel xaerolib:main!
[27Jul2026 17:11:13.806] [modloading-worker-0/INFO] [xaero.lib.XaeroLib/]: Loading primary common config for channel xaerolib:main!
[27Jul2026 17:11:13.807] [modloading-worker-0/INFO] [xaero.lib.XaeroLib/]: Loading server config profiles for channel xaerolib:main!
[27Jul2026 17:11:13.808] [modloading-worker-0/INFO] [xaero.lib.XaeroLib/]: Loading primary client config for channel xaerolib:main!
[27Jul2026 17:11:13.808] [modloading-worker-0/INFO] [xaero.lib.XaeroLib/]: Loading client config profiles for channel xaerolib:main!
[27Jul2026 17:11:13.809] [modloading-worker-0/INFO] [xaero.common.HudMod/]: Registering common data for channel xaerominimap:main!
[27Jul2026 17:11:13.812] [modloading-worker-0/INFO] [com.simibubi.create.Create/]: Create 6.0.10 initializing! Commit hash: ac0c444d9828da3453ae8cc65338e8de063286fb
[27Jul2026 17:11:13.845] [modloading-worker-0/INFO] [xaero.common.HudMod/]: Registering client data for channel xaerominimap:main!
[27Jul2026 17:11:13.859] [modloading-worker-0/INFO] [xaero.common.HudMod/]: Loading primary common config for channel xaerominimap:main!
[27Jul2026 17:11:13.860] [modloading-worker-0/INFO] [xaero.common.HudMod/]: Loading server config profiles for channel xaerominimap:main!
[27Jul2026 17:11:13.861] [modloading-worker-0/INFO] [xaero.common.HudMod/]: Loading primary client config for channel xaerominimap:main!
[27Jul2026 17:11:13.861] [modloading-worker-0/INFO] [xaero.common.HudMod/]: Loading client config profiles for channel xaerominimap:main!
[27Jul2026 17:11:14.580] [modloading-worker-0/INFO] [dev.ryanhcode.sable.Sable/]: Sable loaded!
[27Jul2026 17:11:14.600] [modloading-worker-0/WARN] [dev.ryanhcode.sable.Sable/]: NOTE: Sable is loaded with Flywheel. Sable contains extensive shader overrides and a full light-storage replacement. Expect this to cause compatibility issues. If issues arise, please report them to the Sable issue tracker (https://github.com/ryanhcode/sable/issues) instead of the Flywheel issue tracker.
[27Jul2026 17:11:15.355] [Render thread/INFO] [Veil/]: GL Debug supported
[27Jul2026 17:11:15.507] [Render thread/INFO] [Iris/]: Hardware information:
[27Jul2026 17:11:15.507] [Render thread/INFO] [Iris/]: CPU: 16x AMD Ryzen 7 7700 8-Core Processor
[27Jul2026 17:11:15.507] [Render thread/INFO] [Iris/]: GPU: AMD Radeon RX 7900 GRE (radeonsi, navi31, ACO, DRM 3.64, 7.0.0-28-generic) (Supports OpenGL 4.6 (Core Profile) Mesa 26.1.2 - kisak-mesa PPA)
[27Jul2026 17:11:15.507] [Render thread/INFO] [Iris/]: OS: Linux (7.0.0-28-generic)
[27Jul2026 17:11:15.862] [Render thread/INFO] [net.minecraft.server.packs.resources.ReloadableResourceManager/]: Reloading ResourceManager: vanilla, fabric, mod_resources, mod/sodium, mod/fabric_transfer_api_v1, mod/fabric_renderer_api_v1, mod/fabric_item_api_v1, mod/fabric_model_loading_api_v1, mod/fabric_rendering_fluids_v1, mod/lithium, mod/aeronautics, mod/xaerolib, mod/aeronautics_bundled, mod/fabric_screen_handler_api_v1, mod/fabric_resource_loader_v0, mod/trender, mod/fabric_rendering_v1, mod/fabric_renderer_indigo, mod/fabric_convention_tags_v1, mod/neoforge, mod/photonics, mod/fabric_block_view_api_v2, mod/fabric_command_api_v2, mod/fabric_convention_tags_v2, mod/fabric_data_attachment_api_v1, mod/iris, mod/veil, mod/simulated, mod/simurail, mod/distanthorizons, mod/fabric_screen_api_v1, mod/fabric_particles_v1, mod/connector, mod/fabric_api,forgified_fabric_api, mod/fabric_content_registries_v0, mod/fabric_transitive_access_wideners_v1, mod/offroad, mod/irisveil, mod/fabric_game_rule_api_v1, mod/fabric_api_base, mod/fabric_api_lookup_api_v1, mod/fabric_blockrenderlayer_v1, mod/fabric_block_api_v1, mod/fabric_resource_conditions_api_v1, mod/sablecompanion, mod/flywheel, mod/ponder, mod/create, mod/sable, mod/contraptionlights, mod/xaerominimap, mod/fabric_item_group_api_v1, mod/fabric_gametest_api_v1, mod/entityculling, mod/fabric_biome_api_v1, mod/fabric_entity_events_v1, mod/fabric_registry_sync_v0, mod/immediatelyfast, mod/lambdynlights_api, mod/fabric_recipe_api_v1, mod/ferritecore, mod/fabric_object_builder_api_v1, mod/fabric_loot_api_v2, mod/fabric_loot_api_v3, mod/transition, mod/fabric_rendering_data_attachment_v1, mod/searchlights, mod/fabric_networking_api_v1, mod/fabric_sound_api_v1, mod/fabric_message_api_v1, mod/fabric_lifecycle_events_v1, mod/fabric_tag_api_v1, mod/fabric_data_generation_api_v1, mod/fabric_events_interaction_v0, mod/fabric_key_binding_api_v1, mod/fabric_client_tags_api_v1, file/Create-LabPBR-v12.zip
[27Jul2026 17:11:15.874] [Worker-Main-5/INFO] [xaero.lib.XaeroLib/]: Loading XaeroLib common 1/2!
[27Jul2026 17:11:15.874] [Worker-Main-9/INFO] [me.yurtema.searchlights.Searchlights/]: HELLO FROM COMMON SETUP
[27Jul2026 17:11:15.889] [NeoForge Version Check/INFO] [net.neoforged.fml.VersionChecker/]: [create] Starting version check at https://api.modrinth.com/updates/create/forge_updates.json?neoforge=only
[27Jul2026 17:11:15.924] [Worker-Main-6/INFO] [net.minecraft.client.gui.font.providers.UnihexProvider/]: Found unifont_all_no_pua-15.1.05.hex, loading
[27Jul2026 17:11:16.049] [Worker-Main-10/INFO] [net.minecraft.client.gui.font.providers.UnihexProvider/]: Found unifont_jp_patch-15.1.05.hex, loading
[27Jul2026 17:11:16.083] [Worker-Main-1/INFO] [xaero.lib.XaeroLib/]: Loading XaeroLib client 1/2!
[27Jul2026 17:11:16.085] [Worker-Main-7/ERROR] [net.minecraft.client.resources.model.ModelManager/]: Failed to load model createdeco:models/block/catwalk_top-x.json
com.google.gson.JsonParseException: Unknown facing: cullface
	at TRANSFORMER/minecraft@1.21.1/net.minecraft.client.renderer.block.model.BlockElement$Deserializer.getFacing(BlockElement.java:155) ~[client-1.21.1-20240808.144430-srg.jar%23214!/:?]
	at TRANSFORMER/minecraft@1.21.1/net.minecraft.client.renderer.block.model.BlockElement$Deserializer.filterNullFromFaces(BlockElement.java:145) ~[client-1.21.1-20240808.144430-srg.jar%23214!/:?]
	at TRANSFORMER/minecraft@1.21.1/net.minecraft.client.renderer.block.model.BlockElement$Deserializer.getFaces(BlockElement.java:132) ~[client-1.21.1-20240808.144430-srg.jar%23214!/:?]
	at TRANSFORMER/minecraft@1.21.1/net.minecraft.client.renderer.block.model.BlockElement$Deserializer.deserialize(BlockElement.java:85) ~[client-1.21.1-20240808.144430-srg.jar%23214!/:?]
	at TRANSFORMER/minecraft@1.21.1/net.minecraft.client.renderer.block.model.BlockElement$Deserializer.deserialize(BlockElement.java:76) ~[client-1.21.1-20240808.144430-srg.jar%23214!/:?]
	at MC-BOOTSTRAP/com.google.gson@2.10.1/com.google.gson.internal.bind.TreeTypeAdapter.read(TreeTypeAdapter.java:76) ~[gson-2.10.1.jar%23191!/:?]
	at MC-BOOTSTRAP/com.google.gson@2.10.1/com.google.gson.Gson.fromJson(Gson.java:1227) ~[gson-2.10.1.jar%23191!/:?]
	at MC-BOOTSTRAP/com.google.gson@2.10.1/com.google.gson.Gson.fromJson(Gson.java:1329) ~[gson-2.10.1.jar%23191!/:?]
	at MC-BOOTSTRAP/com.google.gson@2.10.1/com.google.gson.Gson.fromJson(Gson.java:1300) ~[gson-2.10.1.jar%23191!/:?]
	at MC-BOOTSTRAP/com.google.gson@2.10.1/com.google.gson.internal.bind.TreeTypeAdapter$GsonContextImpl.deserialize(TreeTypeAdapter.java:179) ~[gson-2.10.1.jar%23191!/:?]
	at TRANSFORMER/minecraft@1.21.1/net.minecraft.client.renderer.block.model.BlockModel$Deserializer.getElements(BlockModel.java:409) ~[client-1.21.1-20240808.144430-srg.jar%23214!/:?]
	at TRANSFORMER/minecraft@1.21.1/net.minecraft.client.renderer.block.model.BlockModel$Deserializer.deserialize(BlockModel.java:338) ~[client-1.21.1-20240808.144430-srg.jar%23214!/:?]
	at TRANSFORMER/neoforge@21.1.235/net.neoforged.neoforge.client.model.ExtendedBlockModelDeserializer.deserialize(ExtendedBlockModelDeserializer.java:51) ~[neoforge-21.1.235-universal.jar%23215!/:?]
	at TRANSFORMER/neoforge@21.1.235/net.neoforged.neoforge.client.model.ExtendedBlockModelDeserializer.deserialize(ExtendedBlockModelDeserializer.java:37) ~[neoforge-21.1.235-universal.jar%23215!/:?]
	at MC-BOOTSTRAP/com.google.gson@2.10.1/com.google.gson.internal.bind.TreeTypeAdapter.read(TreeTypeAdapter.java:76) ~[gson-2.10.1.jar%23191!/:?]
	at TRANSFORMER/minecraft@1.21.1/net.minecraft.util.GsonHelper.fromNullableJson(GsonHelper.java:525) ~[client-1.21.1-20240808.144430-srg.jar%23214!/:?]
	at TRANSFORMER/minecraft@1.21.1/net.minecraft.util.GsonHelper.fromJson(GsonHelper.java:532) ~[client-1.21.1-20240808.144430-srg.jar%23214!/:?]
	at TRANSFORMER/minecraft@1.21.1/net.minecraft.util.GsonHelper.fromJson(GsonHelper.java:582) ~[client-1.21.1-20240808.144430-srg.jar%23214!/:?]
	at TRANSFORMER/minecraft@1.21.1/net.minecraft.client.renderer.block.model.BlockModel.fromStream(BlockModel.java:83) ~[client-1.21.1-20240808.144430-srg.jar%23214!/:?]
	at TRANSFORMER/minecraft@1.21.1/net.minecraft.client.resources.model.ModelManager.lambda$loadBlockModels$8(ModelManager.java:144) ~[client-1.21.1-20240808.144430-srg.jar%23214!/:?]
	at java.base/java.util.concurrent.CompletableFuture$AsyncSupply.run(Unknown Source) [?:?]
	at java.base/java.util.concurrent.CompletableFuture$AsyncSupply.exec(Unknown Source) [?:?]
	at java.base/java.util.concurrent.ForkJoinTask.doExec(Unknown Source) [?:?]
	at java.base/java.util.concurrent.ForkJoinPool$WorkQueue.topLevelExec(Unknown Source) [?:?]
	at java.base/java.util.concurrent.ForkJoinPool.scan(Unknown Source) [?:?]
	at java.base/java.util.concurrent.ForkJoinPool.runWorker(Unknown Source) [?:?]
	at java.base/java.util.concurrent.ForkJoinWorkerThread.run(Unknown Source) [?:?]
[27Jul2026 17:11:16.145] [Worker-Main-10/INFO] [DistantHorizons-DistantHorizons-com.seibel.distanthorizons.common.AbstractModInitializer_neoforge/]: Initializing Distant Horizons client, firing DhApiBeforeDhInitEvent...
[27Jul2026 17:11:16.147] [Worker-Main-11/INFO] [top.leonx.irisveil.IrisVeilCompat/]: HELLO FROM CLIENT SETUP
[27Jul2026 17:11:16.147] [Worker-Main-11/INFO] [top.leonx.irisveil.IrisVeilCompat/]: MINECRAFT NAME >> Eutio
[27Jul2026 17:11:16.147] [Worker-Main-11/INFO] [xaero.minimap.XaeroMinimap/]: Loading Xaero's Minimap - Stage 1/2
[27Jul2026 17:11:16.160] [Worker-Main-7/INFO] [me.yurtema.searchlights.Searchlights/]: HELLO FROM CLIENT SETUP
[27Jul2026 17:11:16.160] [Worker-Main-7/INFO] [me.yurtema.searchlights.Searchlights/]: MINECRAFT NAME >> Eutio
[27Jul2026 17:11:16.161] [Worker-Main-10/INFO] [DistantHorizons-DistantHorizons-com.seibel.distanthorizons.core.Initializer/]: Running library validation...
[27Jul2026 17:11:16.286] [NeoForge Version Check/INFO] [net.neoforged.fml.VersionChecker/]: [create] Found status: OUTDATED Current: 6.0.10 Target: 6.0.10+mc1.21.1
[27Jul2026 17:11:16.369] [Worker-Main-10/INFO] [DistantHorizons-DistantHorizons-com.seibel.distanthorizons.common.AbstractModInitializer_neoforge/]: Distant Horizons, Version: 3.2.0-b
[27Jul2026 17:11:16.395] [Worker-Main-10/INFO] [DistantHorizons-DistantHorizons-com.seibel.distanthorizons.common.AbstractModInitializer_neoforge/]: Skipping mod compatibility accessor for: [optifine]
[27Jul2026 17:11:16.397] [Worker-Main-10/INFO] [DistantHorizons-DistantHorizons-com.seibel.distanthorizons.common.AbstractModInitializer_neoforge/]: Skipping mod compatibility accessor for: [c2me]
[27Jul2026 17:11:16.398] [Worker-Main-10/INFO] [DistantHorizons-DistantHorizons-com.seibel.distanthorizons.common.AbstractModInitializer_neoforge/]: Skipping mod compatibility accessor for: [immersive_portals]
[27Jul2026 17:11:16.398] [Worker-Main-10/INFO] [DistantHorizons-DistantHorizons-com.seibel.distanthorizons.core.dependencyInjection.ModAccessorInjector/]: Registered mod compatibility accessor for: [iris].
[27Jul2026 17:11:16.430] [Worker-Main-10/INFO] [DistantHorizons-DistantHorizons-com.seibel.distanthorizons.core.config.ConfigHandler/]: Initialising config for [DistantHorizons]
[27Jul2026 17:11:16.492] [Worker-Main-10/INFO] [DistantHorizons-DistantHorizons-com.seibel.distanthorizons.core.config.ConfigHandler/]: [DistantHorizons] Config initialised
[27Jul2026 17:11:16.500] [Worker-Main-10/INFO] [DistantHorizons-DistantHorizons-com.seibel.distanthorizons.core.config.eventHandlers.IgnoredDimensionCsvHandler/]: Dimension ignoring disabled, DH will render all dimensions.
[27Jul2026 17:11:16.500] [Worker-Main-10/INFO] [com.seibel.distanthorizons.core.logging.DhLogger/]: Applying config to loggers
[27Jul2026 17:11:16.501] [Worker-Main-10/INFO] [DistantHorizons-DistantHorizons-com.seibel.distanthorizons.core.Initializer/]: Garbage collectors: [G1 Young Generation, G1 Concurrent GC, G1 Old Generation]
[27Jul2026 17:11:16.501] [Worker-Main-10/WARN] [DistantHorizons-DistantHorizons-com.seibel.distanthorizons.core.Initializer/]: Distant Horizons: G1 Garbage collector detected.
This can cause FPS stuttering. 
It's recommended to use a concurrent garbage collector 
like ZGC (Java 21+) or Shenandoah (Java 8 through 17) 
for a smoother experience. 
This warning can be disabled in the DH config.
[27Jul2026 17:11:16.504] [Worker-Main-10/INFO] [DistantHorizons-DistantHorizons-com.seibel.distanthorizons.core.Initializer/]: Explicit Garbage Collection: [Enabled]
[27Jul2026 17:11:16.504] [Worker-Main-10/INFO] [DistantHorizons-DistantHorizons-com.seibel.distanthorizons.common.AbstractModInitializer_neoforge/]: Distant Horizons client Initialized.
[27Jul2026 17:11:16.505] [Worker-Main-10/INFO] [DistantHorizons-DistantHorizons-com.seibel.distanthorizons.common.AbstractModInitializer_neoforge/]: Running Delayed setup...
[27Jul2026 17:11:16.505] [Worker-Main-10/INFO] [DistantHorizons-DistantHorizons-com.seibel.distanthorizons.common.AbstractModInitializer_neoforge/]: Delayed setup complete, firing DhApiAfterDhInitEvent event...
[27Jul2026 17:11:16.505] [Worker-Main-10/INFO] [Iris/]: DH Ready, binding Iris event handlers...
[27Jul2026 17:11:16.507] [Worker-Main-10/INFO] [Iris/]: DH Iris events bound.
[27Jul2026 17:11:16.508] [DH-PostClientInit Thread/INFO] [DistantHorizons-DistantHorizons-com.seibel.distanthorizons.common.wrappers.DependencySetup_neoforge/]: Setting DH Rendering API to: [OPEN_GL]...
[27Jul2026 17:11:16.513] [DH-PostClientInit Thread/INFO] [DistantHorizons-DistantHorizons-com.seibel.distanthorizons.common.wrappers.DependencySetup_neoforge/]: DH Rendering successfully bound to: [OpenGL]...
[27Jul2026 17:11:16.573] [Render thread/INFO] [Photonics/]: Photonics ReSTIR GI v70: forcing PHOTONICS_RESTIR_COMBINED_GI on for the geometry-guided spatial-reuse test (configured=true)
[27Jul2026 17:11:16.574] [Render thread/INFO] [Photonics/]: Photonics performance overrides: renderScale=shader-pack, giRenderScale=0.5, temporalUpscaler=true, temporalUpscalerSourceScale=0.5, temporalUpscalerHistoryFrames=8, restirInitialSamples=shader-pack, restirDenoiserPasses=shader-pack, restirGiDenoiserPasses=shader-pack (shader-pack means no JVM override)
[27Jul2026 17:11:16.603] [Render thread/INFO] [Photonics/]: Photonics shader source: path=/photonics/deprecated/shader_interface.glsl origin=photonics-jar sha256=93300432f0cdcc7deefcd48e7eb4e61cd39459ec11278295e0e35466d1be92be
[27Jul2026 17:11:16.604] [Render thread/INFO] [Photonics/]: Photonics shader source: path=/photonics/interface/lighting_interface.glsl origin=photonics-jar sha256=369f58efdb006e3118ca3b2f92c5cb30cb6b402a6981f198074c3bb5bc004fee
[27Jul2026 17:11:16.604] [Render thread/INFO] [Photonics/]: Photonics shader source: path=/photonics/interface/world_interface.glsl origin=photonics-jar sha256=383fd0358eaf35d5f7e63470e3dff4ffc7444863bb69b54a79bd01267af4d244
[27Jul2026 17:11:16.604] [Render thread/INFO] [Photonics/]: Photonics shader source: path=/photonics/internal/impl/attenuation.glsl origin=photonics-jar sha256=d2c579186e190cd1afda8995963df044637e497a18478d3faca5d8cbd3b61a26
[27Jul2026 17:11:16.604] [Render thread/INFO] [Photonics/]: Photonics shader source: path=/photonics/internal/impl/is_hand.glsl origin=photonics-jar sha256=d682523dc96fe15e30e1d44b7c59acf669883e2fd9aaf6e93b73b07074341c96
[27Jul2026 17:11:16.604] [Render thread/INFO] [Photonics/]: Photonics shader source: path=/photonics/internal/tracing/common.glsl origin=photonics-jar sha256=99a7822010d4e4878da41305ac8b95c042e24e335ed4184e4364a46c0807d560
[27Jul2026 17:11:16.605] [Render thread/INFO] [Photonics/]: Photonics shader source: path=/photonics/internal/tracing/iterator.glsl origin=photonics-jar sha256=2c81a5d462c8f6b2298c1fb3c0f8235707b4d9d9f21563de788c9293b9e2e9ae
[27Jul2026 17:11:16.605] [Render thread/INFO] [Photonics/]: Photonics shader source: path=/photonics/internal/tracing/simple.glsl origin=photonics-jar sha256=e0a430fdf77faf41ea4d4277dc02378ad339ab71f5e67b496746f4a216d27d97
[27Jul2026 17:11:16.605] [Render thread/INFO] [Photonics/]: Photonics shader source: path=/photonics/internal/tracing/types.glsl origin=photonics-jar sha256=f1203001a527d11cecf8b825d7ca5d184b64b6a5f25a84c5c96764dd53f5ba1a
[27Jul2026 17:11:16.605] [Render thread/INFO] [Photonics/]: Photonics shader source: path=/photonics/light.glsl origin=photonics-jar sha256=263d657a4e3418661df4ad0101e5f98519078cad6f1079c6bf01ad240d7986e4
[27Jul2026 17:11:16.605] [Render thread/INFO] [Photonics/]: Photonics shader source: path=/photonics/light_list.glsl origin=photonics-jar sha256=1ad3ae17e86bf25b743ad655cb298c5325a071257d83255829dcec98b23f2e60
[27Jul2026 17:11:16.605] [Render thread/INFO] [Photonics/]: Photonics shader source: path=/photonics/modifiers/attenuation_modifier.glsl origin=photonics-jar sha256=d842468d67ecb27a1778c6f6edd07051aea88f8604391e10481498bb9dbc23b4
[27Jul2026 17:11:16.605] [Render thread/INFO] [Photonics/]: Photonics shader source: path=/photonics/modifiers/handheld_light_pulse_modifier.glsl origin=photonics-jar sha256=2af6c839c63a2f3f6d783338518319cbb0212a7423889e1382b92a5a17b2af32
[27Jul2026 17:11:16.606] [Render thread/INFO] [Photonics/]: Photonics shader source: path=/photonics/modifiers/indirect_surface_sample_modifier.glsl origin=photonics-jar sha256=1ab8bbb999b41875b58b3a4a5b16046b779686dac16d3c6bc86d99c820b85f7f
[27Jul2026 17:11:16.606] [Render thread/INFO] [Photonics/]: Photonics shader source: path=/photonics/modifiers/is_hand_modifier.glsl origin=shader-pack sha256=d43b622fb771dfcb68d6980026dde741e4e47eb7d43847eea2632dcd5c1401dd
[27Jul2026 17:11:16.606] [Render thread/INFO] [Photonics/]: Photonics shader source: path=/photonics/modifiers/light_modifier.glsl origin=shader-pack sha256=3e287296dea097eb9baf73693316dde656eaeedead165120ed6c334e5cc4597f
[27Jul2026 17:11:16.606] [Render thread/INFO] [Photonics/]: Photonics shader source: path=/photonics/modifiers/restir_denoiser_depth_fetch_modifier.glsl origin=photonics-jar sha256=ced59a4690918514cbe2a90ee4d67782487c5c0b397b85d86a174eec4032a5e6
[27Jul2026 17:11:16.606] [Render thread/INFO] [Photonics/]: Photonics shader source: path=/photonics/modifiers/restir_gi_modifier.glsl origin=shader-pack sha256=87a3104b173d03c00f97a84f46e5f3e768ae3496334a812d4b07b791620bf699
[27Jul2026 17:11:16.606] [Render thread/INFO] [Photonics/]: Photonics shader source: path=/photonics/modifiers/voxel_color_modifier.glsl origin=photonics-jar sha256=637762f7d52cc5eb3b56f9ad97852ebe01d7ad2fd0f567649118bf7c107ea641
[27Jul2026 17:11:16.606] [Render thread/INFO] [Photonics/]: Photonics shader source: path=/photonics/palette.glsl origin=photonics-jar sha256=ea2f8a1e0c149264f9eab46894496fbf944541d725d17cafea8038cc99e576a1
[27Jul2026 17:11:16.606] [Render thread/INFO] [Photonics/]: Photonics shader source: path=/photonics/ph_samplers.glsl origin=photonics-jar sha256=53de8be5a43bd9f139ffe41200dfb0fa4e08fd115a9e1a7f9f4ba1dc526b21d7
[27Jul2026 17:11:16.606] [Render thread/INFO] [Photonics/]: Photonics shader source: path=/photonics/photonics.glsl origin=photonics-jar sha256=e3b0c44298fc1c149afbf4c8996fb92427ae41e4649b934ca495991b7852b855
[27Jul2026 17:11:16.606] [Render thread/INFO] [Photonics/]: Photonics shader source: path=/photonics/rendering/basic/samplers.glsl origin=photonics-jar sha256=b57bac1421126f9a2f25ad65a9e51bcb5c446e0c21181fe47d0cf65af0aa60eb
[27Jul2026 17:11:16.606] [Render thread/INFO] [Photonics/]: Photonics shader source: path=/photonics/rendering/common.glsl origin=photonics-jar sha256=6bfbb0a25982e39df1fe79a01a1c744951e33e2b23a1936d5e71b34523a1245b
[27Jul2026 17:11:16.606] [Render thread/INFO] [Photonics/]: Photonics shader source: path=/photonics/rendering/frag/common.glsl origin=photonics-jar sha256=e451f2e85e30d6df42e4df415695311ee850aa46839cf1b9617a99011ea1f82e
[27Jul2026 17:11:16.607] [Render thread/INFO] [Photonics/]: Photonics shader source: path=/photonics/rendering/frag/f0_load_frag.fsh origin=photonics-jar sha256=53eb898428817d4183fa0a16b4254d13cd98af1cfe828105af1b7a4581a21117
[27Jul2026 17:11:16.607] [Render thread/INFO] [Photonics/]: Photonics shader source: path=/photonics/rendering/frag/f0_load_frag_gi.fsh origin=photonics-jar sha256=5cd4bceab7150e2fce2afb6898297d1fe40b16fe71975f2969a0135b1a6cfc1f
[27Jul2026 17:11:16.607] [Render thread/INFO] [Photonics/]: Photonics shader source: path=/photonics/rendering/frag/f0_load_frag_impl.glsl origin=photonics-jar sha256=ca55dd3da0e2fd1982489553ee96e4bf485e11cae676390c43859fe42e7e8d27
[27Jul2026 17:11:16.607] [Render thread/INFO] [Photonics/]: Photonics shader source: path=/photonics/rendering/frag/frag_data.glsl origin=photonics-jar sha256=563ed65bdbf741b0a065439a24a9d77f85b4b5f6ad1354358b886fb62d347c86
[27Jul2026 17:11:16.607] [Render thread/INFO] [Photonics/]: Photonics shader source: path=/photonics/rendering/frag/frag_motion.glsl origin=photonics-jar sha256=848babfce8f59024e905ace4b5c4916e265232444d2a91dd332a77d9ad4bf8b9
[27Jul2026 17:11:16.607] [Render thread/INFO] [Photonics/]: Photonics shader source: path=/photonics/rendering/frag/sable_motion.glsl origin=photonics-jar sha256=1bb1bbf05710c5296b3abfd10405e9d9711a00ef4fdd1a5635c053cdcfe5abec
[27Jul2026 17:11:16.608] [Render thread/INFO] [Photonics/]: Photonics shader source: path=/photonics/rendering/frag/world_interface.glsl origin=photonics-jar sha256=d938d13ebcfd69fa87e86b1426c227f0b484c50d1b9d90347da65970120a6b30
[27Jul2026 17:11:16.608] [Render thread/INFO] [Photonics/]: Photonics shader source: path=/photonics/rendering/handheld_lighting.glsl origin=photonics-jar sha256=c6f7256167fa81e9fed25139cfa86e97c86b6be0d6cce776751ea7a562e4a454
[27Jul2026 17:11:16.608] [Render thread/INFO] [Photonics/]: Photonics shader source: path=/photonics/rendering/indirect_lighting.glsl origin=photonics-jar sha256=c1c373bb654ae02f58196d4c9bc0ae7a4baaecab4d33577808a6c792c68465cd
[27Jul2026 17:11:16.608] [Render thread/INFO] [Photonics/]: Photonics shader source: path=/photonics/rendering/off/samplers.glsl origin=photonics-jar sha256=b57bac1421126f9a2f25ad65a9e51bcb5c446e0c21181fe47d0cf65af0aa60eb
[27Jul2026 17:11:16.608] [Render thread/INFO] [Photonics/]: Photonics shader source: path=/photonics/rendering/restir/direct/reservoir.glsl origin=photonics-jar sha256=c7d0854c8730fbc0b94cdca3f0ac42acc28a4df005d1314707de850d8d81a472
[27Jul2026 17:11:16.609] [Render thread/INFO] [Photonics/]: Photonics shader source: path=/photonics/rendering/restir/direct/sample.glsl origin=photonics-jar sha256=eecb22e5c956d7c91702ccd62d41850161bb3fc761cd2de6809675fe3227fc81
[27Jul2026 17:11:16.609] [Render thread/INFO] [Photonics/]: Photonics shader source: path=/photonics/rendering/restir/indirect/reservoir.glsl origin=photonics-jar sha256=c5a2b2cf64c5deb3a93bff8ab844c0fc4882d8dad81ca2c167091fff296bd154
[27Jul2026 17:11:16.609] [Render thread/INFO] [Photonics/]: Photonics shader source: path=/photonics/rendering/restir/indirect/sample.glsl origin=photonics-jar sha256=13ca5baa3e7c7eb95f19f39921be1ab24c8bd4ae8ee06d330f6e89e86547d644
[27Jul2026 17:11:16.609] [Render thread/INFO] [Photonics/]: Photonics shader source: path=/photonics/rendering/restir/pass_mode.glsl origin=photonics-jar sha256=806142f66ae64552d2ea612cce531b641a98f3c9f398e26861e7c1f9ab7da058
[27Jul2026 17:11:16.609] [Render thread/INFO] [Photonics/]: Photonics shader source: path=/photonics/rendering/restir/passes/r10_handheld.fsh origin=photonics-jar sha256=a48b6b2660090c3655f1a8e4711c85ceb9482d2222987c96d8ef38ccc9076174
[27Jul2026 17:11:16.609] [Render thread/INFO] [Photonics/]: Photonics shader source: path=/photonics/rendering/restir/passes/r10_local_direct.fsh origin=photonics-jar sha256=18add28b6ed5b16050078e504c7c53dba48fc59bfdd7a9912ebaa8f4c2dd3ce8
[27Jul2026 17:11:16.610] [Render thread/INFO] [Photonics/]: Photonics shader source: path=/photonics/rendering/restir/passes/r1_initial_direct.fsh origin=photonics-jar sha256=be6520e78b3b22176b061f4b4d27da0c85ddfa75ed6ed5180f719c25c29490e7
[27Jul2026 17:11:16.610] [Render thread/INFO] [Photonics/]: Photonics shader source: path=/photonics/rendering/restir/passes/r2_validate_initial_direct.fsh origin=photonics-jar sha256=6e0109ef63bee44881333d887ac70ad5296af79316ebea7e1ac4148c4d3785ac
[27Jul2026 17:11:16.610] [Render thread/INFO] [Photonics/]: Photonics shader source: path=/photonics/rendering/restir/passes/r3_initial_indirect.fsh origin=photonics-jar sha256=291e899ba16d207cabbb572ab3b559cd5d8fb1c6b1794636e3efa09f8d5d36ab
[27Jul2026 17:11:16.610] [Render thread/INFO] [Photonics/]: Photonics shader source: path=/photonics/rendering/restir/passes/r4_temporal_reuse.fsh origin=photonics-jar sha256=953a304c06af2f9eb8ae18b54e55e41f066ff17d0a0832160ff447ca925f7ab5
[27Jul2026 17:11:16.610] [Render thread/INFO] [Photonics/]: Photonics shader source: path=/photonics/rendering/restir/passes/r4_temporal_reuse_gi.fsh origin=photonics-jar sha256=d7e540ca620e03d6f79b503b2a8fd4293e782fb7e9279d371fa550c3728b7e12
[27Jul2026 17:11:16.610] [Render thread/INFO] [Photonics/]: Photonics shader source: path=/photonics/rendering/restir/passes/r4_temporal_reuse_impl.glsl origin=photonics-jar sha256=f2371b26efcfa9ea9d57ea57ae960377ca3ef9d8695badd104393d96318638e6
[27Jul2026 17:11:16.610] [Render thread/INFO] [Photonics/]: Photonics shader source: path=/photonics/rendering/restir/passes/r5_copy_spatial_input.fsh origin=photonics-jar sha256=55b8910bceb6c284819123f63cc86db5d9d4a856f284bd4d7e89b096632dd922
[27Jul2026 17:11:16.610] [Render thread/INFO] [Photonics/]: Photonics shader source: path=/photonics/rendering/restir/passes/r5_copy_spatial_input_gi.fsh origin=photonics-jar sha256=9abc6b26dc4bd852581c517daf16ee12a86ef39616d95d588f9e460da2437f23
[27Jul2026 17:11:16.610] [Render thread/INFO] [Photonics/]: Photonics shader source: path=/photonics/rendering/restir/passes/r5_copy_spatial_input_impl.glsl origin=photonics-jar sha256=921a66a1c5046c24fdb758fea3c059b19c3127953f93bf2db72005cf84b3e644
[27Jul2026 17:11:16.611] [Render thread/INFO] [Photonics/]: Photonics shader source: path=/photonics/rendering/restir/passes/r5_spatial_reuse.fsh origin=photonics-jar sha256=ce2874543c5e2554773b95b128c378c5700c9eb98ecf5125dc7467af99cc9dfe
[27Jul2026 17:11:16.611] [Render thread/INFO] [Photonics/]: Photonics shader source: path=/photonics/rendering/restir/passes/r5_spatial_reuse_gi.fsh origin=photonics-jar sha256=de82997ac299dc6570a29f3729b815c7169f7d31543c16f73a86aa94f4530554
[27Jul2026 17:11:16.611] [Render thread/INFO] [Photonics/]: Photonics shader source: path=/photonics/rendering/restir/passes/r5_spatial_reuse_impl.glsl origin=photonics-jar sha256=10be3a39edf814cfd1ebd8613a3421e4268bc6b343370ad83ffd2e184c3f73f2
[27Jul2026 17:11:16.611] [Render thread/INFO] [Photonics/]: Photonics shader source: path=/photonics/rendering/restir/passes/r6_diffuse.fsh origin=photonics-jar sha256=84ef737ef80426bdf6ebdba88d7571f84dae211071877751265d75655a9588eb
[27Jul2026 17:11:16.611] [Render thread/INFO] [Photonics/]: Photonics shader source: path=/photonics/rendering/restir/passes/r6_diffuse_gi.fsh origin=photonics-jar sha256=8715cb252acf78fdd30fd8c2a36d2fda23b7f316201fff17dcd0a28fe5e2e29c
[27Jul2026 17:11:16.611] [Render thread/INFO] [Photonics/]: Photonics shader source: path=/photonics/rendering/restir/passes/r6_diffuse_impl.glsl origin=photonics-jar sha256=fbfff2a97465f5190dc4f9ead9a970779924c1f1fe68ac7cf0b3f8666aa9e178
[27Jul2026 17:11:16.611] [Render thread/INFO] [Photonics/]: Photonics shader source: path=/photonics/rendering/restir/passes/r6_validate_indirect.fsh origin=photonics-jar sha256=c02197329c4bde376ef4798f98ef6f4c908c7f6279eccb3cc6113db6423bc4cc
[27Jul2026 17:11:16.612] [Render thread/INFO] [Photonics/]: Photonics shader source: path=/photonics/rendering/restir/passes/r7_accumulation.fsh origin=photonics-jar sha256=829eb9a369da3312794701e21721225c841f471b3d2dc5b02b08892d5d589dea
[27Jul2026 17:11:16.612] [Render thread/INFO] [Photonics/]: Photonics shader source: path=/photonics/rendering/restir/passes/r7_accumulation_gi.fsh origin=photonics-jar sha256=07c02f2269f455b2031db1d21104e70701fb6198b640963c3ddfd4135c68bc17
[27Jul2026 17:11:16.612] [Render thread/INFO] [Photonics/]: Photonics shader source: path=/photonics/rendering/restir/passes/r7_accumulation_impl.glsl origin=photonics-jar sha256=61b9185679078298fd300e5d05a8fdabb438ab04febc45934eedf898cf953aeb
[27Jul2026 17:11:16.612] [Render thread/INFO] [Photonics/]: Photonics shader source: path=/photonics/rendering/restir/passes/r8_variance_prefilter.fsh origin=photonics-jar sha256=a23450915a8eb9f2c673120c874adc1db5c887ab1b30105967421f212d5fab87
[27Jul2026 17:11:16.612] [Render thread/INFO] [Photonics/]: Photonics shader source: path=/photonics/rendering/restir/passes/r8_variance_prefilter_gi.fsh origin=photonics-jar sha256=0e9e808e725074e89f7c61f5941da208ef0676ddf85c069f206fd7a4d1407c7d
[27Jul2026 17:11:16.612] [Render thread/INFO] [Photonics/]: Photonics shader source: path=/photonics/rendering/restir/passes/r8_variance_prefilter_impl.glsl origin=photonics-jar sha256=0a7b3140ad6f8c2cbf71682661adf67c3ee2c3349ae77e0c675c3df7d4bc289e
[27Jul2026 17:11:16.612] [Render thread/INFO] [Photonics/]: Photonics shader source: path=/photonics/rendering/restir/passes/r9_denoising.fsh origin=photonics-jar sha256=87fab9d2945f19c3df7aaf4135ba6d823860a574375507bad9df4df9abf3cf0e
[27Jul2026 17:11:16.612] [Render thread/INFO] [Photonics/]: Photonics shader source: path=/photonics/rendering/restir/passes/r9_denoising_gi.fsh origin=photonics-jar sha256=a0f2fdc4023f5438c7e9063c84faf06fd5864c162991aec74a399d4f464aa03d
[27Jul2026 17:11:16.613] [Render thread/INFO] [Photonics/]: Photonics shader source: path=/photonics/rendering/restir/passes/r9_denoising_impl.glsl origin=photonics-jar sha256=ae6e25d04e434214e211a353b7ce23816781b74b0e694e8a33fce4062f62b88a
[27Jul2026 17:11:16.614] [Render thread/INFO] [Photonics/]: Photonics shader source: path=/photonics/rendering/restir/restir.glsl origin=photonics-jar sha256=d804c8f9484061ced9b07094fc099026e6756f48b44a5b5ddb6c8157b3e32608
[27Jul2026 17:11:16.615] [Render thread/INFO] [Photonics/]: Photonics shader source: path=/photonics/rendering/restir/samplers.glsl origin=photonics-jar sha256=153d4d299ef7066d5b9d7fdd3d79b3648fc4b9f61737d72d60d7578c7e228fbc
[27Jul2026 17:11:16.616] [Render thread/INFO] [Photonics/]: Photonics shader source: path=/photonics/rendering/restir/svgf.glsl origin=photonics-jar sha256=75c934c9a7ee1537bf1484e8d67e3b2414463f54a6558a09e5f22bf0af2ebb59
[27Jul2026 17:11:16.616] [Render thread/INFO] [Photonics/]: Photonics shader source: path=/photonics/rendering/screen.vsh origin=photonics-jar sha256=c2f0d4dc00aaff16fa5ea3158d60259b1e309fdd94d9b0ee7917cf40ef86ae4e
[27Jul2026 17:11:16.616] [Render thread/INFO] [Photonics/]: Photonics shader source: path=/photonics/rendering/temporal_upscaler/reconstruct.fsh origin=photonics-jar sha256=c2278f6c632bf56a1eb9f863711c6fe33916a646e577623de4d2929a6f47ef28
[27Jul2026 17:11:16.617] [Render thread/INFO] [Photonics/]: Photonics shader source: path=/photonics/rendering/temporal_upscaler/source.fsh origin=photonics-jar sha256=8452f58367794db090aa07b8fe09980cc8ada54101adfb2f043c0876dc166592
[27Jul2026 17:11:16.617] [Render thread/INFO] [Photonics/]: Photonics shader source: path=/photonics/samplers.glsl origin=photonics-jar sha256=92ab8e43e03080a8dcdf9fae93be071cf07a1732f3d2814681bf5856d7d84785
[27Jul2026 17:11:16.617] [Render thread/INFO] [Photonics/]: Photonics shader source: path=/photonics/shader_interface.glsl origin=shader-pack sha256=58fc0a1dafa8d21379effac55bbe6a2c8a21cca6d3c7fc947ea5aff3c9b19f1f
[27Jul2026 17:11:16.619] [Render thread/INFO] [Photonics/]: Photonics shader source: path=/photonics/tracing.glsl origin=photonics-jar sha256=b18790b56c7bfa064f2df762e5f49425edd53531bb68260d45574549050287a0
[27Jul2026 17:11:16.619] [Render thread/INFO] [Photonics/]: Photonics shader source: path=/photonics/uniforms.glsl origin=photonics-jar sha256=2b8143c42f481937df514b84c2312f852daec01c5e9dcf63a6868ef56fed8ac2
[27Jul2026 17:11:16.619] [Render thread/INFO] [Photonics/]: Photonics shader source: path=/photonics/utility/color.glsl origin=photonics-jar sha256=b69a29379ac6bbcf54030f57289496c9be6f447fa544a0e08682543648d8011a
[27Jul2026 17:11:16.619] [Render thread/INFO] [Photonics/]: Photonics shader source: path=/photonics/utility/normal_encoding.glsl origin=photonics-jar sha256=a33a1a4d019ee167de12319ff24a64f46b17eeda2c48713f98fced8d69d03583
[27Jul2026 17:11:16.620] [Render thread/INFO] [Photonics/]: Photonics shader source: path=/photonics/utility/projection.glsl origin=photonics-jar sha256=6709e7854fc03d0033fca34f973d598e06fe72eb0ccb45872f0b19e439b46db4
[27Jul2026 17:11:16.620] [Render thread/INFO] [Photonics/]: Photonics shader source: path=/photonics/utility/random.glsl origin=photonics-jar sha256=266b43efe972042f0f11a50b9e823f288ecd33e941cbf1fda51d66a30362081b
[27Jul2026 17:11:16.769] [Render thread/WARN] [Iris/]: Invalid pack option: GTAO
[27Jul2026 17:11:16.769] [Render thread/WARN] [Iris/]: Invalid pack option: GTAO
[27Jul2026 17:11:16.772] [Render thread/WARN] [Iris/]: Unable to resolve shader pack option menu element "WATER_REFRACTION" defined in shaders.properties
[27Jul2026 17:11:16.772] [Render thread/WARN] [Iris/]: Unable to resolve shader pack option menu element "WATER_REFRACTION_INTENSITY" defined in shaders.properties
[27Jul2026 17:11:16.772] [Render thread/WARN] [Iris/]: Unable to resolve shader pack option menu element "CLOUDS_DAILY_WEATHER" defined in shaders.properties
[27Jul2026 17:11:16.772] [Render thread/WARN] [Iris/]: Unable to resolve shader pack option menu element "CLOUDS_CUMULUS_CONGESTUS_PRIMARY_STEPS_H" defined in shaders.properties
[27Jul2026 17:11:16.772] [Render thread/WARN] [Iris/]: Unable to resolve shader pack option menu element "CLOUDS_CUMULUS_CONGESTUS_PRIMARY_STEPS_Z" defined in shaders.properties
[27Jul2026 17:11:16.773] [Render thread/INFO] [Iris/]: Profile: ultra (+9 options changed by user)
[27Jul2026 17:11:17.552] [Render thread/WARN] [Iris/]: Failed to parse an ResourceLocation in item.properties for the key item.10056: state properties are currently not supported: calibrated_sculk_sensor:sculk_sensor_phase=inactive
[27Jul2026 17:11:17.552] [Render thread/WARN] [Iris/]: Failed to parse an ResourceLocation in item.properties for the key item.10056: state properties are currently not supported: calibrated_sculk_sensor:sculk_sensor_phase=cooldown
[27Jul2026 17:11:17.552] [Render thread/WARN] [Iris/]: Failed to parse an ResourceLocation in item.properties for the key item.10057: state properties are currently not supported: calibrated_sculk_sensor:sculk_sensor_phase=active
[27Jul2026 17:11:17.552] [Render thread/WARN] [Iris/]: Failed to parse an ResourceLocation in item.properties for the key item.10057: state properties are currently not supported: sculk_sensor:sculk_sensor_phase=active
[27Jul2026 17:11:17.552] [Render thread/WARN] [Iris/]: Failed to parse an ResourceLocation in item.properties for the key item.10061: state properties are currently not supported: weathered_copper_bulb:lit=true
[27Jul2026 17:11:17.552] [Render thread/WARN] [Iris/]: Failed to parse an ResourceLocation in item.properties for the key item.10061: state properties are currently not supported: oxidized_copper_bulb:lit=true
[27Jul2026 17:11:17.552] [Render thread/WARN] [Iris/]: Failed to parse an ResourceLocation in item.properties for the key item.10061: state properties are currently not supported: waxed_weathered_copper_bulb:lit=true
[27Jul2026 17:11:17.552] [Render thread/WARN] [Iris/]: Failed to parse an ResourceLocation in item.properties for the key item.10061: state properties are currently not supported: waxed_oxidized_copper_bulb:lit=true
[27Jul2026 17:11:17.552] [Render thread/WARN] [Iris/]: Failed to parse an ResourceLocation in item.properties for the key item.10061: state properties are currently not supported: copper_bulb:lit=true
[27Jul2026 17:11:17.553] [Render thread/WARN] [Iris/]: Failed to parse an ResourceLocation in item.properties for the key item.10061: state properties are currently not supported: exposed_copper_bulb:lit=true
[27Jul2026 17:11:17.553] [Render thread/WARN] [Iris/]: Failed to parse an ResourceLocation in item.properties for the key item.10061: state properties are currently not supported: waxed_copper_bulb:lit=true
[27Jul2026 17:11:17.553] [Render thread/WARN] [Iris/]: Failed to parse an ResourceLocation in item.properties for the key item.10061: state properties are currently not supported: waxed_exposed_copper_bulb:lit=true
[27Jul2026 17:11:17.580] [Render thread/INFO] [Iris/]: Using shaderpack: photon-main (1).zip
[27Jul2026 17:11:17.616] [Render thread/INFO] [xaero.minimap.XaeroMinimap/]: Loading Xaero's Minimap - Stage 2/2
[27Jul2026 17:11:17.816] [Worker-Main-15/WARN] [net.minecraft.client.resources.model.ModelManager/]: Missing textures in model create:cut_limestone_slab#type=double,waterlogged=true:
    minecraft:textures/atlas/blocks.png:minecraft:block/cut_limestone
[27Jul2026 17:11:18.625] [Render thread/INFO] [xaero.hud.minimap.MinimapLogs/]: Registered player tracker system: minimap_synced
[27Jul2026 17:11:18.626] [Render thread/WARN] [net.neoforged.fml.DeferredWorkQueue/LOADING]: Mod 'xaerominimap' took 1.010 s to run a deferred task.
[27Jul2026 17:11:18.626] [Render thread/INFO] [xaero.lib.XaeroLib/]: Loading XaeroLib common 2/2!
[27Jul2026 17:11:18.626] [Render thread/INFO] [xaero.lib.XaeroLib/]: Loading XaeroLib client 2/2!
[27Jul2026 17:11:18.644] [Render thread/INFO] [Veil/]: Loaded 0 shader redirects, 0 replacements
[27Jul2026 17:11:18.649] [Render thread/INFO] [top.leonx.irisveil.IrisVeilCompat/]: [VeilHook] Captured vertex source for 'veil:necromancer/skinned_mesh': 5049 chars, hasGetVelocity=false, hasOffset=false
[27Jul2026 17:11:18.696] [Render thread/INFO] [top.leonx.irisveil.IrisVeilCompat/]: [VeilHook] Captured fragment source for 'veil:necromancer/skinned_mesh': 2073 chars
[27Jul2026 17:11:18.704] [Render thread/INFO] [top.leonx.irisveil.IrisVeilCompat/]: [VeilHook] Captured vertex source for 'veil:blit_screen': 542 chars, hasGetVelocity=false, hasOffset=false
[27Jul2026 17:11:18.704] [Render thread/INFO] [top.leonx.irisveil.IrisVeilCompat/]: [VeilHook] Captured fragment source for 'veil:blit_depth': 532 chars
[27Jul2026 17:11:18.705] [Render thread/INFO] [top.leonx.irisveil.IrisVeilCompat/]: [VeilHook] Captured vertex source for 'veil:blit_screen': 542 chars, hasGetVelocity=false, hasOffset=false
[27Jul2026 17:11:18.705] [Render thread/INFO] [top.leonx.irisveil.IrisVeilCompat/]: [VeilHook] Captured fragment source for 'veil:blit_screen': 495 chars
[27Jul2026 17:11:18.707] [Render thread/INFO] [top.leonx.irisveil.IrisVeilCompat/]: [VeilHook] Captured vertex source for 'veil:core/blit_screen_effect': 600 chars, hasGetVelocity=false, hasOffset=false
[27Jul2026 17:11:18.707] [Render thread/INFO] [top.leonx.irisveil.IrisVeilCompat/]: [VeilHook] Captured fragment source for 'veil:core/blit_screen_effect': 543 chars
[27Jul2026 17:11:18.707] [Render thread/INFO] [top.leonx.irisveil.IrisVeilCompat/]: [VeilHook] Captured vertex source for 'veil:light/area': 1702 chars, hasGetVelocity=false, hasOffset=false
[27Jul2026 17:11:18.707] [Render thread/INFO] [top.leonx.irisveil.IrisVeilCompat/]: [VeilHook] Captured fragment source for 'veil:light/area': 14129 chars
[27Jul2026 17:11:18.716] [Render thread/INFO] [top.leonx.irisveil.IrisVeilCompat/]: [VeilHook] Captured vertex source for 'veil:blit_screen': 542 chars, hasGetVelocity=false, hasOffset=false
[27Jul2026 17:11:18.717] [Render thread/INFO] [top.leonx.irisveil.IrisVeilCompat/]: [VeilHook] Captured fragment source for 'veil:debug/cubemap': 1758 chars
[27Jul2026 17:11:18.717] [Render thread/INFO] [top.leonx.irisveil.IrisVeilCompat/]: [VeilHook] Captured vertex source for 'simulated:end_sea': 1126 chars, hasGetVelocity=false, hasOffset=false
[27Jul2026 17:11:18.717] [Render thread/INFO] [top.leonx.irisveil.IrisVeilCompat/]: [VeilHook] Captured fragment source for 'simulated:end_sea': 1278 chars
[27Jul2026 17:11:18.720] [Render thread/INFO] [top.leonx.irisveil.IrisVeilCompat/]: [VeilHook] Captured vertex source for 'simulated:rope/rope': 4214 chars, hasGetVelocity=false, hasOffset=false
[27Jul2026 17:11:18.720] [Render thread/INFO] [top.leonx.irisveil.IrisVeilCompat/]: [VeilHook] Captured fragment source for 'simulated:rope/rope': 1948 chars
[27Jul2026 17:11:18.720] [Render thread/INFO] [top.leonx.irisveil.IrisVeilCompat/]: [VeilHook] Captured vertex source for 'veil:quasar/particle_additive': 1985 chars, hasGetVelocity=false, hasOffset=false
[27Jul2026 17:11:18.720] [Render thread/INFO] [top.leonx.irisveil.IrisVeilCompat/]: [VeilHook] Captured fragment source for 'veil:quasar/particle_additive': 1874 chars
[27Jul2026 17:11:18.720] [Render thread/INFO] [top.leonx.irisveil.IrisVeilCompat/]: [VeilHook] Captured vertex source for 'simulated:redstone_accumulator/diode': 4070 chars, hasGetVelocity=false, hasOffset=false
[27Jul2026 17:11:18.720] [Render thread/INFO] [top.leonx.irisveil.IrisVeilCompat/]: [VeilHook] Captured fragment source for 'simulated:redstone_accumulator/diode': 3788 chars
[27Jul2026 17:11:18.720] [Render thread/INFO] [top.leonx.irisveil.IrisVeilCompat/]: [VeilHook] Captured vertex source for 'contraptionlights:light/sublevel_point': 1053 chars, hasGetVelocity=false, hasOffset=false
[27Jul2026 17:11:18.721] [Render thread/INFO] [top.leonx.irisveil.IrisVeilCompat/]: [VeilHook] Captured fragment source for 'contraptionlights:light/sublevel_point': 15829 chars
[27Jul2026 17:11:18.729] [Render thread/INFO] [top.leonx.irisveil.IrisVeilCompat/]: [VeilHook] Captured vertex source for 'veil:debug/shell': 629 chars, hasGetVelocity=false, hasOffset=false
[27Jul2026 17:11:18.729] [Render thread/INFO] [top.leonx.irisveil.IrisVeilCompat/]: [VeilHook] Captured fragment source for 'veil:debug/shell': 605 chars
[27Jul2026 17:11:18.729] [Render thread/INFO] [top.leonx.irisveil.IrisVeilCompat/]: [VeilHook] Captured vertex source for 'veil:blit_screen': 542 chars, hasGetVelocity=false, hasOffset=false
[27Jul2026 17:11:18.729] [Render thread/INFO] [top.leonx.irisveil.IrisVeilCompat/]: [VeilHook] Captured fragment source for 'veil:light/directional': 9063 chars
[27Jul2026 17:11:18.732] [Render thread/INFO] [top.leonx.irisveil.IrisVeilCompat/]: [VeilHook] Captured vertex source for 'veil:quasar/particle': 1985 chars, hasGetVelocity=false, hasOffset=false
[27Jul2026 17:11:18.732] [Render thread/INFO] [top.leonx.irisveil.IrisVeilCompat/]: [VeilHook] Captured fragment source for 'veil:quasar/particle': 1898 chars
[27Jul2026 17:11:18.733] [Render thread/INFO] [top.leonx.irisveil.IrisVeilCompat/]: [VeilHook] Captured vertex source for 'contraptionlights:light/world_light': 1053 chars, hasGetVelocity=false, hasOffset=false
[27Jul2026 17:11:18.733] [Render thread/INFO] [top.leonx.irisveil.IrisVeilCompat/]: [VeilHook] Captured fragment source for 'contraptionlights:light/world_light': 14743 chars
[27Jul2026 17:11:18.739] [Render thread/INFO] [top.leonx.irisveil.IrisVeilCompat/]: [VeilHook] Captured vertex source for 'aeronautics:levitite/levitite': 5585 chars, hasGetVelocity=true, hasOffset=true
[27Jul2026 17:11:18.739] [Render thread/INFO] [top.leonx.irisveil.IrisVeilCompat/]: [VeilHook] Captured fragment source for 'aeronautics:levitite/levitite': 3656 chars
[27Jul2026 17:11:18.739] [Render thread/INFO] [top.leonx.irisveil.IrisVeilCompat/]: [VeilHook] Captured vertex source for 'simulated:spring/spring': 4196 chars, hasGetVelocity=false, hasOffset=false
[27Jul2026 17:11:18.739] [Render thread/INFO] [top.leonx.irisveil.IrisVeilCompat/]: [VeilHook] Captured fragment source for 'simulated:spring/spring': 1972 chars
[27Jul2026 17:11:18.740] [Render thread/INFO] [top.leonx.irisveil.IrisVeilCompat/]: [VeilHook] Captured vertex source for 'veil:blit_screen': 542 chars, hasGetVelocity=false, hasOffset=false
[27Jul2026 17:11:18.740] [Render thread/INFO] [top.leonx.irisveil.IrisVeilCompat/]: [VeilHook] Captured fragment source for 'veil:core/composite': 783 chars
[27Jul2026 17:11:18.740] [Render thread/INFO] [top.leonx.irisveil.IrisVeilCompat/]: [VeilHook] Captured vertex source for 'aeronautics:hot_air_overlay': 1167 chars, hasGetVelocity=false, hasOffset=false
[27Jul2026 17:11:18.740] [Render thread/INFO] [top.leonx.irisveil.IrisVeilCompat/]: [VeilHook] Captured fragment source for 'aeronautics:hot_air_overlay': 907 chars
[27Jul2026 17:11:18.740] [Render thread/INFO] [top.leonx.irisveil.IrisVeilCompat/]: [VeilHook] Captured vertex source for 'aeronautics:burner_flame': 1770 chars, hasGetVelocity=false, hasOffset=false
[27Jul2026 17:11:18.740] [Render thread/INFO] [top.leonx.irisveil.IrisVeilCompat/]: [VeilHook] Captured fragment source for 'aeronautics:burner_flame': 5298 chars
[27Jul2026 17:11:18.740] [Render thread/INFO] [top.leonx.irisveil.IrisVeilCompat/]: [VeilHook] Captured vertex source for 'veil:blit_screen': 542 chars, hasGetVelocity=false, hasOffset=false
[27Jul2026 17:11:18.740] [Render thread/INFO] [top.leonx.irisveil.IrisVeilCompat/]: [VeilHook] Captured fragment source for 'veil:core/bloom': 2631 chars
[27Jul2026 17:11:18.741] [Render thread/INFO] [top.leonx.irisveil.IrisVeilCompat/]: [VeilHook] Captured vertex source for 'veil:blit_screen': 542 chars, hasGetVelocity=false, hasOffset=false
[27Jul2026 17:11:18.741] [Render thread/INFO] [top.leonx.irisveil.IrisVeilCompat/]: [VeilHook] Captured fragment source for 'veil:core/blur': 937 chars
[27Jul2026 17:11:18.741] [Render thread/INFO] [top.leonx.irisveil.IrisVeilCompat/]: [VeilHook] Captured vertex source for 'veil:blit_screen': 542 chars, hasGetVelocity=false, hasOffset=false
[27Jul2026 17:11:18.741] [Render thread/INFO] [top.leonx.irisveil.IrisVeilCompat/]: [VeilHook] Captured fragment source for 'aeronautics:soft_light': 1108 chars
[27Jul2026 17:11:18.741] [Render thread/INFO] [top.leonx.irisveil.IrisVeilCompat/]: [VeilHook] Captured vertex source for 'veil:blit_screen': 542 chars, hasGetVelocity=false, hasOffset=false
[27Jul2026 17:11:18.741] [Render thread/INFO] [top.leonx.irisveil.IrisVeilCompat/]: [VeilHook] Captured fragment source for 'veil:debug/array': 539 chars
[27Jul2026 17:11:18.741] [Render thread/INFO] [top.leonx.irisveil.IrisVeilCompat/]: [VeilHook] Captured vertex source for 'veil:blit_screen': 542 chars, hasGetVelocity=false, hasOffset=false
[27Jul2026 17:11:18.741] [Render thread/INFO] [top.leonx.irisveil.IrisVeilCompat/]: [VeilHook] Captured fragment source for 'veil:core/unblur': 1318 chars
[27Jul2026 17:11:18.741] [Render thread/INFO] [top.leonx.irisveil.IrisVeilCompat/]: [VeilHook] Captured vertex source for 'veil:light/point': 1135 chars, hasGetVelocity=false, hasOffset=false
[27Jul2026 17:11:18.741] [Render thread/INFO] [top.leonx.irisveil.IrisVeilCompat/]: [VeilHook] Captured fragment source for 'veil:light/point': 13058 chars
[27Jul2026 17:11:18.747] [Render thread/INFO] [top.leonx.irisveil.IrisVeilCompat/]: [VeilHook] Captured vertex source for 'simulated:laser_pointer/lens': 4016 chars, hasGetVelocity=false, hasOffset=false
[27Jul2026 17:11:18.747] [Render thread/INFO] [top.leonx.irisveil.IrisVeilCompat/]: [VeilHook] Captured fragment source for 'simulated:laser_pointer/lens': 4048 chars
[27Jul2026 17:11:18.747] [Render thread/INFO] [top.leonx.irisveil.IrisVeilCompat/]: [VeilHook] Captured vertex source for 'simulated:contraption_diagram/outline_diagram': 610 chars, hasGetVelocity=false, hasOffset=false
[27Jul2026 17:11:18.747] [Render thread/INFO] [top.leonx.irisveil.IrisVeilCompat/]: [VeilHook] Captured fragment source for 'simulated:contraption_diagram/outline_diagram': 5629 chars
[27Jul2026 17:11:18.748] [Render thread/INFO] [top.leonx.irisveil.IrisVeilCompat/]: [VeilHook] Captured vertex source for 'simulated:laser/laser': 774 chars, hasGetVelocity=false, hasOffset=false
[27Jul2026 17:11:18.748] [Render thread/INFO] [top.leonx.irisveil.IrisVeilCompat/]: [VeilHook] Captured fragment source for 'simulated:laser/laser': 1878 chars
[27Jul2026 17:11:18.748] [Render thread/INFO] [top.leonx.irisveil.IrisVeilCompat/]: [VeilHook] Captured vertex source for 'veil:blit_screen': 542 chars, hasGetVelocity=false, hasOffset=false
[27Jul2026 17:11:18.748] [Render thread/INFO] [top.leonx.irisveil.IrisVeilCompat/]: [VeilHook] Captured fragment source for 'simulated:spread_end_sea': 2427 chars
[27Jul2026 17:11:18.751] [Render thread/INFO] [Veil/]: Loaded 31 shaders from: pinwheel/shaders/program
[27Jul2026 17:11:18.823] [Worker-Main-11/INFO] [PonderIndex/]: Registering Ponder Scenes took 53.13 ms
[27Jul2026 17:11:18.826] [Worker-Main-11/INFO] [PonderIndex/]: Registering Ponder Tags took 2.660 ms
[27Jul2026 17:11:18.898] [Render thread/INFO] [Photonics/]: Photonics ReSTIR GI v70: forcing PHOTONICS_RESTIR_COMBINED_GI on for the geometry-guided spatial-reuse test (configured=true)
[27Jul2026 17:11:18.898] [Render thread/INFO] [Photonics/]: Photonics performance overrides: renderScale=shader-pack, giRenderScale=0.5, temporalUpscaler=true, temporalUpscalerSourceScale=0.5, temporalUpscalerHistoryFrames=8, restirInitialSamples=shader-pack, restirDenoiserPasses=shader-pack, restirGiDenoiserPasses=shader-pack (shader-pack means no JVM override)
[27Jul2026 17:11:18.940] [Render thread/WARN] [Iris/]: Invalid pack option: GTAO
[27Jul2026 17:11:18.940] [Render thread/WARN] [Iris/]: Invalid pack option: GTAO
[27Jul2026 17:11:18.941] [Render thread/WARN] [Iris/]: Unable to resolve shader pack option menu element "WATER_REFRACTION" defined in shaders.properties
[27Jul2026 17:11:18.941] [Render thread/WARN] [Iris/]: Unable to resolve shader pack option menu element "WATER_REFRACTION_INTENSITY" defined in shaders.properties
[27Jul2026 17:11:18.941] [Render thread/WARN] [Iris/]: Unable to resolve shader pack option menu element "CLOUDS_DAILY_WEATHER" defined in shaders.properties
[27Jul2026 17:11:18.941] [Render thread/WARN] [Iris/]: Unable to resolve shader pack option menu element "CLOUDS_CUMULUS_CONGESTUS_PRIMARY_STEPS_H" defined in shaders.properties
[27Jul2026 17:11:18.941] [Render thread/WARN] [Iris/]: Unable to resolve shader pack option menu element "CLOUDS_CUMULUS_CONGESTUS_PRIMARY_STEPS_Z" defined in shaders.properties
[27Jul2026 17:11:18.941] [Render thread/INFO] [Iris/]: Profile: ultra (+9 options changed by user)
[27Jul2026 17:11:19.330] [Render thread/WARN] [Iris/]: Failed to parse an ResourceLocation in item.properties for the key item.10056: state properties are currently not supported: calibrated_sculk_sensor:sculk_sensor_phase=inactive
[27Jul2026 17:11:19.330] [Render thread/WARN] [Iris/]: Failed to parse an ResourceLocation in item.properties for the key item.10056: state properties are currently not supported: calibrated_sculk_sensor:sculk_sensor_phase=cooldown
[27Jul2026 17:11:19.331] [Render thread/WARN] [Iris/]: Failed to parse an ResourceLocation in item.properties for the key item.10057: state properties are currently not supported: calibrated_sculk_sensor:sculk_sensor_phase=active
[27Jul2026 17:11:19.331] [Render thread/WARN] [Iris/]: Failed to parse an ResourceLocation in item.properties for the key item.10057: state properties are currently not supported: sculk_sensor:sculk_sensor_phase=active
[27Jul2026 17:11:19.331] [Render thread/WARN] [Iris/]: Failed to parse an ResourceLocation in item.properties for the key item.10061: state properties are currently not supported: weathered_copper_bulb:lit=true
[27Jul2026 17:11:19.331] [Render thread/WARN] [Iris/]: Failed to parse an ResourceLocation in item.properties for the key item.10061: state properties are currently not supported: oxidized_copper_bulb:lit=true
[27Jul2026 17:11:19.331] [Render thread/WARN] [Iris/]: Failed to parse an ResourceLocation in item.properties for the key item.10061: state properties are currently not supported: waxed_weathered_copper_bulb:lit=true
[27Jul2026 17:11:19.331] [Render thread/WARN] [Iris/]: Failed to parse an ResourceLocation in item.properties for the key item.10061: state properties are currently not supported: waxed_oxidized_copper_bulb:lit=true
[27Jul2026 17:11:19.331] [Render thread/WARN] [Iris/]: Failed to parse an ResourceLocation in item.properties for the key item.10061: state properties are currently not supported: copper_bulb:lit=true
[27Jul2026 17:11:19.331] [Render thread/WARN] [Iris/]: Failed to parse an ResourceLocation in item.properties for the key item.10061: state properties are currently not supported: exposed_copper_bulb:lit=true
[27Jul2026 17:11:19.331] [Render thread/WARN] [Iris/]: Failed to parse an ResourceLocation in item.properties for the key item.10061: state properties are currently not supported: waxed_copper_bulb:lit=true
[27Jul2026 17:11:19.331] [Render thread/WARN] [Iris/]: Failed to parse an ResourceLocation in item.properties for the key item.10061: state properties are currently not supported: waxed_exposed_copper_bulb:lit=true
[27Jul2026 17:11:19.339] [Render thread/INFO] [Iris/]: Using shaderpack: photon-main (1).zip
[27Jul2026 17:11:19.341] [Render thread/WARN] [net.minecraft.client.sounds.SoundEngine/]: Missing sound for event: minecraft:item.goat_horn.play
[27Jul2026 17:11:19.341] [Render thread/WARN] [net.minecraft.client.sounds.SoundEngine/]: Missing sound for event: minecraft:entity.goat.screaming.horn_break
[27Jul2026 17:11:19.372] [Render thread/INFO] [com.mojang.blaze3d.audio.Library/]: OpenAL initialized on device Navi 31 HDMI/DP Audio Digital Stereo (HDMI 2)
[27Jul2026 17:11:19.372] [Render thread/INFO] [net.minecraft.client.sounds.SoundEngine/SOUNDS]: Sound engine started
[27Jul2026 17:11:19.427] [Render thread/INFO] [net.minecraft.client.renderer.texture.TextureAtlas/]: Created: 2048x2048x4 minecraft:textures/atlas/blocks.png-atlas
[27Jul2026 17:11:19.472] [Render thread/INFO] [net.minecraft.client.renderer.texture.TextureAtlas/]: Created: 256x256x4 minecraft:textures/atlas/signs.png-atlas
[27Jul2026 17:11:19.473] [Render thread/INFO] [net.minecraft.client.renderer.texture.TextureAtlas/]: Created: 512x512x4 minecraft:textures/atlas/shield_patterns.png-atlas
[27Jul2026 17:11:19.474] [Render thread/INFO] [net.minecraft.client.renderer.texture.TextureAtlas/]: Created: 512x512x4 minecraft:textures/atlas/banner_patterns.png-atlas
[27Jul2026 17:11:19.475] [Render thread/INFO] [net.minecraft.client.renderer.texture.TextureAtlas/]: Created: 2048x1024x4 minecraft:textures/atlas/armor_trims.png-atlas
[27Jul2026 17:11:19.485] [Render thread/INFO] [net.minecraft.client.renderer.texture.TextureAtlas/]: Created: 256x256x4 minecraft:textures/atlas/chest.png-atlas
[27Jul2026 17:11:19.485] [Render thread/INFO] [net.minecraft.client.renderer.texture.TextureAtlas/]: Created: 128x64x4 minecraft:textures/atlas/decorated_pot.png-atlas
[27Jul2026 17:11:19.486] [Render thread/INFO] [net.minecraft.client.renderer.texture.TextureAtlas/]: Created: 512x256x4 minecraft:textures/atlas/shulker_boxes.png-atlas
[27Jul2026 17:11:19.486] [Render thread/INFO] [net.minecraft.client.renderer.texture.TextureAtlas/]: Created: 512x256x4 minecraft:textures/atlas/beds.png-atlas
[27Jul2026 17:11:19.557] [Render thread/INFO] [net.minecraft.client.renderer.texture.TextureAtlas/]: Created: 512x512x0 minecraft:textures/atlas/particles.png-atlas
[27Jul2026 17:11:19.561] [Render thread/INFO] [net.minecraft.client.renderer.texture.TextureAtlas/]: Created: 512x256x0 minecraft:textures/atlas/paintings.png-atlas
[27Jul2026 17:11:19.562] [Render thread/INFO] [net.minecraft.client.renderer.texture.TextureAtlas/]: Created: 256x128x0 minecraft:textures/atlas/mob_effects.png-atlas
[27Jul2026 17:11:19.563] [Render thread/INFO] [net.minecraft.client.renderer.texture.TextureAtlas/]: Created: 64x64x0 minecraft:textures/atlas/map_decorations.png-atlas
[27Jul2026 17:11:19.563] [Render thread/INFO] [net.minecraft.client.renderer.texture.TextureAtlas/]: Created: 1024x1024x0 minecraft:textures/atlas/gui.png-atlas
[27Jul2026 17:11:19.589] [Render thread/WARN] [net.minecraft.client.renderer.ShaderInstance/]: Shader rendertype_entity_translucent_emissive could not find sampler named Sampler2 in the specified shader program.
[27Jul2026 17:11:19.646] [Render thread/INFO] [xaero.lib.XaeroLib/]: Successfully reloaded the XaeroLib shaders!
[27Jul2026 17:11:19.647] [Render thread/INFO] [net.neoforged.neoforge.client.entity.animation.json.AnimationLoader/]: Loaded 0 entity animations
[27Jul2026 17:11:19.647] [Render thread/INFO] [Veil/]: Loaded 3 framebuffers
[27Jul2026 17:11:19.654] [Render thread/INFO] [Veil/]: Loaded 6 post pipelines
[27Jul2026 17:11:19.657] [Render thread/INFO] [Veil/]: Loaded 6 render types
[27Jul2026 17:11:19.657] [Render thread/INFO] [Veil/]: Enabled bloom pipeline
[27Jul2026 17:11:19.657] [Render thread/INFO] [Veil/]: Loaded 0 quasar particles
[27Jul2026 17:11:19.657] [Render thread/INFO] [Veil/]: Loaded 0 templates
[27Jul2026 17:11:19.657] [Render thread/INFO] [Veil/]: Loaded 0 modules
[27Jul2026 17:11:19.672] [Render thread/INFO] [flywheel/backend/shaders/]: Loaded 77 shader sources in 11.322 ms
[27Jul2026 17:11:19.683] [Render thread/INFO] [com.simibubi.create.Create/]: Loaded 58 train hat configurations.
[27Jul2026 17:11:19.716] [Render thread/INFO] [DistantHorizons-DistantHorizons-com.seibel.distanthorizons.core.jar.updater.SelfUpdater/]: Checking for Distant Horizons [STABLE] update for MC [1.21.1]...
[27Jul2026 17:11:20.098] [Render thread/INFO] [DistantHorizons-DistantHorizons-com.seibel.distanthorizons.core.jar.updater.SelfUpdater/]: Distant Horizons already up to date.
[27Jul2026 17:11:20.110] [Render thread/INFO] [Photonics/]: Loaded ph_lights.json for shader pack 'photon-main (1).zip'
[27Jul2026 17:11:20.115] [Render thread/INFO] [Photonics/]: Photonics light registry contains 231 light definitions for 115 blocks
[27Jul2026 17:11:20.116] [Render thread/INFO] [Photonics/]: Photonics pipeline for 'photon-main (1).zip': enabled=true, mode=RESTIR, blockLight=true, gi=true, blockLightGi=false, handheld=true, shaderPackRenderScale=1.0, renderScale=0.5, giRenderScale=0.5, temporalUpscalerRequested=true, temporalUpscalerSourceScale=0.5, temporalUpscalerActive=true, temporalUpscalerHistoryFrames=8, maxLights=4000, maxSamples=20, restirInitial=32, restirSpatial=1, restirDenoiser=5, restirGiDenoiser=3, restirSoftShadows=false, restirCombinedGi=true
[27Jul2026 17:11:20.371] [Render thread/INFO] [Photonics/]: Photonics feature increment: v65 upstream traversal guard, hand texture-normal evaluation, immature-history edge variance, and variance-guided full SVGF passes; direct-light-v64 proxy ownership retained
[27Jul2026 17:11:20.371] [Render thread/INFO] [Photonics/]: Photonics GI foundation v82: finite full-position indirect reservoirs, corrected primary-ray origin/origin rebasing/explicit sky hits, normal/Jacobian-weighted world-hit temporal reuse for world and Sable receivers, hand temporal isolation, and selected-reservoir visibility validation
[27Jul2026 17:11:20.372] [Render thread/INFO] [Photonics/]: Photonics ReSTIR GI v79: combinedGi=true, splitGi=false, directScale=0.5, giScale=0.5, directDenoiserPasses=5, giDenoiserPasses=3, giPipeline=independent-frag-grid+reservoirs+history+svgf, composition=post-estimator-screen-space
[27Jul2026 17:11:20.372] [Render thread/INFO] [Photonics/]: Photonics split-GI reconstruction v81: receiver-aware four-tap interpolation with unsupported-pixel nearest-compatible fallback
[27Jul2026 17:11:20.372] [Render thread/INFO] [Photonics/]: Photonics GI stability v82: world-hit temporal reservoir reuse enabled for rigidly reprojected Sable receivers; hand history remains isolated
[27Jul2026 17:11:20.372] [Render thread/INFO] [Photonics/]: Photonics direct startup v84: unbiased candidate-count-stable half-budget camera-contribution stratum with full-list systematic tail coverage
[27Jul2026 17:11:20.372] [Render thread/INFO] [Photonics/]: Photonics ReSTIR GI transport v85+: stochastic tinted-glass traversal and endpoint-first transparent-hit validation
[27Jul2026 17:11:20.372] [Render thread/INFO] [Photonics/]: Photonics stability v86: deterministic thin-cutout GI coverage and bounded palette-heap compiler recovery probes
[27Jul2026 17:11:20.372] [Render thread/INFO] [Photonics/]: Photonics ReSTIR GI validation v88: triState=valid/blocked-current-receiver/stale, blockedHistoryM=preserved-once-with-zero-energy, staleHistoryM=excluded, maxTemporalCandidates=1, maxSpatialCandidates=1, maxTraversalSteps=128
[27Jul2026 17:11:20.372] [Render thread/INFO] [Photonics/]: Photonics feature set: direct-light-v64 expiring Contraption Lights proxy ownership with a conservative nearby unmatched-proxy quarantine, position-matched Sable light alias trail with registry/profile diagnostics and render-thread-owned external merge, full-precision motion-grid Sable receiver visibility and endpoint-safe conservative traversal, dual-space Sable light de-duplication, production composite restored after v57 reservoir diagnostics, corrected indirect hit-normal decoding, full temporal reservoir retention for Sable external lighting, randomized systematic world-light proposals, Sable skylight-transition diagnostics with opt-in getter freeze, post-denoise exact Sable-local direct stream and fail-closed same-domain visibility, camera-relative double-composed Sable reprojection, normal-guided receiver classification, tri-state same-sublevel visibility and conservative supercover voxel traversal, sampling-time receiver-domain partition with exact same-sublevel direct lighting, external-only Sable reservoirs and soft-shadow local-visibility-signature-guided Sable SVGF support, preserved all-zero current proposal batches, elapsed-time moving-light hysteresis and unsnapped render-pose positions, rejected spatial-batch accounting, receiver-domain-complete stable/external history partition and rigid-motion Sable spatial reuse, bounded visibility-rejected reservoirs and representative-scoped external reactivity, split stable/external accumulation histories and stale Sable material recovery, explicit emitter motion-domain identity, motion-domain-stable receiver-relative light-history limits, previous-light position metadata, rotation-correct cross-sublevel motion, guarded ordinary-world all-light and external-only Sable single-neighbor spatial reuse, immutable spatial input, current-receiver visibility validation, bounded spatial history, independent spatial random stream, bounded reservoirs, zero-contribution batch accounting, actual-motion reactive lights, stable-anchor Sable reprojection, surface-plane SVGF, visibility-transition provenance, stable Sable identity, current-visible temporal reuse, Sable plot-section isolation, deterministic diagonal cutouts, generation-aligned adaptive stratified ReSTIR proposals, exposed-face Sable local visibility, duplicate Veil point-light suppression, moving-light and Iris material bridges; finite-segment OOB visibility and tree-origin tracing, masked passes, texture barriers, accumulation, denoising, handheld; Sable-receiver world/cross-sublevel spatial reuse and combined GI compatibility gates active
[27Jul2026 17:11:20.372] [Render thread/INFO] [Photonics/]: Photonics ReSTIR configuration v79: directCandidatesPerPixel=32, directTemporalSampleCap=640, directOutputSampleCap=world-128/sable-temporal-cap, spatialCandidates=1, spatialRadiusPixels=5.0, output=split-direct-and-gi-radiance-plus-exact-sable-local, samplingPolicy=randomized-systematic-luminance-sorted-world-suffix+distinct-priority-prefix/sable-external-reservoir/exact-all-same-token-lights/fail-closed-tri-state-conservative-local-dda/full-precision-motion-grid-receiver/normal-biased-endpoint/preserved-zero-current-batches, spatialPolicy=receiver-matched-current-frame/external-only-sable/current-rejection-accounting/immutable-input/initial-batch-cap+rejected-fallback-cap+background-finalization, historyPolicy=receiver-domain-complete-split-stable-external/direct-only-full-rigid-local-history/camera-relative-double-compose/normal-guided-receiver/soft-local-signature-reset/visibility-transition-reset/representative-scoped-external-reactivity/explicit-emitter-domain/0.15-block-trail/2-frame-floor, lightListPolicy=position-matched-250ms-alias-trail/250ms-after-loss-minecraft-light-proxy-ownership/125ms+2-frame-unmatched-proxy-quarantine/3-cell-alias-radius/render-thread-owned-merge, motionHoldMs=250, denoiserPolicy=post-denoise-exact-local-hard-shadow+representative-gated-world+soft-local-signature-sable, sableSkyLightDiagnostic=transition-log/optional-freeze-getter, directDenoiserPasses=5, giDenoiserPasses=3, softShadows=false, combinedGi=true, splitGi=false
[27Jul2026 17:11:20.383] [Render thread/INFO] [Photonics/]: Photonics framebuffer capacity v68: buffer=side-a, attachments=7, maxDrawBuffers=8, maxColorAttachments=8
[27Jul2026 17:11:20.383] [Render thread/INFO] [Photonics/]: Photonics framebuffer capacity v68: buffer=side-b, attachments=7, maxDrawBuffers=8, maxColorAttachments=8
[27Jul2026 17:11:20.385] [Render thread/INFO] [Photonics/]: Photonics temporal upscaler: enabled=true, configuredSourceScale=0.5, effectiveSourceScale=0.5, giScale=0.5, outputScale=1.0, historyFrames=8, currentTaps=4+fallback, historyTaps=4, historyBytesPerOutputPixel=32, historyWorldRevisionTagged=true, composition=private-lighting-texture
[27Jul2026 17:11:20.386] [Render thread/INFO] [Photonics/]: Photonics history reset v18: reason=pipeline-created, generation=1, dimension=minecraft:overworld
[27Jul2026 17:11:20.386] [Render thread/INFO] [Iris/]: Creating pipeline for dimension minecraft:overworld
[27Jul2026 17:11:20.866] [Render thread/INFO] [org.anarres.cpp.DefaultPreprocessorListener/]: null:0:0: error: #endif without #if
[27Jul2026 17:11:20.973] [Render thread/INFO] [org.anarres.cpp.DefaultPreprocessorListener/]: null:0:0: error: #endif without #if
[27Jul2026 17:11:21.077] [Render thread/INFO] [org.anarres.cpp.DefaultPreprocessorListener/]: null:0:0: error: #endif without #if
[27Jul2026 17:11:21.121] [Render thread/INFO] [org.anarres.cpp.DefaultPreprocessorListener/]: null:0:0: error: #endif without #if
[27Jul2026 17:11:21.160] [Render thread/INFO] [org.anarres.cpp.DefaultPreprocessorListener/]: null:0:0: error: #endif without #if
[27Jul2026 17:11:21.198] [Render thread/INFO] [org.anarres.cpp.DefaultPreprocessorListener/]: null:0:0: error: #endif without #if
[27Jul2026 17:11:21.235] [Render thread/INFO] [org.anarres.cpp.DefaultPreprocessorListener/]: null:0:0: error: #endif without #if
[27Jul2026 17:11:21.266] [Render thread/INFO] [org.anarres.cpp.DefaultPreprocessorListener/]: null:0:0: error: #endif without #if
[27Jul2026 17:11:21.297] [Render thread/INFO] [org.anarres.cpp.DefaultPreprocessorListener/]: null:0:0: error: #endif without #if
[27Jul2026 17:11:21.328] [Render thread/INFO] [org.anarres.cpp.DefaultPreprocessorListener/]: null:0:0: error: #endif without #if
[27Jul2026 17:11:21.357] [Render thread/INFO] [org.anarres.cpp.DefaultPreprocessorListener/]: null:0:0: error: #endif without #if
[27Jul2026 17:11:21.372] [Render thread/INFO] [org.anarres.cpp.DefaultPreprocessorListener/]: null:0:0: error: #endif without #if
[27Jul2026 17:11:21.740] [Render thread/WARN] [Iris/]: Type is VERTEX
[27Jul2026 17:11:21.741] [Render thread/WARN] [Iris/]: Type is FRAGMENT
[27Jul2026 17:11:21.747] [Render thread/WARN] [Iris/]: Type is VERTEX
[27Jul2026 17:11:21.748] [Render thread/WARN] [Iris/]: Type is FRAGMENT
[27Jul2026 17:11:21.766] [Render thread/WARN] [Iris/]: Type is VERTEX
[27Jul2026 17:11:21.767] [Render thread/WARN] [Iris/]: Type is FRAGMENT
[27Jul2026 17:11:25.339] [Render thread/INFO] [com.simibubi.create.Create/]: Created 157 recipes which will be injected into the game
[27Jul2026 17:11:25.342] [Render thread/INFO] [com.simibubi.create.Create/]: Created 0 tags which will be injected into the game
[27Jul2026 17:11:25.659] [Worker-Main-14/ERROR] [net.minecraft.world.level.storage.loot.LootDataType/]: Couldn't parse element ResourceKey[minecraft:root / minecraft:loot_table]:simurail:blocks/automatic_coupler - Not a valid resource location: simurail:blocks/simurail:automatic_coupler Non [a-z0-9/._-] character in path of location: simurail:blocks/simurail:automatic_coupler
[27Jul2026 17:11:25.939] [Render thread/INFO] [net.minecraft.world.item.crafting.RecipeManager/]: Loaded 2943 recipes
[27Jul2026 17:11:26.026] [Render thread/INFO] [net.minecraft.advancements.AdvancementTree/]: Loaded 2644 advancements
[27Jul2026 17:11:26.516] [Server thread/INFO] [net.minecraft.client.server.IntegratedServer/]: Starting integrated minecraft server version 1.21.1
[27Jul2026 17:11:26.516] [Server thread/INFO] [net.minecraft.server.MinecraftServer/]: Generating keypair
[27Jul2026 17:11:26.567] [Server thread/INFO] [DistantHorizons-DistantHorizons-com.seibel.distanthorizons.core.world.AbstractDhWorld/]: Started DhWorld of type [CLIENT_SERVER].
[27Jul2026 17:11:26.599] [Server thread/INFO] [dev.ryanhcode.sable.Sable/]: Creating physics pipeline for ResourceKey[minecraft:dimension / minecraft:overworld] using RapierPhysicsPipelineProvider
[27Jul2026 17:11:26.899] [DH-Full Data Migration Thread[0]/INFO] [DistantHorizons-DistantHorizons-com.seibel.distanthorizons.core.file.fullDatafile.V2.DataMigratorV1/]: No migration necessary.
[27Jul2026 17:11:26.904] [Server thread/INFO] [DistantHorizons-DistantHorizons-com.seibel.distanthorizons.core.level.AbstractDhServerLevel/]: Started DhClientServerLevel for [Wrapped{ServerLevel[New World]@minecraft:overworld}] at [[LocalSaveStructure@(/home/krzysztofkalisiak/.local/share/ModrinthApp/profiles/Create Aeronautics (1)/saves/New World (1)/data)]].
[27Jul2026 17:11:26.940] [Server thread/INFO] [dev.ryanhcode.sable.Sable/]: Creating physics pipeline for ResourceKey[minecraft:dimension / minecraft:the_end] using RapierPhysicsPipelineProvider
[27Jul2026 17:11:27.178] [DH-Full Data Migration Thread[0]/INFO] [DistantHorizons-DistantHorizons-com.seibel.distanthorizons.core.file.fullDatafile.V2.DataMigratorV1/]: No migration necessary.
[27Jul2026 17:11:27.179] [Server thread/INFO] [DistantHorizons-DistantHorizons-com.seibel.distanthorizons.core.level.AbstractDhServerLevel/]: Started DhClientServerLevel for [Wrapped{ServerLevel[New World]@minecraft:the_end}] at [[LocalSaveStructure@(/home/krzysztofkalisiak/.local/share/ModrinthApp/profiles/Create Aeronautics (1)/saves/New World (1)/data;/home/krzysztofkalisiak/.local/share/ModrinthApp/profiles/Create Aeronautics (1)/saves/New World (1)/DIM1/data)]].
[27Jul2026 17:11:27.180] [Server thread/INFO] [dev.ryanhcode.sable.Sable/]: Creating physics pipeline for ResourceKey[minecraft:dimension / minecraft:the_nether] using RapierPhysicsPipelineProvider
[27Jul2026 17:11:27.196] [DH-Full Data Migration Thread[0]/INFO] [DistantHorizons-DistantHorizons-com.seibel.distanthorizons.core.file.fullDatafile.V2.DataMigratorV1/]: No migration necessary.
[27Jul2026 17:11:27.201] [Server thread/INFO] [DistantHorizons-DistantHorizons-com.seibel.distanthorizons.core.level.AbstractDhServerLevel/]: Started DhClientServerLevel for [Wrapped{ServerLevel[New World]@minecraft:the_nether}] at [[LocalSaveStructure@(/home/krzysztofkalisiak/.local/share/ModrinthApp/profiles/Create Aeronautics (1)/saves/New World (1)/data;/home/krzysztofkalisiak/.local/share/ModrinthApp/profiles/Create Aeronautics (1)/saves/New World (1)/DIM-1/data;/home/krzysztofkalisiak/.local/share/ModrinthApp/profiles/Create Aeronautics (1)/saves/New World (1)/DIM1/data)]].
[27Jul2026 17:11:27.203] [Server thread/INFO] [net.minecraft.server.MinecraftServer/]: Preparing start region for dimension minecraft:overworld
[27Jul2026 17:11:27.373] [Render thread/INFO] [net.minecraft.server.level.progress.LoggerChunkProgressListener/]: Preparing spawn area: 0%
[27Jul2026 17:11:27.430] [DH-Request Module Ticker [minecraft:overworld] Thread[0]/INFO] [DistantHorizons-DistantHorizons-com.seibel.distanthorizons.core.generation.BatchGenerator/]: Batch Chunk Generator initialized
[27Jul2026 17:11:27.436] [DH-Request Module Ticker [minecraft:overworld] Thread[0]/INFO] [DistantHorizons-DistantHorizons-com.seibel.distanthorizons.core.generation.queues.WorldGenerationQueue/]: Creating world gen queue
[27Jul2026 17:11:27.436] [DH-Request Module Ticker [minecraft:overworld] Thread[0]/INFO] [DistantHorizons-DistantHorizons-com.seibel.distanthorizons.core.generation.queues.WorldGenerationQueue/]: Created world gen queue
[27Jul2026 17:11:27.436] [DH-Request Module Ticker [minecraft:overworld] Thread[0]/INFO] [DistantHorizons-DistantHorizons-com.seibel.distanthorizons.core.file.fullDatafile.GeneratedFullDataSourceProvider/]: Set world gen queue for level [minecraft:overworld].
[27Jul2026 17:11:27.463] [Server thread/INFO] [net.neoforged.neoforge.server.permission.PermissionAPI/]: Successfully initialized permission handler neoforge:default_handler
[27Jul2026 17:11:27.463] [Server thread/INFO] [me.yurtema.searchlights.Searchlights/]: HELLO from server starting
[27Jul2026 17:11:27.463] [Render thread/INFO] [net.minecraft.server.level.progress.LoggerChunkProgressListener/]: Time elapsed: 258 ms
[27Jul2026 17:11:27.577] [Server thread/INFO] [net.minecraft.client.server.IntegratedServer/]: Changing view distance to 12, from 10
[27Jul2026 17:11:27.577] [Server thread/INFO] [net.minecraft.client.server.IntegratedServer/]: Changing simulation distance to 12, from 0
[27Jul2026 17:11:27.622] [Render thread/INFO] [dev.ryanhcode.sable.Sable/]: Adding local UDP server channel future
[27Jul2026 17:11:27.626] [Render thread/WARN] [io.netty.bootstrap.Bootstrap/]: Unknown channel option 'SO_BROADCAST' for channel '[id: 0xa514a77b]'
[27Jul2026 17:11:27.629] [Netty Server IO #1/INFO] [dev.ryanhcode.sable.Sable/]: Server UDP channel active
[27Jul2026 17:11:27.641] [Render thread/INFO] [dev.ryanhcode.sable.Sable/]: Starting local client UDP channel future
[27Jul2026 17:11:27.642] [Netty Local Client IO #1/INFO] [dev.ryanhcode.sable.Sable/]: Client UDP channel active
[27Jul2026 17:11:27.696] [DH-Request Module Ticker [minecraft:the_end] Thread[0]/INFO] [DistantHorizons-DistantHorizons-com.seibel.distanthorizons.core.generation.BatchGenerator/]: Batch Chunk Generator initialized
[27Jul2026 17:11:27.696] [DH-Request Module Ticker [minecraft:the_end] Thread[0]/INFO] [DistantHorizons-DistantHorizons-com.seibel.distanthorizons.core.generation.queues.WorldGenerationQueue/]: Creating world gen queue
[27Jul2026 17:11:27.696] [DH-Request Module Ticker [minecraft:the_end] Thread[0]/INFO] [DistantHorizons-DistantHorizons-com.seibel.distanthorizons.core.generation.queues.WorldGenerationQueue/]: Created world gen queue
[27Jul2026 17:11:27.696] [DH-Request Module Ticker [minecraft:the_end] Thread[0]/INFO] [DistantHorizons-DistantHorizons-com.seibel.distanthorizons.core.file.fullDatafile.GeneratedFullDataSourceProvider/]: Set world gen queue for level [minecraft:the_end].
[27Jul2026 17:11:27.717] [DH-Request Module Ticker [minecraft:the_nether] Thread[0]/INFO] [DistantHorizons-DistantHorizons-com.seibel.distanthorizons.core.generation.BatchGenerator/]: Batch Chunk Generator initialized
[27Jul2026 17:11:27.718] [DH-Request Module Ticker [minecraft:the_nether] Thread[0]/INFO] [DistantHorizons-DistantHorizons-com.seibel.distanthorizons.core.generation.queues.WorldGenerationQueue/]: Creating world gen queue
[27Jul2026 17:11:27.718] [DH-Request Module Ticker [minecraft:the_nether] Thread[0]/INFO] [DistantHorizons-DistantHorizons-com.seibel.distanthorizons.core.generation.queues.WorldGenerationQueue/]: Created world gen queue
[27Jul2026 17:11:27.718] [DH-Request Module Ticker [minecraft:the_nether] Thread[0]/INFO] [DistantHorizons-DistantHorizons-com.seibel.distanthorizons.core.file.fullDatafile.GeneratedFullDataSourceProvider/]: Set world gen queue for level [minecraft:the_nether].
[27Jul2026 17:11:27.909] [Server thread/INFO] [net.minecraft.server.players.PlayerList/]: Eutio[local:E:2ba84d32] logged in with entity id 20 at (62.90260144026847, 77.43096781056931, 159.41691979310602)
[27Jul2026 17:11:27.913] [Server thread/INFO] [dev.ryanhcode.sable.Sable/]: Beginning attempted authentication with player Eutio
[27Jul2026 17:11:27.940] [Render thread/INFO] [xaero.hud.minimap.MinimapLogs/]: Minimap required item set to nothing.
[27Jul2026 17:11:27.940] [Render thread/INFO] [xaero.hud.minimap.MinimapLogs/]: New Xaero hud session initialized!
[27Jul2026 17:11:27.943] [Server thread/INFO] [net.minecraft.server.MinecraftServer/]: Eutio joined the game
[27Jul2026 17:11:27.965] [Server thread/INFO] [DistantHorizons-DistantHorizons-com.seibel.distanthorizons.core.api.internal.ServerApi/]: Player [Eutio] joined.
[27Jul2026 17:11:27.991] [Render thread/INFO] [Iris/]: Reloading pipeline on dimension change: minecraft:overworld => minecraft:overworld
[27Jul2026 17:11:27.992] [Render thread/INFO] [Photonics/]: Photonics history reset v72: reason=pipeline-destroyed, generation=1
[27Jul2026 17:11:27.999] [Render thread/INFO] [Photonics/]: Photonics chunk compiler v72 stopped: pendingSections=0, memory=jvmHeap={usedBytes=2177652608, committedBytes=2436890624, maxBytes=8589934592}, jvmGc={collections=69, timeMs=475}, worldHeap=GpuBufferHeapStats[capacityBytes=536870912, reservedBytes=12, liveBytes=12, peakLiveBytes=12, reusableBytes=0, allocations=1, reusedAllocations=0, frees=0, failedAllocations=0], paletteHeap=GpuBufferHeapStats[capacityBytes=201326592, reservedBytes=0, liveBytes=0, peakLiveBytes=0, reusableBytes=0, allocations=0, reusedAllocations=0, frees=0, failedAllocations=0], registries={lights=Stats[cachedObjects=0, pendingFreeObjects=0, allocatedObjects=0, failedAllocations=0], palettes=Stats[cachedObjects=0, pendingFreeObjects=0, allocatedObjects=0, failedAllocations=0], blocks=Stats[cachedObjects=0, pendingFreeObjects=0, allocatedObjects=0, failedAllocations=0], models=Stats[cachedObjects=0, pendingFreeObjects=0, allocatedObjects=0, failedAllocations=0]}
[27Jul2026 17:11:28.002] [Render thread/INFO] [Photonics/]: Photonics light registry contains 127 light definitions for 98 blocks
[27Jul2026 17:11:28.002] [Render thread/INFO] [Iris/]: Destroying pipeline minecraft:overworld
[27Jul2026 17:11:28.009] [Render thread/INFO] [Photonics/]: Loaded ph_lights.json for shader pack 'photon-main (1).zip'
[27Jul2026 17:11:28.013] [Render thread/INFO] [Photonics/]: Photonics light registry contains 231 light definitions for 115 blocks
[27Jul2026 17:11:28.013] [Render thread/INFO] [Photonics/]: Photonics pipeline for 'photon-main (1).zip': enabled=true, mode=RESTIR, blockLight=true, gi=true, blockLightGi=false, handheld=true, shaderPackRenderScale=1.0, renderScale=0.5, giRenderScale=0.5, temporalUpscalerRequested=true, temporalUpscalerSourceScale=0.5, temporalUpscalerActive=true, temporalUpscalerHistoryFrames=8, maxLights=4000, maxSamples=20, restirInitial=32, restirSpatial=1, restirDenoiser=5, restirGiDenoiser=3, restirSoftShadows=false, restirCombinedGi=true
[27Jul2026 17:11:28.243] [Render thread/INFO] [Photonics/]: Photonics feature increment: v65 upstream traversal guard, hand texture-normal evaluation, immature-history edge variance, and variance-guided full SVGF passes; direct-light-v64 proxy ownership retained
[27Jul2026 17:11:28.243] [Render thread/INFO] [Photonics/]: Photonics GI foundation v82: finite full-position indirect reservoirs, corrected primary-ray origin/origin rebasing/explicit sky hits, normal/Jacobian-weighted world-hit temporal reuse for world and Sable receivers, hand temporal isolation, and selected-reservoir visibility validation
[27Jul2026 17:11:28.243] [Render thread/INFO] [Photonics/]: Photonics ReSTIR GI v79: combinedGi=true, splitGi=false, directScale=0.5, giScale=0.5, directDenoiserPasses=5, giDenoiserPasses=3, giPipeline=independent-frag-grid+reservoirs+history+svgf, composition=post-estimator-screen-space
[27Jul2026 17:11:28.243] [Render thread/INFO] [Photonics/]: Photonics split-GI reconstruction v81: receiver-aware four-tap interpolation with unsupported-pixel nearest-compatible fallback
[27Jul2026 17:11:28.243] [Render thread/INFO] [Photonics/]: Photonics GI stability v82: world-hit temporal reservoir reuse enabled for rigidly reprojected Sable receivers; hand history remains isolated
[27Jul2026 17:11:28.243] [Render thread/INFO] [Photonics/]: Photonics direct startup v84: unbiased candidate-count-stable half-budget camera-contribution stratum with full-list systematic tail coverage
[27Jul2026 17:11:28.243] [Render thread/INFO] [Photonics/]: Photonics ReSTIR GI transport v85+: stochastic tinted-glass traversal and endpoint-first transparent-hit validation
[27Jul2026 17:11:28.243] [Render thread/INFO] [Photonics/]: Photonics stability v86: deterministic thin-cutout GI coverage and bounded palette-heap compiler recovery probes
[27Jul2026 17:11:28.243] [Render thread/INFO] [Photonics/]: Photonics ReSTIR GI validation v88: triState=valid/blocked-current-receiver/stale, blockedHistoryM=preserved-once-with-zero-energy, staleHistoryM=excluded, maxTemporalCandidates=1, maxSpatialCandidates=1, maxTraversalSteps=128
[27Jul2026 17:11:28.243] [Render thread/INFO] [Photonics/]: Photonics feature set: direct-light-v64 expiring Contraption Lights proxy ownership with a conservative nearby unmatched-proxy quarantine, position-matched Sable light alias trail with registry/profile diagnostics and render-thread-owned external merge, full-precision motion-grid Sable receiver visibility and endpoint-safe conservative traversal, dual-space Sable light de-duplication, production composite restored after v57 reservoir diagnostics, corrected indirect hit-normal decoding, full temporal reservoir retention for Sable external lighting, randomized systematic world-light proposals, Sable skylight-transition diagnostics with opt-in getter freeze, post-denoise exact Sable-local direct stream and fail-closed same-domain visibility, camera-relative double-composed Sable reprojection, normal-guided receiver classification, tri-state same-sublevel visibility and conservative supercover voxel traversal, sampling-time receiver-domain partition with exact same-sublevel direct lighting, external-only Sable reservoirs and soft-shadow local-visibility-signature-guided Sable SVGF support, preserved all-zero current proposal batches, elapsed-time moving-light hysteresis and unsnapped render-pose positions, rejected spatial-batch accounting, receiver-domain-complete stable/external history partition and rigid-motion Sable spatial reuse, bounded visibility-rejected reservoirs and representative-scoped external reactivity, split stable/external accumulation histories and stale Sable material recovery, explicit emitter motion-domain identity, motion-domain-stable receiver-relative light-history limits, previous-light position metadata, rotation-correct cross-sublevel motion, guarded ordinary-world all-light and external-only Sable single-neighbor spatial reuse, immutable spatial input, current-receiver visibility validation, bounded spatial history, independent spatial random stream, bounded reservoirs, zero-contribution batch accounting, actual-motion reactive lights, stable-anchor Sable reprojection, surface-plane SVGF, visibility-transition provenance, stable Sable identity, current-visible temporal reuse, Sable plot-section isolation, deterministic diagonal cutouts, generation-aligned adaptive stratified ReSTIR proposals, exposed-face Sable local visibility, duplicate Veil point-light suppression, moving-light and Iris material bridges; finite-segment OOB visibility and tree-origin tracing, masked passes, texture barriers, accumulation, denoising, handheld; Sable-receiver world/cross-sublevel spatial reuse and combined GI compatibility gates active
[27Jul2026 17:11:28.243] [Render thread/INFO] [Photonics/]: Photonics ReSTIR configuration v79: directCandidatesPerPixel=32, directTemporalSampleCap=640, directOutputSampleCap=world-128/sable-temporal-cap, spatialCandidates=1, spatialRadiusPixels=5.0, output=split-direct-and-gi-radiance-plus-exact-sable-local, samplingPolicy=randomized-systematic-luminance-sorted-world-suffix+distinct-priority-prefix/sable-external-reservoir/exact-all-same-token-lights/fail-closed-tri-state-conservative-local-dda/full-precision-motion-grid-receiver/normal-biased-endpoint/preserved-zero-current-batches, spatialPolicy=receiver-matched-current-frame/external-only-sable/current-rejection-accounting/immutable-input/initial-batch-cap+rejected-fallback-cap+background-finalization, historyPolicy=receiver-domain-complete-split-stable-external/direct-only-full-rigid-local-history/camera-relative-double-compose/normal-guided-receiver/soft-local-signature-reset/visibility-transition-reset/representative-scoped-external-reactivity/explicit-emitter-domain/0.15-block-trail/2-frame-floor, lightListPolicy=position-matched-250ms-alias-trail/250ms-after-loss-minecraft-light-proxy-ownership/125ms+2-frame-unmatched-proxy-quarantine/3-cell-alias-radius/render-thread-owned-merge, motionHoldMs=250, denoiserPolicy=post-denoise-exact-local-hard-shadow+representative-gated-world+soft-local-signature-sable, sableSkyLightDiagnostic=transition-log/optional-freeze-getter, directDenoiserPasses=5, giDenoiserPasses=3, softShadows=false, combinedGi=true, splitGi=false
[27Jul2026 17:11:28.263] [Render thread/INFO] [Photonics/]: Photonics framebuffer capacity v68: buffer=side-a, attachments=7, maxDrawBuffers=8, maxColorAttachments=8
[27Jul2026 17:11:28.263] [Render thread/INFO] [Photonics/]: Photonics framebuffer capacity v68: buffer=side-b, attachments=7, maxDrawBuffers=8, maxColorAttachments=8
[27Jul2026 17:11:28.265] [Render thread/INFO] [Photonics/]: Photonics temporal upscaler: enabled=true, configuredSourceScale=0.5, effectiveSourceScale=0.5, giScale=0.5, outputScale=1.0, historyFrames=8, currentTaps=4+fallback, historyTaps=4, historyBytesPerOutputPixel=32, historyWorldRevisionTagged=true, composition=private-lighting-texture
[27Jul2026 17:11:28.265] [Render thread/INFO] [Photonics/]: Photonics history reset v18: reason=pipeline-created, generation=2, dimension=minecraft:overworld
[27Jul2026 17:11:28.265] [Render thread/INFO] [Iris/]: Creating pipeline for dimension minecraft:overworld
[27Jul2026 17:11:28.365] [Render thread/INFO] [org.anarres.cpp.DefaultPreprocessorListener/]: null:0:0: error: #endif without #if
[27Jul2026 17:11:28.373] [Render thread/INFO] [org.anarres.cpp.DefaultPreprocessorListener/]: null:0:0: error: #endif without #if
[27Jul2026 17:11:28.391] [Render thread/INFO] [org.anarres.cpp.DefaultPreprocessorListener/]: null:0:0: error: #endif without #if
[27Jul2026 17:11:28.408] [Render thread/INFO] [org.anarres.cpp.DefaultPreprocessorListener/]: null:0:0: error: #endif without #if
[27Jul2026 17:11:28.422] [Render thread/INFO] [org.anarres.cpp.DefaultPreprocessorListener/]: null:0:0: error: #endif without #if
[27Jul2026 17:11:28.435] [Render thread/INFO] [org.anarres.cpp.DefaultPreprocessorListener/]: null:0:0: error: #endif without #if
[27Jul2026 17:11:28.446] [Render thread/INFO] [org.anarres.cpp.DefaultPreprocessorListener/]: null:0:0: error: #endif without #if
[27Jul2026 17:11:28.456] [Render thread/INFO] [org.anarres.cpp.DefaultPreprocessorListener/]: null:0:0: error: #endif without #if
[27Jul2026 17:11:28.466] [Render thread/INFO] [org.anarres.cpp.DefaultPreprocessorListener/]: null:0:0: error: #endif without #if
[27Jul2026 17:11:28.477] [Render thread/INFO] [org.anarres.cpp.DefaultPreprocessorListener/]: null:0:0: error: #endif without #if
[27Jul2026 17:11:28.487] [Render thread/INFO] [org.anarres.cpp.DefaultPreprocessorListener/]: null:0:0: error: #endif without #if
[27Jul2026 17:11:28.493] [Render thread/INFO] [org.anarres.cpp.DefaultPreprocessorListener/]: null:0:0: error: #endif without #if
[27Jul2026 17:11:28.644] [Render thread/WARN] [flywheel/]: Flywheel backend fell back from 'flywheel:indirect' to 'flywheel:off'
[27Jul2026 17:11:28.715] [Render thread/INFO] [ChunkBuilder/]: Started 10 worker threads
[27Jul2026 17:11:28.783] [Render thread/INFO] [xaero.hud.minimap.MinimapLogs/]: Minimap updated server level id: -1346616716 for world ResourceKey[minecraft:dimension / minecraft:overworld]
[27Jul2026 17:11:28.787] [Render thread/INFO] [net.minecraft.advancements.AdvancementTree/]: Loaded 37 advancements
[27Jul2026 17:11:28.853] [Render thread/INFO] [Photonics/]: Photonics v32 ignored Sable plot section notification: filtered=1, sectionX=1280063, sectionZ=1280063
[27Jul2026 17:11:28.853] [Render thread/INFO] [Photonics/]: Photonics v32 ignored Sable plot section notification: filtered=2, sectionX=1280063, sectionZ=1280064
[27Jul2026 17:11:28.853] [Render thread/INFO] [Photonics/]: Photonics v32 ignored Sable plot section notification: filtered=4, sectionX=1280063, sectionZ=1280063
[27Jul2026 17:11:28.853] [Render thread/INFO] [Photonics/]: Photonics v32 ignored Sable plot section notification: filtered=8, sectionX=1280063, sectionZ=1280064
[27Jul2026 17:11:28.853] [Render thread/INFO] [Photonics/]: Photonics v32 ignored Sable plot section notification: filtered=16, sectionX=1280064, sectionZ=1280063
[27Jul2026 17:11:28.855] [Render thread/INFO] [Photonics/]: Photonics v32 ignored Sable plot section notification: filtered=32, sectionX=1280063, sectionZ=1280064
[27Jul2026 17:11:28.855] [Render thread/INFO] [Photonics/]: Photonics v32 ignored Sable plot section notification: filtered=64, sectionX=1280064, sectionZ=1280063
[27Jul2026 17:11:28.855] [Render thread/INFO] [Photonics/]: Photonics v32 ignored Sable plot section notification: filtered=128, sectionX=1280065, sectionZ=1280064
[27Jul2026 17:11:28.856] [Render thread/INFO] [Photonics/]: Photonics v32 ignored Sable plot section notification: filtered=256, sectionX=1280064, sectionZ=1280063
[27Jul2026 17:11:28.857] [Render thread/INFO] [Photonics/]: Photonics v32 ignored Sable plot section notification: filtered=512, sectionX=1280065, sectionZ=1280064
[27Jul2026 17:11:28.859] [Render thread/INFO] [Photonics/]: Photonics v32 ignored Sable plot section notification: filtered=1024, sectionX=1280065, sectionZ=1280063
[27Jul2026 17:11:28.865] [Render thread/INFO] [Photonics/]: Photonics v32 ignored Sable plot section notification: filtered=2048, sectionX=1280062, sectionZ=1280191
[27Jul2026 17:11:28.876] [Photonics Light List Compiler/INFO] [Photonics/]: Photonics light candidates v18: eligible=29, selected=29, maxLights=4000, lightSections=11, capped=false
[27Jul2026 17:11:28.920] [Photonics Light List Compiler/INFO] [Photonics/]: Photonics light candidates v18: eligible=52, selected=52, maxLights=4000, lightSections=19, capped=false
[27Jul2026 17:11:28.920] [Photonics Light List Compiler/INFO] [Photonics/]: Photonics light-list publication v88: coalescedBatches=2, peakPendingSections=48, remainingSections=0, deferredMs=16.302
[27Jul2026 17:11:29.213] [Render thread/INFO] [Photonics/]: Photonics v43 Sable source validation: zeroLuminanceButTraced=0, rejectedMaterial=0, recoveredStaleMaterial=0, firstIssue=none
[27Jul2026 17:11:29.227] [Render thread/INFO] [Photonics/]: Photonics world tracing v72: revision=0, settled=false, compiledSections=0, trackedSections=0, batchBuilt=0, batchUnloaded=0, pendingBuilds=0, pendingUnloads=0, ready=false, depth=0, blockBounds=( 0.000E+0  0.000E+0  0.000E+0)..( 0.000E+0  0.000E+0  0.000E+0), treeBounds=( 0.000E+0  0.000E+0  0.000E+0)..( 0.000E+0  0.000E+0  0.000E+0), origin=( 0.000E+0  0.000E+0  0.000E+0), boundsSource=tree, compileMs=0.000
[27Jul2026 17:11:29.228] [Render thread/INFO] [Photonics/]: Photonics light list pending: 0 -> 52
[27Jul2026 17:11:29.228] [Render thread/INFO] [Photonics/]: Photonics v35 direct-light prefixes: movingLights=0, externalLights=0, totalLights=52, proposalBudget=adaptive-half-candidates
[27Jul2026 17:11:29.448] [Render thread/INFO] [ChunkBuilder/]: Stopping worker threads
[27Jul2026 17:11:29.457] [Render thread/INFO] [ChunkBuilder/]: Started 10 worker threads
[27Jul2026 17:11:29.464] [Render thread/WARN] [flywheel/]: Flywheel backend fell back from 'flywheel:indirect' to 'flywheel:off'
[27Jul2026 17:11:29.504] [Worker-Main-7/INFO] [Photonics/]: Photonics v20 Iris material bridge active: path=vanilla-section, block=minecraft:oak_log, shaderPackId=10029, emission=0
[27Jul2026 17:11:29.513] [Worker-Main-7/INFO] [Photonics/]: Photonics v20 emissive material captured: path=vanilla-section, block=minecraft:verdant_froglight, shaderPackId=10052, emission=15
[27Jul2026 17:11:29.533] [Photonics Light List Compiler/INFO] [Photonics/]: Photonics light candidates v18: eligible=1231, selected=1231, maxLights=4000, lightSections=238, capped=false
[27Jul2026 17:11:29.533] [Photonics Light List Compiler/INFO] [Photonics/]: Photonics light-list publication v88: coalescedBatches=21, peakPendingSections=1748, remainingSections=914, deferredMs=260.207
[27Jul2026 17:11:29.555] [Render thread/WARN] [Sodium-VertexConsumerTracker/]: Class com.mojang.blaze3d.vertex.BufferBuilder does not support optimized vertex writing code paths, which may cause reduced rendering performance
[27Jul2026 17:11:29.561] [Photonic Chunk Compiler #1/INFO] [Photonics/]: Photonics voxel diagnostic: state=Block{minecraft:spruce_fence}[east=false,north=false,south=false,waterlogged=false,west=false] vertexHash=e44cff0342b11d08 complete=true samples=292 alphaZero=0 alphaPartial=0 alphaOpaque=292 rgbMean=[114.0,83.9,47.9] rgbRange=[85-136,58-101,31-58] voxels=200 aabb=[6,0,6]-[9,15,9] parts=[( 0.000E+0  0.000E+0  0.000E+0)]
[27Jul2026 17:11:29.562] [Photonic Chunk Compiler #1/INFO] [Photonics/]: Photonics voxel occupancy: state=Block{minecraft:spruce_fence}[east=false,north=false,south=false,waterlogged=false,west=false] part=( 0.000E+0  0.000E+0  0.000E+0) slices=y0=0000/0000/0000/0000/0000/0000/03c0/03c0/03c0/03c0/0000/0000/0000/0000/0000/0000;y1=0000/0000/0000/0000/0000/0000/03c0/0240/0240/03c0/0000/0000/0000/0000/0000/0000;y2=0000/0000/0000/0000/0000/0000/03c0/0240/0240/03c0/0000/0000/0000/0000/0000/0000;y3=0000/0000/0000/0000/0000/0000/03c0/0240/0240/03c0/0000/0000/0000/0000/0000/0000;y4=0000/0000/0000/0000/0000/0000/03c0/0240/0240/03c0/0000/0000/0000/0000/0000/0000;y5=0000/0000/0000/0000/0000/0000/03c0/0240/0240/03c0/0000/0000/0000/0000/0000/0000;y6=0000/0000/0000/0000/0000/0000/03c0/0240/0240/03c0/0000/0000/0000/0000/0000/0000;y7=0000/0000/0000/0000/0000/0000/03c0/0240/0240/03c0/0000/0000/0000/0000/0000/0000;y8=0000/0000/0000/0000/0000/0000/03c0/0240/0240/03c0/0000/0000/0000/0000/0000/0000;y9=0000/0000/0000/0000/0000/0000/03c0/0240/0240/03c0/0000/0000/0000/0000/0000/0000;y10=0000/0000/0000/0000/0000/0000/03c0/0240/0240/03c0/0000/0000/0000/0000/0000/0000;y11=0000/0000/0000/0000/0000/0000/03c0/0240/0240/03c0/0000/0000/0000/0000/0000/0000;y12=0000/0000/0000/0000/0000/0000/03c0/0240/0240/03c0/0000/0000/0000/0000/0000/0000;y13=0000/0000/0000/0000/0000/0000/03c0/0240/0240/03c0/0000/0000/0000/0000/0000/0000;y14=0000/0000/0000/0000/0000/0000/03c0/0240/0240/03c0/0000/0000/0000/0000/0000/0000;y15=0000/0000/0000/0000/0000/0000/03c0/03c0/03c0/03c0/0000/0000/0000/0000/0000/0000
[27Jul2026 17:11:29.563] [Photonic Chunk Compiler #1/INFO] [Photonics/]: Photonics voxel diagnostic: state=Block{minecraft:spruce_fence}[east=false,north=false,south=true,waterlogged=false,west=false] vertexHash=1f4be36ea15422c0 complete=true samples=490 alphaZero=0 alphaPartial=0 alphaOpaque=490 rgbMean=[113.0,83.2,47.5] rgbRange=[85-136,58-101,31-58] voxels=296 aabb=[6,0,6]-[9,15,15] parts=[( 0.000E+0  0.000E+0  0.000E+0)]
[27Jul2026 17:11:29.564] [Photonic Chunk Compiler #1/INFO] [Photonics/]: Photonics voxel occupancy: state=Block{minecraft:spruce_fence}[east=false,north=false,south=true,waterlogged=false,west=false] part=( 0.000E+0  0.000E+0  0.000E+0) slices=y0=0000/0000/0000/0000/0000/0000/03c0/03c0/03c0/03c0/0000/0000/0000/0000/0000/0000;y1=0000/0000/0000/0000/0000/0000/03c0/0240/0240/03c0/0000/0000/0000/0000/0000/0000;y2=0000/0000/0000/0000/0000/0000/03c0/0240/0240/03c0/0000/0000/0000/0000/0000/0000;y3=0000/0000/0000/0000/0000/0000/03c0/0240/0240/03c0/0000/0000/0000/0000/0000/0000;y4=0000/0000/0000/0000/0000/0000/03c0/0240/0240/03c0/0000/0000/0000/0000/0000/0000;y5=0000/0000/0000/0000/0000/0000/03c0/0240/0240/03c0/0000/0000/0000/0000/0000/0000;y6=0000/0000/0000/0000/0000/0000/03c0/03c0/03c0/03c0/0180/0180/0180/0180/0180/0180;y7=0000/0000/0000/0000/0000/0000/03c0/03c0/03c0/03c0/0180/0180/0180/0180/0180/0180;y8=0000/0000/0000/0000/0000/0000/03c0/03c0/03c0/03c0/0180/0180/0180/0180/0180/0180;y9=0000/0000/0000/0000/0000/0000/03c0/0240/0240/03c0/0000/0000/0000/0000/0000/0000;y10=0000/0000/0000/0000/0000/0000/03c0/0240/0240/03c0/0000/0000/0000/0000/0000/0000;y11=0000/0000/0000/0000/0000/0000/03c0/0240/0240/03c0/0000/0000/0000/0000/0000/0000;y12=0000/0000/0000/0000/0000/0000/03c0/03c0/03c0/03c0/0180/0180/0180/0180/0180/0180;y13=0000/0000/0000/0000/0000/0000/03c0/03c0/03c0/03c0/0180/0180/0180/0180/0180/0180;y14=0000/0000/0000/0000/0000/0000/03c0/03c0/03c0/03c0/0180/0180/0180/0180/0180/0180;y15=0000/0000/0000/0000/0000/0000/03c0/03c0/03c0/03c0/0000/0000/0000/0000/0000/0000
[27Jul2026 17:11:29.572] [Photonic Chunk Compiler #0/INFO] [Photonics/]: Photonics voxel diagnostic: state=Block{minecraft:oak_fence}[east=true,north=false,south=false,waterlogged=false,west=false] vertexHash=33d3100896dea2c0 complete=true samples=496 alphaZero=0 alphaPartial=0 alphaOpaque=496 rgbMean=[158.7,127.7,76.5] rgbRange=[103-194,80-157,44-98] voxels=296 aabb=[6,0,6]-[15,15,9] parts=[( 0.000E+0  0.000E+0  0.000E+0)]
[27Jul2026 17:11:29.573] [Photonic Chunk Compiler #0/INFO] [Photonics/]: Photonics voxel occupancy: state=Block{minecraft:oak_fence}[east=true,north=false,south=false,waterlogged=false,west=false] part=( 0.000E+0  0.000E+0  0.000E+0) slices=y0=0000/0000/0000/0000/0000/0000/03c0/03c0/03c0/03c0/0000/0000/0000/0000/0000/0000;y1=0000/0000/0000/0000/0000/0000/03c0/0240/0240/03c0/0000/0000/0000/0000/0000/0000;y2=0000/0000/0000/0000/0000/0000/03c0/0240/0240/03c0/0000/0000/0000/0000/0000/0000;y3=0000/0000/0000/0000/0000/0000/03c0/0240/0240/03c0/0000/0000/0000/0000/0000/0000;y4=0000/0000/0000/0000/0000/0000/03c0/0240/0240/03c0/0000/0000/0000/0000/0000/0000;y5=0000/0000/0000/0000/0000/0000/03c0/0240/0240/03c0/0000/0000/0000/0000/0000/0000;y6=0000/0000/0000/0000/0000/0000/03c0/ffc0/ffc0/03c0/0000/0000/0000/0000/0000/0000;y7=0000/0000/0000/0000/0000/0000/03c0/ffc0/ffc0/03c0/0000/0000/0000/0000/0000/0000;y8=0000/0000/0000/0000/0000/0000/03c0/ffc0/ffc0/03c0/0000/0000/0000/0000/0000/0000;y9=0000/0000/0000/0000/0000/0000/03c0/0240/0240/03c0/0000/0000/0000/0000/0000/0000;y10=0000/0000/0000/0000/0000/0000/03c0/0240/0240/03c0/0000/0000/0000/0000/0000/0000;y11=0000/0000/0000/0000/0000/0000/03c0/0240/0240/03c0/0000/0000/0000/0000/0000/0000;y12=0000/0000/0000/0000/0000/0000/03c0/ffc0/ffc0/03c0/0000/0000/0000/0000/0000/0000;y13=0000/0000/0000/0000/0000/0000/03c0/ffc0/ffc0/03c0/0000/0000/0000/0000/0000/0000;y14=0000/0000/0000/0000/0000/0000/03c0/ffc0/ffc0/03c0/0000/0000/0000/0000/0000/0000;y15=0000/0000/0000/0000/0000/0000/03c0/03c0/03c0/03c0/0000/0000/0000/0000/0000/0000
[27Jul2026 17:11:29.576] [Photonic Chunk Compiler #0/INFO] [Photonics/]: Photonics voxel diagnostic: state=Block{minecraft:spruce_fence}[east=true,north=false,south=false,waterlogged=false,west=false] vertexHash=a339ecca7cd22c0 complete=true samples=496 alphaZero=0 alphaPartial=0 alphaOpaque=496 rgbMean=[113.1,83.3,47.4] rgbRange=[85-136,58-101,31-58] voxels=296 aabb=[6,0,6]-[15,15,9] parts=[( 0.000E+0  0.000E+0  0.000E+0)]
[27Jul2026 17:11:29.577] [Photonic Chunk Compiler #0/INFO] [Photonics/]: Photonics voxel occupancy: state=Block{minecraft:spruce_fence}[east=true,north=false,south=false,waterlogged=false,west=false] part=( 0.000E+0  0.000E+0  0.000E+0) slices=y0=0000/0000/0000/0000/0000/0000/03c0/03c0/03c0/03c0/0000/0000/0000/0000/0000/0000;y1=0000/0000/0000/0000/0000/0000/03c0/0240/0240/03c0/0000/0000/0000/0000/0000/0000;y2=0000/0000/0000/0000/0000/0000/03c0/0240/0240/03c0/0000/0000/0000/0000/0000/0000;y3=0000/0000/0000/0000/0000/0000/03c0/0240/0240/03c0/0000/0000/0000/0000/0000/0000;y4=0000/0000/0000/0000/0000/0000/03c0/0240/0240/03c0/0000/0000/0000/0000/0000/0000;y5=0000/0000/0000/0000/0000/0000/03c0/0240/0240/03c0/0000/0000/0000/0000/0000/0000;y6=0000/0000/0000/0000/0000/0000/03c0/ffc0/ffc0/03c0/0000/0000/0000/0000/0000/0000;y7=0000/0000/0000/0000/0000/0000/03c0/ffc0/ffc0/03c0/0000/0000/0000/0000/0000/0000;y8=0000/0000/0000/0000/0000/0000/03c0/ffc0/ffc0/03c0/0000/0000/0000/0000/0000/0000;y9=0000/0000/0000/0000/0000/0000/03c0/0240/0240/03c0/0000/0000/0000/0000/0000/0000;y10=0000/0000/0000/0000/0000/0000/03c0/0240/0240/03c0/0000/0000/0000/0000/0000/0000;y11=0000/0000/0000/0000/0000/0000/03c0/0240/0240/03c0/0000/0000/0000/0000/0000/0000;y12=0000/0000/0000/0000/0000/0000/03c0/ffc0/ffc0/03c0/0000/0000/0000/0000/0000/0000;y13=0000/0000/0000/0000/0000/0000/03c0/ffc0/ffc0/03c0/0000/0000/0000/0000/0000/0000;y14=0000/0000/0000/0000/0000/0000/03c0/ffc0/ffc0/03c0/0000/0000/0000/0000/0000/0000;y15=0000/0000/0000/0000/0000/0000/03c0/03c0/03c0/03c0/0000/0000/0000/0000/0000/0000
[27Jul2026 17:11:29.577] [Photonic Chunk Compiler #0/INFO] [Photonics/]: Photonics voxel diagnostic: state=Block{minecraft:oak_fence}[east=false,north=false,south=false,waterlogged=false,west=false] vertexHash=e2f0a8e2b7a11d08 complete=true samples=292 alphaZero=0 alphaPartial=0 alphaOpaque=292 rgbMean=[160.4,129.4,77.5] rgbRange=[103-194,80-157,44-98] voxels=200 aabb=[6,0,6]-[9,15,9] parts=[( 0.000E+0  0.000E+0  0.000E+0)]
[27Jul2026 17:11:29.578] [Photonic Chunk Compiler #0/INFO] [Photonics/]: Photonics voxel occupancy: state=Block{minecraft:oak_fence}[east=false,north=false,south=false,waterlogged=false,west=false] part=( 0.000E+0  0.000E+0  0.000E+0) slices=y0=0000/0000/0000/0000/0000/0000/03c0/03c0/03c0/03c0/0000/0000/0000/0000/0000/0000;y1=0000/0000/0000/0000/0000/0000/03c0/0240/0240/03c0/0000/0000/0000/0000/0000/0000;y2=0000/0000/0000/0000/0000/0000/03c0/0240/0240/03c0/0000/0000/0000/0000/0000/0000;y3=0000/0000/0000/0000/0000/0000/03c0/0240/0240/03c0/0000/0000/0000/0000/0000/0000;y4=0000/0000/0000/0000/0000/0000/03c0/0240/0240/03c0/0000/0000/0000/0000/0000/0000;y5=0000/0000/0000/0000/0000/0000/03c0/0240/0240/03c0/0000/0000/0000/0000/0000/0000;y6=0000/0000/0000/0000/0000/0000/03c0/0240/0240/03c0/0000/0000/0000/0000/0000/0000;y7=0000/0000/0000/0000/0000/0000/03c0/0240/0240/03c0/0000/0000/0000/0000/0000/0000;y8=0000/0000/0000/0000/0000/0000/03c0/0240/0240/03c0/0000/0000/0000/0000/0000/0000;y9=0000/0000/0000/0000/0000/0000/03c0/0240/0240/03c0/0000/0000/0000/0000/0000/0000;y10=0000/0000/0000/0000/0000/0000/03c0/0240/0240/03c0/0000/0000/0000/0000/0000/0000;y11=0000/0000/0000/0000/0000/0000/03c0/0240/0240/03c0/0000/0000/0000/0000/0000/0000;y12=0000/0000/0000/0000/0000/0000/03c0/0240/0240/03c0/0000/0000/0000/0000/0000/0000;y13=0000/0000/0000/0000/0000/0000/03c0/0240/0240/03c0/0000/0000/0000/0000/0000/0000;y14=0000/0000/0000/0000/0000/0000/03c0/0240/0240/03c0/0000/0000/0000/0000/0000/0000;y15=0000/0000/0000/0000/0000/0000/03c0/03c0/03c0/03c0/0000/0000/0000/0000/0000/0000
[27Jul2026 17:11:29.585] [Render thread/WARN] [Sodium-VertexConsumerTracker/]: Class net.minecraft.client.renderer.SpriteCoordinateExpander does not support optimized vertex writing code paths, which may cause reduced rendering performance
[27Jul2026 17:11:29.592] [Photonic Chunk Compiler #0/INFO] [Photonics/]: Photonics voxel diagnostic: state=Block{minecraft:oak_fence}[east=false,north=false,south=false,waterlogged=false,west=true] vertexHash=7e1262c1fbdea2c0 complete=true samples=496 alphaZero=0 alphaPartial=0 alphaOpaque=496 rgbMean=[158.7,127.7,76.5] rgbRange=[103-194,80-157,44-98] voxels=296 aabb=[0,0,6]-[9,15,9] parts=[( 0.000E+0  0.000E+0  0.000E+0)]
[27Jul2026 17:11:29.593] [Photonic Chunk Compiler #0/INFO] [Photonics/]: Photonics voxel occupancy: state=Block{minecraft:oak_fence}[east=false,north=false,south=false,waterlogged=false,west=true] part=( 0.000E+0  0.000E+0  0.000E+0) slices=y0=0000/0000/0000/0000/0000/0000/03c0/03c0/03c0/03c0/0000/0000/0000/0000/0000/0000;y1=0000/0000/0000/0000/0000/0000/03c0/0240/0240/03c0/0000/0000/0000/0000/0000/0000;y2=0000/0000/0000/0000/0000/0000/03c0/0240/0240/03c0/0000/0000/0000/0000/0000/0000;y3=0000/0000/0000/0000/0000/0000/03c0/0240/0240/03c0/0000/0000/0000/0000/0000/0000;y4=0000/0000/0000/0000/0000/0000/03c0/0240/0240/03c0/0000/0000/0000/0000/0000/0000;y5=0000/0000/0000/0000/0000/0000/03c0/0240/0240/03c0/0000/0000/0000/0000/0000/0000;y6=0000/0000/0000/0000/0000/0000/03c0/03ff/03ff/03c0/0000/0000/0000/0000/0000/0000;y7=0000/0000/0000/0000/0000/0000/03c0/03ff/03ff/03c0/0000/0000/0000/0000/0000/0000;y8=0000/0000/0000/0000/0000/0000/03c0/03ff/03ff/03c0/0000/0000/0000/0000/0000/0000;y9=0000/0000/0000/0000/0000/0000/03c0/0240/0240/03c0/0000/0000/0000/0000/0000/0000;y10=0000/0000/0000/0000/0000/0000/03c0/0240/0240/03c0/0000/0000/0000/0000/0000/0000;y11=0000/0000/0000/0000/0000/0000/03c0/0240/0240/03c0/0000/0000/0000/0000/0000/0000;y12=0000/0000/0000/0000/0000/0000/03c0/03ff/03ff/03c0/0000/0000/0000/0000/0000/0000;y13=0000/0000/0000/0000/0000/0000/03c0/03ff/03ff/03c0/0000/0000/0000/0000/0000/0000;y14=0000/0000/0000/0000/0000/0000/03c0/03ff/03ff/03c0/0000/0000/0000/0000/0000/0000;y15=0000/0000/0000/0000/0000/0000/03c0/03c0/03c0/03c0/0000/0000/0000/0000/0000/0000
[27Jul2026 17:11:29.708] [Render thread/INFO] [DistantHorizons-DistantHorizons-com.seibel.distanthorizons.common.render.openGl.glObject.GLProxy/]: Iris detected, Distant Horizons OpenGL error logging won't be sent in the chat due to Iris throwing known (harmless) OpenGL errors. This is a bug with Iris, not Distant Horizons.
[27Jul2026 17:11:29.711] [Render thread/INFO] [DistantHorizons-DistantHorizons-com.seibel.distanthorizons.common.render.openGl.glObject.GLProxy/]: Creating [GLProxy]... If this is the last message you see there must have been an OpenGL error.
[27Jul2026 17:11:29.711] [Render thread/INFO] [DistantHorizons-DistantHorizons-com.seibel.distanthorizons.common.render.openGl.glObject.GLProxy/]: Lod Render OpenGL version [4.6 (Core Profile) Mesa 26.1.2 - kisak-mesa PPA].
[27Jul2026 17:11:29.712] [Render thread/INFO] [DistantHorizons-DistantHorizons-com.seibel.distanthorizons.common.render.openGl.glObject.GLProxy/]: minecraftGlCapabilities:
Your OpenGL support:
openGL version 3.3+: [true] <- REQUIRED
Vertex Attribute Buffer Binding: [true] <- optional improvement
Buffer Storage: [true] <- optional improvement

[27Jul2026 17:11:29.722] [Render thread/INFO] [DistantHorizons-DistantHorizons-com.seibel.distanthorizons.common.render.openGl.glObject.GLProxy/]: GPU Vendor [AMD] with OS [Linux], Preferred upload method is [BUFFER_STORAGE].
[27Jul2026 17:11:29.722] [Render thread/INFO] [DistantHorizons-DistantHorizons-com.seibel.distanthorizons.common.render.openGl.glObject.GLProxy/]: GLProxy creation successful. OpenGL smiles upon you this day.
[27Jul2026 17:11:29.722] [Render thread/INFO] [DistantHorizons-DistantHorizons-com.seibel.distanthorizons.common.render.openGl.GlDhMetaRenderer_neoforge/]: Setting up renderer
[27Jul2026 17:11:29.728] [Render thread/INFO] [DistantHorizons-DistantHorizons-com.seibel.distanthorizons.common.render.openGl.GlDhMetaRenderer_neoforge/]: Renderer setup complete
[27Jul2026 17:11:29.732] [Render thread/INFO] [DistantHorizons-DistantHorizons-com.seibel.distanthorizons.common.render.openGl.glObject.shader.GlShader/]: Loading shader with type: [35633]
[27Jul2026 17:11:29.732] [Render thread/INFO] [DistantHorizons-DistantHorizons-com.seibel.distanthorizons.common.render.openGl.glObject.shader.GlShader/]: Shader loaded sucessfully.
[27Jul2026 17:11:29.733] [Render thread/INFO] [DistantHorizons-DistantHorizons-com.seibel.distanthorizons.common.render.openGl.glObject.shader.GlShader/]: Loading shader with type: [35632]
[27Jul2026 17:11:29.733] [Render thread/INFO] [DistantHorizons-DistantHorizons-com.seibel.distanthorizons.common.render.openGl.glObject.shader.GlShader/]: Shader loaded sucessfully.
[27Jul2026 17:11:29.736] [Render thread/INFO] [DistantHorizons-DistantHorizons-com.seibel.distanthorizons.common.render.openGl.glObject.vertexAttribute.GlVertexAttributePostGL43/]: Vertex Attribute (GL43+) completed. It contains 1 binding points and a stride size of 16
[27Jul2026 17:11:29.736] [Render thread/INFO] [DistantHorizons-DistantHorizons-com.seibel.distanthorizons.core.render.renderer.LodRenderer/]: Overriding vanilla MC settings to better fit Distant Horizons... This behavior can be disabled in the Distant Horizons config.
[27Jul2026 17:11:29.736] [Render thread/INFO] [DistantHorizons-DistantHorizons-com.seibel.distanthorizons.common.wrappers.minecraft.MinecraftClientWrapper_neoforge/]: Disabling vanilla clouds... This is done to prevent vanilla clouds from rendering on top of Distant Horizons LODs.
[27Jul2026 17:11:29.736] [Render thread/INFO] [DistantHorizons-DistantHorizons-com.seibel.distanthorizons.common.wrappers.minecraft.MinecraftClientWrapper_neoforge/]: Disabling fabulous graphics... This is done to fix vanilla chunks (specifically water blocks) not fading into Distant Horizons LODs when DH's 'Vanilla Fade' option is enabled.
[27Jul2026 17:11:29.738] [Render thread/INFO] [DistantHorizons-DistantHorizons-com.seibel.distanthorizons.common.render.openGl.glObject.shader.GlShader/]: Loading shader with type: [35633]
[27Jul2026 17:11:29.739] [Render thread/INFO] [DistantHorizons-DistantHorizons-com.seibel.distanthorizons.common.render.openGl.glObject.shader.GlShader/]: Shader loaded sucessfully.
[27Jul2026 17:11:29.739] [Render thread/INFO] [DistantHorizons-DistantHorizons-com.seibel.distanthorizons.common.render.openGl.glObject.shader.GlShader/]: Loading shader with type: [35632]
[27Jul2026 17:11:29.739] [Render thread/INFO] [DistantHorizons-DistantHorizons-com.seibel.distanthorizons.common.render.openGl.glObject.shader.GlShader/]: Shader loaded sucessfully.
[27Jul2026 17:11:29.740] [Render thread/INFO] [DistantHorizons-DistantHorizons-com.seibel.distanthorizons.common.render.openGl.glObject.vertexAttribute.GlVertexAttributePostGL43/]: Vertex Attribute (GL43+) completed. It contains 1 binding points and a stride size of 12
[27Jul2026 17:11:29.740] [Render thread/INFO] [DistantHorizons-DistantHorizons-com.seibel.distanthorizons.common.render.openGl.glObject.shader.GlShader/]: Loading shader with type: [35633]
[27Jul2026 17:11:29.740] [Render thread/INFO] [DistantHorizons-DistantHorizons-com.seibel.distanthorizons.common.render.openGl.glObject.shader.GlShader/]: Shader loaded sucessfully.
[27Jul2026 17:11:29.740] [Render thread/INFO] [DistantHorizons-DistantHorizons-com.seibel.distanthorizons.common.render.openGl.glObject.shader.GlShader/]: Loading shader with type: [35632]
[27Jul2026 17:11:29.740] [Render thread/INFO] [DistantHorizons-DistantHorizons-com.seibel.distanthorizons.common.render.openGl.glObject.shader.GlShader/]: Shader loaded sucessfully.
[27Jul2026 17:11:29.741] [Render thread/INFO] [DistantHorizons-DistantHorizons-com.seibel.distanthorizons.common.render.openGl.glObject.vertexAttribute.GlVertexAttributePostGL43/]: Vertex Attribute (GL43+) completed. It contains 1 binding points and a stride size of 12
[27Jul2026 17:11:29.761] [Photonics Light List Compiler/INFO] [Photonics/]: Photonics light candidates v18: eligible=3452, selected=3452, maxLights=4000, lightSections=409, capped=false
[27Jul2026 17:11:29.762] [Photonics Light List Compiler/INFO] [Photonics/]: Photonics light-list publication v88: coalescedBatches=20, peakPendingSections=866, remainingSections=0, deferredMs=210.789
[27Jul2026 17:11:29.836] [Render thread/INFO] [top.leonx.irisveil.IrisVeilCompat/]: IrisVeilCompat: using Block program with dithering for translucent 'aeronautics:levitite/levitite'
[27Jul2026 17:11:29.890] [Render thread/WARN] [net.irisshaders.iris.pipeline.transform.transformer.CompatibilityTransformer/]: The in declaration '_veil_ghostLayerFullness' in the gbuffers_veil_aeronautics_levitite_levitite FRAGMENT shader is missing a corresponding out declaration in the previous stage VERTEX and has been compatibility-patched. See debugging.md for more information.
[27Jul2026 17:11:29.890] [Render thread/WARN] [net.irisshaders.iris.pipeline.transform.transformer.CompatibilityTransformer/]: The in declaration '_veil_depth' in the gbuffers_veil_aeronautics_levitite_levitite FRAGMENT shader is missing a corresponding out declaration in the previous stage VERTEX and has been compatibility-patched. See debugging.md for more information.
[27Jul2026 17:11:29.890] [Render thread/WARN] [net.irisshaders.iris.pipeline.transform.transformer.CompatibilityTransformer/]: The in declaration '_veil_ghostNoiseMagnitude' in the gbuffers_veil_aeronautics_levitite_levitite FRAGMENT shader is missing a corresponding out declaration in the previous stage VERTEX and has been compatibility-patched. See debugging.md for more information.
[27Jul2026 17:11:29.898] [Render thread/INFO] [top.leonx.irisveil.IrisVeilCompat/]: IrisVeilCompat: created Iris ShaderInstance for 'aeronautics:levitite/levitite'
[27Jul2026 17:11:29.921] [Render thread/INFO] [Photonics/]: Photonics history reset v18: reason=initial-clear, buffer=side-b, attachments=[ph_frag_data0, ph_frag_data1], size=-1x-1 -> 427x240
[27Jul2026 17:11:29.921] [Render thread/INFO] [Photonics/]: Photonics history reset v18: reason=initial-clear, buffer=side-a, attachments=[ph_frag_data0, ph_frag_data1], size=-1x-1 -> 427x240
[27Jul2026 17:11:29.923] [Render thread/INFO] [Photonics/]: Photonics history reset v18: reason=initial-clear, buffer=side-b, attachments=[restir_lighting, restir_lighting_variance, restir_direct_reservoirs0, restir_direct_state, restir_indirect_reservoirs0, restir_indirect_reservoirs1, restir_external_lighting], size=-1x-1 -> 427x240
[27Jul2026 17:11:29.923] [Render thread/INFO] [Photonics/]: Photonics history reset v18: reason=initial-clear, buffer=side-a, attachments=[restir_lighting, restir_lighting_variance, restir_direct_reservoirs0, restir_direct_state, restir_indirect_reservoirs0, restir_indirect_reservoirs1, restir_external_lighting], size=-1x-1 -> 427x240
[27Jul2026 17:11:29.933] [Render thread/INFO] [Photonics/]: Photonics history reset v18: reason=initial-clear, buffer=side-a, attachments=[denoise_result], size=-1x-1 -> 427x240
[27Jul2026 17:11:29.933] [Render thread/INFO] [Photonics/]: Photonics history reset v18: reason=initial-clear, buffer=side-b, attachments=[denoise_result], size=-1x-1 -> 427x240
[27Jul2026 17:11:29.935] [Render thread/INFO] [Photonics/]: Photonics history reset v18: reason=initial-clear, buffer=side-b, attachments=[photonics_temporal_lighting, photonics_temporal_surface], size=-1x-1 -> 854x480
[27Jul2026 17:11:29.936] [Render thread/INFO] [Photonics/]: Photonics history reset v18: reason=initial-clear, buffer=side-a, attachments=[photonics_temporal_lighting, photonics_temporal_surface], size=-1x-1 -> 854x480
[27Jul2026 17:11:29.966] [Render thread/INFO] [Veil/]: Multi-Bind supported, using core
[27Jul2026 17:11:29.977] [Photonic Chunk Compiler #1/INFO] [Photonics/]: Photonics voxel diagnostic: state=Block{minecraft:spruce_fence}[east=false,north=false,south=false,waterlogged=false,west=true] vertexHash=a0327cba68cd22c0 complete=true samples=496 alphaZero=0 alphaPartial=0 alphaOpaque=496 rgbMean=[113.1,83.3,47.4] rgbRange=[85-136,58-101,31-58] voxels=296 aabb=[0,0,6]-[9,15,9] parts=[( 0.000E+0  0.000E+0  0.000E+0)]
[27Jul2026 17:11:29.977] [Photonic Chunk Compiler #1/INFO] [Photonics/]: Photonics voxel occupancy: state=Block{minecraft:spruce_fence}[east=false,north=false,south=false,waterlogged=false,west=true] part=( 0.000E+0  0.000E+0  0.000E+0) slices=y0=0000/0000/0000/0000/0000/0000/03c0/03c0/03c0/03c0/0000/0000/0000/0000/0000/0000;y1=0000/0000/0000/0000/0000/0000/03c0/0240/0240/03c0/0000/0000/0000/0000/0000/0000;y2=0000/0000/0000/0000/0000/0000/03c0/0240/0240/03c0/0000/0000/0000/0000/0000/0000;y3=0000/0000/0000/0000/0000/0000/03c0/0240/0240/03c0/0000/0000/0000/0000/0000/0000;y4=0000/0000/0000/0000/0000/0000/03c0/0240/0240/03c0/0000/0000/0000/0000/0000/0000;y5=0000/0000/0000/0000/0000/0000/03c0/0240/0240/03c0/0000/0000/0000/0000/0000/0000;y6=0000/0000/0000/0000/0000/0000/03c0/03ff/03ff/03c0/0000/0000/0000/0000/0000/0000;y7=0000/0000/0000/0000/0000/0000/03c0/03ff/03ff/03c0/0000/0000/0000/0000/0000/0000;y8=0000/0000/0000/0000/0000/0000/03c0/03ff/03ff/03c0/0000/0000/0000/0000/0000/0000;y9=0000/0000/0000/0000/0000/0000/03c0/0240/0240/03c0/0000/0000/0000/0000/0000/0000;y10=0000/0000/0000/0000/0000/0000/03c0/0240/0240/03c0/0000/0000/0000/0000/0000/0000;y11=0000/0000/0000/0000/0000/0000/03c0/0240/0240/03c0/0000/0000/0000/0000/0000/0000;y12=0000/0000/0000/0000/0000/0000/03c0/03ff/03ff/03c0/0000/0000/0000/0000/0000/0000;y13=0000/0000/0000/0000/0000/0000/03c0/03ff/03ff/03c0/0000/0000/0000/0000/0000/0000;y14=0000/0000/0000/0000/0000/0000/03c0/03ff/03ff/03c0/0000/0000/0000/0000/0000/0000;y15=0000/0000/0000/0000/0000/0000/03c0/03c0/03c0/03c0/0000/0000/0000/0000/0000/0000
[27Jul2026 17:11:29.988] [Render thread/INFO] [xaero.hud.minimap.MinimapLogs/]: Reloading radar icon resources...
[27Jul2026 17:11:30.015] [Render thread/INFO] [xaero.hud.minimap.MinimapLogs/]: Reloaded radar icon resources!
[27Jul2026 17:11:30.193] [Render thread/INFO] [Photonics/]: Photonics v64 stale section-light suppression active: lights=1, aliases=2, aliasHoldMs=250, maxAliasesPerLight=24, matching=position+(registry-id/profile diagnostics)+after-loss-owned-nearby-Light-proxy-quarantine, mergeOwner=render-thread
[27Jul2026 17:11:30.193] [Render thread/INFO] [Photonics/]: Photonics v42 frame-aligned Contraption Lights/Sable light bridge active: structures=2, sourceLights=1, uploadedLights=1, identity=sublevel-uuid-token, proposalBudget=adaptive-half-candidates
[27Jul2026 17:11:30.193] [Render thread/INFO] [Photonics/]: Photonics v24 Sable moving lights: 0 -> 1 (structures=2, sourceLights=1)
[27Jul2026 17:11:30.193] [Render thread/INFO] [Photonics/]: Photonics v35 Sable reactive lights: moving=1, stationary=0, uploaded=1
[27Jul2026 17:11:30.193] [Render thread/INFO] [Photonics/]: Photonics v55 Sable skylight diagnostics active: source=ClientSubLevel.latestSkyLightScale, freezeGetter=false
[27Jul2026 17:11:30.193] [Render thread/INFO] [Photonics/]: Photonics v55 Sable skylight transition: subLevel=cbc7d7cd-cd2f-40e1-b271-034f19770a7b, scale=initial -> 15, logicalY=69.49741 (cell 69), renderY=69.49741 (cell 69), cameraY=79.04907 (cell 79)
[27Jul2026 17:11:30.194] [Render thread/INFO] [Photonics/]: Photonics v55 Sable skylight transition: subLevel=4de0b23a-a039-4374-baa4-dd946612d8f9, scale=initial -> 0, logicalY=76.50000 (cell 76), renderY=76.50000 (cell 76), cameraY=79.04907 (cell 79)
[27Jul2026 17:11:30.196] [Render thread/INFO] [Photonics/]: Photonics v27 Sable geometry atlas rebuilt: rebuild=1, subLevels=2, receiverCells=10, occluderCells=9, size=4x4x3, precision=solid-block-cell, payloadHash=55e74b01
[27Jul2026 17:11:30.196] [Render thread/INFO] [Photonics/]: Photonics v50 Sable receiver motion active: subLevels=2, classifier=normal-guided-receiver-cell-atlas+emissive-cells, emitterIdentity=explicit-sublevel-token, localVisibility=tri-state-token-gated-conservative-supercover-dda, temporalTransform=camera-relative-stable-anchor-double-compose
[27Jul2026 17:11:30.196] [Render thread/INFO] [Photonics/]: Photonics v24 Sable receiver motion: 0 -> 2
[27Jul2026 17:11:30.243] [Render thread/INFO] [Photonics/]: Photonics world tracing v72: revision=1, settled=false, compiledSections=1, trackedSections=1879, batchBuilt=1, batchUnloaded=0, pendingBuilds=1, pendingUnloads=0, ready=true, depth=3, blockBounds=( 1.920E+2  1.920E+2  1.440E+2)..( 2.080E+2  2.080E+2  1.600E+2), treeBounds=( 1.920E+2  1.920E+2  1.440E+2)..( 2.080E+2  2.080E+2  1.600E+2), origin=(-1.920E+2 -1.920E+2 -1.280E+2), boundsSource=compiled, compileMs=32.336
[27Jul2026 17:11:30.251] [Render thread/INFO] [Photonics/]: Photonics v64 external-light de-duplication: suppressedSectionLights=1, aliasBlockIdMatches=0, aliasLightProfileMatches=0, aliasPositionFallbacks=1, confirmedProxySuppressions=0, quarantinedProxyLights=0, trackedProxyCells=1, replacementAliases=2, externalLights=1, firstSuppressed=( 5.100E+1  6.900E+1  1.400E+2)
[27Jul2026 17:11:30.253] [Render thread/INFO] [Photonics/]: Photonics light list pending: 52 -> 3452
[27Jul2026 17:11:30.253] [Render thread/INFO] [Photonics/]: Photonics v35 direct-light prefixes: movingLights=1, externalLights=1, totalLights=3452, proposalBudget=adaptive-half-candidates
[27Jul2026 17:11:30.265] [Photonics Light List Compiler/INFO] [Photonics/]: Photonics light candidates v18: eligible=3465, selected=3465, maxLights=4000, lightSections=410, capped=false
[27Jul2026 17:11:30.294] [Photonic Chunk Compiler #1/INFO] [Photonics/]: Photonics voxel diagnostic: state=Block{minecraft:oak_trapdoor}[facing=west,half=bottom,open=true,powered=false,waterlogged=false] vertexHash=e0a453b340b79d08 complete=true samples=720 alphaZero=78 alphaPartial=0 alphaOpaque=642 rgbMean=[125.0,99.5,56.8] rgbRange=[74-179,60-140,32-81] voxels=496 aabb=[13,0,0]-[15,15,15] parts=[( 0.000E+0  0.000E+0  0.000E+0)]
[27Jul2026 17:11:30.294] [Photonic Chunk Compiler #1/INFO] [Photonics/]: Photonics voxel occupancy: state=Block{minecraft:oak_trapdoor}[facing=west,half=bottom,open=true,powered=false,waterlogged=false] part=( 0.000E+0  0.000E+0  0.000E+0) slices=y0=e000/e000/e000/e000/e000/e000/e000/e000/e000/e000/e000/e000/e000/e000/e000/e000;y1=e000/a000/a000/a000/a000/a000/a000/a000/a000/a000/a000/a000/a000/a000/8000/e000;y2=e000/a000/a000/a000/a000/a000/a000/a000/a000/a000/a000/a000/a000/8000/a000/e000;y3=e000/a000/a000/0000/0000/0000/a000/a000/a000/a000/0000/0000/0000/a000/a000/e000;y4=e000/a000/a000/0000/0000/0000/a000/a000/a000/a000/0000/0000/0000/a000/a000/e000;y5=e000/a000/a000/0000/0000/0000/a000/a000/a000/a000/0000/0000/0000/a000/a000/e000;y6=e000/a000/a000/a000/a000/a000/a000/a000/a000/8000/a000/a000/a000/a000/a000/e000;y7=e000/a000/a000/a000/a000/a000/a000/a000/8000/a000/a000/a000/a000/a000/a000/e000;y8=e000/a000/a000/a000/a000/a000/a000/a000/a000/a000/a000/a000/a000/a000/a000/e000;y9=e000/a000/a000/a000/a000/a000/a000/a000/a000/a000/a000/a000/a000/a000/a000/e000;y10=e000/a000/a000/0000/0000/0000/a000/a000/a000/a000/0000/0000/0000/a000/a000/e000;y11=e000/a000/a000/0000/0000/0000/a000/a000/a000/a000/0000/0000/0000/a000/a000/e000;y12=e000/a000/a000/0000/0000/0000/a000/a000/a000/a000/0000/0000/0000/a000/a000/e000;y13=e000/a000/a000/a000/a000/a000/a000/a000/a000/a000/a000/a000/a000/a000/a000/e000;y14=e000/a000/a000/a000/a000/a000/a000/a000/a000/a000/a000/a000/a000/a000/a000/e000;y15=e000/e000/e000/e000/e000/e000/e000/e000/e000/e000/e000/e000/e000/e000/e000/e000
[27Jul2026 17:11:30.298] [Photonic Chunk Compiler #1/INFO] [Photonics/]: Photonics voxel diagnostic: state=Block{minecraft:oak_trapdoor}[facing=north,half=bottom,open=true,powered=false,waterlogged=false] vertexHash=605445541b79d08 complete=true samples=736 alphaZero=84 alphaPartial=0 alphaOpaque=652 rgbMean=[125.0,99.5,56.8] rgbRange=[74-179,60-140,32-81] voxels=500 aabb=[0,0,13]-[15,15,15] parts=[( 0.000E+0  0.000E+0  0.000E+0)]
[27Jul2026 17:11:30.299] [Photonic Chunk Compiler #1/INFO] [Photonics/]: Photonics voxel occupancy: state=Block{minecraft:oak_trapdoor}[facing=north,half=bottom,open=true,powered=false,waterlogged=false] part=( 0.000E+0  0.000E+0  0.000E+0) slices=y0=0000/0000/0000/0000/0000/0000/0000/0000/0000/0000/0000/0000/0000/ffff/ffff/ffff;y1=0000/0000/0000/0000/0000/0000/0000/0000/0000/0000/0000/0000/0000/ffff/8001/ffff;y2=0000/0000/0000/0000/0000/0000/0000/0000/0000/0000/0000/0000/0000/ffff/8001/ffff;y3=0000/0000/0000/0000/0000/0000/0000/0000/0000/0000/0000/0000/0000/e3c7/8001/e3c7;y4=0000/0000/0000/0000/0000/0000/0000/0000/0000/0000/0000/0000/0000/e3c7/8001/e3c7;y5=0000/0000/0000/0000/0000/0000/0000/0000/0000/0000/0000/0000/0000/e3c7/8001/e3c7;y6=0000/0000/0000/0000/0000/0000/0000/0000/0000/0000/0000/0000/0000/ffff/8001/ffff;y7=0000/0000/0000/0000/0000/0000/0000/0000/0000/0000/0000/0000/0000/ffff/8001/ffff;y8=0000/0000/0000/0000/0000/0000/0000/0000/0000/0000/0000/0000/0000/ffff/8001/ffff;y9=0000/0000/0000/0000/0000/0000/0000/0000/0000/0000/0000/0000/0000/ffff/8001/ffff;y10=0000/0000/0000/0000/0000/0000/0000/0000/0000/0000/0000/0000/0000/e3c7/8001/e3c7;y11=0000/0000/0000/0000/0000/0000/0000/0000/0000/0000/0000/0000/0000/e3c7/8001/e3c7;y12=0000/0000/0000/0000/0000/0000/0000/0000/0000/0000/0000/0000/0000/e3c7/8001/e3c7;y13=0000/0000/0000/0000/0000/0000/0000/0000/0000/0000/0000/0000/0000/ffff/8001/ffff;y14=0000/0000/0000/0000/0000/0000/0000/0000/0000/0000/0000/0000/0000/ffff/8001/ffff;y15=0000/0000/0000/0000/0000/0000/0000/0000/0000/0000/0000/0000/0000/ffff/ffff/ffff
[27Jul2026 17:11:30.299] [Photonic Chunk Compiler #1/INFO] [Photonics/]: Photonics voxel diagnostic: state=Block{minecraft:oak_trapdoor}[facing=south,half=bottom,open=true,powered=false,waterlogged=false] vertexHash=77aecf6ab0779d08 complete=true samples=736 alphaZero=84 alphaPartial=0 alphaOpaque=652 rgbMean=[125.0,99.5,56.8] rgbRange=[74-179,60-140,32-81] voxels=500 aabb=[0,0,0]-[15,15,2] parts=[( 0.000E+0  0.000E+0  0.000E+0)]
[27Jul2026 17:11:30.300] [Photonic Chunk Compiler #1/INFO] [Photonics/]: Photonics voxel occupancy: state=Block{minecraft:oak_trapdoor}[facing=south,half=bottom,open=true,powered=false,waterlogged=false] part=( 0.000E+0  0.000E+0  0.000E+0) slices=y0=ffff/ffff/ffff/0000/0000/0000/0000/0000/0000/0000/0000/0000/0000/0000/0000/0000;y1=ffff/8001/ffff/0000/0000/0000/0000/0000/0000/0000/0000/0000/0000/0000/0000/0000;y2=ffff/8001/ffff/0000/0000/0000/0000/0000/0000/0000/0000/0000/0000/0000/0000/0000;y3=e3c7/8001/e3c7/0000/0000/0000/0000/0000/0000/0000/0000/0000/0000/0000/0000/0000;y4=e3c7/8001/e3c7/0000/0000/0000/0000/0000/0000/0000/0000/0000/0000/0000/0000/0000;y5=e3c7/8001/e3c7/0000/0000/0000/0000/0000/0000/0000/0000/0000/0000/0000/0000/0000;y6=ffff/8001/ffff/0000/0000/0000/0000/0000/0000/0000/0000/0000/0000/0000/0000/0000;y7=ffff/8001/ffff/0000/0000/0000/0000/0000/0000/0000/0000/0000/0000/0000/0000/0000;y8=ffff/8001/ffff/0000/0000/0000/0000/0000/0000/0000/0000/0000/0000/0000/0000/0000;y9=ffff/8001/ffff/0000/0000/0000/0000/0000/0000/0000/0000/0000/0000/0000/0000/0000;y10=e3c7/8001/e3c7/0000/0000/0000/0000/0000/0000/0000/0000/0000/0000/0000/0000/0000;y11=e3c7/8001/e3c7/0000/0000/0000/0000/0000/0000/0000/0000/0000/0000/0000/0000/0000;y12=e3c7/8001/e3c7/0000/0000/0000/0000/0000/0000/0000/0000/0000/0000/0000/0000/0000;y13=ffff/8001/ffff/0000/0000/0000/0000/0000/0000/0000/0000/0000/0000/0000/0000/0000;y14=ffff/8001/ffff/0000/0000/0000/0000/0000/0000/0000/0000/0000/0000/0000/0000/0000;y15=ffff/ffff/ffff/0000/0000/0000/0000/0000/0000/0000/0000/0000/0000/0000/0000/0000
[27Jul2026 17:11:30.313] [Photonic Chunk Compiler #1/INFO] [Photonics/]: Photonics voxel diagnostic: state=Block{minecraft:oak_trapdoor}[facing=east,half=bottom,open=true,powered=false,waterlogged=false] vertexHash=ce741d5ea32387f0 complete=true samples=720 alphaZero=78 alphaPartial=0 alphaOpaque=642 rgbMean=[125.0,99.5,56.8] rgbRange=[74-179,60-140,32-81] voxels=496 aabb=[0,0,0]-[2,15,15] parts=[( 0.000E+0  0.000E+0  0.000E+0)]
[27Jul2026 17:11:30.313] [Photonic Chunk Compiler #1/INFO] [Photonics/]: Photonics voxel occupancy: state=Block{minecraft:oak_trapdoor}[facing=east,half=bottom,open=true,powered=false,waterlogged=false] part=( 0.000E+0  0.000E+0  0.000E+0) slices=y0=0007/0007/0007/0007/0007/0007/0007/0007/0007/0007/0007/0007/0007/0007/0007/0007;y1=0007/0005/0005/0005/0005/0005/0005/0005/0005/0005/0005/0005/0005/0005/0004/0007;y2=0007/0005/0005/0005/0005/0005/0005/0005/0005/0005/0005/0005/0005/0004/0005/0007;y3=0007/0005/0005/0000/0000/0000/0005/0005/0005/0005/0000/0000/0000/0005/0005/0007;y4=0007/0005/0005/0000/0000/0000/0005/0005/0005/0005/0000/0000/0000/0005/0005/0007;y5=0007/0005/0005/0000/0000/0000/0005/0005/0005/0005/0000/0000/0000/0005/0005/0007;y6=0007/0005/0005/0005/0005/0005/0005/0005/0005/0004/0005/0005/0005/0005/0005/0007;y7=0007/0005/0005/0005/0005/0005/0005/0005/0004/0005/0005/0005/0005/0005/0005/0007;y8=0007/0005/0005/0005/0005/0005/0005/0005/0005/0005/0005/0005/0005/0005/0005/0007;y9=0007/0005/0005/0005/0005/0005/0005/0005/0005/0005/0005/0005/0005/0005/0005/0007;y10=0007/0005/0005/0000/0000/0000/0005/0005/0005/0005/0000/0000/0000/0005/0005/0007;y11=0007/0005/0005/0000/0000/0000/0005/0005/0005/0005/0000/0000/0000/0005/0005/0007;y12=0007/0005/0005/0000/0000/0000/0005/0005/0005/0005/0000/0000/0000/0005/0005/0007;y13=0007/0005/0005/0005/0005/0005/0005/0005/0005/0005/0005/0005/0005/0005/0005/0007;y14=0007/0005/0005/0005/0005/0005/0005/0005/0005/0005/0005/0005/0005/0005/0005/0007;y15=0007/0007/0007/0007/0007/0007/0007/0007/0007/0007/0007/0007/0007/0007/0007/0007
[27Jul2026 17:11:30.523] [Photonics Light List Compiler/INFO] [Photonics/]: Photonics light candidates v18: eligible=3614, selected=3614, maxLights=4000, lightSections=421, capped=false
[27Jul2026 17:11:30.524] [Photonics Light List Compiler/INFO] [Photonics/]: Photonics light-list publication v88: coalescedBatches=8, peakPendingSections=400, remainingSections=388, deferredMs=250.192
[27Jul2026 17:11:30.640] [Photonics Light List Compiler/INFO] [Photonics/]: Photonics light candidates v18: eligible=3869, selected=3869, maxLights=4000, lightSections=436, capped=false
[27Jul2026 17:11:30.640] [Photonics Light List Compiler/INFO] [Photonics/]: Photonics light-list publication v88: coalescedBatches=8, peakPendingSections=340, remainingSections=0, deferredMs=23.617
[27Jul2026 17:11:30.681] [Render thread/INFO] [Photonics/]: Photonics v31 suppressing duplicate Contraption Lights/Veil point-light energy; Sable emissive material and bloom remain enabled
[27Jul2026 17:11:30.752] [Render thread/INFO] [Photonics/]: Photonics v35 Sable reactive lights: moving=0, stationary=1, uploaded=1
[27Jul2026 17:11:30.752] [Render thread/INFO] [Photonics/]: Photonics v55 Sable skylight transition: subLevel=4de0b23a-a039-4374-baa4-dd946612d8f9, scale=0 -> 15, logicalY=76.50000 (cell 76), renderY=76.50000 (cell 76), cameraY=79.05097 (cell 79)
[27Jul2026 17:11:30.765] [Render thread/INFO] [Photonics/]: Photonics light list pending: 3452 -> 3869
[27Jul2026 17:11:30.765] [Render thread/INFO] [Photonics/]: Photonics v35 direct-light prefixes: movingLights=0, externalLights=1, totalLights=3869, proposalBudget=adaptive-half-candidates
[27Jul2026 17:11:30.978] [Photonic Chunk Compiler #1/INFO] [Photonics/]: Photonics voxel diagnostic: state=Block{minecraft:oak_fence}[east=true,north=false,south=true,waterlogged=false,west=true] vertexHash=3324104514d56e30 complete=true samples=898 alphaZero=0 alphaPartial=0 alphaOpaque=898 rgbMean=[157.7,126.7,75.9] rgbRange=[103-194,80-157,44-98] voxels=440 aabb=[0,0,6]-[15,15,15] parts=[( 0.000E+0  0.000E+0  0.000E+0)]
[27Jul2026 17:11:30.979] [Photonic Chunk Compiler #1/INFO] [Photonics/]: Photonics voxel occupancy: state=Block{minecraft:oak_fence}[east=true,north=false,south=true,waterlogged=false,west=true] part=( 0.000E+0  0.000E+0  0.000E+0) slices=y0=0000/0000/0000/0000/0000/0000/03c0/03c0/03c0/03c0/0000/0000/0000/0000/0000/0000;y1=0000/0000/0000/0000/0000/0000/03c0/0240/0240/03c0/0000/0000/0000/0000/0000/0000;y2=0000/0000/0000/0000/0000/0000/03c0/0240/0240/03c0/0000/0000/0000/0000/0000/0000;y3=0000/0000/0000/0000/0000/0000/03c0/0240/0240/03c0/0000/0000/0000/0000/0000/0000;y4=0000/0000/0000/0000/0000/0000/03c0/0240/0240/03c0/0000/0000/0000/0000/0000/0000;y5=0000/0000/0000/0000/0000/0000/03c0/0240/0240/03c0/0000/0000/0000/0000/0000/0000;y6=0000/0000/0000/0000/0000/0000/03c0/ffff/ffff/03c0/0180/0180/0180/0180/0180/0180;y7=0000/0000/0000/0000/0000/0000/03c0/ffff/ffff/03c0/0180/0180/0180/0180/0180/0180;y8=0000/0000/0000/0000/0000/0000/03c0/ffff/ffff/03c0/0180/0180/0180/0180/0180/0180;y9=0000/0000/0000/0000/0000/0000/03c0/0240/0240/03c0/0000/0000/0000/0000/0000/0000;y10=0000/0000/0000/0000/0000/0000/03c0/0240/0240/03c0/0000/0000/0000/0000/0000/0000;y11=0000/0000/0000/0000/0000/0000/03c0/0240/0240/03c0/0000/0000/0000/0000/0000/0000;y12=0000/0000/0000/0000/0000/0000/03c0/ffff/ffff/03c0/0180/0180/0180/0180/0180/0180;y13=0000/0000/0000/0000/0000/0000/03c0/ffff/ffff/03c0/0180/0180/0180/0180/0180/0180;y14=0000/0000/0000/0000/0000/0000/03c0/ffff/ffff/03c0/0180/0180/0180/0180/0180/0180;y15=0000/0000/0000/0000/0000/0000/03c0/03c0/03c0/03c0/0000/0000/0000/0000/0000/0000
[27Jul2026 17:11:30.981] [Photonic Chunk Compiler #1/INFO] [Photonics/]: Photonics voxel diagnostic: state=Block{minecraft:oak_fence}[east=true,north=false,south=false,waterlogged=false,west=true] vertexHash=630453915deb6878 complete=true samples=700 alphaZero=0 alphaPartial=0 alphaOpaque=700 rgbMean=[158.0,126.9,76.1] rgbRange=[103-194,80-157,44-98] voxels=368 aabb=[0,0,6]-[15,15,9] parts=[( 0.000E+0  0.000E+0  0.000E+0)]
[27Jul2026 17:11:30.981] [Photonic Chunk Compiler #1/INFO] [Photonics/]: Photonics voxel occupancy: state=Block{minecraft:oak_fence}[east=true,north=false,south=false,waterlogged=false,west=true] part=( 0.000E+0  0.000E+0  0.000E+0) slices=y0=0000/0000/0000/0000/0000/0000/03c0/03c0/03c0/03c0/0000/0000/0000/0000/0000/0000;y1=0000/0000/0000/0000/0000/0000/03c0/0240/0240/03c0/0000/0000/0000/0000/0000/0000;y2=0000/0000/0000/0000/0000/0000/03c0/0240/0240/03c0/0000/0000/0000/0000/0000/0000;y3=0000/0000/0000/0000/0000/0000/03c0/0240/0240/03c0/0000/0000/0000/0000/0000/0000;y4=0000/0000/0000/0000/0000/0000/03c0/0240/0240/03c0/0000/0000/0000/0000/0000/0000;y5=0000/0000/0000/0000/0000/0000/03c0/0240/0240/03c0/0000/0000/0000/0000/0000/0000;y6=0000/0000/0000/0000/0000/0000/03c0/ffff/ffff/03c0/0000/0000/0000/0000/0000/0000;y7=0000/0000/0000/0000/0000/0000/03c0/ffff/ffff/03c0/0000/0000/0000/0000/0000/0000;y8=0000/0000/0000/0000/0000/0000/03c0/ffff/ffff/03c0/0000/0000/0000/0000/0000/0000;y9=0000/0000/0000/0000/0000/0000/03c0/0240/0240/03c0/0000/0000/0000/0000/0000/0000;y10=0000/0000/0000/0000/0000/0000/03c0/0240/0240/03c0/0000/0000/0000/0000/0000/0000;y11=0000/0000/0000/0000/0000/0000/03c0/0240/0240/03c0/0000/0000/0000/0000/0000/0000;y12=0000/0000/0000/0000/0000/0000/03c0/ffff/ffff/03c0/0000/0000/0000/0000/0000/0000;y13=0000/0000/0000/0000/0000/0000/03c0/ffff/ffff/03c0/0000/0000/0000/0000/0000/0000;y14=0000/0000/0000/0000/0000/0000/03c0/ffff/ffff/03c0/0000/0000/0000/0000/0000/0000;y15=0000/0000/0000/0000/0000/0000/03c0/03c0/03c0/03c0/0000/0000/0000/0000/0000/0000
[27Jul2026 17:11:30.982] [Photonic Chunk Compiler #1/INFO] [Photonics/]: Photonics voxel diagnostic: state=Block{minecraft:oak_fence_gate}[facing=north,in_wall=false,open=false,powered=false] vertexHash=2fb2ec0c362a96e0 complete=true samples=520 alphaZero=0 alphaPartial=0 alphaOpaque=520 rgbMean=[159.5,128.3,76.9] rgbRange=[103-194,80-157,44-98] voxels=256 aabb=[0,5,7]-[15,15,8] parts=[( 0.000E+0  0.000E+0  0.000E+0)]
[27Jul2026 17:11:30.982] [Photonic Chunk Compiler #1/INFO] [Photonics/]: Photonics voxel occupancy: state=Block{minecraft:oak_fence_gate}[facing=north,in_wall=false,open=false,powered=false] part=( 0.000E+0  0.000E+0  0.000E+0) slices=y5=0000/0000/0000/0000/0000/0000/0000/c003/c003/0000/0000/0000/0000/0000/0000/0000;y6=0000/0000/0000/0000/0000/0000/0000/ffff/ffff/0000/0000/0000/0000/0000/0000/0000;y7=0000/0000/0000/0000/0000/0000/0000/ffff/ffff/0000/0000/0000/0000/0000/0000/0000;y8=0000/0000/0000/0000/0000/0000/0000/ffff/ffff/0000/0000/0000/0000/0000/0000/0000;y9=0000/0000/0000/0000/0000/0000/0000/c3c3/c3c3/0000/0000/0000/0000/0000/0000/0000;y10=0000/0000/0000/0000/0000/0000/0000/c3c3/c3c3/0000/0000/0000/0000/0000/0000/0000;y11=0000/0000/0000/0000/0000/0000/0000/c3c3/c3c3/0000/0000/0000/0000/0000/0000/0000;y12=0000/0000/0000/0000/0000/0000/0000/ffff/ffff/0000/0000/0000/0000/0000/0000/0000;y13=0000/0000/0000/0000/0000/0000/0000/ffff/ffff/0000/0000/0000/0000/0000/0000/0000;y14=0000/0000/0000/0000/0000/0000/0000/ffff/ffff/0000/0000/0000/0000/0000/0000/0000;y15=0000/0000/0000/0000/0000/0000/0000/c003/c003/0000/0000/0000/0000/0000/0000/0000
[27Jul2026 17:11:30.985] [Photonic Chunk Compiler #1/INFO] [Photonics/]: Photonics voxel diagnostic: state=Block{minecraft:oak_fence_gate}[facing=south,in_wall=false,open=false,powered=false] vertexHash=52ae0b356e2a96e0 complete=true samples=520 alphaZero=0 alphaPartial=0 alphaOpaque=520 rgbMean=[159.5,128.3,76.9] rgbRange=[103-194,80-157,44-98] voxels=256 aabb=[0,5,7]-[15,15,8] parts=[( 0.000E+0  0.000E+0  0.000E+0)]
[27Jul2026 17:11:30.985] [Photonic Chunk Compiler #1/INFO] [Photonics/]: Photonics voxel occupancy: state=Block{minecraft:oak_fence_gate}[facing=south,in_wall=false,open=false,powered=false] part=( 0.000E+0  0.000E+0  0.000E+0) slices=y5=0000/0000/0000/0000/0000/0000/0000/c003/c003/0000/0000/0000/0000/0000/0000/0000;y6=0000/0000/0000/0000/0000/0000/0000/ffff/ffff/0000/0000/0000/0000/0000/0000/0000;y7=0000/0000/0000/0000/0000/0000/0000/ffff/ffff/0000/0000/0000/0000/0000/0000/0000;y8=0000/0000/0000/0000/0000/0000/0000/ffff/ffff/0000/0000/0000/0000/0000/0000/0000;y9=0000/0000/0000/0000/0000/0000/0000/c3c3/c3c3/0000/0000/0000/0000/0000/0000/0000;y10=0000/0000/0000/0000/0000/0000/0000/c3c3/c3c3/0000/0000/0000/0000/0000/0000/0000;y11=0000/0000/0000/0000/0000/0000/0000/c3c3/c3c3/0000/0000/0000/0000/0000/0000/0000;y12=0000/0000/0000/0000/0000/0000/0000/ffff/ffff/0000/0000/0000/0000/0000/0000/0000;y13=0000/0000/0000/0000/0000/0000/0000/ffff/ffff/0000/0000/0000/0000/0000/0000/0000;y14=0000/0000/0000/0000/0000/0000/0000/ffff/ffff/0000/0000/0000/0000/0000/0000/0000;y15=0000/0000/0000/0000/0000/0000/0000/c003/c003/0000/0000/0000/0000/0000/0000/0000
[27Jul2026 17:11:31.001] [Photonic Chunk Compiler #1/INFO] [Photonics/]: Photonics voxel diagnostic: state=Block{minecraft:oak_fence}[east=false,north=false,south=true,waterlogged=false,west=true] vertexHash=9a5dec7221f96878 complete=true samples=694 alphaZero=0 alphaPartial=0 alphaOpaque=694 rgbMean=[158.1,127.2,76.1] rgbRange=[103-194,80-157,44-98] voxels=368 aabb=[0,0,6]-[9,15,15] parts=[( 0.000E+0  0.000E+0  0.000E+0)]
[27Jul2026 17:11:31.001] [Photonic Chunk Compiler #1/INFO] [Photonics/]: Photonics voxel occupancy: state=Block{minecraft:oak_fence}[east=false,north=false,south=true,waterlogged=false,west=true] part=( 0.000E+0  0.000E+0  0.000E+0) slices=y0=0000/0000/0000/0000/0000/0000/03c0/03c0/03c0/03c0/0000/0000/0000/0000/0000/0000;y1=0000/0000/0000/0000/0000/0000/03c0/0240/0240/03c0/0000/0000/0000/0000/0000/0000;y2=0000/0000/0000/0000/0000/0000/03c0/0240/0240/03c0/0000/0000/0000/0000/0000/0000;y3=0000/0000/0000/0000/0000/0000/03c0/0240/0240/03c0/0000/0000/0000/0000/0000/0000;y4=0000/0000/0000/0000/0000/0000/03c0/0240/0240/03c0/0000/0000/0000/0000/0000/0000;y5=0000/0000/0000/0000/0000/0000/03c0/0240/0240/03c0/0000/0000/0000/0000/0000/0000;y6=0000/0000/0000/0000/0000/0000/03c0/03ff/03ff/03c0/0180/0180/0180/0180/0180/0180;y7=0000/0000/0000/0000/0000/0000/03c0/03ff/03ff/03c0/0180/0180/0180/0180/0180/0180;y8=0000/0000/0000/0000/0000/0000/03c0/03ff/03ff/03c0/0180/0180/0180/0180/0180/0180;y9=0000/0000/0000/0000/0000/0000/03c0/0240/0240/03c0/0000/0000/0000/0000/0000/0000;y10=0000/0000/0000/0000/0000/0000/03c0/0240/0240/03c0/0000/0000/0000/0000/0000/0000;y11=0000/0000/0000/0000/0000/0000/03c0/0240/0240/03c0/0000/0000/0000/0000/0000/0000;y12=0000/0000/0000/0000/0000/0000/03c0/03ff/03ff/03c0/0180/0180/0180/0180/0180/0180;y13=0000/0000/0000/0000/0000/0000/03c0/03ff/03ff/03c0/0180/0180/0180/0180/0180/0180;y14=0000/0000/0000/0000/0000/0000/03c0/03ff/03ff/03c0/0180/0180/0180/0180/0180/0180;y15=0000/0000/0000/0000/0000/0000/03c0/03c0/03c0/03c0/0000/0000/0000/0000/0000/0000
[27Jul2026 17:11:31.001] [Photonic Chunk Compiler #1/INFO] [Photonics/]: Photonics voxel diagnostic: state=Block{minecraft:oak_fence}[east=false,north=true,south=true,waterlogged=false,west=false] vertexHash=84dd97d233eb6878 complete=true samples=688 alphaZero=0 alphaPartial=0 alphaOpaque=688 rgbMean=[158.9,127.9,76.6] rgbRange=[103-194,80-157,44-98] voxels=368 aabb=[6,0,0]-[9,15,15] parts=[( 0.000E+0  0.000E+0  0.000E+0)]
[27Jul2026 17:11:31.001] [Photonic Chunk Compiler #1/INFO] [Photonics/]: Photonics voxel occupancy: state=Block{minecraft:oak_fence}[east=false,north=true,south=true,waterlogged=false,west=false] part=( 0.000E+0  0.000E+0  0.000E+0) slices=y0=0000/0000/0000/0000/0000/0000/03c0/03c0/03c0/03c0/0000/0000/0000/0000/0000/0000;y1=0000/0000/0000/0000/0000/0000/03c0/0240/0240/03c0/0000/0000/0000/0000/0000/0000;y2=0000/0000/0000/0000/0000/0000/03c0/0240/0240/03c0/0000/0000/0000/0000/0000/0000;y3=0000/0000/0000/0000/0000/0000/03c0/0240/0240/03c0/0000/0000/0000/0000/0000/0000;y4=0000/0000/0000/0000/0000/0000/03c0/0240/0240/03c0/0000/0000/0000/0000/0000/0000;y5=0000/0000/0000/0000/0000/0000/03c0/0240/0240/03c0/0000/0000/0000/0000/0000/0000;y6=0180/0180/0180/0180/0180/0180/03c0/03c0/03c0/03c0/0180/0180/0180/0180/0180/0180;y7=0180/0180/0180/0180/0180/0180/03c0/03c0/03c0/03c0/0180/0180/0180/0180/0180/0180;y8=0180/0180/0180/0180/0180/0180/03c0/03c0/03c0/03c0/0180/0180/0180/0180/0180/0180;y9=0000/0000/0000/0000/0000/0000/03c0/0240/0240/03c0/0000/0000/0000/0000/0000/0000;y10=0000/0000/0000/0000/0000/0000/03c0/0240/0240/03c0/0000/0000/0000/0000/0000/0000;y11=0000/0000/0000/0000/0000/0000/03c0/0240/0240/03c0/0000/0000/0000/0000/0000/0000;y12=0180/0180/0180/0180/0180/0180/03c0/03c0/03c0/03c0/0180/0180/0180/0180/0180/0180;y13=0180/0180/0180/0180/0180/0180/03c0/03c0/03c0/03c0/0180/0180/0180/0180/0180/0180;y14=0180/0180/0180/0180/0180/0180/03c0/03c0/03c0/03c0/0180/0180/0180/0180/0180/0180;y15=0000/0000/0000/0000/0000/0000/03c0/03c0/03c0/03c0/0000/0000/0000/0000/0000/0000
[27Jul2026 17:11:31.001] [Photonic Chunk Compiler #1/INFO] [Photonics/]: Photonics voxel diagnostic: state=Block{minecraft:oak_fence_gate}[facing=east,in_wall=false,open=false,powered=false] vertexHash=82a8a45253acbfa8 complete=true samples=518 alphaZero=0 alphaPartial=0 alphaOpaque=518 rgbMean=[159.6,128.7,77.0] rgbRange=[103-194,80-157,44-98] voxels=256 aabb=[7,5,0]-[8,15,15] parts=[( 0.000E+0  0.000E+0  0.000E+0)]
[27Jul2026 17:11:31.002] [Photonic Chunk Compiler #1/INFO] [Photonics/]: Photonics voxel occupancy: state=Block{minecraft:oak_fence_gate}[facing=east,in_wall=false,open=false,powered=false] part=( 0.000E+0  0.000E+0  0.000E+0) slices=y5=0180/0180/0000/0000/0000/0000/0000/0000/0000/0000/0000/0000/0000/0000/0180/0180;y6=0180/0180/0180/0180/0180/0180/0180/0180/0180/0180/0180/0180/0180/0180/0180/0180;y7=0180/0180/0180/0180/0180/0180/0180/0180/0180/0180/0180/0180/0180/0180/0180/0180;y8=0180/0180/0180/0180/0180/0180/0180/0180/0180/0180/0180/0180/0180/0180/0180/0180;y9=0180/0180/0000/0000/0000/0000/0180/0180/0180/0180/0000/0000/0000/0000/0180/0180;y10=0180/0180/0000/0000/0000/0000/0180/0180/0180/0180/0000/0000/0000/0000/0180/0180;y11=0180/0180/0000/0000/0000/0000/0180/0180/0180/0180/0000/0000/0000/0000/0180/0180;y12=0180/0180/0180/0180/0180/0180/0180/0180/0180/0180/0180/0180/0180/0180/0180/0180;y13=0180/0180/0180/0180/0180/0180/0180/0180/0180/0180/0180/0180/0180/0180/0180/0180;y14=0180/0180/0180/0180/0180/0180/0180/0180/0180/0180/0180/0180/0180/0180/0180/0180;y15=0180/0180/0000/0000/0000/0000/0000/0000/0000/0000/0000/0000/0000/0000/0180/0180
[27Jul2026 17:11:31.002] [Photonic Chunk Compiler #1/INFO] [Photonics/]: Photonics voxel diagnostic: state=Block{minecraft:oak_fence}[east=false,north=true,south=false,waterlogged=false,west=true] vertexHash=c0470f2514dd6878 complete=true samples=694 alphaZero=0 alphaPartial=0 alphaOpaque=694 rgbMean=[158.8,127.7,76.6] rgbRange=[103-194,80-157,44-98] voxels=368 aabb=[0,0,0]-[9,15,9] parts=[( 0.000E+0  0.000E+0  0.000E+0)]
[27Jul2026 17:11:31.002] [Photonic Chunk Compiler #1/INFO] [Photonics/]: Photonics voxel occupancy: state=Block{minecraft:oak_fence}[east=false,north=true,south=false,waterlogged=false,west=true] part=( 0.000E+0  0.000E+0  0.000E+0) slices=y0=0000/0000/0000/0000/0000/0000/03c0/03c0/03c0/03c0/0000/0000/0000/0000/0000/0000;y1=0000/0000/0000/0000/0000/0000/03c0/0240/0240/03c0/0000/0000/0000/0000/0000/0000;y2=0000/0000/0000/0000/0000/0000/03c0/0240/0240/03c0/0000/0000/0000/0000/0000/0000;y3=0000/0000/0000/0000/0000/0000/03c0/0240/0240/03c0/0000/0000/0000/0000/0000/0000;y4=0000/0000/0000/0000/0000/0000/03c0/0240/0240/03c0/0000/0000/0000/0000/0000/0000;y5=0000/0000/0000/0000/0000/0000/03c0/0240/0240/03c0/0000/0000/0000/0000/0000/0000;y6=0180/0180/0180/0180/0180/0180/03c0/03ff/03ff/03c0/0000/0000/0000/0000/0000/0000;y7=0180/0180/0180/0180/0180/0180/03c0/03ff/03ff/03c0/0000/0000/0000/0000/0000/0000;y8=0180/0180/0180/0180/0180/0180/03c0/03ff/03ff/03c0/0000/0000/0000/0000/0000/0000;y9=0000/0000/0000/0000/0000/0000/03c0/0240/0240/03c0/0000/0000/0000/0000/0000/0000;y10=0000/0000/0000/0000/0000/0000/03c0/0240/0240/03c0/0000/0000/0000/0000/0000/0000;y11=0000/0000/0000/0000/0000/0000/03c0/0240/0240/03c0/0000/0000/0000/0000/0000/0000;y12=0180/0180/0180/0180/0180/0180/03c0/03ff/03ff/03c0/0000/0000/0000/0000/0000/0000;y13=0180/0180/0180/0180/0180/0180/03c0/03ff/03ff/03c0/0000/0000/0000/0000/0000/0000;y14=0180/0180/0180/0180/0180/0180/03c0/03ff/03ff/03c0/0000/0000/0000/0000/0000/0000;y15=0000/0000/0000/0000/0000/0000/03c0/03c0/03c0/03c0/0000/0000/0000/0000/0000/0000
[27Jul2026 17:11:31.145] [Photonic Chunk Compiler #1/INFO] [Photonics/]: Photonics voxel diagnostic: state=Block{minecraft:spruce_fence}[east=false,north=false,south=true,waterlogged=false,west=true] vertexHash=e40fa9979e3f6878 complete=true samples=694 alphaZero=0 alphaPartial=0 alphaOpaque=694 rgbMean=[112.6,82.9,47.3] rgbRange=[85-136,58-101,31-58] voxels=368 aabb=[0,0,6]-[9,15,15] parts=[( 0.000E+0  0.000E+0  0.000E+0)]
[27Jul2026 17:11:31.146] [Photonic Chunk Compiler #1/INFO] [Photonics/]: Photonics voxel occupancy: state=Block{minecraft:spruce_fence}[east=false,north=false,south=true,waterlogged=false,west=true] part=( 0.000E+0  0.000E+0  0.000E+0) slices=y0=0000/0000/0000/0000/0000/0000/03c0/03c0/03c0/03c0/0000/0000/0000/0000/0000/0000;y1=0000/0000/0000/0000/0000/0000/03c0/0240/0240/03c0/0000/0000/0000/0000/0000/0000;y2=0000/0000/0000/0000/0000/0000/03c0/0240/0240/03c0/0000/0000/0000/0000/0000/0000;y3=0000/0000/0000/0000/0000/0000/03c0/0240/0240/03c0/0000/0000/0000/0000/0000/0000;y4=0000/0000/0000/0000/0000/0000/03c0/0240/0240/03c0/0000/0000/0000/0000/0000/0000;y5=0000/0000/0000/0000/0000/0000/03c0/0240/0240/03c0/0000/0000/0000/0000/0000/0000;y6=0000/0000/0000/0000/0000/0000/03c0/03ff/03ff/03c0/0180/0180/0180/0180/0180/0180;y7=0000/0000/0000/0000/0000/0000/03c0/03ff/03ff/03c0/0180/0180/0180/0180/0180/0180;y8=0000/0000/0000/0000/0000/0000/03c0/03ff/03ff/03c0/0180/0180/0180/0180/0180/0180;y9=0000/0000/0000/0000/0000/0000/03c0/0240/0240/03c0/0000/0000/0000/0000/0000/0000;y10=0000/0000/0000/0000/0000/0000/03c0/0240/0240/03c0/0000/0000/0000/0000/0000/0000;y11=0000/0000/0000/0000/0000/0000/03c0/0240/0240/03c0/0000/0000/0000/0000/0000/0000;y12=0000/0000/0000/0000/0000/0000/03c0/03ff/03ff/03c0/0180/0180/0180/0180/0180/0180;y13=0000/0000/0000/0000/0000/0000/03c0/03ff/03ff/03c0/0180/0180/0180/0180/0180/0180;y14=0000/0000/0000/0000/0000/0000/03c0/03ff/03ff/03c0/0180/0180/0180/0180/0180/0180;y15=0000/0000/0000/0000/0000/0000/03c0/03c0/03c0/03c0/0000/0000/0000/0000/0000/0000
[27Jul2026 17:11:31.146] [Photonic Chunk Compiler #1/INFO] [Photonics/]: Photonics voxel diagnostic: state=Block{minecraft:spruce_fence}[east=false,north=true,south=false,waterlogged=false,west=true] vertexHash=82b7ae4ae0316878 complete=true samples=694 alphaZero=0 alphaPartial=0 alphaOpaque=694 rgbMean=[113.1,83.3,47.6] rgbRange=[85-136,58-101,31-58] voxels=368 aabb=[0,0,0]-[9,15,9] parts=[( 0.000E+0  0.000E+0  0.000E+0)]
[27Jul2026 17:11:31.146] [Photonic Chunk Compiler #1/INFO] [Photonics/]: Photonics voxel occupancy: state=Block{minecraft:spruce_fence}[east=false,north=true,south=false,waterlogged=false,west=true] part=( 0.000E+0  0.000E+0  0.000E+0) slices=y0=0000/0000/0000/0000/0000/0000/03c0/03c0/03c0/03c0/0000/0000/0000/0000/0000/0000;y1=0000/0000/0000/0000/0000/0000/03c0/0240/0240/03c0/0000/0000/0000/0000/0000/0000;y2=0000/0000/0000/0000/0000/0000/03c0/0240/0240/03c0/0000/0000/0000/0000/0000/0000;y3=0000/0000/0000/0000/0000/0000/03c0/0240/0240/03c0/0000/0000/0000/0000/0000/0000;y4=0000/0000/0000/0000/0000/0000/03c0/0240/0240/03c0/0000/0000/0000/0000/0000/0000;y5=0000/0000/0000/0000/0000/0000/03c0/0240/0240/03c0/0000/0000/0000/0000/0000/0000;y6=0180/0180/0180/0180/0180/0180/03c0/03ff/03ff/03c0/0000/0000/0000/0000/0000/0000;y7=0180/0180/0180/0180/0180/0180/03c0/03ff/03ff/03c0/0000/0000/0000/0000/0000/0000;y8=0180/0180/0180/0180/0180/0180/03c0/03ff/03ff/03c0/0000/0000/0000/0000/0000/0000;y9=0000/0000/0000/0000/0000/0000/03c0/0240/0240/03c0/0000/0000/0000/0000/0000/0000;y10=0000/0000/0000/0000/0000/0000/03c0/0240/0240/03c0/0000/0000/0000/0000/0000/0000;y11=0000/0000/0000/0000/0000/0000/03c0/0240/0240/03c0/0000/0000/0000/0000/0000/0000;y12=0180/0180/0180/0180/0180/0180/03c0/03ff/03ff/03c0/0000/0000/0000/0000/0000/0000;y13=0180/0180/0180/0180/0180/0180/03c0/03ff/03ff/03c0/0000/0000/0000/0000/0000/0000;y14=0180/0180/0180/0180/0180/0180/03c0/03ff/03ff/03c0/0000/0000/0000/0000/0000/0000;y15=0000/0000/0000/0000/0000/0000/03c0/03c0/03c0/03c0/0000/0000/0000/0000/0000/0000
[27Jul2026 17:11:31.190] [Photonic Chunk Compiler #0/INFO] [Photonics/]: Photonics voxel diagnostic: state=Block{minecraft:oak_fence}[east=false,north=false,south=true,waterlogged=false,west=false] vertexHash=ed48408e8aeca2c0 complete=true samples=490 alphaZero=0 alphaPartial=0 alphaOpaque=490 rgbMean=[158.9,128.0,76.5] rgbRange=[103-194,80-157,44-98] voxels=296 aabb=[6,0,6]-[9,15,15] parts=[( 0.000E+0  0.000E+0  0.000E+0)]
[27Jul2026 17:11:31.190] [Photonic Chunk Compiler #0/INFO] [Photonics/]: Photonics voxel occupancy: state=Block{minecraft:oak_fence}[east=false,north=false,south=true,waterlogged=false,west=false] part=( 0.000E+0  0.000E+0  0.000E+0) slices=y0=0000/0000/0000/0000/0000/0000/03c0/03c0/03c0/03c0/0000/0000/0000/0000/0000/0000;y1=0000/0000/0000/0000/0000/0000/03c0/0240/0240/03c0/0000/0000/0000/0000/0000/0000;y2=0000/0000/0000/0000/0000/0000/03c0/0240/0240/03c0/0000/0000/0000/0000/0000/0000;y3=0000/0000/0000/0000/0000/0000/03c0/0240/0240/03c0/0000/0000/0000/0000/0000/0000;y4=0000/0000/0000/0000/0000/0000/03c0/0240/0240/03c0/0000/0000/0000/0000/0000/0000;y5=0000/0000/0000/0000/0000/0000/03c0/0240/0240/03c0/0000/0000/0000/0000/0000/0000;y6=0000/0000/0000/0000/0000/0000/03c0/03c0/03c0/03c0/0180/0180/0180/0180/0180/0180;y7=0000/0000/0000/0000/0000/0000/03c0/03c0/03c0/03c0/0180/0180/0180/0180/0180/0180;y8=0000/0000/0000/0000/0000/0000/03c0/03c0/03c0/03c0/0180/0180/0180/0180/0180/0180;y9=0000/0000/0000/0000/0000/0000/03c0/0240/0240/03c0/0000/0000/0000/0000/0000/0000;y10=0000/0000/0000/0000/0000/0000/03c0/0240/0240/03c0/0000/0000/0000/0000/0000/0000;y11=0000/0000/0000/0000/0000/0000/03c0/0240/0240/03c0/0000/0000/0000/0000/0000/0000;y12=0000/0000/0000/0000/0000/0000/03c0/03c0/03c0/03c0/0180/0180/0180/0180/0180/0180;y13=0000/0000/0000/0000/0000/0000/03c0/03c0/03c0/03c0/0180/0180/0180/0180/0180/0180;y14=0000/0000/0000/0000/0000/0000/03c0/03c0/03c0/03c0/0180/0180/0180/0180/0180/0180;y15=0000/0000/0000/0000/0000/0000/03c0/03c0/03c0/03c0/0000/0000/0000/0000/0000/0000
[27Jul2026 17:11:31.191] [Photonic Chunk Compiler #0/INFO] [Photonics/]: Photonics voxel diagnostic: state=Block{minecraft:oak_fence}[east=false,north=true,south=false,waterlogged=false,west=false] vertexHash=5d205cef1dd0a2c0 complete=true samples=490 alphaZero=0 alphaPartial=0 alphaOpaque=490 rgbMean=[159.9,128.8,77.3] rgbRange=[103-194,80-157,44-98] voxels=296 aabb=[6,0,0]-[9,15,9] parts=[( 0.000E+0  0.000E+0  0.000E+0)]
[27Jul2026 17:11:31.191] [Photonic Chunk Compiler #0/INFO] [Photonics/]: Photonics voxel occupancy: state=Block{minecraft:oak_fence}[east=false,north=true,south=false,waterlogged=false,west=false] part=( 0.000E+0  0.000E+0  0.000E+0) slices=y0=0000/0000/0000/0000/0000/0000/03c0/03c0/03c0/03c0/0000/0000/0000/0000/0000/0000;y1=0000/0000/0000/0000/0000/0000/03c0/0240/0240/03c0/0000/0000/0000/0000/0000/0000;y2=0000/0000/0000/0000/0000/0000/03c0/0240/0240/03c0/0000/0000/0000/0000/0000/0000;y3=0000/0000/0000/0000/0000/0000/03c0/0240/0240/03c0/0000/0000/0000/0000/0000/0000;y4=0000/0000/0000/0000/0000/0000/03c0/0240/0240/03c0/0000/0000/0000/0000/0000/0000;y5=0000/0000/0000/0000/0000/0000/03c0/0240/0240/03c0/0000/0000/0000/0000/0000/0000;y6=0180/0180/0180/0180/0180/0180/03c0/03c0/03c0/03c0/0000/0000/0000/0000/0000/0000;y7=0180/0180/0180/0180/0180/0180/03c0/03c0/03c0/03c0/0000/0000/0000/0000/0000/0000;y8=0180/0180/0180/0180/0180/0180/03c0/03c0/03c0/03c0/0000/0000/0000/0000/0000/0000;y9=0000/0000/0000/0000/0000/0000/03c0/0240/0240/03c0/0000/0000/0000/0000/0000/0000;y10=0000/0000/0000/0000/0000/0000/03c0/0240/0240/03c0/0000/0000/0000/0000/0000/0000;y11=0000/0000/0000/0000/0000/0000/03c0/0240/0240/03c0/0000/0000/0000/0000/0000/0000;y12=0180/0180/0180/0180/0180/0180/03c0/03c0/03c0/03c0/0000/0000/0000/0000/0000/0000;y13=0180/0180/0180/0180/0180/0180/03c0/03c0/03c0/03c0/0000/0000/0000/0000/0000/0000;y14=0180/0180/0180/0180/0180/0180/03c0/03c0/03c0/03c0/0000/0000/0000/0000/0000/0000;y15=0000/0000/0000/0000/0000/0000/03c0/03c0/03c0/03c0/0000/0000/0000/0000/0000/0000
[27Jul2026 17:11:31.237] [Photonics Light List Compiler/INFO] [Photonics/]: Photonics light candidates v18: eligible=3938, selected=3938, maxLights=4000, lightSections=455, capped=false
[27Jul2026 17:11:31.238] [Photonics Light List Compiler/INFO] [Photonics/]: Photonics light-list publication v88: coalescedBatches=24, peakPendingSections=1226, remainingSections=0, deferredMs=142.950
[27Jul2026 17:11:31.272] [Render thread/INFO] [Photonics/]: Photonics world tracing v72: revision=3, settled=false, compiledSections=23, trackedSections=1999, batchBuilt=21, batchUnloaded=0, pendingBuilds=3, pendingUnloads=0, ready=true, depth=6, blockBounds=( 1.920E+2  1.920E+2  1.440E+2)..( 3.040E+2  2.720E+2  3.200E+2), treeBounds=( 0.000E+0  0.000E+0  0.000E+0)..( 1.024E+3  1.024E+3  1.024E+3), origin=(-1.920E+2 -1.920E+2 -1.280E+2), boundsSource=compiled, compileMs=58.471
[27Jul2026 17:11:31.276] [Render thread/INFO] [Photonics/]: Photonics light list pending: 3869 -> 3938
[27Jul2026 17:11:31.313] [Photonic Chunk Compiler #0/INFO] [Photonics/]: Photonics voxel diagnostic: state=Block{minecraft:verdant_froglight}[axis=y] vertexHash=4c8228905a261b18 complete=true samples=1600 alphaZero=0 alphaPartial=0 alphaOpaque=1600 rgbMean=[217.1,237.8,214.6] rgbRange=[120-248,166-253,92-248] voxels=1352 aabb=[0,0,0]-[15,15,15] parts=[( 0.000E+0  0.000E+0  0.000E+0)]
[27Jul2026 17:11:31.316] [Photonic Chunk Compiler #0/INFO] [Photonics/]: Photonics voxel occupancy: state=Block{minecraft:verdant_froglight}[axis=y] part=( 0.000E+0  0.000E+0  0.000E+0) slices=y0=ffff/ffff/ffff/ffff/ffff/ffff/ffff/ffff/ffff/ffff/ffff/ffff/ffff/ffff/ffff/ffff;y1=ffff/8001/8001/8001/8001/8001/8001/8001/8001/8001/8001/8001/8001/8001/8001/ffff;y2=ffff/8001/8001/8001/8001/8001/8001/8001/8001/8001/8001/8001/8001/8001/8001/ffff;y3=ffff/8001/8001/8001/8001/8001/8001/8001/8001/8001/8001/8001/8001/8001/8001/ffff;y4=ffff/8001/8001/8001/8001/8001/8001/8001/8001/8001/8001/8001/8001/8001/8001/ffff;y5=ffff/8001/8001/8001/8001/8001/8001/8001/8001/8001/8001/8001/8001/8001/8001/ffff;y6=ffff/8001/8001/8001/8001/8001/8001/8001/8001/8001/8001/8001/8001/8001/8001/ffff;y7=ffff/8001/8001/8001/8001/8001/8001/8001/8001/8001/8001/8001/8001/8001/8001/ffff;y8=ffff/8001/8001/8001/8001/8001/8001/8001/8001/8001/8001/8001/8001/8001/8001/ffff;y9=ffff/8001/8001/8001/8001/8001/8001/8001/8001/8001/8001/8001/8001/8001/8001/ffff;y10=ffff/8001/8001/8001/8001/8001/8001/8001/8001/8001/8001/8001/8001/8001/8001/ffff;y11=ffff/8001/8001/8001/8001/8001/8001/8001/8001/8001/8001/8001/8001/8001/8001/ffff;y12=ffff/8001/8001/8001/8001/8001/8001/8001/8001/8001/8001/8001/8001/8001/8001/ffff;y13=ffff/8001/8001/8001/8001/8001/8001/8001/8001/8001/8001/8001/8001/8001/8001/ffff;y14=ffff/8001/8001/8001/8001/8001/8001/8001/8001/8001/8001/8001/8001/8001/8001/ffff;y15=ffff/ffff/ffff/ffff/ffff/ffff/ffff/ffff/ffff/ffff/ffff/ffff/ffff/ffff/ffff/ffff
[27Jul2026 17:11:31.749] [Photonics Light List Compiler/INFO] [Photonics/]: Photonics light candidates v18: eligible=4874, selected=4000, maxLights=4000, lightSections=563, capped=true
[27Jul2026 17:11:31.749] [Photonics Light List Compiler/INFO] [Photonics/]: Photonics light-list publication v88: coalescedBatches=43, peakPendingSections=1326, remainingSections=235, deferredMs=251.819
[27Jul2026 17:11:31.795] [Photonic Chunk Compiler #0/INFO] [Photonics/]: Photonics voxel diagnostic: state=Block{minecraft:oak_fence}[east=true,north=false,south=true,waterlogged=false,west=false] vertexHash=6bf005de7cf96878 complete=true samples=694 alphaZero=0 alphaPartial=0 alphaOpaque=694 rgbMean=[158.1,127.2,76.1] rgbRange=[103-194,80-157,44-98] voxels=368 aabb=[6,0,6]-[15,15,15] parts=[( 0.000E+0  0.000E+0  0.000E+0)]
[27Jul2026 17:11:31.795] [Photonic Chunk Compiler #0/INFO] [Photonics/]: Photonics voxel occupancy: state=Block{minecraft:oak_fence}[east=true,north=false,south=true,waterlogged=false,west=false] part=( 0.000E+0  0.000E+0  0.000E+0) slices=y0=0000/0000/0000/0000/0000/0000/03c0/03c0/03c0/03c0/0000/0000/0000/0000/0000/0000;y1=0000/0000/0000/0000/0000/0000/03c0/0240/0240/03c0/0000/0000/0000/0000/0000/0000;y2=0000/0000/0000/0000/0000/0000/03c0/0240/0240/03c0/0000/0000/0000/0000/0000/0000;y3=0000/0000/0000/0000/0000/0000/03c0/0240/0240/03c0/0000/0000/0000/0000/0000/0000;y4=0000/0000/0000/0000/0000/0000/03c0/0240/0240/03c0/0000/0000/0000/0000/0000/0000;y5=0000/0000/0000/0000/0000/0000/03c0/0240/0240/03c0/0000/0000/0000/0000/0000/0000;y6=0000/0000/0000/0000/0000/0000/03c0/ffc0/ffc0/03c0/0180/0180/0180/0180/0180/0180;y7=0000/0000/0000/0000/0000/0000/03c0/ffc0/ffc0/03c0/0180/0180/0180/0180/0180/0180;y8=0000/0000/0000/0000/0000/0000/03c0/ffc0/ffc0/03c0/0180/0180/0180/0180/0180/0180;y9=0000/0000/0000/0000/0000/0000/03c0/0240/0240/03c0/0000/0000/0000/0000/0000/0000;y10=0000/0000/0000/0000/0000/0000/03c0/0240/0240/03c0/0000/0000/0000/0000/0000/0000;y11=0000/0000/0000/0000/0000/0000/03c0/0240/0240/03c0/0000/0000/0000/0000/0000/0000;y12=0000/0000/0000/0000/0000/0000/03c0/ffc0/ffc0/03c0/0180/0180/0180/0180/0180/0180;y13=0000/0000/0000/0000/0000/0000/03c0/ffc0/ffc0/03c0/0180/0180/0180/0180/0180/0180;y14=0000/0000/0000/0000/0000/0000/03c0/ffc0/ffc0/03c0/0180/0180/0180/0180/0180/0180;y15=0000/0000/0000/0000/0000/0000/03c0/03c0/03c0/03c0/0000/0000/0000/0000/0000/0000
[27Jul2026 17:11:31.795] [Photonic Chunk Compiler #0/INFO] [Photonics/]: Photonics voxel diagnostic: state=Block{minecraft:oak_fence}[east=true,north=true,south=true,waterlogged=false,west=false] vertexHash=c3ccd5a56c76e30 complete=true samples=892 alphaZero=0 alphaPartial=0 alphaOpaque=892 rgbMean=[158.3,127.3,76.3] rgbRange=[103-194,80-157,44-98] voxels=440 aabb=[6,0,0]-[15,15,15] parts=[( 0.000E+0  0.000E+0  0.000E+0)]
[27Jul2026 17:11:31.795] [Photonic Chunk Compiler #0/INFO] [Photonics/]: Photonics voxel occupancy: state=Block{minecraft:oak_fence}[east=true,north=true,south=true,waterlogged=false,west=false] part=( 0.000E+0  0.000E+0  0.000E+0) slices=y0=0000/0000/0000/0000/0000/0000/03c0/03c0/03c0/03c0/0000/0000/0000/0000/0000/0000;y1=0000/0000/0000/0000/0000/0000/03c0/0240/0240/03c0/0000/0000/0000/0000/0000/0000;y2=0000/0000/0000/0000/0000/0000/03c0/0240/0240/03c0/0000/0000/0000/0000/0000/0000;y3=0000/0000/0000/0000/0000/0000/03c0/0240/0240/03c0/0000/0000/0000/0000/0000/0000;y4=0000/0000/0000/0000/0000/0000/03c0/0240/0240/03c0/0000/0000/0000/0000/0000/0000;y5=0000/0000/0000/0000/0000/0000/03c0/0240/0240/03c0/0000/0000/0000/0000/0000/0000;y6=0180/0180/0180/0180/0180/0180/03c0/ffc0/ffc0/03c0/0180/0180/0180/0180/0180/0180;y7=0180/0180/0180/0180/0180/0180/03c0/ffc0/ffc0/03c0/0180/0180/0180/0180/0180/0180;y8=0180/0180/0180/0180/0180/0180/03c0/ffc0/ffc0/03c0/0180/0180/0180/0180/0180/0180;y9=0000/0000/0000/0000/0000/0000/03c0/0240/0240/03c0/0000/0000/0000/0000/0000/0000;y10=0000/0000/0000/0000/0000/0000/03c0/0240/0240/03c0/0000/0000/0000/0000/0000/0000;y11=0000/0000/0000/0000/0000/0000/03c0/0240/0240/03c0/0000/0000/0000/0000/0000/0000;y12=0180/0180/0180/0180/0180/0180/03c0/ffc0/ffc0/03c0/0180/0180/0180/0180/0180/0180;y13=0180/0180/0180/0180/0180/0180/03c0/ffc0/ffc0/03c0/0180/0180/0180/0180/0180/0180;y14=0180/0180/0180/0180/0180/0180/03c0/ffc0/ffc0/03c0/0180/0180/0180/0180/0180/0180;y15=0000/0000/0000/0000/0000/0000/03c0/03c0/03c0/03c0/0000/0000/0000/0000/0000/0000
[27Jul2026 17:11:31.796] [Photonic Chunk Compiler #0/INFO] [Photonics/]: Photonics voxel diagnostic: state=Block{minecraft:oak_fence}[east=true,north=true,south=false,waterlogged=false,west=false] vertexHash=ca5a74f3afdd6878 complete=true samples=694 alphaZero=0 alphaPartial=0 alphaOpaque=694 rgbMean=[158.8,127.7,76.6] rgbRange=[103-194,80-157,44-98] voxels=368 aabb=[6,0,0]-[15,15,9] parts=[( 0.000E+0  0.000E+0  0.000E+0)]
[27Jul2026 17:11:31.796] [Photonic Chunk Compiler #0/INFO] [Photonics/]: Photonics voxel occupancy: state=Block{minecraft:oak_fence}[east=true,north=true,south=false,waterlogged=false,west=false] part=( 0.000E+0  0.000E+0  0.000E+0) slices=y0=0000/0000/0000/0000/0000/0000/03c0/03c0/03c0/03c0/0000/0000/0000/0000/0000/0000;y1=0000/0000/0000/0000/0000/0000/03c0/0240/0240/03c0/0000/0000/0000/0000/0000/0000;y2=0000/0000/0000/0000/0000/0000/03c0/0240/0240/03c0/0000/0000/0000/0000/0000/0000;y3=0000/0000/0000/0000/0000/0000/03c0/0240/0240/03c0/0000/0000/0000/0000/0000/0000;y4=0000/0000/0000/0000/0000/0000/03c0/0240/0240/03c0/0000/0000/0000/0000/0000/0000;y5=0000/0000/0000/0000/0000/0000/03c0/0240/0240/03c0/0000/0000/0000/0000/0000/0000;y6=0180/0180/0180/0180/0180/0180/03c0/ffc0/ffc0/03c0/0000/0000/0000/0000/0000/0000;y7=0180/0180/0180/0180/0180/0180/03c0/ffc0/ffc0/03c0/0000/0000/0000/0000/0000/0000;y8=0180/0180/0180/0180/0180/0180/03c0/ffc0/ffc0/03c0/0000/0000/0000/0000/0000/0000;y9=0000/0000/0000/0000/0000/0000/03c0/0240/0240/03c0/0000/0000/0000/0000/0000/0000;y10=0000/0000/0000/0000/0000/0000/03c0/0240/0240/03c0/0000/0000/0000/0000/0000/0000;y11=0000/0000/0000/0000/0000/0000/03c0/0240/0240/03c0/0000/0000/0000/0000/0000/0000;y12=0180/0180/0180/0180/0180/0180/03c0/ffc0/ffc0/03c0/0000/0000/0000/0000/0000/0000;y13=0180/0180/0180/0180/0180/0180/03c0/ffc0/ffc0/03c0/0000/0000/0000/0000/0000/0000;y14=0180/0180/0180/0180/0180/0180/03c0/ffc0/ffc0/03c0/0000/0000/0000/0000/0000/0000;y15=0000/0000/0000/0000/0000/0000/03c0/03c0/03c0/03c0/0000/0000/0000/0000/0000/0000
[27Jul2026 17:11:32.062] [Render thread/INFO] [Photonics/]: Photonics light list pending: 3938 -> 4000
[27Jul2026 17:11:32.131] [Photonics Light List Compiler/INFO] [Photonics/]: Photonics light candidates v18: eligible=5386, selected=4000, maxLights=4000, lightSections=622, capped=true
[27Jul2026 17:11:32.131] [Photonics Light List Compiler/INFO] [Photonics/]: Photonics light-list publication v88: coalescedBatches=30, peakPendingSections=1381, remainingSections=618, deferredMs=250.555
[27Jul2026 17:11:32.449] [Render thread/INFO] [Photonics/]: Photonics world tracing v72: revision=6, settled=false, compiledSections=97, trackedSections=3179, batchBuilt=15, batchUnloaded=0, pendingBuilds=0, pendingUnloads=0, ready=true, depth=6, blockBounds=( 1.600E+2  1.920E+2  1.440E+2)..( 3.520E+2  2.880E+2  3.680E+2), treeBounds=( 0.000E+0  0.000E+0  0.000E+0)..( 1.024E+3  1.024E+3  1.024E+3), origin=(-1.920E+2 -1.920E+2 -1.280E+2), boundsSource=compiled, compileMs=20.464
[27Jul2026 17:11:32.469] [Photonics Light List Compiler/INFO] [Photonics/]: Photonics light candidates v18: eligible=6205, selected=4000, maxLights=4000, lightSections=710, capped=true
[27Jul2026 17:11:32.469] [Photonics Light List Compiler/INFO] [Photonics/]: Photonics light-list publication v88: coalescedBatches=37, peakPendingSections=1510, remainingSections=448, deferredMs=250.864
[27Jul2026 17:11:32.884] [Photonics Light List Compiler/INFO] [Photonics/]: Photonics light candidates v18: eligible=6793, selected=4000, maxLights=4000, lightSections=760, capped=true
[27Jul2026 17:11:32.884] [Photonics Light List Compiler/INFO] [Photonics/]: Photonics light-list publication v88: coalescedBatches=36, peakPendingSections=1346, remainingSections=1187, deferredMs=252.364
[27Jul2026 17:11:33.140] [Photonics Light List Compiler/INFO] [Photonics/]: Photonics light candidates v18: eligible=7386, selected=4000, maxLights=4000, lightSections=832, capped=true
[27Jul2026 17:11:33.141] [Photonics Light List Compiler/INFO] [Photonics/]: Photonics light-list publication v88: coalescedBatches=34, peakPendingSections=1305, remainingSections=1052, deferredMs=251.150
[27Jul2026 17:11:33.405] [Photonics Light List Compiler/INFO] [Photonics/]: Photonics light candidates v18: eligible=8292, selected=4000, maxLights=4000, lightSections=893, capped=true
[27Jul2026 17:11:33.405] [Photonics Light List Compiler/INFO] [Photonics/]: Photonics light-list publication v88: coalescedBatches=28, peakPendingSections=1007, remainingSections=424, deferredMs=257.320
[27Jul2026 17:11:33.560] [Render thread/INFO] [net.minecraft.client.gui.components.ChatComponent/]: [System] [CHAT] Distant Horizons: G1 Garbage collector detected.\nThis can cause FPS stuttering. \nIt's recommended to use a concurrent garbage collector \nlike ZGC (Java 21+) or Shenandoah (Java 8 through 17) \nfor a smoother experience. \nThis warning can be disabled in the DH config.
[27Jul2026 17:11:33.624] [Render thread/INFO] [Photonics/]: Photonics world tracing v72: revision=11, settled=false, compiledSections=230, trackedSections=4706, batchBuilt=40, batchUnloaded=0, pendingBuilds=5, pendingUnloads=0, ready=true, depth=6, blockBounds=( 1.440E+2  1.600E+2  1.440E+2)..( 3.680E+2  2.880E+2  3.840E+2), treeBounds=( 0.000E+0  0.000E+0  0.000E+0)..( 1.024E+3  1.024E+3  1.024E+3), origin=(-1.920E+2 -1.920E+2 -1.280E+2), boundsSource=compiled, compileMs=73.632
[27Jul2026 17:11:33.670] [Photonics Light List Compiler/INFO] [Photonics/]: Photonics light candidates v18: eligible=9641, selected=4000, maxLights=4000, lightSections=1012, capped=true
[27Jul2026 17:11:33.670] [Photonics Light List Compiler/INFO] [Photonics/]: Photonics light-list publication v88: coalescedBatches=26, peakPendingSections=1095, remainingSections=434, deferredMs=251.484
[27Jul2026 17:11:33.756] [Render thread/INFO] [Photonics/]: Photonics pass timing v73: group=svgf atrous, passes=[atrous iteration], viewport=427x240, megapixels=0.102, cpuInvocations=60, cpuSubmitAvgMs=0.023, cpuSubmitMaxMs=0.109, gpuSamples=14, gpuAvgMs=0.020, gpuMaxMs=0.026, gpuAvgMsPerMP=0.191
[27Jul2026 17:11:33.984] [Photonics Light List Compiler/INFO] [Photonics/]: Photonics light candidates v18: eligible=11234, selected=4000, maxLights=4000, lightSections=1101, capped=true
[27Jul2026 17:11:33.984] [Photonics Light List Compiler/INFO] [Photonics/]: Photonics light-list publication v88: coalescedBatches=32, peakPendingSections=1019, remainingSections=242, deferredMs=250.738
[27Jul2026 17:11:34.061] [Photonics Light List Compiler/INFO] [Photonics/]: Photonics light candidates v18: eligible=11410, selected=4000, maxLights=4000, lightSections=1116, capped=true
[27Jul2026 17:11:34.061] [Photonics Light List Compiler/INFO] [Photonics/]: Photonics light-list publication v88: coalescedBatches=20, peakPendingSections=686, remainingSections=0, deferredMs=69.484
[27Jul2026 17:11:34.170] [Photonics Light List Compiler/INFO] [Photonics/]: Photonics light candidates v18: eligible=11461, selected=4000, maxLights=4000, lightSections=1122, capped=true
[27Jul2026 17:11:34.170] [Photonics Light List Compiler/INFO] [Photonics/]: Photonics light-list publication v88: coalescedBatches=18, peakPendingSections=455, remainingSections=0, deferredMs=74.234
[27Jul2026 17:11:34.653] [Render thread/INFO] [Photonics/]: Photonics world tracing v72: revision=19, settled=false, compiledSections=348, trackedSections=5180, batchBuilt=13, batchUnloaded=0, pendingBuilds=0, pendingUnloads=0, ready=true, depth=6, blockBounds=( 1.280E+2  1.440E+2  1.440E+2)..( 3.840E+2  2.880E+2  4.000E+2), treeBounds=( 0.000E+0  0.000E+0  0.000E+0)..( 1.024E+3  1.024E+3  1.024E+3), origin=(-1.920E+2 -1.920E+2 -1.280E+2), boundsSource=compiled, compileMs=27.721
[27Jul2026 17:11:35.688] [Render thread/INFO] [Photonics/]: Photonics world tracing v72: revision=38, settled=false, compiledSections=458, trackedSections=5180, batchBuilt=5, batchUnloaded=0, pendingBuilds=5, pendingUnloads=0, ready=true, depth=6, blockBounds=( 9.600E+1  1.280E+2  1.440E+2)..( 3.840E+2  3.040E+2  4.160E+2), treeBounds=( 0.000E+0  0.000E+0  0.000E+0)..( 1.024E+3  1.024E+3  1.024E+3), origin=(-1.920E+2 -1.920E+2 -1.280E+2), boundsSource=compiled, compileMs=20.958
[27Jul2026 17:11:36.085] [Render thread/INFO] [Photonics/]: Photonics pass timing v73: group=frag data, passes=[frag data], viewport=427x240, megapixels=0.102, cpuInvocations=60, cpuSubmitAvgMs=0.383, cpuSubmitMaxMs=17.270, gpuSamples=15, gpuAvgMs=0.012, gpuMaxMs=0.019, gpuAvgMsPerMP=0.117
[27Jul2026 17:11:36.085] [Render thread/INFO] [Photonics/]: Photonics frame throughput v78: viewport=427x240, windowSeconds=7.717, renderedFrames=60, fps=7.775, frameAvgMs=128.611
[27Jul2026 17:11:36.086] [Render thread/INFO] [Photonics/]: Photonics pass timing v73: group=restir direct, passes=[initial direct + visibility], viewport=427x240, megapixels=0.102, cpuInvocations=60, cpuSubmitAvgMs=0.123, cpuSubmitMaxMs=1.593, gpuSamples=15, gpuAvgMs=0.185, gpuMaxMs=0.206, gpuAvgMsPerMP=1.805
[27Jul2026 17:11:36.086] [Render thread/INFO] [Photonics/]: Photonics pass timing v73: group=restir gi initial, passes=[initial indirect], viewport=427x240, megapixels=0.102, cpuInvocations=60, cpuSubmitAvgMs=0.033, cpuSubmitMaxMs=0.152, gpuSamples=15, gpuAvgMs=0.213, gpuMaxMs=0.266, gpuAvgMsPerMP=2.075
[27Jul2026 17:11:36.086] [Render thread/INFO] [Photonics/]: Photonics pass timing v73: group=restir temporal, passes=[temporal reuse + tri-state GI classification], viewport=427x240, megapixels=0.102, cpuInvocations=60, cpuSubmitAvgMs=0.035, cpuSubmitMaxMs=0.147, gpuSamples=15, gpuAvgMs=0.220, gpuMaxMs=0.282, gpuAvgMsPerMP=2.149
[27Jul2026 17:11:36.086] [Render thread/INFO] [Photonics/]: Photonics pass timing v73: group=restir spatial copy, passes=[copy spatial input], viewport=427x240, megapixels=0.102, cpuInvocations=60, cpuSubmitAvgMs=0.024, cpuSubmitMaxMs=0.143, gpuSamples=15, gpuAvgMs=0.014, gpuMaxMs=0.020, gpuAvgMsPerMP=0.139
[27Jul2026 17:11:36.086] [Render thread/INFO] [Photonics/]: Photonics pass timing v73: group=restir spatial, passes=[spatial reuse/clamp + tri-state GI classification], viewport=427x240, megapixels=0.102, cpuInvocations=60, cpuSubmitAvgMs=0.032, cpuSubmitMaxMs=0.487, gpuSamples=15, gpuAvgMs=0.201, gpuMaxMs=0.274, gpuAvgMsPerMP=1.960
[27Jul2026 17:11:36.086] [Render thread/INFO] [Photonics/]: Photonics pass timing v73: group=restir diffuse, passes=[diffuse], viewport=427x240, megapixels=0.102, cpuInvocations=60, cpuSubmitAvgMs=0.026, cpuSubmitMaxMs=0.118, gpuSamples=15, gpuAvgMs=0.233, gpuMaxMs=0.305, gpuAvgMsPerMP=2.273
[27Jul2026 17:11:36.086] [Render thread/INFO] [Photonics/]: Photonics pass timing v73: group=restir accumulation, passes=[accumulation], viewport=427x240, megapixels=0.102, cpuInvocations=60, cpuSubmitAvgMs=0.028, cpuSubmitMaxMs=0.095, gpuSamples=15, gpuAvgMs=0.030, gpuMaxMs=0.039, gpuAvgMsPerMP=0.289
[27Jul2026 17:11:36.086] [Render thread/INFO] [Photonics/]: Photonics pass timing v73: group=svgf variance, passes=[variance prefilter], viewport=427x240, megapixels=0.102, cpuInvocations=60, cpuSubmitAvgMs=0.146, cpuSubmitMaxMs=7.780, gpuSamples=15, gpuAvgMs=0.035, gpuMaxMs=0.045, gpuAvgMsPerMP=0.340
[27Jul2026 17:11:36.086] [Render thread/INFO] [Photonics/]: Photonics pass timing v73: group=restir local, passes=[exact local direct], viewport=427x240, megapixels=0.102, cpuInvocations=60, cpuSubmitAvgMs=0.032, cpuSubmitMaxMs=0.203, gpuSamples=15, gpuAvgMs=0.004, gpuMaxMs=0.006, gpuAvgMsPerMP=0.043
[27Jul2026 17:11:36.086] [Render thread/INFO] [Photonics/]: Photonics pass timing v73: group=restir handheld, passes=[handheld], viewport=427x240, megapixels=0.102, cpuInvocations=60, cpuSubmitAvgMs=0.038, cpuSubmitMaxMs=0.287, gpuSamples=15, gpuAvgMs=0.003, gpuMaxMs=0.004, gpuAvgMsPerMP=0.032
[27Jul2026 17:11:36.087] [Render thread/INFO] [Photonics/]: Photonics pass timing v73: group=photonics temporal source, passes=[compose low-resolution lighting], viewport=427x240, megapixels=0.102, cpuInvocations=60, cpuSubmitAvgMs=0.012, cpuSubmitMaxMs=0.071, gpuSamples=15, gpuAvgMs=0.004, gpuMaxMs=0.005, gpuAvgMsPerMP=0.037
[27Jul2026 17:11:36.087] [Render thread/INFO] [Photonics/]: Photonics pass timing v73: group=photonics temporal reconstruction, passes=[reconstruct lighting], viewport=854x480, megapixels=0.410, cpuInvocations=60, cpuSubmitAvgMs=0.058, cpuSubmitMaxMs=2.233, gpuSamples=15, gpuAvgMs=0.071, gpuMaxMs=0.079, gpuAvgMsPerMP=0.174
[27Jul2026 17:11:36.719] [Render thread/INFO] [Photonics/]: Photonics world tracing v72: revision=70, settled=false, compiledSections=569, trackedSections=5180, batchBuilt=1, batchUnloaded=0, pendingBuilds=12, pendingUnloads=0, ready=true, depth=6, blockBounds=( 8.000E+1  1.280E+2  1.280E+2)..( 4.160E+2  3.040E+2  4.320E+2), treeBounds=( 0.000E+0  0.000E+0  0.000E+0)..( 1.024E+3  1.024E+3  1.024E+3), origin=(-1.920E+2 -1.920E+2 -1.280E+2), boundsSource=compiled, compileMs=15.056
[27Jul2026 17:11:37.755] [Render thread/INFO] [Photonics/]: Photonics world tracing v72: revision=102, settled=false, compiledSections=744, trackedSections=5180, batchBuilt=6, batchUnloaded=0, pendingBuilds=5, pendingUnloads=0, ready=true, depth=6, blockBounds=( 6.400E+1  1.280E+2  1.280E+2)..( 4.320E+2  3.040E+2  4.480E+2), treeBounds=( 0.000E+0  0.000E+0  0.000E+0)..( 1.024E+3  1.024E+3  1.024E+3), origin=(-1.920E+2 -1.920E+2 -1.280E+2), boundsSource=compiled, compileMs=27.773
[27Jul2026 17:11:38.762] [Render thread/INFO] [Photonics/]: Photonics pass timing v73: group=svgf atrous, passes=[atrous iteration], viewport=427x240, megapixels=0.102, cpuInvocations=1226, cpuSubmitAvgMs=0.005, cpuSubmitMaxMs=0.086, gpuSamples=308, gpuAvgMs=0.022, gpuMaxMs=0.080, gpuAvgMsPerMP=0.211
[27Jul2026 17:11:38.781] [Render thread/INFO] [Photonics/]: Photonics world tracing v72: revision=125, settled=false, compiledSections=934, trackedSections=5180, batchBuilt=1, batchUnloaded=0, pendingBuilds=3, pendingUnloads=0, ready=true, depth=6, blockBounds=( 4.800E+1  1.280E+2  9.600E+1)..( 4.480E+2  3.040E+2  4.640E+2), treeBounds=( 0.000E+0  0.000E+0  0.000E+0)..( 1.024E+3  1.024E+3  1.024E+3), origin=(-1.920E+2 -1.920E+2 -1.280E+2), boundsSource=compiled, compileMs=23.924
[27Jul2026 17:11:39.799] [Render thread/INFO] [Photonics/]: Photonics world tracing v72: revision=146, settled=false, compiledSections=1117, trackedSections=5180, batchBuilt=29, batchUnloaded=0, pendingBuilds=27, pendingUnloads=0, ready=true, depth=6, blockBounds=( 4.800E+1  1.280E+2  9.600E+1)..( 4.480E+2  3.040E+2  4.640E+2), treeBounds=( 0.000E+0  0.000E+0  0.000E+0)..( 1.024E+3  1.024E+3  1.024E+3), origin=(-1.920E+2 -1.920E+2 -1.280E+2), boundsSource=compiled, compileMs=96.034
[27Jul2026 17:11:40.817] [Render thread/INFO] [Photonics/]: Photonics world tracing v72: revision=164, settled=false, compiledSections=1307, trackedSections=5180, batchBuilt=10, batchUnloaded=0, pendingBuilds=10, pendingUnloads=0, ready=true, depth=6, blockBounds=( 4.800E+1  1.280E+2  6.400E+1)..( 4.480E+2  3.040E+2  4.960E+2), treeBounds=( 0.000E+0  0.000E+0  0.000E+0)..( 1.024E+3  1.024E+3  1.024E+3), origin=(-1.920E+2 -1.920E+2 -1.280E+2), boundsSource=compiled, compileMs=58.535
[27Jul2026 17:11:41.085] [Render thread/INFO] [Photonics/]: Photonics pass timing v73: group=frag data, passes=[frag data], viewport=427x240, megapixels=0.102, cpuInvocations=385, cpuSubmitAvgMs=0.047, cpuSubmitMaxMs=0.359, gpuSamples=96, gpuAvgMs=0.011, gpuMaxMs=0.012, gpuAvgMsPerMP=0.104
[27Jul2026 17:11:41.086] [Render thread/INFO] [Photonics/]: Photonics frame throughput v78: viewport=427x240, windowSeconds=5.000, renderedFrames=385, fps=76.997, frameAvgMs=12.988
[27Jul2026 17:11:41.086] [Render thread/INFO] [Photonics/]: Photonics pass timing v73: group=restir direct, passes=[initial direct + visibility], viewport=427x240, megapixels=0.102, cpuInvocations=385, cpuSubmitAvgMs=0.036, cpuSubmitMaxMs=0.078, gpuSamples=96, gpuAvgMs=0.197, gpuMaxMs=0.220, gpuAvgMsPerMP=1.920
[27Jul2026 17:11:41.086] [Render thread/INFO] [Photonics/]: Photonics pass timing v73: group=restir gi initial, passes=[initial indirect], viewport=427x240, megapixels=0.102, cpuInvocations=385, cpuSubmitAvgMs=0.014, cpuSubmitMaxMs=0.032, gpuSamples=96, gpuAvgMs=0.242, gpuMaxMs=0.281, gpuAvgMsPerMP=2.366
[27Jul2026 17:11:41.086] [Render thread/INFO] [Photonics/]: Photonics pass timing v73: group=restir temporal, passes=[temporal reuse + tri-state GI classification], viewport=427x240, megapixels=0.102, cpuInvocations=385, cpuSubmitAvgMs=0.018, cpuSubmitMaxMs=0.158, gpuSamples=96, gpuAvgMs=0.277, gpuMaxMs=0.330, gpuAvgMsPerMP=2.705
[27Jul2026 17:11:41.086] [Render thread/INFO] [Photonics/]: Photonics pass timing v73: group=restir spatial copy, passes=[copy spatial input], viewport=427x240, megapixels=0.102, cpuInvocations=385, cpuSubmitAvgMs=0.015, cpuSubmitMaxMs=0.046, gpuSamples=96, gpuAvgMs=0.013, gpuMaxMs=0.013, gpuAvgMsPerMP=0.124
[27Jul2026 17:11:41.086] [Render thread/INFO] [Photonics/]: Photonics pass timing v73: group=restir spatial, passes=[spatial reuse/clamp + tri-state GI classification], viewport=427x240, megapixels=0.102, cpuInvocations=385, cpuSubmitAvgMs=0.083, cpuSubmitMaxMs=27.889, gpuSamples=96, gpuAvgMs=0.220, gpuMaxMs=0.286, gpuAvgMsPerMP=2.145
[27Jul2026 17:11:41.086] [Render thread/INFO] [Photonics/]: Photonics pass timing v73: group=restir diffuse, passes=[diffuse], viewport=427x240, megapixels=0.102, cpuInvocations=385, cpuSubmitAvgMs=0.014, cpuSubmitMaxMs=0.124, gpuSamples=96, gpuAvgMs=0.290, gpuMaxMs=0.349, gpuAvgMsPerMP=2.830
[27Jul2026 17:11:41.093] [Render thread/INFO] [Photonics/]: Photonics pass timing v73: group=restir accumulation, passes=[accumulation], viewport=427x240, megapixels=0.102, cpuInvocations=386, cpuSubmitAvgMs=0.018, cpuSubmitMaxMs=0.057, gpuSamples=97, gpuAvgMs=0.028, gpuMaxMs=0.065, gpuAvgMsPerMP=0.272
[27Jul2026 17:11:41.093] [Render thread/INFO] [Photonics/]: Photonics pass timing v73: group=svgf variance, passes=[variance prefilter], viewport=427x240, megapixels=0.102, cpuInvocations=386, cpuSubmitAvgMs=0.011, cpuSubmitMaxMs=0.029, gpuSamples=97, gpuAvgMs=0.034, gpuMaxMs=0.035, gpuAvgMsPerMP=0.331
[27Jul2026 17:11:41.093] [Render thread/INFO] [Photonics/]: Photonics pass timing v73: group=restir local, passes=[exact local direct], viewport=427x240, megapixels=0.102, cpuInvocations=386, cpuSubmitAvgMs=0.015, cpuSubmitMaxMs=0.065, gpuSamples=97, gpuAvgMs=0.004, gpuMaxMs=0.006, gpuAvgMsPerMP=0.040
[27Jul2026 17:11:41.093] [Render thread/INFO] [Photonics/]: Photonics pass timing v73: group=restir handheld, passes=[handheld], viewport=427x240, megapixels=0.102, cpuInvocations=386, cpuSubmitAvgMs=0.023, cpuSubmitMaxMs=0.210, gpuSamples=97, gpuAvgMs=0.003, gpuMaxMs=0.004, gpuAvgMsPerMP=0.031
[27Jul2026 17:11:41.093] [Render thread/INFO] [Photonics/]: Photonics pass timing v73: group=photonics temporal source, passes=[compose low-resolution lighting], viewport=427x240, megapixels=0.102, cpuInvocations=386, cpuSubmitAvgMs=0.007, cpuSubmitMaxMs=0.020, gpuSamples=97, gpuAvgMs=0.004, gpuMaxMs=0.005, gpuAvgMsPerMP=0.035
[27Jul2026 17:11:41.093] [Render thread/INFO] [Photonics/]: Photonics pass timing v73: group=photonics temporal reconstruction, passes=[reconstruct lighting], viewport=854x480, megapixels=0.410, cpuInvocations=386, cpuSubmitAvgMs=0.014, cpuSubmitMaxMs=0.092, gpuSamples=97, gpuAvgMs=0.076, gpuMaxMs=0.080, gpuAvgMsPerMP=0.185
[27Jul2026 17:11:41.394] [Render thread/INFO] [Photonics/]: Photonics direct reservoir sample v64: samples=120, populated=63, emptyOrBackground=2, visibilityRejected=29, invalid=26, overLegacyCap=1, overTemporalCap=0, totalSamplesRange=0.0..159.4, viewport=427x240
[27Jul2026 17:11:41.820] [Render thread/INFO] [Photonics/]: Photonics world tracing v72: revision=179, settled=false, compiledSections=1569, trackedSections=5180, batchBuilt=10, batchUnloaded=0, pendingBuilds=9, pendingUnloads=0, ready=true, depth=6, blockBounds=( 4.800E+1  1.280E+2  6.400E+1)..( 4.640E+2  3.040E+2  4.960E+2), treeBounds=( 0.000E+0  0.000E+0  0.000E+0)..( 1.024E+3  1.024E+3  1.024E+3), origin=(-1.920E+2 -1.920E+2 -1.280E+2), boundsSource=compiled, compileMs=56.494
[27Jul2026 17:11:42.851] [Render thread/INFO] [Photonics/]: Photonics world tracing v72: revision=193, settled=false, compiledSections=1880, trackedSections=5180, batchBuilt=14, batchUnloaded=0, pendingBuilds=7, pendingUnloads=0, ready=true, depth=6, blockBounds=( 3.200E+1  1.280E+2  6.400E+1)..( 4.640E+2  3.040E+2  4.960E+2), treeBounds=( 0.000E+0  0.000E+0  0.000E+0)..( 1.024E+3  1.024E+3  1.024E+3), origin=(-1.920E+2 -1.920E+2 -1.280E+2), boundsSource=compiled, compileMs=59.846
[27Jul2026 17:11:43.776] [Render thread/INFO] [Photonics/]: Photonics pass timing v73: group=svgf atrous, passes=[atrous iteration], viewport=427x240, megapixels=0.102, cpuInvocations=2240, cpuSubmitAvgMs=0.004, cpuSubmitMaxMs=0.031, gpuSamples=560, gpuAvgMs=0.021, gpuMaxMs=0.057, gpuAvgMsPerMP=0.209
[27Jul2026 17:11:43.914] [Render thread/INFO] [Photonics/]: Photonics world tracing v72: revision=203, settled=false, compiledSections=2184, trackedSections=5180, batchBuilt=48, batchUnloaded=0, pendingBuilds=52, pendingUnloads=0, ready=true, depth=6, blockBounds=( 3.200E+1  1.280E+2  6.400E+1)..( 4.640E+2  3.040E+2  4.960E+2), treeBounds=( 0.000E+0  0.000E+0  0.000E+0)..( 1.024E+3  1.024E+3  1.024E+3), origin=(-1.920E+2 -1.920E+2 -1.280E+2), boundsSource=compiled, compileMs=119.634
[27Jul2026 17:11:44.953] [Render thread/INFO] [Photonics/]: Photonics world tracing v72: revision=212, settled=false, compiledSections=2571, trackedSections=5180, batchBuilt=48, batchUnloaded=0, pendingBuilds=55, pendingUnloads=0, ready=true, depth=6, blockBounds=( 3.200E+1  1.280E+2  6.400E+1)..( 4.640E+2  3.040E+2  4.960E+2), treeBounds=( 0.000E+0  0.000E+0  0.000E+0)..( 1.024E+3  1.024E+3  1.024E+3), origin=(-1.920E+2 -1.920E+2 -1.280E+2), boundsSource=compiled, compileMs=106.389
[27Jul2026 17:11:45.998] [Render thread/INFO] [Photonics/]: Photonics world tracing v72: revision=218, settled=false, compiledSections=2859, trackedSections=5180, batchBuilt=48, batchUnloaded=0, pendingBuilds=96, pendingUnloads=0, ready=true, depth=6, blockBounds=( 3.200E+1  1.280E+2  6.400E+1)..( 4.640E+2  3.040E+2  4.960E+2), treeBounds=( 0.000E+0  0.000E+0  0.000E+0)..( 1.024E+3  1.024E+3  1.024E+3), origin=(-1.920E+2 -1.920E+2 -1.280E+2), boundsSource=compiled, compileMs=203.487
[27Jul2026 17:11:46.100] [Render thread/INFO] [Photonics/]: Photonics pass timing v73: group=frag data, passes=[frag data], viewport=427x240, megapixels=0.102, cpuInvocations=450, cpuSubmitAvgMs=0.041, cpuSubmitMaxMs=0.435, gpuSamples=113, gpuAvgMs=0.011, gpuMaxMs=0.012, gpuAvgMsPerMP=0.105
[27Jul2026 17:11:46.100] [Render thread/INFO] [Photonics/]: Photonics frame throughput v78: viewport=427x240, windowSeconds=5.014, renderedFrames=450, fps=89.745, frameAvgMs=11.143
[27Jul2026 17:11:46.100] [Render thread/INFO] [Photonics/]: Photonics pass timing v73: group=restir direct, passes=[initial direct + visibility], viewport=427x240, megapixels=0.102, cpuInvocations=450, cpuSubmitAvgMs=0.032, cpuSubmitMaxMs=0.103, gpuSamples=113, gpuAvgMs=0.199, gpuMaxMs=0.240, gpuAvgMsPerMP=1.942
[27Jul2026 17:11:46.101] [Render thread/INFO] [Photonics/]: Photonics pass timing v73: group=restir gi initial, passes=[initial indirect], viewport=427x240, megapixels=0.102, cpuInvocations=450, cpuSubmitAvgMs=0.013, cpuSubmitMaxMs=0.049, gpuSamples=113, gpuAvgMs=0.252, gpuMaxMs=0.301, gpuAvgMsPerMP=2.464
[27Jul2026 17:11:46.101] [Render thread/INFO] [Photonics/]: Photonics pass timing v73: group=restir temporal, passes=[temporal reuse + tri-state GI classification], viewport=427x240, megapixels=0.102, cpuInvocations=450, cpuSubmitAvgMs=0.014, cpuSubmitMaxMs=0.050, gpuSamples=113, gpuAvgMs=0.278, gpuMaxMs=0.377, gpuAvgMsPerMP=2.717
[27Jul2026 17:11:46.101] [Render thread/INFO] [Photonics/]: Photonics pass timing v73: group=restir spatial copy, passes=[copy spatial input], viewport=427x240, megapixels=0.102, cpuInvocations=450, cpuSubmitAvgMs=0.088, cpuSubmitMaxMs=33.358, gpuSamples=113, gpuAvgMs=0.013, gpuMaxMs=0.014, gpuAvgMsPerMP=0.122
[27Jul2026 17:11:46.101] [Render thread/INFO] [Photonics/]: Photonics pass timing v73: group=restir spatial, passes=[spatial reuse/clamp + tri-state GI classification], viewport=427x240, megapixels=0.102, cpuInvocations=450, cpuSubmitAvgMs=0.010, cpuSubmitMaxMs=0.112, gpuSamples=113, gpuAvgMs=0.233, gpuMaxMs=0.352, gpuAvgMsPerMP=2.271
[27Jul2026 17:11:46.101] [Render thread/INFO] [Photonics/]: Photonics pass timing v73: group=restir diffuse, passes=[diffuse], viewport=427x240, megapixels=0.102, cpuInvocations=450, cpuSubmitAvgMs=0.013, cpuSubmitMaxMs=0.058, gpuSamples=113, gpuAvgMs=0.294, gpuMaxMs=0.372, gpuAvgMsPerMP=2.872
[27Jul2026 17:11:46.101] [Render thread/INFO] [Photonics/]: Photonics pass timing v73: group=restir accumulation, passes=[accumulation], viewport=427x240, megapixels=0.102, cpuInvocations=449, cpuSubmitAvgMs=0.016, cpuSubmitMaxMs=0.035, gpuSamples=112, gpuAvgMs=0.029, gpuMaxMs=0.050, gpuAvgMsPerMP=0.286
[27Jul2026 17:11:46.101] [Render thread/INFO] [Photonics/]: Photonics pass timing v73: group=svgf variance, passes=[variance prefilter], viewport=427x240, megapixels=0.102, cpuInvocations=449, cpuSubmitAvgMs=0.013, cpuSubmitMaxMs=0.730, gpuSamples=112, gpuAvgMs=0.036, gpuMaxMs=0.058, gpuAvgMsPerMP=0.348
[27Jul2026 17:11:46.101] [Render thread/INFO] [Photonics/]: Photonics pass timing v73: group=restir local, passes=[exact local direct], viewport=427x240, megapixels=0.102, cpuInvocations=449, cpuSubmitAvgMs=0.014, cpuSubmitMaxMs=0.039, gpuSamples=112, gpuAvgMs=0.004, gpuMaxMs=0.007, gpuAvgMsPerMP=0.041
[27Jul2026 17:11:46.101] [Render thread/INFO] [Photonics/]: Photonics pass timing v73: group=restir handheld, passes=[handheld], viewport=427x240, megapixels=0.102, cpuInvocations=449, cpuSubmitAvgMs=0.018, cpuSubmitMaxMs=0.053, gpuSamples=112, gpuAvgMs=0.003, gpuMaxMs=0.004, gpuAvgMsPerMP=0.031
[27Jul2026 17:11:46.101] [Render thread/INFO] [Photonics/]: Photonics pass timing v73: group=photonics temporal source, passes=[compose low-resolution lighting], viewport=427x240, megapixels=0.102, cpuInvocations=449, cpuSubmitAvgMs=0.006, cpuSubmitMaxMs=0.015, gpuSamples=112, gpuAvgMs=0.004, gpuMaxMs=0.004, gpuAvgMsPerMP=0.035
[27Jul2026 17:11:46.101] [Render thread/INFO] [Photonics/]: Photonics pass timing v73: group=photonics temporal reconstruction, passes=[reconstruct lighting], viewport=854x480, megapixels=0.410, cpuInvocations=449, cpuSubmitAvgMs=0.013, cpuSubmitMaxMs=0.029, gpuSamples=112, gpuAvgMs=0.077, gpuMaxMs=0.083, gpuAvgMsPerMP=0.188
[27Jul2026 17:11:47.130] [Render thread/INFO] [Photonics/]: Photonics world tracing v72: revision=224, settled=false, compiledSections=3146, trackedSections=5180, batchBuilt=48, batchUnloaded=0, pendingBuilds=96, pendingUnloads=0, ready=true, depth=6, blockBounds=( 3.200E+1  1.280E+2  6.400E+1)..( 4.640E+2  3.040E+2  4.960E+2), treeBounds=( 0.000E+0  0.000E+0  0.000E+0)..( 1.024E+3  1.024E+3  1.024E+3), origin=(-1.920E+2 -1.920E+2 -1.280E+2), boundsSource=compiled, compileMs=187.946
[27Jul2026 17:11:47.140] [Render thread/INFO] [Photonics/]: Photonics direct reservoir sample v64: samples=120, populated=69, emptyOrBackground=6, visibilityRejected=22, invalid=23, overLegacyCap=0, overTemporalCap=0, totalSamplesRange=0.0..128.0, viewport=427x240
[27Jul2026 17:11:48.245] [Render thread/INFO] [Photonics/]: Photonics world tracing v72: revision=231, settled=false, compiledSections=3478, trackedSections=5180, batchBuilt=48, batchUnloaded=0, pendingBuilds=96, pendingUnloads=0, ready=true, depth=6, blockBounds=( 3.200E+1  1.280E+2  6.400E+1)..( 4.640E+2  3.040E+2  4.960E+2), treeBounds=( 0.000E+0  0.000E+0  0.000E+0)..( 1.024E+3  1.024E+3  1.024E+3), origin=(-1.920E+2 -1.920E+2 -1.280E+2), boundsSource=compiled, compileMs=152.549
[27Jul2026 17:11:48.788] [Render thread/INFO] [Photonics/]: Photonics pass timing v73: group=svgf atrous, passes=[atrous iteration], viewport=427x240, megapixels=0.102, cpuInvocations=1905, cpuSubmitAvgMs=0.005, cpuSubmitMaxMs=0.044, gpuSamples=476, gpuAvgMs=0.022, gpuMaxMs=0.092, gpuAvgMsPerMP=0.216
[27Jul2026 17:11:49.365] [Server thread/INFO] [net.minecraft.client.server.IntegratedServer/]: Saving and pausing game...
[27Jul2026 17:11:49.377] [Server thread/INFO] [net.minecraft.server.MinecraftServer/]: Saving chunks for level 'ServerLevel[New World]'/minecraft:overworld
[27Jul2026 17:11:49.377] [Server thread/INFO] [dev.ryanhcode.sable.Sable/]: Saving sub-levels for level 'ServerLevel[New World]'/minecraft:overworld
[27Jul2026 17:11:49.423] [Server thread/INFO] [net.minecraft.server.MinecraftServer/]: Saving chunks for level 'ServerLevel[New World]'/minecraft:the_end
[27Jul2026 17:11:49.423] [Server thread/INFO] [dev.ryanhcode.sable.Sable/]: Saving sub-levels for level 'ServerLevel[New World]'/minecraft:the_end
[27Jul2026 17:11:49.423] [Server thread/INFO] [net.minecraft.server.MinecraftServer/]: Saving chunks for level 'ServerLevel[New World]'/minecraft:the_nether
[27Jul2026 17:11:49.423] [Server thread/INFO] [dev.ryanhcode.sable.Sable/]: Saving sub-levels for level 'ServerLevel[New World]'/minecraft:the_nether
[27Jul2026 17:11:49.429] [Render thread/INFO] [Photonics/]: Photonics world tracing v72: revision=237, settled=false, compiledSections=3765, trackedSections=5180, batchBuilt=48, batchUnloaded=0, pendingBuilds=96, pendingUnloads=0, ready=true, depth=6, blockBounds=( 3.200E+1  1.280E+2  6.400E+1)..( 4.640E+2  3.040E+2  4.960E+2), treeBounds=( 0.000E+0  0.000E+0  0.000E+0)..( 1.024E+3  1.024E+3  1.024E+3), origin=(-1.920E+2 -1.920E+2 -1.280E+2), boundsSource=compiled, compileMs=197.919
[27Jul2026 17:11:50.542] [Render thread/INFO] [Photonics/]: Photonics world tracing v72: revision=244, settled=false, compiledSections=4100, trackedSections=5180, batchBuilt=48, batchUnloaded=0, pendingBuilds=96, pendingUnloads=0, ready=true, depth=6, blockBounds=( 3.200E+1  1.280E+2  6.400E+1)..( 4.640E+2  3.040E+2  4.960E+2), treeBounds=( 0.000E+0  0.000E+0  0.000E+0)..( 1.024E+3  1.024E+3  1.024E+3), origin=(-1.920E+2 -1.920E+2 -1.280E+2), boundsSource=compiled, compileMs=146.201
[27Jul2026 17:11:51.105] [Render thread/INFO] [Photonics/]: Photonics pass timing v73: group=frag data, passes=[frag data], viewport=427x240, megapixels=0.102, cpuInvocations=476, cpuSubmitAvgMs=0.049, cpuSubmitMaxMs=0.862, gpuSamples=119, gpuAvgMs=0.011, gpuMaxMs=0.012, gpuAvgMsPerMP=0.103
[27Jul2026 17:11:51.105] [Render thread/INFO] [Photonics/]: Photonics frame throughput v78: viewport=427x240, windowSeconds=5.005, renderedFrames=476, fps=95.100, frameAvgMs=10.515
[27Jul2026 17:11:51.105] [Render thread/INFO] [Photonics/]: Photonics pass timing v73: group=restir direct, passes=[initial direct + visibility], viewport=427x240, megapixels=0.102, cpuInvocations=476, cpuSubmitAvgMs=0.034, cpuSubmitMaxMs=0.438, gpuSamples=119, gpuAvgMs=0.218, gpuMaxMs=0.276, gpuAvgMsPerMP=2.124
[27Jul2026 17:11:51.105] [Render thread/INFO] [Photonics/]: Photonics pass timing v73: group=restir gi initial, passes=[initial indirect], viewport=427x240, megapixels=0.102, cpuInvocations=476, cpuSubmitAvgMs=0.014, cpuSubmitMaxMs=0.037, gpuSamples=119, gpuAvgMs=0.269, gpuMaxMs=0.320, gpuAvgMsPerMP=2.622
[27Jul2026 17:11:51.105] [Render thread/INFO] [Photonics/]: Photonics pass timing v73: group=restir temporal, passes=[temporal reuse + tri-state GI classification], viewport=427x240, megapixels=0.102, cpuInvocations=476, cpuSubmitAvgMs=0.016, cpuSubmitMaxMs=0.207, gpuSamples=119, gpuAvgMs=0.306, gpuMaxMs=0.366, gpuAvgMsPerMP=2.985
[27Jul2026 17:11:51.105] [Render thread/INFO] [Photonics/]: Photonics pass timing v73: group=restir spatial copy, passes=[copy spatial input], viewport=427x240, megapixels=0.102, cpuInvocations=476, cpuSubmitAvgMs=0.015, cpuSubmitMaxMs=0.038, gpuSamples=119, gpuAvgMs=0.013, gpuMaxMs=0.035, gpuAvgMsPerMP=0.127
[27Jul2026 17:11:51.105] [Render thread/INFO] [Photonics/]: Photonics pass timing v73: group=restir spatial, passes=[spatial reuse/clamp + tri-state GI classification], viewport=427x240, megapixels=0.102, cpuInvocations=476, cpuSubmitAvgMs=0.010, cpuSubmitMaxMs=0.031, gpuSamples=119, gpuAvgMs=0.238, gpuMaxMs=0.295, gpuAvgMsPerMP=2.318
[27Jul2026 17:11:51.105] [Render thread/INFO] [Photonics/]: Photonics pass timing v73: group=restir diffuse, passes=[diffuse], viewport=427x240, megapixels=0.102, cpuInvocations=476, cpuSubmitAvgMs=0.014, cpuSubmitMaxMs=0.066, gpuSamples=119, gpuAvgMs=0.320, gpuMaxMs=0.378, gpuAvgMsPerMP=3.123
[27Jul2026 17:11:51.106] [Render thread/INFO] [Photonics/]: Photonics pass timing v73: group=restir accumulation, passes=[accumulation], viewport=427x240, megapixels=0.102, cpuInvocations=476, cpuSubmitAvgMs=0.016, cpuSubmitMaxMs=0.055, gpuSamples=119, gpuAvgMs=0.027, gpuMaxMs=0.067, gpuAvgMsPerMP=0.260
[27Jul2026 17:11:51.106] [Render thread/INFO] [Photonics/]: Photonics pass timing v73: group=svgf variance, passes=[variance prefilter], viewport=427x240, megapixels=0.102, cpuInvocations=476, cpuSubmitAvgMs=0.011, cpuSubmitMaxMs=0.029, gpuSamples=119, gpuAvgMs=0.032, gpuMaxMs=0.064, gpuAvgMsPerMP=0.315
[27Jul2026 17:11:51.106] [Render thread/INFO] [Photonics/]: Photonics pass timing v73: group=restir local, passes=[exact local direct], viewport=427x240, megapixels=0.102, cpuInvocations=476, cpuSubmitAvgMs=0.015, cpuSubmitMaxMs=0.053, gpuSamples=119, gpuAvgMs=0.004, gpuMaxMs=0.007, gpuAvgMsPerMP=0.042
[27Jul2026 17:11:51.106] [Render thread/INFO] [Photonics/]: Photonics pass timing v73: group=restir handheld, passes=[handheld], viewport=427x240, megapixels=0.102, cpuInvocations=476, cpuSubmitAvgMs=0.018, cpuSubmitMaxMs=0.085, gpuSamples=119, gpuAvgMs=0.003, gpuMaxMs=0.004, gpuAvgMsPerMP=0.032
[27Jul2026 17:11:51.106] [Render thread/INFO] [Photonics/]: Photonics pass timing v73: group=photonics temporal source, passes=[compose low-resolution lighting], viewport=427x240, megapixels=0.102, cpuInvocations=476, cpuSubmitAvgMs=0.006, cpuSubmitMaxMs=0.016, gpuSamples=119, gpuAvgMs=0.004, gpuMaxMs=0.004, gpuAvgMsPerMP=0.035
[27Jul2026 17:11:51.106] [Render thread/INFO] [Photonics/]: Photonics pass timing v73: group=photonics temporal reconstruction, passes=[reconstruct lighting], viewport=854x480, megapixels=0.410, cpuInvocations=476, cpuSubmitAvgMs=0.014, cpuSubmitMaxMs=0.055, gpuSamples=119, gpuAvgMs=0.071, gpuMaxMs=0.078, gpuAvgMsPerMP=0.173
[27Jul2026 17:11:51.658] [Render thread/INFO] [Photonics/]: Photonics world tracing v72: revision=250, settled=false, compiledSections=4388, trackedSections=5180, batchBuilt=48, batchUnloaded=0, pendingBuilds=96, pendingUnloads=0, ready=true, depth=6, blockBounds=( 3.200E+1  1.280E+2  6.400E+1)..( 4.640E+2  3.040E+2  4.960E+2), treeBounds=( 0.000E+0  0.000E+0  0.000E+0)..( 1.024E+3  1.024E+3  1.024E+3), origin=(-1.920E+2 -1.920E+2 -1.280E+2), boundsSource=compiled, compileMs=176.649
[27Jul2026 17:11:52.148] [Render thread/INFO] [Photonics/]: Photonics direct reservoir sample v64: samples=138, populated=80, emptyOrBackground=4, visibilityRejected=18, invalid=36, overLegacyCap=0, overTemporalCap=0, totalSamplesRange=0.0..128.0, viewport=427x240
[27Jul2026 17:11:52.816] [Render thread/INFO] [Photonics/]: Photonics world tracing v72: revision=256, settled=false, compiledSections=4676, trackedSections=5180, batchBuilt=48, batchUnloaded=0, pendingBuilds=96, pendingUnloads=0, ready=true, depth=6, blockBounds=( 3.200E+1  1.280E+2  6.400E+1)..( 4.640E+2  3.040E+2  4.960E+2), treeBounds=( 0.000E+0  0.000E+0  0.000E+0)..( 1.024E+3  1.024E+3  1.024E+3), origin=(-1.920E+2 -1.920E+2 -1.280E+2), boundsSource=compiled, compileMs=189.813
[27Jul2026 17:11:53.791] [Render thread/INFO] [Photonics/]: Photonics pass timing v73: group=svgf atrous, passes=[atrous iteration], viewport=427x240, megapixels=0.102, cpuInvocations=3410, cpuSubmitAvgMs=0.004, cpuSubmitMaxMs=0.135, gpuSamples=852, gpuAvgMs=0.021, gpuMaxMs=0.054, gpuAvgMsPerMP=0.202
[27Jul2026 17:11:53.867] [Render thread/INFO] [Photonics/]: Photonics world tracing v72: revision=262, settled=false, compiledSections=4964, trackedSections=5180, batchBuilt=48, batchUnloaded=0, pendingBuilds=96, pendingUnloads=0, ready=true, depth=6, blockBounds=( 3.200E+1  1.280E+2  6.400E+1)..( 4.640E+2  3.040E+2  4.960E+2), treeBounds=( 0.000E+0  0.000E+0  0.000E+0)..( 1.024E+3  1.024E+3  1.024E+3), origin=(-1.920E+2 -1.920E+2 -1.280E+2), boundsSource=compiled, compileMs=188.853
[27Jul2026 17:11:56.106] [Render thread/INFO] [Photonics/]: Photonics pass timing v73: group=frag data, passes=[frag data], viewport=427x240, megapixels=0.102, cpuInvocations=790, cpuSubmitAvgMs=0.030, cpuSubmitMaxMs=0.179, gpuSamples=197, gpuAvgMs=0.010, gpuMaxMs=0.012, gpuAvgMsPerMP=0.102
[27Jul2026 17:11:56.106] [Render thread/INFO] [Photonics/]: Photonics frame throughput v78: viewport=427x240, windowSeconds=5.001, renderedFrames=790, fps=157.958, frameAvgMs=6.331
[27Jul2026 17:11:56.106] [Render thread/INFO] [Photonics/]: Photonics pass timing v73: group=restir direct, passes=[initial direct + visibility], viewport=427x240, megapixels=0.102, cpuInvocations=790, cpuSubmitAvgMs=0.026, cpuSubmitMaxMs=0.088, gpuSamples=197, gpuAvgMs=0.221, gpuMaxMs=0.283, gpuAvgMsPerMP=2.153
[27Jul2026 17:11:56.107] [Render thread/INFO] [Photonics/]: Photonics pass timing v73: group=restir gi initial, passes=[initial indirect], viewport=427x240, megapixels=0.102, cpuInvocations=790, cpuSubmitAvgMs=0.046, cpuSubmitMaxMs=27.352, gpuSamples=197, gpuAvgMs=0.271, gpuMaxMs=0.329, gpuAvgMsPerMP=2.643
[27Jul2026 17:11:56.107] [Render thread/INFO] [Photonics/]: Photonics pass timing v73: group=restir temporal, passes=[temporal reuse + tri-state GI classification], viewport=427x240, megapixels=0.102, cpuInvocations=790, cpuSubmitAvgMs=0.013, cpuSubmitMaxMs=0.092, gpuSamples=197, gpuAvgMs=0.323, gpuMaxMs=0.385, gpuAvgMsPerMP=3.155
[27Jul2026 17:11:56.107] [Render thread/INFO] [Photonics/]: Photonics pass timing v73: group=restir spatial copy, passes=[copy spatial input], viewport=427x240, megapixels=0.102, cpuInvocations=790, cpuSubmitAvgMs=0.013, cpuSubmitMaxMs=0.053, gpuSamples=197, gpuAvgMs=0.013, gpuMaxMs=0.035, gpuAvgMsPerMP=0.127
[27Jul2026 17:11:56.107] [Render thread/INFO] [Photonics/]: Photonics pass timing v73: group=restir spatial, passes=[spatial reuse/clamp + tri-state GI classification], viewport=427x240, megapixels=0.102, cpuInvocations=790, cpuSubmitAvgMs=0.009, cpuSubmitMaxMs=0.054, gpuSamples=197, gpuAvgMs=0.242, gpuMaxMs=0.291, gpuAvgMsPerMP=2.363
[27Jul2026 17:11:56.107] [Render thread/INFO] [Photonics/]: Photonics pass timing v73: group=restir diffuse, passes=[diffuse], viewport=427x240, megapixels=0.102, cpuInvocations=790, cpuSubmitAvgMs=0.012, cpuSubmitMaxMs=0.056, gpuSamples=197, gpuAvgMs=0.337, gpuMaxMs=0.417, gpuAvgMsPerMP=3.284
[27Jul2026 17:11:56.107] [Render thread/INFO] [Photonics/]: Photonics pass timing v73: group=restir accumulation, passes=[accumulation], viewport=427x240, megapixels=0.102, cpuInvocations=790, cpuSubmitAvgMs=0.014, cpuSubmitMaxMs=0.058, gpuSamples=197, gpuAvgMs=0.026, gpuMaxMs=0.028, gpuAvgMsPerMP=0.257
[27Jul2026 17:11:56.107] [Render thread/INFO] [Photonics/]: Photonics pass timing v73: group=svgf variance, passes=[variance prefilter], viewport=427x240, megapixels=0.102, cpuInvocations=790, cpuSubmitAvgMs=0.009, cpuSubmitMaxMs=0.044, gpuSamples=197, gpuAvgMs=0.032, gpuMaxMs=0.085, gpuAvgMsPerMP=0.314
[27Jul2026 17:11:56.107] [Render thread/INFO] [Photonics/]: Photonics pass timing v73: group=restir local, passes=[exact local direct], viewport=427x240, megapixels=0.102, cpuInvocations=790, cpuSubmitAvgMs=0.012, cpuSubmitMaxMs=0.070, gpuSamples=197, gpuAvgMs=0.004, gpuMaxMs=0.006, gpuAvgMsPerMP=0.038
[27Jul2026 17:11:56.107] [Render thread/INFO] [Photonics/]: Photonics pass timing v73: group=restir handheld, passes=[handheld], viewport=427x240, megapixels=0.102, cpuInvocations=790, cpuSubmitAvgMs=0.015, cpuSubmitMaxMs=0.062, gpuSamples=197, gpuAvgMs=0.003, gpuMaxMs=0.004, gpuAvgMsPerMP=0.031
[27Jul2026 17:11:56.107] [Render thread/INFO] [Photonics/]: Photonics pass timing v73: group=photonics temporal source, passes=[compose low-resolution lighting], viewport=427x240, megapixels=0.102, cpuInvocations=790, cpuSubmitAvgMs=0.005, cpuSubmitMaxMs=0.020, gpuSamples=197, gpuAvgMs=0.004, gpuMaxMs=0.004, gpuAvgMsPerMP=0.034
[27Jul2026 17:11:56.107] [Render thread/INFO] [Photonics/]: Photonics pass timing v73: group=photonics temporal reconstruction, passes=[reconstruct lighting], viewport=854x480, megapixels=0.410, cpuInvocations=790, cpuSubmitAvgMs=0.012, cpuSubmitMaxMs=0.065, gpuSamples=197, gpuAvgMs=0.071, gpuMaxMs=0.073, gpuAvgMsPerMP=0.172
[27Jul2026 17:11:56.769] [Render thread/INFO] [Photonics/]: Photonics world tracing v72: revision=267, settled=true, compiledSections=5180, trackedSections=5180, batchBuilt=24, batchUnloaded=0, pendingBuilds=0, pendingUnloads=0, ready=true, depth=6, blockBounds=( 3.200E+1  1.280E+2  6.400E+1)..( 4.640E+2  3.040E+2  4.960E+2), treeBounds=( 0.000E+0  0.000E+0  0.000E+0)..( 1.024E+3  1.024E+3  1.024E+3), origin=(-1.920E+2 -1.920E+2 -1.280E+2), boundsSource=compiled, compileMs=155.999
[27Jul2026 17:11:56.769] [Render thread/INFO] [Photonics/]: Photonics memory v72: jvmHeap={usedBytes=2715627640, committedBytes=5146411008, maxBytes=8589934592}, jvmGc={collections=141, timeMs=1628}, worldHeap=GpuBufferHeapStats[capacityBytes=536870912, reservedBytes=420095956, liveBytes=420094036, peakLiveBytes=420094420, reusableBytes=1920, allocations=860791, reusedAllocations=5332, frees=5341, failedAllocations=0], paletteHeap=GpuBufferHeapStats[capacityBytes=201326592, reservedBytes=45728832, liveBytes=45728832, peakLiveBytes=45728832, reusableBytes=0, allocations=482689, reusedAllocations=6347, frees=6347, failedAllocations=0], registries={lights=Stats[cachedObjects=9, pendingFreeObjects=0, allocatedObjects=9, failedAllocations=0], palettes=Stats[cachedObjects=476342, pendingFreeObjects=0, allocatedObjects=482689, failedAllocations=0], blocks=Stats[cachedObjects=544565, pendingFreeObjects=0, allocatedObjects=547336, failedAllocations=0], models=Stats[cachedObjects=13010, pendingFreeObjects=0, allocatedObjects=13059, failedAllocations=0]}
[27Jul2026 17:11:57.149] [Render thread/INFO] [Photonics/]: Photonics direct reservoir sample v64: samples=216, populated=118, emptyOrBackground=13, visibilityRejected=36, invalid=49, overLegacyCap=1, overTemporalCap=0, totalSamplesRange=0.0..640.0, viewport=427x240
[27Jul2026 17:11:58.792] [Render thread/INFO] [Photonics/]: Photonics pass timing v73: group=svgf atrous, passes=[atrous iteration], viewport=427x240, megapixels=0.102, cpuInvocations=4960, cpuSubmitAvgMs=0.003, cpuSubmitMaxMs=0.043, gpuSamples=1240, gpuAvgMs=0.021, gpuMaxMs=0.052, gpuAvgMsPerMP=0.202
[27Jul2026 17:12:01.109] [Render thread/INFO] [Photonics/]: Photonics pass timing v73: group=frag data, passes=[frag data], viewport=427x240, megapixels=0.102, cpuInvocations=1120, cpuSubmitAvgMs=0.021, cpuSubmitMaxMs=0.062, gpuSamples=280, gpuAvgMs=0.010, gpuMaxMs=0.014, gpuAvgMsPerMP=0.100
[27Jul2026 17:12:01.109] [Render thread/INFO] [Photonics/]: Photonics frame throughput v78: viewport=427x240, windowSeconds=5.002, renderedFrames=1120, fps=223.894, frameAvgMs=4.466
[27Jul2026 17:12:01.109] [Render thread/INFO] [Photonics/]: Photonics pass timing v73: group=restir direct, passes=[initial direct + visibility], viewport=427x240, megapixels=0.102, cpuInvocations=1120, cpuSubmitAvgMs=0.018, cpuSubmitMaxMs=0.112, gpuSamples=280, gpuAvgMs=0.220, gpuMaxMs=0.299, gpuAvgMsPerMP=2.151
[27Jul2026 17:12:01.109] [Render thread/INFO] [Photonics/]: Photonics pass timing v73: group=restir gi initial, passes=[initial indirect], viewport=427x240, megapixels=0.102, cpuInvocations=1120, cpuSubmitAvgMs=0.009, cpuSubmitMaxMs=0.042, gpuSamples=280, gpuAvgMs=0.269, gpuMaxMs=0.334, gpuAvgMsPerMP=2.625
[27Jul2026 17:12:01.109] [Render thread/INFO] [Photonics/]: Photonics pass timing v73: group=restir temporal, passes=[temporal reuse + tri-state GI classification], viewport=427x240, megapixels=0.102, cpuInvocations=1120, cpuSubmitAvgMs=0.010, cpuSubmitMaxMs=0.033, gpuSamples=280, gpuAvgMs=0.323, gpuMaxMs=0.383, gpuAvgMsPerMP=3.156
[27Jul2026 17:12:01.109] [Render thread/INFO] [Photonics/]: Photonics pass timing v73: group=restir spatial copy, passes=[copy spatial input], viewport=427x240, megapixels=0.102, cpuInvocations=1120, cpuSubmitAvgMs=0.009, cpuSubmitMaxMs=0.051, gpuSamples=280, gpuAvgMs=0.013, gpuMaxMs=0.014, gpuAvgMsPerMP=0.126
[27Jul2026 17:12:01.109] [Render thread/INFO] [Photonics/]: Photonics pass timing v73: group=restir spatial, passes=[spatial reuse/clamp + tri-state GI classification], viewport=427x240, megapixels=0.102, cpuInvocations=1120, cpuSubmitAvgMs=0.007, cpuSubmitMaxMs=0.021, gpuSamples=280, gpuAvgMs=0.239, gpuMaxMs=0.315, gpuAvgMsPerMP=2.329
[27Jul2026 17:12:01.109] [Render thread/INFO] [Photonics/]: Photonics pass timing v73: group=restir diffuse, passes=[diffuse], viewport=427x240, megapixels=0.102, cpuInvocations=1120, cpuSubmitAvgMs=0.009, cpuSubmitMaxMs=0.036, gpuSamples=280, gpuAvgMs=0.336, gpuMaxMs=0.420, gpuAvgMsPerMP=3.275
[27Jul2026 17:12:01.109] [Render thread/INFO] [Photonics/]: Photonics pass timing v73: group=restir accumulation, passes=[accumulation], viewport=427x240, megapixels=0.102, cpuInvocations=1120, cpuSubmitAvgMs=0.010, cpuSubmitMaxMs=0.041, gpuSamples=280, gpuAvgMs=0.026, gpuMaxMs=0.059, gpuAvgMsPerMP=0.256
[27Jul2026 17:12:01.109] [Render thread/INFO] [Photonics/]: Photonics pass timing v73: group=svgf variance, passes=[variance prefilter], viewport=427x240, megapixels=0.102, cpuInvocations=1120, cpuSubmitAvgMs=0.006, cpuSubmitMaxMs=0.040, gpuSamples=280, gpuAvgMs=0.032, gpuMaxMs=0.033, gpuAvgMsPerMP=0.311
[27Jul2026 17:12:01.109] [Render thread/INFO] [Photonics/]: Photonics pass timing v73: group=restir local, passes=[exact local direct], viewport=427x240, megapixels=0.102, cpuInvocations=1120, cpuSubmitAvgMs=0.009, cpuSubmitMaxMs=0.031, gpuSamples=280, gpuAvgMs=0.004, gpuMaxMs=0.006, gpuAvgMsPerMP=0.040
[27Jul2026 17:12:01.109] [Render thread/INFO] [Photonics/]: Photonics pass timing v73: group=restir handheld, passes=[handheld], viewport=427x240, megapixels=0.102, cpuInvocations=1120, cpuSubmitAvgMs=0.011, cpuSubmitMaxMs=0.042, gpuSamples=280, gpuAvgMs=0.003, gpuMaxMs=0.003, gpuAvgMsPerMP=0.031
[27Jul2026 17:12:01.109] [Render thread/INFO] [Photonics/]: Photonics pass timing v73: group=photonics temporal source, passes=[compose low-resolution lighting], viewport=427x240, megapixels=0.102, cpuInvocations=1120, cpuSubmitAvgMs=0.004, cpuSubmitMaxMs=0.014, gpuSamples=280, gpuAvgMs=0.003, gpuMaxMs=0.006, gpuAvgMsPerMP=0.034
[27Jul2026 17:12:01.110] [Render thread/INFO] [Photonics/]: Photonics pass timing v73: group=photonics temporal reconstruction, passes=[reconstruct lighting], viewport=854x480, megapixels=0.410, cpuInvocations=1120, cpuSubmitAvgMs=0.008, cpuSubmitMaxMs=0.028, gpuSamples=280, gpuAvgMs=0.071, gpuMaxMs=0.077, gpuAvgMsPerMP=0.172
[27Jul2026 17:12:02.152] [Render thread/INFO] [Photonics/]: Photonics direct reservoir sample v64: samples=287, populated=162, emptyOrBackground=11, visibilityRejected=47, invalid=67, overLegacyCap=1, overTemporalCap=0, totalSamplesRange=0.0..640.0, viewport=427x240
[27Jul2026 17:12:03.793] [Render thread/INFO] [Photonics/]: Photonics pass timing v73: group=svgf atrous, passes=[atrous iteration], viewport=427x240, megapixels=0.102, cpuInvocations=5825, cpuSubmitAvgMs=0.002, cpuSubmitMaxMs=0.014, gpuSamples=1457, gpuAvgMs=0.021, gpuMaxMs=0.060, gpuAvgMsPerMP=0.203
[27Jul2026 17:12:06.111] [Render thread/INFO] [Photonics/]: Photonics pass timing v73: group=restir direct, passes=[initial direct + visibility], viewport=427x240, megapixels=0.102, cpuInvocations=1193, cpuSubmitAvgMs=0.016, cpuSubmitMaxMs=0.049, gpuSamples=299, gpuAvgMs=0.220, gpuMaxMs=0.283, gpuAvgMsPerMP=2.148
[27Jul2026 17:12:06.111] [Render thread/INFO] [Photonics/]: Photonics pass timing v73: group=restir gi initial, passes=[initial indirect], viewport=427x240, megapixels=0.102, cpuInvocations=1193, cpuSubmitAvgMs=0.009, cpuSubmitMaxMs=0.027, gpuSamples=299, gpuAvgMs=0.269, gpuMaxMs=0.306, gpuAvgMsPerMP=2.620
[27Jul2026 17:12:06.111] [Render thread/INFO] [Photonics/]: Photonics pass timing v73: group=restir temporal, passes=[temporal reuse + tri-state GI classification], viewport=427x240, megapixels=0.102, cpuInvocations=1193, cpuSubmitAvgMs=0.009, cpuSubmitMaxMs=0.025, gpuSamples=299, gpuAvgMs=0.322, gpuMaxMs=0.397, gpuAvgMsPerMP=3.142
[27Jul2026 17:12:06.111] [Render thread/INFO] [Photonics/]: Photonics pass timing v73: group=restir spatial copy, passes=[copy spatial input], viewport=427x240, megapixels=0.102, cpuInvocations=1193, cpuSubmitAvgMs=0.008, cpuSubmitMaxMs=0.026, gpuSamples=299, gpuAvgMs=0.013, gpuMaxMs=0.029, gpuAvgMsPerMP=0.126
[27Jul2026 17:12:06.111] [Render thread/INFO] [Photonics/]: Photonics pass timing v73: group=restir spatial, passes=[spatial reuse/clamp + tri-state GI classification], viewport=427x240, megapixels=0.102, cpuInvocations=1193, cpuSubmitAvgMs=0.006, cpuSubmitMaxMs=0.016, gpuSamples=299, gpuAvgMs=0.242, gpuMaxMs=0.328, gpuAvgMsPerMP=2.364
[27Jul2026 17:12:06.111] [Render thread/INFO] [Photonics/]: Photonics pass timing v73: group=restir diffuse, passes=[diffuse], viewport=427x240, megapixels=0.102, cpuInvocations=1193, cpuSubmitAvgMs=0.009, cpuSubmitMaxMs=0.029, gpuSamples=299, gpuAvgMs=0.335, gpuMaxMs=0.395, gpuAvgMsPerMP=3.268
[27Jul2026 17:12:06.112] [Render thread/INFO] [Photonics/]: Photonics pass timing v73: group=restir accumulation, passes=[accumulation], viewport=427x240, megapixels=0.102, cpuInvocations=1193, cpuSubmitAvgMs=0.010, cpuSubmitMaxMs=0.028, gpuSamples=299, gpuAvgMs=0.026, gpuMaxMs=0.077, gpuAvgMsPerMP=0.257
[27Jul2026 17:12:06.112] [Render thread/INFO] [Photonics/]: Photonics pass timing v73: group=svgf variance, passes=[variance prefilter], viewport=427x240, megapixels=0.102, cpuInvocations=1193, cpuSubmitAvgMs=0.006, cpuSubmitMaxMs=0.021, gpuSamples=299, gpuAvgMs=0.032, gpuMaxMs=0.033, gpuAvgMsPerMP=0.311
[27Jul2026 17:12:06.112] [Render thread/INFO] [Photonics/]: Photonics pass timing v73: group=restir local, passes=[exact local direct], viewport=427x240, megapixels=0.102, cpuInvocations=1193, cpuSubmitAvgMs=0.008, cpuSubmitMaxMs=0.018, gpuSamples=299, gpuAvgMs=0.004, gpuMaxMs=0.006, gpuAvgMsPerMP=0.039
[27Jul2026 17:12:06.112] [Render thread/INFO] [Photonics/]: Photonics pass timing v73: group=restir handheld, passes=[handheld], viewport=427x240, megapixels=0.102, cpuInvocations=1193, cpuSubmitAvgMs=0.010, cpuSubmitMaxMs=0.035, gpuSamples=299, gpuAvgMs=0.003, gpuMaxMs=0.004, gpuAvgMsPerMP=0.031
[27Jul2026 17:12:06.112] [Render thread/INFO] [Photonics/]: Photonics pass timing v73: group=photonics temporal source, passes=[compose low-resolution lighting], viewport=427x240, megapixels=0.102, cpuInvocations=1193, cpuSubmitAvgMs=0.003, cpuSubmitMaxMs=0.041, gpuSamples=299, gpuAvgMs=0.003, gpuMaxMs=0.004, gpuAvgMsPerMP=0.034
[27Jul2026 17:12:06.112] [Render thread/INFO] [Photonics/]: Photonics pass timing v73: group=photonics temporal reconstruction, passes=[reconstruct lighting], viewport=854x480, megapixels=0.410, cpuInvocations=1193, cpuSubmitAvgMs=0.008, cpuSubmitMaxMs=0.021, gpuSamples=299, gpuAvgMs=0.070, gpuMaxMs=0.072, gpuAvgMsPerMP=0.171
[27Jul2026 17:12:06.116] [Render thread/INFO] [Photonics/]: Photonics pass timing v73: group=frag data, passes=[frag data], viewport=427x240, megapixels=0.102, cpuInvocations=1194, cpuSubmitAvgMs=0.019, cpuSubmitMaxMs=0.059, gpuSamples=299, gpuAvgMs=0.010, gpuMaxMs=0.025, gpuAvgMsPerMP=0.100
[27Jul2026 17:12:06.116] [Render thread/INFO] [Photonics/]: Photonics frame throughput v78: viewport=427x240, windowSeconds=5.007, renderedFrames=1194, fps=238.462, frameAvgMs=4.194
[27Jul2026 17:12:07.161] [Render thread/INFO] [Photonics/]: Photonics direct reservoir sample v64: samples=294, populated=163, emptyOrBackground=14, visibilityRejected=48, invalid=69, overLegacyCap=0, overTemporalCap=0, totalSamplesRange=0.0..128.0, viewport=427x240
[27Jul2026 17:12:08.794] [Render thread/INFO] [Photonics/]: Photonics pass timing v73: group=svgf atrous, passes=[atrous iteration], viewport=427x240, megapixels=0.102, cpuInvocations=5835, cpuSubmitAvgMs=0.002, cpuSubmitMaxMs=0.036, gpuSamples=1458, gpuAvgMs=0.021, gpuMaxMs=0.062, gpuAvgMsPerMP=0.202
[27Jul2026 17:12:11.112] [Render thread/INFO] [Photonics/]: Photonics pass timing v73: group=restir direct, passes=[initial direct + visibility], viewport=427x240, megapixels=0.102, cpuInvocations=1180, cpuSubmitAvgMs=0.016, cpuSubmitMaxMs=0.085, gpuSamples=295, gpuAvgMs=0.218, gpuMaxMs=0.275, gpuAvgMsPerMP=2.132
[27Jul2026 17:12:11.112] [Render thread/INFO] [Photonics/]: Photonics pass timing v73: group=restir gi initial, passes=[initial indirect], viewport=427x240, megapixels=0.102, cpuInvocations=1180, cpuSubmitAvgMs=0.009, cpuSubmitMaxMs=0.045, gpuSamples=295, gpuAvgMs=0.269, gpuMaxMs=0.323, gpuAvgMsPerMP=2.622
[27Jul2026 17:12:11.112] [Render thread/INFO] [Photonics/]: Photonics pass timing v73: group=restir temporal, passes=[temporal reuse + tri-state GI classification], viewport=427x240, megapixels=0.102, cpuInvocations=1180, cpuSubmitAvgMs=0.009, cpuSubmitMaxMs=0.025, gpuSamples=295, gpuAvgMs=0.316, gpuMaxMs=0.376, gpuAvgMsPerMP=3.083
[27Jul2026 17:12:11.112] [Render thread/INFO] [Photonics/]: Photonics pass timing v73: group=restir spatial copy, passes=[copy spatial input], viewport=427x240, megapixels=0.102, cpuInvocations=1180, cpuSubmitAvgMs=0.008, cpuSubmitMaxMs=0.043, gpuSamples=295, gpuAvgMs=0.013, gpuMaxMs=0.034, gpuAvgMsPerMP=0.127
[27Jul2026 17:12:11.112] [Render thread/INFO] [Photonics/]: Photonics pass timing v73: group=restir spatial, passes=[spatial reuse/clamp + tri-state GI classification], viewport=427x240, megapixels=0.102, cpuInvocations=1180, cpuSubmitAvgMs=0.007, cpuSubmitMaxMs=0.036, gpuSamples=295, gpuAvgMs=0.237, gpuMaxMs=0.322, gpuAvgMsPerMP=2.314
[27Jul2026 17:12:11.112] [Render thread/INFO] [Photonics/]: Photonics pass timing v73: group=restir diffuse, passes=[diffuse], viewport=427x240, megapixels=0.102, cpuInvocations=1180, cpuSubmitAvgMs=0.009, cpuSubmitMaxMs=0.056, gpuSamples=295, gpuAvgMs=0.328, gpuMaxMs=0.377, gpuAvgMsPerMP=3.201
[27Jul2026 17:12:11.112] [Render thread/INFO] [Photonics/]: Photonics pass timing v73: group=restir accumulation, passes=[accumulation], viewport=427x240, megapixels=0.102, cpuInvocations=1180, cpuSubmitAvgMs=0.010, cpuSubmitMaxMs=0.024, gpuSamples=295, gpuAvgMs=0.026, gpuMaxMs=0.041, gpuAvgMsPerMP=0.256
[27Jul2026 17:12:11.112] [Render thread/INFO] [Photonics/]: Photonics pass timing v73: group=svgf variance, passes=[variance prefilter], viewport=427x240, megapixels=0.102, cpuInvocations=1180, cpuSubmitAvgMs=0.006, cpuSubmitMaxMs=0.026, gpuSamples=295, gpuAvgMs=0.032, gpuMaxMs=0.033, gpuAvgMsPerMP=0.310
[27Jul2026 17:12:11.112] [Render thread/INFO] [Photonics/]: Photonics pass timing v73: group=restir local, passes=[exact local direct], viewport=427x240, megapixels=0.102, cpuInvocations=1180, cpuSubmitAvgMs=0.008, cpuSubmitMaxMs=0.029, gpuSamples=295, gpuAvgMs=0.004, gpuMaxMs=0.006, gpuAvgMsPerMP=0.038
[27Jul2026 17:12:11.112] [Render thread/INFO] [Photonics/]: Photonics pass timing v73: group=restir handheld, passes=[handheld], viewport=427x240, megapixels=0.102, cpuInvocations=1180, cpuSubmitAvgMs=0.009, cpuSubmitMaxMs=0.038, gpuSamples=295, gpuAvgMs=0.003, gpuMaxMs=0.003, gpuAvgMsPerMP=0.031
[27Jul2026 17:12:11.112] [Render thread/INFO] [Photonics/]: Photonics pass timing v73: group=photonics temporal source, passes=[compose low-resolution lighting], viewport=427x240, megapixels=0.102, cpuInvocations=1180, cpuSubmitAvgMs=0.003, cpuSubmitMaxMs=0.016, gpuSamples=295, gpuAvgMs=0.003, gpuMaxMs=0.004, gpuAvgMsPerMP=0.033
[27Jul2026 17:12:11.112] [Render thread/INFO] [Photonics/]: Photonics pass timing v73: group=photonics temporal reconstruction, passes=[reconstruct lighting], viewport=854x480, megapixels=0.410, cpuInvocations=1180, cpuSubmitAvgMs=0.008, cpuSubmitMaxMs=0.028, gpuSamples=295, gpuAvgMs=0.070, gpuMaxMs=0.072, gpuAvgMsPerMP=0.171
[27Jul2026 17:12:11.118] [Render thread/INFO] [Photonics/]: Photonics pass timing v73: group=frag data, passes=[frag data], viewport=427x240, megapixels=0.102, cpuInvocations=1181, cpuSubmitAvgMs=0.019, cpuSubmitMaxMs=0.056, gpuSamples=295, gpuAvgMs=0.010, gpuMaxMs=0.012, gpuAvgMsPerMP=0.099
[27Jul2026 17:12:11.118] [Render thread/INFO] [Photonics/]: Photonics frame throughput v78: viewport=427x240, windowSeconds=5.003, renderedFrames=1181, fps=236.064, frameAvgMs=4.236
[27Jul2026 17:12:12.161] [Render thread/INFO] [Photonics/]: Photonics direct reservoir sample v64: samples=305, populated=174, emptyOrBackground=13, visibilityRejected=46, invalid=72, overLegacyCap=2, overTemporalCap=0, totalSamplesRange=0.0..640.0, viewport=427x240
[27Jul2026 17:12:13.798] [Render thread/INFO] [Photonics/]: Photonics pass timing v73: group=svgf atrous, passes=[atrous iteration], viewport=427x240, megapixels=0.102, cpuInvocations=6050, cpuSubmitAvgMs=0.002, cpuSubmitMaxMs=0.032, gpuSamples=1513, gpuAvgMs=0.021, gpuMaxMs=0.047, gpuAvgMsPerMP=0.201
[27Jul2026 17:12:16.112] [Render thread/INFO] [Photonics/]: Photonics pass timing v73: group=restir direct, passes=[initial direct + visibility], viewport=427x240, megapixels=0.102, cpuInvocations=1229, cpuSubmitAvgMs=0.016, cpuSubmitMaxMs=0.072, gpuSamples=307, gpuAvgMs=0.218, gpuMaxMs=0.279, gpuAvgMsPerMP=2.128
[27Jul2026 17:12:16.112] [Render thread/INFO] [Photonics/]: Photonics pass timing v73: group=restir gi initial, passes=[initial indirect], viewport=427x240, megapixels=0.102, cpuInvocations=1229, cpuSubmitAvgMs=0.008, cpuSubmitMaxMs=0.025, gpuSamples=307, gpuAvgMs=0.267, gpuMaxMs=0.314, gpuAvgMsPerMP=2.601
[27Jul2026 17:12:16.112] [Render thread/INFO] [Photonics/]: Photonics pass timing v73: group=restir temporal, passes=[temporal reuse + tri-state GI classification], viewport=427x240, megapixels=0.102, cpuInvocations=1229, cpuSubmitAvgMs=0.009, cpuSubmitMaxMs=0.028, gpuSamples=307, gpuAvgMs=0.319, gpuMaxMs=0.386, gpuAvgMsPerMP=3.112
[27Jul2026 17:12:16.112] [Render thread/INFO] [Photonics/]: Photonics pass timing v73: group=restir spatial copy, passes=[copy spatial input], viewport=427x240, megapixels=0.102, cpuInvocations=1229, cpuSubmitAvgMs=0.007, cpuSubmitMaxMs=0.028, gpuSamples=307, gpuAvgMs=0.013, gpuMaxMs=0.033, gpuAvgMsPerMP=0.126
[27Jul2026 17:12:16.112] [Render thread/INFO] [Photonics/]: Photonics pass timing v73: group=restir spatial, passes=[spatial reuse/clamp + tri-state GI classification], viewport=427x240, megapixels=0.102, cpuInvocations=1229, cpuSubmitAvgMs=0.006, cpuSubmitMaxMs=0.023, gpuSamples=307, gpuAvgMs=0.239, gpuMaxMs=0.317, gpuAvgMsPerMP=2.335
[27Jul2026 17:12:16.112] [Render thread/INFO] [Photonics/]: Photonics pass timing v73: group=restir diffuse, passes=[diffuse], viewport=427x240, megapixels=0.102, cpuInvocations=1229, cpuSubmitAvgMs=0.008, cpuSubmitMaxMs=0.022, gpuSamples=307, gpuAvgMs=0.333, gpuMaxMs=0.400, gpuAvgMsPerMP=3.246
[27Jul2026 17:12:16.112] [Render thread/INFO] [Photonics/]: Photonics pass timing v73: group=restir accumulation, passes=[accumulation], viewport=427x240, megapixels=0.102, cpuInvocations=1229, cpuSubmitAvgMs=0.009, cpuSubmitMaxMs=0.034, gpuSamples=307, gpuAvgMs=0.026, gpuMaxMs=0.085, gpuAvgMsPerMP=0.257
[27Jul2026 17:12:16.112] [Render thread/INFO] [Photonics/]: Photonics pass timing v73: group=svgf variance, passes=[variance prefilter], viewport=427x240, megapixels=0.102, cpuInvocations=1229, cpuSubmitAvgMs=0.006, cpuSubmitMaxMs=0.021, gpuSamples=307, gpuAvgMs=0.032, gpuMaxMs=0.100, gpuAvgMsPerMP=0.313
[27Jul2026 17:12:16.112] [Render thread/INFO] [Photonics/]: Photonics pass timing v73: group=restir local, passes=[exact local direct], viewport=427x240, megapixels=0.102, cpuInvocations=1229, cpuSubmitAvgMs=0.008, cpuSubmitMaxMs=0.041, gpuSamples=307, gpuAvgMs=0.004, gpuMaxMs=0.006, gpuAvgMsPerMP=0.040
[27Jul2026 17:12:16.112] [Render thread/INFO] [Photonics/]: Photonics pass timing v73: group=restir handheld, passes=[handheld], viewport=427x240, megapixels=0.102, cpuInvocations=1229, cpuSubmitAvgMs=0.008, cpuSubmitMaxMs=0.033, gpuSamples=307, gpuAvgMs=0.003, gpuMaxMs=0.003, gpuAvgMsPerMP=0.031
[27Jul2026 17:12:16.113] [Render thread/INFO] [Photonics/]: Photonics pass timing v73: group=photonics temporal source, passes=[compose low-resolution lighting], viewport=427x240, megapixels=0.102, cpuInvocations=1229, cpuSubmitAvgMs=0.003, cpuSubmitMaxMs=0.013, gpuSamples=307, gpuAvgMs=0.003, gpuMaxMs=0.006, gpuAvgMsPerMP=0.033
[27Jul2026 17:12:16.113] [Render thread/INFO] [Photonics/]: Photonics pass timing v73: group=photonics temporal reconstruction, passes=[reconstruct lighting], viewport=854x480, megapixels=0.410, cpuInvocations=1229, cpuSubmitAvgMs=0.008, cpuSubmitMaxMs=0.063, gpuSamples=307, gpuAvgMs=0.070, gpuMaxMs=0.077, gpuAvgMsPerMP=0.170
[27Jul2026 17:12:16.119] [Render thread/INFO] [Photonics/]: Photonics pass timing v73: group=frag data, passes=[frag data], viewport=427x240, megapixels=0.102, cpuInvocations=1229, cpuSubmitAvgMs=0.018, cpuSubmitMaxMs=0.075, gpuSamples=307, gpuAvgMs=0.010, gpuMaxMs=0.025, gpuAvgMsPerMP=0.100
[27Jul2026 17:12:16.120] [Render thread/INFO] [Photonics/]: Photonics frame throughput v78: viewport=427x240, windowSeconds=5.001, renderedFrames=1229, fps=245.748, frameAvgMs=4.069
[27Jul2026 17:12:17.164] [Render thread/INFO] [Photonics/]: Photonics direct reservoir sample v64: samples=308, populated=170, emptyOrBackground=10, visibilityRejected=51, invalid=77, overLegacyCap=2, overTemporalCap=0, totalSamplesRange=0.0..640.0, viewport=427x240
[27Jul2026 17:12:18.800] [Render thread/INFO] [Photonics/]: Photonics pass timing v73: group=svgf atrous, passes=[atrous iteration], viewport=427x240, megapixels=0.102, cpuInvocations=6275, cpuSubmitAvgMs=0.002, cpuSubmitMaxMs=0.026, gpuSamples=1569, gpuAvgMs=0.021, gpuMaxMs=0.054, gpuAvgMsPerMP=0.201
[27Jul2026 17:12:21.112] [Render thread/INFO] [Photonics/]: Photonics pass timing v73: group=restir direct, passes=[initial direct + visibility], viewport=427x240, megapixels=0.102, cpuInvocations=1227, cpuSubmitAvgMs=0.015, cpuSubmitMaxMs=0.209, gpuSamples=307, gpuAvgMs=0.219, gpuMaxMs=0.287, gpuAvgMsPerMP=2.140
[27Jul2026 17:12:21.113] [Render thread/INFO] [Photonics/]: Photonics pass timing v73: group=restir gi initial, passes=[initial indirect], viewport=427x240, megapixels=0.102, cpuInvocations=1227, cpuSubmitAvgMs=0.008, cpuSubmitMaxMs=0.032, gpuSamples=307, gpuAvgMs=0.265, gpuMaxMs=0.311, gpuAvgMsPerMP=2.590
[27Jul2026 17:12:21.113] [Render thread/INFO] [Photonics/]: Photonics pass timing v73: group=restir temporal, passes=[temporal reuse + tri-state GI classification], viewport=427x240, megapixels=0.102, cpuInvocations=1227, cpuSubmitAvgMs=0.009, cpuSubmitMaxMs=0.031, gpuSamples=307, gpuAvgMs=0.320, gpuMaxMs=0.376, gpuAvgMsPerMP=3.119
[27Jul2026 17:12:21.113] [Render thread/INFO] [Photonics/]: Photonics pass timing v73: group=restir spatial copy, passes=[copy spatial input], viewport=427x240, megapixels=0.102, cpuInvocations=1227, cpuSubmitAvgMs=0.007, cpuSubmitMaxMs=0.029, gpuSamples=307, gpuAvgMs=0.013, gpuMaxMs=0.035, gpuAvgMsPerMP=0.127
[27Jul2026 17:12:21.113] [Render thread/INFO] [Photonics/]: Photonics pass timing v73: group=restir spatial, passes=[spatial reuse/clamp + tri-state GI classification], viewport=427x240, megapixels=0.102, cpuInvocations=1227, cpuSubmitAvgMs=0.006, cpuSubmitMaxMs=0.014, gpuSamples=307, gpuAvgMs=0.244, gpuMaxMs=0.319, gpuAvgMsPerMP=2.380
[27Jul2026 17:12:21.113] [Render thread/INFO] [Photonics/]: Photonics pass timing v73: group=restir diffuse, passes=[diffuse], viewport=427x240, megapixels=0.102, cpuInvocations=1227, cpuSubmitAvgMs=0.008, cpuSubmitMaxMs=0.022, gpuSamples=307, gpuAvgMs=0.333, gpuMaxMs=0.385, gpuAvgMsPerMP=3.250
[27Jul2026 17:12:21.113] [Render thread/INFO] [Photonics/]: Photonics pass timing v73: group=restir accumulation, passes=[accumulation], viewport=427x240, megapixels=0.102, cpuInvocations=1227, cpuSubmitAvgMs=0.009, cpuSubmitMaxMs=0.024, gpuSamples=307, gpuAvgMs=0.027, gpuMaxMs=0.078, gpuAvgMsPerMP=0.259
[27Jul2026 17:12:21.113] [Render thread/INFO] [Photonics/]: Photonics pass timing v73: group=svgf variance, passes=[variance prefilter], viewport=427x240, megapixels=0.102, cpuInvocations=1227, cpuSubmitAvgMs=0.005, cpuSubmitMaxMs=0.020, gpuSamples=307, gpuAvgMs=0.032, gpuMaxMs=0.034, gpuAvgMsPerMP=0.310
[27Jul2026 17:12:21.113] [Render thread/INFO] [Photonics/]: Photonics pass timing v73: group=restir local, passes=[exact local direct], viewport=427x240, megapixels=0.102, cpuInvocations=1227, cpuSubmitAvgMs=0.008, cpuSubmitMaxMs=0.048, gpuSamples=307, gpuAvgMs=0.004, gpuMaxMs=0.006, gpuAvgMsPerMP=0.040
[27Jul2026 17:12:21.113] [Render thread/INFO] [Photonics/]: Photonics pass timing v73: group=restir handheld, passes=[handheld], viewport=427x240, megapixels=0.102, cpuInvocations=1227, cpuSubmitAvgMs=0.008, cpuSubmitMaxMs=0.024, gpuSamples=307, gpuAvgMs=0.003, gpuMaxMs=0.003, gpuAvgMsPerMP=0.031
[27Jul2026 17:12:21.113] [Render thread/INFO] [Photonics/]: Photonics pass timing v73: group=photonics temporal source, passes=[compose low-resolution lighting], viewport=427x240, megapixels=0.102, cpuInvocations=1227, cpuSubmitAvgMs=0.003, cpuSubmitMaxMs=0.013, gpuSamples=307, gpuAvgMs=0.003, gpuMaxMs=0.006, gpuAvgMsPerMP=0.033
[27Jul2026 17:12:21.113] [Render thread/INFO] [Photonics/]: Photonics pass timing v73: group=photonics temporal reconstruction, passes=[reconstruct lighting], viewport=854x480, megapixels=0.410, cpuInvocations=1227, cpuSubmitAvgMs=0.008, cpuSubmitMaxMs=0.025, gpuSamples=307, gpuAvgMs=0.070, gpuMaxMs=0.077, gpuAvgMsPerMP=0.171
[27Jul2026 17:12:21.121] [Render thread/INFO] [Photonics/]: Photonics pass timing v73: group=frag data, passes=[frag data], viewport=427x240, megapixels=0.102, cpuInvocations=1228, cpuSubmitAvgMs=0.017, cpuSubmitMaxMs=0.056, gpuSamples=307, gpuAvgMs=0.010, gpuMaxMs=0.012, gpuAvgMsPerMP=0.098
[27Jul2026 17:12:21.121] [Render thread/INFO] [Photonics/]: Photonics frame throughput v78: viewport=427x240, windowSeconds=5.002, renderedFrames=1228, fps=245.507, frameAvgMs=4.073
[27Jul2026 17:12:22.166] [Render thread/INFO] [Photonics/]: Photonics direct reservoir sample v64: samples=306, populated=172, emptyOrBackground=9, visibilityRejected=48, invalid=77, overLegacyCap=1, overTemporalCap=0, totalSamplesRange=0.0..640.0, viewport=427x240
[27Jul2026 17:12:23.800] [Render thread/INFO] [Photonics/]: Photonics pass timing v73: group=svgf atrous, passes=[atrous iteration], viewport=427x240, megapixels=0.102, cpuInvocations=6125, cpuSubmitAvgMs=0.003, cpuSubmitMaxMs=0.013, gpuSamples=1531, gpuAvgMs=0.021, gpuMaxMs=0.046, gpuAvgMsPerMP=0.201
[27Jul2026 17:12:26.116] [Render thread/INFO] [Photonics/]: Photonics pass timing v73: group=restir direct, passes=[initial direct + visibility], viewport=427x240, megapixels=0.102, cpuInvocations=1200, cpuSubmitAvgMs=0.017, cpuSubmitMaxMs=0.114, gpuSamples=300, gpuAvgMs=0.220, gpuMaxMs=0.295, gpuAvgMsPerMP=2.145
[27Jul2026 17:12:26.116] [Render thread/INFO] [Photonics/]: Photonics pass timing v73: group=restir gi initial, passes=[initial indirect], viewport=427x240, megapixels=0.102, cpuInvocations=1200, cpuSubmitAvgMs=0.009, cpuSubmitMaxMs=0.046, gpuSamples=300, gpuAvgMs=0.265, gpuMaxMs=0.306, gpuAvgMsPerMP=2.589
[27Jul2026 17:12:26.116] [Render thread/INFO] [Photonics/]: Photonics pass timing v73: group=restir temporal, passes=[temporal reuse + tri-state GI classification], viewport=427x240, megapixels=0.102, cpuInvocations=1200, cpuSubmitAvgMs=0.009, cpuSubmitMaxMs=0.038, gpuSamples=300, gpuAvgMs=0.314, gpuMaxMs=0.370, gpuAvgMsPerMP=3.065
[27Jul2026 17:12:26.117] [Render thread/INFO] [Photonics/]: Photonics pass timing v73: group=restir spatial copy, passes=[copy spatial input], viewport=427x240, megapixels=0.102, cpuInvocations=1200, cpuSubmitAvgMs=0.008, cpuSubmitMaxMs=0.063, gpuSamples=300, gpuAvgMs=0.013, gpuMaxMs=0.035, gpuAvgMsPerMP=0.126
[27Jul2026 17:12:26.117] [Render thread/INFO] [Photonics/]: Photonics pass timing v73: group=restir spatial, passes=[spatial reuse/clamp + tri-state GI classification], viewport=427x240, megapixels=0.102, cpuInvocations=1200, cpuSubmitAvgMs=0.007, cpuSubmitMaxMs=0.036, gpuSamples=300, gpuAvgMs=0.239, gpuMaxMs=0.323, gpuAvgMsPerMP=2.328
[27Jul2026 17:12:26.117] [Render thread/INFO] [Photonics/]: Photonics pass timing v73: group=restir diffuse, passes=[diffuse], viewport=427x240, megapixels=0.102, cpuInvocations=1200, cpuSubmitAvgMs=0.009, cpuSubmitMaxMs=0.037, gpuSamples=300, gpuAvgMs=0.328, gpuMaxMs=0.393, gpuAvgMsPerMP=3.203
[27Jul2026 17:12:26.117] [Render thread/INFO] [Photonics/]: Photonics pass timing v73: group=restir accumulation, passes=[accumulation], viewport=427x240, megapixels=0.102, cpuInvocations=1200, cpuSubmitAvgMs=0.010, cpuSubmitMaxMs=0.178, gpuSamples=300, gpuAvgMs=0.026, gpuMaxMs=0.067, gpuAvgMsPerMP=0.257
[27Jul2026 17:12:26.117] [Render thread/INFO] [Photonics/]: Photonics pass timing v73: group=svgf variance, passes=[variance prefilter], viewport=427x240, megapixels=0.102, cpuInvocations=1200, cpuSubmitAvgMs=0.006, cpuSubmitMaxMs=0.048, gpuSamples=300, gpuAvgMs=0.032, gpuMaxMs=0.032, gpuAvgMsPerMP=0.310
[27Jul2026 17:12:26.117] [Render thread/INFO] [Photonics/]: Photonics pass timing v73: group=restir local, passes=[exact local direct], viewport=427x240, megapixels=0.102, cpuInvocations=1200, cpuSubmitAvgMs=0.009, cpuSubmitMaxMs=0.040, gpuSamples=300, gpuAvgMs=0.004, gpuMaxMs=0.006, gpuAvgMsPerMP=0.038
[27Jul2026 17:12:26.117] [Render thread/INFO] [Photonics/]: Photonics pass timing v73: group=restir handheld, passes=[handheld], viewport=427x240, megapixels=0.102, cpuInvocations=1200, cpuSubmitAvgMs=0.008, cpuSubmitMaxMs=0.049, gpuSamples=300, gpuAvgMs=0.003, gpuMaxMs=0.003, gpuAvgMsPerMP=0.031
[27Jul2026 17:12:26.117] [Render thread/INFO] [Photonics/]: Photonics pass timing v73: group=photonics temporal source, passes=[compose low-resolution lighting], viewport=427x240, megapixels=0.102, cpuInvocations=1200, cpuSubmitAvgMs=0.003, cpuSubmitMaxMs=0.017, gpuSamples=300, gpuAvgMs=0.003, gpuMaxMs=0.006, gpuAvgMsPerMP=0.034
[27Jul2026 17:12:26.117] [Render thread/INFO] [Photonics/]: Photonics pass timing v73: group=photonics temporal reconstruction, passes=[reconstruct lighting], viewport=854x480, megapixels=0.410, cpuInvocations=1200, cpuSubmitAvgMs=0.008, cpuSubmitMaxMs=0.142, gpuSamples=300, gpuAvgMs=0.070, gpuMaxMs=0.076, gpuAvgMsPerMP=0.170
[27Jul2026 17:12:26.122] [Render thread/INFO] [Photonics/]: Photonics pass timing v73: group=frag data, passes=[frag data], viewport=427x240, megapixels=0.102, cpuInvocations=1198, cpuSubmitAvgMs=0.019, cpuSubmitMaxMs=0.141, gpuSamples=300, gpuAvgMs=0.010, gpuMaxMs=0.013, gpuAvgMsPerMP=0.099
[27Jul2026 17:12:26.122] [Render thread/INFO] [Photonics/]: Photonics frame throughput v78: viewport=427x240, windowSeconds=5.000, renderedFrames=1198, fps=239.591, frameAvgMs=4.174
[27Jul2026 17:12:27.169] [Render thread/INFO] [Photonics/]: Photonics direct reservoir sample v64: samples=297, populated=163, emptyOrBackground=12, visibilityRejected=51, invalid=71, overLegacyCap=1, overTemporalCap=0, totalSamplesRange=0.0..640.0, viewport=427x240
[27Jul2026 17:12:28.802] [Render thread/INFO] [Photonics/]: Photonics pass timing v73: group=svgf atrous, passes=[atrous iteration], viewport=427x240, megapixels=0.102, cpuInvocations=5880, cpuSubmitAvgMs=0.003, cpuSubmitMaxMs=0.035, gpuSamples=1470, gpuAvgMs=0.021, gpuMaxMs=0.058, gpuAvgMsPerMP=0.201
[27Jul2026 17:12:31.117] [Render thread/INFO] [Photonics/]: Photonics pass timing v73: group=restir direct, passes=[initial direct + visibility], viewport=427x240, megapixels=0.102, cpuInvocations=1183, cpuSubmitAvgMs=0.017, cpuSubmitMaxMs=0.083, gpuSamples=295, gpuAvgMs=0.218, gpuMaxMs=0.279, gpuAvgMsPerMP=2.129
[27Jul2026 17:12:31.117] [Render thread/INFO] [Photonics/]: Photonics pass timing v73: group=restir gi initial, passes=[initial indirect], viewport=427x240, megapixels=0.102, cpuInvocations=1183, cpuSubmitAvgMs=0.009, cpuSubmitMaxMs=0.174, gpuSamples=295, gpuAvgMs=0.265, gpuMaxMs=0.339, gpuAvgMsPerMP=2.587
[27Jul2026 17:12:31.117] [Render thread/INFO] [Photonics/]: Photonics pass timing v73: group=restir temporal, passes=[temporal reuse + tri-state GI classification], viewport=427x240, megapixels=0.102, cpuInvocations=1183, cpuSubmitAvgMs=0.009, cpuSubmitMaxMs=0.027, gpuSamples=295, gpuAvgMs=0.316, gpuMaxMs=0.362, gpuAvgMsPerMP=3.087
[27Jul2026 17:12:31.117] [Render thread/INFO] [Photonics/]: Photonics pass timing v73: group=restir spatial copy, passes=[copy spatial input], viewport=427x240, megapixels=0.102, cpuInvocations=1183, cpuSubmitAvgMs=0.008, cpuSubmitMaxMs=0.049, gpuSamples=295, gpuAvgMs=0.013, gpuMaxMs=0.014, gpuAvgMsPerMP=0.125
[27Jul2026 17:12:31.117] [Render thread/INFO] [Photonics/]: Photonics pass timing v73: group=restir spatial, passes=[spatial reuse/clamp + tri-state GI classification], viewport=427x240, megapixels=0.102, cpuInvocations=1183, cpuSubmitAvgMs=0.007, cpuSubmitMaxMs=0.030, gpuSamples=295, gpuAvgMs=0.240, gpuMaxMs=0.312, gpuAvgMsPerMP=2.341
[27Jul2026 17:12:31.117] [Render thread/INFO] [Photonics/]: Photonics pass timing v73: group=restir diffuse, passes=[diffuse], viewport=427x240, megapixels=0.102, cpuInvocations=1183, cpuSubmitAvgMs=0.009, cpuSubmitMaxMs=0.052, gpuSamples=295, gpuAvgMs=0.328, gpuMaxMs=0.390, gpuAvgMsPerMP=3.202
[27Jul2026 17:12:31.117] [Render thread/INFO] [Photonics/]: Photonics pass timing v73: group=restir accumulation, passes=[accumulation], viewport=427x240, megapixels=0.102, cpuInvocations=1183, cpuSubmitAvgMs=0.010, cpuSubmitMaxMs=0.035, gpuSamples=295, gpuAvgMs=0.026, gpuMaxMs=0.083, gpuAvgMsPerMP=0.258
[27Jul2026 17:12:31.117] [Render thread/INFO] [Photonics/]: Photonics pass timing v73: group=svgf variance, passes=[variance prefilter], viewport=427x240, megapixels=0.102, cpuInvocations=1183, cpuSubmitAvgMs=0.006, cpuSubmitMaxMs=0.059, gpuSamples=295, gpuAvgMs=0.032, gpuMaxMs=0.071, gpuAvgMsPerMP=0.311
[27Jul2026 17:12:31.117] [Render thread/INFO] [Photonics/]: Photonics pass timing v73: group=restir local, passes=[exact local direct], viewport=427x240, megapixels=0.102, cpuInvocations=1183, cpuSubmitAvgMs=0.009, cpuSubmitMaxMs=0.040, gpuSamples=295, gpuAvgMs=0.004, gpuMaxMs=0.007, gpuAvgMsPerMP=0.040
[27Jul2026 17:12:31.118] [Render thread/INFO] [Photonics/]: Photonics pass timing v73: group=restir handheld, passes=[handheld], viewport=427x240, megapixels=0.102, cpuInvocations=1183, cpuSubmitAvgMs=0.009, cpuSubmitMaxMs=0.040, gpuSamples=295, gpuAvgMs=0.003, gpuMaxMs=0.004, gpuAvgMsPerMP=0.031
[27Jul2026 17:12:31.118] [Render thread/INFO] [Photonics/]: Photonics pass timing v73: group=photonics temporal source, passes=[compose low-resolution lighting], viewport=427x240, megapixels=0.102, cpuInvocations=1183, cpuSubmitAvgMs=0.004, cpuSubmitMaxMs=0.018, gpuSamples=295, gpuAvgMs=0.003, gpuMaxMs=0.006, gpuAvgMsPerMP=0.034
[27Jul2026 17:12:31.118] [Render thread/INFO] [Photonics/]: Photonics pass timing v73: group=photonics temporal reconstruction, passes=[reconstruct lighting], viewport=854x480, megapixels=0.410, cpuInvocations=1183, cpuSubmitAvgMs=0.008, cpuSubmitMaxMs=0.027, gpuSamples=295, gpuAvgMs=0.070, gpuMaxMs=0.076, gpuAvgMsPerMP=0.170
[27Jul2026 17:12:31.126] [Render thread/INFO] [Photonics/]: Photonics pass timing v73: group=frag data, passes=[frag data], viewport=427x240, megapixels=0.102, cpuInvocations=1184, cpuSubmitAvgMs=0.019, cpuSubmitMaxMs=0.076, gpuSamples=296, gpuAvgMs=0.010, gpuMaxMs=0.012, gpuAvgMsPerMP=0.101
[27Jul2026 17:12:31.126] [Render thread/INFO] [Photonics/]: Photonics frame throughput v78: viewport=427x240, windowSeconds=5.004, renderedFrames=1184, fps=236.597, frameAvgMs=4.227
[27Jul2026 17:12:32.171] [Render thread/INFO] [Photonics/]: Photonics direct reservoir sample v64: samples=294, populated=172, emptyOrBackground=16, visibilityRejected=39, invalid=67, overLegacyCap=0, overTemporalCap=0, totalSamplesRange=0.0..128.0, viewport=427x240
[27Jul2026 17:12:33.805] [Render thread/INFO] [Photonics/]: Photonics pass timing v73: group=svgf atrous, passes=[atrous iteration], viewport=427x240, megapixels=0.102, cpuInvocations=5605, cpuSubmitAvgMs=0.003, cpuSubmitMaxMs=0.044, gpuSamples=1401, gpuAvgMs=0.020, gpuMaxMs=0.033, gpuAvgMsPerMP=0.199
[27Jul2026 17:12:36.118] [Render thread/INFO] [Photonics/]: Photonics pass timing v73: group=restir direct, passes=[initial direct + visibility], viewport=427x240, megapixels=0.102, cpuInvocations=1108, cpuSubmitAvgMs=0.019, cpuSubmitMaxMs=0.104, gpuSamples=277, gpuAvgMs=0.219, gpuMaxMs=0.297, gpuAvgMsPerMP=2.138
[27Jul2026 17:12:36.118] [Render thread/INFO] [Photonics/]: Photonics pass timing v73: group=restir gi initial, passes=[initial indirect], viewport=427x240, megapixels=0.102, cpuInvocations=1108, cpuSubmitAvgMs=0.010, cpuSubmitMaxMs=0.065, gpuSamples=277, gpuAvgMs=0.267, gpuMaxMs=0.325, gpuAvgMsPerMP=2.608
[27Jul2026 17:12:36.118] [Render thread/INFO] [Photonics/]: Photonics pass timing v73: group=restir temporal, passes=[temporal reuse + tri-state GI classification], viewport=427x240, megapixels=0.102, cpuInvocations=1108, cpuSubmitAvgMs=0.010, cpuSubmitMaxMs=0.032, gpuSamples=277, gpuAvgMs=0.320, gpuMaxMs=0.374, gpuAvgMsPerMP=3.127
[27Jul2026 17:12:36.118] [Render thread/INFO] [Photonics/]: Photonics pass timing v73: group=restir spatial copy, passes=[copy spatial input], viewport=427x240, megapixels=0.102, cpuInvocations=1108, cpuSubmitAvgMs=0.009, cpuSubmitMaxMs=0.042, gpuSamples=277, gpuAvgMs=0.013, gpuMaxMs=0.035, gpuAvgMsPerMP=0.126
[27Jul2026 17:12:36.118] [Render thread/INFO] [Photonics/]: Photonics pass timing v73: group=restir spatial, passes=[spatial reuse/clamp + tri-state GI classification], viewport=427x240, megapixels=0.102, cpuInvocations=1108, cpuSubmitAvgMs=0.007, cpuSubmitMaxMs=0.046, gpuSamples=277, gpuAvgMs=0.241, gpuMaxMs=0.325, gpuAvgMsPerMP=2.353
[27Jul2026 17:12:36.118] [Render thread/INFO] [Photonics/]: Photonics pass timing v73: group=restir diffuse, passes=[diffuse], viewport=427x240, megapixels=0.102, cpuInvocations=1108, cpuSubmitAvgMs=0.010, cpuSubmitMaxMs=0.048, gpuSamples=277, gpuAvgMs=0.333, gpuMaxMs=0.392, gpuAvgMsPerMP=3.248
[27Jul2026 17:12:36.118] [Render thread/INFO] [Photonics/]: Photonics pass timing v73: group=restir accumulation, passes=[accumulation], viewport=427x240, megapixels=0.102, cpuInvocations=1108, cpuSubmitAvgMs=0.011, cpuSubmitMaxMs=0.061, gpuSamples=277, gpuAvgMs=0.026, gpuMaxMs=0.043, gpuAvgMsPerMP=0.256
[27Jul2026 17:12:36.118] [Render thread/INFO] [Photonics/]: Photonics pass timing v73: group=svgf variance, passes=[variance prefilter], viewport=427x240, megapixels=0.102, cpuInvocations=1108, cpuSubmitAvgMs=0.007, cpuSubmitMaxMs=0.035, gpuSamples=277, gpuAvgMs=0.033, gpuMaxMs=0.100, gpuAvgMsPerMP=0.319
[27Jul2026 17:12:36.118] [Render thread/INFO] [Photonics/]: Photonics pass timing v73: group=restir local, passes=[exact local direct], viewport=427x240, megapixels=0.102, cpuInvocations=1108, cpuSubmitAvgMs=0.009, cpuSubmitMaxMs=0.031, gpuSamples=277, gpuAvgMs=0.004, gpuMaxMs=0.006, gpuAvgMsPerMP=0.039
[27Jul2026 17:12:36.118] [Render thread/INFO] [Photonics/]: Photonics pass timing v73: group=restir handheld, passes=[handheld], viewport=427x240, megapixels=0.102, cpuInvocations=1108, cpuSubmitAvgMs=0.010, cpuSubmitMaxMs=0.174, gpuSamples=277, gpuAvgMs=0.003, gpuMaxMs=0.004, gpuAvgMsPerMP=0.031
[27Jul2026 17:12:36.118] [Render thread/INFO] [Photonics/]: Photonics pass timing v73: group=photonics temporal source, passes=[compose low-resolution lighting], viewport=427x240, megapixels=0.102, cpuInvocations=1108, cpuSubmitAvgMs=0.004, cpuSubmitMaxMs=0.017, gpuSamples=277, gpuAvgMs=0.003, gpuMaxMs=0.004, gpuAvgMsPerMP=0.034
[27Jul2026 17:12:36.118] [Render thread/INFO] [Photonics/]: Photonics pass timing v73: group=photonics temporal reconstruction, passes=[reconstruct lighting], viewport=854x480, megapixels=0.410, cpuInvocations=1108, cpuSubmitAvgMs=0.009, cpuSubmitMaxMs=0.034, gpuSamples=277, gpuAvgMs=0.070, gpuMaxMs=0.074, gpuAvgMsPerMP=0.170
[27Jul2026 17:12:36.129] [Render thread/INFO] [Photonics/]: Photonics pass timing v73: group=frag data, passes=[frag data], viewport=427x240, megapixels=0.102, cpuInvocations=1108, cpuSubmitAvgMs=0.022, cpuSubmitMaxMs=0.126, gpuSamples=277, gpuAvgMs=0.010, gpuMaxMs=0.025, gpuAvgMsPerMP=0.101
[27Jul2026 17:12:36.130] [Render thread/INFO] [Photonics/]: Photonics frame throughput v78: viewport=427x240, windowSeconds=5.004, renderedFrames=1108, fps=221.442, frameAvgMs=4.516
[27Jul2026 17:12:37.175] [Render thread/INFO] [Photonics/]: Photonics direct reservoir sample v64: samples=277, populated=149, emptyOrBackground=16, visibilityRejected=48, invalid=64, overLegacyCap=1, overTemporalCap=0, totalSamplesRange=0.0..640.0, viewport=427x240
[27Jul2026 17:12:38.806] [Render thread/INFO] [Photonics/]: Photonics pass timing v73: group=svgf atrous, passes=[atrous iteration], viewport=427x240, megapixels=0.102, cpuInvocations=5725, cpuSubmitAvgMs=0.003, cpuSubmitMaxMs=0.143, gpuSamples=1431, gpuAvgMs=0.020, gpuMaxMs=0.060, gpuAvgMsPerMP=0.199
[27Jul2026 17:12:41.119] [Render thread/INFO] [Photonics/]: Photonics pass timing v73: group=restir direct, passes=[initial direct + visibility], viewport=427x240, megapixels=0.102, cpuInvocations=1193, cpuSubmitAvgMs=0.017, cpuSubmitMaxMs=0.190, gpuSamples=299, gpuAvgMs=0.217, gpuMaxMs=0.289, gpuAvgMsPerMP=2.121
[27Jul2026 17:12:41.120] [Render thread/INFO] [Photonics/]: Photonics pass timing v73: group=restir gi initial, passes=[initial indirect], viewport=427x240, megapixels=0.102, cpuInvocations=1193, cpuSubmitAvgMs=0.009, cpuSubmitMaxMs=0.061, gpuSamples=299, gpuAvgMs=0.265, gpuMaxMs=0.313, gpuAvgMsPerMP=2.584
[27Jul2026 17:12:41.120] [Render thread/INFO] [Photonics/]: Photonics pass timing v73: group=restir temporal, passes=[temporal reuse + tri-state GI classification], viewport=427x240, megapixels=0.102, cpuInvocations=1193, cpuSubmitAvgMs=0.009, cpuSubmitMaxMs=0.053, gpuSamples=299, gpuAvgMs=0.320, gpuMaxMs=0.380, gpuAvgMsPerMP=3.122
[27Jul2026 17:12:41.120] [Render thread/INFO] [Photonics/]: Photonics pass timing v73: group=restir spatial copy, passes=[copy spatial input], viewport=427x240, megapixels=0.102, cpuInvocations=1193, cpuSubmitAvgMs=0.008, cpuSubmitMaxMs=0.038, gpuSamples=299, gpuAvgMs=0.013, gpuMaxMs=0.041, gpuAvgMsPerMP=0.127
[27Jul2026 17:12:41.120] [Render thread/INFO] [Photonics/]: Photonics pass timing v73: group=restir spatial, passes=[spatial reuse/clamp + tri-state GI classification], viewport=427x240, megapixels=0.102, cpuInvocations=1193, cpuSubmitAvgMs=0.007, cpuSubmitMaxMs=0.017, gpuSamples=299, gpuAvgMs=0.237, gpuMaxMs=0.320, gpuAvgMsPerMP=2.315
[27Jul2026 17:12:41.120] [Render thread/INFO] [Photonics/]: Photonics pass timing v73: group=restir diffuse, passes=[diffuse], viewport=427x240, megapixels=0.102, cpuInvocations=1193, cpuSubmitAvgMs=0.009, cpuSubmitMaxMs=0.035, gpuSamples=299, gpuAvgMs=0.332, gpuMaxMs=0.394, gpuAvgMsPerMP=3.240
[27Jul2026 17:12:41.120] [Render thread/INFO] [Photonics/]: Photonics pass timing v73: group=restir accumulation, passes=[accumulation], viewport=427x240, megapixels=0.102, cpuInvocations=1193, cpuSubmitAvgMs=0.010, cpuSubmitMaxMs=0.035, gpuSamples=299, gpuAvgMs=0.026, gpuMaxMs=0.027, gpuAvgMsPerMP=0.254
[27Jul2026 17:12:41.120] [Render thread/INFO] [Photonics/]: Photonics pass timing v73: group=svgf variance, passes=[variance prefilter], viewport=427x240, megapixels=0.102, cpuInvocations=1193, cpuSubmitAvgMs=0.006, cpuSubmitMaxMs=0.047, gpuSamples=299, gpuAvgMs=0.032, gpuMaxMs=0.064, gpuAvgMsPerMP=0.310
[27Jul2026 17:12:41.120] [Render thread/INFO] [Photonics/]: Photonics pass timing v73: group=restir local, passes=[exact local direct], viewport=427x240, megapixels=0.102, cpuInvocations=1193, cpuSubmitAvgMs=0.009, cpuSubmitMaxMs=0.043, gpuSamples=299, gpuAvgMs=0.004, gpuMaxMs=0.006, gpuAvgMsPerMP=0.038
[27Jul2026 17:12:41.120] [Render thread/INFO] [Photonics/]: Photonics pass timing v73: group=restir handheld, passes=[handheld], viewport=427x240, megapixels=0.102, cpuInvocations=1193, cpuSubmitAvgMs=0.008, cpuSubmitMaxMs=0.042, gpuSamples=299, gpuAvgMs=0.003, gpuMaxMs=0.003, gpuAvgMsPerMP=0.031
[27Jul2026 17:12:41.120] [Render thread/INFO] [Photonics/]: Photonics pass timing v73: group=photonics temporal source, passes=[compose low-resolution lighting], viewport=427x240, megapixels=0.102, cpuInvocations=1193, cpuSubmitAvgMs=0.004, cpuSubmitMaxMs=0.021, gpuSamples=299, gpuAvgMs=0.003, gpuMaxMs=0.004, gpuAvgMsPerMP=0.034
[27Jul2026 17:12:41.120] [Render thread/INFO] [Photonics/]: Photonics pass timing v73: group=photonics temporal reconstruction, passes=[reconstruct lighting], viewport=854x480, megapixels=0.410, cpuInvocations=1193, cpuSubmitAvgMs=0.008, cpuSubmitMaxMs=0.063, gpuSamples=299, gpuAvgMs=0.069, gpuMaxMs=0.079, gpuAvgMsPerMP=0.169
[27Jul2026 17:12:41.132] [Render thread/INFO] [Photonics/]: Photonics pass timing v73: group=frag data, passes=[frag data], viewport=427x240, megapixels=0.102, cpuInvocations=1195, cpuSubmitAvgMs=0.020, cpuSubmitMaxMs=0.184, gpuSamples=298, gpuAvgMs=0.010, gpuMaxMs=0.012, gpuAvgMsPerMP=0.099
[27Jul2026 17:12:41.132] [Render thread/INFO] [Photonics/]: Photonics frame throughput v78: viewport=427x240, windowSeconds=5.002, renderedFrames=1195, fps=238.886, frameAvgMs=4.186
[27Jul2026 17:12:42.175] [Render thread/INFO] [Photonics/]: Photonics direct reservoir sample v64: samples=301, populated=173, emptyOrBackground=18, visibilityRejected=46, invalid=64, overLegacyCap=1, overTemporalCap=0, totalSamplesRange=0.0..640.0, viewport=427x240
[27Jul2026 17:12:43.808] [Render thread/INFO] [Photonics/]: Photonics pass timing v73: group=svgf atrous, passes=[atrous iteration], viewport=427x240, megapixels=0.102, cpuInvocations=6220, cpuSubmitAvgMs=0.002, cpuSubmitMaxMs=0.031, gpuSamples=1554, gpuAvgMs=0.020, gpuMaxMs=0.057, gpuAvgMsPerMP=0.199
[27Jul2026 17:12:46.122] [Render thread/INFO] [Photonics/]: Photonics pass timing v73: group=restir direct, passes=[initial direct + visibility], viewport=427x240, megapixels=0.102, cpuInvocations=1246, cpuSubmitAvgMs=0.015, cpuSubmitMaxMs=0.063, gpuSamples=311, gpuAvgMs=0.216, gpuMaxMs=0.281, gpuAvgMsPerMP=2.106
[27Jul2026 17:12:46.123] [Render thread/INFO] [Photonics/]: Photonics pass timing v73: group=restir gi initial, passes=[initial indirect], viewport=427x240, megapixels=0.102, cpuInvocations=1246, cpuSubmitAvgMs=0.008, cpuSubmitMaxMs=0.034, gpuSamples=311, gpuAvgMs=0.265, gpuMaxMs=0.308, gpuAvgMsPerMP=2.581
[27Jul2026 17:12:46.123] [Render thread/INFO] [Photonics/]: Photonics pass timing v73: group=restir temporal, passes=[temporal reuse + tri-state GI classification], viewport=427x240, megapixels=0.102, cpuInvocations=1246, cpuSubmitAvgMs=0.008, cpuSubmitMaxMs=0.020, gpuSamples=311, gpuAvgMs=0.315, gpuMaxMs=0.378, gpuAvgMsPerMP=3.075
[27Jul2026 17:12:46.123] [Render thread/INFO] [Photonics/]: Photonics pass timing v73: group=restir spatial copy, passes=[copy spatial input], viewport=427x240, megapixels=0.102, cpuInvocations=1246, cpuSubmitAvgMs=0.007, cpuSubmitMaxMs=0.027, gpuSamples=311, gpuAvgMs=0.013, gpuMaxMs=0.041, gpuAvgMsPerMP=0.127
[27Jul2026 17:12:46.123] [Render thread/INFO] [Photonics/]: Photonics pass timing v73: group=restir spatial, passes=[spatial reuse/clamp + tri-state GI classification], viewport=427x240, megapixels=0.102, cpuInvocations=1246, cpuSubmitAvgMs=0.006, cpuSubmitMaxMs=0.017, gpuSamples=311, gpuAvgMs=0.234, gpuMaxMs=0.302, gpuAvgMsPerMP=2.285
[27Jul2026 17:12:46.123] [Render thread/INFO] [Photonics/]: Photonics pass timing v73: group=restir diffuse, passes=[diffuse], viewport=427x240, megapixels=0.102, cpuInvocations=1246, cpuSubmitAvgMs=0.008, cpuSubmitMaxMs=0.034, gpuSamples=311, gpuAvgMs=0.328, gpuMaxMs=0.383, gpuAvgMsPerMP=3.201
[27Jul2026 17:12:46.123] [Render thread/INFO] [Photonics/]: Photonics pass timing v73: group=restir accumulation, passes=[accumulation], viewport=427x240, megapixels=0.102, cpuInvocations=1246, cpuSubmitAvgMs=0.009, cpuSubmitMaxMs=0.049, gpuSamples=311, gpuAvgMs=0.026, gpuMaxMs=0.029, gpuAvgMsPerMP=0.254
[27Jul2026 17:12:46.123] [Render thread/INFO] [Photonics/]: Photonics pass timing v73: group=svgf variance, passes=[variance prefilter], viewport=427x240, megapixels=0.102, cpuInvocations=1246, cpuSubmitAvgMs=0.005, cpuSubmitMaxMs=0.023, gpuSamples=311, gpuAvgMs=0.032, gpuMaxMs=0.085, gpuAvgMsPerMP=0.311
[27Jul2026 17:12:46.123] [Render thread/INFO] [Photonics/]: Photonics pass timing v73: group=restir local, passes=[exact local direct], viewport=427x240, megapixels=0.102, cpuInvocations=1246, cpuSubmitAvgMs=0.008, cpuSubmitMaxMs=0.021, gpuSamples=311, gpuAvgMs=0.004, gpuMaxMs=0.006, gpuAvgMsPerMP=0.039
[27Jul2026 17:12:46.123] [Render thread/INFO] [Photonics/]: Photonics pass timing v73: group=restir handheld, passes=[handheld], viewport=427x240, megapixels=0.102, cpuInvocations=1246, cpuSubmitAvgMs=0.008, cpuSubmitMaxMs=0.057, gpuSamples=311, gpuAvgMs=0.003, gpuMaxMs=0.003, gpuAvgMsPerMP=0.030
[27Jul2026 17:12:46.123] [Render thread/INFO] [Photonics/]: Photonics pass timing v73: group=photonics temporal source, passes=[compose low-resolution lighting], viewport=427x240, megapixels=0.102, cpuInvocations=1246, cpuSubmitAvgMs=0.003, cpuSubmitMaxMs=0.014, gpuSamples=311, gpuAvgMs=0.003, gpuMaxMs=0.004, gpuAvgMsPerMP=0.033
[27Jul2026 17:12:46.123] [Render thread/INFO] [Photonics/]: Photonics pass timing v73: group=photonics temporal reconstruction, passes=[reconstruct lighting], viewport=854x480, megapixels=0.410, cpuInvocations=1246, cpuSubmitAvgMs=0.008, cpuSubmitMaxMs=0.025, gpuSamples=311, gpuAvgMs=0.069, gpuMaxMs=0.076, gpuAvgMsPerMP=0.169
[27Jul2026 17:12:46.134] [Render thread/INFO] [Photonics/]: Photonics pass timing v73: group=frag data, passes=[frag data], viewport=427x240, megapixels=0.102, cpuInvocations=1245, cpuSubmitAvgMs=0.018, cpuSubmitMaxMs=0.111, gpuSamples=312, gpuAvgMs=0.010, gpuMaxMs=0.030, gpuAvgMsPerMP=0.098
[27Jul2026 17:12:46.134] [Render thread/INFO] [Photonics/]: Photonics frame throughput v78: viewport=427x240, windowSeconds=5.002, renderedFrames=1245, fps=248.905, frameAvgMs=4.018
[27Jul2026 17:12:47.177] [Render thread/INFO] [Photonics/]: Photonics direct reservoir sample v64: samples=315, populated=175, emptyOrBackground=15, visibilityRejected=50, invalid=75, overLegacyCap=0, overTemporalCap=0, totalSamplesRange=0.0..128.0, viewport=427x240
[27Jul2026 17:12:48.809] [Render thread/INFO] [Photonics/]: Photonics pass timing v73: group=svgf atrous, passes=[atrous iteration], viewport=427x240, megapixels=0.102, cpuInvocations=6305, cpuSubmitAvgMs=0.002, cpuSubmitMaxMs=0.031, gpuSamples=1578, gpuAvgMs=0.020, gpuMaxMs=0.039, gpuAvgMsPerMP=0.200
[27Jul2026 17:12:51.123] [Render thread/INFO] [Photonics/]: Photonics pass timing v73: group=restir direct, passes=[initial direct + visibility], viewport=427x240, megapixels=0.102, cpuInvocations=1271, cpuSubmitAvgMs=0.015, cpuSubmitMaxMs=0.052, gpuSamples=318, gpuAvgMs=0.217, gpuMaxMs=0.278, gpuAvgMsPerMP=2.115
[27Jul2026 17:12:51.123] [Render thread/INFO] [Photonics/]: Photonics pass timing v73: group=restir gi initial, passes=[initial indirect], viewport=427x240, megapixels=0.102, cpuInvocations=1271, cpuSubmitAvgMs=0.008, cpuSubmitMaxMs=0.047, gpuSamples=318, gpuAvgMs=0.265, gpuMaxMs=0.322, gpuAvgMsPerMP=2.582
[27Jul2026 17:12:51.123] [Render thread/INFO] [Photonics/]: Photonics pass timing v73: group=restir temporal, passes=[temporal reuse + tri-state GI classification], viewport=427x240, megapixels=0.102, cpuInvocations=1271, cpuSubmitAvgMs=0.008, cpuSubmitMaxMs=0.021, gpuSamples=318, gpuAvgMs=0.314, gpuMaxMs=0.368, gpuAvgMsPerMP=3.067
[27Jul2026 17:12:51.123] [Render thread/INFO] [Photonics/]: Photonics pass timing v73: group=restir spatial copy, passes=[copy spatial input], viewport=427x240, megapixels=0.102, cpuInvocations=1271, cpuSubmitAvgMs=0.007, cpuSubmitMaxMs=0.027, gpuSamples=318, gpuAvgMs=0.013, gpuMaxMs=0.042, gpuAvgMsPerMP=0.128
[27Jul2026 17:12:51.123] [Render thread/INFO] [Photonics/]: Photonics pass timing v73: group=restir spatial, passes=[spatial reuse/clamp + tri-state GI classification], viewport=427x240, megapixels=0.102, cpuInvocations=1271, cpuSubmitAvgMs=0.006, cpuSubmitMaxMs=0.017, gpuSamples=318, gpuAvgMs=0.235, gpuMaxMs=0.292, gpuAvgMsPerMP=2.292
[27Jul2026 17:12:51.123] [Render thread/INFO] [Photonics/]: Photonics pass timing v73: group=restir diffuse, passes=[diffuse], viewport=427x240, megapixels=0.102, cpuInvocations=1271, cpuSubmitAvgMs=0.008, cpuSubmitMaxMs=0.043, gpuSamples=318, gpuAvgMs=0.326, gpuMaxMs=0.397, gpuAvgMsPerMP=3.184
[27Jul2026 17:12:51.123] [Render thread/INFO] [Photonics/]: Photonics pass timing v73: group=restir accumulation, passes=[accumulation], viewport=427x240, megapixels=0.102, cpuInvocations=1271, cpuSubmitAvgMs=0.009, cpuSubmitMaxMs=0.028, gpuSamples=318, gpuAvgMs=0.026, gpuMaxMs=0.027, gpuAvgMsPerMP=0.254
[27Jul2026 17:12:51.123] [Render thread/INFO] [Photonics/]: Photonics pass timing v73: group=svgf variance, passes=[variance prefilter], viewport=427x240, megapixels=0.102, cpuInvocations=1271, cpuSubmitAvgMs=0.005, cpuSubmitMaxMs=0.035, gpuSamples=318, gpuAvgMs=0.032, gpuMaxMs=0.071, gpuAvgMsPerMP=0.311
[27Jul2026 17:12:51.123] [Render thread/INFO] [Photonics/]: Photonics pass timing v73: group=restir local, passes=[exact local direct], viewport=427x240, megapixels=0.102, cpuInvocations=1271, cpuSubmitAvgMs=0.008, cpuSubmitMaxMs=0.021, gpuSamples=318, gpuAvgMs=0.004, gpuMaxMs=0.006, gpuAvgMsPerMP=0.037
[27Jul2026 17:12:51.123] [Render thread/INFO] [Photonics/]: Photonics pass timing v73: group=restir handheld, passes=[handheld], viewport=427x240, megapixels=0.102, cpuInvocations=1271, cpuSubmitAvgMs=0.007, cpuSubmitMaxMs=0.024, gpuSamples=318, gpuAvgMs=0.003, gpuMaxMs=0.003, gpuAvgMsPerMP=0.030
[27Jul2026 17:12:51.123] [Render thread/INFO] [Photonics/]: Photonics pass timing v73: group=photonics temporal source, passes=[compose low-resolution lighting], viewport=427x240, megapixels=0.102, cpuInvocations=1271, cpuSubmitAvgMs=0.003, cpuSubmitMaxMs=0.010, gpuSamples=318, gpuAvgMs=0.003, gpuMaxMs=0.006, gpuAvgMsPerMP=0.033
[27Jul2026 17:12:51.123] [Render thread/INFO] [Photonics/]: Photonics pass timing v73: group=photonics temporal reconstruction, passes=[reconstruct lighting], viewport=854x480, megapixels=0.410, cpuInvocations=1271, cpuSubmitAvgMs=0.007, cpuSubmitMaxMs=0.024, gpuSamples=318, gpuAvgMs=0.069, gpuMaxMs=0.080, gpuAvgMsPerMP=0.169
[27Jul2026 17:12:51.135] [Render thread/INFO] [Photonics/]: Photonics pass timing v73: group=frag data, passes=[frag data], viewport=427x240, megapixels=0.102, cpuInvocations=1271, cpuSubmitAvgMs=0.016, cpuSubmitMaxMs=0.057, gpuSamples=318, gpuAvgMs=0.010, gpuMaxMs=0.013, gpuAvgMsPerMP=0.098
[27Jul2026 17:12:51.135] [Render thread/INFO] [Photonics/]: Photonics frame throughput v78: viewport=427x240, windowSeconds=5.001, renderedFrames=1271, fps=254.133, frameAvgMs=3.935
[27Jul2026 17:12:52.178] [Render thread/INFO] [Photonics/]: Photonics direct reservoir sample v64: samples=311, populated=181, emptyOrBackground=16, visibilityRejected=43, invalid=71, overLegacyCap=2, overTemporalCap=0, totalSamplesRange=0.0..640.0, viewport=427x240
[27Jul2026 17:12:53.810] [Render thread/INFO] [Photonics/]: Photonics pass timing v73: group=svgf atrous, passes=[atrous iteration], viewport=427x240, megapixels=0.102, cpuInvocations=6240, cpuSubmitAvgMs=0.002, cpuSubmitMaxMs=0.019, gpuSamples=1560, gpuAvgMs=0.020, gpuMaxMs=0.049, gpuAvgMsPerMP=0.199
[27Jul2026 17:12:56.127] [Render thread/INFO] [Photonics/]: Photonics pass timing v73: group=restir direct, passes=[initial direct + visibility], viewport=427x240, megapixels=0.102, cpuInvocations=1263, cpuSubmitAvgMs=0.015, cpuSubmitMaxMs=0.072, gpuSamples=316, gpuAvgMs=0.216, gpuMaxMs=0.296, gpuAvgMsPerMP=2.105
[27Jul2026 17:12:56.128] [Render thread/INFO] [Photonics/]: Photonics pass timing v73: group=restir gi initial, passes=[initial indirect], viewport=427x240, megapixels=0.102, cpuInvocations=1263, cpuSubmitAvgMs=0.008, cpuSubmitMaxMs=0.033, gpuSamples=316, gpuAvgMs=0.265, gpuMaxMs=0.328, gpuAvgMsPerMP=2.584
[27Jul2026 17:12:56.128] [Render thread/INFO] [Photonics/]: Photonics pass timing v73: group=restir temporal, passes=[temporal reuse + tri-state GI classification], viewport=427x240, megapixels=0.102, cpuInvocations=1263, cpuSubmitAvgMs=0.008, cpuSubmitMaxMs=0.034, gpuSamples=316, gpuAvgMs=0.310, gpuMaxMs=0.366, gpuAvgMsPerMP=3.029
[27Jul2026 17:12:56.128] [Render thread/INFO] [Photonics/]: Photonics pass timing v73: group=restir spatial copy, passes=[copy spatial input], viewport=427x240, megapixels=0.102, cpuInvocations=1263, cpuSubmitAvgMs=0.007, cpuSubmitMaxMs=0.029, gpuSamples=316, gpuAvgMs=0.013, gpuMaxMs=0.041, gpuAvgMsPerMP=0.126
[27Jul2026 17:12:56.128] [Render thread/INFO] [Photonics/]: Photonics pass timing v73: group=restir spatial, passes=[spatial reuse/clamp + tri-state GI classification], viewport=427x240, megapixels=0.102, cpuInvocations=1263, cpuSubmitAvgMs=0.006, cpuSubmitMaxMs=0.019, gpuSamples=316, gpuAvgMs=0.233, gpuMaxMs=0.308, gpuAvgMsPerMP=2.278
[27Jul2026 17:12:56.128] [Render thread/INFO] [Photonics/]: Photonics pass timing v73: group=restir diffuse, passes=[diffuse], viewport=427x240, megapixels=0.102, cpuInvocations=1263, cpuSubmitAvgMs=0.008, cpuSubmitMaxMs=0.025, gpuSamples=316, gpuAvgMs=0.323, gpuMaxMs=0.383, gpuAvgMsPerMP=3.147
[27Jul2026 17:12:56.128] [Render thread/INFO] [Photonics/]: Photonics pass timing v73: group=restir accumulation, passes=[accumulation], viewport=427x240, megapixels=0.102, cpuInvocations=1263, cpuSubmitAvgMs=0.009, cpuSubmitMaxMs=0.044, gpuSamples=316, gpuAvgMs=0.026, gpuMaxMs=0.040, gpuAvgMsPerMP=0.254
[27Jul2026 17:12:56.128] [Render thread/INFO] [Photonics/]: Photonics pass timing v73: group=svgf variance, passes=[variance prefilter], viewport=427x240, megapixels=0.102, cpuInvocations=1263, cpuSubmitAvgMs=0.005, cpuSubmitMaxMs=0.020, gpuSamples=316, gpuAvgMs=0.032, gpuMaxMs=0.087, gpuAvgMsPerMP=0.311
[27Jul2026 17:12:56.128] [Render thread/INFO] [Photonics/]: Photonics pass timing v73: group=restir local, passes=[exact local direct], viewport=427x240, megapixels=0.102, cpuInvocations=1263, cpuSubmitAvgMs=0.008, cpuSubmitMaxMs=0.025, gpuSamples=316, gpuAvgMs=0.004, gpuMaxMs=0.006, gpuAvgMsPerMP=0.040
[27Jul2026 17:12:56.128] [Render thread/INFO] [Photonics/]: Photonics pass timing v73: group=restir handheld, passes=[handheld], viewport=427x240, megapixels=0.102, cpuInvocations=1263, cpuSubmitAvgMs=0.007, cpuSubmitMaxMs=0.026, gpuSamples=316, gpuAvgMs=0.003, gpuMaxMs=0.003, gpuAvgMsPerMP=0.031
[27Jul2026 17:12:56.128] [Render thread/INFO] [Photonics/]: Photonics pass timing v73: group=photonics temporal source, passes=[compose low-resolution lighting], viewport=427x240, megapixels=0.102, cpuInvocations=1263, cpuSubmitAvgMs=0.003, cpuSubmitMaxMs=0.014, gpuSamples=316, gpuAvgMs=0.003, gpuMaxMs=0.004, gpuAvgMsPerMP=0.033
[27Jul2026 17:12:56.128] [Render thread/INFO] [Photonics/]: Photonics pass timing v73: group=photonics temporal reconstruction, passes=[reconstruct lighting], viewport=854x480, megapixels=0.410, cpuInvocations=1263, cpuSubmitAvgMs=0.008, cpuSubmitMaxMs=0.028, gpuSamples=316, gpuAvgMs=0.069, gpuMaxMs=0.072, gpuAvgMsPerMP=0.169
[27Jul2026 17:12:56.136] [Render thread/INFO] [Photonics/]: Photonics pass timing v73: group=frag data, passes=[frag data], viewport=427x240, megapixels=0.102, cpuInvocations=1263, cpuSubmitAvgMs=0.016, cpuSubmitMaxMs=0.076, gpuSamples=315, gpuAvgMs=0.010, gpuMaxMs=0.012, gpuAvgMsPerMP=0.098
[27Jul2026 17:12:56.136] [Render thread/INFO] [Photonics/]: Photonics frame throughput v78: viewport=427x240, windowSeconds=5.001, renderedFrames=1263, fps=252.532, frameAvgMs=3.960
[27Jul2026 17:12:57.182] [Render thread/INFO] [Photonics/]: Photonics direct reservoir sample v64: samples=322, populated=179, emptyOrBackground=8, visibilityRejected=50, invalid=85, overLegacyCap=2, overTemporalCap=0, totalSamplesRange=0.0..640.0, viewport=427x240
[27Jul2026 17:12:58.813] [Render thread/INFO] [Photonics/]: Photonics pass timing v73: group=svgf atrous, passes=[atrous iteration], viewport=427x240, megapixels=0.102, cpuInvocations=6325, cpuSubmitAvgMs=0.002, cpuSubmitMaxMs=0.015, gpuSamples=1581, gpuAvgMs=0.020, gpuMaxMs=0.060, gpuAvgMsPerMP=0.199
[27Jul2026 17:13:01.130] [Render thread/INFO] [Photonics/]: Photonics pass timing v73: group=restir direct, passes=[initial direct + visibility], viewport=427x240, megapixels=0.102, cpuInvocations=1269, cpuSubmitAvgMs=0.014, cpuSubmitMaxMs=0.078, gpuSamples=317, gpuAvgMs=0.217, gpuMaxMs=0.297, gpuAvgMsPerMP=2.118
[27Jul2026 17:13:01.130] [Render thread/INFO] [Photonics/]: Photonics pass timing v73: group=restir gi initial, passes=[initial indirect], viewport=427x240, megapixels=0.102, cpuInvocations=1269, cpuSubmitAvgMs=0.008, cpuSubmitMaxMs=0.063, gpuSamples=317, gpuAvgMs=0.265, gpuMaxMs=0.319, gpuAvgMsPerMP=2.584
[27Jul2026 17:13:01.130] [Render thread/INFO] [Photonics/]: Photonics pass timing v73: group=restir temporal, passes=[temporal reuse + tri-state GI classification], viewport=427x240, megapixels=0.102, cpuInvocations=1269, cpuSubmitAvgMs=0.008, cpuSubmitMaxMs=0.049, gpuSamples=317, gpuAvgMs=0.314, gpuMaxMs=0.373, gpuAvgMsPerMP=3.062
[27Jul2026 17:13:01.130] [Render thread/INFO] [Photonics/]: Photonics pass timing v73: group=restir spatial copy, passes=[copy spatial input], viewport=427x240, megapixels=0.102, cpuInvocations=1269, cpuSubmitAvgMs=0.007, cpuSubmitMaxMs=0.029, gpuSamples=317, gpuAvgMs=0.013, gpuMaxMs=0.034, gpuAvgMsPerMP=0.126
[27Jul2026 17:13:01.130] [Render thread/INFO] [Photonics/]: Photonics pass timing v73: group=restir spatial, passes=[spatial reuse/clamp + tri-state GI classification], viewport=427x240, megapixels=0.102, cpuInvocations=1269, cpuSubmitAvgMs=0.006, cpuSubmitMaxMs=0.014, gpuSamples=317, gpuAvgMs=0.235, gpuMaxMs=0.328, gpuAvgMsPerMP=2.292
[27Jul2026 17:13:01.130] [Render thread/INFO] [Photonics/]: Photonics pass timing v73: group=restir diffuse, passes=[diffuse], viewport=427x240, megapixels=0.102, cpuInvocations=1269, cpuSubmitAvgMs=0.008, cpuSubmitMaxMs=0.035, gpuSamples=317, gpuAvgMs=0.324, gpuMaxMs=0.388, gpuAvgMsPerMP=3.162
[27Jul2026 17:13:01.130] [Render thread/INFO] [Photonics/]: Photonics pass timing v73: group=restir accumulation, passes=[accumulation], viewport=427x240, megapixels=0.102, cpuInvocations=1269, cpuSubmitAvgMs=0.009, cpuSubmitMaxMs=0.023, gpuSamples=317, gpuAvgMs=0.026, gpuMaxMs=0.076, gpuAvgMsPerMP=0.257
[27Jul2026 17:13:01.130] [Render thread/INFO] [Photonics/]: Photonics pass timing v73: group=svgf variance, passes=[variance prefilter], viewport=427x240, megapixels=0.102, cpuInvocations=1269, cpuSubmitAvgMs=0.005, cpuSubmitMaxMs=0.023, gpuSamples=317, gpuAvgMs=0.032, gpuMaxMs=0.074, gpuAvgMsPerMP=0.310
[27Jul2026 17:13:01.130] [Render thread/INFO] [Photonics/]: Photonics pass timing v73: group=restir local, passes=[exact local direct], viewport=427x240, megapixels=0.102, cpuInvocations=1269, cpuSubmitAvgMs=0.008, cpuSubmitMaxMs=0.029, gpuSamples=317, gpuAvgMs=0.004, gpuMaxMs=0.006, gpuAvgMsPerMP=0.040
[27Jul2026 17:13:01.130] [Render thread/INFO] [Photonics/]: Photonics pass timing v73: group=restir handheld, passes=[handheld], viewport=427x240, megapixels=0.102, cpuInvocations=1269, cpuSubmitAvgMs=0.007, cpuSubmitMaxMs=0.023, gpuSamples=317, gpuAvgMs=0.003, gpuMaxMs=0.003, gpuAvgMsPerMP=0.031
[27Jul2026 17:13:01.130] [Render thread/INFO] [Photonics/]: Photonics pass timing v73: group=photonics temporal source, passes=[compose low-resolution lighting], viewport=427x240, megapixels=0.102, cpuInvocations=1269, cpuSubmitAvgMs=0.003, cpuSubmitMaxMs=0.014, gpuSamples=317, gpuAvgMs=0.003, gpuMaxMs=0.006, gpuAvgMsPerMP=0.033
[27Jul2026 17:13:01.130] [Render thread/INFO] [Photonics/]: Photonics pass timing v73: group=photonics temporal reconstruction, passes=[reconstruct lighting], viewport=854x480, megapixels=0.410, cpuInvocations=1269, cpuSubmitAvgMs=0.007, cpuSubmitMaxMs=0.018, gpuSamples=317, gpuAvgMs=0.069, gpuMaxMs=0.082, gpuAvgMsPerMP=0.168
[27Jul2026 17:13:01.137] [Render thread/INFO] [Photonics/]: Photonics pass timing v73: group=frag data, passes=[frag data], viewport=427x240, megapixels=0.102, cpuInvocations=1268, cpuSubmitAvgMs=0.016, cpuSubmitMaxMs=0.062, gpuSamples=317, gpuAvgMs=0.010, gpuMaxMs=0.012, gpuAvgMsPerMP=0.097
[27Jul2026 17:13:01.137] [Render thread/INFO] [Photonics/]: Photonics frame throughput v78: viewport=427x240, windowSeconds=5.001, renderedFrames=1268, fps=253.553, frameAvgMs=3.944
[27Jul2026 17:13:02.185] [Render thread/INFO] [Photonics/]: Photonics direct reservoir sample v64: samples=315, populated=174, emptyOrBackground=12, visibilityRejected=52, invalid=77, overLegacyCap=2, overTemporalCap=0, totalSamplesRange=0.0..640.0, viewport=427x240
[27Jul2026 17:13:03.816] [Render thread/INFO] [Photonics/]: Photonics pass timing v73: group=svgf atrous, passes=[atrous iteration], viewport=427x240, megapixels=0.102, cpuInvocations=6285, cpuSubmitAvgMs=0.002, cpuSubmitMaxMs=0.019, gpuSamples=1571, gpuAvgMs=0.020, gpuMaxMs=0.047, gpuAvgMsPerMP=0.199
[27Jul2026 17:13:05.526] [Render thread/INFO] [Photonics/]: Photonics world tracing v72: revision=268, settled=false, compiledSections=5180, trackedSections=5180, batchBuilt=1, batchUnloaded=0, pendingBuilds=0, pendingUnloads=0, ready=true, depth=6, blockBounds=( 3.200E+1  1.280E+2  6.400E+1)..( 4.640E+2  3.040E+2  4.960E+2), treeBounds=( 0.000E+0  0.000E+0  0.000E+0)..( 1.024E+3  1.024E+3  1.024E+3), origin=(-1.920E+2 -1.920E+2 -1.280E+2), boundsSource=compiled, compileMs=139.570
[27Jul2026 17:13:06.131] [Render thread/INFO] [Photonics/]: Photonics pass timing v73: group=restir direct, passes=[initial direct + visibility], viewport=427x240, megapixels=0.102, cpuInvocations=955, cpuSubmitAvgMs=0.018, cpuSubmitMaxMs=0.060, gpuSamples=239, gpuAvgMs=0.214, gpuMaxMs=0.285, gpuAvgMsPerMP=2.084
[27Jul2026 17:13:06.131] [Render thread/INFO] [Photonics/]: Photonics pass timing v73: group=restir gi initial, passes=[initial indirect], viewport=427x240, megapixels=0.102, cpuInvocations=955, cpuSubmitAvgMs=0.009, cpuSubmitMaxMs=0.052, gpuSamples=239, gpuAvgMs=0.261, gpuMaxMs=0.309, gpuAvgMsPerMP=2.548
[27Jul2026 17:13:06.131] [Render thread/INFO] [Photonics/]: Photonics pass timing v73: group=restir temporal, passes=[temporal reuse + tri-state GI classification], viewport=427x240, megapixels=0.102, cpuInvocations=955, cpuSubmitAvgMs=0.010, cpuSubmitMaxMs=0.048, gpuSamples=239, gpuAvgMs=0.294, gpuMaxMs=0.359, gpuAvgMsPerMP=2.866
[27Jul2026 17:13:06.131] [Render thread/INFO] [Photonics/]: Photonics pass timing v73: group=restir spatial copy, passes=[copy spatial input], viewport=427x240, megapixels=0.102, cpuInvocations=955, cpuSubmitAvgMs=0.008, cpuSubmitMaxMs=0.030, gpuSamples=239, gpuAvgMs=0.013, gpuMaxMs=0.017, gpuAvgMsPerMP=0.124
[27Jul2026 17:13:06.131] [Render thread/INFO] [Photonics/]: Photonics pass timing v73: group=restir spatial, passes=[spatial reuse/clamp + tri-state GI classification], viewport=427x240, megapixels=0.102, cpuInvocations=955, cpuSubmitAvgMs=0.007, cpuSubmitMaxMs=0.037, gpuSamples=239, gpuAvgMs=0.226, gpuMaxMs=0.298, gpuAvgMsPerMP=2.206
[27Jul2026 17:13:06.132] [Render thread/INFO] [Photonics/]: Photonics pass timing v73: group=restir diffuse, passes=[diffuse], viewport=427x240, megapixels=0.102, cpuInvocations=955, cpuSubmitAvgMs=0.010, cpuSubmitMaxMs=0.274, gpuSamples=239, gpuAvgMs=0.308, gpuMaxMs=0.379, gpuAvgMsPerMP=3.007
[27Jul2026 17:13:06.132] [Render thread/INFO] [Photonics/]: Photonics pass timing v73: group=restir accumulation, passes=[accumulation], viewport=427x240, megapixels=0.102, cpuInvocations=955, cpuSubmitAvgMs=0.011, cpuSubmitMaxMs=0.410, gpuSamples=239, gpuAvgMs=0.027, gpuMaxMs=0.081, gpuAvgMsPerMP=0.262
[27Jul2026 17:13:06.132] [Render thread/INFO] [Photonics/]: Photonics pass timing v73: group=svgf variance, passes=[variance prefilter], viewport=427x240, megapixels=0.102, cpuInvocations=955, cpuSubmitAvgMs=0.007, cpuSubmitMaxMs=0.198, gpuSamples=239, gpuAvgMs=0.033, gpuMaxMs=0.054, gpuAvgMsPerMP=0.318
[27Jul2026 17:13:06.132] [Render thread/INFO] [Photonics/]: Photonics pass timing v73: group=restir local, passes=[exact local direct], viewport=427x240, megapixels=0.102, cpuInvocations=955, cpuSubmitAvgMs=0.009, cpuSubmitMaxMs=0.031, gpuSamples=239, gpuAvgMs=0.004, gpuMaxMs=0.006, gpuAvgMsPerMP=0.039
[27Jul2026 17:13:06.132] [Render thread/INFO] [Photonics/]: Photonics pass timing v73: group=restir handheld, passes=[handheld], viewport=427x240, megapixels=0.102, cpuInvocations=955, cpuSubmitAvgMs=0.009, cpuSubmitMaxMs=0.051, gpuSamples=239, gpuAvgMs=0.003, gpuMaxMs=0.004, gpuAvgMsPerMP=0.031
[27Jul2026 17:13:06.132] [Render thread/INFO] [Photonics/]: Photonics pass timing v73: group=photonics temporal source, passes=[compose low-resolution lighting], viewport=427x240, megapixels=0.102, cpuInvocations=955, cpuSubmitAvgMs=0.004, cpuSubmitMaxMs=0.012, gpuSamples=239, gpuAvgMs=0.003, gpuMaxMs=0.006, gpuAvgMsPerMP=0.034
[27Jul2026 17:13:06.132] [Render thread/INFO] [Photonics/]: Photonics pass timing v73: group=photonics temporal reconstruction, passes=[reconstruct lighting], viewport=854x480, megapixels=0.410, cpuInvocations=955, cpuSubmitAvgMs=0.009, cpuSubmitMaxMs=0.023, gpuSamples=239, gpuAvgMs=0.071, gpuMaxMs=0.097, gpuAvgMsPerMP=0.173
[27Jul2026 17:13:06.139] [Render thread/INFO] [Photonics/]: Photonics pass timing v73: group=frag data, passes=[frag data], viewport=427x240, megapixels=0.102, cpuInvocations=954, cpuSubmitAvgMs=0.022, cpuSubmitMaxMs=0.482, gpuSamples=239, gpuAvgMs=0.010, gpuMaxMs=0.024, gpuAvgMsPerMP=0.099
[27Jul2026 17:13:06.139] [Render thread/INFO] [Photonics/]: Photonics frame throughput v78: viewport=427x240, windowSeconds=5.002, renderedFrames=954, fps=190.740, frameAvgMs=5.243
[27Jul2026 17:13:06.653] [Render thread/INFO] [Photonics/]: Photonics world tracing v72: revision=270, settled=false, compiledSections=5180, trackedSections=5180, batchBuilt=1, batchUnloaded=0, pendingBuilds=0, pendingUnloads=0, ready=true, depth=6, blockBounds=( 3.200E+1  1.280E+2  6.400E+1)..( 4.640E+2  3.040E+2  4.960E+2), treeBounds=( 0.000E+0  0.000E+0  0.000E+0)..( 1.024E+3  1.024E+3  1.024E+3), origin=(-1.920E+2 -1.920E+2 -1.280E+2), boundsSource=compiled, compileMs=115.974
[27Jul2026 17:13:07.185] [Render thread/INFO] [Photonics/]: Photonics direct reservoir sample v64: samples=216, populated=120, emptyOrBackground=8, visibilityRejected=41, invalid=47, overLegacyCap=0, overTemporalCap=0, totalSamplesRange=0.0..128.0, viewport=427x240
[27Jul2026 17:13:08.818] [Render thread/INFO] [Photonics/]: Photonics pass timing v73: group=svgf atrous, passes=[atrous iteration], viewport=427x240, megapixels=0.102, cpuInvocations=3630, cpuSubmitAvgMs=0.003, cpuSubmitMaxMs=0.020, gpuSamples=908, gpuAvgMs=0.022, gpuMaxMs=0.074, gpuAvgMsPerMP=0.215
[27Jul2026 17:13:09.177] [Render thread/INFO] [Photonics/]: Photonics world tracing v72: revision=272, settled=false, compiledSections=5180, trackedSections=5180, batchBuilt=1, batchUnloaded=0, pendingBuilds=0, pendingUnloads=0, ready=true, depth=6, blockBounds=( 3.200E+1  1.280E+2  6.400E+1)..( 4.640E+2  3.040E+2  4.960E+2), treeBounds=( 0.000E+0  0.000E+0  0.000E+0)..( 1.024E+3  1.024E+3  1.024E+3), origin=(-1.920E+2 -1.920E+2 -1.280E+2), boundsSource=compiled, compileMs=130.071
[27Jul2026 17:13:10.748] [Render thread/INFO] [Photonics/]: Photonics world tracing v72: revision=274, settled=false, compiledSections=5180, trackedSections=5180, batchBuilt=1, batchUnloaded=0, pendingBuilds=0, pendingUnloads=0, ready=true, depth=6, blockBounds=( 3.200E+1  1.280E+2  6.400E+1)..( 4.640E+2  3.040E+2  4.960E+2), treeBounds=( 0.000E+0  0.000E+0  0.000E+0)..( 1.024E+3  1.024E+3  1.024E+3), origin=(-1.920E+2 -1.920E+2 -1.280E+2), boundsSource=compiled, compileMs=116.184
[27Jul2026 17:13:11.134] [Render thread/INFO] [Photonics/]: Photonics pass timing v73: group=restir direct, passes=[initial direct + visibility], viewport=427x240, megapixels=0.102, cpuInvocations=804, cpuSubmitAvgMs=0.019, cpuSubmitMaxMs=0.062, gpuSamples=201, gpuAvgMs=0.196, gpuMaxMs=0.232, gpuAvgMsPerMP=1.913
[27Jul2026 17:13:11.134] [Render thread/INFO] [Photonics/]: Photonics pass timing v73: group=restir gi initial, passes=[initial indirect], viewport=427x240, megapixels=0.102, cpuInvocations=804, cpuSubmitAvgMs=0.009, cpuSubmitMaxMs=0.027, gpuSamples=201, gpuAvgMs=0.236, gpuMaxMs=0.290, gpuAvgMsPerMP=2.299
[27Jul2026 17:13:11.134] [Render thread/INFO] [Photonics/]: Photonics pass timing v73: group=restir temporal, passes=[temporal reuse + tri-state GI classification], viewport=427x240, megapixels=0.102, cpuInvocations=804, cpuSubmitAvgMs=0.010, cpuSubmitMaxMs=0.045, gpuSamples=201, gpuAvgMs=0.252, gpuMaxMs=0.357, gpuAvgMsPerMP=2.459
[27Jul2026 17:13:11.134] [Render thread/INFO] [Photonics/]: Photonics pass timing v73: group=restir spatial copy, passes=[copy spatial input], viewport=427x240, megapixels=0.102, cpuInvocations=804, cpuSubmitAvgMs=0.009, cpuSubmitMaxMs=0.045, gpuSamples=201, gpuAvgMs=0.013, gpuMaxMs=0.015, gpuAvgMsPerMP=0.129
[27Jul2026 17:13:11.134] [Render thread/INFO] [Photonics/]: Photonics pass timing v73: group=restir spatial, passes=[spatial reuse/clamp + tri-state GI classification], viewport=427x240, megapixels=0.102, cpuInvocations=804, cpuSubmitAvgMs=0.007, cpuSubmitMaxMs=0.019, gpuSamples=201, gpuAvgMs=0.212, gpuMaxMs=0.339, gpuAvgMsPerMP=2.068
[27Jul2026 17:13:11.134] [Render thread/INFO] [Photonics/]: Photonics pass timing v73: group=restir diffuse, passes=[diffuse], viewport=427x240, megapixels=0.102, cpuInvocations=804, cpuSubmitAvgMs=0.010, cpuSubmitMaxMs=0.034, gpuSamples=201, gpuAvgMs=0.278, gpuMaxMs=0.391, gpuAvgMsPerMP=2.716
[27Jul2026 17:13:11.134] [Render thread/INFO] [Photonics/]: Photonics pass timing v73: group=restir accumulation, passes=[accumulation], viewport=427x240, megapixels=0.102, cpuInvocations=804, cpuSubmitAvgMs=0.011, cpuSubmitMaxMs=0.034, gpuSamples=201, gpuAvgMs=0.027, gpuMaxMs=0.080, gpuAvgMsPerMP=0.263
[27Jul2026 17:13:11.134] [Render thread/INFO] [Photonics/]: Photonics pass timing v73: group=svgf variance, passes=[variance prefilter], viewport=427x240, megapixels=0.102, cpuInvocations=804, cpuSubmitAvgMs=0.007, cpuSubmitMaxMs=0.023, gpuSamples=201, gpuAvgMs=0.032, gpuMaxMs=0.038, gpuAvgMsPerMP=0.308
[27Jul2026 17:13:11.134] [Render thread/INFO] [Photonics/]: Photonics pass timing v73: group=restir local, passes=[exact local direct], viewport=427x240, megapixels=0.102, cpuInvocations=804, cpuSubmitAvgMs=0.010, cpuSubmitMaxMs=0.052, gpuSamples=201, gpuAvgMs=0.005, gpuMaxMs=0.007, gpuAvgMsPerMP=0.045
[27Jul2026 17:13:11.135] [Render thread/INFO] [Photonics/]: Photonics pass timing v73: group=restir handheld, passes=[handheld], viewport=427x240, megapixels=0.102, cpuInvocations=804, cpuSubmitAvgMs=0.010, cpuSubmitMaxMs=0.035, gpuSamples=201, gpuAvgMs=0.003, gpuMaxMs=0.004, gpuAvgMsPerMP=0.031
[27Jul2026 17:13:11.135] [Render thread/INFO] [Photonics/]: Photonics pass timing v73: group=photonics temporal source, passes=[compose low-resolution lighting], viewport=427x240, megapixels=0.102, cpuInvocations=804, cpuSubmitAvgMs=0.004, cpuSubmitMaxMs=0.015, gpuSamples=201, gpuAvgMs=0.003, gpuMaxMs=0.006, gpuAvgMsPerMP=0.034
[27Jul2026 17:13:11.135] [Render thread/INFO] [Photonics/]: Photonics pass timing v73: group=photonics temporal reconstruction, passes=[reconstruct lighting], viewport=854x480, megapixels=0.410, cpuInvocations=804, cpuSubmitAvgMs=0.009, cpuSubmitMaxMs=0.045, gpuSamples=201, gpuAvgMs=0.073, gpuMaxMs=0.078, gpuAvgMsPerMP=0.179
[27Jul2026 17:13:11.144] [Render thread/INFO] [Photonics/]: Photonics pass timing v73: group=frag data, passes=[frag data], viewport=427x240, megapixels=0.102, cpuInvocations=805, cpuSubmitAvgMs=0.023, cpuSubmitMaxMs=0.081, gpuSamples=201, gpuAvgMs=0.010, gpuMaxMs=0.012, gpuAvgMsPerMP=0.100
[27Jul2026 17:13:11.144] [Render thread/INFO] [Photonics/]: Photonics frame throughput v78: viewport=427x240, windowSeconds=5.005, renderedFrames=805, fps=160.832, frameAvgMs=6.218
[27Jul2026 17:13:12.188] [Render thread/INFO] [Photonics/]: Photonics direct reservoir sample v64: samples=208, populated=93, emptyOrBackground=11, visibilityRejected=55, invalid=49, overLegacyCap=0, overTemporalCap=0, totalSamplesRange=0.0..128.0, viewport=427x240
[27Jul2026 17:13:12.249] [Render thread/INFO] [Photonics/]: Photonics world tracing v72: revision=276, settled=false, compiledSections=5180, trackedSections=5180, batchBuilt=1, batchUnloaded=0, pendingBuilds=0, pendingUnloads=0, ready=true, depth=6, blockBounds=( 3.200E+1  1.280E+2  6.400E+1)..( 4.640E+2  3.040E+2  4.960E+2), treeBounds=( 0.000E+0  0.000E+0  0.000E+0)..( 1.024E+3  1.024E+3  1.024E+3), origin=(-1.920E+2 -1.920E+2 -1.280E+2), boundsSource=compiled, compileMs=111.202
[27Jul2026 17:13:13.655] [Render thread/INFO] [Photonics/]: Photonics world tracing v72: revision=277, settled=false, compiledSections=5180, trackedSections=5180, batchBuilt=1, batchUnloaded=0, pendingBuilds=0, pendingUnloads=0, ready=true, depth=6, blockBounds=( 3.200E+1  1.280E+2  6.400E+1)..( 4.640E+2  3.040E+2  4.960E+2), treeBounds=( 0.000E+0  0.000E+0  0.000E+0)..( 1.024E+3  1.024E+3  1.024E+3), origin=(-1.920E+2 -1.920E+2 -1.280E+2), boundsSource=compiled, compileMs=116.867
[27Jul2026 17:13:13.820] [Render thread/INFO] [Photonics/]: Photonics pass timing v73: group=svgf atrous, passes=[atrous iteration], viewport=427x240, megapixels=0.102, cpuInvocations=4135, cpuSubmitAvgMs=0.003, cpuSubmitMaxMs=0.026, gpuSamples=1033, gpuAvgMs=0.021, gpuMaxMs=0.063, gpuAvgMsPerMP=0.204
[27Jul2026 17:13:15.658] [Render thread/INFO] [Photonics/]: Photonics world tracing v72: revision=277, settled=true, compiledSections=5180, trackedSections=5180, batchBuilt=1, batchUnloaded=0, pendingBuilds=0, pendingUnloads=0, ready=true, depth=6, blockBounds=( 3.200E+1  1.280E+2  6.400E+1)..( 4.640E+2  3.040E+2  4.960E+2), treeBounds=( 0.000E+0  0.000E+0  0.000E+0)..( 1.024E+3  1.024E+3  1.024E+3), origin=(-1.920E+2 -1.920E+2 -1.280E+2), boundsSource=compiled, compileMs=116.867
[27Jul2026 17:13:15.658] [Render thread/INFO] [Photonics/]: Photonics memory v72: jvmHeap={usedBytes=4055181992, committedBytes=5146411008, maxBytes=8589934592}, jvmGc={collections=206, timeMs=2106}, worldHeap=GpuBufferHeapStats[capacityBytes=536870912, reservedBytes=420095956, liveBytes=420094036, peakLiveBytes=420094420, reusableBytes=1920, allocations=860791, reusedAllocations=5332, frees=5341, failedAllocations=0], paletteHeap=GpuBufferHeapStats[capacityBytes=201326592, reservedBytes=45728832, liveBytes=45728832, peakLiveBytes=45728832, reusableBytes=0, allocations=482689, reusedAllocations=6347, frees=6347, failedAllocations=0], registries={lights=Stats[cachedObjects=9, pendingFreeObjects=0, allocatedObjects=9, failedAllocations=0], palettes=Stats[cachedObjects=476342, pendingFreeObjects=0, allocatedObjects=482689, failedAllocations=0], blocks=Stats[cachedObjects=544565, pendingFreeObjects=0, allocatedObjects=547336, failedAllocations=0], models=Stats[cachedObjects=13010, pendingFreeObjects=0, allocatedObjects=13059, failedAllocations=0]}
[27Jul2026 17:13:15.896] [Render thread/INFO] [Photonics/]: Photonics world tracing v72: revision=278, settled=false, compiledSections=5180, trackedSections=5180, batchBuilt=1, batchUnloaded=0, pendingBuilds=0, pendingUnloads=0, ready=true, depth=6, blockBounds=( 3.200E+1  1.280E+2  6.400E+1)..( 4.640E+2  3.040E+2  4.960E+2), treeBounds=( 0.000E+0  0.000E+0  0.000E+0)..( 1.024E+3  1.024E+3  1.024E+3), origin=(-1.920E+2 -1.920E+2 -1.280E+2), boundsSource=compiled, compileMs=117.309
[27Jul2026 17:13:16.137] [Render thread/INFO] [Photonics/]: Photonics pass timing v73: group=restir direct, passes=[initial direct + visibility], viewport=427x240, megapixels=0.102, cpuInvocations=839, cpuSubmitAvgMs=0.019, cpuSubmitMaxMs=0.079, gpuSamples=209, gpuAvgMs=0.205, gpuMaxMs=0.275, gpuAvgMsPerMP=2.002
[27Jul2026 17:13:16.137] [Render thread/INFO] [Photonics/]: Photonics pass timing v73: group=restir gi initial, passes=[initial indirect], viewport=427x240, megapixels=0.102, cpuInvocations=839, cpuSubmitAvgMs=0.009, cpuSubmitMaxMs=0.026, gpuSamples=209, gpuAvgMs=0.247, gpuMaxMs=0.293, gpuAvgMsPerMP=2.415
[27Jul2026 17:13:16.137] [Render thread/INFO] [Photonics/]: Photonics pass timing v73: group=restir temporal, passes=[temporal reuse + tri-state GI classification], viewport=427x240, megapixels=0.102, cpuInvocations=839, cpuSubmitAvgMs=0.010, cpuSubmitMaxMs=0.057, gpuSamples=209, gpuAvgMs=0.268, gpuMaxMs=0.330, gpuAvgMsPerMP=2.619
[27Jul2026 17:13:16.137] [Render thread/INFO] [Photonics/]: Photonics pass timing v73: group=restir spatial copy, passes=[copy spatial input], viewport=427x240, megapixels=0.102, cpuInvocations=839, cpuSubmitAvgMs=0.009, cpuSubmitMaxMs=0.028, gpuSamples=209, gpuAvgMs=0.013, gpuMaxMs=0.023, gpuAvgMsPerMP=0.129
[27Jul2026 17:13:16.137] [Render thread/INFO] [Photonics/]: Photonics pass timing v73: group=restir spatial, passes=[spatial reuse/clamp + tri-state GI classification], viewport=427x240, megapixels=0.102, cpuInvocations=839, cpuSubmitAvgMs=0.007, cpuSubmitMaxMs=0.163, gpuSamples=209, gpuAvgMs=0.210, gpuMaxMs=0.260, gpuAvgMsPerMP=2.046
[27Jul2026 17:13:16.137] [Render thread/INFO] [Photonics/]: Photonics pass timing v73: group=restir diffuse, passes=[diffuse], viewport=427x240, megapixels=0.102, cpuInvocations=839, cpuSubmitAvgMs=0.010, cpuSubmitMaxMs=0.040, gpuSamples=209, gpuAvgMs=0.291, gpuMaxMs=0.356, gpuAvgMsPerMP=2.844
[27Jul2026 17:13:16.137] [Render thread/INFO] [Photonics/]: Photonics pass timing v73: group=restir accumulation, passes=[accumulation], viewport=427x240, megapixels=0.102, cpuInvocations=839, cpuSubmitAvgMs=0.011, cpuSubmitMaxMs=0.045, gpuSamples=209, gpuAvgMs=0.027, gpuMaxMs=0.071, gpuAvgMsPerMP=0.262
[27Jul2026 17:13:16.137] [Render thread/INFO] [Photonics/]: Photonics pass timing v73: group=svgf variance, passes=[variance prefilter], viewport=427x240, megapixels=0.102, cpuInvocations=839, cpuSubmitAvgMs=0.007, cpuSubmitMaxMs=0.034, gpuSamples=209, gpuAvgMs=0.033, gpuMaxMs=0.043, gpuAvgMsPerMP=0.324
[27Jul2026 17:13:16.137] [Render thread/INFO] [Photonics/]: Photonics pass timing v73: group=restir local, passes=[exact local direct], viewport=427x240, megapixels=0.102, cpuInvocations=839, cpuSubmitAvgMs=0.009, cpuSubmitMaxMs=0.021, gpuSamples=209, gpuAvgMs=0.004, gpuMaxMs=0.004, gpuAvgMsPerMP=0.038
[27Jul2026 17:13:16.137] [Render thread/INFO] [Photonics/]: Photonics pass timing v73: group=restir handheld, passes=[handheld], viewport=427x240, megapixels=0.102, cpuInvocations=839, cpuSubmitAvgMs=0.010, cpuSubmitMaxMs=0.049, gpuSamples=209, gpuAvgMs=0.003, gpuMaxMs=0.003, gpuAvgMsPerMP=0.031
[27Jul2026 17:13:16.137] [Render thread/INFO] [Photonics/]: Photonics pass timing v73: group=photonics temporal source, passes=[compose low-resolution lighting], viewport=427x240, megapixels=0.102, cpuInvocations=839, cpuSubmitAvgMs=0.004, cpuSubmitMaxMs=0.015, gpuSamples=209, gpuAvgMs=0.003, gpuMaxMs=0.004, gpuAvgMsPerMP=0.033
[27Jul2026 17:13:16.137] [Render thread/INFO] [Photonics/]: Photonics pass timing v73: group=photonics temporal reconstruction, passes=[reconstruct lighting], viewport=854x480, megapixels=0.410, cpuInvocations=839, cpuSubmitAvgMs=0.009, cpuSubmitMaxMs=0.022, gpuSamples=209, gpuAvgMs=0.073, gpuMaxMs=0.078, gpuAvgMsPerMP=0.179
[27Jul2026 17:13:16.150] [Render thread/INFO] [Photonics/]: Photonics pass timing v73: group=frag data, passes=[frag data], viewport=427x240, megapixels=0.102, cpuInvocations=839, cpuSubmitAvgMs=0.022, cpuSubmitMaxMs=0.068, gpuSamples=210, gpuAvgMs=0.010, gpuMaxMs=0.028, gpuAvgMsPerMP=0.100
[27Jul2026 17:13:16.150] [Render thread/INFO] [Photonics/]: Photonics frame throughput v78: viewport=427x240, windowSeconds=5.006, renderedFrames=839, fps=167.603, frameAvgMs=5.966
[27Jul2026 17:13:17.189] [Render thread/INFO] [Photonics/]: Photonics direct reservoir sample v64: samples=209, populated=114, emptyOrBackground=13, visibilityRejected=35, invalid=47, overLegacyCap=0, overTemporalCap=0, totalSamplesRange=0.0..128.0, viewport=427x240
[27Jul2026 17:13:17.596] [Render thread/INFO] [Photonics/]: Photonics world tracing v72: revision=279, settled=false, compiledSections=5180, trackedSections=5180, batchBuilt=1, batchUnloaded=0, pendingBuilds=0, pendingUnloads=0, ready=true, depth=6, blockBounds=( 3.200E+1  1.280E+2  6.400E+1)..( 4.640E+2  3.040E+2  4.960E+2), treeBounds=( 0.000E+0  0.000E+0  0.000E+0)..( 1.024E+3  1.024E+3  1.024E+3), origin=(-1.920E+2 -1.920E+2 -1.280E+2), boundsSource=compiled, compileMs=116.318
[27Jul2026 17:13:18.824] [Render thread/INFO] [Photonics/]: Photonics pass timing v73: group=svgf atrous, passes=[atrous iteration], viewport=427x240, megapixels=0.102, cpuInvocations=4210, cpuSubmitAvgMs=0.003, cpuSubmitMaxMs=0.057, gpuSamples=1053, gpuAvgMs=0.021, gpuMaxMs=0.065, gpuAvgMsPerMP=0.206
[27Jul2026 17:13:19.597] [Render thread/INFO] [Photonics/]: Photonics world tracing v72: revision=279, settled=true, compiledSections=5180, trackedSections=5180, batchBuilt=1, batchUnloaded=0, pendingBuilds=0, pendingUnloads=0, ready=true, depth=6, blockBounds=( 3.200E+1  1.280E+2  6.400E+1)..( 4.640E+2  3.040E+2  4.960E+2), treeBounds=( 0.000E+0  0.000E+0  0.000E+0)..( 1.024E+3  1.024E+3  1.024E+3), origin=(-1.920E+2 -1.920E+2 -1.280E+2), boundsSource=compiled, compileMs=116.318
[27Jul2026 17:13:19.597] [Render thread/INFO] [Photonics/]: Photonics memory v72: jvmHeap={usedBytes=3099608896, committedBytes=5146411008, maxBytes=8589934592}, jvmGc={collections=211, timeMs=2136}, worldHeap=GpuBufferHeapStats[capacityBytes=536870912, reservedBytes=420095956, liveBytes=420094036, peakLiveBytes=420094420, reusableBytes=1920, allocations=860791, reusedAllocations=5332, frees=5341, failedAllocations=0], paletteHeap=GpuBufferHeapStats[capacityBytes=201326592, reservedBytes=45728832, liveBytes=45728832, peakLiveBytes=45728832, reusableBytes=0, allocations=482689, reusedAllocations=6347, frees=6347, failedAllocations=0], registries={lights=Stats[cachedObjects=9, pendingFreeObjects=0, allocatedObjects=9, failedAllocations=0], palettes=Stats[cachedObjects=476342, pendingFreeObjects=0, allocatedObjects=482689, failedAllocations=0], blocks=Stats[cachedObjects=544565, pendingFreeObjects=0, allocatedObjects=547336, failedAllocations=0], models=Stats[cachedObjects=13010, pendingFreeObjects=0, allocatedObjects=13059, failedAllocations=0]}
[27Jul2026 17:13:21.137] [Render thread/INFO] [Photonics/]: Photonics pass timing v73: group=restir direct, passes=[initial direct + visibility], viewport=427x240, megapixels=0.102, cpuInvocations=886, cpuSubmitAvgMs=0.017, cpuSubmitMaxMs=0.047, gpuSamples=222, gpuAvgMs=0.206, gpuMaxMs=0.266, gpuAvgMsPerMP=2.010
[27Jul2026 17:13:21.137] [Render thread/INFO] [Photonics/]: Photonics pass timing v73: group=restir gi initial, passes=[initial indirect], viewport=427x240, megapixels=0.102, cpuInvocations=886, cpuSubmitAvgMs=0.009, cpuSubmitMaxMs=0.181, gpuSamples=222, gpuAvgMs=0.246, gpuMaxMs=0.300, gpuAvgMsPerMP=2.402
[27Jul2026 17:13:21.137] [Render thread/INFO] [Photonics/]: Photonics pass timing v73: group=restir temporal, passes=[temporal reuse + tri-state GI classification], viewport=427x240, megapixels=0.102, cpuInvocations=886, cpuSubmitAvgMs=0.009, cpuSubmitMaxMs=0.024, gpuSamples=222, gpuAvgMs=0.268, gpuMaxMs=0.337, gpuAvgMsPerMP=2.619
[27Jul2026 17:13:21.137] [Render thread/INFO] [Photonics/]: Photonics pass timing v73: group=restir spatial copy, passes=[copy spatial input], viewport=427x240, megapixels=0.102, cpuInvocations=886, cpuSubmitAvgMs=0.009, cpuSubmitMaxMs=0.028, gpuSamples=222, gpuAvgMs=0.013, gpuMaxMs=0.035, gpuAvgMsPerMP=0.130
[27Jul2026 17:13:21.137] [Render thread/INFO] [Photonics/]: Photonics pass timing v73: group=restir spatial, passes=[spatial reuse/clamp + tri-state GI classification], viewport=427x240, megapixels=0.102, cpuInvocations=886, cpuSubmitAvgMs=0.007, cpuSubmitMaxMs=0.017, gpuSamples=222, gpuAvgMs=0.208, gpuMaxMs=0.266, gpuAvgMsPerMP=2.029
[27Jul2026 17:13:21.137] [Render thread/INFO] [Photonics/]: Photonics pass timing v73: group=restir diffuse, passes=[diffuse], viewport=427x240, megapixels=0.102, cpuInvocations=886, cpuSubmitAvgMs=0.009, cpuSubmitMaxMs=0.045, gpuSamples=222, gpuAvgMs=0.293, gpuMaxMs=0.375, gpuAvgMsPerMP=2.859
[27Jul2026 17:13:21.137] [Render thread/INFO] [Photonics/]: Photonics pass timing v73: group=restir accumulation, passes=[accumulation], viewport=427x240, megapixels=0.102, cpuInvocations=886, cpuSubmitAvgMs=0.010, cpuSubmitMaxMs=0.034, gpuSamples=222, gpuAvgMs=0.027, gpuMaxMs=0.028, gpuAvgMsPerMP=0.260
[27Jul2026 17:13:21.137] [Render thread/INFO] [Photonics/]: Photonics pass timing v73: group=svgf variance, passes=[variance prefilter], viewport=427x240, megapixels=0.102, cpuInvocations=886, cpuSubmitAvgMs=0.007, cpuSubmitMaxMs=0.181, gpuSamples=222, gpuAvgMs=0.033, gpuMaxMs=0.034, gpuAvgMsPerMP=0.324
[27Jul2026 17:13:21.137] [Render thread/INFO] [Photonics/]: Photonics pass timing v73: group=restir local, passes=[exact local direct], viewport=427x240, megapixels=0.102, cpuInvocations=886, cpuSubmitAvgMs=0.009, cpuSubmitMaxMs=0.038, gpuSamples=222, gpuAvgMs=0.004, gpuMaxMs=0.004, gpuAvgMsPerMP=0.039
[27Jul2026 17:13:21.137] [Render thread/INFO] [Photonics/]: Photonics pass timing v73: group=restir handheld, passes=[handheld], viewport=427x240, megapixels=0.102, cpuInvocations=886, cpuSubmitAvgMs=0.009, cpuSubmitMaxMs=0.047, gpuSamples=222, gpuAvgMs=0.003, gpuMaxMs=0.003, gpuAvgMsPerMP=0.031
[27Jul2026 17:13:21.137] [Render thread/INFO] [Photonics/]: Photonics pass timing v73: group=photonics temporal source, passes=[compose low-resolution lighting], viewport=427x240, megapixels=0.102, cpuInvocations=886, cpuSubmitAvgMs=0.004, cpuSubmitMaxMs=0.011, gpuSamples=222, gpuAvgMs=0.003, gpuMaxMs=0.006, gpuAvgMsPerMP=0.034
[27Jul2026 17:13:21.137] [Render thread/INFO] [Photonics/]: Photonics pass timing v73: group=photonics temporal reconstruction, passes=[reconstruct lighting], viewport=854x480, megapixels=0.410, cpuInvocations=886, cpuSubmitAvgMs=0.008, cpuSubmitMaxMs=0.021, gpuSamples=222, gpuAvgMs=0.073, gpuMaxMs=0.077, gpuAvgMsPerMP=0.179
[27Jul2026 17:13:21.153] [Render thread/INFO] [Photonics/]: Photonics pass timing v73: group=frag data, passes=[frag data], viewport=427x240, megapixels=0.102, cpuInvocations=887, cpuSubmitAvgMs=0.020, cpuSubmitMaxMs=0.249, gpuSamples=222, gpuAvgMs=0.010, gpuMaxMs=0.013, gpuAvgMsPerMP=0.102
[27Jul2026 17:13:21.153] [Render thread/INFO] [Photonics/]: Photonics frame throughput v78: viewport=427x240, windowSeconds=5.003, renderedFrames=887, fps=177.289, frameAvgMs=5.640
[27Jul2026 17:13:21.655] [Render thread/INFO] [Photonics/]: Photonics world tracing v72: revision=280, settled=false, compiledSections=5180, trackedSections=5180, batchBuilt=1, batchUnloaded=0, pendingBuilds=0, pendingUnloads=0, ready=true, depth=6, blockBounds=( 3.200E+1  1.280E+2  6.400E+1)..( 4.640E+2  3.040E+2  4.960E+2), treeBounds=( 0.000E+0  0.000E+0  0.000E+0)..( 1.024E+3  1.024E+3  1.024E+3), origin=(-1.920E+2 -1.920E+2 -1.280E+2), boundsSource=compiled, compileMs=128.566
[27Jul2026 17:13:22.190] [Render thread/INFO] [Photonics/]: Photonics direct reservoir sample v64: samples=211, populated=107, emptyOrBackground=12, visibilityRejected=46, invalid=46, overLegacyCap=0, overTemporalCap=0, totalSamplesRange=0.0..128.0, viewport=427x240
[27Jul2026 17:13:23.657] [Render thread/INFO] [Photonics/]: Photonics world tracing v72: revision=280, settled=true, compiledSections=5180, trackedSections=5180, batchBuilt=1, batchUnloaded=0, pendingBuilds=0, pendingUnloads=0, ready=true, depth=6, blockBounds=( 3.200E+1  1.280E+2  6.400E+1)..( 4.640E+2  3.040E+2  4.960E+2), treeBounds=( 0.000E+0  0.000E+0  0.000E+0)..( 1.024E+3  1.024E+3  1.024E+3), origin=(-1.920E+2 -1.920E+2 -1.280E+2), boundsSource=compiled, compileMs=128.566
[27Jul2026 17:13:23.657] [Render thread/INFO] [Photonics/]: Photonics memory v72: jvmHeap={usedBytes=3474095720, committedBytes=5146411008, maxBytes=8589934592}, jvmGc={collections=216, timeMs=2169}, worldHeap=GpuBufferHeapStats[capacityBytes=536870912, reservedBytes=420095956, liveBytes=420094036, peakLiveBytes=420094420, reusableBytes=1920, allocations=860791, reusedAllocations=5332, frees=5341, failedAllocations=0], paletteHeap=GpuBufferHeapStats[capacityBytes=201326592, reservedBytes=45728832, liveBytes=45728832, peakLiveBytes=45728832, reusableBytes=0, allocations=482689, reusedAllocations=6347, frees=6347, failedAllocations=0], registries={lights=Stats[cachedObjects=9, pendingFreeObjects=0, allocatedObjects=9, failedAllocations=0], palettes=Stats[cachedObjects=476342, pendingFreeObjects=0, allocatedObjects=482689, failedAllocations=0], blocks=Stats[cachedObjects=544565, pendingFreeObjects=0, allocatedObjects=547336, failedAllocations=0], models=Stats[cachedObjects=13010, pendingFreeObjects=0, allocatedObjects=13059, failedAllocations=0]}
[27Jul2026 17:13:23.828] [Render thread/INFO] [Photonics/]: Photonics pass timing v73: group=svgf atrous, passes=[atrous iteration], viewport=427x240, megapixels=0.102, cpuInvocations=4400, cpuSubmitAvgMs=0.003, cpuSubmitMaxMs=0.037, gpuSamples=1100, gpuAvgMs=0.021, gpuMaxMs=0.057, gpuAvgMsPerMP=0.206
[27Jul2026 17:13:26.141] [Render thread/INFO] [Photonics/]: Photonics pass timing v73: group=restir direct, passes=[initial direct + visibility], viewport=427x240, megapixels=0.102, cpuInvocations=845, cpuSubmitAvgMs=0.018, cpuSubmitMaxMs=0.059, gpuSamples=211, gpuAvgMs=0.205, gpuMaxMs=0.246, gpuAvgMsPerMP=2.003
[27Jul2026 17:13:26.141] [Render thread/INFO] [Photonics/]: Photonics pass timing v73: group=restir gi initial, passes=[initial indirect], viewport=427x240, megapixels=0.102, cpuInvocations=845, cpuSubmitAvgMs=0.009, cpuSubmitMaxMs=0.031, gpuSamples=211, gpuAvgMs=0.246, gpuMaxMs=0.319, gpuAvgMsPerMP=2.404
[27Jul2026 17:13:26.141] [Render thread/INFO] [Photonics/]: Photonics pass timing v73: group=restir temporal, passes=[temporal reuse + tri-state GI classification], viewport=427x240, megapixels=0.102, cpuInvocations=845, cpuSubmitAvgMs=0.010, cpuSubmitMaxMs=0.024, gpuSamples=211, gpuAvgMs=0.259, gpuMaxMs=0.343, gpuAvgMsPerMP=2.529
[27Jul2026 17:13:26.141] [Render thread/INFO] [Photonics/]: Photonics pass timing v73: group=restir spatial copy, passes=[copy spatial input], viewport=427x240, megapixels=0.102, cpuInvocations=845, cpuSubmitAvgMs=0.009, cpuSubmitMaxMs=0.031, gpuSamples=211, gpuAvgMs=0.013, gpuMaxMs=0.014, gpuAvgMsPerMP=0.127
[27Jul2026 17:13:26.141] [Render thread/INFO] [Photonics/]: Photonics pass timing v73: group=restir spatial, passes=[spatial reuse/clamp + tri-state GI classification], viewport=427x240, megapixels=0.102, cpuInvocations=845, cpuSubmitAvgMs=0.007, cpuSubmitMaxMs=0.034, gpuSamples=211, gpuAvgMs=0.199, gpuMaxMs=0.293, gpuAvgMsPerMP=1.945
[27Jul2026 17:13:26.141] [Render thread/INFO] [Photonics/]: Photonics pass timing v73: group=restir diffuse, passes=[diffuse], viewport=427x240, megapixels=0.102, cpuInvocations=845, cpuSubmitAvgMs=0.010, cpuSubmitMaxMs=0.029, gpuSamples=211, gpuAvgMs=0.283, gpuMaxMs=0.365, gpuAvgMsPerMP=2.761
[27Jul2026 17:13:26.141] [Render thread/INFO] [Photonics/]: Photonics pass timing v73: group=restir accumulation, passes=[accumulation], viewport=427x240, megapixels=0.102, cpuInvocations=845, cpuSubmitAvgMs=0.011, cpuSubmitMaxMs=0.041, gpuSamples=211, gpuAvgMs=0.027, gpuMaxMs=0.067, gpuAvgMsPerMP=0.264
[27Jul2026 17:13:26.141] [Render thread/INFO] [Photonics/]: Photonics pass timing v73: group=svgf variance, passes=[variance prefilter], viewport=427x240, megapixels=0.102, cpuInvocations=845, cpuSubmitAvgMs=0.007, cpuSubmitMaxMs=0.030, gpuSamples=211, gpuAvgMs=0.033, gpuMaxMs=0.035, gpuAvgMsPerMP=0.325
[27Jul2026 17:13:26.141] [Render thread/INFO] [Photonics/]: Photonics pass timing v73: group=restir local, passes=[exact local direct], viewport=427x240, megapixels=0.102, cpuInvocations=845, cpuSubmitAvgMs=0.009, cpuSubmitMaxMs=0.026, gpuSamples=211, gpuAvgMs=0.004, gpuMaxMs=0.006, gpuAvgMsPerMP=0.040
[27Jul2026 17:13:26.141] [Render thread/INFO] [Photonics/]: Photonics pass timing v73: group=restir handheld, passes=[handheld], viewport=427x240, megapixels=0.102, cpuInvocations=845, cpuSubmitAvgMs=0.009, cpuSubmitMaxMs=0.030, gpuSamples=211, gpuAvgMs=0.003, gpuMaxMs=0.003, gpuAvgMsPerMP=0.031
[27Jul2026 17:13:26.141] [Render thread/INFO] [Photonics/]: Photonics pass timing v73: group=photonics temporal source, passes=[compose low-resolution lighting], viewport=427x240, megapixels=0.102, cpuInvocations=845, cpuSubmitAvgMs=0.004, cpuSubmitMaxMs=0.012, gpuSamples=211, gpuAvgMs=0.003, gpuMaxMs=0.006, gpuAvgMsPerMP=0.034
[27Jul2026 17:13:26.142] [Render thread/INFO] [Photonics/]: Photonics pass timing v73: group=photonics temporal reconstruction, passes=[reconstruct lighting], viewport=854x480, megapixels=0.410, cpuInvocations=845, cpuSubmitAvgMs=0.009, cpuSubmitMaxMs=0.020, gpuSamples=211, gpuAvgMs=0.074, gpuMaxMs=0.076, gpuAvgMsPerMP=0.180
[27Jul2026 17:13:26.153] [Render thread/INFO] [Photonics/]: Photonics pass timing v73: group=frag data, passes=[frag data], viewport=427x240, megapixels=0.102, cpuInvocations=844, cpuSubmitAvgMs=0.021, cpuSubmitMaxMs=0.096, gpuSamples=211, gpuAvgMs=0.010, gpuMaxMs=0.013, gpuAvgMsPerMP=0.102
[27Jul2026 17:13:26.154] [Render thread/INFO] [Photonics/]: Photonics frame throughput v78: viewport=427x240, windowSeconds=5.000, renderedFrames=844, fps=168.789, frameAvgMs=5.925
[27Jul2026 17:13:26.165] [Render thread/INFO] [Photonics/]: Photonics world tracing v72: revision=281, settled=false, compiledSections=5180, trackedSections=5180, batchBuilt=1, batchUnloaded=0, pendingBuilds=0, pendingUnloads=0, ready=true, depth=6, blockBounds=( 3.200E+1  1.280E+2  6.400E+1)..( 4.640E+2  3.040E+2  4.960E+2), treeBounds=( 0.000E+0  0.000E+0  0.000E+0)..( 1.024E+3  1.024E+3  1.024E+3), origin=(-1.920E+2 -1.920E+2 -1.280E+2), boundsSource=compiled, compileMs=123.002
[27Jul2026 17:13:27.191] [Render thread/INFO] [Photonics/]: Photonics direct reservoir sample v64: samples=217, populated=109, emptyOrBackground=9, visibilityRejected=52, invalid=47, overLegacyCap=0, overTemporalCap=0, totalSamplesRange=0.0..128.0, viewport=427x240
[27Jul2026 17:13:27.546] [Render thread/INFO] [Photonics/]: Photonics world tracing v72: revision=282, settled=false, compiledSections=5180, trackedSections=5180, batchBuilt=1, batchUnloaded=0, pendingBuilds=0, pendingUnloads=0, ready=true, depth=6, blockBounds=( 3.200E+1  1.280E+2  6.400E+1)..( 4.640E+2  3.040E+2  4.960E+2), treeBounds=( 0.000E+0  0.000E+0  0.000E+0)..( 1.024E+3  1.024E+3  1.024E+3), origin=(-1.920E+2 -1.920E+2 -1.280E+2), boundsSource=compiled, compileMs=120.197
[27Jul2026 17:13:28.831] [Render thread/INFO] [Photonics/]: Photonics pass timing v73: group=svgf atrous, passes=[atrous iteration], viewport=427x240, megapixels=0.102, cpuInvocations=4405, cpuSubmitAvgMs=0.003, cpuSubmitMaxMs=0.018, gpuSamples=1101, gpuAvgMs=0.021, gpuMaxMs=0.024, gpuAvgMsPerMP=0.208
[27Jul2026 17:13:29.548] [Render thread/INFO] [Photonics/]: Photonics world tracing v72: revision=282, settled=true, compiledSections=5180, trackedSections=5180, batchBuilt=1, batchUnloaded=0, pendingBuilds=0, pendingUnloads=0, ready=true, depth=6, blockBounds=( 3.200E+1  1.280E+2  6.400E+1)..( 4.640E+2  3.040E+2  4.960E+2), treeBounds=( 0.000E+0  0.000E+0  0.000E+0)..( 1.024E+3  1.024E+3  1.024E+3), origin=(-1.920E+2 -1.920E+2 -1.280E+2), boundsSource=compiled, compileMs=120.197
[27Jul2026 17:13:29.548] [Render thread/INFO] [Photonics/]: Photonics memory v72: jvmHeap={usedBytes=4555854240, committedBytes=5146411008, maxBytes=8589934592}, jvmGc={collections=222, timeMs=2214}, worldHeap=GpuBufferHeapStats[capacityBytes=536870912, reservedBytes=420095956, liveBytes=420094036, peakLiveBytes=420094420, reusableBytes=1920, allocations=860791, reusedAllocations=5332, frees=5341, failedAllocations=0], paletteHeap=GpuBufferHeapStats[capacityBytes=201326592, reservedBytes=45728832, liveBytes=45728832, peakLiveBytes=45728832, reusableBytes=0, allocations=482689, reusedAllocations=6347, frees=6347, failedAllocations=0], registries={lights=Stats[cachedObjects=9, pendingFreeObjects=0, allocatedObjects=9, failedAllocations=0], palettes=Stats[cachedObjects=476342, pendingFreeObjects=0, allocatedObjects=482689, failedAllocations=0], blocks=Stats[cachedObjects=544565, pendingFreeObjects=0, allocatedObjects=547336, failedAllocations=0], models=Stats[cachedObjects=13010, pendingFreeObjects=0, allocatedObjects=13059, failedAllocations=0]}
[27Jul2026 17:13:31.145] [Render thread/INFO] [Photonics/]: Photonics pass timing v73: group=restir direct, passes=[initial direct + visibility], viewport=427x240, megapixels=0.102, cpuInvocations=883, cpuSubmitAvgMs=0.017, cpuSubmitMaxMs=0.106, gpuSamples=221, gpuAvgMs=0.205, gpuMaxMs=0.246, gpuAvgMsPerMP=1.996
[27Jul2026 17:13:31.146] [Render thread/INFO] [Photonics/]: Photonics pass timing v73: group=restir gi initial, passes=[initial indirect], viewport=427x240, megapixels=0.102, cpuInvocations=883, cpuSubmitAvgMs=0.009, cpuSubmitMaxMs=0.059, gpuSamples=221, gpuAvgMs=0.246, gpuMaxMs=0.291, gpuAvgMsPerMP=2.399
[27Jul2026 17:13:31.146] [Render thread/INFO] [Photonics/]: Photonics pass timing v73: group=restir temporal, passes=[temporal reuse + tri-state GI classification], viewport=427x240, megapixels=0.102, cpuInvocations=883, cpuSubmitAvgMs=0.009, cpuSubmitMaxMs=0.025, gpuSamples=221, gpuAvgMs=0.259, gpuMaxMs=0.326, gpuAvgMsPerMP=2.528
[27Jul2026 17:13:31.146] [Render thread/INFO] [Photonics/]: Photonics pass timing v73: group=restir spatial copy, passes=[copy spatial input], viewport=427x240, megapixels=0.102, cpuInvocations=883, cpuSubmitAvgMs=0.008, cpuSubmitMaxMs=0.037, gpuSamples=221, gpuAvgMs=0.013, gpuMaxMs=0.014, gpuAvgMsPerMP=0.126
[27Jul2026 17:13:31.146] [Render thread/INFO] [Photonics/]: Photonics pass timing v73: group=restir spatial, passes=[spatial reuse/clamp + tri-state GI classification], viewport=427x240, megapixels=0.102, cpuInvocations=883, cpuSubmitAvgMs=0.007, cpuSubmitMaxMs=0.028, gpuSamples=221, gpuAvgMs=0.199, gpuMaxMs=0.264, gpuAvgMsPerMP=1.939
[27Jul2026 17:13:31.146] [Render thread/INFO] [Photonics/]: Photonics pass timing v73: group=restir diffuse, passes=[diffuse], viewport=427x240, megapixels=0.102, cpuInvocations=883, cpuSubmitAvgMs=0.009, cpuSubmitMaxMs=0.026, gpuSamples=221, gpuAvgMs=0.285, gpuMaxMs=0.344, gpuAvgMsPerMP=2.777
[27Jul2026 17:13:31.146] [Render thread/INFO] [Photonics/]: Photonics pass timing v73: group=restir accumulation, passes=[accumulation], viewport=427x240, megapixels=0.102, cpuInvocations=883, cpuSubmitAvgMs=0.010, cpuSubmitMaxMs=0.065, gpuSamples=221, gpuAvgMs=0.027, gpuMaxMs=0.084, gpuAvgMsPerMP=0.268
[27Jul2026 17:13:31.146] [Render thread/INFO] [Photonics/]: Photonics pass timing v73: group=svgf variance, passes=[variance prefilter], viewport=427x240, megapixels=0.102, cpuInvocations=883, cpuSubmitAvgMs=0.006, cpuSubmitMaxMs=0.019, gpuSamples=221, gpuAvgMs=0.033, gpuMaxMs=0.034, gpuAvgMsPerMP=0.326
[27Jul2026 17:13:31.146] [Render thread/INFO] [Photonics/]: Photonics pass timing v73: group=restir local, passes=[exact local direct], viewport=427x240, megapixels=0.102, cpuInvocations=883, cpuSubmitAvgMs=0.009, cpuSubmitMaxMs=0.021, gpuSamples=221, gpuAvgMs=0.004, gpuMaxMs=0.004, gpuAvgMsPerMP=0.038
[27Jul2026 17:13:31.146] [Render thread/INFO] [Photonics/]: Photonics pass timing v73: group=restir handheld, passes=[handheld], viewport=427x240, megapixels=0.102, cpuInvocations=883, cpuSubmitAvgMs=0.009, cpuSubmitMaxMs=0.028, gpuSamples=221, gpuAvgMs=0.003, gpuMaxMs=0.003, gpuAvgMsPerMP=0.031
[27Jul2026 17:13:31.146] [Render thread/INFO] [Photonics/]: Photonics pass timing v73: group=photonics temporal source, passes=[compose low-resolution lighting], viewport=427x240, megapixels=0.102, cpuInvocations=883, cpuSubmitAvgMs=0.004, cpuSubmitMaxMs=0.018, gpuSamples=221, gpuAvgMs=0.003, gpuMaxMs=0.004, gpuAvgMsPerMP=0.034
[27Jul2026 17:13:31.146] [Render thread/INFO] [Photonics/]: Photonics pass timing v73: group=photonics temporal reconstruction, passes=[reconstruct lighting], viewport=854x480, megapixels=0.410, cpuInvocations=883, cpuSubmitAvgMs=0.008, cpuSubmitMaxMs=0.028, gpuSamples=221, gpuAvgMs=0.074, gpuMaxMs=0.076, gpuAvgMsPerMP=0.180
[27Jul2026 17:13:31.155] [Render thread/INFO] [Photonics/]: Photonics pass timing v73: group=frag data, passes=[frag data], viewport=427x240, megapixels=0.102, cpuInvocations=883, cpuSubmitAvgMs=0.020, cpuSubmitMaxMs=0.099, gpuSamples=220, gpuAvgMs=0.010, gpuMaxMs=0.012, gpuAvgMsPerMP=0.100
[27Jul2026 17:13:31.155] [Render thread/INFO] [Photonics/]: Photonics frame throughput v78: viewport=427x240, windowSeconds=5.001, renderedFrames=883, fps=176.555, frameAvgMs=5.664
[27Jul2026 17:13:32.192] [Render thread/INFO] [Photonics/]: Photonics direct reservoir sample v64: samples=229, populated=120, emptyOrBackground=10, visibilityRejected=48, invalid=51, overLegacyCap=0, overTemporalCap=0, totalSamplesRange=0.0..128.0, viewport=427x240
[27Jul2026 17:13:33.832] [Render thread/INFO] [Photonics/]: Photonics pass timing v73: group=svgf atrous, passes=[atrous iteration], viewport=427x240, megapixels=0.102, cpuInvocations=4525, cpuSubmitAvgMs=0.003, cpuSubmitMaxMs=0.042, gpuSamples=1131, gpuAvgMs=0.021, gpuMaxMs=0.052, gpuAvgMsPerMP=0.208
[27Jul2026 17:13:36.151] [Render thread/INFO] [Photonics/]: Photonics pass timing v73: group=restir direct, passes=[initial direct + visibility], viewport=427x240, megapixels=0.102, cpuInvocations=914, cpuSubmitAvgMs=0.016, cpuSubmitMaxMs=0.203, gpuSamples=228, gpuAvgMs=0.205, gpuMaxMs=0.260, gpuAvgMsPerMP=1.998
[27Jul2026 17:13:36.151] [Render thread/INFO] [Photonics/]: Photonics pass timing v73: group=restir gi initial, passes=[initial indirect], viewport=427x240, megapixels=0.102, cpuInvocations=914, cpuSubmitAvgMs=0.009, cpuSubmitMaxMs=0.028, gpuSamples=228, gpuAvgMs=0.246, gpuMaxMs=0.291, gpuAvgMsPerMP=2.400
[27Jul2026 17:13:36.151] [Render thread/INFO] [Photonics/]: Photonics pass timing v73: group=restir temporal, passes=[temporal reuse + tri-state GI classification], viewport=427x240, megapixels=0.102, cpuInvocations=914, cpuSubmitAvgMs=0.009, cpuSubmitMaxMs=0.021, gpuSamples=228, gpuAvgMs=0.274, gpuMaxMs=0.352, gpuAvgMsPerMP=2.671
[27Jul2026 17:13:36.151] [Render thread/INFO] [Photonics/]: Photonics pass timing v73: group=restir spatial copy, passes=[copy spatial input], viewport=427x240, megapixels=0.102, cpuInvocations=914, cpuSubmitAvgMs=0.008, cpuSubmitMaxMs=0.027, gpuSamples=228, gpuAvgMs=0.013, gpuMaxMs=0.030, gpuAvgMsPerMP=0.127
[27Jul2026 17:13:36.151] [Render thread/INFO] [Photonics/]: Photonics pass timing v73: group=restir spatial, passes=[spatial reuse/clamp + tri-state GI classification], viewport=427x240, megapixels=0.102, cpuInvocations=914, cpuSubmitAvgMs=0.007, cpuSubmitMaxMs=0.034, gpuSamples=228, gpuAvgMs=0.204, gpuMaxMs=0.262, gpuAvgMsPerMP=1.988
[27Jul2026 17:13:36.151] [Render thread/INFO] [Photonics/]: Photonics pass timing v73: group=restir diffuse, passes=[diffuse], viewport=427x240, megapixels=0.102, cpuInvocations=914, cpuSubmitAvgMs=0.009, cpuSubmitMaxMs=0.028, gpuSamples=228, gpuAvgMs=0.297, gpuMaxMs=0.360, gpuAvgMsPerMP=2.900
[27Jul2026 17:13:36.151] [Render thread/INFO] [Photonics/]: Photonics pass timing v73: group=restir accumulation, passes=[accumulation], viewport=427x240, megapixels=0.102, cpuInvocations=914, cpuSubmitAvgMs=0.010, cpuSubmitMaxMs=0.028, gpuSamples=228, gpuAvgMs=0.027, gpuMaxMs=0.028, gpuAvgMsPerMP=0.261
[27Jul2026 17:13:36.151] [Render thread/INFO] [Photonics/]: Photonics pass timing v73: group=svgf variance, passes=[variance prefilter], viewport=427x240, megapixels=0.102, cpuInvocations=914, cpuSubmitAvgMs=0.006, cpuSubmitMaxMs=0.021, gpuSamples=228, gpuAvgMs=0.033, gpuMaxMs=0.034, gpuAvgMsPerMP=0.325
[27Jul2026 17:13:36.151] [Render thread/INFO] [Photonics/]: Photonics pass timing v73: group=restir local, passes=[exact local direct], viewport=427x240, megapixels=0.102, cpuInvocations=914, cpuSubmitAvgMs=0.009, cpuSubmitMaxMs=0.035, gpuSamples=228, gpuAvgMs=0.004, gpuMaxMs=0.005, gpuAvgMsPerMP=0.039
[27Jul2026 17:13:36.151] [Render thread/INFO] [Photonics/]: Photonics pass timing v73: group=restir handheld, passes=[handheld], viewport=427x240, megapixels=0.102, cpuInvocations=914, cpuSubmitAvgMs=0.009, cpuSubmitMaxMs=0.065, gpuSamples=228, gpuAvgMs=0.003, gpuMaxMs=0.003, gpuAvgMsPerMP=0.031
[27Jul2026 17:13:36.151] [Render thread/INFO] [Photonics/]: Photonics pass timing v73: group=photonics temporal source, passes=[compose low-resolution lighting], viewport=427x240, megapixels=0.102, cpuInvocations=914, cpuSubmitAvgMs=0.004, cpuSubmitMaxMs=0.020, gpuSamples=228, gpuAvgMs=0.003, gpuMaxMs=0.006, gpuAvgMsPerMP=0.034
[27Jul2026 17:13:36.151] [Render thread/INFO] [Photonics/]: Photonics pass timing v73: group=photonics temporal reconstruction, passes=[reconstruct lighting], viewport=854x480, megapixels=0.410, cpuInvocations=914, cpuSubmitAvgMs=0.008, cpuSubmitMaxMs=0.019, gpuSamples=228, gpuAvgMs=0.074, gpuMaxMs=0.077, gpuAvgMsPerMP=0.180
[27Jul2026 17:13:36.157] [Render thread/INFO] [Photonics/]: Photonics pass timing v73: group=frag data, passes=[frag data], viewport=427x240, megapixels=0.102, cpuInvocations=913, cpuSubmitAvgMs=0.019, cpuSubmitMaxMs=0.057, gpuSamples=229, gpuAvgMs=0.010, gpuMaxMs=0.013, gpuAvgMsPerMP=0.102
[27Jul2026 17:13:36.157] [Render thread/INFO] [Photonics/]: Photonics frame throughput v78: viewport=427x240, windowSeconds=5.002, renderedFrames=913, fps=182.528, frameAvgMs=5.479
[27Jul2026 17:13:36.199] [Render thread/INFO] [Photonics/]: Photonics world tracing v72: revision=283, settled=false, compiledSections=5180, trackedSections=5180, batchBuilt=1, batchUnloaded=0, pendingBuilds=0, pendingUnloads=0, ready=true, depth=6, blockBounds=( 3.200E+1  1.280E+2  6.400E+1)..( 4.640E+2  3.040E+2  4.960E+2), treeBounds=( 0.000E+0  0.000E+0  0.000E+0)..( 1.024E+3  1.024E+3  1.024E+3), origin=(-1.920E+2 -1.920E+2 -1.280E+2), boundsSource=compiled, compileMs=111.566
[27Jul2026 17:13:37.195] [Render thread/INFO] [Photonics/]: Photonics direct reservoir sample v64: samples=222, populated=118, emptyOrBackground=14, visibilityRejected=45, invalid=45, overLegacyCap=0, overTemporalCap=0, totalSamplesRange=0.0..128.0, viewport=427x240
[27Jul2026 17:13:38.200] [Render thread/INFO] [Photonics/]: Photonics world tracing v72: revision=283, settled=true, compiledSections=5180, trackedSections=5180, batchBuilt=1, batchUnloaded=0, pendingBuilds=0, pendingUnloads=0, ready=true, depth=6, blockBounds=( 3.200E+1  1.280E+2  6.400E+1)..( 4.640E+2  3.040E+2  4.960E+2), treeBounds=( 0.000E+0  0.000E+0  0.000E+0)..( 1.024E+3  1.024E+3  1.024E+3), origin=(-1.920E+2 -1.920E+2 -1.280E+2), boundsSource=compiled, compileMs=111.566
[27Jul2026 17:13:38.200] [Render thread/INFO] [Photonics/]: Photonics memory v72: jvmHeap={usedBytes=2986820472, committedBytes=5146411008, maxBytes=8589934592}, jvmGc={collections=233, timeMs=2289}, worldHeap=GpuBufferHeapStats[capacityBytes=536870912, reservedBytes=420095956, liveBytes=420094036, peakLiveBytes=420094420, reusableBytes=1920, allocations=860791, reusedAllocations=5332, frees=5341, failedAllocations=0], paletteHeap=GpuBufferHeapStats[capacityBytes=201326592, reservedBytes=45728832, liveBytes=45728832, peakLiveBytes=45728832, reusableBytes=0, allocations=482689, reusedAllocations=6347, frees=6347, failedAllocations=0], registries={lights=Stats[cachedObjects=9, pendingFreeObjects=0, allocatedObjects=9, failedAllocations=0], palettes=Stats[cachedObjects=476342, pendingFreeObjects=0, allocatedObjects=482689, failedAllocations=0], blocks=Stats[cachedObjects=544565, pendingFreeObjects=0, allocatedObjects=547336, failedAllocations=0], models=Stats[cachedObjects=13010, pendingFreeObjects=0, allocatedObjects=13059, failedAllocations=0]}
[27Jul2026 17:13:38.700] [Render thread/INFO] [Photonics/]: Photonics world tracing v72: revision=284, settled=false, compiledSections=5180, trackedSections=5180, batchBuilt=1, batchUnloaded=0, pendingBuilds=0, pendingUnloads=0, ready=true, depth=6, blockBounds=( 3.200E+1  1.280E+2  6.400E+1)..( 4.640E+2  3.040E+2  4.960E+2), treeBounds=( 0.000E+0  0.000E+0  0.000E+0)..( 1.024E+3  1.024E+3  1.024E+3), origin=(-1.920E+2 -1.920E+2 -1.280E+2), boundsSource=compiled, compileMs=117.109
[27Jul2026 17:13:38.837] [Render thread/INFO] [Photonics/]: Photonics pass timing v73: group=svgf atrous, passes=[atrous iteration], viewport=427x240, megapixels=0.102, cpuInvocations=4280, cpuSubmitAvgMs=0.003, cpuSubmitMaxMs=0.015, gpuSamples=1070, gpuAvgMs=0.021, gpuMaxMs=0.049, gpuAvgMsPerMP=0.208
[27Jul2026 17:13:40.955] [Render thread/INFO] [Photonics/]: Photonics world tracing v72: revision=285, settled=true, compiledSections=5180, trackedSections=5180, batchBuilt=1, batchUnloaded=0, pendingBuilds=0, pendingUnloads=0, ready=true, depth=6, blockBounds=( 3.200E+1  1.280E+2  6.400E+1)..( 4.640E+2  3.040E+2  4.960E+2), treeBounds=( 0.000E+0  0.000E+0  0.000E+0)..( 1.024E+3  1.024E+3  1.024E+3), origin=(-1.920E+2 -1.920E+2 -1.280E+2), boundsSource=compiled, compileMs=121.375
[27Jul2026 17:13:40.955] [Render thread/INFO] [Photonics/]: Photonics memory v72: jvmHeap={usedBytes=3127296768, committedBytes=5146411008, maxBytes=8589934592}, jvmGc={collections=237, timeMs=2316}, worldHeap=GpuBufferHeapStats[capacityBytes=536870912, reservedBytes=420095956, liveBytes=420094036, peakLiveBytes=420094420, reusableBytes=1920, allocations=860791, reusedAllocations=5332, frees=5341, failedAllocations=0], paletteHeap=GpuBufferHeapStats[capacityBytes=201326592, reservedBytes=45728832, liveBytes=45728832, peakLiveBytes=45728832, reusableBytes=0, allocations=482689, reusedAllocations=6347, frees=6347, failedAllocations=0], registries={lights=Stats[cachedObjects=9, pendingFreeObjects=0, allocatedObjects=9, failedAllocations=0], palettes=Stats[cachedObjects=476342, pendingFreeObjects=0, allocatedObjects=482689, failedAllocations=0], blocks=Stats[cachedObjects=544565, pendingFreeObjects=0, allocatedObjects=547336, failedAllocations=0], models=Stats[cachedObjects=13010, pendingFreeObjects=0, allocatedObjects=13059, failedAllocations=0]}
[27Jul2026 17:13:41.151] [Render thread/INFO] [Photonics/]: Photonics pass timing v73: group=restir direct, passes=[initial direct + visibility], viewport=427x240, megapixels=0.102, cpuInvocations=858, cpuSubmitAvgMs=0.018, cpuSubmitMaxMs=0.045, gpuSamples=215, gpuAvgMs=0.207, gpuMaxMs=0.270, gpuAvgMsPerMP=2.017
[27Jul2026 17:13:41.151] [Render thread/INFO] [Photonics/]: Photonics pass timing v73: group=restir gi initial, passes=[initial indirect], viewport=427x240, megapixels=0.102, cpuInvocations=858, cpuSubmitAvgMs=0.009, cpuSubmitMaxMs=0.036, gpuSamples=215, gpuAvgMs=0.248, gpuMaxMs=0.320, gpuAvgMsPerMP=2.423
[27Jul2026 17:13:41.151] [Render thread/INFO] [Photonics/]: Photonics pass timing v73: group=restir temporal, passes=[temporal reuse + tri-state GI classification], viewport=427x240, megapixels=0.102, cpuInvocations=858, cpuSubmitAvgMs=0.009, cpuSubmitMaxMs=0.050, gpuSamples=215, gpuAvgMs=0.266, gpuMaxMs=0.325, gpuAvgMsPerMP=2.600
[27Jul2026 17:13:41.151] [Render thread/INFO] [Photonics/]: Photonics pass timing v73: group=restir spatial copy, passes=[copy spatial input], viewport=427x240, megapixels=0.102, cpuInvocations=858, cpuSubmitAvgMs=0.009, cpuSubmitMaxMs=0.029, gpuSamples=215, gpuAvgMs=0.013, gpuMaxMs=0.014, gpuAvgMsPerMP=0.126
[27Jul2026 17:13:41.151] [Render thread/INFO] [Photonics/]: Photonics pass timing v73: group=restir spatial, passes=[spatial reuse/clamp + tri-state GI classification], viewport=427x240, megapixels=0.102, cpuInvocations=858, cpuSubmitAvgMs=0.007, cpuSubmitMaxMs=0.024, gpuSamples=215, gpuAvgMs=0.202, gpuMaxMs=0.276, gpuAvgMsPerMP=1.967
[27Jul2026 17:13:41.151] [Render thread/INFO] [Photonics/]: Photonics pass timing v73: group=restir diffuse, passes=[diffuse], viewport=427x240, megapixels=0.102, cpuInvocations=858, cpuSubmitAvgMs=0.010, cpuSubmitMaxMs=0.028, gpuSamples=215, gpuAvgMs=0.288, gpuMaxMs=0.339, gpuAvgMsPerMP=2.810
[27Jul2026 17:13:41.151] [Render thread/INFO] [Photonics/]: Photonics pass timing v73: group=restir accumulation, passes=[accumulation], viewport=427x240, megapixels=0.102, cpuInvocations=858, cpuSubmitAvgMs=0.010, cpuSubmitMaxMs=0.029, gpuSamples=215, gpuAvgMs=0.027, gpuMaxMs=0.034, gpuAvgMsPerMP=0.262
[27Jul2026 17:13:41.151] [Render thread/INFO] [Photonics/]: Photonics pass timing v73: group=svgf variance, passes=[variance prefilter], viewport=427x240, megapixels=0.102, cpuInvocations=858, cpuSubmitAvgMs=0.007, cpuSubmitMaxMs=0.022, gpuSamples=215, gpuAvgMs=0.033, gpuMaxMs=0.035, gpuAvgMsPerMP=0.326
[27Jul2026 17:13:41.151] [Render thread/INFO] [Photonics/]: Photonics pass timing v73: group=restir local, passes=[exact local direct], viewport=427x240, megapixels=0.102, cpuInvocations=858, cpuSubmitAvgMs=0.009, cpuSubmitMaxMs=0.036, gpuSamples=215, gpuAvgMs=0.004, gpuMaxMs=0.005, gpuAvgMsPerMP=0.039
[27Jul2026 17:13:41.151] [Render thread/INFO] [Photonics/]: Photonics pass timing v73: group=restir handheld, passes=[handheld], viewport=427x240, megapixels=0.102, cpuInvocations=858, cpuSubmitAvgMs=0.009, cpuSubmitMaxMs=0.166, gpuSamples=215, gpuAvgMs=0.003, gpuMaxMs=0.003, gpuAvgMsPerMP=0.031
[27Jul2026 17:13:41.151] [Render thread/INFO] [Photonics/]: Photonics pass timing v73: group=photonics temporal source, passes=[compose low-resolution lighting], viewport=427x240, megapixels=0.102, cpuInvocations=858, cpuSubmitAvgMs=0.004, cpuSubmitMaxMs=0.024, gpuSamples=215, gpuAvgMs=0.004, gpuMaxMs=0.004, gpuAvgMsPerMP=0.034
[27Jul2026 17:13:41.151] [Render thread/INFO] [Photonics/]: Photonics pass timing v73: group=photonics temporal reconstruction, passes=[reconstruct lighting], viewport=854x480, megapixels=0.410, cpuInvocations=858, cpuSubmitAvgMs=0.009, cpuSubmitMaxMs=0.020, gpuSamples=215, gpuAvgMs=0.074, gpuMaxMs=0.078, gpuAvgMsPerMP=0.181
[27Jul2026 17:13:41.162] [Render thread/INFO] [Photonics/]: Photonics pass timing v73: group=frag data, passes=[frag data], viewport=427x240, megapixels=0.102, cpuInvocations=859, cpuSubmitAvgMs=0.021, cpuSubmitMaxMs=0.086, gpuSamples=214, gpuAvgMs=0.011, gpuMaxMs=0.025, gpuAvgMsPerMP=0.103
[27Jul2026 17:13:41.162] [Render thread/INFO] [Photonics/]: Photonics frame throughput v78: viewport=427x240, windowSeconds=5.005, renderedFrames=859, fps=171.620, frameAvgMs=5.827
[27Jul2026 17:13:42.196] [Render thread/INFO] [Photonics/]: Photonics direct reservoir sample v64: samples=217, populated=113, emptyOrBackground=12, visibilityRejected=42, invalid=50, overLegacyCap=0, overTemporalCap=0, totalSamplesRange=0.0..128.0, viewport=427x240
[27Jul2026 17:13:43.748] [Render thread/INFO] [Photonics/]: Photonics world tracing v72: revision=286, settled=false, compiledSections=5180, trackedSections=5180, batchBuilt=1, batchUnloaded=0, pendingBuilds=0, pendingUnloads=0, ready=true, depth=6, blockBounds=( 3.200E+1  1.280E+2  6.400E+1)..( 4.640E+2  3.040E+2  4.960E+2), treeBounds=( 0.000E+0  0.000E+0  0.000E+0)..( 1.024E+3  1.024E+3  1.024E+3), origin=(-1.920E+2 -1.920E+2 -1.280E+2), boundsSource=compiled, compileMs=113.886
[27Jul2026 17:13:43.840] [Render thread/INFO] [Photonics/]: Photonics pass timing v73: group=svgf atrous, passes=[atrous iteration], viewport=427x240, megapixels=0.102, cpuInvocations=4435, cpuSubmitAvgMs=0.003, cpuSubmitMaxMs=0.063, gpuSamples=1109, gpuAvgMs=0.021, gpuMaxMs=0.057, gpuAvgMsPerMP=0.209
[27Jul2026 17:13:44.893] [Render thread/INFO] [Photonics/]: Photonics world tracing v72: revision=287, settled=false, compiledSections=5180, trackedSections=5180, batchBuilt=1, batchUnloaded=0, pendingBuilds=0, pendingUnloads=0, ready=true, depth=6, blockBounds=( 3.200E+1  1.280E+2  6.400E+1)..( 4.640E+2  3.040E+2  4.960E+2), treeBounds=( 0.000E+0  0.000E+0  0.000E+0)..( 1.024E+3  1.024E+3  1.024E+3), origin=(-1.920E+2 -1.920E+2 -1.280E+2), boundsSource=compiled, compileMs=114.444
[27Jul2026 17:13:46.155] [Render thread/INFO] [Photonics/]: Photonics pass timing v73: group=restir direct, passes=[initial direct + visibility], viewport=427x240, megapixels=0.102, cpuInvocations=921, cpuSubmitAvgMs=0.016, cpuSubmitMaxMs=0.187, gpuSamples=230, gpuAvgMs=0.205, gpuMaxMs=0.249, gpuAvgMsPerMP=2.002
[27Jul2026 17:13:46.155] [Render thread/INFO] [Photonics/]: Photonics pass timing v73: group=restir gi initial, passes=[initial indirect], viewport=427x240, megapixels=0.102, cpuInvocations=921, cpuSubmitAvgMs=0.008, cpuSubmitMaxMs=0.028, gpuSamples=230, gpuAvgMs=0.248, gpuMaxMs=0.288, gpuAvgMsPerMP=2.424
[27Jul2026 17:13:46.155] [Render thread/INFO] [Photonics/]: Photonics pass timing v73: group=restir temporal, passes=[temporal reuse + tri-state GI classification], viewport=427x240, megapixels=0.102, cpuInvocations=921, cpuSubmitAvgMs=0.009, cpuSubmitMaxMs=0.022, gpuSamples=230, gpuAvgMs=0.267, gpuMaxMs=0.329, gpuAvgMsPerMP=2.603
[27Jul2026 17:13:46.155] [Render thread/INFO] [Photonics/]: Photonics pass timing v73: group=restir spatial copy, passes=[copy spatial input], viewport=427x240, megapixels=0.102, cpuInvocations=921, cpuSubmitAvgMs=0.008, cpuSubmitMaxMs=0.059, gpuSamples=230, gpuAvgMs=0.013, gpuMaxMs=0.034, gpuAvgMsPerMP=0.127
[27Jul2026 17:13:46.155] [Render thread/INFO] [Photonics/]: Photonics pass timing v73: group=restir spatial, passes=[spatial reuse/clamp + tri-state GI classification], viewport=427x240, megapixels=0.102, cpuInvocations=921, cpuSubmitAvgMs=0.007, cpuSubmitMaxMs=0.033, gpuSamples=230, gpuAvgMs=0.204, gpuMaxMs=0.253, gpuAvgMsPerMP=1.986
[27Jul2026 17:13:46.155] [Render thread/INFO] [Photonics/]: Photonics pass timing v73: group=restir diffuse, passes=[diffuse], viewport=427x240, megapixels=0.102, cpuInvocations=921, cpuSubmitAvgMs=0.009, cpuSubmitMaxMs=0.037, gpuSamples=230, gpuAvgMs=0.292, gpuMaxMs=0.352, gpuAvgMsPerMP=2.850
[27Jul2026 17:13:46.155] [Render thread/INFO] [Photonics/]: Photonics pass timing v73: group=restir accumulation, passes=[accumulation], viewport=427x240, megapixels=0.102, cpuInvocations=921, cpuSubmitAvgMs=0.010, cpuSubmitMaxMs=0.035, gpuSamples=230, gpuAvgMs=0.027, gpuMaxMs=0.069, gpuAvgMsPerMP=0.264
[27Jul2026 17:13:46.155] [Render thread/INFO] [Photonics/]: Photonics pass timing v73: group=svgf variance, passes=[variance prefilter], viewport=427x240, megapixels=0.102, cpuInvocations=921, cpuSubmitAvgMs=0.006, cpuSubmitMaxMs=0.021, gpuSamples=230, gpuAvgMs=0.033, gpuMaxMs=0.035, gpuAvgMsPerMP=0.326
[27Jul2026 17:13:46.155] [Render thread/INFO] [Photonics/]: Photonics pass timing v73: group=restir local, passes=[exact local direct], viewport=427x240, megapixels=0.102, cpuInvocations=921, cpuSubmitAvgMs=0.009, cpuSubmitMaxMs=0.021, gpuSamples=230, gpuAvgMs=0.004, gpuMaxMs=0.006, gpuAvgMsPerMP=0.039
[27Jul2026 17:13:46.155] [Render thread/INFO] [Photonics/]: Photonics pass timing v73: group=restir handheld, passes=[handheld], viewport=427x240, megapixels=0.102, cpuInvocations=921, cpuSubmitAvgMs=0.009, cpuSubmitMaxMs=0.028, gpuSamples=230, gpuAvgMs=0.003, gpuMaxMs=0.003, gpuAvgMsPerMP=0.031
[27Jul2026 17:13:46.155] [Render thread/INFO] [Photonics/]: Photonics pass timing v73: group=photonics temporal source, passes=[compose low-resolution lighting], viewport=427x240, megapixels=0.102, cpuInvocations=921, cpuSubmitAvgMs=0.003, cpuSubmitMaxMs=0.013, gpuSamples=230, gpuAvgMs=0.004, gpuMaxMs=0.006, gpuAvgMsPerMP=0.034
[27Jul2026 17:13:46.155] [Render thread/INFO] [Photonics/]: Photonics pass timing v73: group=photonics temporal reconstruction, passes=[reconstruct lighting], viewport=854x480, megapixels=0.410, cpuInvocations=921, cpuSubmitAvgMs=0.008, cpuSubmitMaxMs=0.019, gpuSamples=230, gpuAvgMs=0.074, gpuMaxMs=0.077, gpuAvgMsPerMP=0.180
[27Jul2026 17:13:46.166] [Render thread/INFO] [Photonics/]: Photonics pass timing v73: group=frag data, passes=[frag data], viewport=427x240, megapixels=0.102, cpuInvocations=921, cpuSubmitAvgMs=0.019, cpuSubmitMaxMs=0.102, gpuSamples=231, gpuAvgMs=0.010, gpuMaxMs=0.013, gpuAvgMsPerMP=0.102
[27Jul2026 17:13:46.166] [Render thread/INFO] [Photonics/]: Photonics frame throughput v78: viewport=427x240, windowSeconds=5.004, renderedFrames=921, fps=184.058, frameAvgMs=5.433
[27Jul2026 17:13:46.618] [Render thread/INFO] [Photonics/]: Photonics world tracing v72: revision=288, settled=false, compiledSections=5180, trackedSections=5180, batchBuilt=1, batchUnloaded=0, pendingBuilds=0, pendingUnloads=0, ready=true, depth=6, blockBounds=( 3.200E+1  1.280E+2  6.400E+1)..( 4.640E+2  3.040E+2  4.960E+2), treeBounds=( 0.000E+0  0.000E+0  0.000E+0)..( 1.024E+3  1.024E+3  1.024E+3), origin=(-1.920E+2 -1.920E+2 -1.280E+2), boundsSource=compiled, compileMs=134.173
[27Jul2026 17:13:47.198] [Render thread/INFO] [Photonics/]: Photonics direct reservoir sample v64: samples=220, populated=113, emptyOrBackground=10, visibilityRejected=51, invalid=46, overLegacyCap=0, overTemporalCap=0, totalSamplesRange=0.0..128.0, viewport=427x240
[27Jul2026 17:13:47.951] [Render thread/INFO] [Photonics/]: Photonics world tracing v72: revision=289, settled=false, compiledSections=5180, trackedSections=5180, batchBuilt=1, batchUnloaded=0, pendingBuilds=0, pendingUnloads=0, ready=true, depth=6, blockBounds=( 3.200E+1  1.280E+2  6.400E+1)..( 4.640E+2  3.040E+2  4.960E+2), treeBounds=( 0.000E+0  0.000E+0  0.000E+0)..( 1.024E+3  1.024E+3  1.024E+3), origin=(-1.920E+2 -1.920E+2 -1.280E+2), boundsSource=compiled, compileMs=116.050
[27Jul2026 17:13:48.265] [Server thread/INFO] [net.minecraft.client.server.IntegratedServer/]: Saving and pausing game...
[27Jul2026 17:13:48.272] [Server thread/INFO] [net.minecraft.server.MinecraftServer/]: Saving chunks for level 'ServerLevel[New World]'/minecraft:overworld
[27Jul2026 17:13:48.272] [Server thread/INFO] [dev.ryanhcode.sable.Sable/]: Saving sub-levels for level 'ServerLevel[New World]'/minecraft:overworld
[27Jul2026 17:13:48.308] [Server thread/INFO] [net.minecraft.server.MinecraftServer/]: Saving chunks for level 'ServerLevel[New World]'/minecraft:the_end
[27Jul2026 17:13:48.309] [Server thread/INFO] [dev.ryanhcode.sable.Sable/]: Saving sub-levels for level 'ServerLevel[New World]'/minecraft:the_end
[27Jul2026 17:13:48.309] [Server thread/INFO] [net.minecraft.server.MinecraftServer/]: Saving chunks for level 'ServerLevel[New World]'/minecraft:the_nether
[27Jul2026 17:13:48.309] [Server thread/INFO] [dev.ryanhcode.sable.Sable/]: Saving sub-levels for level 'ServerLevel[New World]'/minecraft:the_nether
[27Jul2026 17:13:48.841] [Render thread/INFO] [Photonics/]: Photonics pass timing v73: group=svgf atrous, passes=[atrous iteration], viewport=427x240, megapixels=0.102, cpuInvocations=4790, cpuSubmitAvgMs=0.003, cpuSubmitMaxMs=0.015, gpuSamples=1198, gpuAvgMs=0.021, gpuMaxMs=0.068, gpuAvgMsPerMP=0.209
[27Jul2026 17:13:49.952] [Render thread/INFO] [Photonics/]: Photonics world tracing v72: revision=289, settled=true, compiledSections=5180, trackedSections=5180, batchBuilt=1, batchUnloaded=0, pendingBuilds=0, pendingUnloads=0, ready=true, depth=6, blockBounds=( 3.200E+1  1.280E+2  6.400E+1)..( 4.640E+2  3.040E+2  4.960E+2), treeBounds=( 0.000E+0  0.000E+0  0.000E+0)..( 1.024E+3  1.024E+3  1.024E+3), origin=(-1.920E+2 -1.920E+2 -1.280E+2), boundsSource=compiled, compileMs=116.050
[27Jul2026 17:13:49.952] [Render thread/INFO] [Photonics/]: Photonics memory v72: jvmHeap={usedBytes=2928930576, committedBytes=5146411008, maxBytes=8589934592}, jvmGc={collections=247, timeMs=2380}, worldHeap=GpuBufferHeapStats[capacityBytes=536870912, reservedBytes=420095956, liveBytes=420094036, peakLiveBytes=420094420, reusableBytes=1920, allocations=860791, reusedAllocations=5332, frees=5341, failedAllocations=0], paletteHeap=GpuBufferHeapStats[capacityBytes=201326592, reservedBytes=45728832, liveBytes=45728832, peakLiveBytes=45728832, reusableBytes=0, allocations=482689, reusedAllocations=6347, frees=6347, failedAllocations=0], registries={lights=Stats[cachedObjects=9, pendingFreeObjects=0, allocatedObjects=9, failedAllocations=0], palettes=Stats[cachedObjects=476342, pendingFreeObjects=0, allocatedObjects=482689, failedAllocations=0], blocks=Stats[cachedObjects=544565, pendingFreeObjects=0, allocatedObjects=547336, failedAllocations=0], models=Stats[cachedObjects=13010, pendingFreeObjects=0, allocatedObjects=13059, failedAllocations=0]}
[27Jul2026 17:13:50.883] [Netty Local Client IO #1/INFO] [dev.ryanhcode.sable.Sable/]: Client UDP channel inactive
[27Jul2026 17:13:50.884] [Netty Local Client IO #1/INFO] [dev.ryanhcode.sable.Sable/]: Closed UDP channel!
[27Jul2026 17:13:50.884] [Render thread/INFO] [DistantHorizons-DistantHorizons-com.seibel.distanthorizons.core.api.internal.ClientApi/]: Client on ClientOnly mode disconnecting.
[27Jul2026 17:13:50.885] [level shutdown/INFO] [DistantHorizons-DistantHorizons-com.seibel.distanthorizons.core.generation.queues.WorldGenerationQueue/]: Closing world gen queue
[27Jul2026 17:13:50.885] [level shutdown/INFO] [DistantHorizons-DistantHorizons-com.seibel.distanthorizons.core.generation.queues.WorldGenerationQueue/]: Closing world gen queue
[27Jul2026 17:13:50.885] [level shutdown/INFO] [DistantHorizons-DistantHorizons-com.seibel.distanthorizons.core.generation.queues.WorldGenerationQueue/]: Closing world gen queue
[27Jul2026 17:13:50.886] [level shutdown/INFO] [DistantHorizons-DistantHorizons-com.seibel.distanthorizons.core.generation.queues.WorldGenerationQueue/]: Closing WorldGenerationQueue...
[27Jul2026 17:13:50.886] [level shutdown/INFO] [DistantHorizons-DistantHorizons-com.seibel.distanthorizons.core.generation.queues.WorldGenerationQueue/]: Closing WorldGenerationQueue...
[27Jul2026 17:13:50.886] [level shutdown/INFO] [DistantHorizons-DistantHorizons-com.seibel.distanthorizons.core.generation.queues.WorldGenerationQueue/]: Shutting down world generator thread pool...
[27Jul2026 17:13:50.886] [level shutdown/INFO] [DistantHorizons-DistantHorizons-com.seibel.distanthorizons.core.generation.queues.WorldGenerationQueue/]: Shutting down world generator thread pool...
[27Jul2026 17:13:50.886] [level shutdown/INFO] [DistantHorizons-DistantHorizons-com.seibel.distanthorizons.core.generation.queues.WorldGenerationQueue/]: World generator thread pool shutdown with [4] incomplete tasks.
[27Jul2026 17:13:50.886] [level shutdown/INFO] [DistantHorizons-DistantHorizons-com.seibel.distanthorizons.core.generation.queues.WorldGenerationQueue/]: World generator thread pool shutdown with [4] incomplete tasks.
[27Jul2026 17:13:50.886] [level shutdown/INFO] [DistantHorizons-DistantHorizons-com.seibel.distanthorizons.core.generation.BatchGenerator/]: [BatchGenerator] shutting down...
[27Jul2026 17:13:50.886] [level shutdown/INFO] [DistantHorizons-DistantHorizons-com.seibel.distanthorizons.core.generation.BatchGenerator/]: [BatchGenerator] shutting down...
[27Jul2026 17:13:50.886] [level shutdown/INFO] [DistantHorizons-LOD World Gen/]: Closing [BatchGenerationEnvironment_neoforge]
[27Jul2026 17:13:50.886] [level shutdown/INFO] [DistantHorizons-DistantHorizons-com.seibel.distanthorizons.core.generation.queues.WorldGenerationQueue/]: Finished closing WorldGenerationQueue
[27Jul2026 17:13:50.886] [level shutdown/INFO] [DistantHorizons-LOD World Gen/]: Closing [BatchGenerationEnvironment_neoforge]
[27Jul2026 17:13:50.886] [level shutdown/INFO] [DistantHorizons-DistantHorizons-com.seibel.distanthorizons.core.generation.queues.WorldGenerationQueue/]: Finished closing WorldGenerationQueue
[27Jul2026 17:13:50.886] [level shutdown/INFO] [DistantHorizons-DistantHorizons-com.seibel.distanthorizons.core.generation.queues.WorldGenerationQueue/]: Closing WorldGenerationQueue...
[27Jul2026 17:13:50.886] [level shutdown/INFO] [DistantHorizons-DistantHorizons-com.seibel.distanthorizons.core.generation.queues.WorldGenerationQueue/]: Shutting down world generator thread pool...
[27Jul2026 17:13:50.886] [level shutdown/INFO] [DistantHorizons-DistantHorizons-com.seibel.distanthorizons.core.generation.queues.WorldGenerationQueue/]: World generator thread pool shutdown with [0] incomplete tasks.
[27Jul2026 17:13:50.886] [level shutdown/INFO] [DistantHorizons-DistantHorizons-com.seibel.distanthorizons.core.level.AbstractDhServerLevel/]: Closed DHLevel for [Wrapped{ServerLevel[New World]@minecraft:the_nether}].
[27Jul2026 17:13:50.886] [level shutdown/INFO] [DistantHorizons-DistantHorizons-com.seibel.distanthorizons.core.level.AbstractDhServerLevel/]: Closed DHLevel for [Wrapped{ServerLevel[New World]@minecraft:the_end}].
[27Jul2026 17:13:50.886] [level shutdown/INFO] [DistantHorizons-DistantHorizons-com.seibel.distanthorizons.core.level.AbstractDhServerLevel/]: Closed DhClientServerLevel for Wrapped{ServerLevel[New World]@minecraft:the_end}
[27Jul2026 17:13:50.886] [level shutdown/INFO] [DistantHorizons-DistantHorizons-com.seibel.distanthorizons.core.level.AbstractDhServerLevel/]: Closed DhClientServerLevel for Wrapped{ServerLevel[New World]@minecraft:the_nether}
[27Jul2026 17:13:50.887] [level shutdown/INFO] [DistantHorizons-DistantHorizons-com.seibel.distanthorizons.core.generation.BatchGenerator/]: [BatchGenerator] shutting down...
[27Jul2026 17:13:50.887] [level shutdown/INFO] [DistantHorizons-LOD World Gen/]: Closing [BatchGenerationEnvironment_neoforge]
[27Jul2026 17:13:50.889] [level shutdown/INFO] [DistantHorizons-DistantHorizons-com.seibel.distanthorizons.core.generation.queues.WorldGenerationQueue/]: Finished closing WorldGenerationQueue
[27Jul2026 17:13:50.889] [level shutdown/INFO] [DistantHorizons-DistantHorizons-com.seibel.distanthorizons.core.level.AbstractDhServerLevel/]: Closed DHLevel for [Wrapped{ServerLevel[New World]@minecraft:overworld}].
[27Jul2026 17:13:50.889] [level shutdown/INFO] [DistantHorizons-DistantHorizons-com.seibel.distanthorizons.core.level.AbstractDhServerLevel/]: Closed DhClientServerLevel for Wrapped{ServerLevel[New World]@minecraft:overworld}
[27Jul2026 17:13:50.889] [Render thread/INFO] [DistantHorizons-DistantHorizons-com.seibel.distanthorizons.core.world.AbstractDhWorld/]: Closed DhWorld of type [CLIENT_SERVER].
[27Jul2026 17:13:50.890] [level shutdown/INFO] [DistantHorizons-DistantHorizons-com.seibel.distanthorizons.core.level.AbstractDhServerLevel/]: Closed DHLevel for [Wrapped{ServerLevel[New World]@minecraft:the_nether}].
[27Jul2026 17:13:50.890] [level shutdown/INFO] [DistantHorizons-DistantHorizons-com.seibel.distanthorizons.core.level.AbstractDhServerLevel/]: Closed DHLevel for [Wrapped{ServerLevel[New World]@minecraft:overworld}].
[27Jul2026 17:13:50.890] [level shutdown/INFO] [DistantHorizons-DistantHorizons-com.seibel.distanthorizons.core.level.AbstractDhServerLevel/]: Closed DhClientServerLevel for Wrapped{ServerLevel[New World]@minecraft:the_nether}
[27Jul2026 17:13:50.890] [level shutdown/INFO] [DistantHorizons-DistantHorizons-com.seibel.distanthorizons.core.level.AbstractDhServerLevel/]: Closed DHLevel for [Wrapped{ServerLevel[New World]@minecraft:the_end}].
[27Jul2026 17:13:50.890] [level shutdown/INFO] [DistantHorizons-DistantHorizons-com.seibel.distanthorizons.core.level.AbstractDhServerLevel/]: Closed DhClientServerLevel for Wrapped{ServerLevel[New World]@minecraft:overworld}
[27Jul2026 17:13:50.890] [level shutdown/INFO] [DistantHorizons-DistantHorizons-com.seibel.distanthorizons.core.level.AbstractDhServerLevel/]: Closed DhClientServerLevel for Wrapped{ServerLevel[New World]@minecraft:the_end}
[27Jul2026 17:13:50.890] [Render thread/INFO] [DistantHorizons-DistantHorizons-com.seibel.distanthorizons.core.world.AbstractDhWorld/]: Closed DhWorld of type [CLIENT_SERVER].
[27Jul2026 17:13:50.890] [Render thread/INFO] [DistantHorizons-DistantHorizons-com.seibel.distanthorizons.core.util.threading.PriorityTaskPicker/]: Shutting down PriorityTaskPicker thread pool...
[27Jul2026 17:13:57.770] [Render thread/INFO] [DistantHorizons-DistantHorizons-com.seibel.distanthorizons.core.sql.repo.AbstractDhRepo/]: Closing all [3] database connections...
[27Jul2026 17:13:57.770] [Render thread/INFO] [DistantHorizons-DistantHorizons-com.seibel.distanthorizons.core.sql.repo.AbstractDhRepo/]: Closing database connection: [jdbc:dh_sqlite:/home/krzysztofkalisiak/.local/share/ModrinthApp/profiles/Create Aeronautics (1)/saves/New World (1)/data/DistantHorizons.sqlite]
[27Jul2026 17:13:57.781] [Render thread/INFO] [DistantHorizons-DistantHorizons-com.seibel.distanthorizons.core.sql.repo.AbstractDhRepo/]: Closing database connection: [jdbc:dh_sqlite:/home/krzysztofkalisiak/.local/share/ModrinthApp/profiles/Create Aeronautics (1)/saves/New World (1)/DIM-1/data/DistantHorizons.sqlite]
[27Jul2026 17:13:57.781] [Render thread/INFO] [DistantHorizons-DistantHorizons-com.seibel.distanthorizons.core.sql.repo.AbstractDhRepo/]: Closing database connection: [jdbc:dh_sqlite:/home/krzysztofkalisiak/.local/share/ModrinthApp/profiles/Create Aeronautics (1)/saves/New World (1)/DIM1/data/DistantHorizons.sqlite]
[27Jul2026 17:13:58.093] [Render thread/INFO] [xaero.hud.minimap.MinimapLogs/]: Xaero hud session finalized.
[27Jul2026 17:13:58.103] [Render thread/INFO] [Photonics/]: Photonics v24 Sable moving lights: 1 -> 0
[27Jul2026 17:13:58.103] [Render thread/INFO] [Photonics/]: Photonics v24 Sable receiver motion: 2 -> 0
[27Jul2026 17:13:58.128] [Server thread/INFO] [net.minecraft.server.network.ServerGamePacketListenerImpl/]: Eutio lost connection: Disconnected
[27Jul2026 17:13:58.129] [Server thread/INFO] [net.minecraft.server.MinecraftServer/]: Eutio left the game
[27Jul2026 17:13:58.129] [Server thread/INFO] [DistantHorizons-DistantHorizons-com.seibel.distanthorizons.core.api.internal.ServerApi/]: Player [Eutio] disconnected.
[27Jul2026 17:13:58.140] [Server thread/INFO] [net.minecraft.server.network.ServerCommonPacketListenerImpl/]: Stopping singleplayer server as player logged out
[27Jul2026 17:13:58.166] [Server thread/INFO] [net.minecraft.server.MinecraftServer/]: Stopping server
[27Jul2026 17:13:58.166] [Server thread/INFO] [net.minecraft.server.MinecraftServer/]: Saving players
[27Jul2026 17:13:58.167] [Server thread/INFO] [net.minecraft.server.MinecraftServer/]: Saving worlds
[27Jul2026 17:13:58.235] [Server thread/INFO] [net.minecraft.server.MinecraftServer/]: Saving chunks for level 'ServerLevel[New World]'/minecraft:overworld
[27Jul2026 17:13:58.235] [Server thread/INFO] [dev.ryanhcode.sable.Sable/]: Saving sub-levels for level 'ServerLevel[New World]'/minecraft:overworld
[27Jul2026 17:13:58.307] [Server thread/INFO] [net.minecraft.server.MinecraftServer/]: Saving chunks for level 'ServerLevel[New World]'/minecraft:the_end
[27Jul2026 17:13:58.307] [Server thread/INFO] [dev.ryanhcode.sable.Sable/]: Saving sub-levels for level 'ServerLevel[New World]'/minecraft:the_end
[27Jul2026 17:13:58.315] [Server thread/INFO] [net.minecraft.server.MinecraftServer/]: Saving chunks for level 'ServerLevel[New World]'/minecraft:the_nether
[27Jul2026 17:13:58.315] [Server thread/INFO] [dev.ryanhcode.sable.Sable/]: Saving sub-levels for level 'ServerLevel[New World]'/minecraft:the_nether
[27Jul2026 17:13:58.328] [Server thread/INFO] [net.minecraft.server.MinecraftServer/]: ThreadedAnvilChunkStorage (New World (1)): All chunks are saved
[27Jul2026 17:13:58.328] [Server thread/INFO] [net.minecraft.server.MinecraftServer/]: ThreadedAnvilChunkStorage (DIM1): All chunks are saved
[27Jul2026 17:13:58.328] [Server thread/INFO] [net.minecraft.server.MinecraftServer/]: ThreadedAnvilChunkStorage (DIM-1): All chunks are saved
[27Jul2026 17:13:58.328] [Server thread/INFO] [net.minecraft.server.MinecraftServer/]: ThreadedAnvilChunkStorage: All dimensions are saved
[27Jul2026 17:13:58.338] [Render thread/INFO] [ChunkBuilder/]: Stopping worker threads
[27Jul2026 17:13:58.876] [Render thread/INFO] [net.minecraft.client.Minecraft/]: Stopping!
