[21:12:11] [main/INFO]: ModLauncher running: args [--username, Eutio, --version, 1.21.1, --gameDir, /home/krzysztofkalisiak/.local/share/ModrinthApp/profiles/Create Aeronautics (1), --assetsDir, /home/krzysztofkalisiak/.local/share/ModrinthApp/meta/assets, --assetIndex, 17, --uuid, daa1735b3ea84b2a94748a7aa356e30b, --accessToken, ❄❄❄❄❄❄❄❄, --clientId, c4502edb-87c6-40cb-b595-64a280cf8906, --xuid, 0, --userType, msa, --versionType, release, --width, 854, --height, 480, --fml.neoForgeVersion, 21.1.235, --fml.fmlVersion, 4.0.42, --fml.mcVersion, 1.21.1, --fml.neoFormVersion, 20240808.144430, --launchTarget, forgeclient]
[21:12:11] [main/INFO]: JVM identified as Azul Systems, Inc. OpenJDK 64-Bit Server VM 21.0.9+10-LTS
[21:12:11] [main/INFO]: ModLauncher 11.0.5+main.901c6ea8 starting: java version 21.0.9 by Azul Systems, Inc.; OS Linux arch amd64 version 7.0.0-29-generic
[21:12:11] [main/INFO]: Searching for graphics cards...
[21:12:11] [main/INFO]: Found graphics adapter: LinuxPciAdapterInfo[vendor=AMD, name=Navi 31 [Radeon RX 7900 XT/7900 XTX/7900 GRE/7900M], pciVendorId=0x1002, pciDeviceId=0x744c]
[21:12:11] [main/WARN]: Sodium has applied one or more workarounds to prevent crashes or other issues on your system: [NO_ERROR_CONTEXT_UNSUPPORTED]
[21:12:11] [main/WARN]: This is not necessarily an issue, but it may result in certain features or optimizations being disabled. You can sometimes fix these issues by upgrading your graphics driver.
[21:12:11] [main/INFO]: Loading ImmediateWindowProvider fmlearlywindow
[21:12:11] [main/INFO]: Trying GL version 4.6
[21:12:11] [main/INFO]: Requested GL version 4.6 got version 4.6
[21:12:11] [pool-2-thread-1/INFO]: GL info: AMD Radeon RX 7900 GRE (radeonsi, navi31, ACO, DRM 3.64, 7.0.0-29-generic) GL version 4.6 (Core Profile) Mesa 26.1.2 - kisak-mesa PPA, AMD
[21:12:11] [main/INFO]: SpongePowered MIXIN Subsystem Version=0.8.7 Source=union:/home/krzysztofkalisiak/.local/share/ModrinthApp/meta/libraries/net/fabricmc/sponge-mixin/0.15.2+mixin.0.8.7/sponge-mixin-0.15.2+mixin.0.8.7.jar%23170!/ Service=ModLauncher Env=CLIENT
[21:12:11] [main/INFO]: Found mod file "client-1.21.1-20240808.144430-srg.jar" [locator: production client provider +net.neoforged:neoforge:21.1.235:client]
[21:12:11] [main/INFO]: Found mod file "neoforge-21.1.235-universal.jar" [locator: PathBasedLocator[name=neoforge, paths=[/home/krzysztofkalisiak/.local/share/ModrinthApp/meta/libraries/net/neoforged/neoforge/21.1.235/neoforge-21.1.235-universal.jar]], reader: mod manifest]
[21:12:11] [main/INFO]: Found mod file "net.caffeinemc.sodium-neoforge-0.8.12+mc1.21.1-mod.jar" [locator: net.caffeinemc.mods.sodium.service.SodiumServiceModLocator@251ebf23, reader: mod manifest]
[21:12:11] [main/INFO]: Found mod file "fabric-rendering-data-attachment-v1-0.3.48+73761d2e19.jar" [locator: net.caffeinemc.mods.sodium.service.SodiumServiceModLocator@251ebf23, reader: mod manifest]
[21:12:11] [main/INFO]: Found mod file "fabric-renderer-api-v1-3.4.1+9125b6dc19.jar" [locator: net.caffeinemc.mods.sodium.service.SodiumServiceModLocator@251ebf23, reader: mod manifest]
[21:12:11] [main/INFO]: Found mod file "fabric-block-view-api-v2-1.0.10+9afaaf8c19.jar" [locator: net.caffeinemc.mods.sodium.service.SodiumServiceModLocator@251ebf23, reader: mod manifest]
[21:12:11] [main/INFO]: Found mod file "fabric-api-base-0.4.42+d1308ded19.jar" [locator: net.caffeinemc.mods.sodium.service.SodiumServiceModLocator@251ebf23, reader: mod manifest]
[21:12:11] [main/INFO]: Found library file "~nonexistent" [locator: org.sinytra.connector.locator.ConnectorEarlyLocatorBootstrap@1162410a]
[21:12:11] [main/INFO]: Found mod file "contraption-lights-neoforge-1.21.1-1.2.0.jar" [locator: {mods folder locator at /home/krzysztofkalisiak/.local/share/ModrinthApp/profiles/Create Aeronautics (1)/mods}, reader: mod manifest]
[21:12:11] [main/INFO]: Found mod file "create-1.21.1-6.0.10.jar" [locator: {mods folder locator at /home/krzysztofkalisiak/.local/share/ModrinthApp/profiles/Create Aeronautics (1)/mods}, reader: mod manifest]
[21:12:11] [main/INFO]: Found mod file "create-aeronautics-bundled-1.21.1-1.3.0.jar" [locator: {mods folder locator at /home/krzysztofkalisiak/.local/share/ModrinthApp/profiles/Create Aeronautics (1)/mods}, reader: mod manifest]
[21:12:11] [main/INFO]: Found mod file "DistantHorizons-3.2.0-b-1.21.1-fabric-neoforge.jar" [locator: {mods folder locator at /home/krzysztofkalisiak/.local/share/ModrinthApp/profiles/Create Aeronautics (1)/mods}, reader: mod manifest]
[21:12:11] [main/INFO]: Found mod file "entityculling-neoforge-1.10.5-mc1.21.1.jar" [locator: {mods folder locator at /home/krzysztofkalisiak/.local/share/ModrinthApp/profiles/Create Aeronautics (1)/mods}, reader: mod manifest]
[21:12:11] [main/INFO]: Found mod file "ferritecore-7.0.3-neoforge.jar" [locator: {mods folder locator at /home/krzysztofkalisiak/.local/share/ModrinthApp/profiles/Create Aeronautics (1)/mods}, reader: mod manifest]
[21:12:11] [main/INFO]: Found mod file "forgified-fabric-api-0.116.14+2.3.0+1.21.1.jar" [locator: {mods folder locator at /home/krzysztofkalisiak/.local/share/ModrinthApp/profiles/Create Aeronautics (1)/mods}, reader: mod manifest]
[21:12:11] [main/INFO]: Found mod file "ImmediatelyFast-NeoForge-1.6.11+1.21.1.jar" [locator: {mods folder locator at /home/krzysztofkalisiak/.local/share/ModrinthApp/profiles/Create Aeronautics (1)/mods}, reader: mod manifest]
[21:12:11] [main/INFO]: Found mod file "iris-neoforge-1.8.14-beta.1+mc1.21.1.jar" [locator: {mods folder locator at /home/krzysztofkalisiak/.local/share/ModrinthApp/profiles/Create Aeronautics (1)/mods}, reader: mod manifest]
[21:12:11] [main/INFO]: Found mod file "irisveil-0.3.0.jar" [locator: {mods folder locator at /home/krzysztofkalisiak/.local/share/ModrinthApp/profiles/Create Aeronautics (1)/mods}, reader: mod manifest]
[21:12:11] [main/INFO]: Found mod file "lithium-neoforge-0.15.4+mc1.21.1.jar" [locator: {mods folder locator at /home/krzysztofkalisiak/.local/share/ModrinthApp/profiles/Create Aeronautics (1)/mods}, reader: mod manifest]
[21:12:11] [main/WARN]: Skipping jar. File mods/photonics-0.4.0-fabric+MC-1.21.1.jar is a Fabric mod and cannot be loaded
[21:12:11] [main/INFO]: Found mod file "sable-neoforge-1.21.1-2.0.3.jar" [locator: {mods folder locator at /home/krzysztofkalisiak/.local/share/ModrinthApp/profiles/Create Aeronautics (1)/mods}, reader: mod manifest]
[21:12:11] [main/INFO]: Found mod file "searchlights-1.3.1.jar" [locator: {mods folder locator at /home/krzysztofkalisiak/.local/share/ModrinthApp/profiles/Create Aeronautics (1)/mods}, reader: mod manifest]
[21:12:11] [main/INFO]: Found mod file "simulatedcoasters-0.1.1.jar" [locator: {mods folder locator at /home/krzysztofkalisiak/.local/share/ModrinthApp/profiles/Create Aeronautics (1)/mods}, reader: mod manifest]
[21:12:11] [main/INFO]: Found mod file "simurail-1.21.1-0.0.0-a+b18d457.jar" [locator: {mods folder locator at /home/krzysztofkalisiak/.local/share/ModrinthApp/profiles/Create Aeronautics (1)/mods}, reader: mod manifest]
[21:12:11] [main/INFO]: Found mod file "xaerominimap-neoforge-1.21.1-26.4.2.jar" [locator: {mods folder locator at /home/krzysztofkalisiak/.local/share/ModrinthApp/profiles/Create Aeronautics (1)/mods}, reader: mod manifest]
[21:12:12] [main/WARN]: Attempted to select a dependency jar for JarJar which was passed in as source: fabric_renderer_api_v1. Using Mod File: 
[21:12:12] [main/WARN]: Attempted to select a dependency jar for JarJar which was passed in as source: fabric_block_view_api_v2. Using Mod File: 
[21:12:12] [main/WARN]: Attempted to select a dependency jar for JarJar which was passed in as source: library:net.fabricmc.loader. Using Mod File: /~nonexistent
[21:12:12] [main/WARN]: Attempted to select a dependency jar for JarJar which was passed in as source: fabric_api_base. Using Mod File: 
[21:12:12] [main/WARN]: Attempted to select a dependency jar for JarJar which was passed in as source: fabric_rendering_data_attachment_v1. Using Mod File: 
[21:12:12] [main/INFO]: Found 62 dependencies adding them to mods collection
[21:12:12] [main/INFO]: Found mod file "fabric-transfer-api-v1-5.4.4+6244b11119.jar" [parent: forgified-fabric-api-0.116.14+2.3.0+1.21.1.jar, locator: jarinjar, reader: mod manifest]
[21:12:12] [main/INFO]: Found library file "glsl-processor-0.2.3.jar" [parent: veil-neoforge-1.21.1-4.1.4.jar, locator: jarinjar]
[21:12:12] [main/INFO]: Found mod file "ponder-neoforge-1.0.82+mc1.21.1.jar" [parent: create-1.21.1-6.0.10.jar, locator: jarinjar, reader: mod manifest]
[21:12:12] [main/INFO]: Found mod file "fabric-item-api-v1-11.2.0+0c57911319.jar" [parent: forgified-fabric-api-0.116.14+2.3.0+1.21.1.jar, locator: jarinjar, reader: mod manifest]
[21:12:12] [main/INFO]: Found mod file "fabric-model-loading-api-v1-2.1.0+6e8f52c719.jar" [parent: forgified-fabric-api-0.116.14+2.3.0+1.21.1.jar, locator: jarinjar, reader: mod manifest]
[21:12:12] [main/INFO]: Found library file "net.neoforged.neoforge-coremods-21.1.235.jar" [parent: neoforge-21.1.235-universal.jar, locator: jarinjar, reader: mod manifest]
[21:12:12] [main/INFO]: Found mod file "fabric-rendering-fluids-v1-3.1.6+a51883b219.jar" [parent: forgified-fabric-api-0.116.14+2.3.0+1.21.1.jar, locator: jarinjar, reader: mod manifest]
[21:12:12] [main/INFO]: Found mod file "dev.eriksonn.aeronautics.aeronautics-neoforge-1.21.1-1.3.0.jar" [parent: create-aeronautics-bundled-1.21.1-1.3.0.jar, locator: jarinjar, reader: mod manifest]
[21:12:12] [main/INFO]: Found mod file "xaerolib-neoforge-1.21.1-1.7.1.jar" [parent: xaerominimap-neoforge-1.21.1-26.4.2.jar, locator: jarinjar, reader: mod manifest]
[21:12:12] [main/INFO]: Found mod file "fabric-screen-handler-api-v1-1.3.91+8dbc56dd19.jar" [parent: forgified-fabric-api-0.116.14+2.3.0+1.21.1.jar, locator: jarinjar, reader: mod manifest]
[21:12:12] [main/INFO]: Found mod file "fabric-resource-loader-v0-1.3.1+4ea8954419.jar" [parent: forgified-fabric-api-0.116.14+2.3.0+1.21.1.jar, locator: jarinjar, reader: mod manifest]
[21:12:12] [main/INFO]: Found mod file "TRender-1.0.15-1.21.1-neoforge-SNAPSHOT.jar" [parent: entityculling-neoforge-1.10.5-mc1.21.1.jar, locator: jarinjar, reader: mod manifest]
[21:12:12] [main/INFO]: Found gamelibrary file "yumi-commons-collections-1.0.0.jar" [parent: lambdynamiclights-api-4.8.8+1.21.1-mojmap.jar, locator: jarinjar, reader: mod manifest]
[21:12:12] [main/INFO]: Found mod file "fabric-rendering-v1-5.1.0+1a09bd5a19.jar" [parent: forgified-fabric-api-0.116.14+2.3.0+1.21.1.jar, locator: jarinjar, reader: mod manifest]
[21:12:12] [main/INFO]: Found mod file "fabric-renderer-indigo-1.7.1+9125b6dc19.jar" [parent: forgified-fabric-api-0.116.14+2.3.0+1.21.1.jar, locator: jarinjar, reader: mod manifest]
[21:12:12] [main/INFO]: Found mod file "fabric-convention-tags-v1-2.1.7+7f945d5b19.jar" [parent: forgified-fabric-api-0.116.14+2.3.0+1.21.1.jar, locator: jarinjar, reader: mod manifest]
[21:12:12] [main/INFO]: Found mod file "fabric-command-api-v2-2.2.28+36d727be19.jar" [parent: forgified-fabric-api-0.116.14+2.3.0+1.21.1.jar, locator: jarinjar, reader: mod manifest]
[21:12:12] [main/INFO]: Found mod file "fabric-convention-tags-v2-2.12.0+75d3639619.jar" [parent: forgified-fabric-api-0.116.14+2.3.0+1.21.1.jar, locator: jarinjar, reader: mod manifest]
[21:12:12] [main/INFO]: Found mod file "fabric-data-attachment-api-v1-1.4.7+26d408aa19.jar" [parent: forgified-fabric-api-0.116.14+2.3.0+1.21.1.jar, locator: jarinjar, reader: mod manifest]
[21:12:12] [main/INFO]: Found mod file "veil-neoforge-1.21.1-4.2.1.jar" [parent: searchlights-1.3.1.jar, locator: jarinjar, reader: mod manifest]
[21:12:12] [main/INFO]: Found mod file "dev.simulated_team.simulated.simulated-neoforge-1.21.1-1.3.0.jar" [parent: create-aeronautics-bundled-1.21.1-1.3.0.jar, locator: jarinjar, reader: mod manifest]
[21:12:12] [main/INFO]: Found gamelibrary file "yumi-commons-event-1.0.0.jar" [parent: lambdynamiclights-api-4.8.8+1.21.1-mojmap.jar, locator: jarinjar, reader: mod manifest]
[21:12:12] [main/INFO]: Found mod file "fabric-screen-api-v1-2.0.26+b4953c7419.jar" [parent: forgified-fabric-api-0.116.14+2.3.0+1.21.1.jar, locator: jarinjar, reader: mod manifest]
[21:12:12] [main/INFO]: Found library file "molang-compiler-3.1.1.19.jar" [parent: veil-neoforge-1.21.1-4.1.4.jar, locator: jarinjar]
[21:12:12] [main/INFO]: Found library file "Reflect-1.6.2.jar" [parent: ImmediatelyFast-NeoForge-1.6.11+1.21.1.jar, locator: jarinjar]
[21:12:12] [main/INFO]: Found mod file "fabric-particles-v1-4.0.2+824f924c19.jar" [parent: forgified-fabric-api-0.116.14+2.3.0+1.21.1.jar, locator: jarinjar, reader: mod manifest]
[21:12:12] [main/INFO]: Found mod file "fabric-content-registries-v0-8.0.19+5e0d320019.jar" [parent: forgified-fabric-api-0.116.14+2.3.0+1.21.1.jar, locator: jarinjar, reader: mod manifest]
[21:12:12] [main/INFO]: Found mod file "fabric-transitive-access-wideners-v1-6.2.0+6c854b6f19.jar" [parent: forgified-fabric-api-0.116.14+2.3.0+1.21.1.jar, locator: jarinjar, reader: mod manifest]
[21:12:12] [main/INFO]: Found mod file "dev.ryanhcode.offroad.offroad-neoforge-1.21.1-1.3.0.jar" [parent: create-aeronautics-bundled-1.21.1-1.3.0.jar, locator: jarinjar, reader: mod manifest]
[21:12:12] [main/INFO]: Found gamelibrary file "mixinextras-neoforge-0.5.3.jar" [parent: neoforge-21.1.235-universal.jar, locator: jarinjar, reader: mod manifest]
[21:12:12] [main/INFO]: Found gamelibrary file "yumi-commons-core-1.0.0.jar" [parent: lambdynamiclights-api-4.8.8+1.21.1-mojmap.jar, locator: jarinjar, reader: mod manifest]
[21:12:12] [main/INFO]: Found mod file "fabric-game-rule-api-v1-1.0.53+36d727be19.jar" [parent: forgified-fabric-api-0.116.14+2.3.0+1.21.1.jar, locator: jarinjar, reader: mod manifest]
[21:12:12] [main/INFO]: Found mod file "fabric-api-lookup-api-v1-1.6.72+6244b11119.jar" [parent: forgified-fabric-api-0.116.14+2.3.0+1.21.1.jar, locator: jarinjar, reader: mod manifest]
[21:12:12] [main/INFO]: Found mod file "fabric-blockrenderlayer-v1-1.1.52+c290471319.jar" [parent: forgified-fabric-api-0.116.14+2.3.0+1.21.1.jar, locator: jarinjar, reader: mod manifest]
[21:12:12] [main/INFO]: Found gamelibrary file "dev.ryanhcode.sable.sable-sable_rapier-1.21.1-2.0.3.jar" [parent: sable-neoforge-1.21.1-2.0.3.jar, locator: jarinjar, reader: mod manifest]
[21:12:12] [main/INFO]: Found mod file "fabric-block-api-v1-1.1.0+b0c22bb819.jar" [parent: forgified-fabric-api-0.116.14+2.3.0+1.21.1.jar, locator: jarinjar, reader: mod manifest]
[21:12:12] [main/INFO]: Found mod file "fabric-resource-conditions-api-v1-4.3.0+5bdd099819.jar" [parent: forgified-fabric-api-0.116.14+2.3.0+1.21.1.jar, locator: jarinjar, reader: mod manifest]
[21:12:12] [main/INFO]: Found library file "jcpp-1.4.14.jar" [parent: iris-neoforge-1.8.14-beta.1+mc1.21.1.jar, locator: jarinjar]
[21:12:12] [main/INFO]: Found library file "glsl-transformer-3.0.0-pre3.jar" [parent: iris-neoforge-1.8.14-beta.1+mc1.21.1.jar, locator: jarinjar]
[21:12:12] [main/INFO]: Found mod file "sable-companion-common-1.21.1-1.6.0.jar" [parent: searchlights-1.3.1.jar, locator: jarinjar, reader: mod manifest]
[21:12:12] [main/INFO]: Found mod file "flywheel-neoforge-1.21.1-1.0.6.jar" [parent: create-1.21.1-6.0.10.jar, locator: jarinjar, reader: mod manifest]
[21:12:12] [main/INFO]: Found mod file "fabric-item-group-api-v1-4.1.7+e324903319.jar" [parent: forgified-fabric-api-0.116.14+2.3.0+1.21.1.jar, locator: jarinjar, reader: mod manifest]
[21:12:12] [main/INFO]: Found mod file "fabric-gametest-api-v1-2.0.5+29f188ce19.jar" [parent: forgified-fabric-api-0.116.14+2.3.0+1.21.1.jar, locator: jarinjar, reader: mod manifest]
[21:12:12] [main/INFO]: Found mod file "fabric-biome-api-v1-13.0.31+1e62d33c19.jar" [parent: forgified-fabric-api-0.116.14+2.3.0+1.21.1.jar, locator: jarinjar, reader: mod manifest]
[21:12:12] [main/INFO]: Found mod file "fabric-entity-events-v1-1.8.0+e46a02ca19.jar" [parent: forgified-fabric-api-0.116.14+2.3.0+1.21.1.jar, locator: jarinjar, reader: mod manifest]
[21:12:12] [main/INFO]: Found mod file "fabric-registry-sync-v0-5.3.2+f9aace1619.jar" [parent: forgified-fabric-api-0.116.14+2.3.0+1.21.1.jar, locator: jarinjar, reader: mod manifest]
[21:12:12] [main/INFO]: Found mod file "lambdynamiclights-api-4.8.8+1.21.1-mojmap.jar" [parent: searchlights-1.3.1.jar, locator: jarinjar, reader: mod manifest]
[21:12:12] [main/INFO]: Found mod file "fabric-recipe-api-v1-5.0.16+59440bcc19.jar" [parent: forgified-fabric-api-0.116.14+2.3.0+1.21.1.jar, locator: jarinjar, reader: mod manifest]
[21:12:12] [main/INFO]: Found mod file "fabric-object-builder-api-v1-15.2.1+cc242efd19.jar" [parent: forgified-fabric-api-0.116.14+2.3.0+1.21.1.jar, locator: jarinjar, reader: mod manifest]
[21:12:12] [main/INFO]: Found mod file "fabric-loot-api-v2-3.0.15+a3ee712d19.jar" [parent: forgified-fabric-api-0.116.14+2.3.0+1.21.1.jar, locator: jarinjar, reader: mod manifest]
[21:12:12] [main/INFO]: Found mod file "fabric-loot-api-v3-1.0.3+333dfad919.jar" [parent: forgified-fabric-api-0.116.14+2.3.0+1.21.1.jar, locator: jarinjar, reader: mod manifest]
[21:12:12] [main/INFO]: Found mod file "TRansition-1.0.21-1.21.1-neoforge-SNAPSHOT.jar" [parent: entityculling-neoforge-1.10.5-mc1.21.1.jar, locator: jarinjar, reader: mod manifest]
[21:12:12] [main/INFO]: Found mod file "fabric-networking-api-v1-4.3.1+30a980d919.jar" [parent: forgified-fabric-api-0.116.14+2.3.0+1.21.1.jar, locator: jarinjar, reader: mod manifest]
[21:12:12] [main/INFO]: Found gamelibrary file "Registrate-MC1.21-1.3.0+67.jar" [parent: create-1.21.1-6.0.10.jar, locator: jarinjar, reader: mod manifest]
[21:12:12] [main/INFO]: Found mod file "fabric-sound-api-v1-1.0.23+10b84f8419.jar" [parent: forgified-fabric-api-0.116.14+2.3.0+1.21.1.jar, locator: jarinjar, reader: mod manifest]
[21:12:12] [main/INFO]: Found mod file "fabric-message-api-v1-6.0.14+6a754fce19.jar" [parent: forgified-fabric-api-0.116.14+2.3.0+1.21.1.jar, locator: jarinjar, reader: mod manifest]
[21:12:12] [main/INFO]: Found mod file "fabric-lifecycle-events-v1-2.6.0+e40d8add19.jar" [parent: forgified-fabric-api-0.116.14+2.3.0+1.21.1.jar, locator: jarinjar, reader: mod manifest]
[21:12:12] [main/INFO]: Found mod file "fabric-tag-api-v1-1.3.0+3e2bcb4b19.jar" [parent: forgified-fabric-api-0.116.14+2.3.0+1.21.1.jar, locator: jarinjar, reader: mod manifest]
[21:12:12] [main/INFO]: Found mod file "fabric-data-generation-api-v1-20.3.0+3e2bcb4b19.jar" [parent: forgified-fabric-api-0.116.14+2.3.0+1.21.1.jar, locator: jarinjar, reader: mod manifest]
[21:12:12] [main/INFO]: Found mod file "fabric-events-interaction-v0-0.7.14+86e0887119.jar" [parent: forgified-fabric-api-0.116.14+2.3.0+1.21.1.jar, locator: jarinjar, reader: mod manifest]
[21:12:12] [main/INFO]: Found mod file "fabric-key-binding-api-v1-1.0.47+62cc7ce119.jar" [parent: forgified-fabric-api-0.116.14+2.3.0+1.21.1.jar, locator: jarinjar, reader: mod manifest]
[21:12:12] [main/INFO]: Found mod file "fabric-client-tags-api-v1-1.2.0+5adff2d719.jar" [parent: forgified-fabric-api-0.116.14+2.3.0+1.21.1.jar, locator: jarinjar, reader: mod manifest]
[21:12:12] [main/INFO]: Dependency resolution found 1 candidates to load
[21:12:12] [main/INFO]: Found mod file "photonics-0.4.0-fabric+MC-1.21.1_mapped_moj_1.21.1.jar" [locator: org.sinytra.connector.locator.ConnectorLocator@7e11ab3d]
[21:12:12] [main/INFO]: Found 2 dependencies adding them to mods collection
[21:12:12] [main/INFO]: Found mod file "org.sinytra.connector-2.0.0-beta.15+1.21.1-mod.jar" [parent: , locator: org.sinytra.connector.locator.ConnectorLocator@7e11ab3d, reader: mod manifest]
[21:12:12] [main/INFO]: Found gamelibrary file "runtime-1.0.0+1.21.1.jar" [parent: , locator: org.sinytra.connector.locator.ConnectorLocator@7e11ab3d, reader: mod manifest]
[21:12:12] [main/INFO]: 
     Mod List:
		Name Version (Mod Id)

		Contraption Lights 1.2.0 (contraptionlights)
		Create 6.0.10 (create)
		Create Aeronautics 1.3.0 (aeronautics)
		Create Aeronautics 1.3.0 (aeronautics_bundled)
		Create Offroad 1.3.0 (offroad)
		Create Simulated 1.3.0 (simulated)
		Create Simurail 0.0.0-a+b18d457 (simurail)
		Create: Coasters Simulated 0.1.1 (simulatedcoasters)
		Distant Horizons 3.2.0-b (distanthorizons)
		EntityCulling 1.10.5 (entityculling)
		Ferrite Core 7.0.3 (ferritecore)
		Flywheel 1.0.6 (flywheel)
		Forgified Fabric API 0.116.14+2.3.0+1.21.1 (fabric_api)
		Forgified Fabric API Base 0.4.42+d1308ded19 (fabric_api_base)
		Forgified Fabric API Lookup API (v1) 1.6.72+6244b11119 (fabric_api_lookup_api_v1)
		Forgified Fabric Biome API (v1) 13.0.31+1e62d33c19 (fabric_biome_api_v1)
		Forgified Fabric Block API (v1) 1.1.0+b0c22bb819 (fabric_block_api_v1)
		Forgified Fabric BlockRenderLayer Registration (v1) 1.1.52+c290471319 (fabric_blockrenderlayer_v1)
		Forgified Fabric BlockView API (v2) 1.0.10+9afaaf8c19 (fabric_block_view_api_v2)
		Forgified Fabric Client Tags 1.2.0+5adff2d719 (fabric_client_tags_api_v1)
		Forgified Fabric Command API (v2) 2.2.28+36d727be19 (fabric_command_api_v2)
		Forgified Fabric Content Registries (v0) 8.0.19+5e0d320019 (fabric_content_registries_v0)
		Forgified Fabric Convention Tags 2.1.7+7f945d5b19 (fabric_convention_tags_v1)
		Forgified Fabric Convention Tags (v2) 2.12.0+75d3639619 (fabric_convention_tags_v2)
		Forgified Fabric Data Attachment API (v1) 1.4.7+26d408aa19 (fabric_data_attachment_api_v1)
		Forgified Fabric Data Generation API (v1) 20.3.0+3e2bcb4b19 (fabric_data_generation_api_v1)
		Forgified Fabric Entity Events (v1) 1.8.0+e46a02ca19 (fabric_entity_events_v1)
		Forgified Fabric Events Interaction (v0) 0.7.14+86e0887119 (fabric_events_interaction_v0)
		Forgified Fabric Game Rule API (v1) 1.0.53+36d727be19 (fabric_game_rule_api_v1)
		Forgified Fabric Game Test API (v1) 2.0.5+29f188ce19 (fabric_gametest_api_v1)
		Forgified Fabric Item API (v1) 11.2.0+0c57911319 (fabric_item_api_v1)
		Forgified Fabric Item Group API (v1) 4.1.7+e324903319 (fabric_item_group_api_v1)
		Forgified Fabric Key Binding API (v1) 1.0.47+62cc7ce119 (fabric_key_binding_api_v1)
		Forgified Fabric Lifecycle Events (v1) 2.6.0+e40d8add19 (fabric_lifecycle_events_v1)
		Forgified Fabric Loot API (v2) 3.0.15+a3ee712d19 (fabric_loot_api_v2)
		Forgified Fabric Loot API (v3) 1.0.3+333dfad919 (fabric_loot_api_v3)
		Forgified Fabric Message API (v1) 6.0.14+6a754fce19 (fabric_message_api_v1)
		Forgified Fabric Model Loading API (v1) 2.1.0+6e8f52c719 (fabric_model_loading_api_v1)
		Forgified Fabric Networking API (v1) 4.3.1+30a980d919 (fabric_networking_api_v1)
		Forgified Fabric Object Builder API (v1) 15.2.1+cc242efd19 (fabric_object_builder_api_v1)
		Forgified Fabric Particles (v1) 4.0.2+824f924c19 (fabric_particles_v1)
		Forgified Fabric Recipe API (v1) 5.0.16+59440bcc19 (fabric_recipe_api_v1)
		Forgified Fabric Registry Sync (v0) 5.3.2+f9aace1619 (fabric_registry_sync_v0)
		Forgified Fabric Renderer - Indigo 1.7.1+9125b6dc19 (fabric_renderer_indigo)
		Forgified Fabric Renderer API (v1) 3.4.1+9125b6dc19 (fabric_renderer_api_v1)
		Forgified Fabric Rendering (v1) 5.1.0+1a09bd5a19 (fabric_rendering_v1)
		Forgified Fabric Rendering Data Attachment (v1) 0.3.48+73761d2e19 (fabric_rendering_data_attachment_v1)
		Forgified Fabric Rendering Fluids (v1) 3.1.6+a51883b219 (fabric_rendering_fluids_v1)
		Forgified Fabric Resource Conditions API (v1) 4.3.0+5bdd099819 (fabric_resource_conditions_api_v1)
		Forgified Fabric Resource Loader (v0) 1.3.1+4ea8954419 (fabric_resource_loader_v0)
		Forgified Fabric Screen API (v1) 2.0.26+b4953c7419 (fabric_screen_api_v1)
		Forgified Fabric Screen Handler API (v1) 1.3.91+8dbc56dd19 (fabric_screen_handler_api_v1)
		Forgified Fabric Sound API (v1) 1.0.23+10b84f8419 (fabric_sound_api_v1)
		Forgified Fabric Tag API (v1) 1.3.0+3e2bcb4b19 (fabric_tag_api_v1)
		Forgified Fabric Transfer API (v1) 5.4.4+6244b11119 (fabric_transfer_api_v1)
		Forgified Fabric Transitive Access Wideners (v1) 6.2.0+6c854b6f19 (fabric_transitive_access_wideners_v1)
		ImmediatelyFast 1.6.11+1.21.1 (immediatelyfast)
		Iris 1.8.14-beta.1+mc1.21.1 (iris)
		Iris Veil Compat 0.3.0 (irisveil)
		LambDynamicLights (API) 4.8.8+1.21.1 (lambdynlights_api)
		Lithium 0.15.4+mc1.21.1 (lithium)
		Minecraft 1.21.1 (minecraft)
		NeoForge 21.1.235 (neoforge)
		Photonics 0.4.0_1.21.1 (photonics)
		Ponder 1.0.82+mc1.21.1 (ponder)
		Sable 2.0.3 (sable)
		Sable Companion 1.6.0 (sablecompanion)
		SearchLights 1.3.1 (searchlights)
		Sinytra Connector 2.0.0-beta.15+1.21.1 (connector)
		Sodium 0.8.12+mc1.21.1 (sodium)
		TRansition 1.0.21 (transition)
		TRender 1.0.15 (trender)
		Veil 4.2.1 (veil)
		Xaero's Minimap 26.4.2 (xaerominimap)
		XaeroLib 1.7.1 (xaerolib)
[21:12:12] [main/INFO]: Successfully made module authlib transformable
[21:12:12] [main/INFO]: Successfully made module brigadier transformable
[21:12:12] [main/INFO]: Loading coremod script-engine for [xaerominimap]
[21:12:13] [main/INFO]: Compatibility level set to JAVA_17
[21:12:13] [main/INFO]: Compatibility level set to JAVA_21
[21:12:13] [main/INFO]: Launching target 'forgeclient' with arguments [--version, 1.21.1, --gameDir, /home/krzysztofkalisiak/.local/share/ModrinthApp/profiles/Create Aeronautics (1), --assetsDir, /home/krzysztofkalisiak/.local/share/ModrinthApp/meta/assets, --uuid, daa1735b3ea84b2a94748a7aa356e30b, --username, Eutio, --assetIndex, 17, --accessToken, ❄❄❄❄❄❄❄❄, --clientId, c4502edb-87c6-40cb-b595-64a280cf8906, --xuid, 0, --userType, msa, --versionType, release, --width, 854, --height, 480]
[21:12:13] [main/INFO]: Option 'mixin.experimental.entity.block_caching.suffocation' requires 'mixin.util.block_tracking=true' but found 'false'. Setting 'mixin.experimental.entity.block_caching.suffocation=false'.
[21:12:13] [main/INFO]: Option 'mixin.experimental.entity.block_caching.block_support' requires 'mixin.util.block_tracking=true' but found 'false'. Setting 'mixin.experimental.entity.block_caching.block_support=false'.
[21:12:13] [main/INFO]: Option 'mixin.experimental.entity.block_caching.block_touching' requires 'mixin.util.block_tracking=true' but found 'false'. Setting 'mixin.experimental.entity.block_caching.block_touching=false'.
[21:12:13] [main/INFO]: Option 'mixin.experimental.entity.block_caching' requires 'mixin.util.block_tracking=true' but found 'false'. Setting 'mixin.experimental.entity.block_caching=false'.
[21:12:13] [main/INFO]: Loaded configuration file for Lithium: 148 options available, 4 override(s) found
[21:12:13] [main/WARN]: Reference map 'aeronautics.refmap.json' for aeronautics.mixins.json could not be read. If this is a development environment you can ignore this message
[21:12:13] [main/WARN]: Reference map 'xaerolib.refmap.json' for xaerolib.mixins.json could not be read. If this is a development environment you can ignore this message
[21:12:13] [main/WARN]: Reference map 'iris.refmap.json' for mixins.iris.json could not be read. If this is a development environment you can ignore this message
[21:12:13] [main/WARN]: Reference map 'iris.refmap.json' for mixins.iris.fantastic.json could not be read. If this is a development environment you can ignore this message
[21:12:13] [main/WARN]: Reference map 'iris.refmap.json' for mixins.iris.vertexformat.json could not be read. If this is a development environment you can ignore this message
[21:12:13] [main/WARN]: Reference map 'iris.refmap.json' for iris-batched-entity-rendering.mixins.json could not be read. If this is a development environment you can ignore this message
[21:12:13] [main/WARN]: Reference map 'iris.refmap.json' for mixins.iris.compat.sodium.json could not be read. If this is a development environment you can ignore this message
[21:12:13] [main/WARN]: Reference map 'simulated.refmap.json' for simulated.mixins.json could not be read. If this is a development environment you can ignore this message
[21:12:13] [main/INFO]: Loaded configuration file for Sodium: 45 options available, 1 override(s) found
[21:12:13] [main/WARN]: Reference map 'offroad.refmap.json' for offroad.mixins.json could not be read. If this is a development environment you can ignore this message
[21:12:13] [main/WARN]: Reference map 'ponder.refmap.json' for ponder-common.mixins.json could not be read. If this is a development environment you can ignore this message
[21:12:13] [main/INFO]: Using Sodium renderer mixins
[21:12:13] [main/INFO]: Using Sodium renderer mixins
[21:12:13] [main/WARN]: Reference map 'xaerominimap.refmap.json' for xaerohud.mixins.json could not be read. If this is a development environment you can ignore this message
[21:12:13] [main/WARN]: Reference map 'xaerominimap.refmap.json' for xaerominimap.mixins.json could not be read. If this is a development environment you can ignore this message
[21:12:13] [main/WARN]: Reference map 'entityculling.refmap.mixins.json' for entityculling.mixins.json could not be read. If this is a development environment you can ignore this message
[21:12:13] [main/WARN]: Reference map '${refmap_target}refmap.json' for ferritecore.predicates.mixin.json could not be read. If this is a development environment you can ignore this message
[21:12:13] [main/WARN]: Reference map '${refmap_target}refmap.json' for ferritecore.fastmap.mixin.json could not be read. If this is a development environment you can ignore this message
[21:12:13] [main/WARN]: Reference map '${refmap_target}refmap.json' for ferritecore.mrl.mixin.json could not be read. If this is a development environment you can ignore this message
[21:12:13] [main/WARN]: Reference map '${refmap_target}refmap.json' for ferritecore.dedupmultipart.mixin.json could not be read. If this is a development environment you can ignore this message
[21:12:13] [main/WARN]: Reference map '${refmap_target}refmap.json' for ferritecore.blockstatecache.mixin.json could not be read. If this is a development environment you can ignore this message
[21:12:13] [main/WARN]: Reference map '${refmap_target}refmap.json' for ferritecore.dedupbakedquad.mixin.json could not be read. If this is a development environment you can ignore this message
[21:12:13] [main/WARN]: Reference map '${refmap_target}refmap.json' for ferritecore.threaddetec.mixin.json could not be read. If this is a development environment you can ignore this message
[21:12:13] [main/WARN]: Reference map '${refmap_target}refmap.json' for ferritecore.modelsides.mixin.json could not be read. If this is a development environment you can ignore this message
[21:12:13] [main/WARN]: Reference map '${refmap_target}refmap.json' for ferritecore.datacomponents.mixin.json could not be read. If this is a development environment you can ignore this message
[21:12:13] [main/WARN]: Reference map '${refmap_target}refmap.json' for ferritecore.accessors.mixin.json could not be read. If this is a development environment you can ignore this message
[21:12:13] [main/WARN]: Reference map '' for adapter.init.mixins.json could not be read. If this is a development environment you can ignore this message
[21:12:13] [main/INFO]: Force-disabling mixin 'entity.collisions.unpushable_cramming.EntityMixin' as rule 'mixin.entity.collisions.unpushable_cramming' (added by mods [sable]) disables it and children
[21:12:13] [main/INFO]: Force-disabling mixin 'entity.collisions.unpushable_cramming.EntitySectionMixin' as rule 'mixin.entity.collisions.unpushable_cramming' (added by mods [sable]) disables it and children
[21:12:13] [main/INFO]: Force-disabling mixin 'entity.collisions.unpushable_cramming.EntitySelectorMixin' as rule 'mixin.entity.collisions.unpushable_cramming' (added by mods [sable]) disables it and children
[21:12:13] [main/INFO]: Force-disabling mixin 'entity.collisions.unpushable_cramming.LivingEntityMixin' as rule 'mixin.entity.collisions.unpushable_cramming' (added by mods [sable]) disables it and children
[21:12:13] [main/INFO]: Force-disabling mixin 'world.chunk_access.ChunkHolderMixin' as rule 'mixin.world.chunk_access' (added by mods [sable]) disables it and children
[21:12:13] [main/INFO]: Force-disabling mixin 'world.chunk_access.GenerationChunkHolderAccessor' as rule 'mixin.world.chunk_access' (added by mods [sable]) disables it and children
[21:12:13] [main/INFO]: Force-disabling mixin 'world.chunk_access.LevelMixin' as rule 'mixin.world.chunk_access' (added by mods [sable]) disables it and children
[21:12:13] [main/INFO]: Force-disabling mixin 'world.chunk_access.ServerChunkCacheMixin' as rule 'mixin.world.chunk_access' (added by mods [sable]) disables it and children
[21:12:13] [main/INFO]: Force-disabling mixin 'world.chunk_ticking.spread_ice.BiomeMixin' as rule 'mixin.world.chunk_ticking' (added by mods [sable]) disables it and children
[21:12:13] [main/INFO]: Force-disabling mixin 'world.tick_scheduler.LevelChunkTicksMixin' as rule 'mixin.world.tick_scheduler' (added by mods [sable]) disables it and children
[21:12:13] [main/WARN]: Error loading class: com/portingdeadmods/cable_facades/events/GameClientEvents$2 (java.lang.ClassNotFoundException: com.portingdeadmods.cable_facades.events.GameClientEvents$2)
[21:12:13] [main/WARN]: Error loading class: com/direwolf20/justdirethings/client/renderers/OurRenderTypes (java.lang.ClassNotFoundException: com.direwolf20.justdirethings.client.renderers.OurRenderTypes)
[21:12:13] [main/WARN]: Error loading class: mekanism/client/render/entity/RenderFlame (java.lang.ClassNotFoundException: mekanism.client.render.entity.RenderFlame)
[21:12:13] [main/WARN]: Error loading class: mekanism/client/render/armor/MekaSuitArmor (java.lang.ClassNotFoundException: mekanism.client.render.armor.MekaSuitArmor)
[21:12:13] [main/WARN]: Error loading class: mekanism/client/render/lib/effect/BillboardingEffectRenderer (java.lang.ClassNotFoundException: mekanism.client.render.lib.effect.BillboardingEffectRenderer)
[21:12:13] [main/WARN]: Error loading class: blusunrize/immersiveengineering/client/utils/IEGLShaders (java.lang.ClassNotFoundException: blusunrize.immersiveengineering.client.utils.IEGLShaders)
[21:12:13] [main/WARN]: Error loading class: mezz/jei/library/plugins/vanilla/ingredients/ItemStackListFactory (java.lang.ClassNotFoundException: mezz.jei.library.plugins.vanilla.ingredients.ItemStackListFactory)
[21:12:13] [main/INFO]: Immersive Portals not present, skipping DH compatibility mixin.
[21:12:13] [main/WARN]: Force-disabling mixin 'features.render.world.sky.ClientLevelMixin' as rule 'mixin.features.render.world.sky' (added by mods [iris]) disables it and children
[21:12:13] [main/WARN]: Force-disabling mixin 'features.render.world.sky.FogRendererMixin' as rule 'mixin.features.render.world.sky' (added by mods [iris]) disables it and children
[21:12:13] [main/WARN]: Force-disabling mixin 'features.render.world.sky.LevelRendererMixin' as rule 'mixin.features.render.world.sky' (added by mods [iris]) disables it and children
[21:12:14] [main/WARN]: Error loading class: org/jetbrains/annotations/ApiStatus$ScheduledForRemoval (java.lang.ClassNotFoundException: org.jetbrains.annotations.ApiStatus$ScheduledForRemoval)
[21:12:14] [main/INFO]: Initializing MixinExtras via com.llamalad7.mixinextras.service.MixinExtrasServiceImpl(version=0.5.3).
[11Aug2026 21:12:14.873] [Datafixer Bootstrap/INFO] [com.mojang.datafixers.DataFixerBuilder/]: 229 Datafixer optimizations took 123 milliseconds
[11Aug2026 21:12:17.384] [Render thread/WARN] [net.minecraft.server.packs.VanillaPackResourcesBuilder/]: Assets URL 'union:/home/krzysztofkalisiak/.local/share/ModrinthApp/meta/libraries/net/minecraft/client/1.21.1-20240808.144430/client-1.21.1-20240808.144430-srg.jar%23215!/assets/.mcassetsroot' uses unexpected schema
[11Aug2026 21:12:17.384] [Render thread/WARN] [net.minecraft.server.packs.VanillaPackResourcesBuilder/]: Assets URL 'union:/home/krzysztofkalisiak/.local/share/ModrinthApp/meta/libraries/net/minecraft/client/1.21.1-20240808.144430/client-1.21.1-20240808.144430-srg.jar%23215!/data/.mcassetsroot' uses unexpected schema
[11Aug2026 21:12:17.398] [Render thread/INFO] [com.mojang.authlib.yggdrasil.YggdrasilAuthenticationService/]: Environment: Environment[sessionHost=https://sessionserver.mojang.com, servicesHost=https://api.minecraftservices.com, name=PROD]
[11Aug2026 21:12:17.403] [Render thread/INFO] [net.minecraft.client.Minecraft/]: Setting user: Eutio
[11Aug2026 21:12:17.414] [Render thread/INFO] [Photonics/]: Reloading config
[11Aug2026 21:12:17.428] [Render thread/INFO] [Photonics/]: Photonics light registry contains 127 light definitions for 98 blocks
[11Aug2026 21:12:17.467] [Render thread/INFO] [Iris/]: Queuing DH event binding...
[11Aug2026 21:12:17.540] [Render thread/INFO] [net.minecraft.client.Minecraft/]: Backend library: LWJGL version 3.3.3+5
[11Aug2026 21:12:17.883] [ForkJoinPool.commonPool-worker-13/WARN] [Iris/]: [Iris Update Check] This version doesn't have an update index, skipping.
[11Aug2026 21:12:19.144] [Render thread/INFO] [com.mojang.blaze3d.platform.Window/]: OpenGL Vendor: AMD
[11Aug2026 21:12:19.144] [Render thread/INFO] [com.mojang.blaze3d.platform.Window/]: OpenGL Renderer: AMD Radeon RX 7900 GRE (radeonsi, navi31, ACO, DRM 3.64, 7.0.0-29-generic)
[11Aug2026 21:12:19.144] [Render thread/INFO] [com.mojang.blaze3d.platform.Window/]: OpenGL Version: 4.6 (Core Profile) Mesa 26.1.2 - kisak-mesa PPA
[11Aug2026 21:12:19.164] [Render thread/INFO] [ImmediatelyFast/]: Initializing ImmediatelyFast 1.6.11+1.21.1 on AMD Radeon RX 7900 GRE (radeonsi, navi31, ACO, DRM 3.64, 7.0.0-29-generic) (AMD) with OpenGL 4.6 (Core Profile) Mesa 26.1.2 - kisak-mesa PPA
[11Aug2026 21:12:19.164] [Render thread/INFO] [ImmediatelyFast/]: Found Iris 1.8.14-beta.1+mc1.21.1. Enabling compatibility.
[11Aug2026 21:12:19.429] [Render thread/INFO] [Iris/]: Debug functionality is disabled.
[11Aug2026 21:12:19.430] [Render thread/INFO] [Iris/]: OpenGL 4.5 detected, enabling DSA.
[11Aug2026 21:12:19.553] [modloading-worker-0/INFO] [Veil/]: Veil is initializing.
[11Aug2026 21:12:19.555] [modloading-worker-0/INFO] [net.fabricmc.fabric.impl.client.indigo.Indigo/]: [Indigo] Different rendering plugin detected; not applying Indigo.
[11Aug2026 21:12:19.576] [modloading-worker-0/INFO] [net.neoforged.neoforge.common.NeoForgeMod/NEOFORGE-MOD]: NeoForge mod loading, version 21.1.235, for MC 1.21.1
[11Aug2026 21:12:19.615] [modloading-worker-0/INFO] [xaero.hud.minimap.MinimapLogs/]: No Optifine!
[11Aug2026 21:12:19.615] [modloading-worker-0/INFO] [xaero.hud.minimap.MinimapLogs/]: Xaero's Minimap: No Vivecraft!
[11Aug2026 21:12:19.615] [modloading-worker-0/INFO] [xaero.hud.minimap.MinimapLogs/]: Xaero's Minimap: Iris found!
[11Aug2026 21:12:19.726] [modloading-worker-0/INFO] [xaero.common.HudMod/]: Registering common data for channel xaerominimap:main!
[11Aug2026 21:12:19.736] [modloading-worker-0/INFO] [com.simibubi.create.Create/]: Create 6.0.10 initializing! Commit hash: ac0c444d9828da3453ae8cc65338e8de063286fb
[11Aug2026 21:12:19.748] [modloading-worker-0/INFO] [xaero.common.HudMod/]: Registering client data for channel xaerominimap:main!
[11Aug2026 21:12:19.780] [modloading-worker-0/INFO] [xaero.common.HudMod/]: Loading primary common config for channel xaerominimap:main!
[11Aug2026 21:12:19.781] [modloading-worker-0/INFO] [xaero.common.HudMod/]: Loading server config profiles for channel xaerominimap:main!
[11Aug2026 21:12:19.782] [modloading-worker-0/INFO] [xaero.common.HudMod/]: Loading primary client config for channel xaerominimap:main!
[11Aug2026 21:12:19.782] [modloading-worker-0/INFO] [xaero.common.HudMod/]: Loading client config profiles for channel xaerominimap:main!
[11Aug2026 21:12:19.784] [modloading-worker-0/INFO] [xaero.lib.XaeroLib/]: Registering common data for channel xaerolib:main!
[11Aug2026 21:12:19.784] [modloading-worker-0/INFO] [xaero.lib.XaeroLib/]: Registering client data for channel xaerolib:main!
[11Aug2026 21:12:19.785] [modloading-worker-0/INFO] [xaero.lib.XaeroLib/]: Loading primary common config for channel xaerolib:main!
[11Aug2026 21:12:19.785] [modloading-worker-0/INFO] [xaero.lib.XaeroLib/]: Loading server config profiles for channel xaerolib:main!
[11Aug2026 21:12:19.785] [modloading-worker-0/INFO] [xaero.lib.XaeroLib/]: Loading primary client config for channel xaerolib:main!
[11Aug2026 21:12:19.786] [modloading-worker-0/INFO] [xaero.lib.XaeroLib/]: Loading client config profiles for channel xaerolib:main!
[11Aug2026 21:12:20.474] [modloading-worker-0/INFO] [dev.ryanhcode.sable.Sable/]: Sable loaded!
[11Aug2026 21:12:20.481] [modloading-worker-0/WARN] [dev.ryanhcode.sable.Sable/]: NOTE: Sable is loaded with Flywheel. Sable contains extensive shader overrides and a full light-storage replacement. Expect this to cause compatibility issues. If issues arise, please report them to the Sable issue tracker (https://github.com/ryanhcode/sable/issues) instead of the Flywheel issue tracker.
[11Aug2026 21:12:21.251] [Render thread/INFO] [Veil/]: GL Debug supported
[11Aug2026 21:12:21.413] [Render thread/INFO] [Iris/]: Hardware information:
[11Aug2026 21:12:21.413] [Render thread/INFO] [Iris/]: CPU: 16x AMD Ryzen 7 7700 8-Core Processor
[11Aug2026 21:12:21.413] [Render thread/INFO] [Iris/]: GPU: AMD Radeon RX 7900 GRE (radeonsi, navi31, ACO, DRM 3.64, 7.0.0-29-generic) (Supports OpenGL 4.6 (Core Profile) Mesa 26.1.2 - kisak-mesa PPA)
[11Aug2026 21:12:21.413] [Render thread/INFO] [Iris/]: OS: Linux (7.0.0-29-generic)
[11Aug2026 21:12:22.231] [Render thread/INFO] [net.minecraft.server.packs.resources.ReloadableResourceManager/]: Reloading ResourceManager: vanilla, fabric, mod_resources, mod/sodium, mod/fabric_transfer_api_v1, mod/simulatedcoasters, mod/fabric_renderer_api_v1, mod/fabric_item_api_v1, mod/fabric_model_loading_api_v1, mod/fabric_rendering_fluids_v1, mod/lithium, mod/aeronautics, mod/xaerolib, mod/aeronautics_bundled, mod/fabric_screen_handler_api_v1, mod/fabric_resource_loader_v0, mod/trender, mod/fabric_rendering_v1, mod/fabric_renderer_indigo, mod/fabric_convention_tags_v1, mod/neoforge, mod/photonics, mod/fabric_block_view_api_v2, mod/fabric_command_api_v2, mod/fabric_convention_tags_v2, mod/fabric_data_attachment_api_v1, mod/iris, mod/veil, mod/simulated, mod/simurail, mod/distanthorizons, mod/fabric_screen_api_v1, mod/fabric_particles_v1, mod/connector, mod/fabric_api,forgified_fabric_api, mod/fabric_content_registries_v0, mod/fabric_transitive_access_wideners_v1, mod/offroad, mod/irisveil, mod/fabric_game_rule_api_v1, mod/fabric_api_base, mod/fabric_api_lookup_api_v1, mod/fabric_blockrenderlayer_v1, mod/fabric_block_api_v1, mod/fabric_resource_conditions_api_v1, mod/sablecompanion, mod/flywheel, mod/ponder, mod/create, mod/sable, mod/contraptionlights, mod/xaerominimap, mod/fabric_item_group_api_v1, mod/fabric_gametest_api_v1, mod/entityculling, mod/fabric_biome_api_v1, mod/fabric_entity_events_v1, mod/fabric_registry_sync_v0, mod/immediatelyfast, mod/lambdynlights_api, mod/fabric_recipe_api_v1, mod/ferritecore, mod/fabric_object_builder_api_v1, mod/fabric_loot_api_v2, mod/fabric_loot_api_v3, mod/transition, mod/fabric_rendering_data_attachment_v1, mod/searchlights, mod/fabric_networking_api_v1, mod/fabric_sound_api_v1, mod/fabric_message_api_v1, mod/fabric_lifecycle_events_v1, mod/fabric_tag_api_v1, mod/fabric_data_generation_api_v1, mod/fabric_events_interaction_v0, mod/fabric_key_binding_api_v1, mod/fabric_client_tags_api_v1, file/Create-LabPBR-v12.zip
[11Aug2026 21:12:22.243] [Worker-Main-5/INFO] [xaero.lib.XaeroLib/]: Loading XaeroLib common 1/2!
[11Aug2026 21:12:22.244] [Worker-Main-4/INFO] [me.yurtema.searchlights.Searchlights/]: HELLO FROM COMMON SETUP
[11Aug2026 21:12:22.264] [NeoForge Version Check/INFO] [net.neoforged.fml.VersionChecker/]: [create] Starting version check at https://api.modrinth.com/updates/create/forge_updates.json?neoforge=only
[11Aug2026 21:12:22.292] [Worker-Main-10/INFO] [net.minecraft.client.gui.font.providers.UnihexProvider/]: Found unifont_all_no_pua-15.1.05.hex, loading
[11Aug2026 21:12:22.292] [Worker-Main-9/INFO] [net.minecraft.client.gui.font.providers.UnihexProvider/]: Found unifont_jp_patch-15.1.05.hex, loading
[11Aug2026 21:12:22.481] [Worker-Main-4/INFO] [xaero.lib.XaeroLib/]: Loading XaeroLib client 1/2!
[11Aug2026 21:12:22.503] [Worker-Main-9/ERROR] [net.minecraft.client.resources.model.ModelManager/]: Failed to load model createdeco:models/block/catwalk_top-x.json
com.google.gson.JsonParseException: Unknown facing: cullface
	at TRANSFORMER/minecraft@1.21.1/net.minecraft.client.renderer.block.model.BlockElement$Deserializer.getFacing(BlockElement.java:155) ~[client-1.21.1-20240808.144430-srg.jar%23215!/:?]
	at TRANSFORMER/minecraft@1.21.1/net.minecraft.client.renderer.block.model.BlockElement$Deserializer.filterNullFromFaces(BlockElement.java:145) ~[client-1.21.1-20240808.144430-srg.jar%23215!/:?]
	at TRANSFORMER/minecraft@1.21.1/net.minecraft.client.renderer.block.model.BlockElement$Deserializer.getFaces(BlockElement.java:132) ~[client-1.21.1-20240808.144430-srg.jar%23215!/:?]
	at TRANSFORMER/minecraft@1.21.1/net.minecraft.client.renderer.block.model.BlockElement$Deserializer.deserialize(BlockElement.java:85) ~[client-1.21.1-20240808.144430-srg.jar%23215!/:?]
	at TRANSFORMER/minecraft@1.21.1/net.minecraft.client.renderer.block.model.BlockElement$Deserializer.deserialize(BlockElement.java:76) ~[client-1.21.1-20240808.144430-srg.jar%23215!/:?]
	at MC-BOOTSTRAP/com.google.gson@2.10.1/com.google.gson.internal.bind.TreeTypeAdapter.read(TreeTypeAdapter.java:76) ~[gson-2.10.1.jar%23191!/:?]
	at MC-BOOTSTRAP/com.google.gson@2.10.1/com.google.gson.Gson.fromJson(Gson.java:1227) ~[gson-2.10.1.jar%23191!/:?]
	at MC-BOOTSTRAP/com.google.gson@2.10.1/com.google.gson.Gson.fromJson(Gson.java:1329) ~[gson-2.10.1.jar%23191!/:?]
	at MC-BOOTSTRAP/com.google.gson@2.10.1/com.google.gson.Gson.fromJson(Gson.java:1300) ~[gson-2.10.1.jar%23191!/:?]
	at MC-BOOTSTRAP/com.google.gson@2.10.1/com.google.gson.internal.bind.TreeTypeAdapter$GsonContextImpl.deserialize(TreeTypeAdapter.java:179) ~[gson-2.10.1.jar%23191!/:?]
	at TRANSFORMER/minecraft@1.21.1/net.minecraft.client.renderer.block.model.BlockModel$Deserializer.getElements(BlockModel.java:409) ~[client-1.21.1-20240808.144430-srg.jar%23215!/:?]
	at TRANSFORMER/minecraft@1.21.1/net.minecraft.client.renderer.block.model.BlockModel$Deserializer.deserialize(BlockModel.java:338) ~[client-1.21.1-20240808.144430-srg.jar%23215!/:?]
	at TRANSFORMER/neoforge@21.1.235/net.neoforged.neoforge.client.model.ExtendedBlockModelDeserializer.deserialize(ExtendedBlockModelDeserializer.java:51) ~[neoforge-21.1.235-universal.jar%23216!/:?]
	at TRANSFORMER/neoforge@21.1.235/net.neoforged.neoforge.client.model.ExtendedBlockModelDeserializer.deserialize(ExtendedBlockModelDeserializer.java:37) ~[neoforge-21.1.235-universal.jar%23216!/:?]
	at MC-BOOTSTRAP/com.google.gson@2.10.1/com.google.gson.internal.bind.TreeTypeAdapter.read(TreeTypeAdapter.java:76) ~[gson-2.10.1.jar%23191!/:?]
	at TRANSFORMER/minecraft@1.21.1/net.minecraft.util.GsonHelper.fromNullableJson(GsonHelper.java:525) ~[client-1.21.1-20240808.144430-srg.jar%23215!/:?]
	at TRANSFORMER/minecraft@1.21.1/net.minecraft.util.GsonHelper.fromJson(GsonHelper.java:532) ~[client-1.21.1-20240808.144430-srg.jar%23215!/:?]
	at TRANSFORMER/minecraft@1.21.1/net.minecraft.util.GsonHelper.fromJson(GsonHelper.java:582) ~[client-1.21.1-20240808.144430-srg.jar%23215!/:?]
	at TRANSFORMER/minecraft@1.21.1/net.minecraft.client.renderer.block.model.BlockModel.fromStream(BlockModel.java:83) ~[client-1.21.1-20240808.144430-srg.jar%23215!/:?]
	at TRANSFORMER/minecraft@1.21.1/net.minecraft.client.resources.model.ModelManager.lambda$loadBlockModels$8(ModelManager.java:144) ~[client-1.21.1-20240808.144430-srg.jar%23215!/:?]
	at java.base/java.util.concurrent.CompletableFuture$AsyncSupply.run(Unknown Source) [?:?]
	at java.base/java.util.concurrent.CompletableFuture$AsyncSupply.exec(Unknown Source) [?:?]
	at java.base/java.util.concurrent.ForkJoinTask.doExec(Unknown Source) [?:?]
	at java.base/java.util.concurrent.ForkJoinPool$WorkQueue.topLevelExec(Unknown Source) [?:?]
	at java.base/java.util.concurrent.ForkJoinPool.scan(Unknown Source) [?:?]
	at java.base/java.util.concurrent.ForkJoinPool.runWorker(Unknown Source) [?:?]
	at java.base/java.util.concurrent.ForkJoinWorkerThread.run(Unknown Source) [?:?]
[11Aug2026 21:12:22.549] [Worker-Main-2/INFO] [DistantHorizons-DistantHorizons-com.seibel.distanthorizons.common.AbstractModInitializer_neoforge/]: Initializing Distant Horizons client, firing DhApiBeforeDhInitEvent...
[11Aug2026 21:12:22.588] [Worker-Main-1/INFO] [top.leonx.irisveil.IrisVeilCompat/]: HELLO FROM CLIENT SETUP
[11Aug2026 21:12:22.588] [Worker-Main-1/INFO] [top.leonx.irisveil.IrisVeilCompat/]: MINECRAFT NAME >> Eutio
[11Aug2026 21:12:22.588] [Worker-Main-1/INFO] [xaero.minimap.XaeroMinimap/]: Loading Xaero's Minimap - Stage 1/2
[11Aug2026 21:12:22.589] [Worker-Main-2/INFO] [DistantHorizons-DistantHorizons-com.seibel.distanthorizons.core.Initializer/]: Running library validation...
[11Aug2026 21:12:22.601] [Worker-Main-10/INFO] [me.yurtema.searchlights.Searchlights/]: HELLO FROM CLIENT SETUP
[11Aug2026 21:12:22.601] [Worker-Main-10/INFO] [me.yurtema.searchlights.Searchlights/]: MINECRAFT NAME >> Eutio
[11Aug2026 21:12:22.610] [Worker-Main-15/WARN] [net.minecraft.client.renderer.texture.SpriteLoader/]: Texture simulatedcoasters:block/chain_lift/chain with size 8x10 limits mip level from 4 to 1
[11Aug2026 21:12:22.705] [NeoForge Version Check/INFO] [net.neoforged.fml.VersionChecker/]: [create] Found status: OUTDATED Current: 6.0.10 Target: 6.0.10+mc1.21.1
[11Aug2026 21:12:22.759] [Worker-Main-2/INFO] [DistantHorizons-DistantHorizons-com.seibel.distanthorizons.common.AbstractModInitializer_neoforge/]: Distant Horizons, Version: 3.2.0-b
[11Aug2026 21:12:22.765] [Worker-Main-2/INFO] [DistantHorizons-DistantHorizons-com.seibel.distanthorizons.common.AbstractModInitializer_neoforge/]: Skipping mod compatibility accessor for: [optifine]
[11Aug2026 21:12:22.766] [Worker-Main-2/INFO] [DistantHorizons-DistantHorizons-com.seibel.distanthorizons.common.AbstractModInitializer_neoforge/]: Skipping mod compatibility accessor for: [c2me]
[11Aug2026 21:12:22.766] [Worker-Main-2/INFO] [DistantHorizons-DistantHorizons-com.seibel.distanthorizons.common.AbstractModInitializer_neoforge/]: Skipping mod compatibility accessor for: [immersive_portals]
[11Aug2026 21:12:22.767] [Worker-Main-2/INFO] [DistantHorizons-DistantHorizons-com.seibel.distanthorizons.core.dependencyInjection.ModAccessorInjector/]: Registered mod compatibility accessor for: [iris].
[11Aug2026 21:12:22.782] [Worker-Main-2/INFO] [DistantHorizons-DistantHorizons-com.seibel.distanthorizons.core.config.ConfigHandler/]: Initialising config for [DistantHorizons]
[11Aug2026 21:12:22.833] [Worker-Main-2/INFO] [DistantHorizons-DistantHorizons-com.seibel.distanthorizons.core.config.ConfigHandler/]: [DistantHorizons] Config initialised
[11Aug2026 21:12:22.840] [Worker-Main-2/INFO] [DistantHorizons-DistantHorizons-com.seibel.distanthorizons.core.config.eventHandlers.IgnoredDimensionCsvHandler/]: Dimension ignoring disabled, DH will render all dimensions.
[11Aug2026 21:12:22.840] [Worker-Main-2/INFO] [com.seibel.distanthorizons.core.logging.DhLogger/]: Applying config to loggers
[11Aug2026 21:12:22.841] [Worker-Main-2/INFO] [DistantHorizons-DistantHorizons-com.seibel.distanthorizons.core.Initializer/]: Garbage collectors: [G1 Young Generation, G1 Concurrent GC, G1 Old Generation]
[11Aug2026 21:12:22.841] [Worker-Main-2/WARN] [DistantHorizons-DistantHorizons-com.seibel.distanthorizons.core.Initializer/]: Distant Horizons: G1 Garbage collector detected.
This can cause FPS stuttering. 
It's recommended to use a concurrent garbage collector 
like ZGC (Java 21+) or Shenandoah (Java 8 through 17) 
for a smoother experience. 
This warning can be disabled in the DH config.
[11Aug2026 21:12:22.845] [Worker-Main-2/INFO] [DistantHorizons-DistantHorizons-com.seibel.distanthorizons.core.Initializer/]: Explicit Garbage Collection: [Enabled]
[11Aug2026 21:12:22.846] [Worker-Main-2/INFO] [DistantHorizons-DistantHorizons-com.seibel.distanthorizons.common.AbstractModInitializer_neoforge/]: Distant Horizons client Initialized.
[11Aug2026 21:12:22.846] [Worker-Main-2/INFO] [DistantHorizons-DistantHorizons-com.seibel.distanthorizons.common.AbstractModInitializer_neoforge/]: Running Delayed setup...
[11Aug2026 21:12:22.846] [Worker-Main-2/INFO] [DistantHorizons-DistantHorizons-com.seibel.distanthorizons.common.AbstractModInitializer_neoforge/]: Delayed setup complete, firing DhApiAfterDhInitEvent event...
[11Aug2026 21:12:22.846] [Worker-Main-2/INFO] [Iris/]: DH Ready, binding Iris event handlers...
[11Aug2026 21:12:22.850] [Worker-Main-2/INFO] [Iris/]: DH Iris events bound.
[11Aug2026 21:12:22.851] [DH-PostClientInit Thread/INFO] [DistantHorizons-DistantHorizons-com.seibel.distanthorizons.common.wrappers.DependencySetup_neoforge/]: Setting DH Rendering API to: [OPEN_GL]...
[11Aug2026 21:12:22.857] [DH-PostClientInit Thread/INFO] [DistantHorizons-DistantHorizons-com.seibel.distanthorizons.common.wrappers.DependencySetup_neoforge/]: DH Rendering successfully bound to: [OpenGL]...
[11Aug2026 21:12:22.928] [Worker-Main-8/WARN] [net.minecraft.client.resources.model.BlockStateModelLoader/]: Exception loading blockstate definition: 'simulatedcoasters:blockstates/coaster_track_material.json' missing model for variant: 'simulatedcoasters:coaster_track_material#shape=an,turn=false,waterlogged=false'
[11Aug2026 21:12:22.929] [Worker-Main-8/WARN] [net.minecraft.client.resources.model.BlockStateModelLoader/]: Exception loading blockstate definition: 'simulatedcoasters:blockstates/coaster_track_material.json' missing model for variant: 'simulatedcoasters:coaster_track_material#shape=cr_d,turn=false,waterlogged=false'
[11Aug2026 21:12:22.929] [Worker-Main-8/WARN] [net.minecraft.client.resources.model.BlockStateModelLoader/]: Exception loading blockstate definition: 'simulatedcoasters:blockstates/coaster_track_material.json' missing model for variant: 'simulatedcoasters:coaster_track_material#shape=zo,turn=true,waterlogged=false'
[11Aug2026 21:12:22.929] [Worker-Main-8/WARN] [net.minecraft.client.resources.model.BlockStateModelLoader/]: Exception loading blockstate definition: 'simulatedcoasters:blockstates/coaster_track_material.json' missing model for variant: 'simulatedcoasters:coaster_track_material#shape=ae,turn=false,waterlogged=false'
[11Aug2026 21:12:22.929] [Worker-Main-8/WARN] [net.minecraft.client.resources.model.BlockStateModelLoader/]: Exception loading blockstate definition: 'simulatedcoasters:blockstates/coaster_track_material.json' missing model for variant: 'simulatedcoasters:coaster_track_material#shape=tw,turn=true,waterlogged=true'
[11Aug2026 21:12:22.929] [Worker-Main-8/WARN] [net.minecraft.client.resources.model.BlockStateModelLoader/]: Exception loading blockstate definition: 'simulatedcoasters:blockstates/coaster_track_material.json' missing model for variant: 'simulatedcoasters:coaster_track_material#shape=tn,turn=true,waterlogged=true'
[11Aug2026 21:12:22.929] [Worker-Main-8/WARN] [net.minecraft.client.resources.model.BlockStateModelLoader/]: Exception loading blockstate definition: 'simulatedcoasters:blockstates/coaster_track_material.json' missing model for variant: 'simulatedcoasters:coaster_track_material#shape=te,turn=true,waterlogged=true'
[11Aug2026 21:12:22.929] [Worker-Main-8/WARN] [net.minecraft.client.resources.model.BlockStateModelLoader/]: Exception loading blockstate definition: 'simulatedcoasters:blockstates/coaster_track_material.json' missing model for variant: 'simulatedcoasters:coaster_track_material#shape=nd,turn=false,waterlogged=false'
[11Aug2026 21:12:22.929] [Worker-Main-8/WARN] [net.minecraft.client.resources.model.BlockStateModelLoader/]: Exception loading blockstate definition: 'simulatedcoasters:blockstates/coaster_track_material.json' missing model for variant: 'simulatedcoasters:coaster_track_material#shape=aw,turn=false,waterlogged=false'
[11Aug2026 21:12:22.929] [Worker-Main-8/WARN] [net.minecraft.client.resources.model.BlockStateModelLoader/]: Exception loading blockstate definition: 'simulatedcoasters:blockstates/coaster_track_material.json' missing model for variant: 'simulatedcoasters:coaster_track_material#shape=te,turn=false,waterlogged=false'
[11Aug2026 21:12:22.929] [Worker-Main-8/WARN] [net.minecraft.client.resources.model.BlockStateModelLoader/]: Exception loading blockstate definition: 'simulatedcoasters:blockstates/coaster_track_material.json' missing model for variant: 'simulatedcoasters:coaster_track_material#shape=ae,turn=true,waterlogged=false'
[11Aug2026 21:12:22.929] [Worker-Main-8/WARN] [net.minecraft.client.resources.model.BlockStateModelLoader/]: Exception loading blockstate definition: 'simulatedcoasters:blockstates/coaster_track_material.json' missing model for variant: 'simulatedcoasters:coaster_track_material#shape=none,turn=true,waterlogged=false'
[11Aug2026 21:12:22.929] [Worker-Main-8/WARN] [net.minecraft.client.resources.model.BlockStateModelLoader/]: Exception loading blockstate definition: 'simulatedcoasters:blockstates/coaster_track_material.json' missing model for variant: 'simulatedcoasters:coaster_track_material#shape=cr_o,turn=false,waterlogged=false'
[11Aug2026 21:12:22.929] [Worker-Main-8/WARN] [net.minecraft.client.resources.model.BlockStateModelLoader/]: Exception loading blockstate definition: 'simulatedcoasters:blockstates/coaster_track_material.json' missing model for variant: 'simulatedcoasters:coaster_track_material#shape=cr_d,turn=true,waterlogged=false'
[11Aug2026 21:12:22.929] [Worker-Main-8/WARN] [net.minecraft.client.resources.model.BlockStateModelLoader/]: Exception loading blockstate definition: 'simulatedcoasters:blockstates/coaster_track_material.json' missing model for variant: 'simulatedcoasters:coaster_track_material#shape=cr_pdz,turn=true,waterlogged=true'
[11Aug2026 21:12:22.929] [Worker-Main-8/WARN] [net.minecraft.client.resources.model.BlockStateModelLoader/]: Exception loading blockstate definition: 'simulatedcoasters:blockstates/coaster_track_material.json' missing model for variant: 'simulatedcoasters:coaster_track_material#shape=tw,turn=false,waterlogged=false'
[11Aug2026 21:12:22.929] [Worker-Main-8/WARN] [net.minecraft.client.resources.model.BlockStateModelLoader/]: Exception loading blockstate definition: 'simulatedcoasters:blockstates/coaster_track_material.json' missing model for variant: 'simulatedcoasters:coaster_track_material#shape=cr_o,turn=false,waterlogged=true'
[11Aug2026 21:12:22.929] [Worker-Main-8/WARN] [net.minecraft.client.resources.model.BlockStateModelLoader/]: Exception loading blockstate definition: 'simulatedcoasters:blockstates/coaster_track_material.json' missing model for variant: 'simulatedcoasters:coaster_track_material#shape=cr_ndx,turn=true,waterlogged=true'
[11Aug2026 21:12:22.929] [Worker-Main-8/WARN] [net.minecraft.client.resources.model.BlockStateModelLoader/]: Exception loading blockstate definition: 'simulatedcoasters:blockstates/coaster_track_material.json' missing model for variant: 'simulatedcoasters:coaster_track_material#shape=cr_pdz,turn=false,waterlogged=false'
[11Aug2026 21:12:22.929] [Worker-Main-8/WARN] [net.minecraft.client.resources.model.BlockStateModelLoader/]: Exception loading blockstate definition: 'simulatedcoasters:blockstates/coaster_track_material.json' missing model for variant: 'simulatedcoasters:coaster_track_material#shape=aw,turn=true,waterlogged=false'
[11Aug2026 21:12:22.929] [Worker-Main-8/WARN] [net.minecraft.client.resources.model.BlockStateModelLoader/]: Exception loading blockstate definition: 'simulatedcoasters:blockstates/coaster_track_material.json' missing model for variant: 'simulatedcoasters:coaster_track_material#shape=an,turn=true,waterlogged=true'
[11Aug2026 21:12:22.929] [Worker-Main-8/WARN] [net.minecraft.client.resources.model.BlockStateModelLoader/]: Exception loading blockstate definition: 'simulatedcoasters:blockstates/coaster_track_material.json' missing model for variant: 'simulatedcoasters:coaster_track_material#shape=cr_d,turn=true,waterlogged=true'
[11Aug2026 21:12:22.929] [Worker-Main-8/WARN] [net.minecraft.client.resources.model.BlockStateModelLoader/]: Exception loading blockstate definition: 'simulatedcoasters:blockstates/coaster_track_material.json' missing model for variant: 'simulatedcoasters:coaster_track_material#shape=as,turn=true,waterlogged=false'
[11Aug2026 21:12:22.929] [Worker-Main-8/WARN] [net.minecraft.client.resources.model.BlockStateModelLoader/]: Exception loading blockstate definition: 'simulatedcoasters:blockstates/coaster_track_material.json' missing model for variant: 'simulatedcoasters:coaster_track_material#shape=aw,turn=false,waterlogged=true'
[11Aug2026 21:12:22.929] [Worker-Main-8/WARN] [net.minecraft.client.resources.model.BlockStateModelLoader/]: Exception loading blockstate definition: 'simulatedcoasters:blockstates/coaster_track_material.json' missing model for variant: 'simulatedcoasters:coaster_track_material#shape=tw,turn=true,waterlogged=false'
[11Aug2026 21:12:22.929] [Worker-Main-8/WARN] [net.minecraft.client.resources.model.BlockStateModelLoader/]: Exception loading blockstate definition: 'simulatedcoasters:blockstates/coaster_track_material.json' missing model for variant: 'simulatedcoasters:coaster_track_material#shape=as,turn=true,waterlogged=true'
[11Aug2026 21:12:22.929] [Worker-Main-8/WARN] [net.minecraft.client.resources.model.BlockStateModelLoader/]: Exception loading blockstate definition: 'simulatedcoasters:blockstates/coaster_track_material.json' missing model for variant: 'simulatedcoasters:coaster_track_material#shape=cr_ndz,turn=false,waterlogged=true'
[11Aug2026 21:12:22.929] [Worker-Main-8/WARN] [net.minecraft.client.resources.model.BlockStateModelLoader/]: Exception loading blockstate definition: 'simulatedcoasters:blockstates/coaster_track_material.json' missing model for variant: 'simulatedcoasters:coaster_track_material#shape=xo,turn=true,waterlogged=true'
[11Aug2026 21:12:22.929] [Worker-Main-8/WARN] [net.minecraft.client.resources.model.BlockStateModelLoader/]: Exception loading blockstate definition: 'simulatedcoasters:blockstates/coaster_track_material.json' missing model for variant: 'simulatedcoasters:coaster_track_material#shape=ts,turn=false,waterlogged=true'
[11Aug2026 21:12:22.929] [Worker-Main-8/WARN] [net.minecraft.client.resources.model.BlockStateModelLoader/]: Exception loading blockstate definition: 'simulatedcoasters:blockstates/coaster_track_material.json' missing model for variant: 'simulatedcoasters:coaster_track_material#shape=none,turn=false,waterlogged=false'
[11Aug2026 21:12:22.929] [Worker-Main-8/WARN] [net.minecraft.client.resources.model.BlockStateModelLoader/]: Exception loading blockstate definition: 'simulatedcoasters:blockstates/coaster_track_material.json' missing model for variant: 'simulatedcoasters:coaster_track_material#shape=cr_pdx,turn=true,waterlogged=false'
[11Aug2026 21:12:22.929] [Worker-Main-8/WARN] [net.minecraft.client.resources.model.BlockStateModelLoader/]: Exception loading blockstate definition: 'simulatedcoasters:blockstates/coaster_track_material.json' missing model for variant: 'simulatedcoasters:coaster_track_material#shape=pd,turn=false,waterlogged=true'
[11Aug2026 21:12:22.929] [Worker-Main-8/WARN] [net.minecraft.client.resources.model.BlockStateModelLoader/]: Exception loading blockstate definition: 'simulatedcoasters:blockstates/coaster_track_material.json' missing model for variant: 'simulatedcoasters:coaster_track_material#shape=none,turn=false,waterlogged=true'
[11Aug2026 21:12:22.929] [Worker-Main-8/WARN] [net.minecraft.client.resources.model.BlockStateModelLoader/]: Exception loading blockstate definition: 'simulatedcoasters:blockstates/coaster_track_material.json' missing model for variant: 'simulatedcoasters:coaster_track_material#shape=an,turn=true,waterlogged=false'
[11Aug2026 21:12:22.929] [Worker-Main-8/WARN] [net.minecraft.client.resources.model.BlockStateModelLoader/]: Exception loading blockstate definition: 'simulatedcoasters:blockstates/coaster_track_material.json' missing model for variant: 'simulatedcoasters:coaster_track_material#shape=cr_o,turn=true,waterlogged=true'
[11Aug2026 21:12:22.929] [Worker-Main-8/WARN] [net.minecraft.client.resources.model.BlockStateModelLoader/]: Exception loading blockstate definition: 'simulatedcoasters:blockstates/coaster_track_material.json' missing model for variant: 'simulatedcoasters:coaster_track_material#shape=cr_ndz,turn=true,waterlogged=true'
[11Aug2026 21:12:22.929] [Worker-Main-8/WARN] [net.minecraft.client.resources.model.BlockStateModelLoader/]: Exception loading blockstate definition: 'simulatedcoasters:blockstates/coaster_track_material.json' missing model for variant: 'simulatedcoasters:coaster_track_material#shape=te,turn=false,waterlogged=true'
[11Aug2026 21:12:22.929] [Worker-Main-8/WARN] [net.minecraft.client.resources.model.BlockStateModelLoader/]: Exception loading blockstate definition: 'simulatedcoasters:blockstates/coaster_track_material.json' missing model for variant: 'simulatedcoasters:coaster_track_material#shape=as,turn=false,waterlogged=false'
[11Aug2026 21:12:22.929] [Worker-Main-8/WARN] [net.minecraft.client.resources.model.BlockStateModelLoader/]: Exception loading blockstate definition: 'simulatedcoasters:blockstates/coaster_track_material.json' missing model for variant: 'simulatedcoasters:coaster_track_material#shape=cr_ndx,turn=false,waterlogged=true'
[11Aug2026 21:12:22.930] [Worker-Main-8/WARN] [net.minecraft.client.resources.model.BlockStateModelLoader/]: Exception loading blockstate definition: 'simulatedcoasters:blockstates/coaster_track_material.json' missing model for variant: 'simulatedcoasters:coaster_track_material#shape=cr_pdz,turn=false,waterlogged=true'
[11Aug2026 21:12:22.930] [Worker-Main-8/WARN] [net.minecraft.client.resources.model.BlockStateModelLoader/]: Exception loading blockstate definition: 'simulatedcoasters:blockstates/coaster_track_material.json' missing model for variant: 'simulatedcoasters:coaster_track_material#shape=zo,turn=true,waterlogged=true'
[11Aug2026 21:12:22.930] [Worker-Main-8/WARN] [net.minecraft.client.resources.model.BlockStateModelLoader/]: Exception loading blockstate definition: 'simulatedcoasters:blockstates/coaster_track_material.json' missing model for variant: 'simulatedcoasters:coaster_track_material#shape=zo,turn=false,waterlogged=true'
[11Aug2026 21:12:22.930] [Worker-Main-8/WARN] [net.minecraft.client.resources.model.BlockStateModelLoader/]: Exception loading blockstate definition: 'simulatedcoasters:blockstates/coaster_track_material.json' missing model for variant: 'simulatedcoasters:coaster_track_material#shape=cr_o,turn=true,waterlogged=false'
[11Aug2026 21:12:22.930] [Worker-Main-8/WARN] [net.minecraft.client.resources.model.BlockStateModelLoader/]: Exception loading blockstate definition: 'simulatedcoasters:blockstates/coaster_track_material.json' missing model for variant: 'simulatedcoasters:coaster_track_material#shape=ae,turn=false,waterlogged=true'
[11Aug2026 21:12:22.930] [Worker-Main-8/WARN] [net.minecraft.client.resources.model.BlockStateModelLoader/]: Exception loading blockstate definition: 'simulatedcoasters:blockstates/coaster_track_material.json' missing model for variant: 'simulatedcoasters:coaster_track_material#shape=pd,turn=true,waterlogged=true'
[11Aug2026 21:12:22.930] [Worker-Main-8/WARN] [net.minecraft.client.resources.model.BlockStateModelLoader/]: Exception loading blockstate definition: 'simulatedcoasters:blockstates/coaster_track_material.json' missing model for variant: 'simulatedcoasters:coaster_track_material#shape=nd,turn=false,waterlogged=true'
[11Aug2026 21:12:22.930] [Worker-Main-8/WARN] [net.minecraft.client.resources.model.BlockStateModelLoader/]: Exception loading blockstate definition: 'simulatedcoasters:blockstates/coaster_track_material.json' missing model for variant: 'simulatedcoasters:coaster_track_material#shape=ts,turn=true,waterlogged=true'
[11Aug2026 21:12:22.930] [Worker-Main-8/WARN] [net.minecraft.client.resources.model.BlockStateModelLoader/]: Exception loading blockstate definition: 'simulatedcoasters:blockstates/coaster_track_material.json' missing model for variant: 'simulatedcoasters:coaster_track_material#shape=cr_ndx,turn=false,waterlogged=false'
[11Aug2026 21:12:22.930] [Worker-Main-8/WARN] [net.minecraft.client.resources.model.BlockStateModelLoader/]: Exception loading blockstate definition: 'simulatedcoasters:blockstates/coaster_track_material.json' missing model for variant: 'simulatedcoasters:coaster_track_material#shape=tn,turn=true,waterlogged=false'
[11Aug2026 21:12:22.930] [Worker-Main-8/WARN] [net.minecraft.client.resources.model.BlockStateModelLoader/]: Exception loading blockstate definition: 'simulatedcoasters:blockstates/coaster_track_material.json' missing model for variant: 'simulatedcoasters:coaster_track_material#shape=cr_d,turn=false,waterlogged=true'
[11Aug2026 21:12:22.930] [Worker-Main-8/WARN] [net.minecraft.client.resources.model.BlockStateModelLoader/]: Exception loading blockstate definition: 'simulatedcoasters:blockstates/coaster_track_material.json' missing model for variant: 'simulatedcoasters:coaster_track_material#shape=cr_ndz,turn=true,waterlogged=false'
[11Aug2026 21:12:22.930] [Worker-Main-8/WARN] [net.minecraft.client.resources.model.BlockStateModelLoader/]: Exception loading blockstate definition: 'simulatedcoasters:blockstates/coaster_track_material.json' missing model for variant: 'simulatedcoasters:coaster_track_material#shape=pd,turn=false,waterlogged=false'
[11Aug2026 21:12:22.930] [Worker-Main-8/WARN] [net.minecraft.client.resources.model.BlockStateModelLoader/]: Exception loading blockstate definition: 'simulatedcoasters:blockstates/coaster_track_material.json' missing model for variant: 'simulatedcoasters:coaster_track_material#shape=xo,turn=true,waterlogged=false'
[11Aug2026 21:12:22.930] [Worker-Main-8/WARN] [net.minecraft.client.resources.model.BlockStateModelLoader/]: Exception loading blockstate definition: 'simulatedcoasters:blockstates/coaster_track_material.json' missing model for variant: 'simulatedcoasters:coaster_track_material#shape=tn,turn=false,waterlogged=true'
[11Aug2026 21:12:22.930] [Worker-Main-8/WARN] [net.minecraft.client.resources.model.BlockStateModelLoader/]: Exception loading blockstate definition: 'simulatedcoasters:blockstates/coaster_track_material.json' missing model for variant: 'simulatedcoasters:coaster_track_material#shape=xo,turn=false,waterlogged=true'
[11Aug2026 21:12:22.930] [Worker-Main-8/WARN] [net.minecraft.client.resources.model.BlockStateModelLoader/]: Exception loading blockstate definition: 'simulatedcoasters:blockstates/coaster_track_material.json' missing model for variant: 'simulatedcoasters:coaster_track_material#shape=aw,turn=true,waterlogged=true'
[11Aug2026 21:12:22.930] [Worker-Main-8/WARN] [net.minecraft.client.resources.model.BlockStateModelLoader/]: Exception loading blockstate definition: 'simulatedcoasters:blockstates/coaster_track_material.json' missing model for variant: 'simulatedcoasters:coaster_track_material#shape=ts,turn=true,waterlogged=false'
[11Aug2026 21:12:22.930] [Worker-Main-8/WARN] [net.minecraft.client.resources.model.BlockStateModelLoader/]: Exception loading blockstate definition: 'simulatedcoasters:blockstates/coaster_track_material.json' missing model for variant: 'simulatedcoasters:coaster_track_material#shape=ae,turn=true,waterlogged=true'
[11Aug2026 21:12:22.930] [Worker-Main-8/WARN] [net.minecraft.client.resources.model.BlockStateModelLoader/]: Exception loading blockstate definition: 'simulatedcoasters:blockstates/coaster_track_material.json' missing model for variant: 'simulatedcoasters:coaster_track_material#shape=cr_pdx,turn=false,waterlogged=true'
[11Aug2026 21:12:22.930] [Worker-Main-8/WARN] [net.minecraft.client.resources.model.BlockStateModelLoader/]: Exception loading blockstate definition: 'simulatedcoasters:blockstates/coaster_track_material.json' missing model for variant: 'simulatedcoasters:coaster_track_material#shape=te,turn=true,waterlogged=false'
[11Aug2026 21:12:22.930] [Worker-Main-8/WARN] [net.minecraft.client.resources.model.BlockStateModelLoader/]: Exception loading blockstate definition: 'simulatedcoasters:blockstates/coaster_track_material.json' missing model for variant: 'simulatedcoasters:coaster_track_material#shape=tw,turn=false,waterlogged=true'
[11Aug2026 21:12:22.930] [Worker-Main-8/WARN] [net.minecraft.client.resources.model.BlockStateModelLoader/]: Exception loading blockstate definition: 'simulatedcoasters:blockstates/coaster_track_material.json' missing model for variant: 'simulatedcoasters:coaster_track_material#shape=xo,turn=false,waterlogged=false'
[11Aug2026 21:12:22.931] [Worker-Main-8/WARN] [net.minecraft.client.resources.model.BlockStateModelLoader/]: Exception loading blockstate definition: 'simulatedcoasters:blockstates/coaster_track_material.json' missing model for variant: 'simulatedcoasters:coaster_track_material#shape=as,turn=false,waterlogged=true'
[11Aug2026 21:12:22.931] [Worker-Main-8/WARN] [net.minecraft.client.resources.model.BlockStateModelLoader/]: Exception loading blockstate definition: 'simulatedcoasters:blockstates/coaster_track_material.json' missing model for variant: 'simulatedcoasters:coaster_track_material#shape=pd,turn=true,waterlogged=false'
[11Aug2026 21:12:22.931] [Worker-Main-8/WARN] [net.minecraft.client.resources.model.BlockStateModelLoader/]: Exception loading blockstate definition: 'simulatedcoasters:blockstates/coaster_track_material.json' missing model for variant: 'simulatedcoasters:coaster_track_material#shape=cr_pdx,turn=true,waterlogged=true'
[11Aug2026 21:12:22.931] [Worker-Main-8/WARN] [net.minecraft.client.resources.model.BlockStateModelLoader/]: Exception loading blockstate definition: 'simulatedcoasters:blockstates/coaster_track_material.json' missing model for variant: 'simulatedcoasters:coaster_track_material#shape=tn,turn=false,waterlogged=false'
[11Aug2026 21:12:22.931] [Worker-Main-8/WARN] [net.minecraft.client.resources.model.BlockStateModelLoader/]: Exception loading blockstate definition: 'simulatedcoasters:blockstates/coaster_track_material.json' missing model for variant: 'simulatedcoasters:coaster_track_material#shape=nd,turn=true,waterlogged=true'
[11Aug2026 21:12:22.931] [Worker-Main-8/WARN] [net.minecraft.client.resources.model.BlockStateModelLoader/]: Exception loading blockstate definition: 'simulatedcoasters:blockstates/coaster_track_material.json' missing model for variant: 'simulatedcoasters:coaster_track_material#shape=nd,turn=true,waterlogged=false'
[11Aug2026 21:12:22.931] [Worker-Main-8/WARN] [net.minecraft.client.resources.model.BlockStateModelLoader/]: Exception loading blockstate definition: 'simulatedcoasters:blockstates/coaster_track_material.json' missing model for variant: 'simulatedcoasters:coaster_track_material#shape=cr_pdz,turn=true,waterlogged=false'
[11Aug2026 21:12:22.931] [Worker-Main-8/WARN] [net.minecraft.client.resources.model.BlockStateModelLoader/]: Exception loading blockstate definition: 'simulatedcoasters:blockstates/coaster_track_material.json' missing model for variant: 'simulatedcoasters:coaster_track_material#shape=ts,turn=false,waterlogged=false'
[11Aug2026 21:12:22.931] [Worker-Main-8/WARN] [net.minecraft.client.resources.model.BlockStateModelLoader/]: Exception loading blockstate definition: 'simulatedcoasters:blockstates/coaster_track_material.json' missing model for variant: 'simulatedcoasters:coaster_track_material#shape=cr_pdx,turn=false,waterlogged=false'
[11Aug2026 21:12:22.931] [Worker-Main-8/WARN] [net.minecraft.client.resources.model.BlockStateModelLoader/]: Exception loading blockstate definition: 'simulatedcoasters:blockstates/coaster_track_material.json' missing model for variant: 'simulatedcoasters:coaster_track_material#shape=an,turn=false,waterlogged=true'
[11Aug2026 21:12:22.931] [Worker-Main-8/WARN] [net.minecraft.client.resources.model.BlockStateModelLoader/]: Exception loading blockstate definition: 'simulatedcoasters:blockstates/coaster_track_material.json' missing model for variant: 'simulatedcoasters:coaster_track_material#shape=none,turn=true,waterlogged=true'
[11Aug2026 21:12:22.931] [Worker-Main-8/WARN] [net.minecraft.client.resources.model.BlockStateModelLoader/]: Exception loading blockstate definition: 'simulatedcoasters:blockstates/coaster_track_material.json' missing model for variant: 'simulatedcoasters:coaster_track_material#shape=cr_ndz,turn=false,waterlogged=false'
[11Aug2026 21:12:22.931] [Worker-Main-8/WARN] [net.minecraft.client.resources.model.BlockStateModelLoader/]: Exception loading blockstate definition: 'simulatedcoasters:blockstates/coaster_track_material.json' missing model for variant: 'simulatedcoasters:coaster_track_material#shape=cr_ndx,turn=true,waterlogged=false'
[11Aug2026 21:12:23.620] [Render thread/INFO] [Photonics/]: Photonics ReSTIR GI v70: forcing PHOTONICS_RESTIR_COMBINED_GI on for the geometry-guided spatial-reuse test (configured=true)
[11Aug2026 21:12:23.621] [Render thread/INFO] [Photonics/]: Photonics performance overrides: renderScale=shader-pack, giRenderScale=1.0, temporalUpscaler=false, temporalUpscalerSourceScale=1.0, temporalUpscalerHistoryFrames=shader-pack, restirInitialSamples=shader-pack, restirDenoiserPasses=shader-pack, restirGiDenoiserPasses=shader-pack (shader-pack means no JVM override)
[11Aug2026 21:12:23.640] [Render thread/INFO] [Photonics/]: Photonics shader source: path=/photonics/deprecated/shader_interface.glsl origin=photonics-jar sha256=5dfda62a6095f3b51553fc5ab09f6a103ffc712dc085e945dcf4d77fd79ca35d
[11Aug2026 21:12:23.641] [Render thread/INFO] [Photonics/]: Photonics shader source: path=/photonics/interface/lighting_interface.glsl origin=photonics-jar sha256=9a4d8485bce1dad2f12e2b328cd7e2ac4d590f4e9012b6df7fb0fd9835853e07
[11Aug2026 21:12:23.641] [Render thread/INFO] [Photonics/]: Photonics shader source: path=/photonics/interface/world_interface.glsl origin=photonics-jar sha256=824e3242f9613ce90af16908fe249e1ec8d7cdbc055edd991a9a62ef78a0ca37
[11Aug2026 21:12:23.641] [Render thread/INFO] [Photonics/]: Photonics shader source: path=/photonics/internal/impl/attenuation.glsl origin=photonics-jar sha256=8bde0c29d33d681517727a682d42a9611fae9588b253436da3cc1d6a186d740c
[11Aug2026 21:12:23.641] [Render thread/INFO] [Photonics/]: Photonics shader source: path=/photonics/internal/impl/is_hand.glsl origin=photonics-jar sha256=bbf92ac96d62c64d0aca3cd4f24823fecaa2f83e83548163c48ccda3635362d4
[11Aug2026 21:12:23.641] [Render thread/INFO] [Photonics/]: Photonics shader source: path=/photonics/internal/tracing/common.glsl origin=photonics-jar sha256=76620f1a6ad8a77e04c12e2e7350c1d9bff5b6ee12e8e45232ed76b87eae9b93
[11Aug2026 21:12:23.642] [Render thread/INFO] [Photonics/]: Photonics shader source: path=/photonics/internal/tracing/iterator.glsl origin=photonics-jar sha256=72e9cf28f92ecf4cd798e5a46ec40ae6050b9f8151a99a817dc6a66c9961f762
[11Aug2026 21:12:23.642] [Render thread/INFO] [Photonics/]: Photonics shader source: path=/photonics/internal/tracing/simple.glsl origin=photonics-jar sha256=00fff4fbf021ef1be9e94e1c3ce9b767519d517ec9b8b53ff95553342fcd5f7c
[11Aug2026 21:12:23.642] [Render thread/INFO] [Photonics/]: Photonics shader source: path=/photonics/internal/tracing/types.glsl origin=photonics-jar sha256=bc0b77ef28fa9c10319adeddb1e6d6dac7ac5788a1c356ad6ae3580b614aaba6
[11Aug2026 21:12:23.642] [Render thread/INFO] [Photonics/]: Photonics shader source: path=/photonics/light.glsl origin=photonics-jar sha256=45643f8c5db7777ea0f020e083ad35a4557f81f1e88aa1e3559d897bfd3d516d
[11Aug2026 21:12:23.642] [Render thread/INFO] [Photonics/]: Photonics shader source: path=/photonics/light_list.glsl origin=photonics-jar sha256=68bff9e0579d9ee6049376dbfc2fa10a38648f6ea679f53a1b0008a7aedd965d
[11Aug2026 21:12:23.642] [Render thread/INFO] [Photonics/]: Photonics shader source: path=/photonics/modifiers/attenuation_modifier.glsl origin=photonics-jar sha256=d842468d67ecb27a1778c6f6edd07051aea88f8604391e10481498bb9dbc23b4
[11Aug2026 21:12:23.642] [Render thread/INFO] [Photonics/]: Photonics shader source: path=/photonics/modifiers/handheld_light_pulse_modifier.glsl origin=photonics-jar sha256=2af6c839c63a2f3f6d783338518319cbb0212a7423889e1382b92a5a17b2af32
[11Aug2026 21:12:23.642] [Render thread/INFO] [Photonics/]: Photonics shader source: path=/photonics/modifiers/indirect_environment_modifier.glsl origin=photonics-jar sha256=d540b3d047b4f4fac57a93e3b3c25ea4f4c65d02b4e13fda8e591c724d8379d5
[11Aug2026 21:12:23.642] [Render thread/INFO] [Photonics/]: Photonics shader source: path=/photonics/modifiers/indirect_surface_sample_modifier.glsl origin=photonics-jar sha256=789b7f1e30af62ec9fb805524f6d46ef29166a3645f83b3c6b8e1b0595169831
[11Aug2026 21:12:23.643] [Render thread/INFO] [Photonics/]: Photonics shader source: path=/photonics/modifiers/is_hand_modifier.glsl origin=shader-pack sha256=d43b622fb771dfcb68d6980026dde741e4e47eb7d43847eea2632dcd5c1401dd
[11Aug2026 21:12:23.643] [Render thread/INFO] [Photonics/]: Photonics shader source: path=/photonics/modifiers/light_modifier.glsl origin=shader-pack sha256=3e287296dea097eb9baf73693316dde656eaeedead165120ed6c334e5cc4597f
[11Aug2026 21:12:23.643] [Render thread/INFO] [Photonics/]: Photonics shader source: path=/photonics/modifiers/restir_denoiser_depth_fetch_modifier.glsl origin=photonics-jar sha256=ced59a4690918514cbe2a90ee4d67782487c5c0b397b85d86a174eec4032a5e6
[11Aug2026 21:12:23.643] [Render thread/INFO] [Photonics/]: Photonics shader source: path=/photonics/modifiers/restir_gi_modifier.glsl origin=shader-pack sha256=87a3104b173d03c00f97a84f46e5f3e768ae3496334a812d4b07b791620bf699
[11Aug2026 21:12:23.643] [Render thread/INFO] [Photonics/]: Photonics shader source: path=/photonics/modifiers/voxel_color_modifier.glsl origin=photonics-jar sha256=637762f7d52cc5eb3b56f9ad97852ebe01d7ad2fd0f567649118bf7c107ea641
[11Aug2026 21:12:23.643] [Render thread/INFO] [Photonics/]: Photonics shader source: path=/photonics/palette.glsl origin=photonics-jar sha256=8a08c4fd9b044349da5e37ae631d18cabe5cb448bbfca6853f57b9a954f1f1f9
[11Aug2026 21:12:23.643] [Render thread/INFO] [Photonics/]: Photonics shader source: path=/photonics/ph_samplers.glsl origin=photonics-jar sha256=2c8c0f766adf3db913ee14ba798a9ce7fbcf81277a64f2ae1ab8f750d2caac35
[11Aug2026 21:12:23.643] [Render thread/INFO] [Photonics/]: Photonics shader source: path=/photonics/photonics.glsl origin=photonics-jar sha256=e3b0c44298fc1c149afbf4c8996fb92427ae41e4649b934ca495991b7852b855
[11Aug2026 21:12:23.643] [Render thread/INFO] [Photonics/]: Photonics shader source: path=/photonics/rendering/basic/samplers.glsl origin=photonics-jar sha256=b4bbf9746a62a1fa9ad01fbdbfaf471aaf4da874ca10727ec38c924ac3990675
[11Aug2026 21:12:23.643] [Render thread/INFO] [Photonics/]: Photonics shader source: path=/photonics/rendering/common.glsl origin=photonics-jar sha256=da5ce930f1552a62bfba73edf78c153c4ffa536cd10ed0b6c21cb39567225586
[11Aug2026 21:12:23.643] [Render thread/INFO] [Photonics/]: Photonics shader source: path=/photonics/rendering/frag/common.glsl origin=photonics-jar sha256=b2b6b769c6994d3ab973ad2bcddd386fdf2d8983a94d96ac989577c016726a2a
[11Aug2026 21:12:23.643] [Render thread/INFO] [Photonics/]: Photonics shader source: path=/photonics/rendering/frag/f0_load_frag.fsh origin=photonics-jar sha256=91ee71964a8139faefd01800e99133b5bdd7159cac89ac2686895ad8ac3d0e9d
[11Aug2026 21:12:23.643] [Render thread/INFO] [Photonics/]: Photonics shader source: path=/photonics/rendering/frag/f0_load_frag_gi.fsh origin=photonics-jar sha256=c4628ddca910c75924b79631cf208cdedad1b73ee817d6c73adb5a03167d74e4
[11Aug2026 21:12:23.643] [Render thread/INFO] [Photonics/]: Photonics shader source: path=/photonics/rendering/frag/f0_load_frag_impl.glsl origin=photonics-jar sha256=2914f4a5b3ca199ed2a4a33bfd972d919b571a43235ae14428d3830a05fcff03
[11Aug2026 21:12:23.643] [Render thread/INFO] [Photonics/]: Photonics shader source: path=/photonics/rendering/frag/frag_data.glsl origin=photonics-jar sha256=b531a3c63c98e8aa42169605930ba2825227ab8fb33b5c9e471cbe3ad7ead921
[11Aug2026 21:12:23.643] [Render thread/INFO] [Photonics/]: Photonics shader source: path=/photonics/rendering/frag/frag_motion.glsl origin=photonics-jar sha256=129d109cca0287e3fe33fca0b0bba1218b6bdf0b73a8248e17d454727e1635a8
[11Aug2026 21:12:23.643] [Render thread/INFO] [Photonics/]: Photonics shader source: path=/photonics/rendering/frag/sable_motion.glsl origin=photonics-jar sha256=214eecc4bb9927b35d1add0525c507796cc52e8da95f60429edfc5c2b2511837
[11Aug2026 21:12:23.644] [Render thread/INFO] [Photonics/]: Photonics shader source: path=/photonics/rendering/frag/world_interface.glsl origin=photonics-jar sha256=cd9fa7ad81b2a6d00baebdde7f260967e9b6e2c28b36e5822fb1fa980cc3b19e
[11Aug2026 21:12:23.644] [Render thread/INFO] [Photonics/]: Photonics shader source: path=/photonics/rendering/handheld_lighting.glsl origin=photonics-jar sha256=7d7b9c3503c53f020250fd03cbf1f7e72c5fcd9d869d5fad1ea59570a8c0df11
[11Aug2026 21:12:23.644] [Render thread/INFO] [Photonics/]: Photonics shader source: path=/photonics/rendering/indirect_lighting.glsl origin=photonics-jar sha256=f857ca80a638dc915c0d754dc85f69c670d6f0d0bc0d2d7e627f31aeafcbd96e
[11Aug2026 21:12:23.644] [Render thread/INFO] [Photonics/]: Photonics shader source: path=/photonics/rendering/off/samplers.glsl origin=photonics-jar sha256=b4bbf9746a62a1fa9ad01fbdbfaf471aaf4da874ca10727ec38c924ac3990675
[11Aug2026 21:12:23.644] [Render thread/INFO] [Photonics/]: Photonics shader source: path=/photonics/rendering/restir/direct/reservoir.glsl origin=photonics-jar sha256=30b0eff0d8df1b854e1230a6435bb133cc206a1a1b2a93f5527b8130edb155d3
[11Aug2026 21:12:23.644] [Render thread/INFO] [Photonics/]: Photonics shader source: path=/photonics/rendering/restir/direct/sample.glsl origin=photonics-jar sha256=eae45dc41a798dcfda462a999e54ae931d2061866decfce5dd0558a2e31c576b
[11Aug2026 21:12:23.644] [Render thread/INFO] [Photonics/]: Photonics shader source: path=/photonics/rendering/restir/indirect/reservoir.glsl origin=photonics-jar sha256=801689a4fad030ccbd33bea41d7c5f0ff6175f89ea51af5e6fa0485901fd217e
[11Aug2026 21:12:23.645] [Render thread/INFO] [Photonics/]: Photonics shader source: path=/photonics/rendering/restir/indirect/sample.glsl origin=photonics-jar sha256=dab16fc0478ada44bf71e70b3a38c2268d2f089bdc6b06717013c392eacaf211
[11Aug2026 21:12:23.645] [Render thread/INFO] [Photonics/]: Photonics shader source: path=/photonics/rendering/restir/pass_mode.glsl origin=photonics-jar sha256=0bf5825204a620ae77d33fa4169eaa8fa3e061875e6d030859065e4249b4d2b1
[11Aug2026 21:12:23.645] [Render thread/INFO] [Photonics/]: Photonics shader source: path=/photonics/rendering/restir/passes/r10_handheld.fsh origin=photonics-jar sha256=5a76ead421d3b886a2fe7ba8a8f2bf2f1831fb8a76a094ce0ec5764b8f08a681
[11Aug2026 21:12:23.645] [Render thread/INFO] [Photonics/]: Photonics shader source: path=/photonics/rendering/restir/passes/r10_local_direct.fsh origin=photonics-jar sha256=6eb04dadf51ab161d0648a328618f205f39cff2c7dd5f871103ccc933027bbe8
[11Aug2026 21:12:23.645] [Render thread/INFO] [Photonics/]: Photonics shader source: path=/photonics/rendering/restir/passes/r10_source_history_diagnostic.fsh origin=photonics-jar sha256=663341f7cc1491e061b30bf18c463d7a699559e00029a9216283c0fdae0a6d91
[11Aug2026 21:12:23.645] [Render thread/INFO] [Photonics/]: Photonics shader source: path=/photonics/rendering/restir/passes/r1_initial_direct.fsh origin=photonics-jar sha256=dd82fa9d0f5b54fc2bac969100d75ac4206ae67826ebf92fce7930992e90c8ad
[11Aug2026 21:12:23.645] [Render thread/INFO] [Photonics/]: Photonics shader source: path=/photonics/rendering/restir/passes/r2_validate_initial_direct.fsh origin=photonics-jar sha256=38c7af27bc60c78aea3ba2d8b2508a5c3355861b3872483ae454b7a3578dac20
[11Aug2026 21:12:23.645] [Render thread/INFO] [Photonics/]: Photonics shader source: path=/photonics/rendering/restir/passes/r3_initial_indirect.fsh origin=photonics-jar sha256=438d19ad024fa3bea80fd4235772c8c7ed0726a7686c3566f72cfe67e911dcb8
[11Aug2026 21:12:23.646] [Render thread/INFO] [Photonics/]: Photonics shader source: path=/photonics/rendering/restir/passes/r4_temporal_reuse.fsh origin=photonics-jar sha256=2a62eeb8d34f65725d3243535a657a7f31c486ee54482f2fef20a39d0a55fbea
[11Aug2026 21:12:23.646] [Render thread/INFO] [Photonics/]: Photonics shader source: path=/photonics/rendering/restir/passes/r4_temporal_reuse_gi.fsh origin=photonics-jar sha256=e87b9286bd28c1a1be2cab077f180cf5268ba2a0c04e24fd6bbcae3096845e80
[11Aug2026 21:12:23.646] [Render thread/INFO] [Photonics/]: Photonics shader source: path=/photonics/rendering/restir/passes/r4_temporal_reuse_impl.glsl origin=photonics-jar sha256=0ca2c29bcb6e604b86406dc748d5a8d7eb7b6e2369783395fb15c5f5adcc1579
[11Aug2026 21:12:23.646] [Render thread/INFO] [Photonics/]: Photonics shader source: path=/photonics/rendering/restir/passes/r5_copy_spatial_input.fsh origin=photonics-jar sha256=c7bef63c7e880f21ff67ad8387bfd4dc45d614e2b70ea1eeb968a7a11a6a8410
[11Aug2026 21:12:23.646] [Render thread/INFO] [Photonics/]: Photonics shader source: path=/photonics/rendering/restir/passes/r5_copy_spatial_input_gi.fsh origin=photonics-jar sha256=8104121d4703dbd3904e6ebd3d1aca72546fc8640b7e02665756c166e6fdea9a
[11Aug2026 21:12:23.646] [Render thread/INFO] [Photonics/]: Photonics shader source: path=/photonics/rendering/restir/passes/r5_copy_spatial_input_impl.glsl origin=photonics-jar sha256=b473deb2db0f736dc32c0ca166fc6ebdba8c1de821e5013601058f6ceb1ee9a5
[11Aug2026 21:12:23.646] [Render thread/INFO] [Photonics/]: Photonics shader source: path=/photonics/rendering/restir/passes/r5_spatial_reuse.fsh origin=photonics-jar sha256=3afbaf39567bdef33cde54defaff37e4521414613c181d3e707360b1922c8ee7
[11Aug2026 21:12:23.646] [Render thread/INFO] [Photonics/]: Photonics shader source: path=/photonics/rendering/restir/passes/r5_spatial_reuse_gi.fsh origin=photonics-jar sha256=fdf62149d097da640748e5c3bf70cc0df0546cd778503d13ff404fcb458d8529
[11Aug2026 21:12:23.646] [Render thread/INFO] [Photonics/]: Photonics shader source: path=/photonics/rendering/restir/passes/r5_spatial_reuse_impl.glsl origin=photonics-jar sha256=a10a366ca2dc4f30672871c4921058bfdd74bd25430ae66553c8d0855f4117b9
[11Aug2026 21:12:23.646] [Render thread/INFO] [Photonics/]: Photonics shader source: path=/photonics/rendering/restir/passes/r6_diffuse.fsh origin=photonics-jar sha256=d4836ef683048e627de02c30d0cf1f53dca2660fcda48aac023bff09db70ac03
[11Aug2026 21:12:23.646] [Render thread/INFO] [Photonics/]: Photonics shader source: path=/photonics/rendering/restir/passes/r6_diffuse_gi.fsh origin=photonics-jar sha256=7f2aa272a4c819112f4afa232fd093950362a88079cf094716124afed298a1f0
[11Aug2026 21:12:23.646] [Render thread/INFO] [Photonics/]: Photonics shader source: path=/photonics/rendering/restir/passes/r6_diffuse_impl.glsl origin=photonics-jar sha256=8f4ddac8efd9fe867ad0ff9ff5bbc4dcd8a36e144560c4d39556422136595878
[11Aug2026 21:12:23.646] [Render thread/INFO] [Photonics/]: Photonics shader source: path=/photonics/rendering/restir/passes/r6_validate_indirect.fsh origin=photonics-jar sha256=926bec667c02867283b13b1d308cab73f7200233573abec27a30e81bd6e0441c
[11Aug2026 21:12:23.646] [Render thread/INFO] [Photonics/]: Photonics shader source: path=/photonics/rendering/restir/passes/r7_accumulation.fsh origin=photonics-jar sha256=f67e0c4be3d0113c07818e8dac990f7d6682467627fede4b4ed4369960f0f69b
[11Aug2026 21:12:23.647] [Render thread/INFO] [Photonics/]: Photonics shader source: path=/photonics/rendering/restir/passes/r7_accumulation_gi.fsh origin=photonics-jar sha256=0cc2f264ba1e91fb378670842f4481a474e3331c984ee36e171fd5077aaa12dc
[11Aug2026 21:12:23.647] [Render thread/INFO] [Photonics/]: Photonics shader source: path=/photonics/rendering/restir/passes/r7_accumulation_impl.glsl origin=photonics-jar sha256=38ca8081b20e37b1a86160694a015cf81ec4e8f43a5eed5105068501b66b9c59
[11Aug2026 21:12:23.647] [Render thread/INFO] [Photonics/]: Photonics shader source: path=/photonics/rendering/restir/passes/r8_variance_prefilter.fsh origin=photonics-jar sha256=f3b5088fad73b3289c9c4cc0455ce4a37821d92397571e4e32a01244520b5eb4
[11Aug2026 21:12:23.647] [Render thread/INFO] [Photonics/]: Photonics shader source: path=/photonics/rendering/restir/passes/r8_variance_prefilter_gi.fsh origin=photonics-jar sha256=94cb9c94647286e425b901aa41bd5d5d90dccda97336fff3d80122d492832e10
[11Aug2026 21:12:23.647] [Render thread/INFO] [Photonics/]: Photonics shader source: path=/photonics/rendering/restir/passes/r8_variance_prefilter_impl.glsl origin=photonics-jar sha256=4a04e1ce596da68fa5656e26099de6881e4871aa90f16e59654ef25a3c46b941
[11Aug2026 21:12:23.647] [Render thread/INFO] [Photonics/]: Photonics shader source: path=/photonics/rendering/restir/passes/r9_denoising.fsh origin=photonics-jar sha256=5b7dad4cd0fb06eea60102c8cc536d7b26138fd1bd27c94bff03ec3453885512
[11Aug2026 21:12:23.647] [Render thread/INFO] [Photonics/]: Photonics shader source: path=/photonics/rendering/restir/passes/r9_denoising_gi.fsh origin=photonics-jar sha256=544bde21964b72bf620afab175cdcc28ea3610550821c23737afd4b150f1ea7f
[11Aug2026 21:12:23.647] [Render thread/INFO] [Photonics/]: Photonics shader source: path=/photonics/rendering/restir/passes/r9_denoising_impl.glsl origin=photonics-jar sha256=a72043018da9c66d788623fe17615c55018c6a5c5dc26124613e16ea2f4890e1
[11Aug2026 21:12:23.649] [Render thread/INFO] [Photonics/]: Photonics shader source: path=/photonics/rendering/restir/restir.glsl origin=photonics-jar sha256=eaa96ef87af102df0206828a9336fb2514f44a0d50c3f450d047b6019ca23e6d
[11Aug2026 21:12:23.649] [Render thread/INFO] [Photonics/]: Photonics shader source: path=/photonics/rendering/restir/samplers.glsl origin=photonics-jar sha256=d485e8c052e548ac5aac3ccd43fada4892faf98845650d9324d1fa6b9690aad4
[11Aug2026 21:12:23.650] [Render thread/INFO] [Photonics/]: Photonics shader source: path=/photonics/rendering/restir/svgf.glsl origin=photonics-jar sha256=e7d4ec9cc60c758f600f874beea6dd496b7f4af47f011f62ec9cefa60c04a95a
[11Aug2026 21:12:23.650] [Render thread/INFO] [Photonics/]: Photonics shader source: path=/photonics/rendering/screen.vsh origin=photonics-jar sha256=78a87c7284546194336a3d0b8aa30f36385d52165dbe7c30f083bc572ba65b55
[11Aug2026 21:12:23.650] [Render thread/INFO] [Photonics/]: Photonics shader source: path=/photonics/rendering/temporal_upscaler/reconstruct.fsh origin=photonics-jar sha256=300d73f833d4759f48e8f1b791172a116149d3e826babd43afb4cb366b6a62ca
[11Aug2026 21:12:23.651] [Render thread/INFO] [Photonics/]: Photonics shader source: path=/photonics/rendering/temporal_upscaler/source.fsh origin=photonics-jar sha256=9abe45d83ce43a3e04e7b09fbe5bd60a4263904a6ed88afbb89632ba6cb23a62
[11Aug2026 21:12:23.651] [Render thread/INFO] [Photonics/]: Photonics shader source: path=/photonics/samplers.glsl origin=photonics-jar sha256=decded47d4ccd99779d96399df3c37f0209e6911576642ff3c6528bd2f9e4ccd
[11Aug2026 21:12:23.651] [Render thread/INFO] [Photonics/]: Photonics shader source: path=/photonics/shader_interface.glsl origin=shader-pack sha256=58fc0a1dafa8d21379effac55bbe6a2c8a21cca6d3c7fc947ea5aff3c9b19f1f
[11Aug2026 21:12:23.653] [Render thread/INFO] [Photonics/]: Photonics shader source: path=/photonics/tracing.glsl origin=photonics-jar sha256=cc7c79c35df4e28240732b99ad9970ffd1a2412e7fe5a0b22b8454283314aec0
[11Aug2026 21:12:23.653] [Render thread/INFO] [Photonics/]: Photonics shader source: path=/photonics/uniforms.glsl origin=photonics-jar sha256=75eccd0fd5ef1484b6f83ccc2a27a82d48b7f04ad0e7a9bab4545e563a0f61a0
[11Aug2026 21:12:23.653] [Render thread/INFO] [Photonics/]: Photonics shader source: path=/photonics/utility/color.glsl origin=photonics-jar sha256=fb0a76ebeb7d8dc8599b2ccd56108210077ea821a3a16cf6486318a87c6c389d
[11Aug2026 21:12:23.653] [Render thread/INFO] [Photonics/]: Photonics shader source: path=/photonics/utility/normal_encoding.glsl origin=photonics-jar sha256=025419de62a1513a0eb196416c6200f5fd1f9535c92d08ff11fbeac53c362775
[11Aug2026 21:12:23.653] [Render thread/INFO] [Photonics/]: Photonics shader source: path=/photonics/utility/projection.glsl origin=photonics-jar sha256=99b46f0f8a8602987cb3265806e7c47b74e044c92ee80724f3a3f2d7af5d8d1d
[11Aug2026 21:12:23.653] [Render thread/INFO] [Photonics/]: Photonics shader source: path=/photonics/utility/random.glsl origin=photonics-jar sha256=e75a328d72ec1055938195070ff95a6d91abc206c03a57202be52ef757ebb495
[11Aug2026 21:12:23.658] [Render thread/INFO] [Photonics/]: Photon compatibility v119 applied to /include/lighting/diffuse_lighting.glsl: sourceSha256=dec317d851dfa22d3d44275efd0817fbae25291f78ef412295df8f380fd75eed, patchedSha256=8034cf96146ef4c2ebb1a4a3c22dd0677d5623752d61d2ddb9597994610a1c1e, disableDhCaveFallback=true; native Photonics receivers use traced GI and DH cave fallback defaults to enabled
[11Aug2026 21:12:23.662] [Render thread/INFO] [Photonics/]: Photon shadow diagnostic v119 disabled Photon TAA history for /program/c4_taa_exposure.fsh: sourceSha256=549a1057782288908644c400ac3e3c4d22737fd2685f2d5ac9f62d6214b1f188, patchedSha256=a9c1ddaa4d7a2907144eac3bc1cfbe3d040646860024b559beb19b14834e8078
[11Aug2026 21:12:23.664] [Render thread/INFO] [Photonics/]: Photon shadow diagnostic v119 skipped for /program/d4_deferred_shading.fsh: unsupported sha256=6670bd95f36f09ebabecf59a0b63bd3373ccdab13e4b9a71dbc1daca8c1e16e0
[11Aug2026 21:12:23.780] [Worker-Main-8/WARN] [net.minecraft.client.resources.model.ModelManager/]: Missing textures in model create:cut_limestone_slab#type=double,waterlogged=true:
    minecraft:textures/atlas/blocks.png:minecraft:block/cut_limestone
[11Aug2026 21:12:23.780] [Render thread/WARN] [Iris/]: Invalid pack option: GTAO
[11Aug2026 21:12:23.780] [Render thread/WARN] [Iris/]: Invalid pack option: GTAO
[11Aug2026 21:12:23.783] [Render thread/WARN] [Iris/]: Unable to resolve shader pack option menu element "WATER_REFRACTION" defined in shaders.properties
[11Aug2026 21:12:23.783] [Render thread/WARN] [Iris/]: Unable to resolve shader pack option menu element "WATER_REFRACTION_INTENSITY" defined in shaders.properties
[11Aug2026 21:12:23.783] [Render thread/WARN] [Iris/]: Unable to resolve shader pack option menu element "CLOUDS_DAILY_WEATHER" defined in shaders.properties
[11Aug2026 21:12:23.784] [Render thread/WARN] [Iris/]: Unable to resolve shader pack option menu element "CLOUDS_CUMULUS_CONGESTUS_PRIMARY_STEPS_H" defined in shaders.properties
[11Aug2026 21:12:23.784] [Render thread/WARN] [Iris/]: Unable to resolve shader pack option menu element "CLOUDS_CUMULUS_CONGESTUS_PRIMARY_STEPS_Z" defined in shaders.properties
[11Aug2026 21:12:23.784] [Render thread/INFO] [Iris/]: Profile: ultra (+9 options changed by user)
[11Aug2026 21:12:24.150] [Worker-Main-4/WARN] [xaero.lib.XaeroLib/]: io exception while checking patreon: Online mod data expired! Date: Tue Aug 11 09:34:42 CEST 2026
[11Aug2026 21:12:24.369] [Render thread/WARN] [Iris/]: Failed to parse an ResourceLocation in item.properties for the key item.10056: state properties are currently not supported: calibrated_sculk_sensor:sculk_sensor_phase=inactive
[11Aug2026 21:12:24.369] [Render thread/WARN] [Iris/]: Failed to parse an ResourceLocation in item.properties for the key item.10056: state properties are currently not supported: calibrated_sculk_sensor:sculk_sensor_phase=cooldown
[11Aug2026 21:12:24.369] [Render thread/WARN] [Iris/]: Failed to parse an ResourceLocation in item.properties for the key item.10057: state properties are currently not supported: calibrated_sculk_sensor:sculk_sensor_phase=active
[11Aug2026 21:12:24.369] [Render thread/WARN] [Iris/]: Failed to parse an ResourceLocation in item.properties for the key item.10057: state properties are currently not supported: sculk_sensor:sculk_sensor_phase=active
[11Aug2026 21:12:24.370] [Render thread/WARN] [Iris/]: Failed to parse an ResourceLocation in item.properties for the key item.10061: state properties are currently not supported: weathered_copper_bulb:lit=true
[11Aug2026 21:12:24.370] [Render thread/WARN] [Iris/]: Failed to parse an ResourceLocation in item.properties for the key item.10061: state properties are currently not supported: oxidized_copper_bulb:lit=true
[11Aug2026 21:12:24.370] [Render thread/WARN] [Iris/]: Failed to parse an ResourceLocation in item.properties for the key item.10061: state properties are currently not supported: waxed_weathered_copper_bulb:lit=true
[11Aug2026 21:12:24.370] [Render thread/WARN] [Iris/]: Failed to parse an ResourceLocation in item.properties for the key item.10061: state properties are currently not supported: waxed_oxidized_copper_bulb:lit=true
[11Aug2026 21:12:24.370] [Render thread/WARN] [Iris/]: Failed to parse an ResourceLocation in item.properties for the key item.10061: state properties are currently not supported: copper_bulb:lit=true
[11Aug2026 21:12:24.370] [Render thread/WARN] [Iris/]: Failed to parse an ResourceLocation in item.properties for the key item.10061: state properties are currently not supported: exposed_copper_bulb:lit=true
[11Aug2026 21:12:24.370] [Render thread/WARN] [Iris/]: Failed to parse an ResourceLocation in item.properties for the key item.10061: state properties are currently not supported: waxed_copper_bulb:lit=true
[11Aug2026 21:12:24.370] [Render thread/WARN] [Iris/]: Failed to parse an ResourceLocation in item.properties for the key item.10061: state properties are currently not supported: waxed_exposed_copper_bulb:lit=true
[11Aug2026 21:12:24.384] [Render thread/INFO] [Iris/]: Using shaderpack: photon-main (1).zip
[11Aug2026 21:12:24.607] [Render thread/INFO] [xaero.minimap.XaeroMinimap/]: Loading Xaero's Minimap - Stage 2/2
[11Aug2026 21:12:26.113] [Render thread/WARN] [xaero.hud.minimap.MinimapLogs/]: io exception while checking versions: Online mod data expired! Date: Tue Aug 11 09:34:42 CEST 2026
[11Aug2026 21:12:26.113] [Render thread/INFO] [xaero.hud.minimap.MinimapLogs/]: Registered player tracker system: minimap_synced
[11Aug2026 21:12:26.114] [Render thread/WARN] [net.neoforged.fml.DeferredWorkQueue/LOADING]: Mod 'xaerominimap' took 1.506 s to run a deferred task.
[11Aug2026 21:12:26.114] [Render thread/INFO] [xaero.lib.XaeroLib/]: Loading XaeroLib common 2/2!
[11Aug2026 21:12:26.114] [Render thread/INFO] [xaero.lib.XaeroLib/]: Loading XaeroLib client 2/2!
[11Aug2026 21:12:27.116] [Render thread/INFO] [Veil/]: Loaded 0 shader redirects, 0 replacements
[11Aug2026 21:12:27.122] [Render thread/INFO] [top.leonx.irisveil.IrisVeilCompat/]: [VeilHook] Captured vertex source for 'veil:necromancer/skinned_mesh': 5049 chars, hasGetVelocity=false, hasOffset=false
[11Aug2026 21:12:27.159] [Render thread/INFO] [top.leonx.irisveil.IrisVeilCompat/]: [VeilHook] Captured fragment source for 'veil:necromancer/skinned_mesh': 2073 chars
[11Aug2026 21:12:27.167] [Render thread/INFO] [top.leonx.irisveil.IrisVeilCompat/]: [VeilHook] Captured vertex source for 'veil:blit_screen': 542 chars, hasGetVelocity=false, hasOffset=false
[11Aug2026 21:12:27.167] [Render thread/INFO] [top.leonx.irisveil.IrisVeilCompat/]: [VeilHook] Captured fragment source for 'veil:blit_screen': 495 chars
[11Aug2026 21:12:27.167] [Render thread/INFO] [top.leonx.irisveil.IrisVeilCompat/]: [VeilHook] Captured vertex source for 'veil:blit_screen': 542 chars, hasGetVelocity=false, hasOffset=false
[11Aug2026 21:12:27.167] [Render thread/INFO] [top.leonx.irisveil.IrisVeilCompat/]: [VeilHook] Captured fragment source for 'veil:blit_depth': 532 chars
[11Aug2026 21:12:27.169] [Render thread/INFO] [top.leonx.irisveil.IrisVeilCompat/]: [VeilHook] Captured vertex source for 'veil:core/blit_screen_effect': 600 chars, hasGetVelocity=false, hasOffset=false
[11Aug2026 21:12:27.169] [Render thread/INFO] [top.leonx.irisveil.IrisVeilCompat/]: [VeilHook] Captured fragment source for 'veil:core/blit_screen_effect': 543 chars
[11Aug2026 21:12:27.170] [Render thread/INFO] [top.leonx.irisveil.IrisVeilCompat/]: [VeilHook] Captured vertex source for 'veil:light/area': 1703 chars, hasGetVelocity=false, hasOffset=false
[11Aug2026 21:12:27.170] [Render thread/INFO] [top.leonx.irisveil.IrisVeilCompat/]: [VeilHook] Captured fragment source for 'veil:light/area': 14130 chars
[11Aug2026 21:12:27.181] [Render thread/INFO] [top.leonx.irisveil.IrisVeilCompat/]: [VeilHook] Captured vertex source for 'veil:blit_screen': 542 chars, hasGetVelocity=false, hasOffset=false
[11Aug2026 21:12:27.181] [Render thread/INFO] [top.leonx.irisveil.IrisVeilCompat/]: [VeilHook] Captured fragment source for 'veil:debug/cubemap': 1758 chars
[11Aug2026 21:12:27.182] [Render thread/INFO] [top.leonx.irisveil.IrisVeilCompat/]: [VeilHook] Captured vertex source for 'simulated:end_sea': 1127 chars, hasGetVelocity=false, hasOffset=false
[11Aug2026 21:12:27.182] [Render thread/INFO] [top.leonx.irisveil.IrisVeilCompat/]: [VeilHook] Captured fragment source for 'simulated:end_sea': 1278 chars
[11Aug2026 21:12:27.183] [Render thread/INFO] [top.leonx.irisveil.IrisVeilCompat/]: [VeilHook] Captured vertex source for 'simulated:rope/rope': 4214 chars, hasGetVelocity=false, hasOffset=false
[11Aug2026 21:12:27.183] [Render thread/INFO] [top.leonx.irisveil.IrisVeilCompat/]: [VeilHook] Captured fragment source for 'simulated:rope/rope': 1948 chars
[11Aug2026 21:12:27.184] [Render thread/INFO] [top.leonx.irisveil.IrisVeilCompat/]: [VeilHook] Captured vertex source for 'veil:quasar/particle_additive': 1985 chars, hasGetVelocity=false, hasOffset=false
[11Aug2026 21:12:27.184] [Render thread/INFO] [top.leonx.irisveil.IrisVeilCompat/]: [VeilHook] Captured fragment source for 'veil:quasar/particle_additive': 1874 chars
[11Aug2026 21:12:27.184] [Render thread/INFO] [top.leonx.irisveil.IrisVeilCompat/]: [VeilHook] Captured vertex source for 'contraptionlights:light/sublevel_point': 1054 chars, hasGetVelocity=false, hasOffset=false
[11Aug2026 21:12:27.184] [Render thread/INFO] [top.leonx.irisveil.IrisVeilCompat/]: [VeilHook] Captured fragment source for 'contraptionlights:light/sublevel_point': 15830 chars
[11Aug2026 21:12:27.191] [Render thread/INFO] [top.leonx.irisveil.IrisVeilCompat/]: [VeilHook] Captured vertex source for 'simulated:redstone_accumulator/diode': 4070 chars, hasGetVelocity=false, hasOffset=false
[11Aug2026 21:12:27.192] [Render thread/INFO] [top.leonx.irisveil.IrisVeilCompat/]: [VeilHook] Captured fragment source for 'simulated:redstone_accumulator/diode': 3788 chars
[11Aug2026 21:12:27.192] [Render thread/INFO] [top.leonx.irisveil.IrisVeilCompat/]: [VeilHook] Captured vertex source for 'veil:debug/shell': 629 chars, hasGetVelocity=false, hasOffset=false
[11Aug2026 21:12:27.192] [Render thread/INFO] [top.leonx.irisveil.IrisVeilCompat/]: [VeilHook] Captured fragment source for 'veil:debug/shell': 605 chars
[11Aug2026 21:12:27.192] [Render thread/INFO] [top.leonx.irisveil.IrisVeilCompat/]: [VeilHook] Captured vertex source for 'veil:blit_screen': 542 chars, hasGetVelocity=false, hasOffset=false
[11Aug2026 21:12:27.192] [Render thread/INFO] [top.leonx.irisveil.IrisVeilCompat/]: [VeilHook] Captured fragment source for 'veil:light/directional': 9064 chars
[11Aug2026 21:12:27.194] [Render thread/INFO] [top.leonx.irisveil.IrisVeilCompat/]: [VeilHook] Captured vertex source for 'veil:quasar/particle': 1985 chars, hasGetVelocity=false, hasOffset=false
[11Aug2026 21:12:27.194] [Render thread/INFO] [top.leonx.irisveil.IrisVeilCompat/]: [VeilHook] Captured fragment source for 'veil:quasar/particle': 1898 chars
[11Aug2026 21:12:27.195] [Render thread/INFO] [top.leonx.irisveil.IrisVeilCompat/]: [VeilHook] Captured vertex source for 'contraptionlights:light/world_light': 1054 chars, hasGetVelocity=false, hasOffset=false
[11Aug2026 21:12:27.195] [Render thread/INFO] [top.leonx.irisveil.IrisVeilCompat/]: [VeilHook] Captured fragment source for 'contraptionlights:light/world_light': 14744 chars
[11Aug2026 21:12:27.200] [Render thread/INFO] [top.leonx.irisveil.IrisVeilCompat/]: [VeilHook] Captured vertex source for 'aeronautics:levitite/levitite': 5585 chars, hasGetVelocity=true, hasOffset=true
[11Aug2026 21:12:27.200] [Render thread/INFO] [top.leonx.irisveil.IrisVeilCompat/]: [VeilHook] Captured fragment source for 'aeronautics:levitite/levitite': 3656 chars
[11Aug2026 21:12:27.201] [Render thread/INFO] [top.leonx.irisveil.IrisVeilCompat/]: [VeilHook] Captured vertex source for 'simulated:spring/spring': 4196 chars, hasGetVelocity=false, hasOffset=false
[11Aug2026 21:12:27.201] [Render thread/INFO] [top.leonx.irisveil.IrisVeilCompat/]: [VeilHook] Captured fragment source for 'simulated:spring/spring': 1972 chars
[11Aug2026 21:12:27.201] [Render thread/INFO] [top.leonx.irisveil.IrisVeilCompat/]: [VeilHook] Captured vertex source for 'veil:blit_screen': 542 chars, hasGetVelocity=false, hasOffset=false
[11Aug2026 21:12:27.201] [Render thread/INFO] [top.leonx.irisveil.IrisVeilCompat/]: [VeilHook] Captured fragment source for 'veil:core/composite': 783 chars
[11Aug2026 21:12:27.201] [Render thread/INFO] [top.leonx.irisveil.IrisVeilCompat/]: [VeilHook] Captured vertex source for 'aeronautics:hot_air_overlay': 1167 chars, hasGetVelocity=false, hasOffset=false
[11Aug2026 21:12:27.201] [Render thread/INFO] [top.leonx.irisveil.IrisVeilCompat/]: [VeilHook] Captured fragment source for 'aeronautics:hot_air_overlay': 907 chars
[11Aug2026 21:12:27.202] [Render thread/INFO] [top.leonx.irisveil.IrisVeilCompat/]: [VeilHook] Captured vertex source for 'aeronautics:burner_flame': 1770 chars, hasGetVelocity=false, hasOffset=false
[11Aug2026 21:12:27.202] [Render thread/INFO] [top.leonx.irisveil.IrisVeilCompat/]: [VeilHook] Captured fragment source for 'aeronautics:burner_flame': 5298 chars
[11Aug2026 21:12:27.202] [Render thread/INFO] [top.leonx.irisveil.IrisVeilCompat/]: [VeilHook] Captured vertex source for 'veil:blit_screen': 542 chars, hasGetVelocity=false, hasOffset=false
[11Aug2026 21:12:27.202] [Render thread/INFO] [top.leonx.irisveil.IrisVeilCompat/]: [VeilHook] Captured fragment source for 'veil:core/bloom': 2631 chars
[11Aug2026 21:12:27.202] [Render thread/INFO] [top.leonx.irisveil.IrisVeilCompat/]: [VeilHook] Captured vertex source for 'veil:blit_screen': 542 chars, hasGetVelocity=false, hasOffset=false
[11Aug2026 21:12:27.202] [Render thread/INFO] [top.leonx.irisveil.IrisVeilCompat/]: [VeilHook] Captured fragment source for 'veil:core/blur': 937 chars
[11Aug2026 21:12:27.202] [Render thread/INFO] [top.leonx.irisveil.IrisVeilCompat/]: [VeilHook] Captured vertex source for 'veil:blit_screen': 542 chars, hasGetVelocity=false, hasOffset=false
[11Aug2026 21:12:27.202] [Render thread/INFO] [top.leonx.irisveil.IrisVeilCompat/]: [VeilHook] Captured fragment source for 'aeronautics:soft_light': 1108 chars
[11Aug2026 21:12:27.202] [Render thread/INFO] [top.leonx.irisveil.IrisVeilCompat/]: [VeilHook] Captured vertex source for 'veil:blit_screen': 542 chars, hasGetVelocity=false, hasOffset=false
[11Aug2026 21:12:27.202] [Render thread/INFO] [top.leonx.irisveil.IrisVeilCompat/]: [VeilHook] Captured fragment source for 'veil:debug/array': 539 chars
[11Aug2026 21:12:27.203] [Render thread/INFO] [top.leonx.irisveil.IrisVeilCompat/]: [VeilHook] Captured vertex source for 'veil:blit_screen': 542 chars, hasGetVelocity=false, hasOffset=false
[11Aug2026 21:12:27.203] [Render thread/INFO] [top.leonx.irisveil.IrisVeilCompat/]: [VeilHook] Captured fragment source for 'veil:core/unblur': 1318 chars
[11Aug2026 21:12:27.203] [Render thread/INFO] [top.leonx.irisveil.IrisVeilCompat/]: [VeilHook] Captured vertex source for 'veil:light/point': 1136 chars, hasGetVelocity=false, hasOffset=false
[11Aug2026 21:12:27.203] [Render thread/INFO] [top.leonx.irisveil.IrisVeilCompat/]: [VeilHook] Captured fragment source for 'veil:light/point': 13059 chars
[11Aug2026 21:12:27.208] [Render thread/INFO] [top.leonx.irisveil.IrisVeilCompat/]: [VeilHook] Captured vertex source for 'simulated:laser_pointer/lens': 4016 chars, hasGetVelocity=false, hasOffset=false
[11Aug2026 21:12:27.208] [Render thread/INFO] [top.leonx.irisveil.IrisVeilCompat/]: [VeilHook] Captured fragment source for 'simulated:laser_pointer/lens': 4048 chars
[11Aug2026 21:12:27.208] [Render thread/INFO] [top.leonx.irisveil.IrisVeilCompat/]: [VeilHook] Captured vertex source for 'simulated:laser/laser': 774 chars, hasGetVelocity=false, hasOffset=false
[11Aug2026 21:12:27.208] [Render thread/INFO] [top.leonx.irisveil.IrisVeilCompat/]: [VeilHook] Captured fragment source for 'simulated:laser/laser': 1878 chars
[11Aug2026 21:12:27.209] [Render thread/INFO] [top.leonx.irisveil.IrisVeilCompat/]: [VeilHook] Captured vertex source for 'simulated:contraption_diagram/outline_diagram': 610 chars, hasGetVelocity=false, hasOffset=false
[11Aug2026 21:12:27.209] [Render thread/INFO] [top.leonx.irisveil.IrisVeilCompat/]: [VeilHook] Captured fragment source for 'simulated:contraption_diagram/outline_diagram': 5629 chars
[11Aug2026 21:12:27.209] [Render thread/INFO] [top.leonx.irisveil.IrisVeilCompat/]: [VeilHook] Captured vertex source for 'veil:blit_screen': 542 chars, hasGetVelocity=false, hasOffset=false
[11Aug2026 21:12:27.209] [Render thread/INFO] [top.leonx.irisveil.IrisVeilCompat/]: [VeilHook] Captured fragment source for 'simulated:spread_end_sea': 2427 chars
[11Aug2026 21:12:27.211] [Render thread/INFO] [Veil/]: Loaded 31 shaders from: pinwheel/shaders/program
[11Aug2026 21:12:29.166] [Worker-Main-9/INFO] [PonderIndex/]: Registering Ponder Scenes took 46.72 ms
[11Aug2026 21:12:29.169] [Worker-Main-9/INFO] [PonderIndex/]: Registering Ponder Tags took 2.131 ms
[11Aug2026 21:12:32.152] [Render thread/INFO] [Photonics/]: Photonics ReSTIR GI v70: forcing PHOTONICS_RESTIR_COMBINED_GI on for the geometry-guided spatial-reuse test (configured=true)
[11Aug2026 21:12:32.152] [Render thread/INFO] [Photonics/]: Photonics performance overrides: renderScale=shader-pack, giRenderScale=1.0, temporalUpscaler=false, temporalUpscalerSourceScale=1.0, temporalUpscalerHistoryFrames=shader-pack, restirInitialSamples=shader-pack, restirDenoiserPasses=shader-pack, restirGiDenoiserPasses=shader-pack (shader-pack means no JVM override)
[11Aug2026 21:12:32.202] [Render thread/WARN] [Iris/]: Invalid pack option: GTAO
[11Aug2026 21:12:32.202] [Render thread/WARN] [Iris/]: Invalid pack option: GTAO
[11Aug2026 21:12:32.202] [Render thread/WARN] [Iris/]: Unable to resolve shader pack option menu element "WATER_REFRACTION" defined in shaders.properties
[11Aug2026 21:12:32.202] [Render thread/WARN] [Iris/]: Unable to resolve shader pack option menu element "WATER_REFRACTION_INTENSITY" defined in shaders.properties
[11Aug2026 21:12:32.203] [Render thread/WARN] [Iris/]: Unable to resolve shader pack option menu element "CLOUDS_DAILY_WEATHER" defined in shaders.properties
[11Aug2026 21:12:32.203] [Render thread/WARN] [Iris/]: Unable to resolve shader pack option menu element "CLOUDS_CUMULUS_CONGESTUS_PRIMARY_STEPS_H" defined in shaders.properties
[11Aug2026 21:12:32.203] [Render thread/WARN] [Iris/]: Unable to resolve shader pack option menu element "CLOUDS_CUMULUS_CONGESTUS_PRIMARY_STEPS_Z" defined in shaders.properties
[11Aug2026 21:12:32.203] [Render thread/INFO] [Iris/]: Profile: ultra (+9 options changed by user)
[11Aug2026 21:12:32.611] [Render thread/WARN] [Iris/]: Failed to parse an ResourceLocation in item.properties for the key item.10056: state properties are currently not supported: calibrated_sculk_sensor:sculk_sensor_phase=inactive
[11Aug2026 21:12:32.611] [Render thread/WARN] [Iris/]: Failed to parse an ResourceLocation in item.properties for the key item.10056: state properties are currently not supported: calibrated_sculk_sensor:sculk_sensor_phase=cooldown
[11Aug2026 21:12:32.611] [Render thread/WARN] [Iris/]: Failed to parse an ResourceLocation in item.properties for the key item.10057: state properties are currently not supported: calibrated_sculk_sensor:sculk_sensor_phase=active
[11Aug2026 21:12:32.611] [Render thread/WARN] [Iris/]: Failed to parse an ResourceLocation in item.properties for the key item.10057: state properties are currently not supported: sculk_sensor:sculk_sensor_phase=active
[11Aug2026 21:12:32.611] [Render thread/WARN] [Iris/]: Failed to parse an ResourceLocation in item.properties for the key item.10061: state properties are currently not supported: weathered_copper_bulb:lit=true
[11Aug2026 21:12:32.611] [Render thread/WARN] [Iris/]: Failed to parse an ResourceLocation in item.properties for the key item.10061: state properties are currently not supported: oxidized_copper_bulb:lit=true
[11Aug2026 21:12:32.611] [Render thread/WARN] [Iris/]: Failed to parse an ResourceLocation in item.properties for the key item.10061: state properties are currently not supported: waxed_weathered_copper_bulb:lit=true
[11Aug2026 21:12:32.611] [Render thread/WARN] [Iris/]: Failed to parse an ResourceLocation in item.properties for the key item.10061: state properties are currently not supported: waxed_oxidized_copper_bulb:lit=true
[11Aug2026 21:12:32.611] [Render thread/WARN] [Iris/]: Failed to parse an ResourceLocation in item.properties for the key item.10061: state properties are currently not supported: copper_bulb:lit=true
[11Aug2026 21:12:32.611] [Render thread/WARN] [Iris/]: Failed to parse an ResourceLocation in item.properties for the key item.10061: state properties are currently not supported: exposed_copper_bulb:lit=true
[11Aug2026 21:12:32.611] [Render thread/WARN] [Iris/]: Failed to parse an ResourceLocation in item.properties for the key item.10061: state properties are currently not supported: waxed_copper_bulb:lit=true
[11Aug2026 21:12:32.611] [Render thread/WARN] [Iris/]: Failed to parse an ResourceLocation in item.properties for the key item.10061: state properties are currently not supported: waxed_exposed_copper_bulb:lit=true
[11Aug2026 21:12:32.620] [Render thread/INFO] [Iris/]: Using shaderpack: photon-main (1).zip
[11Aug2026 21:12:33.128] [Render thread/WARN] [net.minecraft.client.sounds.SoundEngine/]: Missing sound for event: minecraft:item.goat_horn.play
[11Aug2026 21:12:33.128] [Render thread/WARN] [net.minecraft.client.sounds.SoundEngine/]: Missing sound for event: minecraft:entity.goat.screaming.horn_break
[11Aug2026 21:12:33.155] [Render thread/INFO] [com.mojang.blaze3d.audio.Library/]: OpenAL initialized on device Navi 31 HDMI/DP Audio Digital Stereo (HDMI 2)
[11Aug2026 21:12:33.155] [Render thread/INFO] [net.minecraft.client.sounds.SoundEngine/SOUNDS]: Sound engine started
[11Aug2026 21:12:33.206] [Render thread/INFO] [net.minecraft.client.renderer.texture.TextureAtlas/]: Created: 2048x2048x4 minecraft:textures/atlas/blocks.png-atlas
[11Aug2026 21:12:33.250] [Render thread/INFO] [net.minecraft.client.renderer.texture.TextureAtlas/]: Created: 256x256x4 minecraft:textures/atlas/signs.png-atlas
[11Aug2026 21:12:33.251] [Render thread/INFO] [net.minecraft.client.renderer.texture.TextureAtlas/]: Created: 512x512x4 minecraft:textures/atlas/shield_patterns.png-atlas
[11Aug2026 21:12:33.252] [Render thread/INFO] [net.minecraft.client.renderer.texture.TextureAtlas/]: Created: 512x512x4 minecraft:textures/atlas/banner_patterns.png-atlas
[11Aug2026 21:12:33.252] [Render thread/INFO] [net.minecraft.client.renderer.texture.TextureAtlas/]: Created: 2048x1024x4 minecraft:textures/atlas/armor_trims.png-atlas
[11Aug2026 21:12:33.261] [Render thread/INFO] [net.minecraft.client.renderer.texture.TextureAtlas/]: Created: 256x256x4 minecraft:textures/atlas/chest.png-atlas
[11Aug2026 21:12:33.262] [Render thread/INFO] [net.minecraft.client.renderer.texture.TextureAtlas/]: Created: 128x64x4 minecraft:textures/atlas/decorated_pot.png-atlas
[11Aug2026 21:12:33.262] [Render thread/INFO] [net.minecraft.client.renderer.texture.TextureAtlas/]: Created: 512x256x4 minecraft:textures/atlas/shulker_boxes.png-atlas
[11Aug2026 21:12:33.263] [Render thread/INFO] [net.minecraft.client.renderer.texture.TextureAtlas/]: Created: 512x256x4 minecraft:textures/atlas/beds.png-atlas
[11Aug2026 21:12:33.304] [Render thread/INFO] [net.minecraft.client.renderer.texture.TextureAtlas/]: Created: 512x512x0 minecraft:textures/atlas/particles.png-atlas
[11Aug2026 21:12:33.307] [Render thread/INFO] [net.minecraft.client.renderer.texture.TextureAtlas/]: Created: 512x256x0 minecraft:textures/atlas/paintings.png-atlas
[11Aug2026 21:12:33.307] [Render thread/INFO] [net.minecraft.client.renderer.texture.TextureAtlas/]: Created: 256x128x0 minecraft:textures/atlas/mob_effects.png-atlas
[11Aug2026 21:12:33.308] [Render thread/INFO] [net.minecraft.client.renderer.texture.TextureAtlas/]: Created: 64x64x0 minecraft:textures/atlas/map_decorations.png-atlas
[11Aug2026 21:12:33.308] [Render thread/INFO] [net.minecraft.client.renderer.texture.TextureAtlas/]: Created: 1024x1024x0 minecraft:textures/atlas/gui.png-atlas
[11Aug2026 21:12:33.327] [Render thread/WARN] [net.minecraft.client.renderer.ShaderInstance/]: Shader rendertype_entity_translucent_emissive could not find sampler named Sampler2 in the specified shader program.
[11Aug2026 21:12:33.381] [Render thread/INFO] [xaero.lib.XaeroLib/]: Successfully reloaded the XaeroLib shaders!
[11Aug2026 21:12:33.381] [Render thread/INFO] [net.neoforged.neoforge.client.entity.animation.json.AnimationLoader/]: Loaded 0 entity animations
[11Aug2026 21:12:33.381] [Render thread/INFO] [Veil/]: Loaded 3 framebuffers
[11Aug2026 21:12:33.387] [Render thread/INFO] [Veil/]: Loaded 6 post pipelines
[11Aug2026 21:12:33.390] [Render thread/INFO] [Veil/]: Loaded 6 render types
[11Aug2026 21:12:33.390] [Render thread/INFO] [Veil/]: Enabled bloom pipeline
[11Aug2026 21:12:33.390] [Render thread/INFO] [Veil/]: Loaded 0 quasar particles
[11Aug2026 21:12:33.390] [Render thread/INFO] [Veil/]: Loaded 0 templates
[11Aug2026 21:12:33.390] [Render thread/INFO] [Veil/]: Loaded 0 modules
[11Aug2026 21:12:33.409] [Render thread/INFO] [flywheel/backend/shaders/]: Loaded 79 shader sources in 16.308 ms
[11Aug2026 21:12:33.420] [Render thread/INFO] [com.simibubi.create.Create/]: Loaded 58 train hat configurations.
[11Aug2026 21:12:33.450] [Render thread/INFO] [DistantHorizons-DistantHorizons-com.seibel.distanthorizons.core.jar.updater.SelfUpdater/]: Checking for Distant Horizons [STABLE] update for MC [1.21.1]...
[11Aug2026 21:12:33.847] [Render thread/INFO] [DistantHorizons-DistantHorizons-com.seibel.distanthorizons.core.jar.updater.SelfUpdater/]: Distant Horizons already up to date.
[11Aug2026 21:12:33.856] [Render thread/INFO] [Photonics/]: Loaded ph_lights.json for shader pack 'photon-main (1).zip'
[11Aug2026 21:12:33.859] [Render thread/INFO] [Photonics/]: Photonics light registry contains 231 light definitions for 115 blocks
[11Aug2026 21:12:33.859] [Render thread/INFO] [Photonics/]: Photonics pipeline for 'photon-main (1).zip': enabled=true, mode=RESTIR, blockLight=true, gi=true, blockLightGi=false, handheld=true, shaderPackRenderScale=1.0, renderScale=1.0, giRenderScale=1.0, temporalUpscalerRequested=false, temporalUpscalerSourceScale=1.0, temporalUpscalerActive=false, temporalUpscalerHistoryFrames=8, maxLights=4000, maxSamples=20, restirInitial=32, restirSpatial=0, restirDenoiser=5, restirGiDenoiser=3, restirSoftShadows=false, restirCombinedGi=true
[11Aug2026 21:12:34.084] [Render thread/INFO] [Photonics/]: Photonics scene hash diff diagnostics enabled
[11Aug2026 21:12:34.088] [Render thread/INFO] [Photonics/]: Photonics feature increment: v65 upstream traversal guard, hand texture-normal evaluation, immature-history edge variance, and variance-guided full SVGF passes; direct-light-v64 proxy ownership retained
[11Aug2026 21:12:34.088] [Render thread/INFO] [Photonics/]: Photonics GI foundation v99: finite full-position indirect reservoirs, corrected primary-ray origin/origin rebasing/explicit sky hits, Jacobian-weighted world-hit temporal reuse for world and Sable receivers, geometric-normal-consistent indirect energy, explicit empty non-world reservoirs, hand temporal isolation, and selected-reservoir visibility validation
[11Aug2026 21:12:34.088] [Render thread/INFO] [Photonics/]: Photonics ReSTIR GI v79: combinedGi=true, splitGi=false, directScale=1.0, giScale=1.0, directDenoiserPasses=5, giDenoiserPasses=3, giPipeline=independent-frag-grid+reservoirs+history+svgf, composition=post-estimator-screen-space
[11Aug2026 21:12:34.088] [Render thread/INFO] [Photonics/]: Photonics split-GI reconstruction v81: receiver-aware four-tap interpolation with unsupported-pixel nearest-compatible fallback
[11Aug2026 21:12:34.088] [Render thread/INFO] [Photonics/]: Photonics GI stability v82: world-hit temporal reservoir reuse enabled for rigidly reprojected Sable receivers; hand history remains isolated
[11Aug2026 21:12:34.088] [Render thread/INFO] [Photonics/]: Photonics GI stability v128: radiance history follows stable block-state changes; initial loads, skylight settling, copied-state identity changes, and streamed voxel layout revisions remain path-validation-only; GI history stays eligible while voxel layout is unsettled and changed paths are rejected locally
[11Aug2026 21:12:34.088] [Render thread/INFO] [Photonics/]: Photonics GI stability v132: scene revisions carry world-space changed bounds; radiance history is invalidated regionally, zero-radiance unsettled frames remain retryable, and layout-only churn keeps temporal history eligible
[11Aug2026 21:12:34.088] [Render thread/INFO] [Photonics/]: Photonics direct startup v100: unbiased logarithmic camera-rank strata for large light lists with exact compact-list prefix proposals
[11Aug2026 21:12:34.088] [Render thread/INFO] [Photonics/]: Photonics direct visibility v107: requestedLanes=1, effectiveLanes=1, policy=disjoint-proposal-lanes/exact-original-pdf/visibility-before-unbiased-lane-merge
[11Aug2026 21:12:34.088] [Render thread/INFO] [Photonics/]: Photonics ReSTIR GI transport v85+: stochastic tinted-glass traversal and endpoint-first transparent-hit validation
[11Aug2026 21:12:34.088] [Render thread/INFO] [Photonics/]: Photonics GI environment v115: initialized independently in the indirect pass; native Photon reads direct sun and hemispherical skylight from colortex4; sunProposalDiagnostic=false
[11Aug2026 21:12:34.088] [Render thread/INFO] [Photonics/]: Photonics GI environment v117: environment proposals remain active during section streaming; the v116 global pause was removed because it created camera-dependent dark fill
[11Aug2026 21:12:34.088] [Render thread/INFO] [Photonics/]: Photonics world upload v117: voxel-tree mutation is fenced before allocator reuse; tree-dependent uniforms remain published after the completed upload
[11Aug2026 21:12:34.088] [Render thread/INFO] [Photonics/]: Photonics stability v86: deterministic thin-cutout GI coverage and bounded palette-heap compiler recovery probes
[11Aug2026 21:12:34.088] [Render thread/INFO] [Photonics/]: Photonics ReSTIR GI validation v88: triState=valid/blocked-current-receiver/stale, blockedHistoryM=preserved-once-with-zero-energy, staleHistoryM=excluded, maxTemporalCandidates=1, maxSpatialCandidates=1, maxTraversalSteps=128
[11Aug2026 21:12:34.088] [Render thread/INFO] [Photonics/]: Photonics feature set: direct-light-v64 expiring Contraption Lights proxy ownership with a conservative nearby unmatched-proxy quarantine, position-matched Sable light alias trail with registry/profile diagnostics and render-thread-owned external merge, full-precision motion-grid Sable receiver visibility and endpoint-safe conservative traversal, dual-space Sable light de-duplication, production composite restored after v57 reservoir diagnostics, corrected indirect hit-normal decoding, full temporal reservoir retention for Sable external lighting, randomized systematic world-light proposals, Sable skylight-transition diagnostics with opt-in getter freeze, post-denoise exact Sable-local direct stream and fail-closed same-domain visibility, camera-relative double-composed Sable reprojection, normal-guided receiver classification, tri-state same-sublevel visibility and conservative supercover voxel traversal, sampling-time receiver-domain partition with exact same-sublevel direct lighting, external-only Sable reservoirs and soft-shadow local-visibility-signature-guided Sable SVGF support, preserved all-zero current proposal batches, elapsed-time moving-light hysteresis and unsnapped render-pose positions, rejected spatial-batch accounting, receiver-domain-complete stable/external history partition and rigid-motion Sable spatial reuse, bounded visibility-rejected reservoirs and representative-scoped external reactivity, split stable/external accumulation histories and stale Sable material recovery, explicit emitter motion-domain identity, motion-domain-stable receiver-relative light-history limits, previous-light position metadata, rotation-correct cross-sublevel motion, guarded ordinary-world all-light and external-only Sable single-neighbor spatial reuse, immutable spatial input, current-receiver visibility validation, bounded spatial history, independent spatial random stream, bounded reservoirs, zero-contribution batch accounting, actual-motion reactive lights, stable-anchor Sable reprojection, surface-plane SVGF, visibility-transition provenance, stable Sable identity, current-visible temporal reuse, Sable plot-section isolation, deterministic diagonal cutouts, generation-aligned adaptive stratified ReSTIR proposals, exposed-face Sable local visibility, duplicate Veil point-light suppression, moving-light and Iris material bridges; finite-segment OOB visibility and tree-origin tracing, masked passes, texture barriers, accumulation, denoising, handheld; Sable-receiver world/cross-sublevel spatial reuse and combined GI compatibility gates active
[11Aug2026 21:12:34.088] [Render thread/INFO] [Photonics/]: Photonics ReSTIR configuration v107: directCandidatesPerPixel=32, directTemporalSampleCap=640, directVisibilityLanes=1, directOutputSampleCap=world-128/sable-temporal-cap, spatialCandidates=0, spatialRadiusPixels=5.0, output=split-direct-and-gi-radiance-plus-exact-sable-local, samplingPolicy=large-list-logarithmic-rank-strata+compact-list-systematic-prefix-tail+distinct-priority-prefix/sable-external-reservoir/exact-all-same-token-lights/fail-closed-tri-state-conservative-local-dda/full-precision-motion-grid-receiver/normal-biased-endpoint/preserved-zero-current-batches, spatialPolicy=receiver-matched-current-frame/external-only-sable/current-rejection-accounting/immutable-input/initial-batch-cap+rejected-fallback-cap+background-finalization, historyPolicy=receiver-domain-complete-split-stable-external/direct-only-full-rigid-local-history/camera-relative-double-compose/normal-guided-receiver/soft-local-signature-reset/visibility-transition-reset/representative-scoped-external-reactivity/explicit-emitter-domain/0.15-block-trail/2-frame-floor, lightListPolicy=position-matched-250ms-alias-trail/250ms-after-loss-minecraft-light-proxy-ownership/125ms+2-frame-unmatched-proxy-quarantine/3-cell-alias-radius/render-thread-owned-merge, motionHoldMs=250, denoiserPolicy=post-denoise-exact-local-hard-shadow+representative-gated-world+soft-local-signature-sable, sableSkyLightDiagnostic=transition-log/optional-freeze-getter, directDenoiserPasses=5, giDenoiserPasses=3, softShadows=false, combinedGi=true, splitGi=false
[11Aug2026 21:12:34.099] [Render thread/INFO] [Photonics/]: Photonics framebuffer capacity v68: buffer=side-a, attachments=8, maxDrawBuffers=8, maxColorAttachments=8
[11Aug2026 21:12:34.099] [Render thread/INFO] [Photonics/]: Photonics framebuffer capacity v68: buffer=side-b, attachments=8, maxDrawBuffers=8, maxColorAttachments=8
[11Aug2026 21:12:34.101] [Render thread/INFO] [Photonics/]: Photonics history reset v18: reason=pipeline-created, generation=1, dimension=minecraft:overworld
[11Aug2026 21:12:34.102] [Render thread/INFO] [Iris/]: Creating pipeline for dimension minecraft:overworld
[11Aug2026 21:12:34.601] [Render thread/INFO] [org.anarres.cpp.DefaultPreprocessorListener/]: null:0:0: error: #endif without #if
[11Aug2026 21:12:34.705] [Render thread/INFO] [org.anarres.cpp.DefaultPreprocessorListener/]: null:0:0: error: #endif without #if
[11Aug2026 21:12:34.813] [Render thread/INFO] [org.anarres.cpp.DefaultPreprocessorListener/]: null:0:0: error: #endif without #if
[11Aug2026 21:12:34.860] [Render thread/INFO] [org.anarres.cpp.DefaultPreprocessorListener/]: null:0:0: error: #endif without #if
[11Aug2026 21:12:34.897] [Render thread/INFO] [org.anarres.cpp.DefaultPreprocessorListener/]: null:0:0: error: #endif without #if
[11Aug2026 21:12:34.930] [Render thread/INFO] [org.anarres.cpp.DefaultPreprocessorListener/]: null:0:0: error: #endif without #if
[11Aug2026 21:12:34.963] [Render thread/INFO] [org.anarres.cpp.DefaultPreprocessorListener/]: null:0:0: error: #endif without #if
[11Aug2026 21:12:35.001] [Render thread/INFO] [org.anarres.cpp.DefaultPreprocessorListener/]: null:0:0: error: #endif without #if
[11Aug2026 21:12:35.043] [Render thread/INFO] [org.anarres.cpp.DefaultPreprocessorListener/]: null:0:0: error: #endif without #if
[11Aug2026 21:12:35.078] [Render thread/INFO] [org.anarres.cpp.DefaultPreprocessorListener/]: null:0:0: error: #endif without #if
[11Aug2026 21:12:35.108] [Render thread/INFO] [org.anarres.cpp.DefaultPreprocessorListener/]: null:0:0: error: #endif without #if
[11Aug2026 21:12:35.386] [Render thread/WARN] [Iris/]: Type is VERTEX
[11Aug2026 21:12:35.388] [Render thread/WARN] [Iris/]: Type is FRAGMENT
[11Aug2026 21:12:35.396] [Render thread/WARN] [Iris/]: Type is VERTEX
[11Aug2026 21:12:35.397] [Render thread/WARN] [Iris/]: Type is FRAGMENT
[11Aug2026 21:12:35.415] [Render thread/WARN] [Iris/]: Type is VERTEX
[11Aug2026 21:12:35.416] [Render thread/WARN] [Iris/]: Type is FRAGMENT
[11Aug2026 21:12:39.687] [Render thread/INFO] [com.simibubi.create.Create/]: Created 157 recipes which will be injected into the game
[11Aug2026 21:12:39.689] [Render thread/INFO] [com.simibubi.create.Create/]: Created 0 tags which will be injected into the game
[11Aug2026 21:12:39.999] [Worker-Main-7/ERROR] [net.minecraft.world.level.storage.loot.LootDataType/]: Couldn't parse element ResourceKey[minecraft:root / minecraft:loot_table]:simurail:blocks/automatic_coupler - Not a valid resource location: simurail:blocks/simurail:automatic_coupler Non [a-z0-9/._-] character in path of location: simurail:blocks/simurail:automatic_coupler
[11Aug2026 21:12:40.267] [Render thread/INFO] [net.minecraft.world.item.crafting.RecipeManager/]: Loaded 2948 recipes
[11Aug2026 21:12:40.364] [Render thread/INFO] [net.minecraft.advancements.AdvancementTree/]: Loaded 2644 advancements
[11Aug2026 21:12:40.796] [Server thread/INFO] [net.minecraft.client.server.IntegratedServer/]: Starting integrated minecraft server version 1.21.1
[11Aug2026 21:12:40.796] [Server thread/INFO] [net.minecraft.server.MinecraftServer/]: Generating keypair
[11Aug2026 21:12:40.847] [Server thread/INFO] [DistantHorizons-DistantHorizons-com.seibel.distanthorizons.core.world.AbstractDhWorld/]: Started DhWorld of type [CLIENT_SERVER].
[11Aug2026 21:12:40.879] [Server thread/INFO] [dev.ryanhcode.sable.Sable/]: Creating physics pipeline for ResourceKey[minecraft:dimension / minecraft:overworld] using RapierPhysicsPipelineProvider
[11Aug2026 21:12:41.102] [DH-Full Data Migration Thread[0]/INFO] [DistantHorizons-DistantHorizons-com.seibel.distanthorizons.core.file.fullDatafile.V2.DataMigratorV1/]: No migration necessary.
[11Aug2026 21:12:41.103] [Server thread/INFO] [DistantHorizons-DistantHorizons-com.seibel.distanthorizons.core.level.AbstractDhServerLevel/]: Started DhClientServerLevel for [Wrapped{ServerLevel[New World1]@minecraft:overworld}] at [[LocalSaveStructure@(/home/krzysztofkalisiak/.local/share/ModrinthApp/profiles/Create Aeronautics (1)/saves/New World1/data)]].
[11Aug2026 21:12:41.120] [Server thread/INFO] [dev.ryanhcode.sable.Sable/]: Creating physics pipeline for ResourceKey[minecraft:dimension / minecraft:the_end] using RapierPhysicsPipelineProvider
[11Aug2026 21:12:41.144] [DH-Full Data Migration Thread[0]/INFO] [DistantHorizons-DistantHorizons-com.seibel.distanthorizons.core.file.fullDatafile.V2.DataMigratorV1/]: No migration necessary.
[11Aug2026 21:12:41.146] [Server thread/INFO] [DistantHorizons-DistantHorizons-com.seibel.distanthorizons.core.level.AbstractDhServerLevel/]: Started DhClientServerLevel for [Wrapped{ServerLevel[New World1]@minecraft:the_end}] at [[LocalSaveStructure@(/home/krzysztofkalisiak/.local/share/ModrinthApp/profiles/Create Aeronautics (1)/saves/New World1/DIM1/data;/home/krzysztofkalisiak/.local/share/ModrinthApp/profiles/Create Aeronautics (1)/saves/New World1/data)]].
[11Aug2026 21:12:41.147] [Server thread/INFO] [dev.ryanhcode.sable.Sable/]: Creating physics pipeline for ResourceKey[minecraft:dimension / minecraft:the_nether] using RapierPhysicsPipelineProvider
[11Aug2026 21:12:41.158] [DH-Full Data Migration Thread[0]/INFO] [DistantHorizons-DistantHorizons-com.seibel.distanthorizons.core.file.fullDatafile.V2.DataMigratorV1/]: No migration necessary.
[11Aug2026 21:12:41.160] [Server thread/INFO] [DistantHorizons-DistantHorizons-com.seibel.distanthorizons.core.level.AbstractDhServerLevel/]: Started DhClientServerLevel for [Wrapped{ServerLevel[New World1]@minecraft:the_nether}] at [[LocalSaveStructure@(/home/krzysztofkalisiak/.local/share/ModrinthApp/profiles/Create Aeronautics (1)/saves/New World1/DIM1/data;/home/krzysztofkalisiak/.local/share/ModrinthApp/profiles/Create Aeronautics (1)/saves/New World1/data;/home/krzysztofkalisiak/.local/share/ModrinthApp/profiles/Create Aeronautics (1)/saves/New World1/DIM-1/data)]].
[11Aug2026 21:12:41.161] [Server thread/INFO] [net.minecraft.server.MinecraftServer/]: Preparing start region for dimension minecraft:overworld
[11Aug2026 21:12:41.246] [Render thread/INFO] [net.minecraft.server.level.progress.LoggerChunkProgressListener/]: Preparing spawn area: 0%
[11Aug2026 21:12:41.297] [Server thread/INFO] [net.neoforged.neoforge.server.permission.PermissionAPI/]: Successfully initialized permission handler neoforge:default_handler
[11Aug2026 21:12:41.297] [Server thread/INFO] [me.yurtema.searchlights.Searchlights/]: HELLO from server starting
[11Aug2026 21:12:41.298] [Render thread/INFO] [net.minecraft.server.level.progress.LoggerChunkProgressListener/]: Time elapsed: 136 ms
[11Aug2026 21:12:41.351] [Server thread/INFO] [net.minecraft.client.server.IntegratedServer/]: Changing simulation distance to 10, from 0
[11Aug2026 21:12:41.404] [Render thread/INFO] [dev.ryanhcode.sable.Sable/]: Adding local UDP server channel future
[11Aug2026 21:12:41.408] [Render thread/WARN] [io.netty.bootstrap.Bootstrap/]: Unknown channel option 'SO_BROADCAST' for channel '[id: 0x7138efc0]'
[11Aug2026 21:12:41.411] [Netty Server IO #1/INFO] [dev.ryanhcode.sable.Sable/]: Server UDP channel active
[11Aug2026 21:12:41.422] [Render thread/INFO] [dev.ryanhcode.sable.Sable/]: Starting local client UDP channel future
[11Aug2026 21:12:41.423] [Netty Local Client IO #1/INFO] [dev.ryanhcode.sable.Sable/]: Client UDP channel active
[11Aug2026 21:12:41.632] [DH-Request Module Ticker [minecraft:overworld] Thread[0]/INFO] [DistantHorizons-DistantHorizons-com.seibel.distanthorizons.core.generation.BatchGenerator/]: Batch Chunk Generator initialized
[11Aug2026 21:12:41.634] [DH-Request Module Ticker [minecraft:overworld] Thread[0]/INFO] [DistantHorizons-DistantHorizons-com.seibel.distanthorizons.core.generation.queues.WorldGenerationQueue/]: Creating world gen queue
[11Aug2026 21:12:41.634] [DH-Request Module Ticker [minecraft:overworld] Thread[0]/INFO] [DistantHorizons-DistantHorizons-com.seibel.distanthorizons.core.generation.queues.WorldGenerationQueue/]: Created world gen queue
[11Aug2026 21:12:41.634] [DH-Request Module Ticker [minecraft:overworld] Thread[0]/INFO] [DistantHorizons-DistantHorizons-com.seibel.distanthorizons.core.file.fullDatafile.GeneratedFullDataSourceProvider/]: Set world gen queue for level [minecraft:overworld].
[11Aug2026 21:12:41.665] [DH-Request Module Ticker [minecraft:the_end] Thread[0]/INFO] [DistantHorizons-DistantHorizons-com.seibel.distanthorizons.core.generation.BatchGenerator/]: Batch Chunk Generator initialized
[11Aug2026 21:12:41.665] [DH-Request Module Ticker [minecraft:the_end] Thread[0]/INFO] [DistantHorizons-DistantHorizons-com.seibel.distanthorizons.core.generation.queues.WorldGenerationQueue/]: Creating world gen queue
[11Aug2026 21:12:41.665] [DH-Request Module Ticker [minecraft:the_end] Thread[0]/INFO] [DistantHorizons-DistantHorizons-com.seibel.distanthorizons.core.generation.queues.WorldGenerationQueue/]: Created world gen queue
[11Aug2026 21:12:41.665] [DH-Request Module Ticker [minecraft:the_end] Thread[0]/INFO] [DistantHorizons-DistantHorizons-com.seibel.distanthorizons.core.file.fullDatafile.GeneratedFullDataSourceProvider/]: Set world gen queue for level [minecraft:the_end].
[11Aug2026 21:12:41.679] [DH-Request Module Ticker [minecraft:the_nether] Thread[0]/INFO] [DistantHorizons-DistantHorizons-com.seibel.distanthorizons.core.generation.BatchGenerator/]: Batch Chunk Generator initialized
[11Aug2026 21:12:41.679] [DH-Request Module Ticker [minecraft:the_nether] Thread[0]/INFO] [DistantHorizons-DistantHorizons-com.seibel.distanthorizons.core.generation.queues.WorldGenerationQueue/]: Creating world gen queue
[11Aug2026 21:12:41.679] [DH-Request Module Ticker [minecraft:the_nether] Thread[0]/INFO] [DistantHorizons-DistantHorizons-com.seibel.distanthorizons.core.generation.queues.WorldGenerationQueue/]: Created world gen queue
[11Aug2026 21:12:41.679] [DH-Request Module Ticker [minecraft:the_nether] Thread[0]/INFO] [DistantHorizons-DistantHorizons-com.seibel.distanthorizons.core.file.fullDatafile.GeneratedFullDataSourceProvider/]: Set world gen queue for level [minecraft:the_nether].
[11Aug2026 21:12:41.710] [Server thread/INFO] [net.minecraft.server.players.PlayerList/]: Eutio[local:E:7f03d051] logged in with entity id 3 at (-27.116563386774413, 0.0, 93.23546776685369)
[11Aug2026 21:12:41.713] [Server thread/INFO] [dev.ryanhcode.sable.Sable/]: Beginning attempted authentication with player Eutio
[11Aug2026 21:12:41.738] [Render thread/INFO] [xaero.hud.minimap.MinimapLogs/]: Minimap required item set to nothing.
[11Aug2026 21:12:41.738] [Render thread/INFO] [xaero.hud.minimap.MinimapLogs/]: New Xaero hud session initialized!
[11Aug2026 21:12:41.764] [Server thread/INFO] [net.minecraft.server.MinecraftServer/]: Eutio joined the game
[11Aug2026 21:12:41.795] [Server thread/INFO] [DistantHorizons-DistantHorizons-com.seibel.distanthorizons.core.api.internal.ServerApi/]: Player [Eutio] joined.
[11Aug2026 21:12:41.802] [Render thread/INFO] [Iris/]: Reloading pipeline on dimension change: minecraft:overworld => minecraft:overworld
[11Aug2026 21:12:41.802] [Render thread/INFO] [Photonics/]: Photonics history reset v72: reason=pipeline-destroyed, generation=1
[11Aug2026 21:12:41.808] [Render thread/INFO] [Photonics/]: Photonics chunk compiler v72 stopped: pendingSections=0, memory=jvmHeap={usedBytes=1083552744, committedBytes=2038431744, maxBytes=8589934592}, jvmGc={collections=78, timeMs=424}, worldHeap=GpuBufferHeapStats[capacityBytes=536870912, reservedBytes=12, liveBytes=12, peakLiveBytes=12, reusableBytes=0, allocations=1, reusedAllocations=0, frees=0, failedAllocations=0], paletteHeap=GpuBufferHeapStats[capacityBytes=201326592, reservedBytes=0, liveBytes=0, peakLiveBytes=0, reusableBytes=0, allocations=0, reusedAllocations=0, frees=0, failedAllocations=0], registries={lights=Stats[cachedObjects=0, pendingFreeObjects=0, allocatedObjects=0, failedAllocations=0], palettes=Stats[cachedObjects=0, pendingFreeObjects=0, allocatedObjects=0, failedAllocations=0], blocks=Stats[cachedObjects=0, pendingFreeObjects=0, allocatedObjects=0, failedAllocations=0], models=Stats[cachedObjects=0, pendingFreeObjects=0, allocatedObjects=0, failedAllocations=0]}
[11Aug2026 21:12:41.811] [Render thread/INFO] [Photonics/]: Photonics light registry contains 127 light definitions for 98 blocks
[11Aug2026 21:12:41.811] [Render thread/INFO] [Iris/]: Destroying pipeline minecraft:overworld
[11Aug2026 21:12:41.817] [Render thread/INFO] [Photonics/]: Loaded ph_lights.json for shader pack 'photon-main (1).zip'
[11Aug2026 21:12:41.819] [Render thread/INFO] [Photonics/]: Photonics light registry contains 231 light definitions for 115 blocks
[11Aug2026 21:12:41.819] [Render thread/INFO] [Photonics/]: Photonics pipeline for 'photon-main (1).zip': enabled=true, mode=RESTIR, blockLight=true, gi=true, blockLightGi=false, handheld=true, shaderPackRenderScale=1.0, renderScale=1.0, giRenderScale=1.0, temporalUpscalerRequested=false, temporalUpscalerSourceScale=1.0, temporalUpscalerActive=false, temporalUpscalerHistoryFrames=8, maxLights=4000, maxSamples=20, restirInitial=32, restirSpatial=0, restirDenoiser=5, restirGiDenoiser=3, restirSoftShadows=false, restirCombinedGi=true
[11Aug2026 21:12:42.051] [Render thread/INFO] [Photonics/]: Photonics scene hash diff diagnostics enabled
[11Aug2026 21:12:42.054] [Render thread/INFO] [Photonics/]: Photonics feature increment: v65 upstream traversal guard, hand texture-normal evaluation, immature-history edge variance, and variance-guided full SVGF passes; direct-light-v64 proxy ownership retained
[11Aug2026 21:12:42.054] [Render thread/INFO] [Photonics/]: Photonics GI foundation v99: finite full-position indirect reservoirs, corrected primary-ray origin/origin rebasing/explicit sky hits, Jacobian-weighted world-hit temporal reuse for world and Sable receivers, geometric-normal-consistent indirect energy, explicit empty non-world reservoirs, hand temporal isolation, and selected-reservoir visibility validation
[11Aug2026 21:12:42.054] [Render thread/INFO] [Photonics/]: Photonics ReSTIR GI v79: combinedGi=true, splitGi=false, directScale=1.0, giScale=1.0, directDenoiserPasses=5, giDenoiserPasses=3, giPipeline=independent-frag-grid+reservoirs+history+svgf, composition=post-estimator-screen-space
[11Aug2026 21:12:42.054] [Render thread/INFO] [Photonics/]: Photonics split-GI reconstruction v81: receiver-aware four-tap interpolation with unsupported-pixel nearest-compatible fallback
[11Aug2026 21:12:42.054] [Render thread/INFO] [Photonics/]: Photonics GI stability v82: world-hit temporal reservoir reuse enabled for rigidly reprojected Sable receivers; hand history remains isolated
[11Aug2026 21:12:42.054] [Render thread/INFO] [Photonics/]: Photonics GI stability v128: radiance history follows stable block-state changes; initial loads, skylight settling, copied-state identity changes, and streamed voxel layout revisions remain path-validation-only; GI history stays eligible while voxel layout is unsettled and changed paths are rejected locally
[11Aug2026 21:12:42.054] [Render thread/INFO] [Photonics/]: Photonics GI stability v132: scene revisions carry world-space changed bounds; radiance history is invalidated regionally, zero-radiance unsettled frames remain retryable, and layout-only churn keeps temporal history eligible
[11Aug2026 21:12:42.054] [Render thread/INFO] [Photonics/]: Photonics direct startup v100: unbiased logarithmic camera-rank strata for large light lists with exact compact-list prefix proposals
[11Aug2026 21:12:42.054] [Render thread/INFO] [Photonics/]: Photonics direct visibility v107: requestedLanes=1, effectiveLanes=1, policy=disjoint-proposal-lanes/exact-original-pdf/visibility-before-unbiased-lane-merge
[11Aug2026 21:12:42.054] [Render thread/INFO] [Photonics/]: Photonics ReSTIR GI transport v85+: stochastic tinted-glass traversal and endpoint-first transparent-hit validation
[11Aug2026 21:12:42.054] [Render thread/INFO] [Photonics/]: Photonics GI environment v115: initialized independently in the indirect pass; native Photon reads direct sun and hemispherical skylight from colortex4; sunProposalDiagnostic=false
[11Aug2026 21:12:42.054] [Render thread/INFO] [Photonics/]: Photonics GI environment v117: environment proposals remain active during section streaming; the v116 global pause was removed because it created camera-dependent dark fill
[11Aug2026 21:12:42.054] [Render thread/INFO] [Photonics/]: Photonics world upload v117: voxel-tree mutation is fenced before allocator reuse; tree-dependent uniforms remain published after the completed upload
[11Aug2026 21:12:42.054] [Render thread/INFO] [Photonics/]: Photonics stability v86: deterministic thin-cutout GI coverage and bounded palette-heap compiler recovery probes
[11Aug2026 21:12:42.054] [Render thread/INFO] [Photonics/]: Photonics ReSTIR GI validation v88: triState=valid/blocked-current-receiver/stale, blockedHistoryM=preserved-once-with-zero-energy, staleHistoryM=excluded, maxTemporalCandidates=1, maxSpatialCandidates=1, maxTraversalSteps=128
[11Aug2026 21:12:42.054] [Render thread/INFO] [Photonics/]: Photonics feature set: direct-light-v64 expiring Contraption Lights proxy ownership with a conservative nearby unmatched-proxy quarantine, position-matched Sable light alias trail with registry/profile diagnostics and render-thread-owned external merge, full-precision motion-grid Sable receiver visibility and endpoint-safe conservative traversal, dual-space Sable light de-duplication, production composite restored after v57 reservoir diagnostics, corrected indirect hit-normal decoding, full temporal reservoir retention for Sable external lighting, randomized systematic world-light proposals, Sable skylight-transition diagnostics with opt-in getter freeze, post-denoise exact Sable-local direct stream and fail-closed same-domain visibility, camera-relative double-composed Sable reprojection, normal-guided receiver classification, tri-state same-sublevel visibility and conservative supercover voxel traversal, sampling-time receiver-domain partition with exact same-sublevel direct lighting, external-only Sable reservoirs and soft-shadow local-visibility-signature-guided Sable SVGF support, preserved all-zero current proposal batches, elapsed-time moving-light hysteresis and unsnapped render-pose positions, rejected spatial-batch accounting, receiver-domain-complete stable/external history partition and rigid-motion Sable spatial reuse, bounded visibility-rejected reservoirs and representative-scoped external reactivity, split stable/external accumulation histories and stale Sable material recovery, explicit emitter motion-domain identity, motion-domain-stable receiver-relative light-history limits, previous-light position metadata, rotation-correct cross-sublevel motion, guarded ordinary-world all-light and external-only Sable single-neighbor spatial reuse, immutable spatial input, current-receiver visibility validation, bounded spatial history, independent spatial random stream, bounded reservoirs, zero-contribution batch accounting, actual-motion reactive lights, stable-anchor Sable reprojection, surface-plane SVGF, visibility-transition provenance, stable Sable identity, current-visible temporal reuse, Sable plot-section isolation, deterministic diagonal cutouts, generation-aligned adaptive stratified ReSTIR proposals, exposed-face Sable local visibility, duplicate Veil point-light suppression, moving-light and Iris material bridges; finite-segment OOB visibility and tree-origin tracing, masked passes, texture barriers, accumulation, denoising, handheld; Sable-receiver world/cross-sublevel spatial reuse and combined GI compatibility gates active
[11Aug2026 21:12:42.054] [Render thread/INFO] [Photonics/]: Photonics ReSTIR configuration v107: directCandidatesPerPixel=32, directTemporalSampleCap=640, directVisibilityLanes=1, directOutputSampleCap=world-128/sable-temporal-cap, spatialCandidates=0, spatialRadiusPixels=5.0, output=split-direct-and-gi-radiance-plus-exact-sable-local, samplingPolicy=large-list-logarithmic-rank-strata+compact-list-systematic-prefix-tail+distinct-priority-prefix/sable-external-reservoir/exact-all-same-token-lights/fail-closed-tri-state-conservative-local-dda/full-precision-motion-grid-receiver/normal-biased-endpoint/preserved-zero-current-batches, spatialPolicy=receiver-matched-current-frame/external-only-sable/current-rejection-accounting/immutable-input/initial-batch-cap+rejected-fallback-cap+background-finalization, historyPolicy=receiver-domain-complete-split-stable-external/direct-only-full-rigid-local-history/camera-relative-double-compose/normal-guided-receiver/soft-local-signature-reset/visibility-transition-reset/representative-scoped-external-reactivity/explicit-emitter-domain/0.15-block-trail/2-frame-floor, lightListPolicy=position-matched-250ms-alias-trail/250ms-after-loss-minecraft-light-proxy-ownership/125ms+2-frame-unmatched-proxy-quarantine/3-cell-alias-radius/render-thread-owned-merge, motionHoldMs=250, denoiserPolicy=post-denoise-exact-local-hard-shadow+representative-gated-world+soft-local-signature-sable, sableSkyLightDiagnostic=transition-log/optional-freeze-getter, directDenoiserPasses=5, giDenoiserPasses=3, softShadows=false, combinedGi=true, splitGi=false
[11Aug2026 21:12:42.057] [Render thread/INFO] [Photonics/]: Photonics framebuffer capacity v68: buffer=side-a, attachments=8, maxDrawBuffers=8, maxColorAttachments=8
[11Aug2026 21:12:42.057] [Render thread/INFO] [Photonics/]: Photonics framebuffer capacity v68: buffer=side-b, attachments=8, maxDrawBuffers=8, maxColorAttachments=8
[11Aug2026 21:12:42.057] [Render thread/INFO] [Photonics/]: Photonics history reset v18: reason=pipeline-created, generation=2, dimension=minecraft:overworld
[11Aug2026 21:12:42.057] [Render thread/INFO] [Iris/]: Creating pipeline for dimension minecraft:overworld
[11Aug2026 21:12:42.135] [Render thread/INFO] [org.anarres.cpp.DefaultPreprocessorListener/]: null:0:0: error: #endif without #if
[11Aug2026 21:12:42.145] [Render thread/INFO] [org.anarres.cpp.DefaultPreprocessorListener/]: null:0:0: error: #endif without #if
[11Aug2026 21:12:42.165] [Render thread/INFO] [org.anarres.cpp.DefaultPreprocessorListener/]: null:0:0: error: #endif without #if
[11Aug2026 21:12:42.187] [Render thread/INFO] [org.anarres.cpp.DefaultPreprocessorListener/]: null:0:0: error: #endif without #if
[11Aug2026 21:12:42.207] [Render thread/INFO] [org.anarres.cpp.DefaultPreprocessorListener/]: null:0:0: error: #endif without #if
[11Aug2026 21:12:42.226] [Render thread/INFO] [org.anarres.cpp.DefaultPreprocessorListener/]: null:0:0: error: #endif without #if
[11Aug2026 21:12:42.244] [Render thread/INFO] [org.anarres.cpp.DefaultPreprocessorListener/]: null:0:0: error: #endif without #if
[11Aug2026 21:12:42.256] [Render thread/INFO] [org.anarres.cpp.DefaultPreprocessorListener/]: null:0:0: error: #endif without #if
[11Aug2026 21:12:42.271] [Render thread/INFO] [org.anarres.cpp.DefaultPreprocessorListener/]: null:0:0: error: #endif without #if
[11Aug2026 21:12:42.285] [Render thread/INFO] [org.anarres.cpp.DefaultPreprocessorListener/]: null:0:0: error: #endif without #if
[11Aug2026 21:12:42.296] [Render thread/INFO] [org.anarres.cpp.DefaultPreprocessorListener/]: null:0:0: error: #endif without #if
[11Aug2026 21:12:42.457] [Render thread/WARN] [flywheel/]: Flywheel backend fell back from 'flywheel:indirect' to 'flywheel:off'
[11Aug2026 21:12:42.538] [Render thread/INFO] [ChunkBuilder/]: Started 10 worker threads
[11Aug2026 21:12:42.600] [Render thread/INFO] [xaero.hud.minimap.MinimapLogs/]: Minimap updated server level id: -1668003663 for world ResourceKey[minecraft:dimension / minecraft:overworld]
[11Aug2026 21:12:42.604] [Render thread/INFO] [net.minecraft.advancements.AdvancementTree/]: Loaded 24 advancements
[11Aug2026 21:12:42.673] [Render thread/INFO] [Photonics/]: Photonics v43 Sable source validation: zeroLuminanceButTraced=0, rejectedMaterial=0, recoveredStaleMaterial=0, firstIssue=none
[11Aug2026 21:12:42.689] [Render thread/INFO] [Photonics/]: Photonics world tracing v132: layoutRevision=0, sceneRevision=0, settled=false, compiledSections=0, trackedSections=0, batchBuilt=0, batchUnloaded=0, pendingBuilds=0, pendingUnloads=0, ready=false, depth=0, blockBounds=( 0.000E+0  0.000E+0  0.000E+0)..( 0.000E+0  0.000E+0  0.000E+0), treeBounds=( 0.000E+0  0.000E+0  0.000E+0)..( 0.000E+0  0.000E+0  0.000E+0), origin=( 0.000E+0  0.000E+0  0.000E+0), sceneChangeBounds=none, boundsSource=tree, compileMs=0.000
[11Aug2026 21:12:42.689] [Render thread/INFO] [Photonics/]: Photonics v35 direct-light prefixes: movingLights=0, externalLights=0, totalLights=0, proposalBudget=adaptive-half-candidates
[11Aug2026 21:12:42.725] [Photonics Light List Compiler/INFO] [Photonics/]: Photonics light candidates v18: eligible=6, selected=6, maxLights=4000, lightSections=4, capped=false
[11Aug2026 21:12:42.892] [Render thread/INFO] [ChunkBuilder/]: Stopping worker threads
[11Aug2026 21:12:42.898] [Render thread/INFO] [ChunkBuilder/]: Started 10 worker threads
[11Aug2026 21:12:42.904] [Render thread/WARN] [flywheel/]: Flywheel backend fell back from 'flywheel:indirect' to 'flywheel:off'
[11Aug2026 21:12:42.994] [Photonics Light List Compiler/INFO] [Photonics/]: Photonics light candidates v18: eligible=22, selected=22, maxLights=4000, lightSections=10, capped=false
[11Aug2026 21:12:42.994] [Photonics Light List Compiler/INFO] [Photonics/]: Photonics light-list publication v88: coalescedBatches=21, peakPendingSections=1929, remainingSections=1028, deferredMs=257.188
[11Aug2026 21:12:42.999] [Render thread/WARN] [Sodium-VertexConsumerTracker/]: Class com.mojang.blaze3d.vertex.BufferBuilder does not support optimized vertex writing code paths, which may cause reduced rendering performance
[11Aug2026 21:12:43.038] [Render thread/INFO] [DistantHorizons-DistantHorizons-com.seibel.distanthorizons.common.render.openGl.glObject.GLProxy/]: Iris detected, Distant Horizons OpenGL error logging won't be sent in the chat due to Iris throwing known (harmless) OpenGL errors. This is a bug with Iris, not Distant Horizons.
[11Aug2026 21:12:43.039] [Render thread/INFO] [DistantHorizons-DistantHorizons-com.seibel.distanthorizons.common.render.openGl.glObject.GLProxy/]: Creating [GLProxy]... If this is the last message you see there must have been an OpenGL error.
[11Aug2026 21:12:43.039] [Render thread/INFO] [DistantHorizons-DistantHorizons-com.seibel.distanthorizons.common.render.openGl.glObject.GLProxy/]: Lod Render OpenGL version [4.6 (Core Profile) Mesa 26.1.2 - kisak-mesa PPA].
[11Aug2026 21:12:43.040] [Render thread/INFO] [DistantHorizons-DistantHorizons-com.seibel.distanthorizons.common.render.openGl.glObject.GLProxy/]: minecraftGlCapabilities:
Your OpenGL support:
openGL version 3.3+: [true] <- REQUIRED
Vertex Attribute Buffer Binding: [true] <- optional improvement
Buffer Storage: [true] <- optional improvement

[11Aug2026 21:12:43.041] [Render thread/INFO] [DistantHorizons-DistantHorizons-com.seibel.distanthorizons.common.render.openGl.glObject.GLProxy/]: GPU Vendor [AMD] with OS [Linux], Preferred upload method is [BUFFER_STORAGE].
[11Aug2026 21:12:43.041] [Render thread/INFO] [DistantHorizons-DistantHorizons-com.seibel.distanthorizons.common.render.openGl.glObject.GLProxy/]: GLProxy creation successful. OpenGL smiles upon you this day.
[11Aug2026 21:12:43.041] [Render thread/INFO] [DistantHorizons-DistantHorizons-com.seibel.distanthorizons.common.render.openGl.GlDhMetaRenderer_neoforge/]: Setting up renderer
[11Aug2026 21:12:43.043] [Render thread/INFO] [DistantHorizons-DistantHorizons-com.seibel.distanthorizons.common.render.openGl.GlDhMetaRenderer_neoforge/]: Renderer setup complete
[11Aug2026 21:12:43.046] [Render thread/INFO] [DistantHorizons-DistantHorizons-com.seibel.distanthorizons.common.render.openGl.glObject.shader.GlShader/]: Loading shader with type: [35633]
[11Aug2026 21:12:43.046] [Render thread/INFO] [DistantHorizons-DistantHorizons-com.seibel.distanthorizons.common.render.openGl.glObject.shader.GlShader/]: Shader loaded sucessfully.
[11Aug2026 21:12:43.046] [Render thread/INFO] [DistantHorizons-DistantHorizons-com.seibel.distanthorizons.common.render.openGl.glObject.shader.GlShader/]: Loading shader with type: [35632]
[11Aug2026 21:12:43.046] [Render thread/INFO] [DistantHorizons-DistantHorizons-com.seibel.distanthorizons.common.render.openGl.glObject.shader.GlShader/]: Shader loaded sucessfully.
[11Aug2026 21:12:43.048] [Render thread/INFO] [DistantHorizons-DistantHorizons-com.seibel.distanthorizons.common.render.openGl.glObject.vertexAttribute.GlVertexAttributePostGL43/]: Vertex Attribute (GL43+) completed. It contains 1 binding points and a stride size of 16
[11Aug2026 21:12:43.048] [Render thread/INFO] [DistantHorizons-DistantHorizons-com.seibel.distanthorizons.core.render.renderer.LodRenderer/]: Overriding vanilla MC settings to better fit Distant Horizons... This behavior can be disabled in the Distant Horizons config.
[11Aug2026 21:12:43.048] [Render thread/INFO] [DistantHorizons-DistantHorizons-com.seibel.distanthorizons.common.wrappers.minecraft.MinecraftClientWrapper_neoforge/]: Disabling vanilla clouds... This is done to prevent vanilla clouds from rendering on top of Distant Horizons LODs.
[11Aug2026 21:12:43.048] [Render thread/INFO] [DistantHorizons-DistantHorizons-com.seibel.distanthorizons.common.wrappers.minecraft.MinecraftClientWrapper_neoforge/]: Disabling fabulous graphics... This is done to fix vanilla chunks (specifically water blocks) not fading into Distant Horizons LODs when DH's 'Vanilla Fade' option is enabled.
[11Aug2026 21:12:43.053] [Render thread/INFO] [DistantHorizons-DistantHorizons-com.seibel.distanthorizons.common.render.openGl.glObject.shader.GlShader/]: Loading shader with type: [35633]
[11Aug2026 21:12:43.053] [Render thread/INFO] [DistantHorizons-DistantHorizons-com.seibel.distanthorizons.common.render.openGl.glObject.shader.GlShader/]: Shader loaded sucessfully.
[11Aug2026 21:12:43.053] [Render thread/INFO] [DistantHorizons-DistantHorizons-com.seibel.distanthorizons.common.render.openGl.glObject.shader.GlShader/]: Loading shader with type: [35632]
[11Aug2026 21:12:43.053] [Render thread/INFO] [DistantHorizons-DistantHorizons-com.seibel.distanthorizons.common.render.openGl.glObject.shader.GlShader/]: Shader loaded sucessfully.
[11Aug2026 21:12:43.054] [Render thread/INFO] [DistantHorizons-DistantHorizons-com.seibel.distanthorizons.common.render.openGl.glObject.vertexAttribute.GlVertexAttributePostGL43/]: Vertex Attribute (GL43+) completed. It contains 1 binding points and a stride size of 12
[11Aug2026 21:12:43.054] [Render thread/INFO] [DistantHorizons-DistantHorizons-com.seibel.distanthorizons.common.render.openGl.glObject.shader.GlShader/]: Loading shader with type: [35633]
[11Aug2026 21:12:43.054] [Render thread/INFO] [DistantHorizons-DistantHorizons-com.seibel.distanthorizons.common.render.openGl.glObject.shader.GlShader/]: Shader loaded sucessfully.
[11Aug2026 21:12:43.054] [Render thread/INFO] [DistantHorizons-DistantHorizons-com.seibel.distanthorizons.common.render.openGl.glObject.shader.GlShader/]: Loading shader with type: [35632]
[11Aug2026 21:12:43.054] [Render thread/INFO] [DistantHorizons-DistantHorizons-com.seibel.distanthorizons.common.render.openGl.glObject.shader.GlShader/]: Shader loaded sucessfully.
[11Aug2026 21:12:43.056] [Render thread/INFO] [DistantHorizons-DistantHorizons-com.seibel.distanthorizons.common.render.openGl.glObject.vertexAttribute.GlVertexAttributePostGL43/]: Vertex Attribute (GL43+) completed. It contains 1 binding points and a stride size of 12
[11Aug2026 21:12:43.091] [Render thread/INFO] [top.leonx.irisveil.IrisVeilCompat/]: IrisVeilCompat: using Block program with dithering for translucent 'aeronautics:levitite/levitite'
[11Aug2026 21:12:43.146] [Render thread/WARN] [net.irisshaders.iris.pipeline.transform.transformer.CompatibilityTransformer/]: The in declaration '_veil_ghostNoiseMagnitude' in the gbuffers_veil_aeronautics_levitite_levitite FRAGMENT shader is missing a corresponding out declaration in the previous stage VERTEX and has been compatibility-patched. See debugging.md for more information.
[11Aug2026 21:12:43.147] [Render thread/WARN] [net.irisshaders.iris.pipeline.transform.transformer.CompatibilityTransformer/]: The in declaration '_veil_ghostLayerFullness' in the gbuffers_veil_aeronautics_levitite_levitite FRAGMENT shader is missing a corresponding out declaration in the previous stage VERTEX and has been compatibility-patched. See debugging.md for more information.
[11Aug2026 21:12:43.147] [Render thread/WARN] [net.irisshaders.iris.pipeline.transform.transformer.CompatibilityTransformer/]: The in declaration '_veil_depth' in the gbuffers_veil_aeronautics_levitite_levitite FRAGMENT shader is missing a corresponding out declaration in the previous stage VERTEX and has been compatibility-patched. See debugging.md for more information.
[11Aug2026 21:12:43.152] [Render thread/INFO] [top.leonx.irisveil.IrisVeilCompat/]: IrisVeilCompat: created Iris ShaderInstance for 'aeronautics:levitite/levitite'
[11Aug2026 21:12:43.165] [Render thread/INFO] [Photonics/]: Photonics history reset v18: reason=initial-clear, buffer=side-b, attachments=[ph_frag_data0, ph_frag_data1], size=-1x-1 -> 854x480
[11Aug2026 21:12:43.165] [Render thread/INFO] [Photonics/]: Photonics history reset v18: reason=initial-clear, buffer=side-a, attachments=[ph_frag_data0, ph_frag_data1], size=-1x-1 -> 854x480
[11Aug2026 21:12:43.167] [Render thread/INFO] [Photonics/]: Photonics history reset v18: reason=initial-clear, buffer=side-b, attachments=[restir_lighting, restir_lighting_variance, restir_direct_reservoirs0, restir_direct_state, restir_indirect_reservoirs0, restir_indirect_reservoirs1, restir_gi_history_epoch, restir_external_lighting], size=-1x-1 -> 854x480
[11Aug2026 21:12:43.167] [Render thread/INFO] [Photonics/]: Photonics history reset v18: reason=initial-clear, buffer=side-a, attachments=[restir_lighting, restir_lighting_variance, restir_direct_reservoirs0, restir_direct_state, restir_indirect_reservoirs0, restir_indirect_reservoirs1, restir_gi_history_epoch, restir_external_lighting], size=-1x-1 -> 854x480
[11Aug2026 21:12:43.169] [Render thread/INFO] [Photonics/]: Photonics history reset v18: reason=initial-clear, buffer=side-a, attachments=[denoise_result], size=-1x-1 -> 854x480
[11Aug2026 21:12:43.169] [Render thread/INFO] [Photonics/]: Photonics history reset v18: reason=initial-clear, buffer=side-b, attachments=[denoise_result], size=-1x-1 -> 854x480
[11Aug2026 21:12:43.198] [Render thread/INFO] [Veil/]: Multi-Bind supported, using core
[11Aug2026 21:12:43.199] [Photonics Light List Compiler/INFO] [Photonics/]: Photonics light candidates v18: eligible=88, selected=88, maxLights=4000, lightSections=11, capped=false
[11Aug2026 21:12:43.199] [Photonics Light List Compiler/INFO] [Photonics/]: Photonics light-list publication v88: coalescedBatches=22, peakPendingSections=980, remainingSections=0, deferredMs=196.327
[11Aug2026 21:12:43.217] [Render thread/INFO] [xaero.hud.minimap.MinimapLogs/]: Reloading radar icon resources...
[11Aug2026 21:12:43.224] [Render thread/INFO] [xaero.hud.minimap.MinimapLogs/]: Reloaded radar icon resources!
[11Aug2026 21:12:43.482] [Photonic Chunk Compiler #0/INFO] [Photonics/]: Photonics voxel diagnostic: state=Block{minecraft:verdant_froglight}[axis=x] vertexHash=295d56acce68e51c complete=true samples=1600 alphaZero=0 alphaPartial=0 alphaOpaque=1600 alphaMean=255.0 alphaRange=255-255 rgbMean=[217.2,237.8,214.8] rgbRange=[120-248,166-253,92-248] voxels=1352 aabb=[0,0,0]-[15,15,15] parts=[( 0.000E+0  0.000E+0  0.000E+0)]
[11Aug2026 21:12:43.483] [Photonic Chunk Compiler #0/INFO] [Photonics/]: Photonics voxel occupancy: state=Block{minecraft:verdant_froglight}[axis=x] part=( 0.000E+0  0.000E+0  0.000E+0) slices=y0=ffff/ffff/ffff/ffff/ffff/ffff/ffff/ffff/ffff/ffff/ffff/ffff/ffff/ffff/ffff/ffff;y1=ffff/8001/8001/8001/8001/8001/8001/8001/8001/8001/8001/8001/8001/8001/8001/ffff;y2=ffff/8001/8001/8001/8001/8001/8001/8001/8001/8001/8001/8001/8001/8001/8001/ffff;y3=ffff/8001/8001/8001/8001/8001/8001/8001/8001/8001/8001/8001/8001/8001/8001/ffff;y4=ffff/8001/8001/8001/8001/8001/8001/8001/8001/8001/8001/8001/8001/8001/8001/ffff;y5=ffff/8001/8001/8001/8001/8001/8001/8001/8001/8001/8001/8001/8001/8001/8001/ffff;y6=ffff/8001/8001/8001/8001/8001/8001/8001/8001/8001/8001/8001/8001/8001/8001/ffff;y7=ffff/8001/8001/8001/8001/8001/8001/8001/8001/8001/8001/8001/8001/8001/8001/ffff;y8=ffff/8001/8001/8001/8001/8001/8001/8001/8001/8001/8001/8001/8001/8001/8001/ffff;y9=ffff/8001/8001/8001/8001/8001/8001/8001/8001/8001/8001/8001/8001/8001/8001/ffff;y10=ffff/8001/8001/8001/8001/8001/8001/8001/8001/8001/8001/8001/8001/8001/8001/ffff;y11=ffff/8001/8001/8001/8001/8001/8001/8001/8001/8001/8001/8001/8001/8001/8001/ffff;y12=ffff/8001/8001/8001/8001/8001/8001/8001/8001/8001/8001/8001/8001/8001/8001/ffff;y13=ffff/8001/8001/8001/8001/8001/8001/8001/8001/8001/8001/8001/8001/8001/8001/ffff;y14=ffff/8001/8001/8001/8001/8001/8001/8001/8001/8001/8001/8001/8001/8001/8001/ffff;y15=ffff/ffff/ffff/ffff/ffff/ffff/ffff/ffff/ffff/ffff/ffff/ffff/ffff/ffff/ffff/ffff
[11Aug2026 21:12:43.493] [Render thread/INFO] [Photonics/]: Photonics light list pending: 0 -> 88
[11Aug2026 21:12:43.542] [Photonic Chunk Compiler #1/INFO] [Photonics/]: Photonics voxel diagnostic: state=Block{minecraft:red_stained_glass} vertexHash=724b499f9c3b0dc8 complete=true samples=1600 alphaZero=0 alphaPartial=1600 alphaOpaque=0 alphaMean=117.2 alphaRange=102-163 rgbMean=[153.0,51.0,51.0] rgbRange=[153-153,51-51,51-51] voxels=1352 aabb=[0,0,0]-[15,15,15] parts=[( 0.000E+0  0.000E+0  0.000E+0)]
[11Aug2026 21:12:43.542] [Photonic Chunk Compiler #1/INFO] [Photonics/]: Photonics voxel occupancy: state=Block{minecraft:red_stained_glass} part=( 0.000E+0  0.000E+0  0.000E+0) slices=y0=ffff/ffff/ffff/ffff/ffff/ffff/ffff/ffff/ffff/ffff/ffff/ffff/ffff/ffff/ffff/ffff;y1=ffff/8001/8001/8001/8001/8001/8001/8001/8001/8001/8001/8001/8001/8001/8001/ffff;y2=ffff/8001/8001/8001/8001/8001/8001/8001/8001/8001/8001/8001/8001/8001/8001/ffff;y3=ffff/8001/8001/8001/8001/8001/8001/8001/8001/8001/8001/8001/8001/8001/8001/ffff;y4=ffff/8001/8001/8001/8001/8001/8001/8001/8001/8001/8001/8001/8001/8001/8001/ffff;y5=ffff/8001/8001/8001/8001/8001/8001/8001/8001/8001/8001/8001/8001/8001/8001/ffff;y6=ffff/8001/8001/8001/8001/8001/8001/8001/8001/8001/8001/8001/8001/8001/8001/ffff;y7=ffff/8001/8001/8001/8001/8001/8001/8001/8001/8001/8001/8001/8001/8001/8001/ffff;y8=ffff/8001/8001/8001/8001/8001/8001/8001/8001/8001/8001/8001/8001/8001/8001/ffff;y9=ffff/8001/8001/8001/8001/8001/8001/8001/8001/8001/8001/8001/8001/8001/8001/ffff;y10=ffff/8001/8001/8001/8001/8001/8001/8001/8001/8001/8001/8001/8001/8001/8001/ffff;y11=ffff/8001/8001/8001/8001/8001/8001/8001/8001/8001/8001/8001/8001/8001/8001/ffff;y12=ffff/8001/8001/8001/8001/8001/8001/8001/8001/8001/8001/8001/8001/8001/8001/ffff;y13=ffff/8001/8001/8001/8001/8001/8001/8001/8001/8001/8001/8001/8001/8001/8001/ffff;y14=ffff/8001/8001/8001/8001/8001/8001/8001/8001/8001/8001/8001/8001/8001/8001/ffff;y15=ffff/ffff/ffff/ffff/ffff/ffff/ffff/ffff/ffff/ffff/ffff/ffff/ffff/ffff/ffff/ffff
[11Aug2026 21:12:43.719] [Render thread/INFO] [Photonics/]: Photonics world tracing v132: layoutRevision=2, sceneRevision=0, settled=false, compiledSections=8, trackedSections=2018, batchBuilt=8, batchUnloaded=0, pendingBuilds=4, pendingUnloads=0, ready=true, depth=6, blockBounds=( 2.080E+2  1.920E+2  1.920E+2)..( 2.720E+2  2.240E+2  2.400E+2), treeBounds=( 0.000E+0  0.000E+0  0.000E+0)..( 1.024E+3  1.024E+3  1.024E+3), origin=(-2.560E+2 -1.920E+2 -1.280E+2), sceneChangeBounds=none, boundsSource=compiled, compileMs=28.172
[11Aug2026 21:12:43.903] [Photonic Chunk Compiler #0/INFO] [Photonics/]: Photonics voxel diagnostic: state=Block{minecraft:verdant_froglight}[axis=y] vertexHash=c195e82346487910 complete=true samples=1600 alphaZero=0 alphaPartial=0 alphaOpaque=1600 alphaMean=255.0 alphaRange=255-255 rgbMean=[217.1,237.8,214.6] rgbRange=[120-248,166-253,92-248] voxels=1352 aabb=[0,0,0]-[15,15,15] parts=[( 0.000E+0  0.000E+0  0.000E+0)]
[11Aug2026 21:12:43.903] [Photonic Chunk Compiler #0/INFO] [Photonics/]: Photonics voxel occupancy: state=Block{minecraft:verdant_froglight}[axis=y] part=( 0.000E+0  0.000E+0  0.000E+0) slices=y0=ffff/ffff/ffff/ffff/ffff/ffff/ffff/ffff/ffff/ffff/ffff/ffff/ffff/ffff/ffff/ffff;y1=ffff/8001/8001/8001/8001/8001/8001/8001/8001/8001/8001/8001/8001/8001/8001/ffff;y2=ffff/8001/8001/8001/8001/8001/8001/8001/8001/8001/8001/8001/8001/8001/8001/ffff;y3=ffff/8001/8001/8001/8001/8001/8001/8001/8001/8001/8001/8001/8001/8001/8001/ffff;y4=ffff/8001/8001/8001/8001/8001/8001/8001/8001/8001/8001/8001/8001/8001/8001/ffff;y5=ffff/8001/8001/8001/8001/8001/8001/8001/8001/8001/8001/8001/8001/8001/8001/ffff;y6=ffff/8001/8001/8001/8001/8001/8001/8001/8001/8001/8001/8001/8001/8001/8001/ffff;y7=ffff/8001/8001/8001/8001/8001/8001/8001/8001/8001/8001/8001/8001/8001/8001/ffff;y8=ffff/8001/8001/8001/8001/8001/8001/8001/8001/8001/8001/8001/8001/8001/8001/ffff;y9=ffff/8001/8001/8001/8001/8001/8001/8001/8001/8001/8001/8001/8001/8001/8001/ffff;y10=ffff/8001/8001/8001/8001/8001/8001/8001/8001/8001/8001/8001/8001/8001/8001/ffff;y11=ffff/8001/8001/8001/8001/8001/8001/8001/8001/8001/8001/8001/8001/8001/8001/ffff;y12=ffff/8001/8001/8001/8001/8001/8001/8001/8001/8001/8001/8001/8001/8001/8001/ffff;y13=ffff/8001/8001/8001/8001/8001/8001/8001/8001/8001/8001/8001/8001/8001/8001/ffff;y14=ffff/8001/8001/8001/8001/8001/8001/8001/8001/8001/8001/8001/8001/8001/8001/ffff;y15=ffff/ffff/ffff/ffff/ffff/ffff/ffff/ffff/ffff/ffff/ffff/ffff/ffff/ffff/ffff/ffff
[11Aug2026 21:12:44.594] [Photonic Chunk Compiler #0/INFO] [Photonics/]: Photonics scene content change v132: section=(-2.000E+0  0.000E+0  1.100E+1), previousSceneHash=-5550038721888049374, sceneHash=6076420921422213196, fullHash=-6470889115408699316, priority=127604
[11Aug2026 21:12:44.594] [Photonic Chunk Compiler #0/INFO] [Photonics/]: Photonics scene hash diff v131: section=(-2.000E+0  0.000E+0  1.100E+1), previousSceneHash=-5550038721888049374, sceneHash=6076420921422213196, changedBlocks=1, firstLocal=(11, 2, 2), firstWorld=(-21, 2, 178), oldStableHash=0, newStableHash=5782, oldState=Block{minecraft:air}, newState=Block{minecraft:cactus}[age=0]
[11Aug2026 21:12:44.748] [Render thread/INFO] [Photonics/]: Photonics world tracing v132: layoutRevision=12, sceneRevision=1, settled=false, compiledSections=487, trackedSections=2018, batchBuilt=48, batchUnloaded=0, pendingBuilds=74, pendingUnloads=0, ready=true, depth=6, blockBounds=( 9.600E+1  1.280E+2  8.000E+1)..( 3.680E+2  2.240E+2  3.680E+2), treeBounds=( 0.000E+0  0.000E+0  0.000E+0)..( 1.024E+3  1.024E+3  1.024E+3), origin=(-2.560E+2 -1.920E+2 -1.280E+2), sceneChangeBounds=(-32, 0, 176)..(-16, 16, 192), boundsSource=compiled, compileMs=56.351
[11Aug2026 21:12:45.824] [Render thread/INFO] [Photonics/]: Photonics world tracing v132: layoutRevision=25, sceneRevision=1, settled=false, compiledSections=1111, trackedSections=2018, batchBuilt=48, batchUnloaded=0, pendingBuilds=96, pendingUnloads=0, ready=true, depth=6, blockBounds=( 6.400E+1  1.280E+2  4.800E+1)..( 4.000E+2  2.240E+2  3.840E+2), treeBounds=( 0.000E+0  0.000E+0  0.000E+0)..( 1.024E+3  1.024E+3  1.024E+3), origin=(-2.560E+2 -1.920E+2 -1.280E+2), sceneChangeBounds=(-32, 0, 176)..(-16, 16, 192), boundsSource=compiled, compileMs=92.396
[11Aug2026 21:12:46.896] [Render thread/INFO] [Photonics/]: Photonics world tracing v132: layoutRevision=36, sceneRevision=1, settled=false, compiledSections=1639, trackedSections=2018, batchBuilt=48, batchUnloaded=0, pendingBuilds=96, pendingUnloads=0, ready=true, depth=6, blockBounds=( 6.400E+1  1.280E+2  4.800E+1)..( 4.000E+2  2.240E+2  3.840E+2), treeBounds=( 0.000E+0  0.000E+0  0.000E+0)..( 1.024E+3  1.024E+3  1.024E+3), origin=(-2.560E+2 -1.920E+2 -1.280E+2), sceneChangeBounds=(-32, 0, 176)..(-16, 16, 192), boundsSource=compiled, compileMs=103.486
[11Aug2026 21:12:46.950] [Render thread/INFO] [net.minecraft.client.gui.components.ChatComponent/]: [System] [CHAT] Distant Horizons: G1 Garbage collector detected.\nThis can cause FPS stuttering. \nIt's recommended to use a concurrent garbage collector \nlike ZGC (Java 21+) or Shenandoah (Java 8 through 17) \nfor a smoother experience. \nThis warning can be disabled in the DH config.
[11Aug2026 21:12:47.150] [Render thread/INFO] [Photonics/]: Photonics pass timing v73: group=frag data, passes=[frag data], viewport=854x480, megapixels=0.410, cpuInvocations=139, cpuSubmitAvgMs=0.073, cpuSubmitMaxMs=0.482, gpuSamples=35, gpuAvgMs=0.024, gpuMaxMs=0.024, gpuAvgMsPerMP=0.057
[11Aug2026 21:12:47.150] [Render thread/INFO] [Photonics/]: Photonics frame throughput v78: viewport=854x480, windowSeconds=5.011, renderedFrames=139, fps=27.741, frameAvgMs=36.047
[11Aug2026 21:12:47.164] [Render thread/INFO] [Photonics/]: Photonics pass timing v73: group=restir direct, passes=[initial direct + visibility], viewport=854x480, megapixels=0.410, cpuInvocations=140, cpuSubmitAvgMs=0.056, cpuSubmitMaxMs=0.528, gpuSamples=35, gpuAvgMs=0.159, gpuMaxMs=0.177, gpuAvgMsPerMP=0.389
[11Aug2026 21:12:47.199] [Render thread/INFO] [Photonics/]: Photonics pass timing v73: group=restir gi initial, passes=[initial indirect], viewport=854x480, megapixels=0.410, cpuInvocations=142, cpuSubmitAvgMs=0.021, cpuSubmitMaxMs=0.101, gpuSamples=36, gpuAvgMs=0.246, gpuMaxMs=0.276, gpuAvgMsPerMP=0.601
[11Aug2026 21:12:47.214] [Render thread/INFO] [Photonics/]: Photonics pass timing v73: group=restir temporal, passes=[temporal reuse + tri-state GI classification], viewport=854x480, megapixels=0.410, cpuInvocations=143, cpuSubmitAvgMs=0.029, cpuSubmitMaxMs=0.374, gpuSamples=36, gpuAvgMs=0.222, gpuMaxMs=0.260, gpuAvgMsPerMP=0.541
[11Aug2026 21:12:47.253] [Render thread/INFO] [Photonics/]: Photonics pass timing v73: group=restir spatial, passes=[spatial reuse/clamp + tri-state GI classification], viewport=854x480, megapixels=0.410, cpuInvocations=144, cpuSubmitAvgMs=0.017, cpuSubmitMaxMs=0.088, gpuSamples=36, gpuAvgMs=0.032, gpuMaxMs=0.034, gpuAvgMsPerMP=0.079
[11Aug2026 21:12:47.254] [Render thread/INFO] [Photonics/]: Photonics pass timing v73: group=restir diffuse, passes=[diffuse], viewport=854x480, megapixels=0.410, cpuInvocations=144, cpuSubmitAvgMs=0.017, cpuSubmitMaxMs=0.141, gpuSamples=36, gpuAvgMs=0.138, gpuMaxMs=0.169, gpuAvgMsPerMP=0.336
[11Aug2026 21:12:47.254] [Render thread/INFO] [Photonics/]: Photonics pass timing v73: group=restir accumulation, passes=[accumulation], viewport=854x480, megapixels=0.410, cpuInvocations=144, cpuSubmitAvgMs=0.029, cpuSubmitMaxMs=0.086, gpuSamples=36, gpuAvgMs=0.112, gpuMaxMs=0.172, gpuAvgMsPerMP=0.274
[11Aug2026 21:12:47.281] [Render thread/INFO] [Photonics/]: Photonics pass timing v73: group=svgf variance, passes=[variance prefilter], viewport=854x480, megapixels=0.410, cpuInvocations=147, cpuSubmitAvgMs=0.015, cpuSubmitMaxMs=0.057, gpuSamples=37, gpuAvgMs=0.115, gpuMaxMs=0.179, gpuAvgMsPerMP=0.281
[11Aug2026 21:12:47.301] [Render thread/INFO] [Photonics/]: Photonics pass timing v73: group=svgf atrous, passes=[atrous iteration], viewport=854x480, megapixels=0.410, cpuInvocations=736, cpuSubmitAvgMs=0.007, cpuSubmitMaxMs=0.205, gpuSamples=184, gpuAvgMs=0.053, gpuMaxMs=0.117, gpuAvgMsPerMP=0.130
[11Aug2026 21:12:47.301] [Render thread/INFO] [Photonics/]: Photonics pass timing v73: group=restir local, passes=[exact local direct], viewport=854x480, megapixels=0.410, cpuInvocations=148, cpuSubmitAvgMs=0.021, cpuSubmitMaxMs=0.101, gpuSamples=37, gpuAvgMs=0.004, gpuMaxMs=0.008, gpuAvgMsPerMP=0.010
[11Aug2026 21:12:47.301] [Render thread/INFO] [Photonics/]: Photonics pass timing v73: group=restir handheld, passes=[handheld], viewport=854x480, megapixels=0.410, cpuInvocations=148, cpuSubmitAvgMs=0.035, cpuSubmitMaxMs=0.733, gpuSamples=37, gpuAvgMs=0.006, gpuMaxMs=0.006, gpuAvgMsPerMP=0.014
[11Aug2026 21:12:49.698] [Render thread/INFO] [Photonics/]: Photonics world tracing v132: layoutRevision=44, sceneRevision=1, settled=true, compiledSections=2018, trackedSections=2018, batchBuilt=43, batchUnloaded=0, pendingBuilds=0, pendingUnloads=0, ready=true, depth=6, blockBounds=( 6.400E+1  1.280E+2  4.800E+1)..( 4.000E+2  2.240E+2  3.840E+2), treeBounds=( 0.000E+0  0.000E+0  0.000E+0)..( 1.024E+3  1.024E+3  1.024E+3), origin=(-2.560E+2 -1.920E+2 -1.280E+2), sceneChangeBounds=(-32, 0, 176)..(-16, 16, 192), boundsSource=compiled, compileMs=82.539
[11Aug2026 21:12:49.698] [Render thread/INFO] [Photonics/]: Photonics memory v72: jvmHeap={usedBytes=2999659576, committedBytes=4097835008, maxBytes=8589934592}, jvmGc={collections=103, timeMs=767}, worldHeap=GpuBufferHeapStats[capacityBytes=536870912, reservedBytes=135752116, liveBytes=135747668, peakLiveBytes=135747668, reusableBytes=4448, allocations=109447, reusedAllocations=139, frees=165, failedAllocations=0], paletteHeap=GpuBufferHeapStats[capacityBytes=201326592, reservedBytes=89088, liveBytes=89088, peakLiveBytes=89088, reusableBytes=0, allocations=956, reusedAllocations=28, frees=28, failedAllocations=0], registries={lights=Stats[cachedObjects=1, pendingFreeObjects=0, allocatedObjects=1, failedAllocations=0], palettes=Stats[cachedObjects=928, pendingFreeObjects=0, allocatedObjects=956, failedAllocations=0], blocks=Stats[cachedObjects=1302, pendingFreeObjects=0, allocatedObjects=1335, failedAllocations=0], models=Stats[cachedObjects=28, pendingFreeObjects=0, allocatedObjects=29, failedAllocations=0]}
[11Aug2026 21:12:52.151] [Render thread/INFO] [Photonics/]: Photonics pass timing v73: group=frag data, passes=[frag data], viewport=854x480, megapixels=0.410, cpuInvocations=298, cpuSubmitAvgMs=0.039, cpuSubmitMaxMs=0.086, gpuSamples=74, gpuAvgMs=0.024, gpuMaxMs=0.024, gpuAvgMsPerMP=0.057
[11Aug2026 21:12:52.151] [Render thread/INFO] [Photonics/]: Photonics frame throughput v78: viewport=854x480, windowSeconds=5.001, renderedFrames=298, fps=59.585, frameAvgMs=16.783
[11Aug2026 21:12:52.166] [Render thread/INFO] [Photonics/]: Photonics pass timing v73: group=restir direct, passes=[initial direct + visibility], viewport=854x480, megapixels=0.410, cpuInvocations=298, cpuSubmitAvgMs=0.025, cpuSubmitMaxMs=0.061, gpuSamples=75, gpuAvgMs=0.169, gpuMaxMs=0.184, gpuAvgMsPerMP=0.412
[11Aug2026 21:12:52.200] [Render thread/INFO] [Photonics/]: Photonics pass timing v73: group=restir gi initial, passes=[initial indirect], viewport=854x480, megapixels=0.410, cpuInvocations=298, cpuSubmitAvgMs=0.011, cpuSubmitMaxMs=0.063, gpuSamples=74, gpuAvgMs=0.269, gpuMaxMs=0.291, gpuAvgMsPerMP=0.655
[11Aug2026 21:12:52.216] [Render thread/INFO] [Photonics/]: Photonics pass timing v73: group=restir temporal, passes=[temporal reuse + tri-state GI classification], viewport=854x480, megapixels=0.410, cpuInvocations=298, cpuSubmitAvgMs=0.015, cpuSubmitMaxMs=0.034, gpuSamples=74, gpuAvgMs=0.224, gpuMaxMs=0.254, gpuAvgMsPerMP=0.547
[11Aug2026 21:12:52.265] [Render thread/INFO] [Photonics/]: Photonics pass timing v73: group=restir spatial, passes=[spatial reuse/clamp + tri-state GI classification], viewport=854x480, megapixels=0.410, cpuInvocations=300, cpuSubmitAvgMs=0.010, cpuSubmitMaxMs=0.030, gpuSamples=75, gpuAvgMs=0.035, gpuMaxMs=0.087, gpuAvgMsPerMP=0.086
[11Aug2026 21:12:52.265] [Render thread/INFO] [Photonics/]: Photonics pass timing v73: group=restir diffuse, passes=[diffuse], viewport=854x480, megapixels=0.410, cpuInvocations=300, cpuSubmitAvgMs=0.009, cpuSubmitMaxMs=0.020, gpuSamples=75, gpuAvgMs=0.140, gpuMaxMs=0.151, gpuAvgMsPerMP=0.341
[11Aug2026 21:12:52.265] [Render thread/INFO] [Photonics/]: Photonics pass timing v73: group=restir accumulation, passes=[accumulation], viewport=854x480, megapixels=0.410, cpuInvocations=300, cpuSubmitAvgMs=0.019, cpuSubmitMaxMs=0.058, gpuSamples=75, gpuAvgMs=0.115, gpuMaxMs=0.174, gpuAvgMsPerMP=0.280
[11Aug2026 21:12:52.282] [Render thread/INFO] [Photonics/]: Photonics pass timing v73: group=svgf variance, passes=[variance prefilter], viewport=854x480, megapixels=0.410, cpuInvocations=298, cpuSubmitAvgMs=0.009, cpuSubmitMaxMs=0.059, gpuSamples=74, gpuAvgMs=0.116, gpuMaxMs=0.140, gpuAvgMsPerMP=0.283
[11Aug2026 21:12:52.315] [Render thread/INFO] [Photonics/]: Photonics pass timing v73: group=svgf atrous, passes=[atrous iteration], viewport=854x480, megapixels=0.410, cpuInvocations=1495, cpuSubmitAvgMs=0.003, cpuSubmitMaxMs=0.017, gpuSamples=374, gpuAvgMs=0.054, gpuMaxMs=0.122, gpuAvgMsPerMP=0.131
[11Aug2026 21:12:52.316] [Render thread/INFO] [Photonics/]: Photonics pass timing v73: group=restir local, passes=[exact local direct], viewport=854x480, megapixels=0.410, cpuInvocations=299, cpuSubmitAvgMs=0.011, cpuSubmitMaxMs=0.041, gpuSamples=75, gpuAvgMs=0.004, gpuMaxMs=0.004, gpuAvgMsPerMP=0.010
[11Aug2026 21:12:52.316] [Render thread/INFO] [Photonics/]: Photonics pass timing v73: group=restir handheld, passes=[handheld], viewport=854x480, megapixels=0.410, cpuInvocations=299, cpuSubmitAvgMs=0.017, cpuSubmitMaxMs=0.035, gpuSamples=75, gpuAvgMs=0.006, gpuMaxMs=0.006, gpuAvgMsPerMP=0.014
[11Aug2026 21:12:52.851] [Render thread/INFO] [Photonics/]: Photonics direct reservoir sample v64: samples=120, populated=1, emptyOrBackground=1, visibilityRejected=118, invalid=0, overLegacyCap=36, overTemporalCap=0, totalSamplesRange=32.0..473.5, viewport=854x480
[11Aug2026 21:12:53.016] [Photonic Chunk Compiler #1/INFO] [Photonics/]: Photonics scene content change v132: section=(-6.000E+0  0.000E+0  7.000E+0), previousSceneHash=6927675914192003314, sceneHash=-1586956617380889336, fullHash=4312477419497749768, priority=171965
[11Aug2026 21:12:53.016] [Photonic Chunk Compiler #1/INFO] [Photonics/]: Photonics scene hash diff v131: section=(-6.000E+0  0.000E+0  7.000E+0), previousSceneHash=6927675914192003314, sceneHash=-1586956617380889336, changedBlocks=1, firstLocal=(11, 2, 1), firstWorld=(-85, 2, 113), oldStableHash=0, newStableHash=5782, oldState=Block{minecraft:air}, newState=Block{minecraft:cactus}[age=0]
[11Aug2026 21:12:53.066] [Render thread/INFO] [Photonics/]: Photonics world tracing v132: layoutRevision=45, sceneRevision=2, settled=false, compiledSections=2018, trackedSections=2018, batchBuilt=1, batchUnloaded=0, pendingBuilds=0, pendingUnloads=0, ready=true, depth=6, blockBounds=( 6.400E+1  1.280E+2  4.800E+1)..( 4.000E+2  2.240E+2  3.840E+2), treeBounds=( 0.000E+0  0.000E+0  0.000E+0)..( 1.024E+3  1.024E+3  1.024E+3), origin=(-2.560E+2 -1.920E+2 -1.280E+2), sceneChangeBounds=(-96, 0, 112)..(-80, 16, 128), boundsSource=compiled, compileMs=40.898
[11Aug2026 21:12:55.068] [Render thread/INFO] [Photonics/]: Photonics world tracing v132: layoutRevision=45, sceneRevision=2, settled=true, compiledSections=2018, trackedSections=2018, batchBuilt=1, batchUnloaded=0, pendingBuilds=0, pendingUnloads=0, ready=true, depth=6, blockBounds=( 6.400E+1  1.280E+2  4.800E+1)..( 4.000E+2  2.240E+2  3.840E+2), treeBounds=( 0.000E+0  0.000E+0  0.000E+0)..( 1.024E+3  1.024E+3  1.024E+3), origin=(-2.560E+2 -1.920E+2 -1.280E+2), sceneChangeBounds=(-96, 0, 112)..(-80, 16, 128), boundsSource=compiled, compileMs=40.898
[11Aug2026 21:12:55.068] [Render thread/INFO] [Photonics/]: Photonics memory v72: jvmHeap={usedBytes=3441671608, committedBytes=4097835008, maxBytes=8589934592}, jvmGc={collections=103, timeMs=767}, worldHeap=GpuBufferHeapStats[capacityBytes=536870912, reservedBytes=135752116, liveBytes=135747668, peakLiveBytes=135747668, reusableBytes=4448, allocations=109447, reusedAllocations=139, frees=165, failedAllocations=0], paletteHeap=GpuBufferHeapStats[capacityBytes=201326592, reservedBytes=89088, liveBytes=89088, peakLiveBytes=89088, reusableBytes=0, allocations=956, reusedAllocations=28, frees=28, failedAllocations=0], registries={lights=Stats[cachedObjects=1, pendingFreeObjects=0, allocatedObjects=1, failedAllocations=0], palettes=Stats[cachedObjects=928, pendingFreeObjects=0, allocatedObjects=956, failedAllocations=0], blocks=Stats[cachedObjects=1302, pendingFreeObjects=0, allocatedObjects=1335, failedAllocations=0], models=Stats[cachedObjects=28, pendingFreeObjects=0, allocatedObjects=29, failedAllocations=0]}
[11Aug2026 21:12:57.156] [Render thread/INFO] [Photonics/]: Photonics pass timing v73: group=frag data, passes=[frag data], viewport=854x480, megapixels=0.410, cpuInvocations=300, cpuSubmitAvgMs=0.036, cpuSubmitMaxMs=0.076, gpuSamples=75, gpuAvgMs=0.025, gpuMaxMs=0.037, gpuAvgMsPerMP=0.060
[11Aug2026 21:12:57.156] [Render thread/INFO] [Photonics/]: Photonics frame throughput v78: viewport=854x480, windowSeconds=5.005, renderedFrames=300, fps=59.942, frameAvgMs=16.683
[11Aug2026 21:12:57.172] [Render thread/INFO] [Photonics/]: Photonics pass timing v73: group=restir direct, passes=[initial direct + visibility], viewport=854x480, megapixels=0.410, cpuInvocations=300, cpuSubmitAvgMs=0.023, cpuSubmitMaxMs=0.054, gpuSamples=75, gpuAvgMs=0.173, gpuMaxMs=0.213, gpuAvgMsPerMP=0.423
[11Aug2026 21:12:57.205] [Render thread/INFO] [Photonics/]: Photonics pass timing v73: group=restir gi initial, passes=[initial indirect], viewport=854x480, megapixels=0.410, cpuInvocations=300, cpuSubmitAvgMs=0.011, cpuSubmitMaxMs=0.041, gpuSamples=75, gpuAvgMs=0.344, gpuMaxMs=0.418, gpuAvgMsPerMP=0.838
[11Aug2026 21:12:57.220] [Render thread/INFO] [Photonics/]: Photonics pass timing v73: group=restir temporal, passes=[temporal reuse + tri-state GI classification], viewport=854x480, megapixels=0.410, cpuInvocations=300, cpuSubmitAvgMs=0.014, cpuSubmitMaxMs=0.128, gpuSamples=75, gpuAvgMs=0.221, gpuMaxMs=0.260, gpuAvgMsPerMP=0.539
[11Aug2026 21:12:57.272] [Render thread/INFO] [Photonics/]: Photonics pass timing v73: group=restir spatial, passes=[spatial reuse/clamp + tri-state GI classification], viewport=854x480, megapixels=0.410, cpuInvocations=300, cpuSubmitAvgMs=0.010, cpuSubmitMaxMs=0.026, gpuSamples=75, gpuAvgMs=0.035, gpuMaxMs=0.047, gpuAvgMsPerMP=0.085
[11Aug2026 21:12:57.272] [Render thread/INFO] [Photonics/]: Photonics pass timing v73: group=restir diffuse, passes=[diffuse], viewport=854x480, megapixels=0.410, cpuInvocations=300, cpuSubmitAvgMs=0.009, cpuSubmitMaxMs=0.024, gpuSamples=75, gpuAvgMs=0.140, gpuMaxMs=0.174, gpuAvgMsPerMP=0.341
[11Aug2026 21:12:57.272] [Render thread/INFO] [Photonics/]: Photonics pass timing v73: group=restir accumulation, passes=[accumulation], viewport=854x480, megapixels=0.410, cpuInvocations=300, cpuSubmitAvgMs=0.017, cpuSubmitMaxMs=0.068, gpuSamples=75, gpuAvgMs=0.122, gpuMaxMs=0.166, gpuAvgMsPerMP=0.298
[11Aug2026 21:12:57.288] [Render thread/INFO] [Photonics/]: Photonics pass timing v73: group=svgf variance, passes=[variance prefilter], viewport=854x480, megapixels=0.410, cpuInvocations=300, cpuSubmitAvgMs=0.009, cpuSubmitMaxMs=0.021, gpuSamples=75, gpuAvgMs=0.128, gpuMaxMs=0.184, gpuAvgMsPerMP=0.311
[11Aug2026 21:12:57.320] [Render thread/INFO] [Photonics/]: Photonics pass timing v73: group=svgf atrous, passes=[atrous iteration], viewport=854x480, megapixels=0.410, cpuInvocations=1500, cpuSubmitAvgMs=0.003, cpuSubmitMaxMs=0.044, gpuSamples=375, gpuAvgMs=0.064, gpuMaxMs=0.115, gpuAvgMsPerMP=0.155
[11Aug2026 21:12:57.320] [Render thread/INFO] [Photonics/]: Photonics pass timing v73: group=restir local, passes=[exact local direct], viewport=854x480, megapixels=0.410, cpuInvocations=300, cpuSubmitAvgMs=0.010, cpuSubmitMaxMs=0.056, gpuSamples=75, gpuAvgMs=0.004, gpuMaxMs=0.004, gpuAvgMsPerMP=0.010
[11Aug2026 21:12:57.321] [Render thread/INFO] [Photonics/]: Photonics pass timing v73: group=restir handheld, passes=[handheld], viewport=854x480, megapixels=0.410, cpuInvocations=300, cpuSubmitAvgMs=0.014, cpuSubmitMaxMs=0.070, gpuSamples=75, gpuAvgMs=0.006, gpuMaxMs=0.006, gpuAvgMsPerMP=0.014
[11Aug2026 21:12:57.603] [Photonic Chunk Compiler #1/INFO] [Photonics/]: Photonics scene content change v132: section=(-9.000E+0  0.000E+0  4.000E+0), previousSceneHash=8105934190878580776, sceneHash=4881337509901005522, fullHash=-7665972526929906990, priority=171966
[11Aug2026 21:12:57.603] [Photonic Chunk Compiler #1/INFO] [Photonics/]: Photonics scene hash diff v131: section=(-9.000E+0  0.000E+0  4.000E+0), previousSceneHash=8105934190878580776, sceneHash=4881337509901005522, changedBlocks=1, firstLocal=(9, 1, 0), firstWorld=(-135, 1, 64), oldStableHash=0, newStableHash=5782, oldState=Block{minecraft:air}, newState=Block{minecraft:cactus}[age=0]
[11Aug2026 21:12:57.685] [Render thread/INFO] [Photonics/]: Photonics world tracing v132: layoutRevision=46, sceneRevision=3, settled=false, compiledSections=2018, trackedSections=2018, batchBuilt=1, batchUnloaded=0, pendingBuilds=0, pendingUnloads=0, ready=true, depth=6, blockBounds=( 6.400E+1  1.280E+2  4.800E+1)..( 4.000E+2  2.240E+2  3.840E+2), treeBounds=( 0.000E+0  0.000E+0  0.000E+0)..( 1.024E+3  1.024E+3  1.024E+3), origin=(-2.560E+2 -1.920E+2 -1.280E+2), sceneChangeBounds=(-144, 0, 64)..(-128, 16, 80), boundsSource=compiled, compileMs=65.071
[11Aug2026 21:12:59.687] [Render thread/INFO] [Photonics/]: Photonics world tracing v132: layoutRevision=46, sceneRevision=3, settled=true, compiledSections=2018, trackedSections=2018, batchBuilt=1, batchUnloaded=0, pendingBuilds=0, pendingUnloads=0, ready=true, depth=6, blockBounds=( 6.400E+1  1.280E+2  4.800E+1)..( 4.000E+2  2.240E+2  3.840E+2), treeBounds=( 0.000E+0  0.000E+0  0.000E+0)..( 1.024E+3  1.024E+3  1.024E+3), origin=(-2.560E+2 -1.920E+2 -1.280E+2), sceneChangeBounds=(-144, 0, 64)..(-128, 16, 80), boundsSource=compiled, compileMs=65.071
[11Aug2026 21:12:59.687] [Render thread/INFO] [Photonics/]: Photonics memory v72: jvmHeap={usedBytes=2077852496, committedBytes=4097835008, maxBytes=8589934592}, jvmGc={collections=104, timeMs=795}, worldHeap=GpuBufferHeapStats[capacityBytes=536870912, reservedBytes=135752116, liveBytes=135747668, peakLiveBytes=135747668, reusableBytes=4448, allocations=109447, reusedAllocations=139, frees=165, failedAllocations=0], paletteHeap=GpuBufferHeapStats[capacityBytes=201326592, reservedBytes=89088, liveBytes=89088, peakLiveBytes=89088, reusableBytes=0, allocations=956, reusedAllocations=28, frees=28, failedAllocations=0], registries={lights=Stats[cachedObjects=1, pendingFreeObjects=0, allocatedObjects=1, failedAllocations=0], palettes=Stats[cachedObjects=928, pendingFreeObjects=0, allocatedObjects=956, failedAllocations=0], blocks=Stats[cachedObjects=1302, pendingFreeObjects=0, allocatedObjects=1335, failedAllocations=0], models=Stats[cachedObjects=28, pendingFreeObjects=0, allocatedObjects=29, failedAllocations=0]}
[11Aug2026 21:13:00.886] [Render thread/INFO] [Photonics/]: Photonics direct reservoir sample v64: samples=120, populated=2, emptyOrBackground=1, visibilityRejected=117, invalid=0, overLegacyCap=20, overTemporalCap=0, totalSamplesRange=32.0..473.5, viewport=854x480
[11Aug2026 21:13:02.173] [Render thread/INFO] [Photonics/]: Photonics pass timing v73: group=frag data, passes=[frag data], viewport=854x480, megapixels=0.410, cpuInvocations=299, cpuSubmitAvgMs=0.034, cpuSubmitMaxMs=0.095, gpuSamples=75, gpuAvgMs=0.025, gpuMaxMs=0.026, gpuAvgMsPerMP=0.061
[11Aug2026 21:13:02.173] [Render thread/INFO] [Photonics/]: Photonics frame throughput v78: viewport=854x480, windowSeconds=5.017, renderedFrames=299, fps=59.592, frameAvgMs=16.781
[11Aug2026 21:13:02.173] [Render thread/INFO] [Photonics/]: Photonics pass timing v73: group=restir direct, passes=[initial direct + visibility], viewport=854x480, megapixels=0.410, cpuInvocations=298, cpuSubmitAvgMs=0.021, cpuSubmitMaxMs=0.056, gpuSamples=74, gpuAvgMs=0.167, gpuMaxMs=0.209, gpuAvgMsPerMP=0.408
[11Aug2026 21:13:02.206] [Render thread/INFO] [Photonics/]: Photonics pass timing v73: group=restir gi initial, passes=[initial indirect], viewport=854x480, megapixels=0.410, cpuInvocations=298, cpuSubmitAvgMs=0.010, cpuSubmitMaxMs=0.027, gpuSamples=75, gpuAvgMs=0.396, gpuMaxMs=0.441, gpuAvgMsPerMP=0.965
[11Aug2026 21:13:02.221] [Render thread/INFO] [Photonics/]: Photonics pass timing v73: group=restir temporal, passes=[temporal reuse + tri-state GI classification], viewport=854x480, megapixels=0.410, cpuInvocations=298, cpuSubmitAvgMs=0.011, cpuSubmitMaxMs=0.024, gpuSamples=75, gpuAvgMs=0.242, gpuMaxMs=0.271, gpuAvgMsPerMP=0.591
[11Aug2026 21:13:02.272] [Render thread/INFO] [Photonics/]: Photonics pass timing v73: group=restir spatial, passes=[spatial reuse/clamp + tri-state GI classification], viewport=854x480, megapixels=0.410, cpuInvocations=298, cpuSubmitAvgMs=0.009, cpuSubmitMaxMs=0.026, gpuSamples=75, gpuAvgMs=0.036, gpuMaxMs=0.038, gpuAvgMsPerMP=0.087
[11Aug2026 21:13:02.272] [Render thread/INFO] [Photonics/]: Photonics pass timing v73: group=restir diffuse, passes=[diffuse], viewport=854x480, megapixels=0.410, cpuInvocations=298, cpuSubmitAvgMs=0.008, cpuSubmitMaxMs=0.017, gpuSamples=75, gpuAvgMs=0.131, gpuMaxMs=0.189, gpuAvgMsPerMP=0.320
[11Aug2026 21:13:02.272] [Render thread/INFO] [Photonics/]: Photonics pass timing v73: group=restir accumulation, passes=[accumulation], viewport=854x480, megapixels=0.410, cpuInvocations=298, cpuSubmitAvgMs=0.013, cpuSubmitMaxMs=0.028, gpuSamples=75, gpuAvgMs=0.136, gpuMaxMs=0.194, gpuAvgMsPerMP=0.331
[11Aug2026 21:13:02.289] [Render thread/INFO] [Photonics/]: Photonics pass timing v73: group=svgf variance, passes=[variance prefilter], viewport=854x480, megapixels=0.410, cpuInvocations=298, cpuSubmitAvgMs=0.008, cpuSubmitMaxMs=0.021, gpuSamples=75, gpuAvgMs=0.139, gpuMaxMs=0.187, gpuAvgMsPerMP=0.339
[11Aug2026 21:13:02.321] [Render thread/INFO] [Photonics/]: Photonics pass timing v73: group=svgf atrous, passes=[atrous iteration], viewport=854x480, megapixels=0.410, cpuInvocations=1490, cpuSubmitAvgMs=0.003, cpuSubmitMaxMs=0.017, gpuSamples=372, gpuAvgMs=0.070, gpuMaxMs=0.121, gpuAvgMsPerMP=0.170
[11Aug2026 21:13:02.321] [Render thread/INFO] [Photonics/]: Photonics pass timing v73: group=restir local, passes=[exact local direct], viewport=854x480, megapixels=0.410, cpuInvocations=298, cpuSubmitAvgMs=0.009, cpuSubmitMaxMs=0.029, gpuSamples=74, gpuAvgMs=0.004, gpuMaxMs=0.004, gpuAvgMsPerMP=0.010
[11Aug2026 21:13:02.321] [Render thread/INFO] [Photonics/]: Photonics pass timing v73: group=restir handheld, passes=[handheld], viewport=854x480, megapixels=0.410, cpuInvocations=298, cpuSubmitAvgMs=0.012, cpuSubmitMaxMs=0.031, gpuSamples=74, gpuAvgMs=0.006, gpuMaxMs=0.006, gpuAvgMsPerMP=0.014
[11Aug2026 21:13:04.056] [Photonic Chunk Compiler #0/INFO] [Photonics/]: Photonics scene content change v132: section=( 2.000E+0  0.000E+0  1.200E+1), previousSceneHash=-8529085823772286923, sceneHash=-5120835908508762913, fullHash=778598128369876191, priority=171970
[11Aug2026 21:13:04.056] [Photonic Chunk Compiler #0/INFO] [Photonics/]: Photonics scene hash diff v131: section=( 2.000E+0  0.000E+0  1.200E+1), previousSceneHash=-8529085823772286923, sceneHash=-5120835908508762913, changedBlocks=1, firstLocal=(4, 1, 8), firstWorld=(36, 1, 200), oldStableHash=0, newStableHash=5782, oldState=Block{minecraft:air}, newState=Block{minecraft:cactus}[age=0]
[11Aug2026 21:13:04.105] [Render thread/INFO] [Photonics/]: Photonics world tracing v132: layoutRevision=47, sceneRevision=4, settled=false, compiledSections=2018, trackedSections=2018, batchBuilt=1, batchUnloaded=0, pendingBuilds=0, pendingUnloads=0, ready=true, depth=6, blockBounds=( 6.400E+1  1.280E+2  4.800E+1)..( 4.000E+2  2.240E+2  3.840E+2), treeBounds=( 0.000E+0  0.000E+0  0.000E+0)..( 1.024E+3  1.024E+3  1.024E+3), origin=(-2.560E+2 -1.920E+2 -1.280E+2), sceneChangeBounds=(32, 0, 192)..(48, 16, 208), boundsSource=compiled, compileMs=34.835
[11Aug2026 21:13:06.106] [Render thread/INFO] [Photonics/]: Photonics world tracing v132: layoutRevision=47, sceneRevision=4, settled=true, compiledSections=2018, trackedSections=2018, batchBuilt=1, batchUnloaded=0, pendingBuilds=0, pendingUnloads=0, ready=true, depth=6, blockBounds=( 6.400E+1  1.280E+2  4.800E+1)..( 4.000E+2  2.240E+2  3.840E+2), treeBounds=( 0.000E+0  0.000E+0  0.000E+0)..( 1.024E+3  1.024E+3  1.024E+3), origin=(-2.560E+2 -1.920E+2 -1.280E+2), sceneChangeBounds=(32, 0, 192)..(48, 16, 208), boundsSource=compiled, compileMs=34.835
[11Aug2026 21:13:06.107] [Render thread/INFO] [Photonics/]: Photonics memory v72: jvmHeap={usedBytes=2293995608, committedBytes=4097835008, maxBytes=8589934592}, jvmGc={collections=107, timeMs=807}, worldHeap=GpuBufferHeapStats[capacityBytes=536870912, reservedBytes=135752116, liveBytes=135747668, peakLiveBytes=135747668, reusableBytes=4448, allocations=109447, reusedAllocations=139, frees=165, failedAllocations=0], paletteHeap=GpuBufferHeapStats[capacityBytes=201326592, reservedBytes=89088, liveBytes=89088, peakLiveBytes=89088, reusableBytes=0, allocations=956, reusedAllocations=28, frees=28, failedAllocations=0], registries={lights=Stats[cachedObjects=1, pendingFreeObjects=0, allocatedObjects=1, failedAllocations=0], palettes=Stats[cachedObjects=928, pendingFreeObjects=0, allocatedObjects=956, failedAllocations=0], blocks=Stats[cachedObjects=1302, pendingFreeObjects=0, allocatedObjects=1335, failedAllocations=0], models=Stats[cachedObjects=28, pendingFreeObjects=0, allocatedObjects=29, failedAllocations=0]}
[11Aug2026 21:13:06.557] [Photonic Chunk Compiler #1/INFO] [Photonics/]: Photonics scene content change v132: section=( 3.000E+0  0.000E+0  1.000E+1), previousSceneHash=-396457039059416777, sceneHash=3897386879212270669, fullHash=-8649923157618641843, priority=171971
[11Aug2026 21:13:06.558] [Photonic Chunk Compiler #1/INFO] [Photonics/]: Photonics scene hash diff v131: section=( 3.000E+0  0.000E+0  1.000E+1), previousSceneHash=-396457039059416777, sceneHash=3897386879212270669, changedBlocks=1, firstLocal=(4, 1, 5), firstWorld=(52, 1, 165), oldStableHash=0, newStableHash=5782, oldState=Block{minecraft:air}, newState=Block{minecraft:cactus}[age=0]
[11Aug2026 21:13:06.607] [Render thread/INFO] [Photonics/]: Photonics world tracing v132: layoutRevision=48, sceneRevision=5, settled=false, compiledSections=2018, trackedSections=2018, batchBuilt=1, batchUnloaded=0, pendingBuilds=0, pendingUnloads=0, ready=true, depth=6, blockBounds=( 6.400E+1  1.280E+2  4.800E+1)..( 4.000E+2  2.240E+2  3.840E+2), treeBounds=( 0.000E+0  0.000E+0  0.000E+0)..( 1.024E+3  1.024E+3  1.024E+3), origin=(-2.560E+2 -1.920E+2 -1.280E+2), sceneChangeBounds=(48, 0, 160)..(64, 16, 176), boundsSource=compiled, compileMs=35.176
[11Aug2026 21:13:07.174] [Render thread/INFO] [Photonics/]: Photonics pass timing v73: group=frag data, passes=[frag data], viewport=854x480, megapixels=0.410, cpuInvocations=300, cpuSubmitAvgMs=0.031, cpuSubmitMaxMs=0.079, gpuSamples=75, gpuAvgMs=0.025, gpuMaxMs=0.041, gpuAvgMsPerMP=0.060
[11Aug2026 21:13:07.174] [Render thread/INFO] [Photonics/]: Photonics frame throughput v78: viewport=854x480, windowSeconds=5.001, renderedFrames=300, fps=59.985, frameAvgMs=16.671
[11Aug2026 21:13:07.174] [Render thread/INFO] [Photonics/]: Photonics pass timing v73: group=restir direct, passes=[initial direct + visibility], viewport=854x480, megapixels=0.410, cpuInvocations=300, cpuSubmitAvgMs=0.019, cpuSubmitMaxMs=0.181, gpuSamples=75, gpuAvgMs=0.185, gpuMaxMs=0.203, gpuAvgMsPerMP=0.452
[11Aug2026 21:13:07.210] [Render thread/INFO] [Photonics/]: Photonics pass timing v73: group=restir gi initial, passes=[initial indirect], viewport=854x480, megapixels=0.410, cpuInvocations=300, cpuSubmitAvgMs=0.009, cpuSubmitMaxMs=0.025, gpuSamples=75, gpuAvgMs=0.354, gpuMaxMs=0.382, gpuAvgMsPerMP=0.864
[11Aug2026 21:13:07.225] [Render thread/INFO] [Photonics/]: Photonics pass timing v73: group=restir temporal, passes=[temporal reuse + tri-state GI classification], viewport=854x480, megapixels=0.410, cpuInvocations=300, cpuSubmitAvgMs=0.011, cpuSubmitMaxMs=0.020, gpuSamples=75, gpuAvgMs=0.235, gpuMaxMs=0.269, gpuAvgMsPerMP=0.574
[11Aug2026 21:13:07.275] [Render thread/INFO] [Photonics/]: Photonics pass timing v73: group=restir spatial, passes=[spatial reuse/clamp + tri-state GI classification], viewport=854x480, megapixels=0.410, cpuInvocations=300, cpuSubmitAvgMs=0.009, cpuSubmitMaxMs=0.070, gpuSamples=75, gpuAvgMs=0.036, gpuMaxMs=0.075, gpuAvgMsPerMP=0.087
[11Aug2026 21:13:07.276] [Render thread/INFO] [Photonics/]: Photonics pass timing v73: group=restir diffuse, passes=[diffuse], viewport=854x480, megapixels=0.410, cpuInvocations=300, cpuSubmitAvgMs=0.008, cpuSubmitMaxMs=0.021, gpuSamples=75, gpuAvgMs=0.149, gpuMaxMs=0.165, gpuAvgMsPerMP=0.365
[11Aug2026 21:13:07.276] [Render thread/INFO] [Photonics/]: Photonics pass timing v73: group=restir accumulation, passes=[accumulation], viewport=854x480, megapixels=0.410, cpuInvocations=300, cpuSubmitAvgMs=0.012, cpuSubmitMaxMs=0.027, gpuSamples=75, gpuAvgMs=0.126, gpuMaxMs=0.174, gpuAvgMsPerMP=0.308
[11Aug2026 21:13:07.292] [Render thread/INFO] [Photonics/]: Photonics pass timing v73: group=svgf variance, passes=[variance prefilter], viewport=854x480, megapixels=0.410, cpuInvocations=300, cpuSubmitAvgMs=0.007, cpuSubmitMaxMs=0.019, gpuSamples=75, gpuAvgMs=0.132, gpuMaxMs=0.184, gpuAvgMsPerMP=0.323
[11Aug2026 21:13:07.325] [Render thread/INFO] [Photonics/]: Photonics pass timing v73: group=svgf atrous, passes=[atrous iteration], viewport=854x480, megapixels=0.410, cpuInvocations=1500, cpuSubmitAvgMs=0.003, cpuSubmitMaxMs=0.013, gpuSamples=375, gpuAvgMs=0.065, gpuMaxMs=0.120, gpuAvgMsPerMP=0.159
[11Aug2026 21:13:07.325] [Render thread/INFO] [Photonics/]: Photonics pass timing v73: group=restir local, passes=[exact local direct], viewport=854x480, megapixels=0.410, cpuInvocations=300, cpuSubmitAvgMs=0.009, cpuSubmitMaxMs=0.020, gpuSamples=75, gpuAvgMs=0.004, gpuMaxMs=0.004, gpuAvgMsPerMP=0.010
[11Aug2026 21:13:07.325] [Render thread/INFO] [Photonics/]: Photonics pass timing v73: group=restir handheld, passes=[handheld], viewport=854x480, megapixels=0.410, cpuInvocations=300, cpuSubmitAvgMs=0.011, cpuSubmitMaxMs=0.032, gpuSamples=75, gpuAvgMs=0.006, gpuMaxMs=0.006, gpuAvgMsPerMP=0.014
[11Aug2026 21:13:08.608] [Render thread/INFO] [Photonics/]: Photonics world tracing v132: layoutRevision=48, sceneRevision=5, settled=true, compiledSections=2018, trackedSections=2018, batchBuilt=1, batchUnloaded=0, pendingBuilds=0, pendingUnloads=0, ready=true, depth=6, blockBounds=( 6.400E+1  1.280E+2  4.800E+1)..( 4.000E+2  2.240E+2  3.840E+2), treeBounds=( 0.000E+0  0.000E+0  0.000E+0)..( 1.024E+3  1.024E+3  1.024E+3), origin=(-2.560E+2 -1.920E+2 -1.280E+2), sceneChangeBounds=(48, 0, 160)..(64, 16, 176), boundsSource=compiled, compileMs=35.176
[11Aug2026 21:13:08.608] [Render thread/INFO] [Photonics/]: Photonics memory v72: jvmHeap={usedBytes=2450093904, committedBytes=4097835008, maxBytes=8589934592}, jvmGc={collections=107, timeMs=807}, worldHeap=GpuBufferHeapStats[capacityBytes=536870912, reservedBytes=135752116, liveBytes=135747668, peakLiveBytes=135747668, reusableBytes=4448, allocations=109447, reusedAllocations=139, frees=165, failedAllocations=0], paletteHeap=GpuBufferHeapStats[capacityBytes=201326592, reservedBytes=89088, liveBytes=89088, peakLiveBytes=89088, reusableBytes=0, allocations=956, reusedAllocations=28, frees=28, failedAllocations=0], registries={lights=Stats[cachedObjects=1, pendingFreeObjects=0, allocatedObjects=1, failedAllocations=0], palettes=Stats[cachedObjects=928, pendingFreeObjects=0, allocatedObjects=956, failedAllocations=0], blocks=Stats[cachedObjects=1302, pendingFreeObjects=0, allocatedObjects=1335, failedAllocations=0], models=Stats[cachedObjects=28, pendingFreeObjects=0, allocatedObjects=29, failedAllocations=0]}
[11Aug2026 21:13:08.893] [Render thread/INFO] [Photonics/]: Photonics direct reservoir sample v64: samples=120, populated=0, emptyOrBackground=3, visibilityRejected=117, invalid=0, overLegacyCap=21, overTemporalCap=0, totalSamplesRange=32.0..473.5, viewport=854x480
[11Aug2026 21:13:12.176] [Render thread/INFO] [Photonics/]: Photonics pass timing v73: group=frag data, passes=[frag data], viewport=854x480, megapixels=0.410, cpuInvocations=300, cpuSubmitAvgMs=0.033, cpuSubmitMaxMs=0.078, gpuSamples=75, gpuAvgMs=0.025, gpuMaxMs=0.041, gpuAvgMsPerMP=0.060
[11Aug2026 21:13:12.176] [Render thread/INFO] [Photonics/]: Photonics frame throughput v78: viewport=854x480, windowSeconds=5.002, renderedFrames=300, fps=59.976, frameAvgMs=16.673
[11Aug2026 21:13:12.176] [Render thread/INFO] [Photonics/]: Photonics pass timing v73: group=restir direct, passes=[initial direct + visibility], viewport=854x480, megapixels=0.410, cpuInvocations=300, cpuSubmitAvgMs=0.020, cpuSubmitMaxMs=0.042, gpuSamples=75, gpuAvgMs=0.174, gpuMaxMs=0.205, gpuAvgMsPerMP=0.424
[11Aug2026 21:13:12.211] [Render thread/INFO] [Photonics/]: Photonics pass timing v73: group=restir gi initial, passes=[initial indirect], viewport=854x480, megapixels=0.410, cpuInvocations=300, cpuSubmitAvgMs=0.010, cpuSubmitMaxMs=0.026, gpuSamples=75, gpuAvgMs=0.346, gpuMaxMs=0.373, gpuAvgMsPerMP=0.845
[11Aug2026 21:13:12.227] [Render thread/INFO] [Photonics/]: Photonics pass timing v73: group=restir temporal, passes=[temporal reuse + tri-state GI classification], viewport=854x480, megapixels=0.410, cpuInvocations=300, cpuSubmitAvgMs=0.011, cpuSubmitMaxMs=0.020, gpuSamples=75, gpuAvgMs=0.223, gpuMaxMs=0.254, gpuAvgMsPerMP=0.543
[11Aug2026 21:13:12.278] [Render thread/INFO] [Photonics/]: Photonics pass timing v73: group=restir spatial, passes=[spatial reuse/clamp + tri-state GI classification], viewport=854x480, megapixels=0.410, cpuInvocations=300, cpuSubmitAvgMs=0.009, cpuSubmitMaxMs=0.027, gpuSamples=75, gpuAvgMs=0.035, gpuMaxMs=0.057, gpuAvgMsPerMP=0.086
[11Aug2026 21:13:12.278] [Render thread/INFO] [Photonics/]: Photonics pass timing v73: group=restir diffuse, passes=[diffuse], viewport=854x480, megapixels=0.410, cpuInvocations=300, cpuSubmitAvgMs=0.008, cpuSubmitMaxMs=0.015, gpuSamples=75, gpuAvgMs=0.140, gpuMaxMs=0.188, gpuAvgMsPerMP=0.341
[11Aug2026 21:13:12.278] [Render thread/INFO] [Photonics/]: Photonics pass timing v73: group=restir accumulation, passes=[accumulation], viewport=854x480, megapixels=0.410, cpuInvocations=300, cpuSubmitAvgMs=0.013, cpuSubmitMaxMs=0.068, gpuSamples=75, gpuAvgMs=0.122, gpuMaxMs=0.163, gpuAvgMsPerMP=0.298
[11Aug2026 21:13:12.295] [Render thread/INFO] [Photonics/]: Photonics pass timing v73: group=svgf variance, passes=[variance prefilter], viewport=854x480, megapixels=0.410, cpuInvocations=300, cpuSubmitAvgMs=0.007, cpuSubmitMaxMs=0.020, gpuSamples=75, gpuAvgMs=0.128, gpuMaxMs=0.177, gpuAvgMsPerMP=0.311
[11Aug2026 21:13:12.328] [Render thread/INFO] [Photonics/]: Photonics pass timing v73: group=svgf atrous, passes=[atrous iteration], viewport=854x480, megapixels=0.410, cpuInvocations=1500, cpuSubmitAvgMs=0.003, cpuSubmitMaxMs=0.014, gpuSamples=375, gpuAvgMs=0.062, gpuMaxMs=0.113, gpuAvgMsPerMP=0.152
[11Aug2026 21:13:12.328] [Render thread/INFO] [Photonics/]: Photonics pass timing v73: group=restir local, passes=[exact local direct], viewport=854x480, megapixels=0.410, cpuInvocations=300, cpuSubmitAvgMs=0.009, cpuSubmitMaxMs=0.020, gpuSamples=75, gpuAvgMs=0.004, gpuMaxMs=0.004, gpuAvgMsPerMP=0.010
[11Aug2026 21:13:12.328] [Render thread/INFO] [Photonics/]: Photonics pass timing v73: group=restir handheld, passes=[handheld], viewport=854x480, megapixels=0.410, cpuInvocations=300, cpuSubmitAvgMs=0.011, cpuSubmitMaxMs=0.030, gpuSamples=75, gpuAvgMs=0.006, gpuMaxMs=0.006, gpuAvgMsPerMP=0.014
[11Aug2026 21:13:16.896] [Render thread/INFO] [Photonics/]: Photonics direct reservoir sample v64: samples=120, populated=0, emptyOrBackground=1, visibilityRejected=119, invalid=0, overLegacyCap=15, overTemporalCap=0, totalSamplesRange=32.0..473.5, viewport=854x480
[11Aug2026 21:13:17.179] [Render thread/INFO] [Photonics/]: Photonics pass timing v73: group=frag data, passes=[frag data], viewport=854x480, megapixels=0.410, cpuInvocations=300, cpuSubmitAvgMs=0.030, cpuSubmitMaxMs=0.083, gpuSamples=75, gpuAvgMs=0.024, gpuMaxMs=0.038, gpuAvgMsPerMP=0.059
[11Aug2026 21:13:17.179] [Render thread/INFO] [Photonics/]: Photonics frame throughput v78: viewport=854x480, windowSeconds=5.002, renderedFrames=300, fps=59.970, frameAvgMs=16.675
[11Aug2026 21:13:17.179] [Render thread/INFO] [Photonics/]: Photonics pass timing v73: group=restir direct, passes=[initial direct + visibility], viewport=854x480, megapixels=0.410, cpuInvocations=300, cpuSubmitAvgMs=0.018, cpuSubmitMaxMs=0.041, gpuSamples=75, gpuAvgMs=0.161, gpuMaxMs=0.192, gpuAvgMsPerMP=0.393
[11Aug2026 21:13:17.214] [Render thread/INFO] [Photonics/]: Photonics pass timing v73: group=restir gi initial, passes=[initial indirect], viewport=854x480, megapixels=0.410, cpuInvocations=300, cpuSubmitAvgMs=0.009, cpuSubmitMaxMs=0.025, gpuSamples=75, gpuAvgMs=0.347, gpuMaxMs=0.458, gpuAvgMsPerMP=0.846
[11Aug2026 21:13:17.229] [Render thread/INFO] [Photonics/]: Photonics pass timing v73: group=restir temporal, passes=[temporal reuse + tri-state GI classification], viewport=854x480, megapixels=0.410, cpuInvocations=300, cpuSubmitAvgMs=0.010, cpuSubmitMaxMs=0.022, gpuSamples=75, gpuAvgMs=0.212, gpuMaxMs=0.294, gpuAvgMsPerMP=0.518
[11Aug2026 21:13:17.279] [Render thread/INFO] [Photonics/]: Photonics pass timing v73: group=restir spatial, passes=[spatial reuse/clamp + tri-state GI classification], viewport=854x480, megapixels=0.410, cpuInvocations=300, cpuSubmitAvgMs=0.008, cpuSubmitMaxMs=0.030, gpuSamples=75, gpuAvgMs=0.036, gpuMaxMs=0.064, gpuAvgMsPerMP=0.087
[11Aug2026 21:13:17.280] [Render thread/INFO] [Photonics/]: Photonics pass timing v73: group=restir diffuse, passes=[diffuse], viewport=854x480, megapixels=0.410, cpuInvocations=300, cpuSubmitAvgMs=0.007, cpuSubmitMaxMs=0.018, gpuSamples=75, gpuAvgMs=0.126, gpuMaxMs=0.160, gpuAvgMsPerMP=0.307
[11Aug2026 21:13:17.280] [Render thread/INFO] [Photonics/]: Photonics pass timing v73: group=restir accumulation, passes=[accumulation], viewport=854x480, megapixels=0.410, cpuInvocations=300, cpuSubmitAvgMs=0.012, cpuSubmitMaxMs=0.027, gpuSamples=75, gpuAvgMs=0.122, gpuMaxMs=0.165, gpuAvgMsPerMP=0.297
[11Aug2026 21:13:17.297] [Render thread/INFO] [Photonics/]: Photonics pass timing v73: group=svgf variance, passes=[variance prefilter], viewport=854x480, megapixels=0.410, cpuInvocations=300, cpuSubmitAvgMs=0.007, cpuSubmitMaxMs=0.017, gpuSamples=75, gpuAvgMs=0.130, gpuMaxMs=0.173, gpuAvgMsPerMP=0.317
[11Aug2026 21:13:17.329] [Render thread/INFO] [Photonics/]: Photonics pass timing v73: group=svgf atrous, passes=[atrous iteration], viewport=854x480, megapixels=0.410, cpuInvocations=1500, cpuSubmitAvgMs=0.002, cpuSubmitMaxMs=0.010, gpuSamples=375, gpuAvgMs=0.065, gpuMaxMs=0.119, gpuAvgMsPerMP=0.158
[11Aug2026 21:13:17.330] [Render thread/INFO] [Photonics/]: Photonics pass timing v73: group=restir local, passes=[exact local direct], viewport=854x480, megapixels=0.410, cpuInvocations=300, cpuSubmitAvgMs=0.008, cpuSubmitMaxMs=0.018, gpuSamples=75, gpuAvgMs=0.004, gpuMaxMs=0.004, gpuAvgMsPerMP=0.010
[11Aug2026 21:13:17.330] [Render thread/INFO] [Photonics/]: Photonics pass timing v73: group=restir handheld, passes=[handheld], viewport=854x480, megapixels=0.410, cpuInvocations=300, cpuSubmitAvgMs=0.010, cpuSubmitMaxMs=0.062, gpuSamples=75, gpuAvgMs=0.006, gpuMaxMs=0.006, gpuAvgMsPerMP=0.014
[11Aug2026 21:13:22.181] [Render thread/INFO] [Photonics/]: Photonics pass timing v73: group=frag data, passes=[frag data], viewport=854x480, megapixels=0.410, cpuInvocations=300, cpuSubmitAvgMs=0.028, cpuSubmitMaxMs=0.080, gpuSamples=75, gpuAvgMs=0.025, gpuMaxMs=0.025, gpuAvgMsPerMP=0.060
[11Aug2026 21:13:22.181] [Render thread/INFO] [Photonics/]: Photonics frame throughput v78: viewport=854x480, windowSeconds=5.002, renderedFrames=300, fps=59.973, frameAvgMs=16.674
[11Aug2026 21:13:22.181] [Render thread/INFO] [Photonics/]: Photonics pass timing v73: group=restir direct, passes=[initial direct + visibility], viewport=854x480, megapixels=0.410, cpuInvocations=300, cpuSubmitAvgMs=0.016, cpuSubmitMaxMs=0.033, gpuSamples=75, gpuAvgMs=0.178, gpuMaxMs=0.207, gpuAvgMsPerMP=0.435
[11Aug2026 21:13:22.215] [Render thread/INFO] [Photonics/]: Photonics pass timing v73: group=restir gi initial, passes=[initial indirect], viewport=854x480, megapixels=0.410, cpuInvocations=300, cpuSubmitAvgMs=0.009, cpuSubmitMaxMs=0.025, gpuSamples=75, gpuAvgMs=0.355, gpuMaxMs=0.376, gpuAvgMsPerMP=0.865
[11Aug2026 21:13:22.231] [Render thread/INFO] [Photonics/]: Photonics pass timing v73: group=restir temporal, passes=[temporal reuse + tri-state GI classification], viewport=854x480, megapixels=0.410, cpuInvocations=300, cpuSubmitAvgMs=0.009, cpuSubmitMaxMs=0.020, gpuSamples=75, gpuAvgMs=0.232, gpuMaxMs=0.267, gpuAvgMsPerMP=0.565
[11Aug2026 21:13:22.282] [Render thread/INFO] [Photonics/]: Photonics pass timing v73: group=restir spatial, passes=[spatial reuse/clamp + tri-state GI classification], viewport=854x480, megapixels=0.410, cpuInvocations=300, cpuSubmitAvgMs=0.007, cpuSubmitMaxMs=0.019, gpuSamples=75, gpuAvgMs=0.035, gpuMaxMs=0.056, gpuAvgMsPerMP=0.086
[11Aug2026 21:13:22.282] [Render thread/INFO] [Photonics/]: Photonics pass timing v73: group=restir diffuse, passes=[diffuse], viewport=854x480, megapixels=0.410, cpuInvocations=300, cpuSubmitAvgMs=0.007, cpuSubmitMaxMs=0.019, gpuSamples=75, gpuAvgMs=0.140, gpuMaxMs=0.169, gpuAvgMsPerMP=0.341
[11Aug2026 21:13:22.282] [Render thread/INFO] [Photonics/]: Photonics pass timing v73: group=restir accumulation, passes=[accumulation], viewport=854x480, megapixels=0.410, cpuInvocations=300, cpuSubmitAvgMs=0.010, cpuSubmitMaxMs=0.022, gpuSamples=75, gpuAvgMs=0.127, gpuMaxMs=0.175, gpuAvgMsPerMP=0.309
[11Aug2026 21:13:22.299] [Render thread/INFO] [Photonics/]: Photonics pass timing v73: group=svgf variance, passes=[variance prefilter], viewport=854x480, megapixels=0.410, cpuInvocations=300, cpuSubmitAvgMs=0.006, cpuSubmitMaxMs=0.016, gpuSamples=75, gpuAvgMs=0.130, gpuMaxMs=0.181, gpuAvgMsPerMP=0.318
[11Aug2026 21:13:22.331] [Render thread/INFO] [Photonics/]: Photonics pass timing v73: group=svgf atrous, passes=[atrous iteration], viewport=854x480, megapixels=0.410, cpuInvocations=1500, cpuSubmitAvgMs=0.002, cpuSubmitMaxMs=0.011, gpuSamples=375, gpuAvgMs=0.065, gpuMaxMs=0.115, gpuAvgMsPerMP=0.157
[11Aug2026 21:13:22.332] [Render thread/INFO] [Photonics/]: Photonics pass timing v73: group=restir local, passes=[exact local direct], viewport=854x480, megapixels=0.410, cpuInvocations=300, cpuSubmitAvgMs=0.008, cpuSubmitMaxMs=0.015, gpuSamples=75, gpuAvgMs=0.004, gpuMaxMs=0.004, gpuAvgMsPerMP=0.010
[11Aug2026 21:13:22.332] [Render thread/INFO] [Photonics/]: Photonics pass timing v73: group=restir handheld, passes=[handheld], viewport=854x480, megapixels=0.410, cpuInvocations=300, cpuSubmitAvgMs=0.009, cpuSubmitMaxMs=0.023, gpuSamples=75, gpuAvgMs=0.006, gpuMaxMs=0.006, gpuAvgMsPerMP=0.014
[11Aug2026 21:13:24.900] [Render thread/INFO] [Photonics/]: Photonics direct reservoir sample v64: samples=120, populated=1, emptyOrBackground=3, visibilityRejected=116, invalid=0, overLegacyCap=27, overTemporalCap=0, totalSamplesRange=32.0..473.5, viewport=854x480
[11Aug2026 21:13:27.184] [Render thread/INFO] [Photonics/]: Photonics pass timing v73: group=frag data, passes=[frag data], viewport=854x480, megapixels=0.410, cpuInvocations=300, cpuSubmitAvgMs=0.028, cpuSubmitMaxMs=0.067, gpuSamples=75, gpuAvgMs=0.025, gpuMaxMs=0.042, gpuAvgMsPerMP=0.060
[11Aug2026 21:13:27.184] [Render thread/INFO] [Photonics/]: Photonics frame throughput v78: viewport=854x480, windowSeconds=5.002, renderedFrames=300, fps=59.972, frameAvgMs=16.675
[11Aug2026 21:13:27.184] [Render thread/INFO] [Photonics/]: Photonics pass timing v73: group=restir direct, passes=[initial direct + visibility], viewport=854x480, megapixels=0.410, cpuInvocations=300, cpuSubmitAvgMs=0.017, cpuSubmitMaxMs=0.041, gpuSamples=75, gpuAvgMs=0.188, gpuMaxMs=0.203, gpuAvgMsPerMP=0.459
[11Aug2026 21:13:27.218] [Render thread/INFO] [Photonics/]: Photonics pass timing v73: group=restir gi initial, passes=[initial indirect], viewport=854x480, megapixels=0.410, cpuInvocations=300, cpuSubmitAvgMs=0.009, cpuSubmitMaxMs=0.036, gpuSamples=75, gpuAvgMs=0.357, gpuMaxMs=0.380, gpuAvgMsPerMP=0.871
[11Aug2026 21:13:27.234] [Render thread/INFO] [Photonics/]: Photonics pass timing v73: group=restir temporal, passes=[temporal reuse + tri-state GI classification], viewport=854x480, megapixels=0.410, cpuInvocations=300, cpuSubmitAvgMs=0.010, cpuSubmitMaxMs=0.035, gpuSamples=75, gpuAvgMs=0.238, gpuMaxMs=0.267, gpuAvgMsPerMP=0.581
[11Aug2026 21:13:27.284] [Render thread/INFO] [Photonics/]: Photonics pass timing v73: group=restir spatial, passes=[spatial reuse/clamp + tri-state GI classification], viewport=854x480, megapixels=0.410, cpuInvocations=300, cpuSubmitAvgMs=0.008, cpuSubmitMaxMs=0.029, gpuSamples=75, gpuAvgMs=0.036, gpuMaxMs=0.075, gpuAvgMsPerMP=0.088
[11Aug2026 21:13:27.284] [Render thread/INFO] [Photonics/]: Photonics pass timing v73: group=restir diffuse, passes=[diffuse], viewport=854x480, megapixels=0.410, cpuInvocations=300, cpuSubmitAvgMs=0.007, cpuSubmitMaxMs=0.020, gpuSamples=75, gpuAvgMs=0.150, gpuMaxMs=0.181, gpuAvgMsPerMP=0.367
[11Aug2026 21:13:27.284] [Render thread/INFO] [Photonics/]: Photonics pass timing v73: group=restir accumulation, passes=[accumulation], viewport=854x480, megapixels=0.410, cpuInvocations=300, cpuSubmitAvgMs=0.011, cpuSubmitMaxMs=0.068, gpuSamples=75, gpuAvgMs=0.130, gpuMaxMs=0.176, gpuAvgMsPerMP=0.317
[11Aug2026 21:13:27.302] [Render thread/INFO] [Photonics/]: Photonics pass timing v73: group=svgf variance, passes=[variance prefilter], viewport=854x480, megapixels=0.410, cpuInvocations=300, cpuSubmitAvgMs=0.006, cpuSubmitMaxMs=0.036, gpuSamples=75, gpuAvgMs=0.131, gpuMaxMs=0.179, gpuAvgMsPerMP=0.319
[11Aug2026 21:13:27.334] [Render thread/INFO] [Photonics/]: Photonics pass timing v73: group=svgf atrous, passes=[atrous iteration], viewport=854x480, megapixels=0.410, cpuInvocations=1500, cpuSubmitAvgMs=0.002, cpuSubmitMaxMs=0.011, gpuSamples=375, gpuAvgMs=0.065, gpuMaxMs=0.117, gpuAvgMsPerMP=0.157
[11Aug2026 21:13:27.334] [Render thread/INFO] [Photonics/]: Photonics pass timing v73: group=restir local, passes=[exact local direct], viewport=854x480, megapixels=0.410, cpuInvocations=300, cpuSubmitAvgMs=0.008, cpuSubmitMaxMs=0.016, gpuSamples=75, gpuAvgMs=0.004, gpuMaxMs=0.004, gpuAvgMsPerMP=0.010
[11Aug2026 21:13:27.334] [Render thread/INFO] [Photonics/]: Photonics pass timing v73: group=restir handheld, passes=[handheld], viewport=854x480, megapixels=0.410, cpuInvocations=300, cpuSubmitAvgMs=0.009, cpuSubmitMaxMs=0.022, gpuSamples=75, gpuAvgMs=0.006, gpuMaxMs=0.024, gpuAvgMsPerMP=0.015
[11Aug2026 21:13:31.568] [Photonics Light List Compiler/INFO] [Photonics/]: Photonics light-list publication v88: coalescedBatches=7, peakPendingSections=157, remainingSections=0, deferredMs=36.565
[11Aug2026 21:13:31.603] [Render thread/INFO] [Photonics/]: Photonics world tracing v132: layoutRevision=49, sceneRevision=5, settled=false, compiledSections=1915, trackedSections=2019, batchBuilt=0, batchUnloaded=103, pendingBuilds=45, pendingUnloads=0, ready=true, depth=6, blockBounds=( 6.400E+1  1.280E+2  4.800E+1)..( 4.000E+2  2.240E+2  3.680E+2), treeBounds=( 0.000E+0  0.000E+0  0.000E+0)..( 1.024E+3  1.024E+3  1.024E+3), origin=(-2.560E+2 -1.920E+2 -1.280E+2), sceneChangeBounds=(48, 0, 160)..(64, 16, 176), boundsSource=compiled, compileMs=78.216
[11Aug2026 21:13:32.185] [Render thread/INFO] [Photonics/]: Photonics pass timing v73: group=frag data, passes=[frag data], viewport=854x480, megapixels=0.410, cpuInvocations=299, cpuSubmitAvgMs=0.029, cpuSubmitMaxMs=0.088, gpuSamples=75, gpuAvgMs=0.024, gpuMaxMs=0.025, gpuAvgMsPerMP=0.060
[11Aug2026 21:13:32.185] [Render thread/INFO] [Photonics/]: Photonics frame throughput v78: viewport=854x480, windowSeconds=5.002, renderedFrames=299, fps=59.778, frameAvgMs=16.729
[11Aug2026 21:13:32.186] [Render thread/INFO] [Photonics/]: Photonics pass timing v73: group=restir direct, passes=[initial direct + visibility], viewport=854x480, megapixels=0.410, cpuInvocations=299, cpuSubmitAvgMs=0.017, cpuSubmitMaxMs=0.046, gpuSamples=75, gpuAvgMs=0.148, gpuMaxMs=0.201, gpuAvgMsPerMP=0.362
[11Aug2026 21:13:32.219] [Render thread/INFO] [Photonics/]: Photonics pass timing v73: group=restir gi initial, passes=[initial indirect], viewport=854x480, megapixels=0.410, cpuInvocations=299, cpuSubmitAvgMs=0.009, cpuSubmitMaxMs=0.058, gpuSamples=74, gpuAvgMs=0.354, gpuMaxMs=0.394, gpuAvgMsPerMP=0.863
[11Aug2026 21:13:32.236] [Render thread/INFO] [Photonics/]: Photonics pass timing v73: group=restir temporal, passes=[temporal reuse + tri-state GI classification], viewport=854x480, megapixels=0.410, cpuInvocations=299, cpuSubmitAvgMs=0.010, cpuSubmitMaxMs=0.024, gpuSamples=75, gpuAvgMs=0.205, gpuMaxMs=0.275, gpuAvgMsPerMP=0.501
[11Aug2026 21:13:32.285] [Render thread/INFO] [Photonics/]: Photonics pass timing v73: group=restir spatial, passes=[spatial reuse/clamp + tri-state GI classification], viewport=854x480, megapixels=0.410, cpuInvocations=299, cpuSubmitAvgMs=0.008, cpuSubmitMaxMs=0.026, gpuSamples=74, gpuAvgMs=0.036, gpuMaxMs=0.073, gpuAvgMsPerMP=0.087
[11Aug2026 21:13:32.286] [Render thread/INFO] [Photonics/]: Photonics pass timing v73: group=restir diffuse, passes=[diffuse], viewport=854x480, megapixels=0.410, cpuInvocations=299, cpuSubmitAvgMs=0.007, cpuSubmitMaxMs=0.018, gpuSamples=74, gpuAvgMs=0.115, gpuMaxMs=0.171, gpuAvgMsPerMP=0.281
[11Aug2026 21:13:32.286] [Render thread/INFO] [Photonics/]: Photonics pass timing v73: group=restir accumulation, passes=[accumulation], viewport=854x480, megapixels=0.410, cpuInvocations=299, cpuSubmitAvgMs=0.011, cpuSubmitMaxMs=0.029, gpuSamples=74, gpuAvgMs=0.125, gpuMaxMs=0.175, gpuAvgMsPerMP=0.304
[11Aug2026 21:13:32.305] [Render thread/INFO] [Photonics/]: Photonics pass timing v73: group=svgf variance, passes=[variance prefilter], viewport=854x480, megapixels=0.410, cpuInvocations=299, cpuSubmitAvgMs=0.007, cpuSubmitMaxMs=0.021, gpuSamples=75, gpuAvgMs=0.135, gpuMaxMs=0.185, gpuAvgMsPerMP=0.329
[11Aug2026 21:13:32.336] [Render thread/INFO] [Photonics/]: Photonics pass timing v73: group=svgf atrous, passes=[atrous iteration], viewport=854x480, megapixels=0.410, cpuInvocations=1495, cpuSubmitAvgMs=0.002, cpuSubmitMaxMs=0.012, gpuSamples=374, gpuAvgMs=0.067, gpuMaxMs=0.122, gpuAvgMsPerMP=0.162
[11Aug2026 21:13:32.336] [Render thread/INFO] [Photonics/]: Photonics pass timing v73: group=restir local, passes=[exact local direct], viewport=854x480, megapixels=0.410, cpuInvocations=299, cpuSubmitAvgMs=0.009, cpuSubmitMaxMs=0.024, gpuSamples=75, gpuAvgMs=0.004, gpuMaxMs=0.004, gpuAvgMsPerMP=0.010
[11Aug2026 21:13:32.336] [Render thread/INFO] [Photonics/]: Photonics pass timing v73: group=restir handheld, passes=[handheld], viewport=854x480, megapixels=0.410, cpuInvocations=299, cpuSubmitAvgMs=0.010, cpuSubmitMaxMs=0.037, gpuSamples=75, gpuAvgMs=0.006, gpuMaxMs=0.006, gpuAvgMsPerMP=0.014
[11Aug2026 21:13:32.919] [Render thread/INFO] [Photonics/]: Photonics direct reservoir sample v64: samples=120, populated=0, emptyOrBackground=1, visibilityRejected=119, invalid=0, overLegacyCap=18, overTemporalCap=0, totalSamplesRange=32.0..473.5, viewport=854x480
[11Aug2026 21:13:33.112] [Photonics Light List Compiler/INFO] [Photonics/]: Photonics light-list publication v88: coalescedBatches=4, peakPendingSections=136, remainingSections=0, deferredMs=28.528
[11Aug2026 21:13:33.136] [Render thread/INFO] [Photonics/]: Photonics world tracing v132: layoutRevision=53, sceneRevision=5, settled=false, compiledSections=1917, trackedSections=2019, batchBuilt=0, batchUnloaded=102, pendingBuilds=31, pendingUnloads=0, ready=true, depth=6, blockBounds=( 6.400E+1  1.280E+2  3.200E+1)..( 4.000E+2  2.240E+2  3.520E+2), treeBounds=( 0.000E+0  0.000E+0  0.000E+0)..( 1.024E+3  1.024E+3  1.024E+3), origin=(-2.560E+2 -1.920E+2 -1.280E+2), sceneChangeBounds=(48, 0, 160)..(64, 16, 176), boundsSource=compiled, compileMs=54.802
[11Aug2026 21:13:34.151] [Photonics Light List Compiler/INFO] [Photonics/]: Photonics light-list publication v88: coalescedBatches=6, peakPendingSections=110, remainingSections=0, deferredMs=20.716
[11Aug2026 21:13:34.185] [Render thread/INFO] [Photonics/]: Photonics world tracing v132: layoutRevision=57, sceneRevision=5, settled=false, compiledSections=1918, trackedSections=2018, batchBuilt=0, batchUnloaded=101, pendingBuilds=32, pendingUnloads=0, ready=true, depth=6, blockBounds=( 8.000E+1  1.280E+2  8.000E+1)..( 4.000E+2  2.240E+2  4.160E+2), treeBounds=( 0.000E+0  0.000E+0  0.000E+0)..( 1.024E+3  1.024E+3  1.024E+3), origin=(-2.560E+2 -1.920E+2 -1.920E+2), sceneChangeBounds=(48, 0, 160)..(64, 16, 176), boundsSource=compiled, compileMs=70.866
[11Aug2026 21:13:34.652] [Photonics Light List Compiler/INFO] [Photonics/]: Photonics light-list publication v88: coalescedBatches=6, peakPendingSections=132, remainingSections=0, deferredMs=21.345
[11Aug2026 21:13:36.181] [Photonics Light List Compiler/INFO] [Photonics/]: Photonics light candidates v18: eligible=153, selected=153, maxLights=4000, lightSections=12, capped=false
[11Aug2026 21:13:36.182] [Photonics Light List Compiler/INFO] [Photonics/]: Photonics light-list publication v88: coalescedBatches=3, peakPendingSections=129, remainingSections=0, deferredMs=31.342
[11Aug2026 21:13:36.188] [Render thread/INFO] [Photonics/]: Photonics light list pending: 88 -> 153
[11Aug2026 21:13:36.220] [Render thread/INFO] [Photonics/]: Photonics world tracing v132: layoutRevision=65, sceneRevision=5, settled=false, compiledSections=1911, trackedSections=2012, batchBuilt=0, batchUnloaded=105, pendingBuilds=39, pendingUnloads=0, ready=true, depth=6, blockBounds=( 8.000E+1  1.280E+2  6.400E+1)..( 4.160E+2  2.240E+2  3.840E+2), treeBounds=( 0.000E+0  0.000E+0  0.000E+0)..( 1.024E+3  1.024E+3  1.024E+3), origin=(-2.560E+2 -1.920E+2 -1.920E+2), sceneChangeBounds=(48, 0, 160)..(64, 16, 176), boundsSource=compiled, compileMs=72.885
[11Aug2026 21:13:37.190] [Render thread/INFO] [Photonics/]: Photonics pass timing v73: group=frag data, passes=[frag data], viewport=854x480, megapixels=0.410, cpuInvocations=299, cpuSubmitAvgMs=0.031, cpuSubmitMaxMs=0.083, gpuSamples=75, gpuAvgMs=0.024, gpuMaxMs=0.044, gpuAvgMsPerMP=0.059
[11Aug2026 21:13:37.190] [Render thread/INFO] [Photonics/]: Photonics frame throughput v78: viewport=854x480, windowSeconds=5.005, renderedFrames=299, fps=59.741, frameAvgMs=16.739
[11Aug2026 21:13:37.191] [Render thread/INFO] [Photonics/]: Photonics pass timing v73: group=restir direct, passes=[initial direct + visibility], viewport=854x480, megapixels=0.410, cpuInvocations=299, cpuSubmitAvgMs=0.021, cpuSubmitMaxMs=0.080, gpuSamples=75, gpuAvgMs=0.133, gpuMaxMs=0.156, gpuAvgMsPerMP=0.324
[11Aug2026 21:13:37.221] [Render thread/INFO] [Photonics/]: Photonics pass timing v73: group=restir gi initial, passes=[initial indirect], viewport=854x480, megapixels=0.410, cpuInvocations=299, cpuSubmitAvgMs=0.010, cpuSubmitMaxMs=0.031, gpuSamples=75, gpuAvgMs=0.359, gpuMaxMs=0.384, gpuAvgMsPerMP=0.876
[11Aug2026 21:13:37.239] [Render thread/INFO] [Photonics/]: Photonics pass timing v73: group=restir temporal, passes=[temporal reuse + tri-state GI classification], viewport=854x480, megapixels=0.410, cpuInvocations=299, cpuSubmitAvgMs=0.011, cpuSubmitMaxMs=0.023, gpuSamples=74, gpuAvgMs=0.171, gpuMaxMs=0.209, gpuAvgMsPerMP=0.418
[11Aug2026 21:13:37.289] [Render thread/INFO] [Photonics/]: Photonics pass timing v73: group=restir spatial, passes=[spatial reuse/clamp + tri-state GI classification], viewport=854x480, megapixels=0.410, cpuInvocations=299, cpuSubmitAvgMs=0.009, cpuSubmitMaxMs=0.025, gpuSamples=75, gpuAvgMs=0.035, gpuMaxMs=0.075, gpuAvgMsPerMP=0.084
[11Aug2026 21:13:37.289] [Render thread/INFO] [Photonics/]: Photonics pass timing v73: group=restir diffuse, passes=[diffuse], viewport=854x480, megapixels=0.410, cpuInvocations=299, cpuSubmitAvgMs=0.008, cpuSubmitMaxMs=0.015, gpuSamples=75, gpuAvgMs=0.107, gpuMaxMs=0.131, gpuAvgMsPerMP=0.262
[11Aug2026 21:13:37.289] [Render thread/INFO] [Photonics/]: Photonics pass timing v73: group=restir accumulation, passes=[accumulation], viewport=854x480, megapixels=0.410, cpuInvocations=299, cpuSubmitAvgMs=0.013, cpuSubmitMaxMs=0.033, gpuSamples=75, gpuAvgMs=0.115, gpuMaxMs=0.161, gpuAvgMsPerMP=0.281
[11Aug2026 21:13:37.305] [Render thread/INFO] [Photonics/]: Photonics pass timing v73: group=svgf variance, passes=[variance prefilter], viewport=854x480, megapixels=0.410, cpuInvocations=299, cpuSubmitAvgMs=0.008, cpuSubmitMaxMs=0.047, gpuSamples=74, gpuAvgMs=0.125, gpuMaxMs=0.171, gpuAvgMsPerMP=0.304
[11Aug2026 21:13:37.339] [Render thread/INFO] [Photonics/]: Photonics pass timing v73: group=svgf atrous, passes=[atrous iteration], viewport=854x480, megapixels=0.410, cpuInvocations=1495, cpuSubmitAvgMs=0.003, cpuSubmitMaxMs=0.013, gpuSamples=374, gpuAvgMs=0.061, gpuMaxMs=0.113, gpuAvgMsPerMP=0.149
[11Aug2026 21:13:37.339] [Render thread/INFO] [Photonics/]: Photonics pass timing v73: group=restir local, passes=[exact local direct], viewport=854x480, megapixels=0.410, cpuInvocations=299, cpuSubmitAvgMs=0.009, cpuSubmitMaxMs=0.026, gpuSamples=75, gpuAvgMs=0.004, gpuMaxMs=0.004, gpuAvgMsPerMP=0.010
[11Aug2026 21:13:37.339] [Render thread/INFO] [Photonics/]: Photonics pass timing v73: group=restir handheld, passes=[handheld], viewport=854x480, megapixels=0.410, cpuInvocations=299, cpuSubmitAvgMs=0.011, cpuSubmitMaxMs=0.038, gpuSamples=75, gpuAvgMs=0.006, gpuMaxMs=0.024, gpuAvgMsPerMP=0.015
[11Aug2026 21:13:37.670] [Photonics Light List Compiler/INFO] [Photonics/]: Photonics light-list publication v88: coalescedBatches=7, peakPendingSections=154, remainingSections=0, deferredMs=23.116
[11Aug2026 21:13:37.704] [Render thread/INFO] [Photonics/]: Photonics world tracing v132: layoutRevision=69, sceneRevision=5, settled=false, compiledSections=1909, trackedSections=2013, batchBuilt=0, batchUnloaded=103, pendingBuilds=32, pendingUnloads=0, ready=true, depth=6, blockBounds=( 8.000E+1  1.280E+2  4.800E+1)..( 4.160E+2  2.240E+2  3.680E+2), treeBounds=( 0.000E+0  0.000E+0  0.000E+0)..( 1.024E+3  1.024E+3  1.024E+3), origin=(-2.560E+2 -1.920E+2 -1.920E+2), sceneChangeBounds=(48, 0, 160)..(64, 16, 176), boundsSource=compiled, compileMs=55.256
[11Aug2026 21:13:39.955] [Render thread/INFO] [Photonics/]: Photonics world tracing v132: layoutRevision=72, sceneRevision=5, settled=true, compiledSections=2013, trackedSections=2013, batchBuilt=19, batchUnloaded=0, pendingBuilds=0, pendingUnloads=0, ready=true, depth=6, blockBounds=( 8.000E+1  1.280E+2  3.200E+1)..( 4.160E+2  2.240E+2  3.680E+2), treeBounds=( 0.000E+0  0.000E+0  0.000E+0)..( 1.024E+3  1.024E+3  1.024E+3), origin=(-2.560E+2 -1.920E+2 -1.920E+2), sceneChangeBounds=(48, 0, 160)..(64, 16, 176), boundsSource=compiled, compileMs=55.695
[11Aug2026 21:13:39.955] [Render thread/INFO] [Photonics/]: Photonics memory v72: jvmHeap={usedBytes=2525153248, committedBytes=4123000832, maxBytes=8589934592}, jvmGc={collections=113, timeMs=888}, worldHeap=GpuBufferHeapStats[capacityBytes=536870912, reservedBytes=135761716, liveBytes=135745428, peakLiveBytes=135752212, reusableBytes=16288, allocations=142715, reusedAllocations=33368, frees=33446, failedAllocations=0], paletteHeap=GpuBufferHeapStats[capacityBytes=201326592, reservedBytes=89088, liveBytes=89088, peakLiveBytes=89088, reusableBytes=0, allocations=956, reusedAllocations=28, frees=28, failedAllocations=0], registries={lights=Stats[cachedObjects=1, pendingFreeObjects=0, allocatedObjects=1, failedAllocations=0], palettes=Stats[cachedObjects=928, pendingFreeObjects=0, allocatedObjects=956, failedAllocations=0], blocks=Stats[cachedObjects=1302, pendingFreeObjects=0, allocatedObjects=1335, failedAllocations=0], models=Stats[cachedObjects=28, pendingFreeObjects=0, allocatedObjects=29, failedAllocations=0]}
[11Aug2026 21:13:40.941] [Render thread/INFO] [Photonics/]: Photonics direct reservoir sample v64: samples=120, populated=0, emptyOrBackground=29, visibilityRejected=91, invalid=0, overLegacyCap=27, overTemporalCap=0, totalSamplesRange=32.0..473.5, viewport=854x480
[11Aug2026 21:13:41.422] [Photonics Light List Compiler/INFO] [Photonics/]: Photonics light-list publication v88: coalescedBatches=3, peakPendingSections=113, remainingSections=0, deferredMs=24.279
[11Aug2026 21:13:41.457] [Render thread/INFO] [Photonics/]: Photonics world tracing v132: layoutRevision=73, sceneRevision=5, settled=false, compiledSections=1909, trackedSections=2012, batchBuilt=0, batchUnloaded=104, pendingBuilds=37, pendingUnloads=0, ready=true, depth=6, blockBounds=( 8.000E+1  1.280E+2  4.800E+1)..( 4.160E+2  2.240E+2  3.680E+2), treeBounds=( 0.000E+0  0.000E+0  0.000E+0)..( 1.024E+3  1.024E+3  1.024E+3), origin=(-2.560E+2 -1.920E+2 -1.920E+2), sceneChangeBounds=(48, 0, 160)..(64, 16, 176), boundsSource=compiled, compileMs=61.428
[11Aug2026 21:13:42.192] [Render thread/INFO] [Photonics/]: Photonics pass timing v73: group=frag data, passes=[frag data], viewport=854x480, megapixels=0.410, cpuInvocations=300, cpuSubmitAvgMs=0.032, cpuSubmitMaxMs=0.076, gpuSamples=75, gpuAvgMs=0.025, gpuMaxMs=0.041, gpuAvgMsPerMP=0.061
[11Aug2026 21:13:42.192] [Render thread/INFO] [Photonics/]: Photonics frame throughput v78: viewport=854x480, windowSeconds=5.002, renderedFrames=300, fps=59.977, frameAvgMs=16.673
[11Aug2026 21:13:42.193] [Render thread/INFO] [Photonics/]: Photonics pass timing v73: group=restir direct, passes=[initial direct + visibility], viewport=854x480, megapixels=0.410, cpuInvocations=300, cpuSubmitAvgMs=0.019, cpuSubmitMaxMs=0.067, gpuSamples=75, gpuAvgMs=0.119, gpuMaxMs=0.174, gpuAvgMsPerMP=0.291
[11Aug2026 21:13:42.224] [Render thread/INFO] [Photonics/]: Photonics pass timing v73: group=restir gi initial, passes=[initial indirect], viewport=854x480, megapixels=0.410, cpuInvocations=300, cpuSubmitAvgMs=0.009, cpuSubmitMaxMs=0.027, gpuSamples=75, gpuAvgMs=0.444, gpuMaxMs=0.508, gpuAvgMsPerMP=1.082
[11Aug2026 21:13:42.241] [Render thread/INFO] [Photonics/]: Photonics pass timing v73: group=restir temporal, passes=[temporal reuse + tri-state GI classification], viewport=854x480, megapixels=0.410, cpuInvocations=300, cpuSubmitAvgMs=0.010, cpuSubmitMaxMs=0.024, gpuSamples=75, gpuAvgMs=0.274, gpuMaxMs=0.365, gpuAvgMsPerMP=0.667
[11Aug2026 21:13:42.292] [Render thread/INFO] [Photonics/]: Photonics pass timing v73: group=restir spatial, passes=[spatial reuse/clamp + tri-state GI classification], viewport=854x480, megapixels=0.410, cpuInvocations=300, cpuSubmitAvgMs=0.009, cpuSubmitMaxMs=0.029, gpuSamples=75, gpuAvgMs=0.037, gpuMaxMs=0.081, gpuAvgMsPerMP=0.090
[11Aug2026 21:13:42.292] [Render thread/INFO] [Photonics/]: Photonics pass timing v73: group=restir diffuse, passes=[diffuse], viewport=854x480, megapixels=0.410, cpuInvocations=300, cpuSubmitAvgMs=0.008, cpuSubmitMaxMs=0.026, gpuSamples=75, gpuAvgMs=0.094, gpuMaxMs=0.172, gpuAvgMsPerMP=0.228
[11Aug2026 21:13:42.292] [Render thread/INFO] [Photonics/]: Photonics pass timing v73: group=restir accumulation, passes=[accumulation], viewport=854x480, megapixels=0.410, cpuInvocations=300, cpuSubmitAvgMs=0.012, cpuSubmitMaxMs=0.039, gpuSamples=75, gpuAvgMs=0.134, gpuMaxMs=0.188, gpuAvgMsPerMP=0.327
[11Aug2026 21:13:42.307] [Render thread/INFO] [Photonics/]: Photonics pass timing v73: group=svgf variance, passes=[variance prefilter], viewport=854x480, megapixels=0.410, cpuInvocations=300, cpuSubmitAvgMs=0.007, cpuSubmitMaxMs=0.040, gpuSamples=75, gpuAvgMs=0.129, gpuMaxMs=0.182, gpuAvgMsPerMP=0.314
[11Aug2026 21:13:42.341] [Render thread/INFO] [Photonics/]: Photonics pass timing v73: group=svgf atrous, passes=[atrous iteration], viewport=854x480, megapixels=0.410, cpuInvocations=1500, cpuSubmitAvgMs=0.003, cpuSubmitMaxMs=0.012, gpuSamples=375, gpuAvgMs=0.063, gpuMaxMs=0.118, gpuAvgMsPerMP=0.153
[11Aug2026 21:13:42.341] [Render thread/INFO] [Photonics/]: Photonics pass timing v73: group=restir local, passes=[exact local direct], viewport=854x480, megapixels=0.410, cpuInvocations=300, cpuSubmitAvgMs=0.009, cpuSubmitMaxMs=0.019, gpuSamples=75, gpuAvgMs=0.004, gpuMaxMs=0.004, gpuAvgMsPerMP=0.010
[11Aug2026 21:13:42.341] [Render thread/INFO] [Photonics/]: Photonics pass timing v73: group=restir handheld, passes=[handheld], viewport=854x480, megapixels=0.410, cpuInvocations=300, cpuSubmitAvgMs=0.010, cpuSubmitMaxMs=0.027, gpuSamples=75, gpuAvgMs=0.006, gpuMaxMs=0.023, gpuAvgMsPerMP=0.014
[11Aug2026 21:13:43.138] [Photonics Light List Compiler/INFO] [Photonics/]: Photonics light candidates v18: eligible=88, selected=88, maxLights=4000, lightSections=11, capped=false
[11Aug2026 21:13:43.139] [Photonics Light List Compiler/INFO] [Photonics/]: Photonics light-list publication v88: coalescedBatches=4, peakPendingSections=114, remainingSections=0, deferredMs=39.365
[11Aug2026 21:13:43.142] [Render thread/INFO] [Photonics/]: Photonics light list pending: 153 -> 88
[11Aug2026 21:13:43.173] [Render thread/INFO] [Photonics/]: Photonics world tracing v132: layoutRevision=77, sceneRevision=5, settled=false, compiledSections=1911, trackedSections=2016, batchBuilt=0, batchUnloaded=101, pendingBuilds=29, pendingUnloads=0, ready=true, depth=6, blockBounds=( 8.000E+1  1.280E+2  6.400E+1)..( 4.160E+2  2.240E+2  3.840E+2), treeBounds=( 0.000E+0  0.000E+0  0.000E+0)..( 1.024E+3  1.024E+3  1.024E+3), origin=(-2.560E+2 -1.920E+2 -1.920E+2), sceneChangeBounds=(48, 0, 160)..(64, 16, 176), boundsSource=compiled, compileMs=67.744
[11Aug2026 21:13:44.572] [Photonics Light List Compiler/INFO] [Photonics/]: Photonics light candidates v18: eligible=153, selected=153, maxLights=4000, lightSections=12, capped=false
[11Aug2026 21:13:44.572] [Photonics Light List Compiler/INFO] [Photonics/]: Photonics light-list publication v88: coalescedBatches=6, peakPendingSections=108, remainingSections=0, deferredMs=18.890
[11Aug2026 21:13:44.574] [Render thread/INFO] [Photonics/]: Photonics light list pending: 88 -> 153
[11Aug2026 21:13:44.608] [Render thread/INFO] [Photonics/]: Photonics world tracing v132: layoutRevision=81, sceneRevision=5, settled=false, compiledSections=1911, trackedSections=2012, batchBuilt=0, batchUnloaded=105, pendingBuilds=37, pendingUnloads=0, ready=true, depth=6, blockBounds=( 8.000E+1  1.280E+2  6.400E+1)..( 4.160E+2  2.240E+2  3.840E+2), treeBounds=( 0.000E+0  0.000E+0  0.000E+0)..( 1.024E+3  1.024E+3  1.024E+3), origin=(-2.560E+2 -1.920E+2 -1.920E+2), sceneChangeBounds=(48, 0, 160)..(64, 16, 176), boundsSource=compiled, compileMs=63.576
[11Aug2026 21:13:46.292] [Photonics Light List Compiler/INFO] [Photonics/]: Photonics light-list publication v88: coalescedBatches=5, peakPendingSections=114, remainingSections=0, deferredMs=29.580
[11Aug2026 21:13:46.325] [Render thread/INFO] [Photonics/]: Photonics world tracing v132: layoutRevision=85, sceneRevision=5, settled=false, compiledSections=1909, trackedSections=2013, batchBuilt=0, batchUnloaded=103, pendingBuilds=30, pendingUnloads=0, ready=true, depth=6, blockBounds=( 8.000E+1  1.280E+2  4.800E+1)..( 4.160E+2  2.240E+2  3.680E+2), treeBounds=( 0.000E+0  0.000E+0  0.000E+0)..( 1.024E+3  1.024E+3  1.024E+3), origin=(-2.560E+2 -1.920E+2 -1.920E+2), sceneChangeBounds=(48, 0, 160)..(64, 16, 176), boundsSource=compiled, compileMs=67.929
[11Aug2026 21:13:47.193] [Render thread/INFO] [Photonics/]: Photonics pass timing v73: group=frag data, passes=[frag data], viewport=854x480, megapixels=0.410, cpuInvocations=299, cpuSubmitAvgMs=0.030, cpuSubmitMaxMs=0.077, gpuSamples=74, gpuAvgMs=0.024, gpuMaxMs=0.041, gpuAvgMsPerMP=0.059
[11Aug2026 21:13:47.193] [Render thread/INFO] [Photonics/]: Photonics frame throughput v78: viewport=854x480, windowSeconds=5.000, renderedFrames=299, fps=59.797, frameAvgMs=16.723
[11Aug2026 21:13:47.209] [Render thread/INFO] [Photonics/]: Photonics pass timing v73: group=restir direct, passes=[initial direct + visibility], viewport=854x480, megapixels=0.410, cpuInvocations=300, cpuSubmitAvgMs=0.019, cpuSubmitMaxMs=0.063, gpuSamples=75, gpuAvgMs=0.134, gpuMaxMs=0.195, gpuAvgMsPerMP=0.326
[11Aug2026 21:13:47.225] [Render thread/INFO] [Photonics/]: Photonics pass timing v73: group=restir gi initial, passes=[initial indirect], viewport=854x480, megapixels=0.410, cpuInvocations=299, cpuSubmitAvgMs=0.009, cpuSubmitMaxMs=0.028, gpuSamples=75, gpuAvgMs=0.394, gpuMaxMs=0.500, gpuAvgMsPerMP=0.961
[11Aug2026 21:13:47.243] [Render thread/INFO] [Photonics/]: Photonics pass timing v73: group=restir temporal, passes=[temporal reuse + tri-state GI classification], viewport=854x480, megapixels=0.410, cpuInvocations=299, cpuSubmitAvgMs=0.010, cpuSubmitMaxMs=0.044, gpuSamples=75, gpuAvgMs=0.224, gpuMaxMs=0.346, gpuAvgMsPerMP=0.547
[11Aug2026 21:13:47.293] [Render thread/INFO] [Photonics/]: Photonics pass timing v73: group=restir spatial, passes=[spatial reuse/clamp + tri-state GI classification], viewport=854x480, megapixels=0.410, cpuInvocations=299, cpuSubmitAvgMs=0.008, cpuSubmitMaxMs=0.031, gpuSamples=75, gpuAvgMs=0.035, gpuMaxMs=0.043, gpuAvgMsPerMP=0.085
[11Aug2026 21:13:47.293] [Render thread/INFO] [Photonics/]: Photonics pass timing v73: group=restir diffuse, passes=[diffuse], viewport=854x480, megapixels=0.410, cpuInvocations=299, cpuSubmitAvgMs=0.007, cpuSubmitMaxMs=0.020, gpuSamples=75, gpuAvgMs=0.110, gpuMaxMs=0.163, gpuAvgMsPerMP=0.268
[11Aug2026 21:13:47.293] [Render thread/INFO] [Photonics/]: Photonics pass timing v73: group=restir accumulation, passes=[accumulation], viewport=854x480, megapixels=0.410, cpuInvocations=299, cpuSubmitAvgMs=0.012, cpuSubmitMaxMs=0.055, gpuSamples=75, gpuAvgMs=0.120, gpuMaxMs=0.198, gpuAvgMsPerMP=0.292
[11Aug2026 21:13:47.309] [Render thread/INFO] [Photonics/]: Photonics pass timing v73: group=svgf variance, passes=[variance prefilter], viewport=854x480, megapixels=0.410, cpuInvocations=299, cpuSubmitAvgMs=0.007, cpuSubmitMaxMs=0.035, gpuSamples=75, gpuAvgMs=0.123, gpuMaxMs=0.185, gpuAvgMsPerMP=0.299
[11Aug2026 21:13:47.344] [Render thread/INFO] [Photonics/]: Photonics pass timing v73: group=svgf atrous, passes=[atrous iteration], viewport=854x480, megapixels=0.410, cpuInvocations=1495, cpuSubmitAvgMs=0.003, cpuSubmitMaxMs=0.023, gpuSamples=374, gpuAvgMs=0.060, gpuMaxMs=0.115, gpuAvgMsPerMP=0.147
[11Aug2026 21:13:47.344] [Render thread/INFO] [Photonics/]: Photonics pass timing v73: group=restir local, passes=[exact local direct], viewport=854x480, megapixels=0.410, cpuInvocations=299, cpuSubmitAvgMs=0.009, cpuSubmitMaxMs=0.021, gpuSamples=75, gpuAvgMs=0.004, gpuMaxMs=0.004, gpuAvgMsPerMP=0.010
[11Aug2026 21:13:47.344] [Render thread/INFO] [Photonics/]: Photonics pass timing v73: group=restir handheld, passes=[handheld], viewport=854x480, megapixels=0.410, cpuInvocations=299, cpuSubmitAvgMs=0.009, cpuSubmitMaxMs=0.029, gpuSamples=75, gpuAvgMs=0.006, gpuMaxMs=0.006, gpuAvgMsPerMP=0.014
[11Aug2026 21:13:48.576] [Render thread/INFO] [Photonics/]: Photonics world tracing v132: layoutRevision=88, sceneRevision=5, settled=true, compiledSections=2013, trackedSections=2013, batchBuilt=18, batchUnloaded=0, pendingBuilds=0, pendingUnloads=0, ready=true, depth=6, blockBounds=( 8.000E+1  1.280E+2  3.200E+1)..( 4.160E+2  2.240E+2  3.680E+2), treeBounds=( 0.000E+0  0.000E+0  0.000E+0)..( 1.024E+3  1.024E+3  1.024E+3), origin=(-2.560E+2 -1.920E+2 -1.920E+2), sceneChangeBounds=(48, 0, 160)..(64, 16, 176), boundsSource=compiled, compileMs=65.642
[11Aug2026 21:13:48.576] [Render thread/INFO] [Photonics/]: Photonics memory v72: jvmHeap={usedBytes=3090794400, committedBytes=4123000832, maxBytes=8589934592}, jvmGc={collections=117, timeMs=919}, worldHeap=GpuBufferHeapStats[capacityBytes=536870912, reservedBytes=135761716, liveBytes=135745428, peakLiveBytes=135752212, reusableBytes=16288, allocations=164865, reusedAllocations=55518, frees=55596, failedAllocations=0], paletteHeap=GpuBufferHeapStats[capacityBytes=201326592, reservedBytes=89088, liveBytes=89088, peakLiveBytes=89088, reusableBytes=0, allocations=956, reusedAllocations=28, frees=28, failedAllocations=0], registries={lights=Stats[cachedObjects=1, pendingFreeObjects=0, allocatedObjects=1, failedAllocations=0], palettes=Stats[cachedObjects=928, pendingFreeObjects=0, allocatedObjects=956, failedAllocations=0], blocks=Stats[cachedObjects=1302, pendingFreeObjects=0, allocatedObjects=1335, failedAllocations=0], models=Stats[cachedObjects=28, pendingFreeObjects=0, allocatedObjects=29, failedAllocations=0]}
[11Aug2026 21:13:48.961] [Render thread/INFO] [Photonics/]: Photonics direct reservoir sample v64: samples=120, populated=1, emptyOrBackground=68, visibilityRejected=51, invalid=0, overLegacyCap=21, overTemporalCap=0, totalSamplesRange=32.0..420.5, viewport=854x480
[11Aug2026 21:13:52.196] [Render thread/INFO] [Photonics/]: Photonics pass timing v73: group=frag data, passes=[frag data], viewport=854x480, megapixels=0.410, cpuInvocations=300, cpuSubmitAvgMs=0.030, cpuSubmitMaxMs=0.080, gpuSamples=75, gpuAvgMs=0.025, gpuMaxMs=0.039, gpuAvgMsPerMP=0.061
[11Aug2026 21:13:52.196] [Render thread/INFO] [Photonics/]: Photonics frame throughput v78: viewport=854x480, windowSeconds=5.004, renderedFrames=300, fps=59.954, frameAvgMs=16.680
[11Aug2026 21:13:52.214] [Render thread/INFO] [Photonics/]: Photonics pass timing v73: group=restir direct, passes=[initial direct + visibility], viewport=854x480, megapixels=0.410, cpuInvocations=300, cpuSubmitAvgMs=0.017, cpuSubmitMaxMs=0.044, gpuSamples=75, gpuAvgMs=0.140, gpuMaxMs=0.196, gpuAvgMsPerMP=0.341
[11Aug2026 21:13:52.229] [Render thread/INFO] [Photonics/]: Photonics pass timing v73: group=restir gi initial, passes=[initial indirect], viewport=854x480, megapixels=0.410, cpuInvocations=300, cpuSubmitAvgMs=0.009, cpuSubmitMaxMs=0.021, gpuSamples=75, gpuAvgMs=0.450, gpuMaxMs=0.533, gpuAvgMsPerMP=1.098
[11Aug2026 21:13:52.247] [Render thread/INFO] [Photonics/]: Photonics pass timing v73: group=restir temporal, passes=[temporal reuse + tri-state GI classification], viewport=854x480, megapixels=0.410, cpuInvocations=300, cpuSubmitAvgMs=0.009, cpuSubmitMaxMs=0.022, gpuSamples=75, gpuAvgMs=0.283, gpuMaxMs=0.365, gpuAvgMsPerMP=0.691
[11Aug2026 21:13:52.296] [Render thread/INFO] [Photonics/]: Photonics pass timing v73: group=restir spatial, passes=[spatial reuse/clamp + tri-state GI classification], viewport=854x480, megapixels=0.410, cpuInvocations=300, cpuSubmitAvgMs=0.008, cpuSubmitMaxMs=0.054, gpuSamples=75, gpuAvgMs=0.036, gpuMaxMs=0.041, gpuAvgMsPerMP=0.087
[11Aug2026 21:13:52.296] [Render thread/INFO] [Photonics/]: Photonics pass timing v73: group=restir diffuse, passes=[diffuse], viewport=854x480, megapixels=0.410, cpuInvocations=300, cpuSubmitAvgMs=0.007, cpuSubmitMaxMs=0.015, gpuSamples=75, gpuAvgMs=0.117, gpuMaxMs=0.164, gpuAvgMsPerMP=0.286
[11Aug2026 21:13:52.296] [Render thread/INFO] [Photonics/]: Photonics pass timing v73: group=restir accumulation, passes=[accumulation], viewport=854x480, megapixels=0.410, cpuInvocations=300, cpuSubmitAvgMs=0.011, cpuSubmitMaxMs=0.025, gpuSamples=75, gpuAvgMs=0.134, gpuMaxMs=0.175, gpuAvgMsPerMP=0.326
[11Aug2026 21:13:52.312] [Render thread/INFO] [Photonics/]: Photonics pass timing v73: group=svgf variance, passes=[variance prefilter], viewport=854x480, megapixels=0.410, cpuInvocations=300, cpuSubmitAvgMs=0.006, cpuSubmitMaxMs=0.019, gpuSamples=75, gpuAvgMs=0.130, gpuMaxMs=0.188, gpuAvgMsPerMP=0.318
[11Aug2026 21:13:52.347] [Render thread/INFO] [Photonics/]: Photonics pass timing v73: group=svgf atrous, passes=[atrous iteration], viewport=854x480, megapixels=0.410, cpuInvocations=1500, cpuSubmitAvgMs=0.003, cpuSubmitMaxMs=0.013, gpuSamples=375, gpuAvgMs=0.063, gpuMaxMs=0.114, gpuAvgMsPerMP=0.154
[11Aug2026 21:13:52.347] [Render thread/INFO] [Photonics/]: Photonics pass timing v73: group=restir local, passes=[exact local direct], viewport=854x480, megapixels=0.410, cpuInvocations=300, cpuSubmitAvgMs=0.009, cpuSubmitMaxMs=0.032, gpuSamples=75, gpuAvgMs=0.004, gpuMaxMs=0.004, gpuAvgMsPerMP=0.010
[11Aug2026 21:13:52.347] [Render thread/INFO] [Photonics/]: Photonics pass timing v73: group=restir handheld, passes=[handheld], viewport=854x480, megapixels=0.410, cpuInvocations=300, cpuSubmitAvgMs=0.009, cpuSubmitMaxMs=0.026, gpuSamples=75, gpuAvgMs=0.006, gpuMaxMs=0.006, gpuAvgMsPerMP=0.014
[11Aug2026 21:13:54.610] [Photonics Light List Compiler/INFO] [Photonics/]: Photonics light-list publication v88: coalescedBatches=7, peakPendingSections=78, remainingSections=0, deferredMs=13.213
[11Aug2026 21:13:54.625] [Photonics Light List Compiler/INFO] [Photonics/]: Photonics light-list publication v88: coalescedBatches=2, peakPendingSections=55, remainingSections=0, deferredMs=9.031
[11Aug2026 21:13:54.663] [Render thread/INFO] [Photonics/]: Photonics world tracing v132: layoutRevision=89, sceneRevision=5, settled=false, compiledSections=2014, trackedSections=2053, batchBuilt=1, batchUnloaded=0, pendingBuilds=17, pendingUnloads=0, ready=true, depth=6, blockBounds=( 8.000E+1  1.280E+2  3.200E+1)..( 4.160E+2  2.240E+2  3.680E+2), treeBounds=( 0.000E+0  0.000E+0  0.000E+0)..( 1.024E+3  1.024E+3  1.024E+3), origin=(-2.560E+2 -1.920E+2 -1.920E+2), sceneChangeBounds=(48, 0, 160)..(64, 16, 176), boundsSource=compiled, compileMs=44.162
[11Aug2026 21:13:55.099] [Server thread/INFO] [net.minecraft.client.server.IntegratedServer/]: Saving and pausing game...
[11Aug2026 21:13:55.107] [Server thread/INFO] [net.minecraft.server.MinecraftServer/]: Saving chunks for level 'ServerLevel[New World1]'/minecraft:overworld
[11Aug2026 21:13:55.107] [Server thread/INFO] [dev.ryanhcode.sable.Sable/]: Saving sub-levels for level 'ServerLevel[New World1]'/minecraft:overworld
[11Aug2026 21:13:55.111] [Server thread/INFO] [net.minecraft.server.MinecraftServer/]: Saving chunks for level 'ServerLevel[New World1]'/minecraft:the_end
[11Aug2026 21:13:55.111] [Server thread/INFO] [dev.ryanhcode.sable.Sable/]: Saving sub-levels for level 'ServerLevel[New World1]'/minecraft:the_end
[11Aug2026 21:13:55.111] [Server thread/INFO] [net.minecraft.server.MinecraftServer/]: Saving chunks for level 'ServerLevel[New World1]'/minecraft:the_nether
[11Aug2026 21:13:55.111] [Server thread/INFO] [dev.ryanhcode.sable.Sable/]: Saving sub-levels for level 'ServerLevel[New World1]'/minecraft:the_nether
[11Aug2026 21:13:57.378] [Render thread/INFO] [Photonics/]: Photonics world tracing v132: layoutRevision=91, sceneRevision=5, settled=true, compiledSections=2053, trackedSections=2053, batchBuilt=19, batchUnloaded=0, pendingBuilds=0, pendingUnloads=0, ready=true, depth=6, blockBounds=( 8.000E+1  1.280E+2  3.200E+1)..( 4.160E+2  2.240E+2  3.680E+2), treeBounds=( 0.000E+0  0.000E+0  0.000E+0)..( 1.024E+3  1.024E+3  1.024E+3), origin=(-2.560E+2 -1.920E+2 -1.920E+2), sceneChangeBounds=(48, 0, 160)..(64, 16, 176), boundsSource=compiled, compileMs=57.532
[11Aug2026 21:13:57.378] [Render thread/INFO] [Photonics/]: Photonics memory v72: jvmHeap={usedBytes=2144289336, committedBytes=4123000832, maxBytes=8589934592}, jvmGc={collections=118, timeMs=933}, worldHeap=GpuBufferHeapStats[capacityBytes=536870912, reservedBytes=138400564, liveBytes=138395060, peakLiveBytes=138395156, reusableBytes=5504, allocations=166972, reusedAllocations=55553, frees=55597, failedAllocations=0], paletteHeap=GpuBufferHeapStats[capacityBytes=201326592, reservedBytes=89088, liveBytes=89088, peakLiveBytes=89088, reusableBytes=0, allocations=956, reusedAllocations=28, frees=28, failedAllocations=0], registries={lights=Stats[cachedObjects=1, pendingFreeObjects=0, allocatedObjects=1, failedAllocations=0], palettes=Stats[cachedObjects=928, pendingFreeObjects=0, allocatedObjects=956, failedAllocations=0], blocks=Stats[cachedObjects=1302, pendingFreeObjects=0, allocatedObjects=1335, failedAllocations=0], models=Stats[cachedObjects=28, pendingFreeObjects=0, allocatedObjects=29, failedAllocations=0]}
[11Aug2026 21:13:57.380] [Render thread/INFO] [Photonics/]: Photonics pass timing v73: group=frag data, passes=[frag data], viewport=854x480, megapixels=0.410, cpuInvocations=251, cpuSubmitAvgMs=0.030, cpuSubmitMaxMs=0.304, gpuSamples=63, gpuAvgMs=0.026, gpuMaxMs=0.027, gpuAvgMsPerMP=0.063
[11Aug2026 21:13:57.380] [Render thread/INFO] [Photonics/]: Photonics frame throughput v78: viewport=854x480, windowSeconds=5.183, renderedFrames=251, fps=48.425, frameAvgMs=20.650
[11Aug2026 21:13:57.380] [Render thread/INFO] [Photonics/]: Photonics pass timing v73: group=restir direct, passes=[initial direct + visibility], viewport=854x480, megapixels=0.410, cpuInvocations=250, cpuSubmitAvgMs=0.017, cpuSubmitMaxMs=0.062, gpuSamples=62, gpuAvgMs=0.137, gpuMaxMs=0.155, gpuAvgMsPerMP=0.333
[11Aug2026 21:13:57.380] [Render thread/INFO] [Photonics/]: Photonics pass timing v73: group=restir gi initial, passes=[initial indirect], viewport=854x480, megapixels=0.410, cpuInvocations=249, cpuSubmitAvgMs=0.009, cpuSubmitMaxMs=0.022, gpuSamples=62, gpuAvgMs=0.503, gpuMaxMs=0.554, gpuAvgMsPerMP=1.227
[11Aug2026 21:13:57.380] [Render thread/INFO] [Photonics/]: Photonics pass timing v73: group=restir temporal, passes=[temporal reuse + tri-state GI classification], viewport=854x480, megapixels=0.410, cpuInvocations=248, cpuSubmitAvgMs=0.009, cpuSubmitMaxMs=0.029, gpuSamples=62, gpuAvgMs=0.293, gpuMaxMs=0.368, gpuAvgMsPerMP=0.716
[11Aug2026 21:13:57.380] [Render thread/INFO] [Photonics/]: Photonics pass timing v73: group=restir spatial, passes=[spatial reuse/clamp + tri-state GI classification], viewport=854x480, megapixels=0.410, cpuInvocations=245, cpuSubmitAvgMs=0.008, cpuSubmitMaxMs=0.029, gpuSamples=61, gpuAvgMs=0.038, gpuMaxMs=0.079, gpuAvgMsPerMP=0.094
[11Aug2026 21:13:57.380] [Render thread/INFO] [Photonics/]: Photonics pass timing v73: group=restir diffuse, passes=[diffuse], viewport=854x480, megapixels=0.410, cpuInvocations=245, cpuSubmitAvgMs=0.007, cpuSubmitMaxMs=0.015, gpuSamples=61, gpuAvgMs=0.112, gpuMaxMs=0.135, gpuAvgMsPerMP=0.274
[11Aug2026 21:13:57.380] [Render thread/INFO] [Photonics/]: Photonics pass timing v73: group=restir accumulation, passes=[accumulation], viewport=854x480, megapixels=0.410, cpuInvocations=245, cpuSubmitAvgMs=0.011, cpuSubmitMaxMs=0.060, gpuSamples=61, gpuAvgMs=0.154, gpuMaxMs=0.201, gpuAvgMsPerMP=0.375
[11Aug2026 21:13:57.380] [Render thread/INFO] [Photonics/]: Photonics pass timing v73: group=svgf variance, passes=[variance prefilter], viewport=854x480, megapixels=0.410, cpuInvocations=244, cpuSubmitAvgMs=0.006, cpuSubmitMaxMs=0.019, gpuSamples=61, gpuAvgMs=0.145, gpuMaxMs=0.195, gpuAvgMsPerMP=0.354
[11Aug2026 21:13:57.380] [Render thread/INFO] [Photonics/]: Photonics pass timing v73: group=svgf atrous, passes=[atrous iteration], viewport=854x480, megapixels=0.410, cpuInvocations=1210, cpuSubmitAvgMs=0.003, cpuSubmitMaxMs=0.014, gpuSamples=302, gpuAvgMs=0.067, gpuMaxMs=0.120, gpuAvgMsPerMP=0.164
[11Aug2026 21:13:57.380] [Render thread/INFO] [Photonics/]: Photonics pass timing v73: group=restir local, passes=[exact local direct], viewport=854x480, megapixels=0.410, cpuInvocations=242, cpuSubmitAvgMs=0.009, cpuSubmitMaxMs=0.031, gpuSamples=60, gpuAvgMs=0.004, gpuMaxMs=0.004, gpuAvgMsPerMP=0.010
[11Aug2026 21:13:57.380] [Render thread/INFO] [Photonics/]: Photonics pass timing v73: group=restir handheld, passes=[handheld], viewport=854x480, megapixels=0.410, cpuInvocations=242, cpuSubmitAvgMs=0.008, cpuSubmitMaxMs=0.021, gpuSamples=60, gpuAvgMs=0.006, gpuMaxMs=0.006, gpuAvgMsPerMP=0.014
[11Aug2026 21:14:00.247] [Render thread/INFO] [Photonics/]: Photonics direct reservoir sample v64: samples=120, populated=0, emptyOrBackground=85, visibilityRejected=35, invalid=0, overLegacyCap=5, overTemporalCap=0, totalSamplesRange=32.0..420.5, viewport=854x480
[11Aug2026 21:14:02.382] [Render thread/INFO] [Photonics/]: Photonics pass timing v73: group=frag data, passes=[frag data], viewport=854x480, megapixels=0.410, cpuInvocations=163, cpuSubmitAvgMs=0.028, cpuSubmitMaxMs=0.089, gpuSamples=41, gpuAvgMs=0.026, gpuMaxMs=0.027, gpuAvgMsPerMP=0.063
[11Aug2026 21:14:02.382] [Render thread/INFO] [Photonics/]: Photonics frame throughput v78: viewport=854x480, windowSeconds=5.003, renderedFrames=163, fps=32.583, frameAvgMs=30.691
[11Aug2026 21:14:02.382] [Render thread/INFO] [Photonics/]: Photonics pass timing v73: group=restir direct, passes=[initial direct + visibility], viewport=854x480, megapixels=0.410, cpuInvocations=163, cpuSubmitAvgMs=0.017, cpuSubmitMaxMs=0.071, gpuSamples=41, gpuAvgMs=0.150, gpuMaxMs=0.216, gpuAvgMsPerMP=0.367
[11Aug2026 21:14:02.382] [Render thread/INFO] [Photonics/]: Photonics pass timing v73: group=restir gi initial, passes=[initial indirect], viewport=854x480, megapixels=0.410, cpuInvocations=163, cpuSubmitAvgMs=0.008, cpuSubmitMaxMs=0.021, gpuSamples=41, gpuAvgMs=0.494, gpuMaxMs=0.502, gpuAvgMsPerMP=1.204
[11Aug2026 21:14:02.382] [Render thread/INFO] [Photonics/]: Photonics pass timing v73: group=restir temporal, passes=[temporal reuse + tri-state GI classification], viewport=854x480, megapixels=0.410, cpuInvocations=163, cpuSubmitAvgMs=0.009, cpuSubmitMaxMs=0.019, gpuSamples=41, gpuAvgMs=0.247, gpuMaxMs=0.335, gpuAvgMsPerMP=0.602
[11Aug2026 21:14:02.382] [Render thread/INFO] [Photonics/]: Photonics pass timing v73: group=restir spatial, passes=[spatial reuse/clamp + tri-state GI classification], viewport=854x480, megapixels=0.410, cpuInvocations=163, cpuSubmitAvgMs=0.007, cpuSubmitMaxMs=0.022, gpuSamples=41, gpuAvgMs=0.037, gpuMaxMs=0.038, gpuAvgMsPerMP=0.091
[11Aug2026 21:14:02.382] [Render thread/INFO] [Photonics/]: Photonics pass timing v73: group=restir diffuse, passes=[diffuse], viewport=854x480, megapixels=0.410, cpuInvocations=163, cpuSubmitAvgMs=0.007, cpuSubmitMaxMs=0.015, gpuSamples=41, gpuAvgMs=0.125, gpuMaxMs=0.191, gpuAvgMsPerMP=0.305
[11Aug2026 21:14:02.382] [Render thread/INFO] [Photonics/]: Photonics pass timing v73: group=restir accumulation, passes=[accumulation], viewport=854x480, megapixels=0.410, cpuInvocations=163, cpuSubmitAvgMs=0.010, cpuSubmitMaxMs=0.025, gpuSamples=41, gpuAvgMs=0.148, gpuMaxMs=0.178, gpuAvgMsPerMP=0.362
[11Aug2026 21:14:02.382] [Render thread/INFO] [Photonics/]: Photonics pass timing v73: group=svgf variance, passes=[variance prefilter], viewport=854x480, megapixels=0.410, cpuInvocations=163, cpuSubmitAvgMs=0.006, cpuSubmitMaxMs=0.018, gpuSamples=41, gpuAvgMs=0.145, gpuMaxMs=0.192, gpuAvgMsPerMP=0.354
[11Aug2026 21:14:02.383] [Render thread/INFO] [Photonics/]: Photonics pass timing v73: group=svgf atrous, passes=[atrous iteration], viewport=854x480, megapixels=0.410, cpuInvocations=815, cpuSubmitAvgMs=0.002, cpuSubmitMaxMs=0.010, gpuSamples=204, gpuAvgMs=0.067, gpuMaxMs=0.122, gpuAvgMsPerMP=0.164
[11Aug2026 21:14:02.383] [Render thread/INFO] [Photonics/]: Photonics pass timing v73: group=restir local, passes=[exact local direct], viewport=854x480, megapixels=0.410, cpuInvocations=163, cpuSubmitAvgMs=0.008, cpuSubmitMaxMs=0.015, gpuSamples=41, gpuAvgMs=0.004, gpuMaxMs=0.004, gpuAvgMsPerMP=0.010
[11Aug2026 21:14:02.383] [Render thread/INFO] [Photonics/]: Photonics pass timing v73: group=restir handheld, passes=[handheld], viewport=854x480, megapixels=0.410, cpuInvocations=163, cpuSubmitAvgMs=0.008, cpuSubmitMaxMs=0.023, gpuSamples=41, gpuAvgMs=0.006, gpuMaxMs=0.028, gpuAvgMsPerMP=0.015
[11Aug2026 21:14:07.386] [Render thread/INFO] [Photonics/]: Photonics pass timing v73: group=frag data, passes=[frag data], viewport=854x480, megapixels=0.410, cpuInvocations=299, cpuSubmitAvgMs=0.028, cpuSubmitMaxMs=0.082, gpuSamples=75, gpuAvgMs=0.026, gpuMaxMs=0.029, gpuAvgMsPerMP=0.062
[11Aug2026 21:14:07.386] [Render thread/INFO] [Photonics/]: Photonics frame throughput v78: viewport=854x480, windowSeconds=5.003, renderedFrames=299, fps=59.759, frameAvgMs=16.734
[11Aug2026 21:14:07.386] [Render thread/INFO] [Photonics/]: Photonics pass timing v73: group=restir direct, passes=[initial direct + visibility], viewport=854x480, megapixels=0.410, cpuInvocations=299, cpuSubmitAvgMs=0.015, cpuSubmitMaxMs=0.036, gpuSamples=75, gpuAvgMs=0.166, gpuMaxMs=0.212, gpuAvgMsPerMP=0.406
[11Aug2026 21:14:07.386] [Render thread/INFO] [Photonics/]: Photonics pass timing v73: group=restir gi initial, passes=[initial indirect], viewport=854x480, megapixels=0.410, cpuInvocations=299, cpuSubmitAvgMs=0.008, cpuSubmitMaxMs=0.029, gpuSamples=75, gpuAvgMs=0.194, gpuMaxMs=0.486, gpuAvgMsPerMP=0.473
[11Aug2026 21:14:07.386] [Render thread/INFO] [Photonics/]: Photonics pass timing v73: group=restir temporal, passes=[temporal reuse + tri-state GI classification], viewport=854x480, megapixels=0.410, cpuInvocations=299, cpuSubmitAvgMs=0.009, cpuSubmitMaxMs=0.020, gpuSamples=75, gpuAvgMs=0.146, gpuMaxMs=0.311, gpuAvgMsPerMP=0.355
[11Aug2026 21:14:07.386] [Render thread/INFO] [Photonics/]: Photonics pass timing v73: group=restir spatial, passes=[spatial reuse/clamp + tri-state GI classification], viewport=854x480, megapixels=0.410, cpuInvocations=299, cpuSubmitAvgMs=0.007, cpuSubmitMaxMs=0.025, gpuSamples=75, gpuAvgMs=0.039, gpuMaxMs=0.078, gpuAvgMsPerMP=0.096
[11Aug2026 21:14:07.386] [Render thread/INFO] [Photonics/]: Photonics pass timing v73: group=restir diffuse, passes=[diffuse], viewport=854x480, megapixels=0.410, cpuInvocations=299, cpuSubmitAvgMs=0.007, cpuSubmitMaxMs=0.022, gpuSamples=75, gpuAvgMs=0.128, gpuMaxMs=0.179, gpuAvgMsPerMP=0.312
[11Aug2026 21:14:07.386] [Render thread/INFO] [Photonics/]: Photonics pass timing v73: group=restir accumulation, passes=[accumulation], viewport=854x480, megapixels=0.410, cpuInvocations=299, cpuSubmitAvgMs=0.011, cpuSubmitMaxMs=0.142, gpuSamples=75, gpuAvgMs=0.139, gpuMaxMs=0.199, gpuAvgMsPerMP=0.339
[11Aug2026 21:14:07.386] [Render thread/INFO] [Photonics/]: Photonics pass timing v73: group=svgf variance, passes=[variance prefilter], viewport=854x480, megapixels=0.410, cpuInvocations=299, cpuSubmitAvgMs=0.006, cpuSubmitMaxMs=0.020, gpuSamples=75, gpuAvgMs=0.151, gpuMaxMs=0.202, gpuAvgMsPerMP=0.369
[11Aug2026 21:14:07.386] [Render thread/INFO] [Photonics/]: Photonics pass timing v73: group=svgf atrous, passes=[atrous iteration], viewport=854x480, megapixels=0.410, cpuInvocations=1495, cpuSubmitAvgMs=0.002, cpuSubmitMaxMs=0.015, gpuSamples=374, gpuAvgMs=0.076, gpuMaxMs=0.132, gpuAvgMsPerMP=0.185
[11Aug2026 21:14:07.386] [Render thread/INFO] [Photonics/]: Photonics pass timing v73: group=restir local, passes=[exact local direct], viewport=854x480, megapixels=0.410, cpuInvocations=299, cpuSubmitAvgMs=0.008, cpuSubmitMaxMs=0.020, gpuSamples=75, gpuAvgMs=0.004, gpuMaxMs=0.004, gpuAvgMsPerMP=0.010
[11Aug2026 21:14:07.386] [Render thread/INFO] [Photonics/]: Photonics pass timing v73: group=restir handheld, passes=[handheld], viewport=854x480, megapixels=0.410, cpuInvocations=299, cpuSubmitAvgMs=0.007, cpuSubmitMaxMs=0.020, gpuSamples=75, gpuAvgMs=0.006, gpuMaxMs=0.028, gpuAvgMsPerMP=0.015
[11Aug2026 21:14:08.270] [Render thread/INFO] [Photonics/]: Photonics direct reservoir sample v64: samples=120, populated=6, emptyOrBackground=28, visibilityRejected=86, invalid=0, overLegacyCap=0, overTemporalCap=0, totalSamplesRange=32.0..128.0, viewport=854x480
[11Aug2026 21:14:09.599] [Server thread/INFO] [net.minecraft.client.server.IntegratedServer/]: Saving and pausing game...
[11Aug2026 21:14:09.604] [Server thread/INFO] [net.minecraft.server.MinecraftServer/]: Saving chunks for level 'ServerLevel[New World1]'/minecraft:overworld
[11Aug2026 21:14:09.604] [Server thread/INFO] [dev.ryanhcode.sable.Sable/]: Saving sub-levels for level 'ServerLevel[New World1]'/minecraft:overworld
[11Aug2026 21:14:09.606] [Server thread/INFO] [net.minecraft.server.MinecraftServer/]: Saving chunks for level 'ServerLevel[New World1]'/minecraft:the_end
[11Aug2026 21:14:09.606] [Server thread/INFO] [dev.ryanhcode.sable.Sable/]: Saving sub-levels for level 'ServerLevel[New World1]'/minecraft:the_end
[11Aug2026 21:14:09.606] [Server thread/INFO] [net.minecraft.server.MinecraftServer/]: Saving chunks for level 'ServerLevel[New World1]'/minecraft:the_nether
[11Aug2026 21:14:09.606] [Server thread/INFO] [dev.ryanhcode.sable.Sable/]: Saving sub-levels for level 'ServerLevel[New World1]'/minecraft:the_nether
[11Aug2026 21:14:12.969] [Render thread/INFO] [Photonics/]: Photonics pass timing v73: group=frag data, passes=[frag data], viewport=854x480, megapixels=0.410, cpuInvocations=274, cpuSubmitAvgMs=0.030, cpuSubmitMaxMs=0.078, gpuSamples=68, gpuAvgMs=0.025, gpuMaxMs=0.026, gpuAvgMsPerMP=0.060
[11Aug2026 21:14:12.969] [Render thread/INFO] [Photonics/]: Photonics frame throughput v78: viewport=854x480, windowSeconds=5.584, renderedFrames=274, fps=49.071, frameAvgMs=20.379
[11Aug2026 21:14:12.970] [Render thread/INFO] [Photonics/]: Photonics pass timing v73: group=restir direct, passes=[initial direct + visibility], viewport=854x480, megapixels=0.410, cpuInvocations=274, cpuSubmitAvgMs=0.017, cpuSubmitMaxMs=0.066, gpuSamples=68, gpuAvgMs=0.166, gpuMaxMs=0.171, gpuAvgMsPerMP=0.405
[11Aug2026 21:14:12.970] [Render thread/INFO] [Photonics/]: Photonics pass timing v73: group=restir gi initial, passes=[initial indirect], viewport=854x480, megapixels=0.410, cpuInvocations=274, cpuSubmitAvgMs=0.009, cpuSubmitMaxMs=0.032, gpuSamples=68, gpuAvgMs=0.132, gpuMaxMs=0.139, gpuAvgMsPerMP=0.321
[11Aug2026 21:14:12.970] [Render thread/INFO] [Photonics/]: Photonics pass timing v73: group=restir temporal, passes=[temporal reuse + tri-state GI classification], viewport=854x480, megapixels=0.410, cpuInvocations=274, cpuSubmitAvgMs=0.010, cpuSubmitMaxMs=0.025, gpuSamples=68, gpuAvgMs=0.125, gpuMaxMs=0.144, gpuAvgMsPerMP=0.305
[11Aug2026 21:14:12.970] [Render thread/INFO] [Photonics/]: Photonics pass timing v73: group=restir spatial, passes=[spatial reuse/clamp + tri-state GI classification], viewport=854x480, megapixels=0.410, cpuInvocations=274, cpuSubmitAvgMs=0.008, cpuSubmitMaxMs=0.030, gpuSamples=68, gpuAvgMs=0.038, gpuMaxMs=0.040, gpuAvgMsPerMP=0.093
[11Aug2026 21:14:12.970] [Render thread/INFO] [Photonics/]: Photonics pass timing v73: group=restir diffuse, passes=[diffuse], viewport=854x480, megapixels=0.410, cpuInvocations=274, cpuSubmitAvgMs=0.007, cpuSubmitMaxMs=0.020, gpuSamples=68, gpuAvgMs=0.125, gpuMaxMs=0.138, gpuAvgMsPerMP=0.305
[11Aug2026 21:14:12.970] [Render thread/INFO] [Photonics/]: Photonics pass timing v73: group=restir accumulation, passes=[accumulation], viewport=854x480, megapixels=0.410, cpuInvocations=274, cpuSubmitAvgMs=0.011, cpuSubmitMaxMs=0.055, gpuSamples=68, gpuAvgMs=0.146, gpuMaxMs=0.194, gpuAvgMsPerMP=0.357
[11Aug2026 21:14:12.970] [Render thread/INFO] [Photonics/]: Photonics pass timing v73: group=svgf variance, passes=[variance prefilter], viewport=854x480, megapixels=0.410, cpuInvocations=274, cpuSubmitAvgMs=0.006, cpuSubmitMaxMs=0.024, gpuSamples=68, gpuAvgMs=0.154, gpuMaxMs=0.202, gpuAvgMsPerMP=0.375
[11Aug2026 21:14:12.970] [Render thread/INFO] [Photonics/]: Photonics pass timing v73: group=svgf atrous, passes=[atrous iteration], viewport=854x480, megapixels=0.410, cpuInvocations=1370, cpuSubmitAvgMs=0.003, cpuSubmitMaxMs=0.014, gpuSamples=342, gpuAvgMs=0.077, gpuMaxMs=0.128, gpuAvgMsPerMP=0.187
[11Aug2026 21:14:12.970] [Render thread/INFO] [Photonics/]: Photonics pass timing v73: group=restir local, passes=[exact local direct], viewport=854x480, megapixels=0.410, cpuInvocations=274, cpuSubmitAvgMs=0.009, cpuSubmitMaxMs=0.019, gpuSamples=68, gpuAvgMs=0.004, gpuMaxMs=0.004, gpuAvgMsPerMP=0.010
[11Aug2026 21:14:12.970] [Render thread/INFO] [Photonics/]: Photonics pass timing v73: group=restir handheld, passes=[handheld], viewport=854x480, megapixels=0.410, cpuInvocations=274, cpuSubmitAvgMs=0.008, cpuSubmitMaxMs=0.023, gpuSamples=68, gpuAvgMs=0.006, gpuMaxMs=0.026, gpuAvgMsPerMP=0.015
[11Aug2026 21:14:24.982] [Render thread/INFO] [Photonics/]: Photonics pass timing v73: group=svgf atrous, passes=[atrous iteration], viewport=854x480, megapixels=0.410, cpuInvocations=60, cpuSubmitAvgMs=0.003, cpuSubmitMaxMs=0.006, gpuSamples=15, gpuAvgMs=0.075, gpuMaxMs=0.078, gpuAvgMsPerMP=0.183
[11Aug2026 21:14:25.873] [Netty Local Client IO #1/INFO] [dev.ryanhcode.sable.Sable/]: Client UDP channel inactive
[11Aug2026 21:14:25.874] [Netty Local Client IO #1/INFO] [dev.ryanhcode.sable.Sable/]: Closed UDP channel!
[11Aug2026 21:14:25.874] [Render thread/INFO] [DistantHorizons-DistantHorizons-com.seibel.distanthorizons.core.api.internal.ClientApi/]: Client on ClientOnly mode disconnecting.
[11Aug2026 21:14:25.875] [level shutdown/INFO] [DistantHorizons-DistantHorizons-com.seibel.distanthorizons.core.generation.queues.WorldGenerationQueue/]: Closing world gen queue
[11Aug2026 21:14:25.875] [level shutdown/INFO] [DistantHorizons-DistantHorizons-com.seibel.distanthorizons.core.generation.queues.WorldGenerationQueue/]: Closing world gen queue
[11Aug2026 21:14:25.875] [level shutdown/INFO] [DistantHorizons-DistantHorizons-com.seibel.distanthorizons.core.generation.queues.WorldGenerationQueue/]: Closing world gen queue
[11Aug2026 21:14:25.875] [level shutdown/INFO] [DistantHorizons-DistantHorizons-com.seibel.distanthorizons.core.generation.queues.WorldGenerationQueue/]: Closing WorldGenerationQueue...
[11Aug2026 21:14:25.875] [level shutdown/INFO] [DistantHorizons-DistantHorizons-com.seibel.distanthorizons.core.generation.queues.WorldGenerationQueue/]: Closing WorldGenerationQueue...
[11Aug2026 21:14:25.875] [level shutdown/INFO] [DistantHorizons-DistantHorizons-com.seibel.distanthorizons.core.generation.queues.WorldGenerationQueue/]: Closing WorldGenerationQueue...
[11Aug2026 21:14:25.875] [level shutdown/INFO] [DistantHorizons-DistantHorizons-com.seibel.distanthorizons.core.generation.queues.WorldGenerationQueue/]: Shutting down world generator thread pool...
[11Aug2026 21:14:25.875] [level shutdown/INFO] [DistantHorizons-DistantHorizons-com.seibel.distanthorizons.core.generation.queues.WorldGenerationQueue/]: Shutting down world generator thread pool...
[11Aug2026 21:14:25.875] [level shutdown/INFO] [DistantHorizons-DistantHorizons-com.seibel.distanthorizons.core.generation.queues.WorldGenerationQueue/]: Shutting down world generator thread pool...
[11Aug2026 21:14:25.875] [level shutdown/INFO] [DistantHorizons-DistantHorizons-com.seibel.distanthorizons.core.generation.queues.WorldGenerationQueue/]: World generator thread pool shutdown with [0] incomplete tasks.
[11Aug2026 21:14:25.875] [level shutdown/INFO] [DistantHorizons-DistantHorizons-com.seibel.distanthorizons.core.generation.queues.WorldGenerationQueue/]: World generator thread pool shutdown with [0] incomplete tasks.
[11Aug2026 21:14:25.875] [level shutdown/INFO] [DistantHorizons-DistantHorizons-com.seibel.distanthorizons.core.generation.queues.WorldGenerationQueue/]: World generator thread pool shutdown with [0] incomplete tasks.
[11Aug2026 21:14:25.876] [level shutdown/INFO] [DistantHorizons-DistantHorizons-com.seibel.distanthorizons.core.generation.BatchGenerator/]: [BatchGenerator] shutting down...
[11Aug2026 21:14:25.876] [level shutdown/INFO] [DistantHorizons-DistantHorizons-com.seibel.distanthorizons.core.generation.BatchGenerator/]: [BatchGenerator] shutting down...
[11Aug2026 21:14:25.876] [level shutdown/INFO] [DistantHorizons-DistantHorizons-com.seibel.distanthorizons.core.generation.BatchGenerator/]: [BatchGenerator] shutting down...
[11Aug2026 21:14:25.876] [level shutdown/INFO] [DistantHorizons-LOD World Gen/]: Closing [BatchGenerationEnvironment_neoforge]
[11Aug2026 21:14:25.876] [level shutdown/INFO] [DistantHorizons-LOD World Gen/]: Closing [BatchGenerationEnvironment_neoforge]
[11Aug2026 21:14:25.876] [level shutdown/INFO] [DistantHorizons-LOD World Gen/]: Closing [BatchGenerationEnvironment_neoforge]
[11Aug2026 21:14:25.876] [level shutdown/INFO] [DistantHorizons-DistantHorizons-com.seibel.distanthorizons.core.generation.queues.WorldGenerationQueue/]: Finished closing WorldGenerationQueue
[11Aug2026 21:14:25.876] [level shutdown/INFO] [DistantHorizons-DistantHorizons-com.seibel.distanthorizons.core.generation.queues.WorldGenerationQueue/]: Finished closing WorldGenerationQueue
[11Aug2026 21:14:25.876] [level shutdown/INFO] [DistantHorizons-DistantHorizons-com.seibel.distanthorizons.core.generation.queues.WorldGenerationQueue/]: Finished closing WorldGenerationQueue
[11Aug2026 21:14:25.876] [level shutdown/INFO] [DistantHorizons-DistantHorizons-com.seibel.distanthorizons.core.level.AbstractDhServerLevel/]: Closed DHLevel for [Wrapped{ServerLevel[New World1]@minecraft:overworld}].
[11Aug2026 21:14:25.876] [level shutdown/INFO] [DistantHorizons-DistantHorizons-com.seibel.distanthorizons.core.level.AbstractDhServerLevel/]: Closed DHLevel for [Wrapped{ServerLevel[New World1]@minecraft:the_end}].
[11Aug2026 21:14:25.876] [level shutdown/INFO] [DistantHorizons-DistantHorizons-com.seibel.distanthorizons.core.level.AbstractDhServerLevel/]: Closed DHLevel for [Wrapped{ServerLevel[New World1]@minecraft:the_nether}].
[11Aug2026 21:14:25.876] [level shutdown/INFO] [DistantHorizons-DistantHorizons-com.seibel.distanthorizons.core.level.AbstractDhServerLevel/]: Closed DhClientServerLevel for Wrapped{ServerLevel[New World1]@minecraft:overworld}
[11Aug2026 21:14:25.876] [level shutdown/INFO] [DistantHorizons-DistantHorizons-com.seibel.distanthorizons.core.level.AbstractDhServerLevel/]: Closed DhClientServerLevel for Wrapped{ServerLevel[New World1]@minecraft:the_nether}
[11Aug2026 21:14:25.876] [level shutdown/INFO] [DistantHorizons-DistantHorizons-com.seibel.distanthorizons.core.level.AbstractDhServerLevel/]: Closed DhClientServerLevel for Wrapped{ServerLevel[New World1]@minecraft:the_end}
[11Aug2026 21:14:25.876] [Render thread/INFO] [DistantHorizons-DistantHorizons-com.seibel.distanthorizons.core.world.AbstractDhWorld/]: Closed DhWorld of type [CLIENT_SERVER].
[11Aug2026 21:14:25.876] [level shutdown/INFO] [DistantHorizons-DistantHorizons-com.seibel.distanthorizons.core.level.AbstractDhServerLevel/]: Closed DHLevel for [Wrapped{ServerLevel[New World1]@minecraft:overworld}].
[11Aug2026 21:14:25.876] [level shutdown/INFO] [DistantHorizons-DistantHorizons-com.seibel.distanthorizons.core.level.AbstractDhServerLevel/]: Closed DHLevel for [Wrapped{ServerLevel[New World1]@minecraft:the_nether}].
[11Aug2026 21:14:25.876] [level shutdown/INFO] [DistantHorizons-DistantHorizons-com.seibel.distanthorizons.core.level.AbstractDhServerLevel/]: Closed DhClientServerLevel for Wrapped{ServerLevel[New World1]@minecraft:overworld}
[11Aug2026 21:14:25.876] [level shutdown/INFO] [DistantHorizons-DistantHorizons-com.seibel.distanthorizons.core.level.AbstractDhServerLevel/]: Closed DHLevel for [Wrapped{ServerLevel[New World1]@minecraft:the_end}].
[11Aug2026 21:14:25.876] [level shutdown/INFO] [DistantHorizons-DistantHorizons-com.seibel.distanthorizons.core.level.AbstractDhServerLevel/]: Closed DhClientServerLevel for Wrapped{ServerLevel[New World1]@minecraft:the_nether}
[11Aug2026 21:14:25.876] [level shutdown/INFO] [DistantHorizons-DistantHorizons-com.seibel.distanthorizons.core.level.AbstractDhServerLevel/]: Closed DhClientServerLevel for Wrapped{ServerLevel[New World1]@minecraft:the_end}
[11Aug2026 21:14:25.876] [Render thread/INFO] [DistantHorizons-DistantHorizons-com.seibel.distanthorizons.core.world.AbstractDhWorld/]: Closed DhWorld of type [CLIENT_SERVER].
[11Aug2026 21:14:25.876] [Render thread/INFO] [DistantHorizons-DistantHorizons-com.seibel.distanthorizons.core.util.threading.PriorityTaskPicker/]: Shutting down PriorityTaskPicker thread pool...
[11Aug2026 21:14:28.448] [Render thread/INFO] [DistantHorizons-DistantHorizons-com.seibel.distanthorizons.core.sql.repo.AbstractDhRepo/]: Closing all [3] database connections...
[11Aug2026 21:14:28.448] [Render thread/INFO] [DistantHorizons-DistantHorizons-com.seibel.distanthorizons.core.sql.repo.AbstractDhRepo/]: Closing database connection: [jdbc:dh_sqlite:/home/krzysztofkalisiak/.local/share/ModrinthApp/profiles/Create Aeronautics (1)/saves/New World1/data/DistantHorizons.sqlite]
[11Aug2026 21:14:28.452] [Render thread/INFO] [DistantHorizons-DistantHorizons-com.seibel.distanthorizons.core.sql.repo.AbstractDhRepo/]: Closing database connection: [jdbc:dh_sqlite:/home/krzysztofkalisiak/.local/share/ModrinthApp/profiles/Create Aeronautics (1)/saves/New World1/DIM-1/data/DistantHorizons.sqlite]
[11Aug2026 21:14:28.452] [Render thread/INFO] [DistantHorizons-DistantHorizons-com.seibel.distanthorizons.core.sql.repo.AbstractDhRepo/]: Closing database connection: [jdbc:dh_sqlite:/home/krzysztofkalisiak/.local/share/ModrinthApp/profiles/Create Aeronautics (1)/saves/New World1/DIM1/data/DistantHorizons.sqlite]
[11Aug2026 21:14:28.699] [Render thread/INFO] [xaero.hud.minimap.MinimapLogs/]: Xaero hud session finalized.
[11Aug2026 21:14:28.752] [Server thread/INFO] [net.minecraft.server.network.ServerGamePacketListenerImpl/]: Eutio lost connection: Disconnected
[11Aug2026 21:14:28.752] [Server thread/INFO] [net.minecraft.server.MinecraftServer/]: Eutio left the game
[11Aug2026 21:14:28.753] [Server thread/INFO] [DistantHorizons-DistantHorizons-com.seibel.distanthorizons.core.api.internal.ServerApi/]: Player [Eutio] disconnected.
[11Aug2026 21:14:28.760] [Server thread/INFO] [net.minecraft.server.network.ServerCommonPacketListenerImpl/]: Stopping singleplayer server as player logged out
[11Aug2026 21:14:28.799] [Server thread/INFO] [net.minecraft.server.MinecraftServer/]: Stopping server
[11Aug2026 21:14:28.800] [Server thread/INFO] [net.minecraft.server.MinecraftServer/]: Saving players
[11Aug2026 21:14:28.800] [Server thread/INFO] [net.minecraft.server.MinecraftServer/]: Saving worlds
[11Aug2026 21:14:28.823] [Server thread/INFO] [net.minecraft.server.MinecraftServer/]: Saving chunks for level 'ServerLevel[New World1]'/minecraft:overworld
[11Aug2026 21:14:28.823] [Server thread/INFO] [dev.ryanhcode.sable.Sable/]: Saving sub-levels for level 'ServerLevel[New World1]'/minecraft:overworld
[11Aug2026 21:14:28.833] [Server thread/INFO] [net.minecraft.server.MinecraftServer/]: Saving chunks for level 'ServerLevel[New World1]'/minecraft:the_end
[11Aug2026 21:14:28.833] [Server thread/INFO] [dev.ryanhcode.sable.Sable/]: Saving sub-levels for level 'ServerLevel[New World1]'/minecraft:the_end
[11Aug2026 21:14:28.836] [Server thread/INFO] [net.minecraft.server.MinecraftServer/]: Saving chunks for level 'ServerLevel[New World1]'/minecraft:the_nether
[11Aug2026 21:14:28.836] [Server thread/INFO] [dev.ryanhcode.sable.Sable/]: Saving sub-levels for level 'ServerLevel[New World1]'/minecraft:the_nether
[11Aug2026 21:14:28.843] [Server thread/INFO] [net.minecraft.server.MinecraftServer/]: ThreadedAnvilChunkStorage (New World1): All chunks are saved
[11Aug2026 21:14:28.843] [Server thread/INFO] [net.minecraft.server.MinecraftServer/]: ThreadedAnvilChunkStorage (DIM1): All chunks are saved
[11Aug2026 21:14:28.843] [Server thread/INFO] [net.minecraft.server.MinecraftServer/]: ThreadedAnvilChunkStorage (DIM-1): All chunks are saved
[11Aug2026 21:14:28.843] [Server thread/INFO] [net.minecraft.server.MinecraftServer/]: ThreadedAnvilChunkStorage: All dimensions are saved
[11Aug2026 21:14:29.707] [Render thread/INFO] [ChunkBuilder/]: Stopping worker threads
[11Aug2026 21:14:33.633] [Render thread/INFO] [net.minecraft.client.Minecraft/]: Stopping!
