[22:50:15] [main/INFO]: ModLauncher running: args [--username, Eutio, --version, 1.21.1, --gameDir, /home/krzysztofkalisiak/.local/share/ModrinthApp/profiles/Create Aeronautics (1), --assetsDir, /home/krzysztofkalisiak/.local/share/ModrinthApp/meta/assets, --assetIndex, 17, --uuid, daa1735b3ea84b2a94748a7aa356e30b, --accessToken, ❄❄❄❄❄❄❄❄, --clientId, c4502edb-87c6-40cb-b595-64a280cf8906, --xuid, 0, --userType, msa, --versionType, release, --width, 854, --height, 480, --fml.neoForgeVersion, 21.1.235, --fml.fmlVersion, 4.0.42, --fml.mcVersion, 1.21.1, --fml.neoFormVersion, 20240808.144430, --launchTarget, forgeclient]
[22:50:15] [main/INFO]: JVM identified as Azul Systems, Inc. OpenJDK 64-Bit Server VM 21.0.9+10-LTS
[22:50:15] [main/INFO]: ModLauncher 11.0.5+main.901c6ea8 starting: java version 21.0.9 by Azul Systems, Inc.; OS Linux arch amd64 version 7.0.0-29-generic
[22:50:15] [main/INFO]: Searching for graphics cards...
[22:50:15] [main/INFO]: Found graphics adapter: LinuxPciAdapterInfo[vendor=AMD, name=Navi 31 [Radeon RX 7900 XT/7900 XTX/7900 GRE/7900M], pciVendorId=0x1002, pciDeviceId=0x744c]
[22:50:15] [main/WARN]: Sodium has applied one or more workarounds to prevent crashes or other issues on your system: [NO_ERROR_CONTEXT_UNSUPPORTED]
[22:50:15] [main/WARN]: This is not necessarily an issue, but it may result in certain features or optimizations being disabled. You can sometimes fix these issues by upgrading your graphics driver.
[22:50:15] [main/INFO]: Loading ImmediateWindowProvider fmlearlywindow
[22:50:15] [main/INFO]: Trying GL version 4.6
[22:50:15] [main/INFO]: Requested GL version 4.6 got version 4.6
[22:50:15] [pool-2-thread-1/INFO]: GL info: AMD Radeon RX 7900 GRE (radeonsi, navi31, ACO, DRM 3.64, 7.0.0-29-generic) GL version 4.6 (Core Profile) Mesa 26.1.2 - kisak-mesa PPA, AMD
[22:50:15] [main/INFO]: SpongePowered MIXIN Subsystem Version=0.8.7 Source=union:/home/krzysztofkalisiak/.local/share/ModrinthApp/meta/libraries/net/fabricmc/sponge-mixin/0.15.2+mixin.0.8.7/sponge-mixin-0.15.2+mixin.0.8.7.jar%23170!/ Service=ModLauncher Env=CLIENT
[22:50:15] [main/INFO]: Found mod file "client-1.21.1-20240808.144430-srg.jar" [locator: production client provider +net.neoforged:neoforge:21.1.235:client]
[22:50:15] [main/INFO]: Found mod file "neoforge-21.1.235-universal.jar" [locator: PathBasedLocator[name=neoforge, paths=[/home/krzysztofkalisiak/.local/share/ModrinthApp/meta/libraries/net/neoforged/neoforge/21.1.235/neoforge-21.1.235-universal.jar]], reader: mod manifest]
[22:50:15] [main/INFO]: Found mod file "net.caffeinemc.sodium-neoforge-0.8.12+mc1.21.1-mod.jar" [locator: net.caffeinemc.mods.sodium.service.SodiumServiceModLocator@22175d4f, reader: mod manifest]
[22:50:15] [main/INFO]: Found mod file "fabric-rendering-data-attachment-v1-0.3.48+73761d2e19.jar" [locator: net.caffeinemc.mods.sodium.service.SodiumServiceModLocator@22175d4f, reader: mod manifest]
[22:50:15] [main/INFO]: Found mod file "fabric-renderer-api-v1-3.4.1+9125b6dc19.jar" [locator: net.caffeinemc.mods.sodium.service.SodiumServiceModLocator@22175d4f, reader: mod manifest]
[22:50:15] [main/INFO]: Found mod file "fabric-block-view-api-v2-1.0.10+9afaaf8c19.jar" [locator: net.caffeinemc.mods.sodium.service.SodiumServiceModLocator@22175d4f, reader: mod manifest]
[22:50:15] [main/INFO]: Found mod file "fabric-api-base-0.4.42+d1308ded19.jar" [locator: net.caffeinemc.mods.sodium.service.SodiumServiceModLocator@22175d4f, reader: mod manifest]
[22:50:15] [main/INFO]: Found library file "~nonexistent" [locator: org.sinytra.connector.locator.ConnectorEarlyLocatorBootstrap@5c84624f]
[22:50:15] [main/INFO]: Found mod file "contraption-lights-neoforge-1.21.1-1.2.0.jar" [locator: {mods folder locator at /home/krzysztofkalisiak/.local/share/ModrinthApp/profiles/Create Aeronautics (1)/mods}, reader: mod manifest]
[22:50:15] [main/INFO]: Found mod file "create-1.21.1-6.0.10.jar" [locator: {mods folder locator at /home/krzysztofkalisiak/.local/share/ModrinthApp/profiles/Create Aeronautics (1)/mods}, reader: mod manifest]
[22:50:15] [main/INFO]: Found mod file "create-aeronautics-bundled-1.21.1-1.3.0.jar" [locator: {mods folder locator at /home/krzysztofkalisiak/.local/share/ModrinthApp/profiles/Create Aeronautics (1)/mods}, reader: mod manifest]
[22:50:15] [main/INFO]: Found mod file "DistantHorizons-3.2.0-b-1.21.1-fabric-neoforge.jar" [locator: {mods folder locator at /home/krzysztofkalisiak/.local/share/ModrinthApp/profiles/Create Aeronautics (1)/mods}, reader: mod manifest]
[22:50:15] [main/INFO]: Found mod file "entityculling-neoforge-1.10.5-mc1.21.1.jar" [locator: {mods folder locator at /home/krzysztofkalisiak/.local/share/ModrinthApp/profiles/Create Aeronautics (1)/mods}, reader: mod manifest]
[22:50:15] [main/INFO]: Found mod file "ferritecore-7.0.3-neoforge.jar" [locator: {mods folder locator at /home/krzysztofkalisiak/.local/share/ModrinthApp/profiles/Create Aeronautics (1)/mods}, reader: mod manifest]
[22:50:15] [main/INFO]: Found mod file "forgified-fabric-api-0.116.14+2.3.0+1.21.1.jar" [locator: {mods folder locator at /home/krzysztofkalisiak/.local/share/ModrinthApp/profiles/Create Aeronautics (1)/mods}, reader: mod manifest]
[22:50:15] [main/INFO]: Found mod file "ImmediatelyFast-NeoForge-1.6.11+1.21.1.jar" [locator: {mods folder locator at /home/krzysztofkalisiak/.local/share/ModrinthApp/profiles/Create Aeronautics (1)/mods}, reader: mod manifest]
[22:50:15] [main/INFO]: Found mod file "iris-neoforge-1.8.14-beta.1+mc1.21.1.jar" [locator: {mods folder locator at /home/krzysztofkalisiak/.local/share/ModrinthApp/profiles/Create Aeronautics (1)/mods}, reader: mod manifest]
[22:50:15] [main/INFO]: Found mod file "irisveil-0.3.0.jar" [locator: {mods folder locator at /home/krzysztofkalisiak/.local/share/ModrinthApp/profiles/Create Aeronautics (1)/mods}, reader: mod manifest]
[22:50:15] [main/INFO]: Found mod file "lithium-neoforge-0.15.4+mc1.21.1.jar" [locator: {mods folder locator at /home/krzysztofkalisiak/.local/share/ModrinthApp/profiles/Create Aeronautics (1)/mods}, reader: mod manifest]
[22:50:15] [main/WARN]: Skipping jar. File mods/photonics-0.4.0-fabric+MC-1.21.1.jar is a Fabric mod and cannot be loaded
[22:50:15] [main/INFO]: Found mod file "sable-neoforge-1.21.1-2.0.3.jar" [locator: {mods folder locator at /home/krzysztofkalisiak/.local/share/ModrinthApp/profiles/Create Aeronautics (1)/mods}, reader: mod manifest]
[22:50:15] [main/INFO]: Found mod file "searchlights-1.3.1.jar" [locator: {mods folder locator at /home/krzysztofkalisiak/.local/share/ModrinthApp/profiles/Create Aeronautics (1)/mods}, reader: mod manifest]
[22:50:15] [main/INFO]: Found mod file "simulatedcoasters-0.1.1.jar" [locator: {mods folder locator at /home/krzysztofkalisiak/.local/share/ModrinthApp/profiles/Create Aeronautics (1)/mods}, reader: mod manifest]
[22:50:15] [main/INFO]: Found mod file "simurail-1.21.1-0.0.0-a+b18d457.jar" [locator: {mods folder locator at /home/krzysztofkalisiak/.local/share/ModrinthApp/profiles/Create Aeronautics (1)/mods}, reader: mod manifest]
[22:50:15] [main/INFO]: Found mod file "xaerominimap-neoforge-1.21.1-26.4.2.jar" [locator: {mods folder locator at /home/krzysztofkalisiak/.local/share/ModrinthApp/profiles/Create Aeronautics (1)/mods}, reader: mod manifest]
[22:50:16] [main/WARN]: Attempted to select a dependency jar for JarJar which was passed in as source: fabric_renderer_api_v1. Using Mod File: 
[22:50:16] [main/WARN]: Attempted to select a dependency jar for JarJar which was passed in as source: fabric_block_view_api_v2. Using Mod File: 
[22:50:16] [main/WARN]: Attempted to select a dependency jar for JarJar which was passed in as source: library:net.fabricmc.loader. Using Mod File: /~nonexistent
[22:50:16] [main/WARN]: Attempted to select a dependency jar for JarJar which was passed in as source: fabric_api_base. Using Mod File: 
[22:50:16] [main/WARN]: Attempted to select a dependency jar for JarJar which was passed in as source: fabric_rendering_data_attachment_v1. Using Mod File: 
[22:50:16] [main/INFO]: Found 62 dependencies adding them to mods collection
[22:50:16] [main/INFO]: Found mod file "fabric-transfer-api-v1-5.4.4+6244b11119.jar" [parent: forgified-fabric-api-0.116.14+2.3.0+1.21.1.jar, locator: jarinjar, reader: mod manifest]
[22:50:16] [main/INFO]: Found library file "glsl-processor-0.2.3.jar" [parent: veil-neoforge-1.21.1-4.2.1.jar, locator: jarinjar]
[22:50:16] [main/INFO]: Found mod file "ponder-neoforge-1.0.82+mc1.21.1.jar" [parent: create-1.21.1-6.0.10.jar, locator: jarinjar, reader: mod manifest]
[22:50:16] [main/INFO]: Found mod file "fabric-item-api-v1-11.2.0+0c57911319.jar" [parent: forgified-fabric-api-0.116.14+2.3.0+1.21.1.jar, locator: jarinjar, reader: mod manifest]
[22:50:16] [main/INFO]: Found mod file "fabric-model-loading-api-v1-2.1.0+6e8f52c719.jar" [parent: forgified-fabric-api-0.116.14+2.3.0+1.21.1.jar, locator: jarinjar, reader: mod manifest]
[22:50:16] [main/INFO]: Found library file "net.neoforged.neoforge-coremods-21.1.235.jar" [parent: neoforge-21.1.235-universal.jar, locator: jarinjar, reader: mod manifest]
[22:50:16] [main/INFO]: Found mod file "fabric-rendering-fluids-v1-3.1.6+a51883b219.jar" [parent: forgified-fabric-api-0.116.14+2.3.0+1.21.1.jar, locator: jarinjar, reader: mod manifest]
[22:50:16] [main/INFO]: Found mod file "dev.eriksonn.aeronautics.aeronautics-neoforge-1.21.1-1.3.0.jar" [parent: create-aeronautics-bundled-1.21.1-1.3.0.jar, locator: jarinjar, reader: mod manifest]
[22:50:16] [main/INFO]: Found mod file "xaerolib-neoforge-1.21.1-1.7.1.jar" [parent: xaerominimap-neoforge-1.21.1-26.4.2.jar, locator: jarinjar, reader: mod manifest]
[22:50:16] [main/INFO]: Found mod file "fabric-screen-handler-api-v1-1.3.91+8dbc56dd19.jar" [parent: forgified-fabric-api-0.116.14+2.3.0+1.21.1.jar, locator: jarinjar, reader: mod manifest]
[22:50:16] [main/INFO]: Found mod file "fabric-resource-loader-v0-1.3.1+4ea8954419.jar" [parent: forgified-fabric-api-0.116.14+2.3.0+1.21.1.jar, locator: jarinjar, reader: mod manifest]
[22:50:16] [main/INFO]: Found mod file "TRender-1.0.15-1.21.1-neoforge-SNAPSHOT.jar" [parent: entityculling-neoforge-1.10.5-mc1.21.1.jar, locator: jarinjar, reader: mod manifest]
[22:50:16] [main/INFO]: Found gamelibrary file "yumi-commons-collections-1.0.0.jar" [parent: lambdynamiclights-api-4.8.8+1.21.1-mojmap.jar, locator: jarinjar, reader: mod manifest]
[22:50:16] [main/INFO]: Found mod file "fabric-rendering-v1-5.1.0+1a09bd5a19.jar" [parent: forgified-fabric-api-0.116.14+2.3.0+1.21.1.jar, locator: jarinjar, reader: mod manifest]
[22:50:16] [main/INFO]: Found mod file "fabric-renderer-indigo-1.7.1+9125b6dc19.jar" [parent: forgified-fabric-api-0.116.14+2.3.0+1.21.1.jar, locator: jarinjar, reader: mod manifest]
[22:50:16] [main/INFO]: Found mod file "fabric-convention-tags-v1-2.1.7+7f945d5b19.jar" [parent: forgified-fabric-api-0.116.14+2.3.0+1.21.1.jar, locator: jarinjar, reader: mod manifest]
[22:50:16] [main/INFO]: Found mod file "fabric-command-api-v2-2.2.28+36d727be19.jar" [parent: forgified-fabric-api-0.116.14+2.3.0+1.21.1.jar, locator: jarinjar, reader: mod manifest]
[22:50:16] [main/INFO]: Found mod file "fabric-convention-tags-v2-2.12.0+75d3639619.jar" [parent: forgified-fabric-api-0.116.14+2.3.0+1.21.1.jar, locator: jarinjar, reader: mod manifest]
[22:50:16] [main/INFO]: Found mod file "fabric-data-attachment-api-v1-1.4.7+26d408aa19.jar" [parent: forgified-fabric-api-0.116.14+2.3.0+1.21.1.jar, locator: jarinjar, reader: mod manifest]
[22:50:16] [main/INFO]: Found mod file "veil-neoforge-1.21.1-4.2.1.jar" [parent: searchlights-1.3.1.jar, locator: jarinjar, reader: mod manifest]
[22:50:16] [main/INFO]: Found mod file "dev.simulated_team.simulated.simulated-neoforge-1.21.1-1.3.0.jar" [parent: create-aeronautics-bundled-1.21.1-1.3.0.jar, locator: jarinjar, reader: mod manifest]
[22:50:16] [main/INFO]: Found gamelibrary file "yumi-commons-event-1.0.0.jar" [parent: lambdynamiclights-api-4.8.8+1.21.1-mojmap.jar, locator: jarinjar, reader: mod manifest]
[22:50:16] [main/INFO]: Found mod file "fabric-screen-api-v1-2.0.26+b4953c7419.jar" [parent: forgified-fabric-api-0.116.14+2.3.0+1.21.1.jar, locator: jarinjar, reader: mod manifest]
[22:50:16] [main/INFO]: Found library file "molang-compiler-3.1.1.19.jar" [parent: veil-neoforge-1.21.1-4.2.1.jar, locator: jarinjar]
[22:50:16] [main/INFO]: Found library file "Reflect-1.6.2.jar" [parent: ImmediatelyFast-NeoForge-1.6.11+1.21.1.jar, locator: jarinjar]
[22:50:16] [main/INFO]: Found mod file "fabric-particles-v1-4.0.2+824f924c19.jar" [parent: forgified-fabric-api-0.116.14+2.3.0+1.21.1.jar, locator: jarinjar, reader: mod manifest]
[22:50:16] [main/INFO]: Found mod file "fabric-content-registries-v0-8.0.19+5e0d320019.jar" [parent: forgified-fabric-api-0.116.14+2.3.0+1.21.1.jar, locator: jarinjar, reader: mod manifest]
[22:50:16] [main/INFO]: Found mod file "fabric-transitive-access-wideners-v1-6.2.0+6c854b6f19.jar" [parent: forgified-fabric-api-0.116.14+2.3.0+1.21.1.jar, locator: jarinjar, reader: mod manifest]
[22:50:16] [main/INFO]: Found mod file "dev.ryanhcode.offroad.offroad-neoforge-1.21.1-1.3.0.jar" [parent: create-aeronautics-bundled-1.21.1-1.3.0.jar, locator: jarinjar, reader: mod manifest]
[22:50:16] [main/INFO]: Found gamelibrary file "mixinextras-neoforge-0.5.3.jar" [parent: neoforge-21.1.235-universal.jar, locator: jarinjar, reader: mod manifest]
[22:50:16] [main/INFO]: Found gamelibrary file "yumi-commons-core-1.0.0.jar" [parent: lambdynamiclights-api-4.8.8+1.21.1-mojmap.jar, locator: jarinjar, reader: mod manifest]
[22:50:16] [main/INFO]: Found mod file "fabric-game-rule-api-v1-1.0.53+36d727be19.jar" [parent: forgified-fabric-api-0.116.14+2.3.0+1.21.1.jar, locator: jarinjar, reader: mod manifest]
[22:50:16] [main/INFO]: Found mod file "fabric-api-lookup-api-v1-1.6.72+6244b11119.jar" [parent: forgified-fabric-api-0.116.14+2.3.0+1.21.1.jar, locator: jarinjar, reader: mod manifest]
[22:50:16] [main/INFO]: Found mod file "fabric-blockrenderlayer-v1-1.1.52+c290471319.jar" [parent: forgified-fabric-api-0.116.14+2.3.0+1.21.1.jar, locator: jarinjar, reader: mod manifest]
[22:50:16] [main/INFO]: Found gamelibrary file "dev.ryanhcode.sable.sable-sable_rapier-1.21.1-2.0.3.jar" [parent: sable-neoforge-1.21.1-2.0.3.jar, locator: jarinjar, reader: mod manifest]
[22:50:16] [main/INFO]: Found mod file "fabric-block-api-v1-1.1.0+b0c22bb819.jar" [parent: forgified-fabric-api-0.116.14+2.3.0+1.21.1.jar, locator: jarinjar, reader: mod manifest]
[22:50:16] [main/INFO]: Found mod file "fabric-resource-conditions-api-v1-4.3.0+5bdd099819.jar" [parent: forgified-fabric-api-0.116.14+2.3.0+1.21.1.jar, locator: jarinjar, reader: mod manifest]
[22:50:16] [main/INFO]: Found library file "jcpp-1.4.14.jar" [parent: iris-neoforge-1.8.14-beta.1+mc1.21.1.jar, locator: jarinjar]
[22:50:16] [main/INFO]: Found library file "glsl-transformer-3.0.0-pre3.jar" [parent: iris-neoforge-1.8.14-beta.1+mc1.21.1.jar, locator: jarinjar]
[22:50:16] [main/INFO]: Found mod file "sable-companion-common-1.21.1-1.6.0.jar" [parent: searchlights-1.3.1.jar, locator: jarinjar, reader: mod manifest]
[22:50:16] [main/INFO]: Found mod file "flywheel-neoforge-1.21.1-1.0.6.jar" [parent: create-1.21.1-6.0.10.jar, locator: jarinjar, reader: mod manifest]
[22:50:16] [main/INFO]: Found mod file "fabric-item-group-api-v1-4.1.7+e324903319.jar" [parent: forgified-fabric-api-0.116.14+2.3.0+1.21.1.jar, locator: jarinjar, reader: mod manifest]
[22:50:16] [main/INFO]: Found mod file "fabric-gametest-api-v1-2.0.5+29f188ce19.jar" [parent: forgified-fabric-api-0.116.14+2.3.0+1.21.1.jar, locator: jarinjar, reader: mod manifest]
[22:50:16] [main/INFO]: Found mod file "fabric-biome-api-v1-13.0.31+1e62d33c19.jar" [parent: forgified-fabric-api-0.116.14+2.3.0+1.21.1.jar, locator: jarinjar, reader: mod manifest]
[22:50:16] [main/INFO]: Found mod file "fabric-entity-events-v1-1.8.0+e46a02ca19.jar" [parent: forgified-fabric-api-0.116.14+2.3.0+1.21.1.jar, locator: jarinjar, reader: mod manifest]
[22:50:16] [main/INFO]: Found mod file "fabric-registry-sync-v0-5.3.2+f9aace1619.jar" [parent: forgified-fabric-api-0.116.14+2.3.0+1.21.1.jar, locator: jarinjar, reader: mod manifest]
[22:50:16] [main/INFO]: Found mod file "lambdynamiclights-api-4.8.8+1.21.1-mojmap.jar" [parent: searchlights-1.3.1.jar, locator: jarinjar, reader: mod manifest]
[22:50:16] [main/INFO]: Found mod file "fabric-recipe-api-v1-5.0.16+59440bcc19.jar" [parent: forgified-fabric-api-0.116.14+2.3.0+1.21.1.jar, locator: jarinjar, reader: mod manifest]
[22:50:16] [main/INFO]: Found mod file "fabric-object-builder-api-v1-15.2.1+cc242efd19.jar" [parent: forgified-fabric-api-0.116.14+2.3.0+1.21.1.jar, locator: jarinjar, reader: mod manifest]
[22:50:16] [main/INFO]: Found mod file "fabric-loot-api-v2-3.0.15+a3ee712d19.jar" [parent: forgified-fabric-api-0.116.14+2.3.0+1.21.1.jar, locator: jarinjar, reader: mod manifest]
[22:50:16] [main/INFO]: Found mod file "fabric-loot-api-v3-1.0.3+333dfad919.jar" [parent: forgified-fabric-api-0.116.14+2.3.0+1.21.1.jar, locator: jarinjar, reader: mod manifest]
[22:50:16] [main/INFO]: Found mod file "TRansition-1.0.21-1.21.1-neoforge-SNAPSHOT.jar" [parent: entityculling-neoforge-1.10.5-mc1.21.1.jar, locator: jarinjar, reader: mod manifest]
[22:50:16] [main/INFO]: Found mod file "fabric-networking-api-v1-4.3.1+30a980d919.jar" [parent: forgified-fabric-api-0.116.14+2.3.0+1.21.1.jar, locator: jarinjar, reader: mod manifest]
[22:50:16] [main/INFO]: Found gamelibrary file "Registrate-MC1.21-1.3.0+67.jar" [parent: create-1.21.1-6.0.10.jar, locator: jarinjar, reader: mod manifest]
[22:50:16] [main/INFO]: Found mod file "fabric-sound-api-v1-1.0.23+10b84f8419.jar" [parent: forgified-fabric-api-0.116.14+2.3.0+1.21.1.jar, locator: jarinjar, reader: mod manifest]
[22:50:16] [main/INFO]: Found mod file "fabric-message-api-v1-6.0.14+6a754fce19.jar" [parent: forgified-fabric-api-0.116.14+2.3.0+1.21.1.jar, locator: jarinjar, reader: mod manifest]
[22:50:16] [main/INFO]: Found mod file "fabric-lifecycle-events-v1-2.6.0+e40d8add19.jar" [parent: forgified-fabric-api-0.116.14+2.3.0+1.21.1.jar, locator: jarinjar, reader: mod manifest]
[22:50:16] [main/INFO]: Found mod file "fabric-tag-api-v1-1.3.0+3e2bcb4b19.jar" [parent: forgified-fabric-api-0.116.14+2.3.0+1.21.1.jar, locator: jarinjar, reader: mod manifest]
[22:50:16] [main/INFO]: Found mod file "fabric-data-generation-api-v1-20.3.0+3e2bcb4b19.jar" [parent: forgified-fabric-api-0.116.14+2.3.0+1.21.1.jar, locator: jarinjar, reader: mod manifest]
[22:50:16] [main/INFO]: Found mod file "fabric-events-interaction-v0-0.7.14+86e0887119.jar" [parent: forgified-fabric-api-0.116.14+2.3.0+1.21.1.jar, locator: jarinjar, reader: mod manifest]
[22:50:16] [main/INFO]: Found mod file "fabric-key-binding-api-v1-1.0.47+62cc7ce119.jar" [parent: forgified-fabric-api-0.116.14+2.3.0+1.21.1.jar, locator: jarinjar, reader: mod manifest]
[22:50:16] [main/INFO]: Found mod file "fabric-client-tags-api-v1-1.2.0+5adff2d719.jar" [parent: forgified-fabric-api-0.116.14+2.3.0+1.21.1.jar, locator: jarinjar, reader: mod manifest]
[22:50:16] [main/INFO]: Dependency resolution found 1 candidates to load
[22:50:16] [main/INFO]: Found mod file "photonics-0.4.0-fabric+MC-1.21.1_mapped_moj_1.21.1.jar" [locator: org.sinytra.connector.locator.ConnectorLocator@76f10035]
[22:50:16] [main/INFO]: Found 2 dependencies adding them to mods collection
[22:50:16] [main/INFO]: Found mod file "org.sinytra.connector-2.0.0-beta.15+1.21.1-mod.jar" [parent: , locator: org.sinytra.connector.locator.ConnectorLocator@76f10035, reader: mod manifest]
[22:50:16] [main/INFO]: Found gamelibrary file "runtime-1.0.0+1.21.1.jar" [parent: , locator: org.sinytra.connector.locator.ConnectorLocator@76f10035, reader: mod manifest]
[22:50:16] [main/INFO]: 
     Mod List:
		Name Version (Mod Id)

		Contraption Lights 1.2.0 (contraptionlights)
		Create 6.0.10 (create)
		Create Aeronautics 1.3.0 (aeronautics)
		Create Aeronautics 1.3.0 (aeronautics_bundled)
		Create Offroad 1.3.0 (offroad)
		Create Simulated 1.3.0 (simulated)
		Create Simurail 0.0.0-a+b18d457 (simurail)
		Create: Coasters Simulated 0.1.1 (simulatedcoasters)
		Distant Horizons 3.2.0-b (distanthorizons)
		EntityCulling 1.10.5 (entityculling)
		Ferrite Core 7.0.3 (ferritecore)
		Flywheel 1.0.6 (flywheel)
		Forgified Fabric API 0.116.14+2.3.0+1.21.1 (fabric_api)
		Forgified Fabric API Base 0.4.42+d1308ded19 (fabric_api_base)
		Forgified Fabric API Lookup API (v1) 1.6.72+6244b11119 (fabric_api_lookup_api_v1)
		Forgified Fabric Biome API (v1) 13.0.31+1e62d33c19 (fabric_biome_api_v1)
		Forgified Fabric Block API (v1) 1.1.0+b0c22bb819 (fabric_block_api_v1)
		Forgified Fabric BlockRenderLayer Registration (v1) 1.1.52+c290471319 (fabric_blockrenderlayer_v1)
		Forgified Fabric BlockView API (v2) 1.0.10+9afaaf8c19 (fabric_block_view_api_v2)
		Forgified Fabric Client Tags 1.2.0+5adff2d719 (fabric_client_tags_api_v1)
		Forgified Fabric Command API (v2) 2.2.28+36d727be19 (fabric_command_api_v2)
		Forgified Fabric Content Registries (v0) 8.0.19+5e0d320019 (fabric_content_registries_v0)
		Forgified Fabric Convention Tags 2.1.7+7f945d5b19 (fabric_convention_tags_v1)
		Forgified Fabric Convention Tags (v2) 2.12.0+75d3639619 (fabric_convention_tags_v2)
		Forgified Fabric Data Attachment API (v1) 1.4.7+26d408aa19 (fabric_data_attachment_api_v1)
		Forgified Fabric Data Generation API (v1) 20.3.0+3e2bcb4b19 (fabric_data_generation_api_v1)
		Forgified Fabric Entity Events (v1) 1.8.0+e46a02ca19 (fabric_entity_events_v1)
		Forgified Fabric Events Interaction (v0) 0.7.14+86e0887119 (fabric_events_interaction_v0)
		Forgified Fabric Game Rule API (v1) 1.0.53+36d727be19 (fabric_game_rule_api_v1)
		Forgified Fabric Game Test API (v1) 2.0.5+29f188ce19 (fabric_gametest_api_v1)
		Forgified Fabric Item API (v1) 11.2.0+0c57911319 (fabric_item_api_v1)
		Forgified Fabric Item Group API (v1) 4.1.7+e324903319 (fabric_item_group_api_v1)
		Forgified Fabric Key Binding API (v1) 1.0.47+62cc7ce119 (fabric_key_binding_api_v1)
		Forgified Fabric Lifecycle Events (v1) 2.6.0+e40d8add19 (fabric_lifecycle_events_v1)
		Forgified Fabric Loot API (v2) 3.0.15+a3ee712d19 (fabric_loot_api_v2)
		Forgified Fabric Loot API (v3) 1.0.3+333dfad919 (fabric_loot_api_v3)
		Forgified Fabric Message API (v1) 6.0.14+6a754fce19 (fabric_message_api_v1)
		Forgified Fabric Model Loading API (v1) 2.1.0+6e8f52c719 (fabric_model_loading_api_v1)
		Forgified Fabric Networking API (v1) 4.3.1+30a980d919 (fabric_networking_api_v1)
		Forgified Fabric Object Builder API (v1) 15.2.1+cc242efd19 (fabric_object_builder_api_v1)
		Forgified Fabric Particles (v1) 4.0.2+824f924c19 (fabric_particles_v1)
		Forgified Fabric Recipe API (v1) 5.0.16+59440bcc19 (fabric_recipe_api_v1)
		Forgified Fabric Registry Sync (v0) 5.3.2+f9aace1619 (fabric_registry_sync_v0)
		Forgified Fabric Renderer - Indigo 1.7.1+9125b6dc19 (fabric_renderer_indigo)
		Forgified Fabric Renderer API (v1) 3.4.1+9125b6dc19 (fabric_renderer_api_v1)
		Forgified Fabric Rendering (v1) 5.1.0+1a09bd5a19 (fabric_rendering_v1)
		Forgified Fabric Rendering Data Attachment (v1) 0.3.48+73761d2e19 (fabric_rendering_data_attachment_v1)
		Forgified Fabric Rendering Fluids (v1) 3.1.6+a51883b219 (fabric_rendering_fluids_v1)
		Forgified Fabric Resource Conditions API (v1) 4.3.0+5bdd099819 (fabric_resource_conditions_api_v1)
		Forgified Fabric Resource Loader (v0) 1.3.1+4ea8954419 (fabric_resource_loader_v0)
		Forgified Fabric Screen API (v1) 2.0.26+b4953c7419 (fabric_screen_api_v1)
		Forgified Fabric Screen Handler API (v1) 1.3.91+8dbc56dd19 (fabric_screen_handler_api_v1)
		Forgified Fabric Sound API (v1) 1.0.23+10b84f8419 (fabric_sound_api_v1)
		Forgified Fabric Tag API (v1) 1.3.0+3e2bcb4b19 (fabric_tag_api_v1)
		Forgified Fabric Transfer API (v1) 5.4.4+6244b11119 (fabric_transfer_api_v1)
		Forgified Fabric Transitive Access Wideners (v1) 6.2.0+6c854b6f19 (fabric_transitive_access_wideners_v1)
		ImmediatelyFast 1.6.11+1.21.1 (immediatelyfast)
		Iris 1.8.14-beta.1+mc1.21.1 (iris)
		Iris Veil Compat 0.3.0 (irisveil)
		LambDynamicLights (API) 4.8.8+1.21.1 (lambdynlights_api)
		Lithium 0.15.4+mc1.21.1 (lithium)
		Minecraft 1.21.1 (minecraft)
		NeoForge 21.1.235 (neoforge)
		Photonics 0.4.0_1.21.1 (photonics)
		Ponder 1.0.82+mc1.21.1 (ponder)
		Sable 2.0.3 (sable)
		Sable Companion 1.6.0 (sablecompanion)
		SearchLights 1.3.1 (searchlights)
		Sinytra Connector 2.0.0-beta.15+1.21.1 (connector)
		Sodium 0.8.12+mc1.21.1 (sodium)
		TRansition 1.0.21 (transition)
		TRender 1.0.15 (trender)
		Veil 4.2.1 (veil)
		Xaero's Minimap 26.4.2 (xaerominimap)
		XaeroLib 1.7.1 (xaerolib)
[22:50:16] [main/INFO]: Successfully made module authlib transformable
[22:50:16] [main/INFO]: Successfully made module brigadier transformable
[22:50:16] [main/INFO]: Loading coremod script-engine for [xaerominimap]
[22:50:17] [main/INFO]: Compatibility level set to JAVA_17
[22:50:17] [main/INFO]: Compatibility level set to JAVA_21
[22:50:17] [main/INFO]: Launching target 'forgeclient' with arguments [--version, 1.21.1, --gameDir, /home/krzysztofkalisiak/.local/share/ModrinthApp/profiles/Create Aeronautics (1), --assetsDir, /home/krzysztofkalisiak/.local/share/ModrinthApp/meta/assets, --uuid, daa1735b3ea84b2a94748a7aa356e30b, --username, Eutio, --assetIndex, 17, --accessToken, ❄❄❄❄❄❄❄❄, --clientId, c4502edb-87c6-40cb-b595-64a280cf8906, --xuid, 0, --userType, msa, --versionType, release, --width, 854, --height, 480]
[22:50:17] [main/INFO]: Option 'mixin.experimental.entity.block_caching.suffocation' requires 'mixin.util.block_tracking=true' but found 'false'. Setting 'mixin.experimental.entity.block_caching.suffocation=false'.
[22:50:17] [main/INFO]: Option 'mixin.experimental.entity.block_caching.block_support' requires 'mixin.util.block_tracking=true' but found 'false'. Setting 'mixin.experimental.entity.block_caching.block_support=false'.
[22:50:17] [main/INFO]: Option 'mixin.experimental.entity.block_caching.block_touching' requires 'mixin.util.block_tracking=true' but found 'false'. Setting 'mixin.experimental.entity.block_caching.block_touching=false'.
[22:50:17] [main/INFO]: Option 'mixin.experimental.entity.block_caching' requires 'mixin.util.block_tracking=true' but found 'false'. Setting 'mixin.experimental.entity.block_caching=false'.
[22:50:17] [main/INFO]: Loaded configuration file for Lithium: 148 options available, 4 override(s) found
[22:50:17] [main/WARN]: Reference map 'aeronautics.refmap.json' for aeronautics.mixins.json could not be read. If this is a development environment you can ignore this message
[22:50:17] [main/WARN]: Reference map 'xaerolib.refmap.json' for xaerolib.mixins.json could not be read. If this is a development environment you can ignore this message
[22:50:17] [main/WARN]: Reference map 'iris.refmap.json' for mixins.iris.json could not be read. If this is a development environment you can ignore this message
[22:50:17] [main/WARN]: Reference map 'iris.refmap.json' for mixins.iris.fantastic.json could not be read. If this is a development environment you can ignore this message
[22:50:17] [main/WARN]: Reference map 'iris.refmap.json' for mixins.iris.vertexformat.json could not be read. If this is a development environment you can ignore this message
[22:50:17] [main/WARN]: Reference map 'iris.refmap.json' for iris-batched-entity-rendering.mixins.json could not be read. If this is a development environment you can ignore this message
[22:50:17] [main/WARN]: Reference map 'iris.refmap.json' for mixins.iris.compat.sodium.json could not be read. If this is a development environment you can ignore this message
[22:50:17] [main/WARN]: Reference map 'simulated.refmap.json' for simulated.mixins.json could not be read. If this is a development environment you can ignore this message
[22:50:17] [main/INFO]: Loaded configuration file for Sodium: 45 options available, 1 override(s) found
[22:50:17] [main/WARN]: Reference map 'offroad.refmap.json' for offroad.mixins.json could not be read. If this is a development environment you can ignore this message
[22:50:17] [main/WARN]: Reference map 'ponder.refmap.json' for ponder-common.mixins.json could not be read. If this is a development environment you can ignore this message
[22:50:17] [main/INFO]: Using Sodium renderer mixins
[22:50:17] [main/INFO]: Using Sodium renderer mixins
[22:50:17] [main/WARN]: Reference map 'xaerominimap.refmap.json' for xaerohud.mixins.json could not be read. If this is a development environment you can ignore this message
[22:50:17] [main/WARN]: Reference map 'xaerominimap.refmap.json' for xaerominimap.mixins.json could not be read. If this is a development environment you can ignore this message
[22:50:17] [main/WARN]: Reference map 'entityculling.refmap.mixins.json' for entityculling.mixins.json could not be read. If this is a development environment you can ignore this message
[22:50:17] [main/WARN]: Reference map '${refmap_target}refmap.json' for ferritecore.predicates.mixin.json could not be read. If this is a development environment you can ignore this message
[22:50:17] [main/WARN]: Reference map '${refmap_target}refmap.json' for ferritecore.fastmap.mixin.json could not be read. If this is a development environment you can ignore this message
[22:50:17] [main/WARN]: Reference map '${refmap_target}refmap.json' for ferritecore.mrl.mixin.json could not be read. If this is a development environment you can ignore this message
[22:50:17] [main/WARN]: Reference map '${refmap_target}refmap.json' for ferritecore.dedupmultipart.mixin.json could not be read. If this is a development environment you can ignore this message
[22:50:17] [main/WARN]: Reference map '${refmap_target}refmap.json' for ferritecore.blockstatecache.mixin.json could not be read. If this is a development environment you can ignore this message
[22:50:17] [main/WARN]: Reference map '${refmap_target}refmap.json' for ferritecore.dedupbakedquad.mixin.json could not be read. If this is a development environment you can ignore this message
[22:50:17] [main/WARN]: Reference map '${refmap_target}refmap.json' for ferritecore.threaddetec.mixin.json could not be read. If this is a development environment you can ignore this message
[22:50:17] [main/WARN]: Reference map '${refmap_target}refmap.json' for ferritecore.modelsides.mixin.json could not be read. If this is a development environment you can ignore this message
[22:50:17] [main/WARN]: Reference map '${refmap_target}refmap.json' for ferritecore.datacomponents.mixin.json could not be read. If this is a development environment you can ignore this message
[22:50:17] [main/WARN]: Reference map '${refmap_target}refmap.json' for ferritecore.accessors.mixin.json could not be read. If this is a development environment you can ignore this message
[22:50:17] [main/WARN]: Reference map '' for adapter.init.mixins.json could not be read. If this is a development environment you can ignore this message
[22:50:17] [main/INFO]: Force-disabling mixin 'entity.collisions.unpushable_cramming.EntityMixin' as rule 'mixin.entity.collisions.unpushable_cramming' (added by mods [sable]) disables it and children
[22:50:17] [main/INFO]: Force-disabling mixin 'entity.collisions.unpushable_cramming.EntitySectionMixin' as rule 'mixin.entity.collisions.unpushable_cramming' (added by mods [sable]) disables it and children
[22:50:17] [main/INFO]: Force-disabling mixin 'entity.collisions.unpushable_cramming.EntitySelectorMixin' as rule 'mixin.entity.collisions.unpushable_cramming' (added by mods [sable]) disables it and children
[22:50:17] [main/INFO]: Force-disabling mixin 'entity.collisions.unpushable_cramming.LivingEntityMixin' as rule 'mixin.entity.collisions.unpushable_cramming' (added by mods [sable]) disables it and children
[22:50:17] [main/INFO]: Force-disabling mixin 'world.chunk_access.ChunkHolderMixin' as rule 'mixin.world.chunk_access' (added by mods [sable]) disables it and children
[22:50:17] [main/INFO]: Force-disabling mixin 'world.chunk_access.GenerationChunkHolderAccessor' as rule 'mixin.world.chunk_access' (added by mods [sable]) disables it and children
[22:50:17] [main/INFO]: Force-disabling mixin 'world.chunk_access.LevelMixin' as rule 'mixin.world.chunk_access' (added by mods [sable]) disables it and children
[22:50:17] [main/INFO]: Force-disabling mixin 'world.chunk_access.ServerChunkCacheMixin' as rule 'mixin.world.chunk_access' (added by mods [sable]) disables it and children
[22:50:17] [main/INFO]: Force-disabling mixin 'world.chunk_ticking.spread_ice.BiomeMixin' as rule 'mixin.world.chunk_ticking' (added by mods [sable]) disables it and children
[22:50:17] [main/INFO]: Force-disabling mixin 'world.tick_scheduler.LevelChunkTicksMixin' as rule 'mixin.world.tick_scheduler' (added by mods [sable]) disables it and children
[22:50:17] [main/WARN]: Error loading class: com/portingdeadmods/cable_facades/events/GameClientEvents$2 (java.lang.ClassNotFoundException: com.portingdeadmods.cable_facades.events.GameClientEvents$2)
[22:50:17] [main/WARN]: Error loading class: com/direwolf20/justdirethings/client/renderers/OurRenderTypes (java.lang.ClassNotFoundException: com.direwolf20.justdirethings.client.renderers.OurRenderTypes)
[22:50:17] [main/WARN]: Error loading class: mekanism/client/render/entity/RenderFlame (java.lang.ClassNotFoundException: mekanism.client.render.entity.RenderFlame)
[22:50:17] [main/WARN]: Error loading class: mekanism/client/render/armor/MekaSuitArmor (java.lang.ClassNotFoundException: mekanism.client.render.armor.MekaSuitArmor)
[22:50:17] [main/WARN]: Error loading class: mekanism/client/render/lib/effect/BillboardingEffectRenderer (java.lang.ClassNotFoundException: mekanism.client.render.lib.effect.BillboardingEffectRenderer)
[22:50:17] [main/WARN]: Error loading class: blusunrize/immersiveengineering/client/utils/IEGLShaders (java.lang.ClassNotFoundException: blusunrize.immersiveengineering.client.utils.IEGLShaders)
[22:50:17] [main/WARN]: Error loading class: mezz/jei/library/plugins/vanilla/ingredients/ItemStackListFactory (java.lang.ClassNotFoundException: mezz.jei.library.plugins.vanilla.ingredients.ItemStackListFactory)
[22:50:17] [main/INFO]: Immersive Portals not present, skipping DH compatibility mixin.
[22:50:17] [main/WARN]: Force-disabling mixin 'features.render.world.sky.ClientLevelMixin' as rule 'mixin.features.render.world.sky' (added by mods [iris]) disables it and children
[22:50:17] [main/WARN]: Force-disabling mixin 'features.render.world.sky.FogRendererMixin' as rule 'mixin.features.render.world.sky' (added by mods [iris]) disables it and children
[22:50:17] [main/WARN]: Force-disabling mixin 'features.render.world.sky.LevelRendererMixin' as rule 'mixin.features.render.world.sky' (added by mods [iris]) disables it and children
[22:50:18] [main/WARN]: Error loading class: org/jetbrains/annotations/ApiStatus$ScheduledForRemoval (java.lang.ClassNotFoundException: org.jetbrains.annotations.ApiStatus$ScheduledForRemoval)
[22:50:18] [main/INFO]: Initializing MixinExtras via com.llamalad7.mixinextras.service.MixinExtrasServiceImpl(version=0.5.3).
[17Aug2026 22:50:19.045] [Datafixer Bootstrap/INFO] [com.mojang.datafixers.DataFixerBuilder/]: 229 Datafixer optimizations took 108 milliseconds
[17Aug2026 22:50:21.593] [Render thread/WARN] [net.minecraft.server.packs.VanillaPackResourcesBuilder/]: Assets URL 'union:/home/krzysztofkalisiak/.local/share/ModrinthApp/meta/libraries/net/minecraft/client/1.21.1-20240808.144430/client-1.21.1-20240808.144430-srg.jar%23215!/assets/.mcassetsroot' uses unexpected schema
[17Aug2026 22:50:21.593] [Render thread/WARN] [net.minecraft.server.packs.VanillaPackResourcesBuilder/]: Assets URL 'union:/home/krzysztofkalisiak/.local/share/ModrinthApp/meta/libraries/net/minecraft/client/1.21.1-20240808.144430/client-1.21.1-20240808.144430-srg.jar%23215!/data/.mcassetsroot' uses unexpected schema
[17Aug2026 22:50:21.608] [Render thread/INFO] [com.mojang.authlib.yggdrasil.YggdrasilAuthenticationService/]: Environment: Environment[sessionHost=https://sessionserver.mojang.com, servicesHost=https://api.minecraftservices.com, name=PROD]
[17Aug2026 22:50:21.612] [Render thread/INFO] [net.minecraft.client.Minecraft/]: Setting user: Eutio
[17Aug2026 22:50:21.623] [Render thread/INFO] [Photonics/]: Reloading config
[17Aug2026 22:50:21.633] [Render thread/INFO] [Photonics/]: Photonics light registry contains 127 light definitions for 98 blocks
[17Aug2026 22:50:21.670] [Render thread/INFO] [Iris/]: Queuing DH event binding...
[17Aug2026 22:50:21.723] [Render thread/INFO] [net.minecraft.client.Minecraft/]: Backend library: LWJGL version 3.3.3+5
[17Aug2026 22:50:21.738] [Render thread/INFO] [com.mojang.blaze3d.platform.Window/]: OpenGL Vendor: AMD
[17Aug2026 22:50:21.738] [Render thread/INFO] [com.mojang.blaze3d.platform.Window/]: OpenGL Renderer: AMD Radeon RX 7900 GRE (radeonsi, navi31, ACO, DRM 3.64, 7.0.0-29-generic)
[17Aug2026 22:50:21.738] [Render thread/INFO] [com.mojang.blaze3d.platform.Window/]: OpenGL Version: 4.6 (Core Profile) Mesa 26.1.2 - kisak-mesa PPA
[17Aug2026 22:50:21.758] [Render thread/INFO] [ImmediatelyFast/]: Initializing ImmediatelyFast 1.6.11+1.21.1 on AMD Radeon RX 7900 GRE (radeonsi, navi31, ACO, DRM 3.64, 7.0.0-29-generic) (AMD) with OpenGL 4.6 (Core Profile) Mesa 26.1.2 - kisak-mesa PPA
[17Aug2026 22:50:21.758] [Render thread/INFO] [ImmediatelyFast/]: Found Iris 1.8.14-beta.1+mc1.21.1. Enabling compatibility.
[17Aug2026 22:50:22.018] [Render thread/INFO] [Iris/]: Debug functionality is disabled.
[17Aug2026 22:50:22.019] [Render thread/INFO] [Iris/]: OpenGL 4.5 detected, enabling DSA.
[17Aug2026 22:50:22.147] [modloading-worker-0/INFO] [Veil/]: Veil is initializing.
[17Aug2026 22:50:22.149] [modloading-worker-0/INFO] [net.fabricmc.fabric.impl.client.indigo.Indigo/]: [Indigo] Different rendering plugin detected; not applying Indigo.
[17Aug2026 22:50:22.172] [modloading-worker-0/INFO] [net.neoforged.neoforge.common.NeoForgeMod/NEOFORGE-MOD]: NeoForge mod loading, version 21.1.235, for MC 1.21.1
[17Aug2026 22:50:22.185] [ForkJoinPool.commonPool-worker-2/WARN] [Iris/]: [Iris Update Check] This version doesn't have an update index, skipping.
[17Aug2026 22:50:22.204] [modloading-worker-0/INFO] [xaero.hud.minimap.MinimapLogs/]: No Optifine!
[17Aug2026 22:50:22.204] [modloading-worker-0/INFO] [xaero.hud.minimap.MinimapLogs/]: Xaero's Minimap: No Vivecraft!
[17Aug2026 22:50:22.206] [modloading-worker-0/INFO] [xaero.hud.minimap.MinimapLogs/]: Xaero's Minimap: Iris found!
[17Aug2026 22:50:22.222] [modloading-worker-0/INFO] [xaero.lib.XaeroLib/]: Registering common data for channel xaerolib:main!
[17Aug2026 22:50:22.327] [modloading-worker-0/INFO] [xaero.lib.XaeroLib/]: Registering client data for channel xaerolib:main!
[17Aug2026 22:50:22.338] [modloading-worker-0/INFO] [com.simibubi.create.Create/]: Create 6.0.10 initializing! Commit hash: ac0c444d9828da3453ae8cc65338e8de063286fb
[17Aug2026 22:50:22.339] [modloading-worker-0/INFO] [xaero.lib.XaeroLib/]: Loading primary common config for channel xaerolib:main!
[17Aug2026 22:50:22.341] [modloading-worker-0/INFO] [xaero.lib.XaeroLib/]: Loading server config profiles for channel xaerolib:main!
[17Aug2026 22:50:22.341] [modloading-worker-0/INFO] [xaero.lib.XaeroLib/]: Loading primary client config for channel xaerolib:main!
[17Aug2026 22:50:22.342] [modloading-worker-0/INFO] [xaero.lib.XaeroLib/]: Loading client config profiles for channel xaerolib:main!
[17Aug2026 22:50:22.342] [modloading-worker-0/INFO] [xaero.common.HudMod/]: Registering common data for channel xaerominimap:main!
[17Aug2026 22:50:22.360] [modloading-worker-0/INFO] [xaero.common.HudMod/]: Registering client data for channel xaerominimap:main!
[17Aug2026 22:50:22.386] [modloading-worker-0/INFO] [xaero.common.HudMod/]: Loading primary common config for channel xaerominimap:main!
[17Aug2026 22:50:22.387] [modloading-worker-0/INFO] [xaero.common.HudMod/]: Loading server config profiles for channel xaerominimap:main!
[17Aug2026 22:50:22.387] [modloading-worker-0/INFO] [xaero.common.HudMod/]: Loading primary client config for channel xaerominimap:main!
[17Aug2026 22:50:22.388] [modloading-worker-0/INFO] [xaero.common.HudMod/]: Loading client config profiles for channel xaerominimap:main!
[17Aug2026 22:50:23.040] [modloading-worker-0/INFO] [dev.ryanhcode.sable.Sable/]: Sable loaded!
[17Aug2026 22:50:23.046] [modloading-worker-0/WARN] [dev.ryanhcode.sable.Sable/]: NOTE: Sable is loaded with Flywheel. Sable contains extensive shader overrides and a full light-storage replacement. Expect this to cause compatibility issues. If issues arise, please report them to the Sable issue tracker (https://github.com/ryanhcode/sable/issues) instead of the Flywheel issue tracker.
[17Aug2026 22:50:23.831] [Render thread/INFO] [Veil/]: GL Debug supported
[17Aug2026 22:50:24.003] [Render thread/INFO] [Iris/]: Hardware information:
[17Aug2026 22:50:24.003] [Render thread/INFO] [Iris/]: CPU: 16x AMD Ryzen 7 7700 8-Core Processor
[17Aug2026 22:50:24.003] [Render thread/INFO] [Iris/]: GPU: AMD Radeon RX 7900 GRE (radeonsi, navi31, ACO, DRM 3.64, 7.0.0-29-generic) (Supports OpenGL 4.6 (Core Profile) Mesa 26.1.2 - kisak-mesa PPA)
[17Aug2026 22:50:24.003] [Render thread/INFO] [Iris/]: OS: Linux (7.0.0-29-generic)
[17Aug2026 22:50:24.315] [Render thread/INFO] [net.minecraft.server.packs.resources.ReloadableResourceManager/]: Reloading ResourceManager: vanilla, fabric, mod_resources, mod/sodium, mod/fabric_transfer_api_v1, mod/simulatedcoasters, mod/fabric_renderer_api_v1, mod/fabric_item_api_v1, mod/fabric_model_loading_api_v1, mod/fabric_rendering_fluids_v1, mod/lithium, mod/aeronautics, mod/xaerolib, mod/aeronautics_bundled, mod/fabric_screen_handler_api_v1, mod/fabric_resource_loader_v0, mod/trender, mod/fabric_rendering_v1, mod/fabric_renderer_indigo, mod/fabric_convention_tags_v1, mod/neoforge, mod/photonics, mod/fabric_block_view_api_v2, mod/fabric_command_api_v2, mod/fabric_convention_tags_v2, mod/fabric_data_attachment_api_v1, mod/iris, mod/veil, mod/simulated, mod/simurail, mod/distanthorizons, mod/fabric_screen_api_v1, mod/fabric_particles_v1, mod/connector, mod/fabric_api,forgified_fabric_api, mod/fabric_content_registries_v0, mod/fabric_transitive_access_wideners_v1, mod/offroad, mod/irisveil, mod/fabric_game_rule_api_v1, mod/fabric_api_base, mod/fabric_api_lookup_api_v1, mod/fabric_blockrenderlayer_v1, mod/fabric_block_api_v1, mod/fabric_resource_conditions_api_v1, mod/sablecompanion, mod/flywheel, mod/ponder, mod/create, mod/sable, mod/contraptionlights, mod/xaerominimap, mod/fabric_item_group_api_v1, mod/fabric_gametest_api_v1, mod/entityculling, mod/fabric_biome_api_v1, mod/fabric_entity_events_v1, mod/fabric_registry_sync_v0, mod/immediatelyfast, mod/lambdynlights_api, mod/fabric_recipe_api_v1, mod/ferritecore, mod/fabric_object_builder_api_v1, mod/fabric_loot_api_v2, mod/fabric_loot_api_v3, mod/transition, mod/fabric_rendering_data_attachment_v1, mod/searchlights, mod/fabric_networking_api_v1, mod/fabric_sound_api_v1, mod/fabric_message_api_v1, mod/fabric_lifecycle_events_v1, mod/fabric_tag_api_v1, mod/fabric_data_generation_api_v1, mod/fabric_events_interaction_v0, mod/fabric_key_binding_api_v1, mod/fabric_client_tags_api_v1
[17Aug2026 22:50:24.324] [Worker-Main-6/INFO] [xaero.lib.XaeroLib/]: Loading XaeroLib common 1/2!
[17Aug2026 22:50:24.325] [Worker-Main-9/INFO] [me.yurtema.searchlights.Searchlights/]: HELLO FROM COMMON SETUP
[17Aug2026 22:50:24.345] [NeoForge Version Check/INFO] [net.neoforged.fml.VersionChecker/]: [create] Starting version check at https://api.modrinth.com/updates/create/forge_updates.json?neoforge=only
[17Aug2026 22:50:24.366] [Worker-Main-7/INFO] [net.minecraft.client.gui.font.providers.UnihexProvider/]: Found unifont_jp_patch-15.1.05.hex, loading
[17Aug2026 22:50:24.367] [Worker-Main-3/INFO] [net.minecraft.client.gui.font.providers.UnihexProvider/]: Found unifont_all_no_pua-15.1.05.hex, loading
[17Aug2026 22:50:24.480] [Worker-Main-12/INFO] [xaero.lib.XaeroLib/]: Loading XaeroLib client 1/2!
[17Aug2026 22:50:24.517] [Worker-Main-6/INFO] [DistantHorizons-DistantHorizons-com.seibel.distanthorizons.common.AbstractModInitializer_neoforge/]: Initializing Distant Horizons client, firing DhApiBeforeDhInitEvent...
[17Aug2026 22:50:24.527] [Worker-Main-11/INFO] [top.leonx.irisveil.IrisVeilCompat/]: HELLO FROM CLIENT SETUP
[17Aug2026 22:50:24.528] [Worker-Main-11/INFO] [top.leonx.irisveil.IrisVeilCompat/]: MINECRAFT NAME >> Eutio
[17Aug2026 22:50:24.532] [Worker-Main-8/INFO] [xaero.minimap.XaeroMinimap/]: Loading Xaero's Minimap - Stage 1/2
[17Aug2026 22:50:24.535] [Worker-Main-1/WARN] [net.minecraft.client.renderer.texture.SpriteLoader/]: Texture simulatedcoasters:block/chain_lift/chain with size 8x10 limits mip level from 4 to 1
[17Aug2026 22:50:24.539] [Worker-Main-14/INFO] [me.yurtema.searchlights.Searchlights/]: HELLO FROM CLIENT SETUP
[17Aug2026 22:50:24.540] [Worker-Main-14/INFO] [me.yurtema.searchlights.Searchlights/]: MINECRAFT NAME >> Eutio
[17Aug2026 22:50:24.541] [Worker-Main-6/INFO] [DistantHorizons-DistantHorizons-com.seibel.distanthorizons.core.Initializer/]: Running library validation...
[17Aug2026 22:50:24.733] [NeoForge Version Check/INFO] [net.neoforged.fml.VersionChecker/]: [create] Found status: OUTDATED Current: 6.0.10 Target: 6.0.10+mc1.21.1
[17Aug2026 22:50:24.740] [Worker-Main-6/INFO] [DistantHorizons-DistantHorizons-com.seibel.distanthorizons.common.AbstractModInitializer_neoforge/]: Distant Horizons, Version: 3.2.0-b
[17Aug2026 22:50:24.747] [Worker-Main-6/INFO] [DistantHorizons-DistantHorizons-com.seibel.distanthorizons.common.AbstractModInitializer_neoforge/]: Skipping mod compatibility accessor for: [optifine]
[17Aug2026 22:50:24.748] [Worker-Main-6/INFO] [DistantHorizons-DistantHorizons-com.seibel.distanthorizons.common.AbstractModInitializer_neoforge/]: Skipping mod compatibility accessor for: [c2me]
[17Aug2026 22:50:24.749] [Worker-Main-6/INFO] [DistantHorizons-DistantHorizons-com.seibel.distanthorizons.common.AbstractModInitializer_neoforge/]: Skipping mod compatibility accessor for: [immersive_portals]
[17Aug2026 22:50:24.749] [Worker-Main-6/INFO] [DistantHorizons-DistantHorizons-com.seibel.distanthorizons.core.dependencyInjection.ModAccessorInjector/]: Registered mod compatibility accessor for: [iris].
[17Aug2026 22:50:24.763] [Worker-Main-6/INFO] [DistantHorizons-DistantHorizons-com.seibel.distanthorizons.core.config.ConfigHandler/]: Initialising config for [DistantHorizons]
[17Aug2026 22:50:24.819] [Worker-Main-6/INFO] [DistantHorizons-DistantHorizons-com.seibel.distanthorizons.core.config.ConfigHandler/]: [DistantHorizons] Config initialised
[17Aug2026 22:50:24.825] [Worker-Main-6/INFO] [DistantHorizons-DistantHorizons-com.seibel.distanthorizons.core.config.eventHandlers.IgnoredDimensionCsvHandler/]: Dimension ignoring disabled, DH will render all dimensions.
[17Aug2026 22:50:24.825] [Worker-Main-6/INFO] [com.seibel.distanthorizons.core.logging.DhLogger/]: Applying config to loggers
[17Aug2026 22:50:24.826] [Worker-Main-6/INFO] [DistantHorizons-DistantHorizons-com.seibel.distanthorizons.core.Initializer/]: Garbage collectors: [G1 Young Generation, G1 Concurrent GC, G1 Old Generation]
[17Aug2026 22:50:24.826] [Worker-Main-6/WARN] [DistantHorizons-DistantHorizons-com.seibel.distanthorizons.core.Initializer/]: Distant Horizons: G1 Garbage collector detected.
This can cause FPS stuttering. 
It's recommended to use a concurrent garbage collector 
like ZGC (Java 21+) or Shenandoah (Java 8 through 17) 
for a smoother experience. 
This warning can be disabled in the DH config.
[17Aug2026 22:50:24.830] [Worker-Main-6/INFO] [DistantHorizons-DistantHorizons-com.seibel.distanthorizons.core.Initializer/]: Explicit Garbage Collection: [Enabled]
[17Aug2026 22:50:24.830] [Worker-Main-6/INFO] [DistantHorizons-DistantHorizons-com.seibel.distanthorizons.common.AbstractModInitializer_neoforge/]: Distant Horizons client Initialized.
[17Aug2026 22:50:24.830] [Worker-Main-6/INFO] [DistantHorizons-DistantHorizons-com.seibel.distanthorizons.common.AbstractModInitializer_neoforge/]: Running Delayed setup...
[17Aug2026 22:50:24.830] [Worker-Main-6/INFO] [DistantHorizons-DistantHorizons-com.seibel.distanthorizons.common.AbstractModInitializer_neoforge/]: Delayed setup complete, firing DhApiAfterDhInitEvent event...
[17Aug2026 22:50:24.830] [Worker-Main-6/INFO] [Iris/]: DH Ready, binding Iris event handlers...
[17Aug2026 22:50:24.834] [Worker-Main-6/INFO] [Iris/]: DH Iris events bound.
[17Aug2026 22:50:24.835] [DH-PostClientInit Thread/INFO] [DistantHorizons-DistantHorizons-com.seibel.distanthorizons.common.wrappers.DependencySetup_neoforge/]: Setting DH Rendering API to: [OPEN_GL]...
[17Aug2026 22:50:24.841] [DH-PostClientInit Thread/INFO] [DistantHorizons-DistantHorizons-com.seibel.distanthorizons.common.wrappers.DependencySetup_neoforge/]: DH Rendering successfully bound to: [OpenGL]...
[17Aug2026 22:50:24.902] [Render thread/INFO] [Photonics/]: Photonics ReSTIR GI v70: forcing PHOTONICS_RESTIR_COMBINED_GI on for the geometry-guided spatial-reuse test (configured=true)
[17Aug2026 22:50:24.904] [Render thread/INFO] [Photonics/]: Photonics performance overrides: renderScale=shader-pack, giRenderScale=1.0, temporalUpscaler=false, temporalUpscalerSourceScale=1.0, temporalUpscalerHistoryFrames=shader-pack, restirInitialSamples=shader-pack, restirDenoiserPasses=shader-pack, restirGiDenoiserPasses=shader-pack (shader-pack means no JVM override)
[17Aug2026 22:50:24.927] [Worker-Main-9/WARN] [net.minecraft.client.resources.model.BlockStateModelLoader/]: Exception loading blockstate definition: 'simulatedcoasters:blockstates/coaster_track_material.json' missing model for variant: 'simulatedcoasters:coaster_track_material#shape=an,turn=false,waterlogged=false'
[17Aug2026 22:50:24.927] [Worker-Main-9/WARN] [net.minecraft.client.resources.model.BlockStateModelLoader/]: Exception loading blockstate definition: 'simulatedcoasters:blockstates/coaster_track_material.json' missing model for variant: 'simulatedcoasters:coaster_track_material#shape=cr_d,turn=false,waterlogged=false'
[17Aug2026 22:50:24.927] [Worker-Main-9/WARN] [net.minecraft.client.resources.model.BlockStateModelLoader/]: Exception loading blockstate definition: 'simulatedcoasters:blockstates/coaster_track_material.json' missing model for variant: 'simulatedcoasters:coaster_track_material#shape=zo,turn=true,waterlogged=false'
[17Aug2026 22:50:24.927] [Worker-Main-9/WARN] [net.minecraft.client.resources.model.BlockStateModelLoader/]: Exception loading blockstate definition: 'simulatedcoasters:blockstates/coaster_track_material.json' missing model for variant: 'simulatedcoasters:coaster_track_material#shape=ae,turn=false,waterlogged=false'
[17Aug2026 22:50:24.927] [Worker-Main-9/WARN] [net.minecraft.client.resources.model.BlockStateModelLoader/]: Exception loading blockstate definition: 'simulatedcoasters:blockstates/coaster_track_material.json' missing model for variant: 'simulatedcoasters:coaster_track_material#shape=tw,turn=true,waterlogged=true'
[17Aug2026 22:50:24.927] [Worker-Main-9/WARN] [net.minecraft.client.resources.model.BlockStateModelLoader/]: Exception loading blockstate definition: 'simulatedcoasters:blockstates/coaster_track_material.json' missing model for variant: 'simulatedcoasters:coaster_track_material#shape=tn,turn=true,waterlogged=true'
[17Aug2026 22:50:24.927] [Worker-Main-9/WARN] [net.minecraft.client.resources.model.BlockStateModelLoader/]: Exception loading blockstate definition: 'simulatedcoasters:blockstates/coaster_track_material.json' missing model for variant: 'simulatedcoasters:coaster_track_material#shape=te,turn=true,waterlogged=true'
[17Aug2026 22:50:24.927] [Worker-Main-9/WARN] [net.minecraft.client.resources.model.BlockStateModelLoader/]: Exception loading blockstate definition: 'simulatedcoasters:blockstates/coaster_track_material.json' missing model for variant: 'simulatedcoasters:coaster_track_material#shape=nd,turn=false,waterlogged=false'
[17Aug2026 22:50:24.927] [Worker-Main-9/WARN] [net.minecraft.client.resources.model.BlockStateModelLoader/]: Exception loading blockstate definition: 'simulatedcoasters:blockstates/coaster_track_material.json' missing model for variant: 'simulatedcoasters:coaster_track_material#shape=aw,turn=false,waterlogged=false'
[17Aug2026 22:50:24.927] [Worker-Main-9/WARN] [net.minecraft.client.resources.model.BlockStateModelLoader/]: Exception loading blockstate definition: 'simulatedcoasters:blockstates/coaster_track_material.json' missing model for variant: 'simulatedcoasters:coaster_track_material#shape=te,turn=false,waterlogged=false'
[17Aug2026 22:50:24.927] [Worker-Main-9/WARN] [net.minecraft.client.resources.model.BlockStateModelLoader/]: Exception loading blockstate definition: 'simulatedcoasters:blockstates/coaster_track_material.json' missing model for variant: 'simulatedcoasters:coaster_track_material#shape=ae,turn=true,waterlogged=false'
[17Aug2026 22:50:24.927] [Worker-Main-9/WARN] [net.minecraft.client.resources.model.BlockStateModelLoader/]: Exception loading blockstate definition: 'simulatedcoasters:blockstates/coaster_track_material.json' missing model for variant: 'simulatedcoasters:coaster_track_material#shape=none,turn=true,waterlogged=false'
[17Aug2026 22:50:24.927] [Worker-Main-9/WARN] [net.minecraft.client.resources.model.BlockStateModelLoader/]: Exception loading blockstate definition: 'simulatedcoasters:blockstates/coaster_track_material.json' missing model for variant: 'simulatedcoasters:coaster_track_material#shape=cr_o,turn=false,waterlogged=false'
[17Aug2026 22:50:24.927] [Worker-Main-9/WARN] [net.minecraft.client.resources.model.BlockStateModelLoader/]: Exception loading blockstate definition: 'simulatedcoasters:blockstates/coaster_track_material.json' missing model for variant: 'simulatedcoasters:coaster_track_material#shape=cr_d,turn=true,waterlogged=false'
[17Aug2026 22:50:24.927] [Worker-Main-9/WARN] [net.minecraft.client.resources.model.BlockStateModelLoader/]: Exception loading blockstate definition: 'simulatedcoasters:blockstates/coaster_track_material.json' missing model for variant: 'simulatedcoasters:coaster_track_material#shape=cr_pdz,turn=true,waterlogged=true'
[17Aug2026 22:50:24.927] [Worker-Main-9/WARN] [net.minecraft.client.resources.model.BlockStateModelLoader/]: Exception loading blockstate definition: 'simulatedcoasters:blockstates/coaster_track_material.json' missing model for variant: 'simulatedcoasters:coaster_track_material#shape=tw,turn=false,waterlogged=false'
[17Aug2026 22:50:24.927] [Worker-Main-9/WARN] [net.minecraft.client.resources.model.BlockStateModelLoader/]: Exception loading blockstate definition: 'simulatedcoasters:blockstates/coaster_track_material.json' missing model for variant: 'simulatedcoasters:coaster_track_material#shape=cr_o,turn=false,waterlogged=true'
[17Aug2026 22:50:24.927] [Worker-Main-9/WARN] [net.minecraft.client.resources.model.BlockStateModelLoader/]: Exception loading blockstate definition: 'simulatedcoasters:blockstates/coaster_track_material.json' missing model for variant: 'simulatedcoasters:coaster_track_material#shape=cr_ndx,turn=true,waterlogged=true'
[17Aug2026 22:50:24.927] [Worker-Main-9/WARN] [net.minecraft.client.resources.model.BlockStateModelLoader/]: Exception loading blockstate definition: 'simulatedcoasters:blockstates/coaster_track_material.json' missing model for variant: 'simulatedcoasters:coaster_track_material#shape=cr_pdz,turn=false,waterlogged=false'
[17Aug2026 22:50:24.927] [Worker-Main-9/WARN] [net.minecraft.client.resources.model.BlockStateModelLoader/]: Exception loading blockstate definition: 'simulatedcoasters:blockstates/coaster_track_material.json' missing model for variant: 'simulatedcoasters:coaster_track_material#shape=aw,turn=true,waterlogged=false'
[17Aug2026 22:50:24.927] [Worker-Main-9/WARN] [net.minecraft.client.resources.model.BlockStateModelLoader/]: Exception loading blockstate definition: 'simulatedcoasters:blockstates/coaster_track_material.json' missing model for variant: 'simulatedcoasters:coaster_track_material#shape=an,turn=true,waterlogged=true'
[17Aug2026 22:50:24.927] [Worker-Main-9/WARN] [net.minecraft.client.resources.model.BlockStateModelLoader/]: Exception loading blockstate definition: 'simulatedcoasters:blockstates/coaster_track_material.json' missing model for variant: 'simulatedcoasters:coaster_track_material#shape=cr_d,turn=true,waterlogged=true'
[17Aug2026 22:50:24.927] [Worker-Main-9/WARN] [net.minecraft.client.resources.model.BlockStateModelLoader/]: Exception loading blockstate definition: 'simulatedcoasters:blockstates/coaster_track_material.json' missing model for variant: 'simulatedcoasters:coaster_track_material#shape=as,turn=true,waterlogged=false'
[17Aug2026 22:50:24.927] [Worker-Main-9/WARN] [net.minecraft.client.resources.model.BlockStateModelLoader/]: Exception loading blockstate definition: 'simulatedcoasters:blockstates/coaster_track_material.json' missing model for variant: 'simulatedcoasters:coaster_track_material#shape=aw,turn=false,waterlogged=true'
[17Aug2026 22:50:24.927] [Worker-Main-9/WARN] [net.minecraft.client.resources.model.BlockStateModelLoader/]: Exception loading blockstate definition: 'simulatedcoasters:blockstates/coaster_track_material.json' missing model for variant: 'simulatedcoasters:coaster_track_material#shape=tw,turn=true,waterlogged=false'
[17Aug2026 22:50:24.927] [Worker-Main-9/WARN] [net.minecraft.client.resources.model.BlockStateModelLoader/]: Exception loading blockstate definition: 'simulatedcoasters:blockstates/coaster_track_material.json' missing model for variant: 'simulatedcoasters:coaster_track_material#shape=as,turn=true,waterlogged=true'
[17Aug2026 22:50:24.927] [Worker-Main-9/WARN] [net.minecraft.client.resources.model.BlockStateModelLoader/]: Exception loading blockstate definition: 'simulatedcoasters:blockstates/coaster_track_material.json' missing model for variant: 'simulatedcoasters:coaster_track_material#shape=cr_ndz,turn=false,waterlogged=true'
[17Aug2026 22:50:24.927] [Worker-Main-9/WARN] [net.minecraft.client.resources.model.BlockStateModelLoader/]: Exception loading blockstate definition: 'simulatedcoasters:blockstates/coaster_track_material.json' missing model for variant: 'simulatedcoasters:coaster_track_material#shape=xo,turn=true,waterlogged=true'
[17Aug2026 22:50:24.927] [Worker-Main-9/WARN] [net.minecraft.client.resources.model.BlockStateModelLoader/]: Exception loading blockstate definition: 'simulatedcoasters:blockstates/coaster_track_material.json' missing model for variant: 'simulatedcoasters:coaster_track_material#shape=ts,turn=false,waterlogged=true'
[17Aug2026 22:50:24.928] [Worker-Main-9/WARN] [net.minecraft.client.resources.model.BlockStateModelLoader/]: Exception loading blockstate definition: 'simulatedcoasters:blockstates/coaster_track_material.json' missing model for variant: 'simulatedcoasters:coaster_track_material#shape=none,turn=false,waterlogged=false'
[17Aug2026 22:50:24.928] [Worker-Main-9/WARN] [net.minecraft.client.resources.model.BlockStateModelLoader/]: Exception loading blockstate definition: 'simulatedcoasters:blockstates/coaster_track_material.json' missing model for variant: 'simulatedcoasters:coaster_track_material#shape=cr_pdx,turn=true,waterlogged=false'
[17Aug2026 22:50:24.928] [Worker-Main-9/WARN] [net.minecraft.client.resources.model.BlockStateModelLoader/]: Exception loading blockstate definition: 'simulatedcoasters:blockstates/coaster_track_material.json' missing model for variant: 'simulatedcoasters:coaster_track_material#shape=pd,turn=false,waterlogged=true'
[17Aug2026 22:50:24.928] [Worker-Main-9/WARN] [net.minecraft.client.resources.model.BlockStateModelLoader/]: Exception loading blockstate definition: 'simulatedcoasters:blockstates/coaster_track_material.json' missing model for variant: 'simulatedcoasters:coaster_track_material#shape=none,turn=false,waterlogged=true'
[17Aug2026 22:50:24.928] [Worker-Main-9/WARN] [net.minecraft.client.resources.model.BlockStateModelLoader/]: Exception loading blockstate definition: 'simulatedcoasters:blockstates/coaster_track_material.json' missing model for variant: 'simulatedcoasters:coaster_track_material#shape=an,turn=true,waterlogged=false'
[17Aug2026 22:50:24.928] [Worker-Main-9/WARN] [net.minecraft.client.resources.model.BlockStateModelLoader/]: Exception loading blockstate definition: 'simulatedcoasters:blockstates/coaster_track_material.json' missing model for variant: 'simulatedcoasters:coaster_track_material#shape=cr_o,turn=true,waterlogged=true'
[17Aug2026 22:50:24.928] [Worker-Main-9/WARN] [net.minecraft.client.resources.model.BlockStateModelLoader/]: Exception loading blockstate definition: 'simulatedcoasters:blockstates/coaster_track_material.json' missing model for variant: 'simulatedcoasters:coaster_track_material#shape=cr_ndz,turn=true,waterlogged=true'
[17Aug2026 22:50:24.928] [Worker-Main-9/WARN] [net.minecraft.client.resources.model.BlockStateModelLoader/]: Exception loading blockstate definition: 'simulatedcoasters:blockstates/coaster_track_material.json' missing model for variant: 'simulatedcoasters:coaster_track_material#shape=te,turn=false,waterlogged=true'
[17Aug2026 22:50:24.928] [Worker-Main-9/WARN] [net.minecraft.client.resources.model.BlockStateModelLoader/]: Exception loading blockstate definition: 'simulatedcoasters:blockstates/coaster_track_material.json' missing model for variant: 'simulatedcoasters:coaster_track_material#shape=as,turn=false,waterlogged=false'
[17Aug2026 22:50:24.928] [Worker-Main-9/WARN] [net.minecraft.client.resources.model.BlockStateModelLoader/]: Exception loading blockstate definition: 'simulatedcoasters:blockstates/coaster_track_material.json' missing model for variant: 'simulatedcoasters:coaster_track_material#shape=cr_ndx,turn=false,waterlogged=true'
[17Aug2026 22:50:24.928] [Worker-Main-9/WARN] [net.minecraft.client.resources.model.BlockStateModelLoader/]: Exception loading blockstate definition: 'simulatedcoasters:blockstates/coaster_track_material.json' missing model for variant: 'simulatedcoasters:coaster_track_material#shape=cr_pdz,turn=false,waterlogged=true'
[17Aug2026 22:50:24.928] [Worker-Main-9/WARN] [net.minecraft.client.resources.model.BlockStateModelLoader/]: Exception loading blockstate definition: 'simulatedcoasters:blockstates/coaster_track_material.json' missing model for variant: 'simulatedcoasters:coaster_track_material#shape=zo,turn=true,waterlogged=true'
[17Aug2026 22:50:24.928] [Worker-Main-9/WARN] [net.minecraft.client.resources.model.BlockStateModelLoader/]: Exception loading blockstate definition: 'simulatedcoasters:blockstates/coaster_track_material.json' missing model for variant: 'simulatedcoasters:coaster_track_material#shape=zo,turn=false,waterlogged=true'
[17Aug2026 22:50:24.928] [Worker-Main-9/WARN] [net.minecraft.client.resources.model.BlockStateModelLoader/]: Exception loading blockstate definition: 'simulatedcoasters:blockstates/coaster_track_material.json' missing model for variant: 'simulatedcoasters:coaster_track_material#shape=cr_o,turn=true,waterlogged=false'
[17Aug2026 22:50:24.928] [Worker-Main-9/WARN] [net.minecraft.client.resources.model.BlockStateModelLoader/]: Exception loading blockstate definition: 'simulatedcoasters:blockstates/coaster_track_material.json' missing model for variant: 'simulatedcoasters:coaster_track_material#shape=ae,turn=false,waterlogged=true'
[17Aug2026 22:50:24.928] [Worker-Main-9/WARN] [net.minecraft.client.resources.model.BlockStateModelLoader/]: Exception loading blockstate definition: 'simulatedcoasters:blockstates/coaster_track_material.json' missing model for variant: 'simulatedcoasters:coaster_track_material#shape=pd,turn=true,waterlogged=true'
[17Aug2026 22:50:24.928] [Worker-Main-9/WARN] [net.minecraft.client.resources.model.BlockStateModelLoader/]: Exception loading blockstate definition: 'simulatedcoasters:blockstates/coaster_track_material.json' missing model for variant: 'simulatedcoasters:coaster_track_material#shape=nd,turn=false,waterlogged=true'
[17Aug2026 22:50:24.928] [Worker-Main-9/WARN] [net.minecraft.client.resources.model.BlockStateModelLoader/]: Exception loading blockstate definition: 'simulatedcoasters:blockstates/coaster_track_material.json' missing model for variant: 'simulatedcoasters:coaster_track_material#shape=ts,turn=true,waterlogged=true'
[17Aug2026 22:50:24.928] [Worker-Main-9/WARN] [net.minecraft.client.resources.model.BlockStateModelLoader/]: Exception loading blockstate definition: 'simulatedcoasters:blockstates/coaster_track_material.json' missing model for variant: 'simulatedcoasters:coaster_track_material#shape=cr_ndx,turn=false,waterlogged=false'
[17Aug2026 22:50:24.928] [Worker-Main-9/WARN] [net.minecraft.client.resources.model.BlockStateModelLoader/]: Exception loading blockstate definition: 'simulatedcoasters:blockstates/coaster_track_material.json' missing model for variant: 'simulatedcoasters:coaster_track_material#shape=tn,turn=true,waterlogged=false'
[17Aug2026 22:50:24.928] [Worker-Main-9/WARN] [net.minecraft.client.resources.model.BlockStateModelLoader/]: Exception loading blockstate definition: 'simulatedcoasters:blockstates/coaster_track_material.json' missing model for variant: 'simulatedcoasters:coaster_track_material#shape=cr_d,turn=false,waterlogged=true'
[17Aug2026 22:50:24.928] [Worker-Main-9/WARN] [net.minecraft.client.resources.model.BlockStateModelLoader/]: Exception loading blockstate definition: 'simulatedcoasters:blockstates/coaster_track_material.json' missing model for variant: 'simulatedcoasters:coaster_track_material#shape=cr_ndz,turn=true,waterlogged=false'
[17Aug2026 22:50:24.929] [Worker-Main-9/WARN] [net.minecraft.client.resources.model.BlockStateModelLoader/]: Exception loading blockstate definition: 'simulatedcoasters:blockstates/coaster_track_material.json' missing model for variant: 'simulatedcoasters:coaster_track_material#shape=pd,turn=false,waterlogged=false'
[17Aug2026 22:50:24.929] [Worker-Main-9/WARN] [net.minecraft.client.resources.model.BlockStateModelLoader/]: Exception loading blockstate definition: 'simulatedcoasters:blockstates/coaster_track_material.json' missing model for variant: 'simulatedcoasters:coaster_track_material#shape=xo,turn=true,waterlogged=false'
[17Aug2026 22:50:24.929] [Worker-Main-9/WARN] [net.minecraft.client.resources.model.BlockStateModelLoader/]: Exception loading blockstate definition: 'simulatedcoasters:blockstates/coaster_track_material.json' missing model for variant: 'simulatedcoasters:coaster_track_material#shape=tn,turn=false,waterlogged=true'
[17Aug2026 22:50:24.929] [Worker-Main-9/WARN] [net.minecraft.client.resources.model.BlockStateModelLoader/]: Exception loading blockstate definition: 'simulatedcoasters:blockstates/coaster_track_material.json' missing model for variant: 'simulatedcoasters:coaster_track_material#shape=xo,turn=false,waterlogged=true'
[17Aug2026 22:50:24.929] [Worker-Main-9/WARN] [net.minecraft.client.resources.model.BlockStateModelLoader/]: Exception loading blockstate definition: 'simulatedcoasters:blockstates/coaster_track_material.json' missing model for variant: 'simulatedcoasters:coaster_track_material#shape=aw,turn=true,waterlogged=true'
[17Aug2026 22:50:24.929] [Worker-Main-9/WARN] [net.minecraft.client.resources.model.BlockStateModelLoader/]: Exception loading blockstate definition: 'simulatedcoasters:blockstates/coaster_track_material.json' missing model for variant: 'simulatedcoasters:coaster_track_material#shape=ts,turn=true,waterlogged=false'
[17Aug2026 22:50:24.929] [Worker-Main-9/WARN] [net.minecraft.client.resources.model.BlockStateModelLoader/]: Exception loading blockstate definition: 'simulatedcoasters:blockstates/coaster_track_material.json' missing model for variant: 'simulatedcoasters:coaster_track_material#shape=ae,turn=true,waterlogged=true'
[17Aug2026 22:50:24.929] [Worker-Main-9/WARN] [net.minecraft.client.resources.model.BlockStateModelLoader/]: Exception loading blockstate definition: 'simulatedcoasters:blockstates/coaster_track_material.json' missing model for variant: 'simulatedcoasters:coaster_track_material#shape=cr_pdx,turn=false,waterlogged=true'
[17Aug2026 22:50:24.929] [Worker-Main-9/WARN] [net.minecraft.client.resources.model.BlockStateModelLoader/]: Exception loading blockstate definition: 'simulatedcoasters:blockstates/coaster_track_material.json' missing model for variant: 'simulatedcoasters:coaster_track_material#shape=te,turn=true,waterlogged=false'
[17Aug2026 22:50:24.929] [Worker-Main-9/WARN] [net.minecraft.client.resources.model.BlockStateModelLoader/]: Exception loading blockstate definition: 'simulatedcoasters:blockstates/coaster_track_material.json' missing model for variant: 'simulatedcoasters:coaster_track_material#shape=tw,turn=false,waterlogged=true'
[17Aug2026 22:50:24.929] [Worker-Main-9/WARN] [net.minecraft.client.resources.model.BlockStateModelLoader/]: Exception loading blockstate definition: 'simulatedcoasters:blockstates/coaster_track_material.json' missing model for variant: 'simulatedcoasters:coaster_track_material#shape=xo,turn=false,waterlogged=false'
[17Aug2026 22:50:24.929] [Worker-Main-9/WARN] [net.minecraft.client.resources.model.BlockStateModelLoader/]: Exception loading blockstate definition: 'simulatedcoasters:blockstates/coaster_track_material.json' missing model for variant: 'simulatedcoasters:coaster_track_material#shape=as,turn=false,waterlogged=true'
[17Aug2026 22:50:24.929] [Worker-Main-9/WARN] [net.minecraft.client.resources.model.BlockStateModelLoader/]: Exception loading blockstate definition: 'simulatedcoasters:blockstates/coaster_track_material.json' missing model for variant: 'simulatedcoasters:coaster_track_material#shape=pd,turn=true,waterlogged=false'
[17Aug2026 22:50:24.929] [Worker-Main-9/WARN] [net.minecraft.client.resources.model.BlockStateModelLoader/]: Exception loading blockstate definition: 'simulatedcoasters:blockstates/coaster_track_material.json' missing model for variant: 'simulatedcoasters:coaster_track_material#shape=cr_pdx,turn=true,waterlogged=true'
[17Aug2026 22:50:24.929] [Worker-Main-9/WARN] [net.minecraft.client.resources.model.BlockStateModelLoader/]: Exception loading blockstate definition: 'simulatedcoasters:blockstates/coaster_track_material.json' missing model for variant: 'simulatedcoasters:coaster_track_material#shape=tn,turn=false,waterlogged=false'
[17Aug2026 22:50:24.929] [Worker-Main-9/WARN] [net.minecraft.client.resources.model.BlockStateModelLoader/]: Exception loading blockstate definition: 'simulatedcoasters:blockstates/coaster_track_material.json' missing model for variant: 'simulatedcoasters:coaster_track_material#shape=nd,turn=true,waterlogged=true'
[17Aug2026 22:50:24.929] [Worker-Main-9/WARN] [net.minecraft.client.resources.model.BlockStateModelLoader/]: Exception loading blockstate definition: 'simulatedcoasters:blockstates/coaster_track_material.json' missing model for variant: 'simulatedcoasters:coaster_track_material#shape=nd,turn=true,waterlogged=false'
[17Aug2026 22:50:24.929] [Worker-Main-9/WARN] [net.minecraft.client.resources.model.BlockStateModelLoader/]: Exception loading blockstate definition: 'simulatedcoasters:blockstates/coaster_track_material.json' missing model for variant: 'simulatedcoasters:coaster_track_material#shape=cr_pdz,turn=true,waterlogged=false'
[17Aug2026 22:50:24.929] [Worker-Main-9/WARN] [net.minecraft.client.resources.model.BlockStateModelLoader/]: Exception loading blockstate definition: 'simulatedcoasters:blockstates/coaster_track_material.json' missing model for variant: 'simulatedcoasters:coaster_track_material#shape=ts,turn=false,waterlogged=false'
[17Aug2026 22:50:24.930] [Worker-Main-9/WARN] [net.minecraft.client.resources.model.BlockStateModelLoader/]: Exception loading blockstate definition: 'simulatedcoasters:blockstates/coaster_track_material.json' missing model for variant: 'simulatedcoasters:coaster_track_material#shape=cr_pdx,turn=false,waterlogged=false'
[17Aug2026 22:50:24.930] [Worker-Main-9/WARN] [net.minecraft.client.resources.model.BlockStateModelLoader/]: Exception loading blockstate definition: 'simulatedcoasters:blockstates/coaster_track_material.json' missing model for variant: 'simulatedcoasters:coaster_track_material#shape=an,turn=false,waterlogged=true'
[17Aug2026 22:50:24.930] [Worker-Main-9/WARN] [net.minecraft.client.resources.model.BlockStateModelLoader/]: Exception loading blockstate definition: 'simulatedcoasters:blockstates/coaster_track_material.json' missing model for variant: 'simulatedcoasters:coaster_track_material#shape=none,turn=true,waterlogged=true'
[17Aug2026 22:50:24.930] [Worker-Main-9/WARN] [net.minecraft.client.resources.model.BlockStateModelLoader/]: Exception loading blockstate definition: 'simulatedcoasters:blockstates/coaster_track_material.json' missing model for variant: 'simulatedcoasters:coaster_track_material#shape=cr_ndz,turn=false,waterlogged=false'
[17Aug2026 22:50:24.930] [Worker-Main-9/WARN] [net.minecraft.client.resources.model.BlockStateModelLoader/]: Exception loading blockstate definition: 'simulatedcoasters:blockstates/coaster_track_material.json' missing model for variant: 'simulatedcoasters:coaster_track_material#shape=cr_ndx,turn=true,waterlogged=false'
[17Aug2026 22:50:24.930] [Render thread/INFO] [Photonics/]: Photonics shader source: path=/photonics/deprecated/shader_interface.glsl origin=photonics-jar sha256=5dfda62a6095f3b51553fc5ab09f6a103ffc712dc085e945dcf4d77fd79ca35d
[17Aug2026 22:50:24.930] [Render thread/INFO] [Photonics/]: Photonics shader source: path=/photonics/interface/lighting_interface.glsl origin=photonics-jar sha256=9a4d8485bce1dad2f12e2b328cd7e2ac4d590f4e9012b6df7fb0fd9835853e07
[17Aug2026 22:50:24.931] [Render thread/INFO] [Photonics/]: Photonics shader source: path=/photonics/interface/world_interface.glsl origin=photonics-jar sha256=824e3242f9613ce90af16908fe249e1ec8d7cdbc055edd991a9a62ef78a0ca37
[17Aug2026 22:50:24.931] [Render thread/INFO] [Photonics/]: Photonics shader source: path=/photonics/internal/impl/attenuation.glsl origin=photonics-jar sha256=8bde0c29d33d681517727a682d42a9611fae9588b253436da3cc1d6a186d740c
[17Aug2026 22:50:24.931] [Render thread/INFO] [Photonics/]: Photonics shader source: path=/photonics/internal/impl/is_hand.glsl origin=photonics-jar sha256=bbf92ac96d62c64d0aca3cd4f24823fecaa2f83e83548163c48ccda3635362d4
[17Aug2026 22:50:24.931] [Render thread/INFO] [Photonics/]: Photonics shader source: path=/photonics/internal/tracing/common.glsl origin=photonics-jar sha256=76620f1a6ad8a77e04c12e2e7350c1d9bff5b6ee12e8e45232ed76b87eae9b93
[17Aug2026 22:50:24.931] [Render thread/INFO] [Photonics/]: Photonics shader source: path=/photonics/internal/tracing/iterator.glsl origin=photonics-jar sha256=72e9cf28f92ecf4cd798e5a46ec40ae6050b9f8151a99a817dc6a66c9961f762
[17Aug2026 22:50:24.931] [Render thread/INFO] [Photonics/]: Photonics shader source: path=/photonics/internal/tracing/simple.glsl origin=photonics-jar sha256=00fff4fbf021ef1be9e94e1c3ce9b767519d517ec9b8b53ff95553342fcd5f7c
[17Aug2026 22:50:24.932] [Render thread/INFO] [Photonics/]: Photonics shader source: path=/photonics/internal/tracing/types.glsl origin=photonics-jar sha256=bc0b77ef28fa9c10319adeddb1e6d6dac7ac5788a1c356ad6ae3580b614aaba6
[17Aug2026 22:50:24.932] [Render thread/INFO] [Photonics/]: Photonics shader source: path=/photonics/light.glsl origin=photonics-jar sha256=45643f8c5db7777ea0f020e083ad35a4557f81f1e88aa1e3559d897bfd3d516d
[17Aug2026 22:50:24.932] [Render thread/INFO] [Photonics/]: Photonics shader source: path=/photonics/light_list.glsl origin=photonics-jar sha256=68bff9e0579d9ee6049376dbfc2fa10a38648f6ea679f53a1b0008a7aedd965d
[17Aug2026 22:50:24.932] [Render thread/INFO] [Photonics/]: Photonics shader source: path=/photonics/modifiers/attenuation_modifier.glsl origin=photonics-jar sha256=d842468d67ecb27a1778c6f6edd07051aea88f8604391e10481498bb9dbc23b4
[17Aug2026 22:50:24.932] [Render thread/INFO] [Photonics/]: Photonics shader source: path=/photonics/modifiers/handheld_light_pulse_modifier.glsl origin=photonics-jar sha256=2af6c839c63a2f3f6d783338518319cbb0212a7423889e1382b92a5a17b2af32
[17Aug2026 22:50:24.932] [Render thread/INFO] [Photonics/]: Photonics shader source: path=/photonics/modifiers/indirect_environment_modifier.glsl origin=photonics-jar sha256=d540b3d047b4f4fac57a93e3b3c25ea4f4c65d02b4e13fda8e591c724d8379d5
[17Aug2026 22:50:24.932] [Render thread/INFO] [Photonics/]: Photonics shader source: path=/photonics/modifiers/indirect_surface_sample_modifier.glsl origin=photonics-jar sha256=789b7f1e30af62ec9fb805524f6d46ef29166a3645f83b3c6b8e1b0595169831
[17Aug2026 22:50:24.933] [Render thread/INFO] [Photonics/]: Photonics shader source: path=/photonics/modifiers/is_hand_modifier.glsl origin=shader-pack sha256=d43b622fb771dfcb68d6980026dde741e4e47eb7d43847eea2632dcd5c1401dd
[17Aug2026 22:50:24.933] [Render thread/INFO] [Photonics/]: Photonics shader source: path=/photonics/modifiers/light_modifier.glsl origin=shader-pack sha256=3e287296dea097eb9baf73693316dde656eaeedead165120ed6c334e5cc4597f
[17Aug2026 22:50:24.933] [Render thread/INFO] [Photonics/]: Photonics shader source: path=/photonics/modifiers/restir_denoiser_depth_fetch_modifier.glsl origin=photonics-jar sha256=ced59a4690918514cbe2a90ee4d67782487c5c0b397b85d86a174eec4032a5e6
[17Aug2026 22:50:24.933] [Render thread/INFO] [Photonics/]: Photonics shader source: path=/photonics/modifiers/restir_gi_modifier.glsl origin=shader-pack sha256=87a3104b173d03c00f97a84f46e5f3e768ae3496334a812d4b07b791620bf699
[17Aug2026 22:50:24.933] [Render thread/INFO] [Photonics/]: Photonics shader source: path=/photonics/modifiers/voxel_color_modifier.glsl origin=photonics-jar sha256=637762f7d52cc5eb3b56f9ad97852ebe01d7ad2fd0f567649118bf7c107ea641
[17Aug2026 22:50:24.933] [Render thread/INFO] [Photonics/]: Photonics shader source: path=/photonics/palette.glsl origin=photonics-jar sha256=8a08c4fd9b044349da5e37ae631d18cabe5cb448bbfca6853f57b9a954f1f1f9
[17Aug2026 22:50:24.933] [Render thread/INFO] [Photonics/]: Photonics shader source: path=/photonics/ph_samplers.glsl origin=photonics-jar sha256=2c8c0f766adf3db913ee14ba798a9ce7fbcf81277a64f2ae1ab8f750d2caac35
[17Aug2026 22:50:24.933] [Render thread/INFO] [Photonics/]: Photonics shader source: path=/photonics/photonics.glsl origin=photonics-jar sha256=e3b0c44298fc1c149afbf4c8996fb92427ae41e4649b934ca495991b7852b855
[17Aug2026 22:50:24.933] [Render thread/INFO] [Photonics/]: Photonics shader source: path=/photonics/rendering/basic/samplers.glsl origin=photonics-jar sha256=b4bbf9746a62a1fa9ad01fbdbfaf471aaf4da874ca10727ec38c924ac3990675
[17Aug2026 22:50:24.933] [Render thread/INFO] [Photonics/]: Photonics shader source: path=/photonics/rendering/common.glsl origin=photonics-jar sha256=da5ce930f1552a62bfba73edf78c153c4ffa536cd10ed0b6c21cb39567225586
[17Aug2026 22:50:24.934] [Render thread/INFO] [Photonics/]: Photonics shader source: path=/photonics/rendering/frag/common.glsl origin=photonics-jar sha256=b2b6b769c6994d3ab973ad2bcddd386fdf2d8983a94d96ac989577c016726a2a
[17Aug2026 22:50:24.934] [Render thread/INFO] [Photonics/]: Photonics shader source: path=/photonics/rendering/frag/f0_load_frag.fsh origin=photonics-jar sha256=91ee71964a8139faefd01800e99133b5bdd7159cac89ac2686895ad8ac3d0e9d
[17Aug2026 22:50:24.934] [Render thread/INFO] [Photonics/]: Photonics shader source: path=/photonics/rendering/frag/f0_load_frag_gi.fsh origin=photonics-jar sha256=c4628ddca910c75924b79631cf208cdedad1b73ee817d6c73adb5a03167d74e4
[17Aug2026 22:50:24.934] [Render thread/INFO] [Photonics/]: Photonics shader source: path=/photonics/rendering/frag/f0_load_frag_impl.glsl origin=photonics-jar sha256=2914f4a5b3ca199ed2a4a33bfd972d919b571a43235ae14428d3830a05fcff03
[17Aug2026 22:50:24.934] [Render thread/INFO] [Photonics/]: Photonics shader source: path=/photonics/rendering/frag/frag_data.glsl origin=photonics-jar sha256=b531a3c63c98e8aa42169605930ba2825227ab8fb33b5c9e471cbe3ad7ead921
[17Aug2026 22:50:24.934] [Render thread/INFO] [Photonics/]: Photonics shader source: path=/photonics/rendering/frag/frag_motion.glsl origin=photonics-jar sha256=129d109cca0287e3fe33fca0b0bba1218b6bdf0b73a8248e17d454727e1635a8
[17Aug2026 22:50:24.934] [Render thread/INFO] [Photonics/]: Photonics shader source: path=/photonics/rendering/frag/sable_motion.glsl origin=photonics-jar sha256=214eecc4bb9927b35d1add0525c507796cc52e8da95f60429edfc5c2b2511837
[17Aug2026 22:50:24.935] [Render thread/INFO] [Photonics/]: Photonics shader source: path=/photonics/rendering/frag/world_interface.glsl origin=photonics-jar sha256=cd9fa7ad81b2a6d00baebdde7f260967e9b6e2c28b36e5822fb1fa980cc3b19e
[17Aug2026 22:50:24.935] [Render thread/INFO] [Photonics/]: Photonics shader source: path=/photonics/rendering/handheld_lighting.glsl origin=photonics-jar sha256=7d7b9c3503c53f020250fd03cbf1f7e72c5fcd9d869d5fad1ea59570a8c0df11
[17Aug2026 22:50:24.935] [Render thread/INFO] [Photonics/]: Photonics shader source: path=/photonics/rendering/indirect_lighting.glsl origin=photonics-jar sha256=f857ca80a638dc915c0d754dc85f69c670d6f0d0bc0d2d7e627f31aeafcbd96e
[17Aug2026 22:50:24.935] [Render thread/INFO] [Photonics/]: Photonics shader source: path=/photonics/rendering/off/samplers.glsl origin=photonics-jar sha256=b4bbf9746a62a1fa9ad01fbdbfaf471aaf4da874ca10727ec38c924ac3990675
[17Aug2026 22:50:24.935] [Render thread/INFO] [Photonics/]: Photonics shader source: path=/photonics/rendering/restir/direct/reservoir.glsl origin=photonics-jar sha256=30b0eff0d8df1b854e1230a6435bb133cc206a1a1b2a93f5527b8130edb155d3
[17Aug2026 22:50:24.936] [Render thread/INFO] [Photonics/]: Photonics shader source: path=/photonics/rendering/restir/direct/sample.glsl origin=photonics-jar sha256=eae45dc41a798dcfda462a999e54ae931d2061866decfce5dd0558a2e31c576b
[17Aug2026 22:50:24.936] [Render thread/INFO] [Photonics/]: Photonics shader source: path=/photonics/rendering/restir/indirect/reservoir.glsl origin=photonics-jar sha256=801689a4fad030ccbd33bea41d7c5f0ff6175f89ea51af5e6fa0485901fd217e
[17Aug2026 22:50:24.936] [Render thread/INFO] [Photonics/]: Photonics shader source: path=/photonics/rendering/restir/indirect/sample.glsl origin=photonics-jar sha256=dab16fc0478ada44bf71e70b3a38c2268d2f089bdc6b06717013c392eacaf211
[17Aug2026 22:50:24.936] [Render thread/INFO] [Photonics/]: Photonics shader source: path=/photonics/rendering/restir/pass_mode.glsl origin=photonics-jar sha256=0bf5825204a620ae77d33fa4169eaa8fa3e061875e6d030859065e4249b4d2b1
[17Aug2026 22:50:24.936] [Render thread/INFO] [Photonics/]: Photonics shader source: path=/photonics/rendering/restir/passes/r10_handheld.fsh origin=photonics-jar sha256=5a76ead421d3b886a2fe7ba8a8f2bf2f1831fb8a76a094ce0ec5764b8f08a681
[17Aug2026 22:50:24.936] [Render thread/INFO] [Photonics/]: Photonics shader source: path=/photonics/rendering/restir/passes/r10_local_direct.fsh origin=photonics-jar sha256=6eb04dadf51ab161d0648a328618f205f39cff2c7dd5f871103ccc933027bbe8
[17Aug2026 22:50:24.937] [Render thread/INFO] [Photonics/]: Photonics shader source: path=/photonics/rendering/restir/passes/r10_source_history_diagnostic.fsh origin=photonics-jar sha256=663341f7cc1491e061b30bf18c463d7a699559e00029a9216283c0fdae0a6d91
[17Aug2026 22:50:24.937] [Render thread/INFO] [Photonics/]: Photonics shader source: path=/photonics/rendering/restir/passes/r1_initial_direct.fsh origin=photonics-jar sha256=dd82fa9d0f5b54fc2bac969100d75ac4206ae67826ebf92fce7930992e90c8ad
[17Aug2026 22:50:24.937] [Render thread/INFO] [Photonics/]: Photonics shader source: path=/photonics/rendering/restir/passes/r2_validate_initial_direct.fsh origin=photonics-jar sha256=38c7af27bc60c78aea3ba2d8b2508a5c3355861b3872483ae454b7a3578dac20
[17Aug2026 22:50:24.937] [Render thread/INFO] [Photonics/]: Photonics shader source: path=/photonics/rendering/restir/passes/r3_initial_indirect.fsh origin=photonics-jar sha256=438d19ad024fa3bea80fd4235772c8c7ed0726a7686c3566f72cfe67e911dcb8
[17Aug2026 22:50:24.937] [Render thread/INFO] [Photonics/]: Photonics shader source: path=/photonics/rendering/restir/passes/r4_temporal_reuse.fsh origin=photonics-jar sha256=2a62eeb8d34f65725d3243535a657a7f31c486ee54482f2fef20a39d0a55fbea
[17Aug2026 22:50:24.937] [Render thread/INFO] [Photonics/]: Photonics shader source: path=/photonics/rendering/restir/passes/r4_temporal_reuse_gi.fsh origin=photonics-jar sha256=e87b9286bd28c1a1be2cab077f180cf5268ba2a0c04e24fd6bbcae3096845e80
[17Aug2026 22:50:24.937] [Render thread/INFO] [Photonics/]: Photonics shader source: path=/photonics/rendering/restir/passes/r4_temporal_reuse_impl.glsl origin=photonics-jar sha256=46460985c1c64ea50b1355f22710e919ae073f91ae0757baefe3eee7e04333c0
[17Aug2026 22:50:24.937] [Render thread/INFO] [Photonics/]: Photonics shader source: path=/photonics/rendering/restir/passes/r5_copy_spatial_input.fsh origin=photonics-jar sha256=c7bef63c7e880f21ff67ad8387bfd4dc45d614e2b70ea1eeb968a7a11a6a8410
[17Aug2026 22:50:24.937] [Render thread/INFO] [Photonics/]: Photonics shader source: path=/photonics/rendering/restir/passes/r5_copy_spatial_input_gi.fsh origin=photonics-jar sha256=8104121d4703dbd3904e6ebd3d1aca72546fc8640b7e02665756c166e6fdea9a
[17Aug2026 22:50:24.937] [Render thread/INFO] [Photonics/]: Photonics shader source: path=/photonics/rendering/restir/passes/r5_copy_spatial_input_impl.glsl origin=photonics-jar sha256=b473deb2db0f736dc32c0ca166fc6ebdba8c1de821e5013601058f6ceb1ee9a5
[17Aug2026 22:50:24.937] [Render thread/INFO] [Photonics/]: Photonics shader source: path=/photonics/rendering/restir/passes/r5_spatial_reuse.fsh origin=photonics-jar sha256=3afbaf39567bdef33cde54defaff37e4521414613c181d3e707360b1922c8ee7
[17Aug2026 22:50:24.937] [Render thread/INFO] [Photonics/]: Photonics shader source: path=/photonics/rendering/restir/passes/r5_spatial_reuse_gi.fsh origin=photonics-jar sha256=fdf62149d097da640748e5c3bf70cc0df0546cd778503d13ff404fcb458d8529
[17Aug2026 22:50:24.937] [Render thread/INFO] [Photonics/]: Photonics shader source: path=/photonics/rendering/restir/passes/r5_spatial_reuse_impl.glsl origin=photonics-jar sha256=a10a366ca2dc4f30672871c4921058bfdd74bd25430ae66553c8d0855f4117b9
[17Aug2026 22:50:24.938] [Render thread/INFO] [Photonics/]: Photonics shader source: path=/photonics/rendering/restir/passes/r6_diffuse.fsh origin=photonics-jar sha256=d4836ef683048e627de02c30d0cf1f53dca2660fcda48aac023bff09db70ac03
[17Aug2026 22:50:24.938] [Render thread/INFO] [Photonics/]: Photonics shader source: path=/photonics/rendering/restir/passes/r6_diffuse_gi.fsh origin=photonics-jar sha256=7f2aa272a4c819112f4afa232fd093950362a88079cf094716124afed298a1f0
[17Aug2026 22:50:24.938] [Render thread/INFO] [Photonics/]: Photonics shader source: path=/photonics/rendering/restir/passes/r6_diffuse_impl.glsl origin=photonics-jar sha256=8f4ddac8efd9fe867ad0ff9ff5bbc4dcd8a36e144560c4d39556422136595878
[17Aug2026 22:50:24.938] [Render thread/INFO] [Photonics/]: Photonics shader source: path=/photonics/rendering/restir/passes/r6_validate_indirect.fsh origin=photonics-jar sha256=926bec667c02867283b13b1d308cab73f7200233573abec27a30e81bd6e0441c
[17Aug2026 22:50:24.938] [Render thread/INFO] [Photonics/]: Photonics shader source: path=/photonics/rendering/restir/passes/r7_accumulation.fsh origin=photonics-jar sha256=f67e0c4be3d0113c07818e8dac990f7d6682467627fede4b4ed4369960f0f69b
[17Aug2026 22:50:24.938] [Render thread/INFO] [Photonics/]: Photonics shader source: path=/photonics/rendering/restir/passes/r7_accumulation_gi.fsh origin=photonics-jar sha256=0cc2f264ba1e91fb378670842f4481a474e3331c984ee36e171fd5077aaa12dc
[17Aug2026 22:50:24.938] [Render thread/INFO] [Photonics/]: Photonics shader source: path=/photonics/rendering/restir/passes/r7_accumulation_impl.glsl origin=photonics-jar sha256=b53161f28aee8a8c3c4d2171834a55bdc31f9f344d3795c6d64f3435d1270773
[17Aug2026 22:50:24.938] [Render thread/INFO] [Photonics/]: Photonics shader source: path=/photonics/rendering/restir/passes/r7_validity_capture_impl.glsl origin=photonics-jar sha256=ae2e8ab1d6f99e7e290c9cb97e7d05c1c7ef228fba1c61fb51b9f3be1e16bcd3
[17Aug2026 22:50:24.938] [Render thread/INFO] [Photonics/]: Photonics shader source: path=/photonics/rendering/restir/passes/r7_validity_current.fsh origin=photonics-jar sha256=03930841243e480d3588412127ac1b25c99a484dba635c94d2fe97dbe1dbf86c
[17Aug2026 22:50:24.938] [Render thread/INFO] [Photonics/]: Photonics shader source: path=/photonics/rendering/restir/passes/r7_validity_final.fsh origin=photonics-jar sha256=ba0a21a10b642677c313e55fb7f2f7779ce234a39eff0d6138c5c9a25c722247
[17Aug2026 22:50:24.938] [Render thread/INFO] [Photonics/]: Photonics shader source: path=/photonics/rendering/restir/passes/r8_variance_prefilter.fsh origin=photonics-jar sha256=f3b5088fad73b3289c9c4cc0455ce4a37821d92397571e4e32a01244520b5eb4
[17Aug2026 22:50:24.938] [Render thread/INFO] [Photonics/]: Photonics shader source: path=/photonics/rendering/restir/passes/r8_variance_prefilter_gi.fsh origin=photonics-jar sha256=94cb9c94647286e425b901aa41bd5d5d90dccda97336fff3d80122d492832e10
[17Aug2026 22:50:24.938] [Render thread/INFO] [Photonics/]: Photonics shader source: path=/photonics/rendering/restir/passes/r8_variance_prefilter_impl.glsl origin=photonics-jar sha256=de252f993d16584cb7576ac6204fba7b7b8ae4184c275bc764db50b90826cf41
[17Aug2026 22:50:24.939] [Render thread/INFO] [Photonics/]: Photonics shader source: path=/photonics/rendering/restir/passes/r9_denoising.fsh origin=photonics-jar sha256=5b7dad4cd0fb06eea60102c8cc536d7b26138fd1bd27c94bff03ec3453885512
[17Aug2026 22:50:24.939] [Render thread/INFO] [Photonics/]: Photonics shader source: path=/photonics/rendering/restir/passes/r9_denoising_gi.fsh origin=photonics-jar sha256=544bde21964b72bf620afab175cdcc28ea3610550821c23737afd4b150f1ea7f
[17Aug2026 22:50:24.939] [Render thread/INFO] [Photonics/]: Photonics shader source: path=/photonics/rendering/restir/passes/r9_denoising_impl.glsl origin=photonics-jar sha256=5c4940b8352e0d0f03a9677e9be62299795c1ec06f0cf238105a85f4eef086d3
[17Aug2026 22:50:24.941] [Render thread/INFO] [Photonics/]: Photonics shader source: path=/photonics/rendering/restir/restir.glsl origin=photonics-jar sha256=00613fc571b54629398ef29b9f478e3c4a2b776e2a63a99369e573429bc515df
[17Aug2026 22:50:24.942] [Render thread/INFO] [Photonics/]: Photonics shader source: path=/photonics/rendering/restir/samplers.glsl origin=photonics-jar sha256=fda77fd78a9d80fa9dbc4f885ac76861f2c63e578c4d87d08c5474c71a3a4dd5
[17Aug2026 22:50:24.942] [Render thread/INFO] [Photonics/]: Photonics shader source: path=/photonics/rendering/restir/svgf.glsl origin=photonics-jar sha256=e7d4ec9cc60c758f600f874beea6dd496b7f4af47f011f62ec9cefa60c04a95a
[17Aug2026 22:50:24.942] [Render thread/INFO] [Photonics/]: Photonics shader source: path=/photonics/rendering/screen.vsh origin=photonics-jar sha256=78a87c7284546194336a3d0b8aa30f36385d52165dbe7c30f083bc572ba65b55
[17Aug2026 22:50:24.943] [Render thread/INFO] [Photonics/]: Photonics shader source: path=/photonics/rendering/temporal_upscaler/reconstruct.fsh origin=photonics-jar sha256=300d73f833d4759f48e8f1b791172a116149d3e826babd43afb4cb366b6a62ca
[17Aug2026 22:50:24.944] [Render thread/INFO] [Photonics/]: Photonics shader source: path=/photonics/rendering/temporal_upscaler/source.fsh origin=photonics-jar sha256=9abe45d83ce43a3e04e7b09fbe5bd60a4263904a6ed88afbb89632ba6cb23a62
[17Aug2026 22:50:24.944] [Render thread/INFO] [Photonics/]: Photonics shader source: path=/photonics/samplers.glsl origin=photonics-jar sha256=decded47d4ccd99779d96399df3c37f0209e6911576642ff3c6528bd2f9e4ccd
[17Aug2026 22:50:24.944] [Render thread/INFO] [Photonics/]: Photonics shader source: path=/photonics/shader_interface.glsl origin=shader-pack sha256=58fc0a1dafa8d21379effac55bbe6a2c8a21cca6d3c7fc947ea5aff3c9b19f1f
[17Aug2026 22:50:24.947] [Render thread/INFO] [Photonics/]: Photonics shader source: path=/photonics/tracing.glsl origin=photonics-jar sha256=cc7c79c35df4e28240732b99ad9970ffd1a2412e7fe5a0b22b8454283314aec0
[17Aug2026 22:50:24.948] [Render thread/INFO] [Photonics/]: Photonics shader source: path=/photonics/uniforms.glsl origin=photonics-jar sha256=75eccd0fd5ef1484b6f83ccc2a27a82d48b7f04ad0e7a9bab4545e563a0f61a0
[17Aug2026 22:50:24.948] [Render thread/INFO] [Photonics/]: Photonics shader source: path=/photonics/utility/color.glsl origin=photonics-jar sha256=fb0a76ebeb7d8dc8599b2ccd56108210077ea821a3a16cf6486318a87c6c389d
[17Aug2026 22:50:24.948] [Render thread/INFO] [Photonics/]: Photonics shader source: path=/photonics/utility/normal_encoding.glsl origin=photonics-jar sha256=025419de62a1513a0eb196416c6200f5fd1f9535c92d08ff11fbeac53c362775
[17Aug2026 22:50:24.948] [Render thread/INFO] [Photonics/]: Photonics shader source: path=/photonics/utility/projection.glsl origin=photonics-jar sha256=99b46f0f8a8602987cb3265806e7c47b74e044c92ee80724f3a3f2d7af5d8d1d
[17Aug2026 22:50:24.948] [Render thread/INFO] [Photonics/]: Photonics shader source: path=/photonics/utility/radiance.glsl origin=photonics-jar sha256=390a19d3ebac5c52efdd69384b7ed494d2ee07ef8e42fcc1ff741638243b42ed
[17Aug2026 22:50:24.948] [Render thread/INFO] [Photonics/]: Photonics shader source: path=/photonics/utility/random.glsl origin=photonics-jar sha256=e75a328d72ec1055938195070ff95a6d91abc206c03a57202be52ef757ebb495
[17Aug2026 22:50:24.955] [Render thread/INFO] [Photonics/]: Photon compatibility v119 applied to /include/lighting/diffuse_lighting.glsl: sourceSha256=dec317d851dfa22d3d44275efd0817fbae25291f78ef412295df8f380fd75eed, patchedSha256=bdeeed31e8eaf79ab5a61c1eeb71cf889f9eb0340ddbdc908dec978569a3571f, disableDhCaveFallback=false; native Photonics receivers use traced GI and DH cave fallback defaults to enabled
[17Aug2026 22:50:25.074] [Render thread/WARN] [Iris/]: Invalid pack option: GTAO
[17Aug2026 22:50:25.074] [Render thread/WARN] [Iris/]: Invalid pack option: GTAO
[17Aug2026 22:50:25.086] [Render thread/WARN] [Iris/]: Unable to resolve shader pack option menu element "WATER_REFRACTION" defined in shaders.properties
[17Aug2026 22:50:25.086] [Render thread/WARN] [Iris/]: Unable to resolve shader pack option menu element "WATER_REFRACTION_INTENSITY" defined in shaders.properties
[17Aug2026 22:50:25.087] [Render thread/WARN] [Iris/]: Unable to resolve shader pack option menu element "CLOUDS_DAILY_WEATHER" defined in shaders.properties
[17Aug2026 22:50:25.087] [Render thread/WARN] [Iris/]: Unable to resolve shader pack option menu element "CLOUDS_CUMULUS_CONGESTUS_PRIMARY_STEPS_H" defined in shaders.properties
[17Aug2026 22:50:25.087] [Render thread/WARN] [Iris/]: Unable to resolve shader pack option menu element "CLOUDS_CUMULUS_CONGESTUS_PRIMARY_STEPS_Z" defined in shaders.properties
[17Aug2026 22:50:25.087] [Render thread/INFO] [Iris/]: Profile: ultra (+9 options changed by user)
[17Aug2026 22:50:25.775] [Render thread/WARN] [Iris/]: Failed to parse an ResourceLocation in item.properties for the key item.10056: state properties are currently not supported: calibrated_sculk_sensor:sculk_sensor_phase=inactive
[17Aug2026 22:50:25.775] [Render thread/WARN] [Iris/]: Failed to parse an ResourceLocation in item.properties for the key item.10056: state properties are currently not supported: calibrated_sculk_sensor:sculk_sensor_phase=cooldown
[17Aug2026 22:50:25.775] [Render thread/WARN] [Iris/]: Failed to parse an ResourceLocation in item.properties for the key item.10057: state properties are currently not supported: calibrated_sculk_sensor:sculk_sensor_phase=active
[17Aug2026 22:50:25.775] [Render thread/WARN] [Iris/]: Failed to parse an ResourceLocation in item.properties for the key item.10057: state properties are currently not supported: sculk_sensor:sculk_sensor_phase=active
[17Aug2026 22:50:25.775] [Render thread/WARN] [Iris/]: Failed to parse an ResourceLocation in item.properties for the key item.10061: state properties are currently not supported: weathered_copper_bulb:lit=true
[17Aug2026 22:50:25.775] [Render thread/WARN] [Iris/]: Failed to parse an ResourceLocation in item.properties for the key item.10061: state properties are currently not supported: oxidized_copper_bulb:lit=true
[17Aug2026 22:50:25.775] [Render thread/WARN] [Iris/]: Failed to parse an ResourceLocation in item.properties for the key item.10061: state properties are currently not supported: waxed_weathered_copper_bulb:lit=true
[17Aug2026 22:50:25.775] [Render thread/WARN] [Iris/]: Failed to parse an ResourceLocation in item.properties for the key item.10061: state properties are currently not supported: waxed_oxidized_copper_bulb:lit=true
[17Aug2026 22:50:25.775] [Render thread/WARN] [Iris/]: Failed to parse an ResourceLocation in item.properties for the key item.10061: state properties are currently not supported: copper_bulb:lit=true
[17Aug2026 22:50:25.775] [Render thread/WARN] [Iris/]: Failed to parse an ResourceLocation in item.properties for the key item.10061: state properties are currently not supported: exposed_copper_bulb:lit=true
[17Aug2026 22:50:25.775] [Render thread/WARN] [Iris/]: Failed to parse an ResourceLocation in item.properties for the key item.10061: state properties are currently not supported: waxed_copper_bulb:lit=true
[17Aug2026 22:50:25.775] [Render thread/WARN] [Iris/]: Failed to parse an ResourceLocation in item.properties for the key item.10061: state properties are currently not supported: waxed_exposed_copper_bulb:lit=true
[17Aug2026 22:50:25.802] [Render thread/INFO] [Iris/]: Using shaderpack: photon-main (1).zip
[17Aug2026 22:50:26.027] [Render thread/INFO] [xaero.minimap.XaeroMinimap/]: Loading Xaero's Minimap - Stage 2/2
[17Aug2026 22:50:26.657] [Render thread/INFO] [xaero.hud.minimap.MinimapLogs/]: Registered player tracker system: minimap_synced
[17Aug2026 22:50:26.657] [Render thread/INFO] [xaero.lib.XaeroLib/]: Loading XaeroLib common 2/2!
[17Aug2026 22:50:26.657] [Render thread/INFO] [xaero.lib.XaeroLib/]: Loading XaeroLib client 2/2!
[17Aug2026 22:50:26.675] [Render thread/INFO] [Veil/]: Loaded 0 shader redirects, 0 replacements
[17Aug2026 22:50:26.682] [Render thread/INFO] [top.leonx.irisveil.IrisVeilCompat/]: [VeilHook] Captured vertex source for 'veil:necromancer/skinned_mesh': 5049 chars, hasGetVelocity=false, hasOffset=false
[17Aug2026 22:50:26.726] [Render thread/INFO] [top.leonx.irisveil.IrisVeilCompat/]: [VeilHook] Captured fragment source for 'veil:necromancer/skinned_mesh': 2073 chars
[17Aug2026 22:50:26.737] [Render thread/INFO] [top.leonx.irisveil.IrisVeilCompat/]: [VeilHook] Captured vertex source for 'veil:blit_screen': 542 chars, hasGetVelocity=false, hasOffset=false
[17Aug2026 22:50:26.737] [Render thread/INFO] [top.leonx.irisveil.IrisVeilCompat/]: [VeilHook] Captured fragment source for 'veil:blit_depth': 532 chars
[17Aug2026 22:50:26.738] [Render thread/INFO] [top.leonx.irisveil.IrisVeilCompat/]: [VeilHook] Captured vertex source for 'veil:blit_screen': 542 chars, hasGetVelocity=false, hasOffset=false
[17Aug2026 22:50:26.738] [Render thread/INFO] [top.leonx.irisveil.IrisVeilCompat/]: [VeilHook] Captured fragment source for 'veil:blit_screen': 495 chars
[17Aug2026 22:50:26.740] [Render thread/INFO] [top.leonx.irisveil.IrisVeilCompat/]: [VeilHook] Captured vertex source for 'veil:core/blit_screen_effect': 600 chars, hasGetVelocity=false, hasOffset=false
[17Aug2026 22:50:26.740] [Render thread/INFO] [top.leonx.irisveil.IrisVeilCompat/]: [VeilHook] Captured fragment source for 'veil:core/blit_screen_effect': 543 chars
[17Aug2026 22:50:26.740] [Render thread/INFO] [top.leonx.irisveil.IrisVeilCompat/]: [VeilHook] Captured vertex source for 'veil:light/area': 1703 chars, hasGetVelocity=false, hasOffset=false
[17Aug2026 22:50:26.741] [Render thread/INFO] [top.leonx.irisveil.IrisVeilCompat/]: [VeilHook] Captured fragment source for 'veil:light/area': 14130 chars
[17Aug2026 22:50:26.750] [Render thread/INFO] [top.leonx.irisveil.IrisVeilCompat/]: [VeilHook] Captured vertex source for 'veil:blit_screen': 542 chars, hasGetVelocity=false, hasOffset=false
[17Aug2026 22:50:26.750] [Render thread/INFO] [top.leonx.irisveil.IrisVeilCompat/]: [VeilHook] Captured fragment source for 'veil:debug/cubemap': 1758 chars
[17Aug2026 22:50:26.751] [Render thread/INFO] [top.leonx.irisveil.IrisVeilCompat/]: [VeilHook] Captured vertex source for 'simulated:end_sea': 1127 chars, hasGetVelocity=false, hasOffset=false
[17Aug2026 22:50:26.751] [Render thread/INFO] [top.leonx.irisveil.IrisVeilCompat/]: [VeilHook] Captured fragment source for 'simulated:end_sea': 1278 chars
[17Aug2026 22:50:26.753] [Render thread/INFO] [top.leonx.irisveil.IrisVeilCompat/]: [VeilHook] Captured vertex source for 'simulated:rope/rope': 4214 chars, hasGetVelocity=false, hasOffset=false
[17Aug2026 22:50:26.753] [Render thread/INFO] [top.leonx.irisveil.IrisVeilCompat/]: [VeilHook] Captured fragment source for 'simulated:rope/rope': 1948 chars
[17Aug2026 22:50:26.754] [Render thread/INFO] [top.leonx.irisveil.IrisVeilCompat/]: [VeilHook] Captured vertex source for 'veil:quasar/particle_additive': 1985 chars, hasGetVelocity=false, hasOffset=false
[17Aug2026 22:50:26.754] [Render thread/INFO] [top.leonx.irisveil.IrisVeilCompat/]: [VeilHook] Captured fragment source for 'veil:quasar/particle_additive': 1874 chars
[17Aug2026 22:50:26.755] [Render thread/INFO] [top.leonx.irisveil.IrisVeilCompat/]: [VeilHook] Captured vertex source for 'simulated:redstone_accumulator/diode': 4070 chars, hasGetVelocity=false, hasOffset=false
[17Aug2026 22:50:26.755] [Render thread/INFO] [top.leonx.irisveil.IrisVeilCompat/]: [VeilHook] Captured fragment source for 'simulated:redstone_accumulator/diode': 3788 chars
[17Aug2026 22:50:26.755] [Render thread/INFO] [top.leonx.irisveil.IrisVeilCompat/]: [VeilHook] Captured vertex source for 'contraptionlights:light/sublevel_point': 1054 chars, hasGetVelocity=false, hasOffset=false
[17Aug2026 22:50:26.756] [Render thread/INFO] [top.leonx.irisveil.IrisVeilCompat/]: [VeilHook] Captured fragment source for 'contraptionlights:light/sublevel_point': 15830 chars
[17Aug2026 22:50:26.763] [Render thread/INFO] [top.leonx.irisveil.IrisVeilCompat/]: [VeilHook] Captured vertex source for 'veil:debug/shell': 629 chars, hasGetVelocity=false, hasOffset=false
[17Aug2026 22:50:26.763] [Render thread/INFO] [top.leonx.irisveil.IrisVeilCompat/]: [VeilHook] Captured fragment source for 'veil:debug/shell': 605 chars
[17Aug2026 22:50:26.764] [Render thread/INFO] [top.leonx.irisveil.IrisVeilCompat/]: [VeilHook] Captured vertex source for 'veil:blit_screen': 542 chars, hasGetVelocity=false, hasOffset=false
[17Aug2026 22:50:26.764] [Render thread/INFO] [top.leonx.irisveil.IrisVeilCompat/]: [VeilHook] Captured fragment source for 'veil:light/directional': 9064 chars
[17Aug2026 22:50:26.766] [Render thread/INFO] [top.leonx.irisveil.IrisVeilCompat/]: [VeilHook] Captured vertex source for 'veil:quasar/particle': 1985 chars, hasGetVelocity=false, hasOffset=false
[17Aug2026 22:50:26.766] [Render thread/INFO] [top.leonx.irisveil.IrisVeilCompat/]: [VeilHook] Captured fragment source for 'veil:quasar/particle': 1898 chars
[17Aug2026 22:50:26.766] [Render thread/INFO] [top.leonx.irisveil.IrisVeilCompat/]: [VeilHook] Captured vertex source for 'contraptionlights:light/world_light': 1054 chars, hasGetVelocity=false, hasOffset=false
[17Aug2026 22:50:26.766] [Render thread/INFO] [top.leonx.irisveil.IrisVeilCompat/]: [VeilHook] Captured fragment source for 'contraptionlights:light/world_light': 14744 chars
[17Aug2026 22:50:26.771] [Render thread/INFO] [top.leonx.irisveil.IrisVeilCompat/]: [VeilHook] Captured vertex source for 'aeronautics:levitite/levitite': 5585 chars, hasGetVelocity=true, hasOffset=true
[17Aug2026 22:50:26.772] [Render thread/INFO] [top.leonx.irisveil.IrisVeilCompat/]: [VeilHook] Captured fragment source for 'aeronautics:levitite/levitite': 3656 chars
[17Aug2026 22:50:26.773] [Render thread/INFO] [top.leonx.irisveil.IrisVeilCompat/]: [VeilHook] Captured vertex source for 'simulated:spring/spring': 4196 chars, hasGetVelocity=false, hasOffset=false
[17Aug2026 22:50:26.773] [Render thread/INFO] [top.leonx.irisveil.IrisVeilCompat/]: [VeilHook] Captured fragment source for 'simulated:spring/spring': 1972 chars
[17Aug2026 22:50:26.774] [Render thread/INFO] [top.leonx.irisveil.IrisVeilCompat/]: [VeilHook] Captured vertex source for 'veil:blit_screen': 542 chars, hasGetVelocity=false, hasOffset=false
[17Aug2026 22:50:26.774] [Render thread/INFO] [top.leonx.irisveil.IrisVeilCompat/]: [VeilHook] Captured fragment source for 'veil:core/composite': 783 chars
[17Aug2026 22:50:26.775] [Render thread/INFO] [top.leonx.irisveil.IrisVeilCompat/]: [VeilHook] Captured vertex source for 'aeronautics:hot_air_overlay': 1167 chars, hasGetVelocity=false, hasOffset=false
[17Aug2026 22:50:26.775] [Render thread/INFO] [top.leonx.irisveil.IrisVeilCompat/]: [VeilHook] Captured fragment source for 'aeronautics:hot_air_overlay': 907 chars
[17Aug2026 22:50:26.775] [Render thread/INFO] [top.leonx.irisveil.IrisVeilCompat/]: [VeilHook] Captured vertex source for 'aeronautics:burner_flame': 1770 chars, hasGetVelocity=false, hasOffset=false
[17Aug2026 22:50:26.775] [Render thread/INFO] [top.leonx.irisveil.IrisVeilCompat/]: [VeilHook] Captured fragment source for 'aeronautics:burner_flame': 5298 chars
[17Aug2026 22:50:26.776] [Render thread/INFO] [top.leonx.irisveil.IrisVeilCompat/]: [VeilHook] Captured vertex source for 'veil:blit_screen': 542 chars, hasGetVelocity=false, hasOffset=false
[17Aug2026 22:50:26.776] [Render thread/INFO] [top.leonx.irisveil.IrisVeilCompat/]: [VeilHook] Captured fragment source for 'veil:core/blur': 937 chars
[17Aug2026 22:50:26.776] [Render thread/INFO] [top.leonx.irisveil.IrisVeilCompat/]: [VeilHook] Captured vertex source for 'veil:blit_screen': 542 chars, hasGetVelocity=false, hasOffset=false
[17Aug2026 22:50:26.776] [Render thread/INFO] [top.leonx.irisveil.IrisVeilCompat/]: [VeilHook] Captured fragment source for 'veil:core/bloom': 2631 chars
[17Aug2026 22:50:26.777] [Render thread/INFO] [top.leonx.irisveil.IrisVeilCompat/]: [VeilHook] Captured vertex source for 'veil:blit_screen': 542 chars, hasGetVelocity=false, hasOffset=false
[17Aug2026 22:50:26.777] [Render thread/INFO] [top.leonx.irisveil.IrisVeilCompat/]: [VeilHook] Captured fragment source for 'aeronautics:soft_light': 1108 chars
[17Aug2026 22:50:26.777] [Render thread/INFO] [top.leonx.irisveil.IrisVeilCompat/]: [VeilHook] Captured vertex source for 'veil:blit_screen': 542 chars, hasGetVelocity=false, hasOffset=false
[17Aug2026 22:50:26.777] [Render thread/INFO] [top.leonx.irisveil.IrisVeilCompat/]: [VeilHook] Captured fragment source for 'veil:debug/array': 539 chars
[17Aug2026 22:50:26.777] [Render thread/INFO] [top.leonx.irisveil.IrisVeilCompat/]: [VeilHook] Captured vertex source for 'veil:blit_screen': 542 chars, hasGetVelocity=false, hasOffset=false
[17Aug2026 22:50:26.778] [Render thread/INFO] [top.leonx.irisveil.IrisVeilCompat/]: [VeilHook] Captured fragment source for 'veil:core/unblur': 1318 chars
[17Aug2026 22:50:26.779] [Render thread/INFO] [top.leonx.irisveil.IrisVeilCompat/]: [VeilHook] Captured vertex source for 'veil:light/point': 1136 chars, hasGetVelocity=false, hasOffset=false
[17Aug2026 22:50:26.779] [Render thread/INFO] [top.leonx.irisveil.IrisVeilCompat/]: [VeilHook] Captured fragment source for 'veil:light/point': 13059 chars
[17Aug2026 22:50:26.783] [Render thread/INFO] [top.leonx.irisveil.IrisVeilCompat/]: [VeilHook] Captured vertex source for 'simulated:laser_pointer/lens': 4016 chars, hasGetVelocity=false, hasOffset=false
[17Aug2026 22:50:26.783] [Render thread/INFO] [top.leonx.irisveil.IrisVeilCompat/]: [VeilHook] Captured fragment source for 'simulated:laser_pointer/lens': 4048 chars
[17Aug2026 22:50:26.784] [Render thread/INFO] [top.leonx.irisveil.IrisVeilCompat/]: [VeilHook] Captured vertex source for 'simulated:laser/laser': 774 chars, hasGetVelocity=false, hasOffset=false
[17Aug2026 22:50:26.784] [Render thread/INFO] [top.leonx.irisveil.IrisVeilCompat/]: [VeilHook] Captured fragment source for 'simulated:laser/laser': 1878 chars
[17Aug2026 22:50:26.785] [Render thread/INFO] [top.leonx.irisveil.IrisVeilCompat/]: [VeilHook] Captured vertex source for 'simulated:contraption_diagram/outline_diagram': 610 chars, hasGetVelocity=false, hasOffset=false
[17Aug2026 22:50:26.785] [Render thread/INFO] [top.leonx.irisveil.IrisVeilCompat/]: [VeilHook] Captured fragment source for 'simulated:contraption_diagram/outline_diagram': 5629 chars
[17Aug2026 22:50:26.785] [Render thread/INFO] [top.leonx.irisveil.IrisVeilCompat/]: [VeilHook] Captured vertex source for 'veil:blit_screen': 542 chars, hasGetVelocity=false, hasOffset=false
[17Aug2026 22:50:26.785] [Render thread/INFO] [top.leonx.irisveil.IrisVeilCompat/]: [VeilHook] Captured fragment source for 'simulated:spread_end_sea': 2427 chars
[17Aug2026 22:50:26.789] [Render thread/INFO] [Veil/]: Loaded 31 shaders from: pinwheel/shaders/program
[17Aug2026 22:50:26.869] [Worker-Main-5/INFO] [PonderIndex/]: Registering Ponder Scenes took 60.00 ms
[17Aug2026 22:50:26.872] [Worker-Main-5/INFO] [PonderIndex/]: Registering Ponder Tags took 2.440 ms
[17Aug2026 22:50:26.967] [Render thread/WARN] [net.minecraft.client.sounds.SoundEngine/]: Missing sound for event: minecraft:item.goat_horn.play
[17Aug2026 22:50:26.967] [Render thread/WARN] [net.minecraft.client.sounds.SoundEngine/]: Missing sound for event: minecraft:entity.goat.screaming.horn_break
[17Aug2026 22:50:27.009] [Render thread/INFO] [com.mojang.blaze3d.audio.Library/]: OpenAL initialized on device Navi 31 HDMI/DP Audio Digital Stereo (HDMI 2)
[17Aug2026 22:50:27.009] [Render thread/INFO] [net.minecraft.client.sounds.SoundEngine/SOUNDS]: Sound engine started
[17Aug2026 22:50:27.061] [Render thread/INFO] [net.minecraft.client.renderer.texture.TextureAtlas/]: Created: 2048x1024x4 minecraft:textures/atlas/blocks.png-atlas
[17Aug2026 22:50:27.094] [Render thread/INFO] [net.minecraft.client.renderer.texture.TextureAtlas/]: Created: 256x256x4 minecraft:textures/atlas/signs.png-atlas
[17Aug2026 22:50:27.095] [Render thread/INFO] [net.minecraft.client.renderer.texture.TextureAtlas/]: Created: 512x512x4 minecraft:textures/atlas/shield_patterns.png-atlas
[17Aug2026 22:50:27.095] [Render thread/INFO] [net.minecraft.client.renderer.texture.TextureAtlas/]: Created: 512x512x4 minecraft:textures/atlas/banner_patterns.png-atlas
[17Aug2026 22:50:27.096] [Render thread/INFO] [net.minecraft.client.renderer.texture.TextureAtlas/]: Created: 2048x1024x4 minecraft:textures/atlas/armor_trims.png-atlas
[17Aug2026 22:50:27.105] [Render thread/INFO] [net.minecraft.client.renderer.texture.TextureAtlas/]: Created: 128x64x4 minecraft:textures/atlas/decorated_pot.png-atlas
[17Aug2026 22:50:27.106] [Render thread/INFO] [net.minecraft.client.renderer.texture.TextureAtlas/]: Created: 256x256x4 minecraft:textures/atlas/chest.png-atlas
[17Aug2026 22:50:27.106] [Render thread/INFO] [net.minecraft.client.renderer.texture.TextureAtlas/]: Created: 512x256x4 minecraft:textures/atlas/shulker_boxes.png-atlas
[17Aug2026 22:50:27.107] [Render thread/INFO] [net.minecraft.client.renderer.texture.TextureAtlas/]: Created: 512x256x4 minecraft:textures/atlas/beds.png-atlas
[17Aug2026 22:50:27.155] [Render thread/INFO] [net.minecraft.client.renderer.texture.TextureAtlas/]: Created: 512x512x0 minecraft:textures/atlas/particles.png-atlas
[17Aug2026 22:50:27.157] [Render thread/INFO] [net.minecraft.client.renderer.texture.TextureAtlas/]: Created: 512x256x0 minecraft:textures/atlas/paintings.png-atlas
[17Aug2026 22:50:27.158] [Render thread/INFO] [net.minecraft.client.renderer.texture.TextureAtlas/]: Created: 256x128x0 minecraft:textures/atlas/mob_effects.png-atlas
[17Aug2026 22:50:27.158] [Render thread/INFO] [net.minecraft.client.renderer.texture.TextureAtlas/]: Created: 64x64x0 minecraft:textures/atlas/map_decorations.png-atlas
[17Aug2026 22:50:27.158] [Render thread/INFO] [net.minecraft.client.renderer.texture.TextureAtlas/]: Created: 1024x1024x0 minecraft:textures/atlas/gui.png-atlas
[17Aug2026 22:50:27.182] [Render thread/WARN] [net.minecraft.client.renderer.ShaderInstance/]: Shader rendertype_entity_translucent_emissive could not find sampler named Sampler2 in the specified shader program.
[17Aug2026 22:50:27.250] [Render thread/INFO] [xaero.lib.XaeroLib/]: Successfully reloaded the XaeroLib shaders!
[17Aug2026 22:50:27.250] [Render thread/INFO] [net.neoforged.neoforge.client.entity.animation.json.AnimationLoader/]: Loaded 0 entity animations
[17Aug2026 22:50:27.250] [Render thread/INFO] [Veil/]: Loaded 3 framebuffers
[17Aug2026 22:50:27.257] [Render thread/INFO] [Veil/]: Loaded 6 post pipelines
[17Aug2026 22:50:27.260] [Render thread/INFO] [Veil/]: Loaded 6 render types
[17Aug2026 22:50:27.260] [Render thread/INFO] [Veil/]: Enabled bloom pipeline
[17Aug2026 22:50:27.260] [Render thread/INFO] [Veil/]: Loaded 0 quasar particles
[17Aug2026 22:50:27.260] [Render thread/INFO] [Veil/]: Loaded 0 templates
[17Aug2026 22:50:27.260] [Render thread/INFO] [Veil/]: Loaded 0 modules
[17Aug2026 22:50:27.273] [Render thread/INFO] [flywheel/backend/shaders/]: Loaded 79 shader sources in 10.448 ms
[17Aug2026 22:50:27.283] [Render thread/INFO] [com.simibubi.create.Create/]: Loaded 58 train hat configurations.
[17Aug2026 22:50:27.314] [Render thread/INFO] [DistantHorizons-DistantHorizons-com.seibel.distanthorizons.core.jar.updater.SelfUpdater/]: Checking for Distant Horizons [STABLE] update for MC [1.21.1]...
[17Aug2026 22:50:27.720] [Render thread/INFO] [DistantHorizons-DistantHorizons-com.seibel.distanthorizons.core.jar.updater.SelfUpdater/]: Distant Horizons already up to date.
[17Aug2026 22:50:27.730] [Render thread/INFO] [Photonics/]: Loaded ph_lights.json for shader pack 'photon-main (1).zip'
[17Aug2026 22:50:27.734] [Render thread/INFO] [Photonics/]: Photonics light registry contains 231 light definitions for 115 blocks
[17Aug2026 22:50:27.734] [Render thread/INFO] [Photonics/]: Photonics pipeline for 'photon-main (1).zip': enabled=true, mode=RESTIR, blockLight=true, gi=true, blockLightGi=false, handheld=true, shaderPackRenderScale=1.0, renderScale=1.0, giRenderScale=1.0, temporalUpscalerRequested=false, temporalUpscalerSourceScale=1.0, temporalUpscalerActive=false, temporalUpscalerHistoryFrames=8, maxLights=4000, maxSamples=20, restirInitial=32, restirSpatial=0, restirDenoiser=5, restirGiDenoiser=3, restirSoftShadows=false, restirCombinedGi=true
[17Aug2026 22:50:27.958] [Render thread/INFO] [Photonics/]: Photonics feature increment: v65 upstream traversal guard, hand texture-normal evaluation, immature-history edge variance, and variance-guided full SVGF passes; direct-light-v64 proxy ownership retained
[17Aug2026 22:50:27.958] [Render thread/INFO] [Photonics/]: Photonics GI foundation v99: finite full-position indirect reservoirs, corrected primary-ray origin/origin rebasing/explicit sky hits, Jacobian-weighted world-hit temporal reuse for world and Sable receivers, geometric-normal-consistent indirect energy, explicit empty non-world reservoirs, hand temporal isolation, and selected-reservoir visibility validation
[17Aug2026 22:50:27.958] [Render thread/INFO] [Photonics/]: Photonics ReSTIR GI v79: combinedGi=true, splitGi=false, directScale=1.0, giScale=1.0, directDenoiserPasses=5, giDenoiserPasses=3, giPipeline=independent-frag-grid+reservoirs+history+svgf, composition=post-estimator-screen-space
[17Aug2026 22:50:27.958] [Render thread/INFO] [Photonics/]: Photonics split-GI reconstruction v81: receiver-aware four-tap interpolation with unsupported-pixel nearest-compatible fallback
[17Aug2026 22:50:27.958] [Render thread/INFO] [Photonics/]: Photonics GI stability v82: world-hit temporal reservoir reuse enabled for rigidly reprojected Sable receivers; hand history remains isolated
[17Aug2026 22:50:27.958] [Render thread/INFO] [Photonics/]: Photonics GI stability v128: radiance history follows stable block-state changes; initial loads, skylight settling, copied-state identity changes, and streamed voxel layout revisions remain path-validation-only; GI history stays eligible while voxel layout is unsettled and changed paths are rejected locally
[17Aug2026 22:50:27.958] [Render thread/INFO] [Photonics/]: Photonics GI stability v133: initial all-air population is path-validation-only, real content edits invalidate regional radiance, and geometrically validated zero-radiance history recovery remains eligible after layout settling
[17Aug2026 22:50:27.958] [Render thread/INFO] [Photonics/]: Photonics GI stability v138: current GI batches require published-tree readiness rather than the settling delay; unresolved r7 samples are invalidated before SVGF spatial filtering
[17Aug2026 22:50:27.958] [Render thread/INFO] [Photonics/]: Photonics direct startup v100: unbiased logarithmic camera-rank strata for large light lists with exact compact-list prefix proposals
[17Aug2026 22:50:27.958] [Render thread/INFO] [Photonics/]: Photonics direct visibility v107: requestedLanes=1, effectiveLanes=1, policy=disjoint-proposal-lanes/exact-original-pdf/visibility-before-unbiased-lane-merge
[17Aug2026 22:50:27.958] [Render thread/INFO] [Photonics/]: Photonics ReSTIR GI transport v85+: stochastic tinted-glass traversal and endpoint-first transparent-hit validation
[17Aug2026 22:50:27.958] [Render thread/INFO] [Photonics/]: Photonics GI environment v115: initialized independently in the indirect pass; native Photon reads direct sun and hemispherical skylight from colortex4; sunProposalDiagnostic=false
[17Aug2026 22:50:27.958] [Render thread/INFO] [Photonics/]: Photonics GI environment v117: environment proposals remain active during section streaming; the v116 global pause was removed because it created camera-dependent dark fill
[17Aug2026 22:50:27.958] [Render thread/INFO] [Photonics/]: Photonics world upload v117: voxel-tree mutation is fenced before allocator reuse; tree-dependent uniforms remain published after the completed upload
[17Aug2026 22:50:27.958] [Render thread/INFO] [Photonics/]: Photonics stability v86: deterministic thin-cutout GI coverage and bounded palette-heap compiler recovery probes
[17Aug2026 22:50:27.958] [Render thread/INFO] [Photonics/]: Photonics ReSTIR GI validation v88: triState=valid/blocked-current-receiver/stale, blockedHistoryM=preserved-once-with-zero-energy, staleHistoryM=excluded, maxTemporalCandidates=1, maxSpatialCandidates=1, maxTraversalSteps=128
[17Aug2026 22:50:27.958] [Render thread/INFO] [Photonics/]: Photonics feature set: direct-light-v64 expiring Contraption Lights proxy ownership with a conservative nearby unmatched-proxy quarantine, position-matched Sable light alias trail with registry/profile diagnostics and render-thread-owned external merge, full-precision motion-grid Sable receiver visibility and endpoint-safe conservative traversal, dual-space Sable light de-duplication, production composite restored after v57 reservoir diagnostics, corrected indirect hit-normal decoding, full temporal reservoir retention for Sable external lighting, randomized systematic world-light proposals, Sable skylight-transition diagnostics with opt-in getter freeze, post-denoise exact Sable-local direct stream and fail-closed same-domain visibility, camera-relative double-composed Sable reprojection, normal-guided receiver classification, tri-state same-sublevel visibility and conservative supercover voxel traversal, sampling-time receiver-domain partition with exact same-sublevel direct lighting, external-only Sable reservoirs and soft-shadow local-visibility-signature-guided Sable SVGF support, preserved all-zero current proposal batches, elapsed-time moving-light hysteresis and unsnapped render-pose positions, rejected spatial-batch accounting, receiver-domain-complete stable/external history partition and rigid-motion Sable spatial reuse, bounded visibility-rejected reservoirs and representative-scoped external reactivity, split stable/external accumulation histories and stale Sable material recovery, explicit emitter motion-domain identity, motion-domain-stable receiver-relative light-history limits, previous-light position metadata, rotation-correct cross-sublevel motion, guarded ordinary-world all-light and external-only Sable single-neighbor spatial reuse, immutable spatial input, current-receiver visibility validation, bounded spatial history, independent spatial random stream, bounded reservoirs, zero-contribution batch accounting, actual-motion reactive lights, stable-anchor Sable reprojection, surface-plane SVGF, visibility-transition provenance, stable Sable identity, current-visible temporal reuse, Sable plot-section isolation, deterministic diagonal cutouts, generation-aligned adaptive stratified ReSTIR proposals, exposed-face Sable local visibility, duplicate Veil point-light suppression, moving-light and Iris material bridges; finite-segment OOB visibility and tree-origin tracing, masked passes, texture barriers, accumulation, denoising, handheld; Sable-receiver world/cross-sublevel spatial reuse and combined GI compatibility gates active
[17Aug2026 22:50:27.958] [Render thread/INFO] [Photonics/]: Photonics ReSTIR configuration v107: directCandidatesPerPixel=32, directTemporalSampleCap=640, directVisibilityLanes=1, directOutputSampleCap=world-128/sable-temporal-cap, spatialCandidates=0, spatialRadiusPixels=5.0, output=split-direct-and-gi-radiance-plus-exact-sable-local, samplingPolicy=large-list-logarithmic-rank-strata+compact-list-systematic-prefix-tail+distinct-priority-prefix/sable-external-reservoir/exact-all-same-token-lights/fail-closed-tri-state-conservative-local-dda/full-precision-motion-grid-receiver/normal-biased-endpoint/preserved-zero-current-batches, spatialPolicy=receiver-matched-current-frame/external-only-sable/current-rejection-accounting/immutable-input/initial-batch-cap+rejected-fallback-cap+background-finalization, historyPolicy=receiver-domain-complete-split-stable-external/direct-only-full-rigid-local-history/camera-relative-double-compose/normal-guided-receiver/soft-local-signature-reset/visibility-transition-reset/representative-scoped-external-reactivity/explicit-emitter-domain/0.15-block-trail/2-frame-floor, lightListPolicy=position-matched-250ms-alias-trail/250ms-after-loss-minecraft-light-proxy-ownership/125ms+2-frame-unmatched-proxy-quarantine/3-cell-alias-radius/render-thread-owned-merge, motionHoldMs=250, denoiserPolicy=post-denoise-exact-local-hard-shadow+representative-gated-world+soft-local-signature-sable, sableSkyLightDiagnostic=transition-log/optional-freeze-getter, directDenoiserPasses=5, giDenoiserPasses=3, softShadows=false, combinedGi=true, splitGi=false
[17Aug2026 22:50:27.970] [Render thread/INFO] [Photonics/]: Photonics framebuffer capacity v68: buffer=side-a, attachments=8, maxDrawBuffers=8, maxColorAttachments=8
[17Aug2026 22:50:27.970] [Render thread/INFO] [Photonics/]: Photonics framebuffer capacity v68: buffer=side-b, attachments=8, maxDrawBuffers=8, maxColorAttachments=8
[17Aug2026 22:50:27.972] [Render thread/INFO] [Photonics/]: Photonics history reset v18: reason=pipeline-created, generation=1, dimension=minecraft:overworld
[17Aug2026 22:50:27.973] [Render thread/INFO] [Iris/]: Creating pipeline for dimension minecraft:overworld
[17Aug2026 22:50:28.503] [Render thread/INFO] [org.anarres.cpp.DefaultPreprocessorListener/]: null:0:0: error: #endif without #if
[17Aug2026 22:50:28.606] [Render thread/INFO] [org.anarres.cpp.DefaultPreprocessorListener/]: null:0:0: error: #endif without #if
[17Aug2026 22:50:28.684] [Render thread/INFO] [org.anarres.cpp.DefaultPreprocessorListener/]: null:0:0: error: #endif without #if
[17Aug2026 22:50:28.735] [Render thread/INFO] [org.anarres.cpp.DefaultPreprocessorListener/]: null:0:0: error: #endif without #if
[17Aug2026 22:50:28.780] [Render thread/INFO] [org.anarres.cpp.DefaultPreprocessorListener/]: null:0:0: error: #endif without #if
[17Aug2026 22:50:28.816] [Render thread/INFO] [org.anarres.cpp.DefaultPreprocessorListener/]: null:0:0: error: #endif without #if
[17Aug2026 22:50:28.865] [Render thread/INFO] [org.anarres.cpp.DefaultPreprocessorListener/]: null:0:0: error: #endif without #if
[17Aug2026 22:50:28.901] [Render thread/INFO] [org.anarres.cpp.DefaultPreprocessorListener/]: null:0:0: error: #endif without #if
[17Aug2026 22:50:28.939] [Render thread/INFO] [org.anarres.cpp.DefaultPreprocessorListener/]: null:0:0: error: #endif without #if
[17Aug2026 22:50:28.973] [Render thread/INFO] [org.anarres.cpp.DefaultPreprocessorListener/]: null:0:0: error: #endif without #if
[17Aug2026 22:50:29.012] [Render thread/INFO] [org.anarres.cpp.DefaultPreprocessorListener/]: null:0:0: error: #endif without #if
[17Aug2026 22:50:29.362] [Render thread/WARN] [Iris/]: Type is VERTEX
[17Aug2026 22:50:29.363] [Render thread/WARN] [Iris/]: Type is FRAGMENT
[17Aug2026 22:50:29.369] [Render thread/WARN] [Iris/]: Type is VERTEX
[17Aug2026 22:50:29.370] [Render thread/WARN] [Iris/]: Type is FRAGMENT
[17Aug2026 22:50:29.389] [Render thread/WARN] [Iris/]: Type is VERTEX
[17Aug2026 22:50:29.390] [Render thread/WARN] [Iris/]: Type is FRAGMENT
[17Aug2026 22:50:36.625] [Render thread/INFO] [com.simibubi.create.Create/]: Created 157 recipes which will be injected into the game
[17Aug2026 22:50:36.628] [Render thread/INFO] [com.simibubi.create.Create/]: Created 0 tags which will be injected into the game
[17Aug2026 22:50:36.951] [Worker-Main-5/ERROR] [net.minecraft.world.level.storage.loot.LootDataType/]: Couldn't parse element ResourceKey[minecraft:root / minecraft:loot_table]:simurail:blocks/automatic_coupler - Not a valid resource location: simurail:blocks/simurail:automatic_coupler Non [a-z0-9/._-] character in path of location: simurail:blocks/simurail:automatic_coupler
[17Aug2026 22:50:37.256] [Render thread/INFO] [net.minecraft.world.item.crafting.RecipeManager/]: Loaded 2948 recipes
[17Aug2026 22:50:37.339] [Render thread/INFO] [net.minecraft.advancements.AdvancementTree/]: Loaded 2644 advancements
[17Aug2026 22:50:37.783] [Server thread/INFO] [net.minecraft.client.server.IntegratedServer/]: Starting integrated minecraft server version 1.21.1
[17Aug2026 22:50:37.783] [Server thread/INFO] [net.minecraft.server.MinecraftServer/]: Generating keypair
[17Aug2026 22:50:37.829] [Server thread/INFO] [DistantHorizons-DistantHorizons-com.seibel.distanthorizons.core.world.AbstractDhWorld/]: Started DhWorld of type [CLIENT_SERVER].
[17Aug2026 22:50:37.863] [Server thread/INFO] [dev.ryanhcode.sable.Sable/]: Creating physics pipeline for ResourceKey[minecraft:dimension / minecraft:overworld] using RapierPhysicsPipelineProvider
[17Aug2026 22:50:38.151] [DH-Full Data Migration Thread[0]/INFO] [DistantHorizons-DistantHorizons-com.seibel.distanthorizons.core.file.fullDatafile.V2.DataMigratorV1/]: No migration necessary.
[17Aug2026 22:50:38.152] [Server thread/INFO] [DistantHorizons-DistantHorizons-com.seibel.distanthorizons.core.level.AbstractDhServerLevel/]: Started DhClientServerLevel for [Wrapped{ServerLevel[New World1]@minecraft:overworld}] at [[LocalSaveStructure@(/home/krzysztofkalisiak/.local/share/ModrinthApp/profiles/Create Aeronautics (1)/saves/New World1/data)]].
[17Aug2026 22:50:38.193] [Server thread/INFO] [dev.ryanhcode.sable.Sable/]: Creating physics pipeline for ResourceKey[minecraft:dimension / minecraft:the_nether] using RapierPhysicsPipelineProvider
[17Aug2026 22:50:38.216] [DH-Full Data Migration Thread[0]/INFO] [DistantHorizons-DistantHorizons-com.seibel.distanthorizons.core.file.fullDatafile.V2.DataMigratorV1/]: No migration necessary.
[17Aug2026 22:50:38.218] [Server thread/INFO] [DistantHorizons-DistantHorizons-com.seibel.distanthorizons.core.level.AbstractDhServerLevel/]: Started DhClientServerLevel for [Wrapped{ServerLevel[New World1]@minecraft:the_nether}] at [[LocalSaveStructure@(/home/krzysztofkalisiak/.local/share/ModrinthApp/profiles/Create Aeronautics (1)/saves/New World1/data;/home/krzysztofkalisiak/.local/share/ModrinthApp/profiles/Create Aeronautics (1)/saves/New World1/DIM-1/data)]].
[17Aug2026 22:50:38.219] [Server thread/INFO] [dev.ryanhcode.sable.Sable/]: Creating physics pipeline for ResourceKey[minecraft:dimension / minecraft:the_end] using RapierPhysicsPipelineProvider
[17Aug2026 22:50:38.239] [DH-Full Data Migration Thread[0]/INFO] [DistantHorizons-DistantHorizons-com.seibel.distanthorizons.core.file.fullDatafile.V2.DataMigratorV1/]: No migration necessary.
[17Aug2026 22:50:38.241] [Server thread/INFO] [DistantHorizons-DistantHorizons-com.seibel.distanthorizons.core.level.AbstractDhServerLevel/]: Started DhClientServerLevel for [Wrapped{ServerLevel[New World1]@minecraft:the_end}] at [[LocalSaveStructure@(/home/krzysztofkalisiak/.local/share/ModrinthApp/profiles/Create Aeronautics (1)/saves/New World1/data;/home/krzysztofkalisiak/.local/share/ModrinthApp/profiles/Create Aeronautics (1)/saves/New World1/DIM1/data;/home/krzysztofkalisiak/.local/share/ModrinthApp/profiles/Create Aeronautics (1)/saves/New World1/DIM-1/data)]].
[17Aug2026 22:50:38.243] [Server thread/INFO] [net.minecraft.server.MinecraftServer/]: Preparing start region for dimension minecraft:overworld
[17Aug2026 22:50:38.337] [Render thread/INFO] [net.minecraft.server.level.progress.LoggerChunkProgressListener/]: Preparing spawn area: 0%
[17Aug2026 22:50:38.379] [Server thread/INFO] [net.neoforged.neoforge.server.permission.PermissionAPI/]: Successfully initialized permission handler neoforge:default_handler
[17Aug2026 22:50:38.379] [Server thread/INFO] [me.yurtema.searchlights.Searchlights/]: HELLO from server starting
[17Aug2026 22:50:38.389] [Render thread/INFO] [net.minecraft.server.level.progress.LoggerChunkProgressListener/]: Time elapsed: 136 ms
[17Aug2026 22:50:38.461] [Server thread/INFO] [net.minecraft.client.server.IntegratedServer/]: Changing simulation distance to 10, from 0
[17Aug2026 22:50:38.515] [Render thread/INFO] [dev.ryanhcode.sable.Sable/]: Adding local UDP server channel future
[17Aug2026 22:50:38.518] [Render thread/WARN] [io.netty.bootstrap.Bootstrap/]: Unknown channel option 'SO_BROADCAST' for channel '[id: 0xfbaace42]'
[17Aug2026 22:50:38.522] [Netty Server IO #1/INFO] [dev.ryanhcode.sable.Sable/]: Server UDP channel active
[17Aug2026 22:50:38.532] [Render thread/INFO] [dev.ryanhcode.sable.Sable/]: Starting local client UDP channel future
[17Aug2026 22:50:38.534] [Netty Local Client IO #1/INFO] [dev.ryanhcode.sable.Sable/]: Client UDP channel active
[17Aug2026 22:50:38.679] [DH-Request Module Ticker [minecraft:overworld] Thread[0]/INFO] [DistantHorizons-DistantHorizons-com.seibel.distanthorizons.core.generation.BatchGenerator/]: Batch Chunk Generator initialized
[17Aug2026 22:50:38.681] [DH-Request Module Ticker [minecraft:overworld] Thread[0]/INFO] [DistantHorizons-DistantHorizons-com.seibel.distanthorizons.core.generation.queues.WorldGenerationQueue/]: Creating world gen queue
[17Aug2026 22:50:38.681] [DH-Request Module Ticker [minecraft:overworld] Thread[0]/INFO] [DistantHorizons-DistantHorizons-com.seibel.distanthorizons.core.generation.queues.WorldGenerationQueue/]: Created world gen queue
[17Aug2026 22:50:38.681] [DH-Request Module Ticker [minecraft:overworld] Thread[0]/INFO] [DistantHorizons-DistantHorizons-com.seibel.distanthorizons.core.file.fullDatafile.GeneratedFullDataSourceProvider/]: Set world gen queue for level [minecraft:overworld].
[17Aug2026 22:50:38.737] [DH-Request Module Ticker [minecraft:the_nether] Thread[0]/INFO] [DistantHorizons-DistantHorizons-com.seibel.distanthorizons.core.generation.BatchGenerator/]: Batch Chunk Generator initialized
[17Aug2026 22:50:38.737] [DH-Request Module Ticker [minecraft:the_nether] Thread[0]/INFO] [DistantHorizons-DistantHorizons-com.seibel.distanthorizons.core.generation.queues.WorldGenerationQueue/]: Creating world gen queue
[17Aug2026 22:50:38.737] [DH-Request Module Ticker [minecraft:the_nether] Thread[0]/INFO] [DistantHorizons-DistantHorizons-com.seibel.distanthorizons.core.generation.queues.WorldGenerationQueue/]: Created world gen queue
[17Aug2026 22:50:38.737] [DH-Request Module Ticker [minecraft:the_nether] Thread[0]/INFO] [DistantHorizons-DistantHorizons-com.seibel.distanthorizons.core.file.fullDatafile.GeneratedFullDataSourceProvider/]: Set world gen queue for level [minecraft:the_nether].
[17Aug2026 22:50:38.760] [DH-Request Module Ticker [minecraft:the_end] Thread[0]/INFO] [DistantHorizons-DistantHorizons-com.seibel.distanthorizons.core.generation.BatchGenerator/]: Batch Chunk Generator initialized
[17Aug2026 22:50:38.760] [DH-Request Module Ticker [minecraft:the_end] Thread[0]/INFO] [DistantHorizons-DistantHorizons-com.seibel.distanthorizons.core.generation.queues.WorldGenerationQueue/]: Creating world gen queue
[17Aug2026 22:50:38.760] [DH-Request Module Ticker [minecraft:the_end] Thread[0]/INFO] [DistantHorizons-DistantHorizons-com.seibel.distanthorizons.core.generation.queues.WorldGenerationQueue/]: Created world gen queue
[17Aug2026 22:50:38.760] [DH-Request Module Ticker [minecraft:the_end] Thread[0]/INFO] [DistantHorizons-DistantHorizons-com.seibel.distanthorizons.core.file.fullDatafile.GeneratedFullDataSourceProvider/]: Set world gen queue for level [minecraft:the_end].
[17Aug2026 22:50:38.799] [Server thread/INFO] [net.minecraft.server.players.PlayerList/]: Eutio[local:E:bd14c3c9] logged in with entity id 3 at (-26.69999998807907, 1.200000047683716, 52.48105493152222)
[17Aug2026 22:50:38.803] [Server thread/INFO] [dev.ryanhcode.sable.Sable/]: Beginning attempted authentication with player Eutio
[17Aug2026 22:50:38.825] [Server thread/INFO] [net.minecraft.server.MinecraftServer/]: Eutio joined the game
[17Aug2026 22:50:38.829] [Render thread/INFO] [xaero.hud.minimap.MinimapLogs/]: Minimap required item set to nothing.
[17Aug2026 22:50:38.829] [Render thread/INFO] [xaero.hud.minimap.MinimapLogs/]: New Xaero hud session initialized!
[17Aug2026 22:50:38.862] [Server thread/INFO] [DistantHorizons-DistantHorizons-com.seibel.distanthorizons.core.api.internal.ServerApi/]: Player [Eutio] joined.
[17Aug2026 22:50:38.900] [Render thread/INFO] [Iris/]: Reloading pipeline on dimension change: minecraft:overworld => minecraft:overworld
[17Aug2026 22:50:38.900] [Render thread/INFO] [Photonics/]: Photonics history reset v72: reason=pipeline-destroyed, generation=1
[17Aug2026 22:50:38.910] [Render thread/INFO] [Photonics/]: Photonics chunk compiler v72 stopped: pendingSections=0, memory=jvmHeap={usedBytes=1582310680, committedBytes=2399141888, maxBytes=8589934592}, jvmGc={collections=69, timeMs=395}, worldHeap=GpuBufferHeapStats[capacityBytes=536870912, reservedBytes=12, liveBytes=12, peakLiveBytes=12, reusableBytes=0, allocations=1, reusedAllocations=0, frees=0, failedAllocations=0], paletteHeap=GpuBufferHeapStats[capacityBytes=201326592, reservedBytes=0, liveBytes=0, peakLiveBytes=0, reusableBytes=0, allocations=0, reusedAllocations=0, frees=0, failedAllocations=0], registries={lights=Stats[cachedObjects=0, pendingFreeObjects=0, allocatedObjects=0, failedAllocations=0], palettes=Stats[cachedObjects=0, pendingFreeObjects=0, allocatedObjects=0, failedAllocations=0], blocks=Stats[cachedObjects=0, pendingFreeObjects=0, allocatedObjects=0, failedAllocations=0], models=Stats[cachedObjects=0, pendingFreeObjects=0, allocatedObjects=0, failedAllocations=0]}
[17Aug2026 22:50:38.912] [Render thread/INFO] [Photonics/]: Photonics light registry contains 127 light definitions for 98 blocks
[17Aug2026 22:50:38.912] [Render thread/INFO] [Iris/]: Destroying pipeline minecraft:overworld
[17Aug2026 22:50:38.917] [Render thread/INFO] [Photonics/]: Loaded ph_lights.json for shader pack 'photon-main (1).zip'
[17Aug2026 22:50:38.920] [Render thread/INFO] [Photonics/]: Photonics light registry contains 231 light definitions for 115 blocks
[17Aug2026 22:50:38.921] [Render thread/INFO] [Photonics/]: Photonics pipeline for 'photon-main (1).zip': enabled=true, mode=RESTIR, blockLight=true, gi=true, blockLightGi=false, handheld=true, shaderPackRenderScale=1.0, renderScale=1.0, giRenderScale=1.0, temporalUpscalerRequested=false, temporalUpscalerSourceScale=1.0, temporalUpscalerActive=false, temporalUpscalerHistoryFrames=8, maxLights=4000, maxSamples=20, restirInitial=32, restirSpatial=0, restirDenoiser=5, restirGiDenoiser=3, restirSoftShadows=false, restirCombinedGi=true
[17Aug2026 22:50:39.133] [Render thread/INFO] [Photonics/]: Photonics feature increment: v65 upstream traversal guard, hand texture-normal evaluation, immature-history edge variance, and variance-guided full SVGF passes; direct-light-v64 proxy ownership retained
[17Aug2026 22:50:39.133] [Render thread/INFO] [Photonics/]: Photonics GI foundation v99: finite full-position indirect reservoirs, corrected primary-ray origin/origin rebasing/explicit sky hits, Jacobian-weighted world-hit temporal reuse for world and Sable receivers, geometric-normal-consistent indirect energy, explicit empty non-world reservoirs, hand temporal isolation, and selected-reservoir visibility validation
[17Aug2026 22:50:39.133] [Render thread/INFO] [Photonics/]: Photonics ReSTIR GI v79: combinedGi=true, splitGi=false, directScale=1.0, giScale=1.0, directDenoiserPasses=5, giDenoiserPasses=3, giPipeline=independent-frag-grid+reservoirs+history+svgf, composition=post-estimator-screen-space
[17Aug2026 22:50:39.133] [Render thread/INFO] [Photonics/]: Photonics split-GI reconstruction v81: receiver-aware four-tap interpolation with unsupported-pixel nearest-compatible fallback
[17Aug2026 22:50:39.133] [Render thread/INFO] [Photonics/]: Photonics GI stability v82: world-hit temporal reservoir reuse enabled for rigidly reprojected Sable receivers; hand history remains isolated
[17Aug2026 22:50:39.133] [Render thread/INFO] [Photonics/]: Photonics GI stability v128: radiance history follows stable block-state changes; initial loads, skylight settling, copied-state identity changes, and streamed voxel layout revisions remain path-validation-only; GI history stays eligible while voxel layout is unsettled and changed paths are rejected locally
[17Aug2026 22:50:39.133] [Render thread/INFO] [Photonics/]: Photonics GI stability v133: initial all-air population is path-validation-only, real content edits invalidate regional radiance, and geometrically validated zero-radiance history recovery remains eligible after layout settling
[17Aug2026 22:50:39.133] [Render thread/INFO] [Photonics/]: Photonics GI stability v138: current GI batches require published-tree readiness rather than the settling delay; unresolved r7 samples are invalidated before SVGF spatial filtering
[17Aug2026 22:50:39.133] [Render thread/INFO] [Photonics/]: Photonics direct startup v100: unbiased logarithmic camera-rank strata for large light lists with exact compact-list prefix proposals
[17Aug2026 22:50:39.133] [Render thread/INFO] [Photonics/]: Photonics direct visibility v107: requestedLanes=1, effectiveLanes=1, policy=disjoint-proposal-lanes/exact-original-pdf/visibility-before-unbiased-lane-merge
[17Aug2026 22:50:39.133] [Render thread/INFO] [Photonics/]: Photonics ReSTIR GI transport v85+: stochastic tinted-glass traversal and endpoint-first transparent-hit validation
[17Aug2026 22:50:39.133] [Render thread/INFO] [Photonics/]: Photonics GI environment v115: initialized independently in the indirect pass; native Photon reads direct sun and hemispherical skylight from colortex4; sunProposalDiagnostic=false
[17Aug2026 22:50:39.133] [Render thread/INFO] [Photonics/]: Photonics GI environment v117: environment proposals remain active during section streaming; the v116 global pause was removed because it created camera-dependent dark fill
[17Aug2026 22:50:39.133] [Render thread/INFO] [Photonics/]: Photonics world upload v117: voxel-tree mutation is fenced before allocator reuse; tree-dependent uniforms remain published after the completed upload
[17Aug2026 22:50:39.133] [Render thread/INFO] [Photonics/]: Photonics stability v86: deterministic thin-cutout GI coverage and bounded palette-heap compiler recovery probes
[17Aug2026 22:50:39.133] [Render thread/INFO] [Photonics/]: Photonics ReSTIR GI validation v88: triState=valid/blocked-current-receiver/stale, blockedHistoryM=preserved-once-with-zero-energy, staleHistoryM=excluded, maxTemporalCandidates=1, maxSpatialCandidates=1, maxTraversalSteps=128
[17Aug2026 22:50:39.133] [Render thread/INFO] [Photonics/]: Photonics feature set: direct-light-v64 expiring Contraption Lights proxy ownership with a conservative nearby unmatched-proxy quarantine, position-matched Sable light alias trail with registry/profile diagnostics and render-thread-owned external merge, full-precision motion-grid Sable receiver visibility and endpoint-safe conservative traversal, dual-space Sable light de-duplication, production composite restored after v57 reservoir diagnostics, corrected indirect hit-normal decoding, full temporal reservoir retention for Sable external lighting, randomized systematic world-light proposals, Sable skylight-transition diagnostics with opt-in getter freeze, post-denoise exact Sable-local direct stream and fail-closed same-domain visibility, camera-relative double-composed Sable reprojection, normal-guided receiver classification, tri-state same-sublevel visibility and conservative supercover voxel traversal, sampling-time receiver-domain partition with exact same-sublevel direct lighting, external-only Sable reservoirs and soft-shadow local-visibility-signature-guided Sable SVGF support, preserved all-zero current proposal batches, elapsed-time moving-light hysteresis and unsnapped render-pose positions, rejected spatial-batch accounting, receiver-domain-complete stable/external history partition and rigid-motion Sable spatial reuse, bounded visibility-rejected reservoirs and representative-scoped external reactivity, split stable/external accumulation histories and stale Sable material recovery, explicit emitter motion-domain identity, motion-domain-stable receiver-relative light-history limits, previous-light position metadata, rotation-correct cross-sublevel motion, guarded ordinary-world all-light and external-only Sable single-neighbor spatial reuse, immutable spatial input, current-receiver visibility validation, bounded spatial history, independent spatial random stream, bounded reservoirs, zero-contribution batch accounting, actual-motion reactive lights, stable-anchor Sable reprojection, surface-plane SVGF, visibility-transition provenance, stable Sable identity, current-visible temporal reuse, Sable plot-section isolation, deterministic diagonal cutouts, generation-aligned adaptive stratified ReSTIR proposals, exposed-face Sable local visibility, duplicate Veil point-light suppression, moving-light and Iris material bridges; finite-segment OOB visibility and tree-origin tracing, masked passes, texture barriers, accumulation, denoising, handheld; Sable-receiver world/cross-sublevel spatial reuse and combined GI compatibility gates active
[17Aug2026 22:50:39.133] [Render thread/INFO] [Photonics/]: Photonics ReSTIR configuration v107: directCandidatesPerPixel=32, directTemporalSampleCap=640, directVisibilityLanes=1, directOutputSampleCap=world-128/sable-temporal-cap, spatialCandidates=0, spatialRadiusPixels=5.0, output=split-direct-and-gi-radiance-plus-exact-sable-local, samplingPolicy=large-list-logarithmic-rank-strata+compact-list-systematic-prefix-tail+distinct-priority-prefix/sable-external-reservoir/exact-all-same-token-lights/fail-closed-tri-state-conservative-local-dda/full-precision-motion-grid-receiver/normal-biased-endpoint/preserved-zero-current-batches, spatialPolicy=receiver-matched-current-frame/external-only-sable/current-rejection-accounting/immutable-input/initial-batch-cap+rejected-fallback-cap+background-finalization, historyPolicy=receiver-domain-complete-split-stable-external/direct-only-full-rigid-local-history/camera-relative-double-compose/normal-guided-receiver/soft-local-signature-reset/visibility-transition-reset/representative-scoped-external-reactivity/explicit-emitter-domain/0.15-block-trail/2-frame-floor, lightListPolicy=position-matched-250ms-alias-trail/250ms-after-loss-minecraft-light-proxy-ownership/125ms+2-frame-unmatched-proxy-quarantine/3-cell-alias-radius/render-thread-owned-merge, motionHoldMs=250, denoiserPolicy=post-denoise-exact-local-hard-shadow+representative-gated-world+soft-local-signature-sable, sableSkyLightDiagnostic=transition-log/optional-freeze-getter, directDenoiserPasses=5, giDenoiserPasses=3, softShadows=false, combinedGi=true, splitGi=false
[17Aug2026 22:50:39.136] [Render thread/INFO] [Photonics/]: Photonics framebuffer capacity v68: buffer=side-a, attachments=8, maxDrawBuffers=8, maxColorAttachments=8
[17Aug2026 22:50:39.136] [Render thread/INFO] [Photonics/]: Photonics framebuffer capacity v68: buffer=side-b, attachments=8, maxDrawBuffers=8, maxColorAttachments=8
[17Aug2026 22:50:39.136] [Render thread/INFO] [Photonics/]: Photonics history reset v18: reason=pipeline-created, generation=2, dimension=minecraft:overworld
[17Aug2026 22:50:39.136] [Render thread/INFO] [Iris/]: Creating pipeline for dimension minecraft:overworld
[17Aug2026 22:50:39.196] [Render thread/INFO] [org.anarres.cpp.DefaultPreprocessorListener/]: null:0:0: error: #endif without #if
[17Aug2026 22:50:39.206] [Render thread/INFO] [org.anarres.cpp.DefaultPreprocessorListener/]: null:0:0: error: #endif without #if
[17Aug2026 22:50:39.225] [Render thread/INFO] [org.anarres.cpp.DefaultPreprocessorListener/]: null:0:0: error: #endif without #if
[17Aug2026 22:50:39.240] [Render thread/INFO] [org.anarres.cpp.DefaultPreprocessorListener/]: null:0:0: error: #endif without #if
[17Aug2026 22:50:39.257] [Render thread/INFO] [org.anarres.cpp.DefaultPreprocessorListener/]: null:0:0: error: #endif without #if
[17Aug2026 22:50:39.276] [Render thread/INFO] [org.anarres.cpp.DefaultPreprocessorListener/]: null:0:0: error: #endif without #if
[17Aug2026 22:50:39.294] [Render thread/INFO] [org.anarres.cpp.DefaultPreprocessorListener/]: null:0:0: error: #endif without #if
[17Aug2026 22:50:39.311] [Render thread/INFO] [org.anarres.cpp.DefaultPreprocessorListener/]: null:0:0: error: #endif without #if
[17Aug2026 22:50:39.328] [Render thread/INFO] [org.anarres.cpp.DefaultPreprocessorListener/]: null:0:0: error: #endif without #if
[17Aug2026 22:50:39.343] [Render thread/INFO] [org.anarres.cpp.DefaultPreprocessorListener/]: null:0:0: error: #endif without #if
[17Aug2026 22:50:39.359] [Render thread/INFO] [org.anarres.cpp.DefaultPreprocessorListener/]: null:0:0: error: #endif without #if
[17Aug2026 22:50:39.539] [Render thread/WARN] [flywheel/]: Flywheel backend fell back from 'flywheel:indirect' to 'flywheel:off'
[17Aug2026 22:50:39.606] [Render thread/INFO] [ChunkBuilder/]: Started 10 worker threads
[17Aug2026 22:50:39.665] [Render thread/INFO] [xaero.hud.minimap.MinimapLogs/]: Minimap updated server level id: -1668003663 for world ResourceKey[minecraft:dimension / minecraft:overworld]
[17Aug2026 22:50:39.667] [Render thread/INFO] [net.minecraft.advancements.AdvancementTree/]: Loaded 35 advancements
[17Aug2026 22:50:39.696] [Render thread/INFO] [Photonics/]: Photonics v32 ignored Sable plot section notification: filtered=1, sectionX=1280063, sectionZ=1280063
[17Aug2026 22:50:39.696] [Render thread/INFO] [Photonics/]: Photonics v32 ignored Sable plot section notification: filtered=2, sectionX=1280063, sectionZ=1280064
[17Aug2026 22:50:39.696] [Render thread/INFO] [Photonics/]: Photonics v32 ignored Sable plot section notification: filtered=4, sectionX=1280063, sectionZ=1280063
[17Aug2026 22:50:39.697] [Render thread/INFO] [Photonics/]: Photonics v32 ignored Sable plot section notification: filtered=8, sectionX=1280063, sectionZ=1280064
[17Aug2026 22:50:39.697] [Render thread/INFO] [Photonics/]: Photonics v32 ignored Sable plot section notification: filtered=16, sectionX=1280064, sectionZ=1280063
[17Aug2026 22:50:39.697] [Render thread/INFO] [Photonics/]: Photonics v32 ignored Sable plot section notification: filtered=32, sectionX=1280063, sectionZ=1280064
[17Aug2026 22:50:39.697] [Render thread/INFO] [Photonics/]: Photonics v32 ignored Sable plot section notification: filtered=64, sectionX=1280064, sectionZ=1280063
[17Aug2026 22:50:39.697] [Render thread/INFO] [Photonics/]: Photonics v32 ignored Sable plot section notification: filtered=128, sectionX=1280065, sectionZ=1280064
[17Aug2026 22:50:39.698] [Render thread/INFO] [Photonics/]: Photonics v32 ignored Sable plot section notification: filtered=256, sectionX=1280064, sectionZ=1280063
[17Aug2026 22:50:39.699] [Render thread/INFO] [Photonics/]: Photonics v32 ignored Sable plot section notification: filtered=512, sectionX=1280065, sectionZ=1280064
[17Aug2026 22:50:39.700] [Render thread/INFO] [Photonics/]: Photonics v32 ignored Sable plot section notification: filtered=1024, sectionX=1280062, sectionZ=1280065
[17Aug2026 22:50:39.727] [Photonics Light List Compiler/INFO] [Photonics/]: Photonics light candidates v18: eligible=14, selected=14, maxLights=4000, lightSections=6, capped=false
[17Aug2026 22:50:39.766] [Photonics Light List Compiler/INFO] [Photonics/]: Photonics light candidates v18: eligible=15, selected=15, maxLights=4000, lightSections=7, capped=false
[17Aug2026 22:50:39.766] [Photonics Light List Compiler/INFO] [Photonics/]: Photonics light-list publication v88: coalescedBatches=2, peakPendingSections=32, remainingSections=0, deferredMs=15.048
[17Aug2026 22:50:39.866] [Photonic Chunk Compiler #1/INFO] [Photonics/]: Photonics voxel diagnostic: state=Block{minecraft:verdant_froglight}[axis=x] vertexHash=ac5bf466a6e1aacc complete=true samples=1600 alphaZero=0 alphaPartial=0 alphaOpaque=1600 alphaMean=255.0 alphaRange=255-255 rgbMean=[217.2,237.8,214.8] rgbRange=[120-248,166-253,92-248] voxels=1352 aabb=[0,0,0]-[15,15,15] parts=[( 0.000E+0  0.000E+0  0.000E+0)]
[17Aug2026 22:50:39.866] [Photonic Chunk Compiler #1/INFO] [Photonics/]: Photonics voxel occupancy: state=Block{minecraft:verdant_froglight}[axis=x] part=( 0.000E+0  0.000E+0  0.000E+0) slices=y0=ffff/ffff/ffff/ffff/ffff/ffff/ffff/ffff/ffff/ffff/ffff/ffff/ffff/ffff/ffff/ffff;y1=ffff/8001/8001/8001/8001/8001/8001/8001/8001/8001/8001/8001/8001/8001/8001/ffff;y2=ffff/8001/8001/8001/8001/8001/8001/8001/8001/8001/8001/8001/8001/8001/8001/ffff;y3=ffff/8001/8001/8001/8001/8001/8001/8001/8001/8001/8001/8001/8001/8001/8001/ffff;y4=ffff/8001/8001/8001/8001/8001/8001/8001/8001/8001/8001/8001/8001/8001/8001/ffff;y5=ffff/8001/8001/8001/8001/8001/8001/8001/8001/8001/8001/8001/8001/8001/8001/ffff;y6=ffff/8001/8001/8001/8001/8001/8001/8001/8001/8001/8001/8001/8001/8001/8001/ffff;y7=ffff/8001/8001/8001/8001/8001/8001/8001/8001/8001/8001/8001/8001/8001/8001/ffff;y8=ffff/8001/8001/8001/8001/8001/8001/8001/8001/8001/8001/8001/8001/8001/8001/ffff;y9=ffff/8001/8001/8001/8001/8001/8001/8001/8001/8001/8001/8001/8001/8001/8001/ffff;y10=ffff/8001/8001/8001/8001/8001/8001/8001/8001/8001/8001/8001/8001/8001/8001/ffff;y11=ffff/8001/8001/8001/8001/8001/8001/8001/8001/8001/8001/8001/8001/8001/8001/ffff;y12=ffff/8001/8001/8001/8001/8001/8001/8001/8001/8001/8001/8001/8001/8001/8001/ffff;y13=ffff/8001/8001/8001/8001/8001/8001/8001/8001/8001/8001/8001/8001/8001/8001/ffff;y14=ffff/8001/8001/8001/8001/8001/8001/8001/8001/8001/8001/8001/8001/8001/8001/ffff;y15=ffff/ffff/ffff/ffff/ffff/ffff/ffff/ffff/ffff/ffff/ffff/ffff/ffff/ffff/ffff/ffff
[17Aug2026 22:50:39.870] [Render thread/INFO] [Photonics/]: Photonics v43 Sable source validation: zeroLuminanceButTraced=0, rejectedMaterial=0, recoveredStaleMaterial=0, firstIssue=none
[17Aug2026 22:50:39.872] [Render thread/INFO] [Photonics/]: Photonics world tracing v138: layoutRevision=0, layoutReason=none, sceneRevision=0, settled=false, compiledSections=0, trackedSections=0, batchBuilt=0, batchUnloaded=0, pendingBuilds=0, pendingUnloads=0, ready=false, depth=0, blockBounds=( 0.000E+0  0.000E+0  0.000E+0)..( 0.000E+0  0.000E+0  0.000E+0), treeBounds=( 0.000E+0  0.000E+0  0.000E+0)..( 0.000E+0  0.000E+0  0.000E+0), origin=( 0.000E+0  0.000E+0  0.000E+0), sceneChangeBounds=none, boundsSource=tree, compileMs=0.000
[17Aug2026 22:50:39.872] [Render thread/INFO] [Photonics/]: Photonics light list pending: 0 -> 15
[17Aug2026 22:50:39.872] [Render thread/INFO] [Photonics/]: Photonics v35 direct-light prefixes: movingLights=0, externalLights=0, totalLights=15, proposalBudget=adaptive-half-candidates
[17Aug2026 22:50:39.930] [Photonic Chunk Compiler #0/INFO] [Photonics/]: Photonics voxel diagnostic: state=Block{minecraft:red_stained_glass} vertexHash=b7e4256d00113ec0 complete=true samples=1600 alphaZero=0 alphaPartial=1600 alphaOpaque=0 alphaMean=117.2 alphaRange=102-163 rgbMean=[153.0,51.0,51.0] rgbRange=[153-153,51-51,51-51] voxels=1352 aabb=[0,0,0]-[15,15,15] parts=[( 0.000E+0  0.000E+0  0.000E+0)]
[17Aug2026 22:50:39.930] [Photonic Chunk Compiler #0/INFO] [Photonics/]: Photonics voxel occupancy: state=Block{minecraft:red_stained_glass} part=( 0.000E+0  0.000E+0  0.000E+0) slices=y0=ffff/ffff/ffff/ffff/ffff/ffff/ffff/ffff/ffff/ffff/ffff/ffff/ffff/ffff/ffff/ffff;y1=ffff/8001/8001/8001/8001/8001/8001/8001/8001/8001/8001/8001/8001/8001/8001/ffff;y2=ffff/8001/8001/8001/8001/8001/8001/8001/8001/8001/8001/8001/8001/8001/8001/ffff;y3=ffff/8001/8001/8001/8001/8001/8001/8001/8001/8001/8001/8001/8001/8001/8001/ffff;y4=ffff/8001/8001/8001/8001/8001/8001/8001/8001/8001/8001/8001/8001/8001/8001/ffff;y5=ffff/8001/8001/8001/8001/8001/8001/8001/8001/8001/8001/8001/8001/8001/8001/ffff;y6=ffff/8001/8001/8001/8001/8001/8001/8001/8001/8001/8001/8001/8001/8001/8001/ffff;y7=ffff/8001/8001/8001/8001/8001/8001/8001/8001/8001/8001/8001/8001/8001/8001/ffff;y8=ffff/8001/8001/8001/8001/8001/8001/8001/8001/8001/8001/8001/8001/8001/8001/ffff;y9=ffff/8001/8001/8001/8001/8001/8001/8001/8001/8001/8001/8001/8001/8001/8001/ffff;y10=ffff/8001/8001/8001/8001/8001/8001/8001/8001/8001/8001/8001/8001/8001/8001/ffff;y11=ffff/8001/8001/8001/8001/8001/8001/8001/8001/8001/8001/8001/8001/8001/8001/ffff;y12=ffff/8001/8001/8001/8001/8001/8001/8001/8001/8001/8001/8001/8001/8001/8001/ffff;y13=ffff/8001/8001/8001/8001/8001/8001/8001/8001/8001/8001/8001/8001/8001/8001/ffff;y14=ffff/8001/8001/8001/8001/8001/8001/8001/8001/8001/8001/8001/8001/8001/8001/ffff;y15=ffff/ffff/ffff/ffff/ffff/ffff/ffff/ffff/ffff/ffff/ffff/ffff/ffff/ffff/ffff/ffff
[17Aug2026 22:50:40.130] [Render thread/INFO] [ChunkBuilder/]: Stopping worker threads
[17Aug2026 22:50:40.136] [Render thread/INFO] [ChunkBuilder/]: Started 10 worker threads
[17Aug2026 22:50:40.141] [Photonic Chunk Compiler #1/INFO] [Photonics/]: Photonics voxel diagnostic: state=Block{minecraft:red_stained_glass} vertexHash=4e1ef58f2a2923f0 complete=true samples=1600 alphaZero=0 alphaPartial=1600 alphaOpaque=0 alphaMean=117.2 alphaRange=102-163 rgbMean=[153.0,51.0,51.0] rgbRange=[153-153,51-51,51-51] voxels=1352 aabb=[0,0,0]-[15,15,15] parts=[( 0.000E+0  0.000E+0  0.000E+0)]
[17Aug2026 22:50:40.142] [Photonic Chunk Compiler #1/INFO] [Photonics/]: Photonics voxel occupancy: state=Block{minecraft:red_stained_glass} part=( 0.000E+0  0.000E+0  0.000E+0) slices=y0=ffff/ffff/ffff/ffff/ffff/ffff/ffff/ffff/ffff/ffff/ffff/ffff/ffff/ffff/ffff/ffff;y1=ffff/8001/8001/8001/8001/8001/8001/8001/8001/8001/8001/8001/8001/8001/8001/ffff;y2=ffff/8001/8001/8001/8001/8001/8001/8001/8001/8001/8001/8001/8001/8001/8001/ffff;y3=ffff/8001/8001/8001/8001/8001/8001/8001/8001/8001/8001/8001/8001/8001/8001/ffff;y4=ffff/8001/8001/8001/8001/8001/8001/8001/8001/8001/8001/8001/8001/8001/8001/ffff;y5=ffff/8001/8001/8001/8001/8001/8001/8001/8001/8001/8001/8001/8001/8001/8001/ffff;y6=ffff/8001/8001/8001/8001/8001/8001/8001/8001/8001/8001/8001/8001/8001/8001/ffff;y7=ffff/8001/8001/8001/8001/8001/8001/8001/8001/8001/8001/8001/8001/8001/8001/ffff;y8=ffff/8001/8001/8001/8001/8001/8001/8001/8001/8001/8001/8001/8001/8001/8001/ffff;y9=ffff/8001/8001/8001/8001/8001/8001/8001/8001/8001/8001/8001/8001/8001/8001/ffff;y10=ffff/8001/8001/8001/8001/8001/8001/8001/8001/8001/8001/8001/8001/8001/8001/ffff;y11=ffff/8001/8001/8001/8001/8001/8001/8001/8001/8001/8001/8001/8001/8001/8001/ffff;y12=ffff/8001/8001/8001/8001/8001/8001/8001/8001/8001/8001/8001/8001/8001/8001/ffff;y13=ffff/8001/8001/8001/8001/8001/8001/8001/8001/8001/8001/8001/8001/8001/8001/ffff;y14=ffff/8001/8001/8001/8001/8001/8001/8001/8001/8001/8001/8001/8001/8001/8001/ffff;y15=ffff/ffff/ffff/ffff/ffff/ffff/ffff/ffff/ffff/ffff/ffff/ffff/ffff/ffff/ffff/ffff
[17Aug2026 22:50:40.144] [Render thread/WARN] [flywheel/]: Flywheel backend fell back from 'flywheel:indirect' to 'flywheel:off'
[17Aug2026 22:50:40.146] [Photonic Chunk Compiler #1/INFO] [Photonics/]: Photonics voxel diagnostic: state=Block{minecraft:verdant_froglight}[axis=x] vertexHash=2c1040049eeefb44 complete=true samples=1600 alphaZero=0 alphaPartial=0 alphaOpaque=1600 alphaMean=255.0 alphaRange=255-255 rgbMean=[217.2,237.8,214.8] rgbRange=[120-248,166-253,92-248] voxels=1352 aabb=[0,0,0]-[15,15,15] parts=[( 0.000E+0  0.000E+0  0.000E+0)]
[17Aug2026 22:50:40.146] [Photonic Chunk Compiler #1/INFO] [Photonics/]: Photonics voxel occupancy: state=Block{minecraft:verdant_froglight}[axis=x] part=( 0.000E+0  0.000E+0  0.000E+0) slices=y0=ffff/ffff/ffff/ffff/ffff/ffff/ffff/ffff/ffff/ffff/ffff/ffff/ffff/ffff/ffff/ffff;y1=ffff/8001/8001/8001/8001/8001/8001/8001/8001/8001/8001/8001/8001/8001/8001/ffff;y2=ffff/8001/8001/8001/8001/8001/8001/8001/8001/8001/8001/8001/8001/8001/8001/ffff;y3=ffff/8001/8001/8001/8001/8001/8001/8001/8001/8001/8001/8001/8001/8001/8001/ffff;y4=ffff/8001/8001/8001/8001/8001/8001/8001/8001/8001/8001/8001/8001/8001/8001/ffff;y5=ffff/8001/8001/8001/8001/8001/8001/8001/8001/8001/8001/8001/8001/8001/8001/ffff;y6=ffff/8001/8001/8001/8001/8001/8001/8001/8001/8001/8001/8001/8001/8001/8001/ffff;y7=ffff/8001/8001/8001/8001/8001/8001/8001/8001/8001/8001/8001/8001/8001/8001/ffff;y8=ffff/8001/8001/8001/8001/8001/8001/8001/8001/8001/8001/8001/8001/8001/8001/ffff;y9=ffff/8001/8001/8001/8001/8001/8001/8001/8001/8001/8001/8001/8001/8001/8001/ffff;y10=ffff/8001/8001/8001/8001/8001/8001/8001/8001/8001/8001/8001/8001/8001/8001/ffff;y11=ffff/8001/8001/8001/8001/8001/8001/8001/8001/8001/8001/8001/8001/8001/8001/ffff;y12=ffff/8001/8001/8001/8001/8001/8001/8001/8001/8001/8001/8001/8001/8001/8001/ffff;y13=ffff/8001/8001/8001/8001/8001/8001/8001/8001/8001/8001/8001/8001/8001/8001/ffff;y14=ffff/8001/8001/8001/8001/8001/8001/8001/8001/8001/8001/8001/8001/8001/8001/ffff;y15=ffff/ffff/ffff/ffff/ffff/ffff/ffff/ffff/ffff/ffff/ffff/ffff/ffff/ffff/ffff/ffff
[17Aug2026 22:50:40.179] [Photonics Light List Compiler/INFO] [Photonics/]: Photonics light candidates v18: eligible=24, selected=24, maxLights=4000, lightSections=12, capped=false
[17Aug2026 22:50:40.179] [Photonics Light List Compiler/INFO] [Photonics/]: Photonics light-list publication v88: coalescedBatches=20, peakPendingSections=1945, remainingSections=1561, deferredMs=272.449
[17Aug2026 22:50:40.260] [Render thread/WARN] [Sodium-VertexConsumerTracker/]: Class com.mojang.blaze3d.vertex.BufferBuilder does not support optimized vertex writing code paths, which may cause reduced rendering performance
[17Aug2026 22:50:40.293] [Photonic Chunk Compiler #1/INFO] [Photonics/]: Photonics voxel diagnostic: state=Block{minecraft:verdant_froglight}[axis=y] vertexHash=bcbafa6eaece8f38 complete=true samples=1600 alphaZero=0 alphaPartial=0 alphaOpaque=1600 alphaMean=255.0 alphaRange=255-255 rgbMean=[217.1,237.8,214.6] rgbRange=[120-248,166-253,92-248] voxels=1352 aabb=[0,0,0]-[15,15,15] parts=[( 0.000E+0  0.000E+0  0.000E+0)]
[17Aug2026 22:50:40.294] [Photonic Chunk Compiler #0/INFO] [Photonics/]: Photonics voxel diagnostic: state=Block{minecraft:verdant_froglight}[axis=z] vertexHash=c85bc5885ace8f38 complete=true samples=1592 alphaZero=0 alphaPartial=0 alphaOpaque=1592 alphaMean=255.0 alphaRange=255-255 rgbMean=[217.2,237.8,214.8] rgbRange=[120-248,166-253,92-248] voxels=1338 aabb=[0,0,0]-[15,15,15] parts=[( 0.000E+0  0.000E+0  0.000E+0)]
[17Aug2026 22:50:40.294] [Photonic Chunk Compiler #1/INFO] [Photonics/]: Photonics voxel occupancy: state=Block{minecraft:verdant_froglight}[axis=y] part=( 0.000E+0  0.000E+0  0.000E+0) slices=y0=ffff/ffff/ffff/ffff/ffff/ffff/ffff/ffff/ffff/ffff/ffff/ffff/ffff/ffff/ffff/ffff;y1=ffff/8001/8001/8001/8001/8001/8001/8001/8001/8001/8001/8001/8001/8001/8001/ffff;y2=ffff/8001/8001/8001/8001/8001/8001/8001/8001/8001/8001/8001/8001/8001/8001/ffff;y3=ffff/8001/8001/8001/8001/8001/8001/8001/8001/8001/8001/8001/8001/8001/8001/ffff;y4=ffff/8001/8001/8001/8001/8001/8001/8001/8001/8001/8001/8001/8001/8001/8001/ffff;y5=ffff/8001/8001/8001/8001/8001/8001/8001/8001/8001/8001/8001/8001/8001/8001/ffff;y6=ffff/8001/8001/8001/8001/8001/8001/8001/8001/8001/8001/8001/8001/8001/8001/ffff;y7=ffff/8001/8001/8001/8001/8001/8001/8001/8001/8001/8001/8001/8001/8001/8001/ffff;y8=ffff/8001/8001/8001/8001/8001/8001/8001/8001/8001/8001/8001/8001/8001/8001/ffff;y9=ffff/8001/8001/8001/8001/8001/8001/8001/8001/8001/8001/8001/8001/8001/8001/ffff;y10=ffff/8001/8001/8001/8001/8001/8001/8001/8001/8001/8001/8001/8001/8001/8001/ffff;y11=ffff/8001/8001/8001/8001/8001/8001/8001/8001/8001/8001/8001/8001/8001/8001/ffff;y12=ffff/8001/8001/8001/8001/8001/8001/8001/8001/8001/8001/8001/8001/8001/8001/ffff;y13=ffff/8001/8001/8001/8001/8001/8001/8001/8001/8001/8001/8001/8001/8001/8001/ffff;y14=ffff/8001/8001/8001/8001/8001/8001/8001/8001/8001/8001/8001/8001/8001/8001/ffff;y15=ffff/ffff/ffff/ffff/ffff/ffff/ffff/ffff/ffff/ffff/ffff/ffff/ffff/ffff/ffff/ffff
[17Aug2026 22:50:40.294] [Photonic Chunk Compiler #0/INFO] [Photonics/]: Photonics voxel occupancy: state=Block{minecraft:verdant_froglight}[axis=z] part=( 0.000E+0  0.000E+0  0.000E+0) slices=y0=ffff/bfff/dfff/efff/f7ff/fbff/fdff/feff/ffff/ffff/ffff/ffff/ffff/ffff/ffff/ffff;y1=ffff/8001/8001/8001/8001/8001/8001/8001/8001/8001/8001/8001/8001/8001/8000/ffff;y2=ffff/8001/8001/8001/8001/8001/8001/8001/8001/8001/8001/8001/8001/8000/8001/ffff;y3=ffff/8001/8001/8001/8001/8001/8001/8001/8001/8001/8001/8001/8000/8001/8001/ffff;y4=ffff/8001/8001/8001/8001/8001/8001/8001/8001/8001/8001/8000/8001/8001/8001/ffff;y5=ffff/8001/8001/8001/8001/8001/8001/8001/8001/8001/8000/8001/8001/8001/8001/ffff;y6=ffff/8001/8001/8001/8001/8001/8001/8001/8001/8000/8001/8001/8001/8001/8001/ffff;y7=ffff/8001/8001/8001/8001/8001/8001/8001/8000/8001/8001/8001/8001/8001/8001/ffff;y8=ffff/8001/8001/8001/8001/8001/8001/8001/8001/8001/8001/8001/8001/8001/8001/ffff;y9=ffff/8001/8001/8001/8001/8001/8001/8001/8001/8001/8001/8001/8001/8001/8001/ffff;y10=ffff/8001/8001/8001/8001/8001/8001/8001/8001/8001/8001/8001/8001/8001/8001/ffff;y11=ffff/8001/8001/8001/8001/8001/8001/8001/8001/8001/8001/8001/8001/8001/8001/ffff;y12=ffff/8001/8001/8001/8001/8001/8001/8001/8001/8001/8001/8001/8001/8001/8001/ffff;y13=ffff/8001/8001/8001/8001/8001/8001/8001/8001/8001/8001/8001/8001/8001/8001/ffff;y14=ffff/8001/8001/8001/8001/8001/8001/8001/8001/8001/8001/8001/8001/8001/8001/ffff;y15=ffff/ffff/ffff/ffff/ffff/ffff/ffff/ffff/ffff/ffff/ffff/ffff/ffff/ffff/ffff/ffff
[17Aug2026 22:50:40.322] [Render thread/INFO] [DistantHorizons-DistantHorizons-com.seibel.distanthorizons.common.render.openGl.glObject.GLProxy/]: Iris detected, Distant Horizons OpenGL error logging won't be sent in the chat due to Iris throwing known (harmless) OpenGL errors. This is a bug with Iris, not Distant Horizons.
[17Aug2026 22:50:40.324] [Render thread/INFO] [DistantHorizons-DistantHorizons-com.seibel.distanthorizons.common.render.openGl.glObject.GLProxy/]: Creating [GLProxy]... If this is the last message you see there must have been an OpenGL error.
[17Aug2026 22:50:40.324] [Render thread/INFO] [DistantHorizons-DistantHorizons-com.seibel.distanthorizons.common.render.openGl.glObject.GLProxy/]: Lod Render OpenGL version [4.6 (Core Profile) Mesa 26.1.2 - kisak-mesa PPA].
[17Aug2026 22:50:40.324] [Render thread/INFO] [DistantHorizons-DistantHorizons-com.seibel.distanthorizons.common.render.openGl.glObject.GLProxy/]: minecraftGlCapabilities:
Your OpenGL support:
openGL version 3.3+: [true] <- REQUIRED
Vertex Attribute Buffer Binding: [true] <- optional improvement
Buffer Storage: [true] <- optional improvement

[17Aug2026 22:50:40.338] [Render thread/INFO] [DistantHorizons-DistantHorizons-com.seibel.distanthorizons.common.render.openGl.glObject.GLProxy/]: GPU Vendor [AMD] with OS [Linux], Preferred upload method is [BUFFER_STORAGE].
[17Aug2026 22:50:40.338] [Render thread/INFO] [DistantHorizons-DistantHorizons-com.seibel.distanthorizons.common.render.openGl.glObject.GLProxy/]: GLProxy creation successful. OpenGL smiles upon you this day.
[17Aug2026 22:50:40.338] [Render thread/INFO] [DistantHorizons-DistantHorizons-com.seibel.distanthorizons.common.render.openGl.GlDhMetaRenderer_neoforge/]: Setting up renderer
[17Aug2026 22:50:40.383] [Render thread/INFO] [DistantHorizons-DistantHorizons-com.seibel.distanthorizons.common.render.openGl.GlDhMetaRenderer_neoforge/]: Renderer setup complete
[17Aug2026 22:50:40.397] [Render thread/INFO] [DistantHorizons-DistantHorizons-com.seibel.distanthorizons.common.render.openGl.glObject.shader.GlShader/]: Loading shader with type: [35633]
[17Aug2026 22:50:40.397] [Render thread/INFO] [DistantHorizons-DistantHorizons-com.seibel.distanthorizons.common.render.openGl.glObject.shader.GlShader/]: Shader loaded sucessfully.
[17Aug2026 22:50:40.398] [Render thread/INFO] [DistantHorizons-DistantHorizons-com.seibel.distanthorizons.common.render.openGl.glObject.shader.GlShader/]: Loading shader with type: [35632]
[17Aug2026 22:50:40.398] [Render thread/INFO] [DistantHorizons-DistantHorizons-com.seibel.distanthorizons.common.render.openGl.glObject.shader.GlShader/]: Shader loaded sucessfully.
[17Aug2026 22:50:40.407] [Render thread/INFO] [DistantHorizons-DistantHorizons-com.seibel.distanthorizons.common.render.openGl.glObject.vertexAttribute.GlVertexAttributePostGL43/]: Vertex Attribute (GL43+) completed. It contains 1 binding points and a stride size of 16
[17Aug2026 22:50:40.407] [Render thread/INFO] [DistantHorizons-DistantHorizons-com.seibel.distanthorizons.core.render.renderer.LodRenderer/]: Overriding vanilla MC settings to better fit Distant Horizons... This behavior can be disabled in the Distant Horizons config.
[17Aug2026 22:50:40.407] [Render thread/INFO] [DistantHorizons-DistantHorizons-com.seibel.distanthorizons.common.wrappers.minecraft.MinecraftClientWrapper_neoforge/]: Disabling vanilla clouds... This is done to prevent vanilla clouds from rendering on top of Distant Horizons LODs.
[17Aug2026 22:50:40.407] [Render thread/INFO] [DistantHorizons-DistantHorizons-com.seibel.distanthorizons.common.wrappers.minecraft.MinecraftClientWrapper_neoforge/]: Disabling fabulous graphics... This is done to fix vanilla chunks (specifically water blocks) not fading into Distant Horizons LODs when DH's 'Vanilla Fade' option is enabled.
[17Aug2026 22:50:40.419] [Render thread/INFO] [DistantHorizons-DistantHorizons-com.seibel.distanthorizons.common.render.openGl.glObject.shader.GlShader/]: Loading shader with type: [35633]
[17Aug2026 22:50:40.420] [Render thread/INFO] [DistantHorizons-DistantHorizons-com.seibel.distanthorizons.common.render.openGl.glObject.shader.GlShader/]: Shader loaded sucessfully.
[17Aug2026 22:50:40.420] [Render thread/INFO] [DistantHorizons-DistantHorizons-com.seibel.distanthorizons.common.render.openGl.glObject.shader.GlShader/]: Loading shader with type: [35632]
[17Aug2026 22:50:40.420] [Render thread/INFO] [DistantHorizons-DistantHorizons-com.seibel.distanthorizons.common.render.openGl.glObject.shader.GlShader/]: Shader loaded sucessfully.
[17Aug2026 22:50:40.422] [Render thread/INFO] [DistantHorizons-DistantHorizons-com.seibel.distanthorizons.common.render.openGl.glObject.vertexAttribute.GlVertexAttributePostGL43/]: Vertex Attribute (GL43+) completed. It contains 1 binding points and a stride size of 12
[17Aug2026 22:50:40.423] [Render thread/INFO] [DistantHorizons-DistantHorizons-com.seibel.distanthorizons.common.render.openGl.glObject.shader.GlShader/]: Loading shader with type: [35633]
[17Aug2026 22:50:40.423] [Render thread/INFO] [DistantHorizons-DistantHorizons-com.seibel.distanthorizons.common.render.openGl.glObject.shader.GlShader/]: Shader loaded sucessfully.
[17Aug2026 22:50:40.423] [Render thread/INFO] [DistantHorizons-DistantHorizons-com.seibel.distanthorizons.common.render.openGl.glObject.shader.GlShader/]: Loading shader with type: [35632]
[17Aug2026 22:50:40.423] [Render thread/INFO] [DistantHorizons-DistantHorizons-com.seibel.distanthorizons.common.render.openGl.glObject.shader.GlShader/]: Shader loaded sucessfully.
[17Aug2026 22:50:40.424] [Render thread/INFO] [DistantHorizons-DistantHorizons-com.seibel.distanthorizons.common.render.openGl.glObject.vertexAttribute.GlVertexAttributePostGL43/]: Vertex Attribute (GL43+) completed. It contains 1 binding points and a stride size of 12
[17Aug2026 22:50:40.443] [Render thread/INFO] [Photonics/]: Photonics v20 Iris material bridge active: path=sable-single, block=minecraft:verdant_froglight, shaderPackId=10052, emission=15
[17Aug2026 22:50:40.443] [Render thread/INFO] [Photonics/]: Photonics v20 emissive material captured: path=sable-single, block=minecraft:verdant_froglight, shaderPackId=10052, emission=15
[17Aug2026 22:50:40.462] [Photonics Light List Compiler/INFO] [Photonics/]: Photonics light-list publication v88: coalescedBatches=13, peakPendingSections=1513, remainingSections=937, deferredMs=251.269
[17Aug2026 22:50:40.463] [Render thread/INFO] [top.leonx.irisveil.IrisVeilCompat/]: IrisVeilCompat: using Block program with dithering for translucent 'aeronautics:levitite/levitite'
[17Aug2026 22:50:40.508] [Render thread/WARN] [net.irisshaders.iris.pipeline.transform.transformer.CompatibilityTransformer/]: The in declaration '_veil_ghostNoiseMagnitude' in the gbuffers_veil_aeronautics_levitite_levitite FRAGMENT shader is missing a corresponding out declaration in the previous stage VERTEX and has been compatibility-patched. See debugging.md for more information.
[17Aug2026 22:50:40.508] [Render thread/WARN] [net.irisshaders.iris.pipeline.transform.transformer.CompatibilityTransformer/]: The in declaration '_veil_depth' in the gbuffers_veil_aeronautics_levitite_levitite FRAGMENT shader is missing a corresponding out declaration in the previous stage VERTEX and has been compatibility-patched. See debugging.md for more information.
[17Aug2026 22:50:40.508] [Render thread/WARN] [net.irisshaders.iris.pipeline.transform.transformer.CompatibilityTransformer/]: The in declaration '_veil_ghostLayerFullness' in the gbuffers_veil_aeronautics_levitite_levitite FRAGMENT shader is missing a corresponding out declaration in the previous stage VERTEX and has been compatibility-patched. See debugging.md for more information.
[17Aug2026 22:50:40.513] [Render thread/INFO] [top.leonx.irisveil.IrisVeilCompat/]: IrisVeilCompat: created Iris ShaderInstance for 'aeronautics:levitite/levitite'
[17Aug2026 22:50:40.528] [Render thread/INFO] [Photonics/]: Photonics history reset v18: reason=initial-clear, buffer=side-b, attachments=[ph_frag_data0, ph_frag_data1], size=-1x-1 -> 1476x632
[17Aug2026 22:50:40.528] [Render thread/INFO] [Photonics/]: Photonics history reset v18: reason=initial-clear, buffer=side-a, attachments=[ph_frag_data0, ph_frag_data1], size=-1x-1 -> 1476x632
[17Aug2026 22:50:40.530] [Render thread/INFO] [Photonics/]: Photonics history reset v18: reason=initial-clear, buffer=side-b, attachments=[restir_lighting, restir_lighting_variance, restir_direct_reservoirs0, restir_direct_state, restir_indirect_reservoirs0, restir_indirect_reservoirs1, restir_gi_history_epoch, restir_external_lighting], size=-1x-1 -> 1476x632
[17Aug2026 22:50:40.531] [Render thread/INFO] [Photonics/]: Photonics history reset v18: reason=initial-clear, buffer=side-a, attachments=[restir_lighting, restir_lighting_variance, restir_direct_reservoirs0, restir_direct_state, restir_indirect_reservoirs0, restir_indirect_reservoirs1, restir_gi_history_epoch, restir_external_lighting], size=-1x-1 -> 1476x632
[17Aug2026 22:50:40.533] [Render thread/INFO] [Photonics/]: Photonics history reset v18: reason=initial-clear, buffer=side-a, attachments=[denoise_result], size=-1x-1 -> 1476x632
[17Aug2026 22:50:40.533] [Render thread/INFO] [Photonics/]: Photonics history reset v18: reason=initial-clear, buffer=side-b, attachments=[denoise_result], size=-1x-1 -> 1476x632
[17Aug2026 22:50:40.561] [Render thread/INFO] [Veil/]: Multi-Bind supported, using core
[17Aug2026 22:50:40.589] [Render thread/INFO] [xaero.hud.minimap.MinimapLogs/]: Reloading radar icon resources...
[17Aug2026 22:50:40.602] [Render thread/INFO] [xaero.hud.minimap.MinimapLogs/]: Reloaded radar icon resources!
[17Aug2026 22:50:40.627] [Photonics Light List Compiler/INFO] [Photonics/]: Photonics light-list publication v88: coalescedBatches=20, peakPendingSections=889, remainingSections=0, deferredMs=157.657
[17Aug2026 22:50:40.671] [Render thread/INFO] [Photonics/]: Photonics v64 stale section-light suppression active: lights=1, aliases=2, aliasHoldMs=250, maxAliasesPerLight=24, matching=position+(registry-id/profile diagnostics)+after-loss-owned-nearby-Light-proxy-quarantine, mergeOwner=render-thread
[17Aug2026 22:50:40.671] [Render thread/INFO] [Photonics/]: Photonics v42 frame-aligned Contraption Lights/Sable light bridge active: structures=1, sourceLights=1, uploadedLights=1, identity=sublevel-uuid-token, proposalBudget=adaptive-half-candidates
[17Aug2026 22:50:40.671] [Render thread/INFO] [Photonics/]: Photonics v24 Sable moving lights: 0 -> 1 (structures=1, sourceLights=1)
[17Aug2026 22:50:40.672] [Render thread/INFO] [Photonics/]: Photonics v35 Sable reactive lights: moving=1, stationary=0, uploaded=1
[17Aug2026 22:50:40.672] [Render thread/INFO] [Photonics/]: Photonics v55 Sable skylight diagnostics active: source=ClientSubLevel.latestSkyLightScale, freezeGetter=false
[17Aug2026 22:50:40.672] [Render thread/INFO] [Photonics/]: Photonics v55 Sable skylight transition: subLevel=2ce14329-0ec4-496e-b792-8a096ef6a10c, scale=initial -> 15, logicalY=0.49747 (cell 0), renderY=0.49747 (cell 0), cameraY=2.81684 (cell 2)
[17Aug2026 22:50:40.673] [Render thread/INFO] [Photonics/]: Photonics v27 Sable geometry atlas rebuilt: rebuild=1, subLevels=1, receiverCells=1, occluderCells=0, size=4x1x1, precision=solid-block-cell, payloadHash=2b2f41
[17Aug2026 22:50:40.673] [Render thread/INFO] [Photonics/]: Photonics v50 Sable receiver motion active: subLevels=1, classifier=normal-guided-receiver-cell-atlas+emissive-cells, emitterIdentity=explicit-sublevel-token, localVisibility=tri-state-token-gated-conservative-supercover-dda, temporalTransform=camera-relative-stable-anchor-double-compose
[17Aug2026 22:50:40.673] [Render thread/INFO] [Photonics/]: Photonics v24 Sable receiver motion: 0 -> 1
[17Aug2026 22:50:40.675] [Render thread/INFO] [Photonics/]: Photonics v64 external-light de-duplication: suppressedSectionLights=1, aliasBlockIdMatches=0, aliasLightProfileMatches=0, aliasPositionFallbacks=1, confirmedProxySuppressions=0, quarantinedProxyLights=0, trackedProxyCells=1, replacementAliases=2, externalLights=1, firstSuppressed=(-2.000E+1  0.000E+0  4.700E+1)
[17Aug2026 22:50:40.675] [Render thread/INFO] [Photonics/]: Photonics light list pending: 15 -> 24
[17Aug2026 22:50:40.675] [Render thread/INFO] [Photonics/]: Photonics v35 direct-light prefixes: movingLights=1, externalLights=1, totalLights=24, proposalBudget=adaptive-half-candidates
[17Aug2026 22:50:40.831] [Render thread/INFO] [Photonics/]: Photonics v31 suppressing duplicate Contraption Lights/Veil point-light energy; Sable emissive material and bloom remain enabled
[17Aug2026 22:50:41.014] [Render thread/INFO] [Photonics/]: Photonics v35 Sable reactive lights: moving=0, stationary=1, uploaded=1
[17Aug2026 22:50:41.015] [Render thread/INFO] [Photonics/]: Photonics world tracing v138: layoutRevision=3, layoutReason=streaming-or-rebuild, sceneRevision=0, settled=false, compiledSections=94, trackedSections=2018, batchBuilt=48, batchUnloaded=0, pendingBuilds=62, pendingUnloads=0, ready=true, depth=6, blockBounds=( 1.600E+2  1.280E+2  1.760E+2)..( 3.040E+2  2.240E+2  3.200E+2), treeBounds=( 0.000E+0  0.000E+0  0.000E+0)..( 1.024E+3  1.024E+3  1.024E+3), origin=(-2.560E+2 -1.920E+2 -1.920E+2), sceneChangeBounds=none, boundsSource=compiled, compileMs=51.379
[17Aug2026 22:50:41.015] [Render thread/INFO] [Photonics/]: Photonics v35 direct-light prefixes: movingLights=0, externalLights=1, totalLights=24, proposalBudget=adaptive-half-candidates
[17Aug2026 22:50:42.062] [Render thread/INFO] [Photonics/]: Photonics world tracing v138: layoutRevision=14, layoutReason=streaming-or-rebuild, sceneRevision=0, settled=false, compiledSections=618, trackedSections=2018, batchBuilt=48, batchUnloaded=0, pendingBuilds=96, pendingUnloads=0, ready=true, depth=6, blockBounds=( 8.000E+1  1.280E+2  8.000E+1)..( 3.840E+2  2.240E+2  4.000E+2), treeBounds=( 0.000E+0  0.000E+0  0.000E+0)..( 1.024E+3  1.024E+3  1.024E+3), origin=(-2.560E+2 -1.920E+2 -1.920E+2), sceneChangeBounds=none, boundsSource=compiled, compileMs=54.410
[17Aug2026 22:50:43.100] [Render thread/INFO] [Photonics/]: Photonics world tracing v138: layoutRevision=27, layoutReason=streaming-or-rebuild, sceneRevision=0, settled=false, compiledSections=1242, trackedSections=2018, batchBuilt=48, batchUnloaded=0, pendingBuilds=96, pendingUnloads=0, ready=true, depth=6, blockBounds=( 6.400E+1  1.280E+2  8.000E+1)..( 4.000E+2  2.240E+2  4.160E+2), treeBounds=( 0.000E+0  0.000E+0  0.000E+0)..( 1.024E+3  1.024E+3  1.024E+3), origin=(-2.560E+2 -1.920E+2 -1.920E+2), sceneChangeBounds=none, boundsSource=compiled, compileMs=61.849
[17Aug2026 22:50:44.140] [Render thread/INFO] [Photonics/]: Photonics world tracing v138: layoutRevision=39, layoutReason=streaming-or-rebuild, sceneRevision=0, settled=false, compiledSections=1818, trackedSections=2018, batchBuilt=48, batchUnloaded=0, pendingBuilds=96, pendingUnloads=0, ready=true, depth=6, blockBounds=( 6.400E+1  1.280E+2  8.000E+1)..( 4.000E+2  2.240E+2  4.160E+2), treeBounds=( 0.000E+0  0.000E+0  0.000E+0)..( 1.024E+3  1.024E+3  1.024E+3), origin=(-2.560E+2 -1.920E+2 -1.920E+2), sceneChangeBounds=none, boundsSource=compiled, compileMs=79.610
[17Aug2026 22:50:44.206] [Render thread/INFO] [Photonics/]: Photonics pass timing v73: group=frag data, passes=[frag data], viewport=1476x632, megapixels=0.933, cpuInvocations=134, cpuSubmitAvgMs=0.069, cpuSubmitMaxMs=0.320, gpuSamples=34, gpuAvgMs=0.047, gpuMaxMs=0.049, gpuAvgMsPerMP=0.051
[17Aug2026 22:50:44.206] [Render thread/INFO] [Photonics/]: Photonics frame throughput v78: viewport=1476x632, windowSeconds=5.005, renderedFrames=134, fps=26.774, frameAvgMs=37.349
[17Aug2026 22:50:44.223] [Render thread/INFO] [net.minecraft.client.gui.components.ChatComponent/]: [System] [CHAT] Distant Horizons: G1 Garbage collector detected.\nThis can cause FPS stuttering. \nIt's recommended to use a concurrent garbage collector \nlike ZGC (Java 21+) or Shenandoah (Java 8 through 17) \nfor a smoother experience. \nThis warning can be disabled in the DH config.
[17Aug2026 22:50:44.228] [Render thread/INFO] [Photonics/]: Photonics pass timing v73: group=restir direct, passes=[initial direct + visibility], viewport=1476x632, megapixels=0.933, cpuInvocations=135, cpuSubmitAvgMs=0.054, cpuSubmitMaxMs=0.389, gpuSamples=34, gpuAvgMs=0.203, gpuMaxMs=0.233, gpuAvgMsPerMP=0.217
[17Aug2026 22:50:44.240] [Render thread/INFO] [Photonics/]: Photonics pass timing v73: group=restir gi initial, passes=[initial indirect], viewport=1476x632, megapixels=0.933, cpuInvocations=136, cpuSubmitAvgMs=0.019, cpuSubmitMaxMs=0.082, gpuSamples=34, gpuAvgMs=0.236, gpuMaxMs=0.250, gpuAvgMsPerMP=0.252
[17Aug2026 22:50:44.256] [Render thread/INFO] [Photonics/]: Photonics pass timing v73: group=restir temporal, passes=[temporal reuse + tri-state GI classification], viewport=1476x632, megapixels=0.933, cpuInvocations=137, cpuSubmitAvgMs=0.032, cpuSubmitMaxMs=0.143, gpuSamples=34, gpuAvgMs=0.202, gpuMaxMs=0.245, gpuAvgMsPerMP=0.216
[17Aug2026 22:50:44.272] [Render thread/INFO] [Photonics/]: Photonics pass timing v73: group=restir spatial, passes=[spatial reuse/clamp + tri-state GI classification], viewport=1476x632, megapixels=0.933, cpuInvocations=138, cpuSubmitAvgMs=0.018, cpuSubmitMaxMs=0.167, gpuSamples=35, gpuAvgMs=0.118, gpuMaxMs=0.127, gpuAvgMsPerMP=0.126
[17Aug2026 22:50:44.290] [Render thread/INFO] [Photonics/]: Photonics pass timing v73: group=restir diffuse, passes=[diffuse], viewport=1476x632, megapixels=0.933, cpuInvocations=139, cpuSubmitAvgMs=0.019, cpuSubmitMaxMs=0.232, gpuSamples=35, gpuAvgMs=0.140, gpuMaxMs=0.181, gpuAvgMsPerMP=0.150
[17Aug2026 22:50:44.322] [Render thread/INFO] [Photonics/]: Photonics pass timing v73: group=restir accumulation, passes=[accumulation], viewport=1476x632, megapixels=0.933, cpuInvocations=141, cpuSubmitAvgMs=0.024, cpuSubmitMaxMs=0.083, gpuSamples=35, gpuAvgMs=0.438, gpuMaxMs=0.508, gpuAvgMsPerMP=0.469
[17Aug2026 22:50:44.341] [Render thread/INFO] [Photonics/]: Photonics pass timing v73: group=svgf variance, passes=[variance prefilter], viewport=1476x632, megapixels=0.933, cpuInvocations=142, cpuSubmitAvgMs=0.015, cpuSubmitMaxMs=0.062, gpuSamples=36, gpuAvgMs=0.461, gpuMaxMs=0.505, gpuAvgMsPerMP=0.494
[17Aug2026 22:50:44.341] [Render thread/INFO] [Photonics/]: Photonics pass timing v73: group=svgf atrous, passes=[atrous iteration], viewport=1476x632, megapixels=0.933, cpuInvocations=706, cpuSubmitAvgMs=0.009, cpuSubmitMaxMs=1.003, gpuSamples=177, gpuAvgMs=0.300, gpuMaxMs=0.385, gpuAvgMsPerMP=0.321
[17Aug2026 22:50:44.355] [Render thread/INFO] [Photonics/]: Photonics pass timing v73: group=restir local, passes=[exact local direct], viewport=1476x632, megapixels=0.933, cpuInvocations=143, cpuSubmitAvgMs=0.019, cpuSubmitMaxMs=0.103, gpuSamples=36, gpuAvgMs=0.011, gpuMaxMs=0.013, gpuAvgMsPerMP=0.011
[17Aug2026 22:50:44.372] [Render thread/INFO] [Photonics/]: Photonics pass timing v73: group=restir handheld, passes=[handheld], viewport=1476x632, megapixels=0.933, cpuInvocations=144, cpuSubmitAvgMs=0.029, cpuSubmitMaxMs=0.186, gpuSamples=36, gpuAvgMs=0.010, gpuMaxMs=0.010, gpuAvgMsPerMP=0.010
[17Aug2026 22:50:46.553] [Render thread/INFO] [Photonics/]: Photonics world tracing v138: layoutRevision=44, layoutReason=streaming-or-rebuild, sceneRevision=0, settled=true, compiledSections=2018, trackedSections=2018, batchBuilt=8, batchUnloaded=0, pendingBuilds=0, pendingUnloads=0, ready=true, depth=6, blockBounds=( 6.400E+1  1.280E+2  8.000E+1)..( 4.000E+2  2.240E+2  4.160E+2), treeBounds=( 0.000E+0  0.000E+0  0.000E+0)..( 1.024E+3  1.024E+3  1.024E+3), origin=(-2.560E+2 -1.920E+2 -1.920E+2), sceneChangeBounds=none, boundsSource=compiled, compileMs=47.947
[17Aug2026 22:50:46.553] [Render thread/INFO] [Photonics/]: Photonics memory v72: jvmHeap={usedBytes=1339774504, committedBytes=3812622336, maxBytes=8589934592}, jvmGc={collections=91, timeMs=674}, worldHeap=GpuBufferHeapStats[capacityBytes=536870912, reservedBytes=135806484, liveBytes=135802740, peakLiveBytes=135802740, reusableBytes=3744, allocations=109882, reusedAllocations=157, frees=168, failedAllocations=0], paletteHeap=GpuBufferHeapStats[capacityBytes=201326592, reservedBytes=81024, liveBytes=81024, peakLiveBytes=81024, reusableBytes=0, allocations=847, reusedAllocations=3, frees=3, failedAllocations=0], registries={lights=Stats[cachedObjects=1, pendingFreeObjects=0, allocatedObjects=1, failedAllocations=0], palettes=Stats[cachedObjects=844, pendingFreeObjects=0, allocatedObjects=847, failedAllocations=0], blocks=Stats[cachedObjects=1708, pendingFreeObjects=0, allocatedObjects=1745, failedAllocations=0], models=Stats[cachedObjects=37, pendingFreeObjects=0, allocatedObjects=38, failedAllocations=0]}
[17Aug2026 22:50:49.209] [Render thread/INFO] [Photonics/]: Photonics pass timing v73: group=frag data, passes=[frag data], viewport=1476x632, megapixels=0.933, cpuInvocations=300, cpuSubmitAvgMs=0.037, cpuSubmitMaxMs=0.085, gpuSamples=75, gpuAvgMs=0.051, gpuMaxMs=0.095, gpuAvgMsPerMP=0.054
[17Aug2026 22:50:49.209] [Render thread/INFO] [Photonics/]: Photonics frame throughput v78: viewport=1476x632, windowSeconds=5.004, renderedFrames=300, fps=59.956, frameAvgMs=16.679
[17Aug2026 22:50:49.242] [Render thread/INFO] [Photonics/]: Photonics pass timing v73: group=restir direct, passes=[initial direct + visibility], viewport=1476x632, megapixels=0.933, cpuInvocations=301, cpuSubmitAvgMs=0.025, cpuSubmitMaxMs=0.050, gpuSamples=75, gpuAvgMs=0.244, gpuMaxMs=0.288, gpuAvgMsPerMP=0.261
[17Aug2026 22:50:49.242] [Render thread/INFO] [Photonics/]: Photonics pass timing v73: group=restir gi initial, passes=[initial indirect], viewport=1476x632, megapixels=0.933, cpuInvocations=300, cpuSubmitAvgMs=0.011, cpuSubmitMaxMs=0.028, gpuSamples=75, gpuAvgMs=0.261, gpuMaxMs=0.291, gpuAvgMsPerMP=0.280
[17Aug2026 22:50:49.259] [Render thread/INFO] [Photonics/]: Photonics pass timing v73: group=restir temporal, passes=[temporal reuse + tri-state GI classification], viewport=1476x632, megapixels=0.933, cpuInvocations=300, cpuSubmitAvgMs=0.016, cpuSubmitMaxMs=0.044, gpuSamples=75, gpuAvgMs=0.232, gpuMaxMs=0.309, gpuAvgMsPerMP=0.249
[17Aug2026 22:50:49.276] [Render thread/INFO] [Photonics/]: Photonics pass timing v73: group=restir spatial, passes=[spatial reuse/clamp + tri-state GI classification], viewport=1476x632, megapixels=0.933, cpuInvocations=300, cpuSubmitAvgMs=0.011, cpuSubmitMaxMs=0.028, gpuSamples=75, gpuAvgMs=0.126, gpuMaxMs=0.177, gpuAvgMsPerMP=0.135
[17Aug2026 22:50:49.292] [Render thread/INFO] [Photonics/]: Photonics pass timing v73: group=restir diffuse, passes=[diffuse], viewport=1476x632, megapixels=0.933, cpuInvocations=300, cpuSubmitAvgMs=0.009, cpuSubmitMaxMs=0.016, gpuSamples=75, gpuAvgMs=0.165, gpuMaxMs=0.198, gpuAvgMsPerMP=0.177
[17Aug2026 22:50:49.326] [Render thread/INFO] [Photonics/]: Photonics pass timing v73: group=restir accumulation, passes=[accumulation], viewport=1476x632, megapixels=0.933, cpuInvocations=300, cpuSubmitAvgMs=0.014, cpuSubmitMaxMs=0.040, gpuSamples=75, gpuAvgMs=0.459, gpuMaxMs=0.506, gpuAvgMsPerMP=0.492
[17Aug2026 22:50:49.342] [Render thread/INFO] [Photonics/]: Photonics pass timing v73: group=svgf variance, passes=[variance prefilter], viewport=1476x632, megapixels=0.933, cpuInvocations=300, cpuSubmitAvgMs=0.009, cpuSubmitMaxMs=0.036, gpuSamples=75, gpuAvgMs=0.541, gpuMaxMs=0.641, gpuAvgMsPerMP=0.580
[17Aug2026 22:50:49.342] [Render thread/INFO] [Photonics/]: Photonics pass timing v73: group=svgf atrous, passes=[atrous iteration], viewport=1476x632, megapixels=0.933, cpuInvocations=1500, cpuSubmitAvgMs=0.003, cpuSubmitMaxMs=0.016, gpuSamples=375, gpuAvgMs=0.337, gpuMaxMs=0.431, gpuAvgMsPerMP=0.361
[17Aug2026 22:50:49.357] [Render thread/INFO] [Photonics/]: Photonics pass timing v73: group=restir local, passes=[exact local direct], viewport=1476x632, megapixels=0.933, cpuInvocations=300, cpuSubmitAvgMs=0.011, cpuSubmitMaxMs=0.024, gpuSamples=75, gpuAvgMs=0.011, gpuMaxMs=0.011, gpuAvgMsPerMP=0.011
[17Aug2026 22:50:49.376] [Render thread/INFO] [Photonics/]: Photonics pass timing v73: group=restir handheld, passes=[handheld], viewport=1476x632, megapixels=0.933, cpuInvocations=300, cpuSubmitAvgMs=0.017, cpuSubmitMaxMs=0.036, gpuSamples=75, gpuAvgMs=0.010, gpuMaxMs=0.010, gpuAvgMsPerMP=0.010
[17Aug2026 22:50:49.958] [Render thread/INFO] [Photonics/]: Photonics direct reservoir sample v64: samples=120, populated=21, emptyOrBackground=28, visibilityRejected=71, invalid=0, overLegacyCap=0, overTemporalCap=0, totalSamplesRange=32.0..128.0, viewport=1476x632
[17Aug2026 22:50:54.210] [Render thread/INFO] [Photonics/]: Photonics pass timing v73: group=frag data, passes=[frag data], viewport=1476x632, megapixels=0.933, cpuInvocations=300, cpuSubmitAvgMs=0.032, cpuSubmitMaxMs=0.176, gpuSamples=75, gpuAvgMs=0.052, gpuMaxMs=0.079, gpuAvgMsPerMP=0.055
[17Aug2026 22:50:54.211] [Render thread/INFO] [Photonics/]: Photonics frame throughput v78: viewport=1476x632, windowSeconds=5.002, renderedFrames=300, fps=59.980, frameAvgMs=16.672
[17Aug2026 22:50:54.243] [Render thread/INFO] [Photonics/]: Photonics pass timing v73: group=restir direct, passes=[initial direct + visibility], viewport=1476x632, megapixels=0.933, cpuInvocations=300, cpuSubmitAvgMs=0.022, cpuSubmitMaxMs=0.047, gpuSamples=75, gpuAvgMs=0.265, gpuMaxMs=0.289, gpuAvgMsPerMP=0.284
[17Aug2026 22:50:54.243] [Render thread/INFO] [Photonics/]: Photonics pass timing v73: group=restir gi initial, passes=[initial indirect], viewport=1476x632, megapixels=0.933, cpuInvocations=300, cpuSubmitAvgMs=0.010, cpuSubmitMaxMs=0.028, gpuSamples=75, gpuAvgMs=0.271, gpuMaxMs=0.291, gpuAvgMsPerMP=0.290
[17Aug2026 22:50:54.260] [Render thread/INFO] [Photonics/]: Photonics pass timing v73: group=restir temporal, passes=[temporal reuse + tri-state GI classification], viewport=1476x632, megapixels=0.933, cpuInvocations=300, cpuSubmitAvgMs=0.014, cpuSubmitMaxMs=0.030, gpuSamples=75, gpuAvgMs=0.250, gpuMaxMs=0.315, gpuAvgMsPerMP=0.268
[17Aug2026 22:50:54.278] [Render thread/INFO] [Photonics/]: Photonics pass timing v73: group=restir spatial, passes=[spatial reuse/clamp + tri-state GI classification], viewport=1476x632, megapixels=0.933, cpuInvocations=300, cpuSubmitAvgMs=0.010, cpuSubmitMaxMs=0.031, gpuSamples=75, gpuAvgMs=0.129, gpuMaxMs=0.139, gpuAvgMsPerMP=0.139
[17Aug2026 22:50:54.293] [Render thread/INFO] [Photonics/]: Photonics pass timing v73: group=restir diffuse, passes=[diffuse], viewport=1476x632, megapixels=0.933, cpuInvocations=300, cpuSubmitAvgMs=0.008, cpuSubmitMaxMs=0.020, gpuSamples=75, gpuAvgMs=0.176, gpuMaxMs=0.195, gpuAvgMsPerMP=0.189
[17Aug2026 22:50:54.328] [Render thread/INFO] [Photonics/]: Photonics pass timing v73: group=restir accumulation, passes=[accumulation], viewport=1476x632, megapixels=0.933, cpuInvocations=300, cpuSubmitAvgMs=0.012, cpuSubmitMaxMs=0.026, gpuSamples=75, gpuAvgMs=0.460, gpuMaxMs=0.506, gpuAvgMsPerMP=0.493
[17Aug2026 22:50:54.344] [Render thread/INFO] [Photonics/]: Photonics pass timing v73: group=svgf variance, passes=[variance prefilter], viewport=1476x632, megapixels=0.933, cpuInvocations=300, cpuSubmitAvgMs=0.009, cpuSubmitMaxMs=0.053, gpuSamples=75, gpuAvgMs=0.585, gpuMaxMs=0.639, gpuAvgMsPerMP=0.627
[17Aug2026 22:50:54.344] [Render thread/INFO] [Photonics/]: Photonics pass timing v73: group=svgf atrous, passes=[atrous iteration], viewport=1476x632, megapixels=0.933, cpuInvocations=1500, cpuSubmitAvgMs=0.003, cpuSubmitMaxMs=0.022, gpuSamples=375, gpuAvgMs=0.356, gpuMaxMs=0.431, gpuAvgMsPerMP=0.382
[17Aug2026 22:50:54.360] [Render thread/INFO] [Photonics/]: Photonics pass timing v73: group=restir local, passes=[exact local direct], viewport=1476x632, megapixels=0.933, cpuInvocations=300, cpuSubmitAvgMs=0.009, cpuSubmitMaxMs=0.049, gpuSamples=75, gpuAvgMs=0.011, gpuMaxMs=0.011, gpuAvgMsPerMP=0.012
[17Aug2026 22:50:54.378] [Render thread/INFO] [Photonics/]: Photonics pass timing v73: group=restir handheld, passes=[handheld], viewport=1476x632, megapixels=0.933, cpuInvocations=300, cpuSubmitAvgMs=0.013, cpuSubmitMaxMs=0.056, gpuSamples=75, gpuAvgMs=0.010, gpuMaxMs=0.010, gpuAvgMsPerMP=0.011
[17Aug2026 22:50:56.831] [Photonic Chunk Compiler #1/INFO] [Photonics/]: Photonics scene content change v137: section=(-2.000E+0  0.000E+0  3.000E+0), previousSceneHash=7237288825617953575, sceneHash=-2110452448075974801, fullHash=-2564797032362150033, previousNonAir=131, currentNonAir=130, priority=171987, playerChanged=true, initialPopulationComplete=true, radianceInvalidation=regional
[17Aug2026 22:50:56.879] [Render thread/INFO] [Photonics/]: Photonics world tracing v138: layoutRevision=45, layoutReason=scene-content-change, sceneRevision=1, settled=false, compiledSections=2018, trackedSections=2018, batchBuilt=1, batchUnloaded=0, pendingBuilds=2, pendingUnloads=0, ready=true, depth=6, blockBounds=( 6.400E+1  1.280E+2  8.000E+1)..( 4.000E+2  2.240E+2  4.160E+2), treeBounds=( 0.000E+0  0.000E+0  0.000E+0)..( 1.024E+3  1.024E+3  1.024E+3), origin=(-2.560E+2 -1.920E+2 -1.920E+2), sceneChangeBounds=(-32, 0, 48)..(-16, 16, 64), boundsSource=compiled, compileMs=37.014
[17Aug2026 22:50:57.961] [Render thread/INFO] [Photonics/]: Photonics direct reservoir sample v64: samples=120, populated=53, emptyOrBackground=0, visibilityRejected=67, invalid=0, overLegacyCap=0, overTemporalCap=0, totalSamplesRange=32.0..128.0, viewport=1476x632
[17Aug2026 22:50:58.028] [Photonic Chunk Compiler #1/INFO] [Photonics/]: Photonics scene content change v137: section=(-2.000E+0  0.000E+0  3.000E+0), previousSceneHash=-2110452448075974801, sceneHash=8526836503663135671, fullHash=-5778938392323765321, previousNonAir=130, currentNonAir=129, priority=171992, playerChanged=true, initialPopulationComplete=true, radianceInvalidation=regional
[17Aug2026 22:50:58.078] [Render thread/INFO] [Photonics/]: Photonics world tracing v138: layoutRevision=47, layoutReason=scene-content-change, sceneRevision=2, settled=false, compiledSections=2018, trackedSections=2018, batchBuilt=1, batchUnloaded=0, pendingBuilds=2, pendingUnloads=0, ready=true, depth=6, blockBounds=( 6.400E+1  1.280E+2  8.000E+1)..( 4.000E+2  2.240E+2  4.160E+2), treeBounds=( 0.000E+0  0.000E+0  0.000E+0)..( 1.024E+3  1.024E+3  1.024E+3), origin=(-2.560E+2 -1.920E+2 -1.920E+2), sceneChangeBounds=(-32, 0, 48)..(-16, 16, 64), boundsSource=compiled, compileMs=35.085
[17Aug2026 22:50:58.479] [Photonic Chunk Compiler #1/INFO] [Photonics/]: Photonics scene content change v137: section=(-2.000E+0  0.000E+0  3.000E+0), previousSceneHash=8526836503663135671, sceneHash=7171865890452709375, fullHash=-4707053553293942785, previousNonAir=129, currentNonAir=128, priority=171996, playerChanged=false, initialPopulationComplete=true, radianceInvalidation=regional
[17Aug2026 22:50:59.212] [Render thread/INFO] [Photonics/]: Photonics pass timing v73: group=frag data, passes=[frag data], viewport=1476x632, megapixels=0.933, cpuInvocations=300, cpuSubmitAvgMs=0.028, cpuSubmitMaxMs=0.071, gpuSamples=75, gpuAvgMs=0.050, gpuMaxMs=0.090, gpuAvgMsPerMP=0.054
[17Aug2026 22:50:59.212] [Render thread/INFO] [Photonics/]: Photonics frame throughput v78: viewport=1476x632, windowSeconds=5.002, renderedFrames=300, fps=59.979, frameAvgMs=16.672
[17Aug2026 22:50:59.246] [Render thread/INFO] [Photonics/]: Photonics pass timing v73: group=restir direct, passes=[initial direct + visibility], viewport=1476x632, megapixels=0.933, cpuInvocations=300, cpuSubmitAvgMs=0.021, cpuSubmitMaxMs=0.042, gpuSamples=75, gpuAvgMs=0.264, gpuMaxMs=0.305, gpuAvgMsPerMP=0.283
[17Aug2026 22:50:59.246] [Render thread/INFO] [Photonics/]: Photonics pass timing v73: group=restir gi initial, passes=[initial indirect], viewport=1476x632, megapixels=0.933, cpuInvocations=300, cpuSubmitAvgMs=0.010, cpuSubmitMaxMs=0.085, gpuSamples=75, gpuAvgMs=0.426, gpuMaxMs=0.878, gpuAvgMsPerMP=0.457
[17Aug2026 22:50:59.262] [Render thread/INFO] [Photonics/]: Photonics pass timing v73: group=restir temporal, passes=[temporal reuse + tri-state GI classification], viewport=1476x632, megapixels=0.933, cpuInvocations=300, cpuSubmitAvgMs=0.013, cpuSubmitMaxMs=0.028, gpuSamples=75, gpuAvgMs=0.303, gpuMaxMs=0.684, gpuAvgMsPerMP=0.325
[17Aug2026 22:50:59.281] [Render thread/INFO] [Photonics/]: Photonics pass timing v73: group=restir spatial, passes=[spatial reuse/clamp + tri-state GI classification], viewport=1476x632, megapixels=0.933, cpuInvocations=300, cpuSubmitAvgMs=0.010, cpuSubmitMaxMs=0.049, gpuSamples=75, gpuAvgMs=0.108, gpuMaxMs=0.137, gpuAvgMsPerMP=0.116
[17Aug2026 22:50:59.295] [Render thread/INFO] [Photonics/]: Photonics pass timing v73: group=restir diffuse, passes=[diffuse], viewport=1476x632, megapixels=0.933, cpuInvocations=300, cpuSubmitAvgMs=0.008, cpuSubmitMaxMs=0.021, gpuSamples=75, gpuAvgMs=0.181, gpuMaxMs=0.229, gpuAvgMsPerMP=0.194
[17Aug2026 22:50:59.331] [Render thread/INFO] [Photonics/]: Photonics pass timing v73: group=restir accumulation, passes=[accumulation], viewport=1476x632, megapixels=0.933, cpuInvocations=300, cpuSubmitAvgMs=0.012, cpuSubmitMaxMs=0.027, gpuSamples=75, gpuAvgMs=0.405, gpuMaxMs=0.484, gpuAvgMsPerMP=0.434
[17Aug2026 22:50:59.346] [Render thread/INFO] [Photonics/]: Photonics pass timing v73: group=svgf variance, passes=[variance prefilter], viewport=1476x632, megapixels=0.933, cpuInvocations=300, cpuSubmitAvgMs=0.008, cpuSubmitMaxMs=0.024, gpuSamples=75, gpuAvgMs=0.588, gpuMaxMs=0.640, gpuAvgMsPerMP=0.631
[17Aug2026 22:50:59.346] [Render thread/INFO] [Photonics/]: Photonics pass timing v73: group=svgf atrous, passes=[atrous iteration], viewport=1476x632, megapixels=0.933, cpuInvocations=1500, cpuSubmitAvgMs=0.003, cpuSubmitMaxMs=0.013, gpuSamples=375, gpuAvgMs=0.356, gpuMaxMs=0.439, gpuAvgMsPerMP=0.381
[17Aug2026 22:50:59.362] [Render thread/INFO] [Photonics/]: Photonics pass timing v73: group=restir local, passes=[exact local direct], viewport=1476x632, megapixels=0.933, cpuInvocations=300, cpuSubmitAvgMs=0.010, cpuSubmitMaxMs=0.022, gpuSamples=75, gpuAvgMs=0.011, gpuMaxMs=0.011, gpuAvgMsPerMP=0.011
[17Aug2026 22:50:59.381] [Render thread/INFO] [Photonics/]: Photonics pass timing v73: group=restir handheld, passes=[handheld], viewport=1476x632, megapixels=0.933, cpuInvocations=300, cpuSubmitAvgMs=0.012, cpuSubmitMaxMs=0.077, gpuSamples=75, gpuAvgMs=0.010, gpuMaxMs=0.010, gpuAvgMsPerMP=0.010
[17Aug2026 22:51:00.592] [Render thread/INFO] [Photonics/]: Photonics world tracing v138: layoutRevision=50, layoutReason=streaming-or-rebuild, sceneRevision=3, settled=true, compiledSections=2018, trackedSections=2018, batchBuilt=2, batchUnloaded=0, pendingBuilds=0, pendingUnloads=0, ready=true, depth=6, blockBounds=( 6.400E+1  1.280E+2  8.000E+1)..( 4.000E+2  2.240E+2  4.160E+2), treeBounds=( 0.000E+0  0.000E+0  0.000E+0)..( 1.024E+3  1.024E+3  1.024E+3), origin=(-2.560E+2 -1.920E+2 -1.920E+2), sceneChangeBounds=(-32, 0, 48)..(-16, 16, 64), boundsSource=compiled, compileMs=43.942
[17Aug2026 22:51:00.592] [Render thread/INFO] [Photonics/]: Photonics memory v72: jvmHeap={usedBytes=1297287432, committedBytes=3812622336, maxBytes=8589934592}, jvmGc={collections=94, timeMs=697}, worldHeap=GpuBufferHeapStats[capacityBytes=536870912, reservedBytes=135806484, liveBytes=135802740, peakLiveBytes=135802740, reusableBytes=3744, allocations=109882, reusedAllocations=157, frees=168, failedAllocations=0], paletteHeap=GpuBufferHeapStats[capacityBytes=201326592, reservedBytes=81024, liveBytes=81024, peakLiveBytes=81024, reusableBytes=0, allocations=847, reusedAllocations=3, frees=3, failedAllocations=0], registries={lights=Stats[cachedObjects=1, pendingFreeObjects=0, allocatedObjects=1, failedAllocations=0], palettes=Stats[cachedObjects=844, pendingFreeObjects=0, allocatedObjects=847, failedAllocations=0], blocks=Stats[cachedObjects=1708, pendingFreeObjects=0, allocatedObjects=1745, failedAllocations=0], models=Stats[cachedObjects=37, pendingFreeObjects=0, allocatedObjects=38, failedAllocations=0]}
[17Aug2026 22:51:01.117] [Photonics Light List Compiler/INFO] [Photonics/]: Photonics light-list publication v88: coalescedBatches=5, peakPendingSections=145, remainingSections=0, deferredMs=31.015
[17Aug2026 22:51:01.159] [Render thread/INFO] [Photonics/]: Photonics world tracing v138: layoutRevision=51, layoutReason=section-unload, sceneRevision=3, settled=false, compiledSections=1915, trackedSections=2016, batchBuilt=0, batchUnloaded=103, pendingBuilds=47, pendingUnloads=0, ready=true, depth=6, blockBounds=( 6.400E+1  1.280E+2  8.000E+1)..( 4.000E+2  2.240E+2  4.000E+2), treeBounds=( 0.000E+0  0.000E+0  0.000E+0)..( 1.024E+3  1.024E+3  1.024E+3), origin=(-2.560E+2 -1.920E+2 -1.920E+2), sceneChangeBounds=(-32, 0, 48)..(-16, 16, 64), boundsSource=compiled, compileMs=68.765
[17Aug2026 22:51:01.873] [Photonics Light List Compiler/INFO] [Photonics/]: Photonics light-list publication v88: coalescedBatches=7, peakPendingSections=194, remainingSections=0, deferredMs=30.428
[17Aug2026 22:51:02.192] [Render thread/INFO] [Photonics/]: Photonics world tracing v138: layoutRevision=58, layoutReason=streaming-or-rebuild, sceneRevision=3, settled=false, compiledSections=2001, trackedSections=2007, batchBuilt=48, batchUnloaded=0, pendingBuilds=6, pendingUnloads=0, ready=true, depth=6, blockBounds=( 8.000E+1  1.280E+2  8.000E+1)..( 4.160E+2  2.240E+2  4.160E+2), treeBounds=( 0.000E+0  0.000E+0  0.000E+0)..( 1.024E+3  1.024E+3  1.024E+3), origin=(-2.560E+2 -1.920E+2 -1.920E+2), sceneChangeBounds=(-32, 0, 48)..(-16, 16, 64), boundsSource=compiled, compileMs=96.417
[17Aug2026 22:51:03.619] [Photonics Light List Compiler/INFO] [Photonics/]: Photonics light-list publication v88: coalescedBatches=7, peakPendingSections=193, remainingSections=0, deferredMs=32.375
[17Aug2026 22:51:03.659] [Render thread/INFO] [Photonics/]: Photonics world tracing v138: layoutRevision=60, layoutReason=section-unload, sceneRevision=3, settled=false, compiledSections=1858, trackedSections=2018, batchBuilt=0, batchUnloaded=149, pendingBuilds=59, pendingUnloads=0, ready=true, depth=6, blockBounds=( 8.000E+1  1.280E+2  9.600E+1)..( 4.000E+2  2.240E+2  4.160E+2), treeBounds=( 0.000E+0  0.000E+0  0.000E+0)..( 1.024E+3  1.024E+3  1.024E+3), origin=(-2.560E+2 -1.920E+2 -1.920E+2), sceneChangeBounds=(-32, 0, 48)..(-16, 16, 64), boundsSource=compiled, compileMs=67.775
[17Aug2026 22:51:04.229] [Render thread/INFO] [Photonics/]: Photonics pass timing v73: group=frag data, passes=[frag data], viewport=1476x632, megapixels=0.933, cpuInvocations=299, cpuSubmitAvgMs=0.031, cpuSubmitMaxMs=0.112, gpuSamples=74, gpuAvgMs=0.049, gpuMaxMs=0.052, gpuAvgMsPerMP=0.052
[17Aug2026 22:51:04.229] [Render thread/INFO] [Photonics/]: Photonics frame throughput v78: viewport=1476x632, windowSeconds=5.017, renderedFrames=299, fps=59.597, frameAvgMs=16.779
[17Aug2026 22:51:04.248] [Render thread/INFO] [Photonics/]: Photonics pass timing v73: group=restir direct, passes=[initial direct + visibility], viewport=1476x632, megapixels=0.933, cpuInvocations=298, cpuSubmitAvgMs=0.024, cpuSubmitMaxMs=0.066, gpuSamples=75, gpuAvgMs=0.303, gpuMaxMs=0.333, gpuAvgMsPerMP=0.325
[17Aug2026 22:51:04.248] [Render thread/INFO] [Photonics/]: Photonics pass timing v73: group=restir gi initial, passes=[initial indirect], viewport=1476x632, megapixels=0.933, cpuInvocations=298, cpuSubmitAvgMs=0.010, cpuSubmitMaxMs=0.024, gpuSamples=75, gpuAvgMs=0.783, gpuMaxMs=0.933, gpuAvgMsPerMP=0.839
[17Aug2026 22:51:04.280] [Render thread/INFO] [Photonics/]: Photonics pass timing v73: group=restir temporal, passes=[temporal reuse + tri-state GI classification], viewport=1476x632, megapixels=0.933, cpuInvocations=299, cpuSubmitAvgMs=0.014, cpuSubmitMaxMs=0.037, gpuSamples=75, gpuAvgMs=0.481, gpuMaxMs=0.644, gpuAvgMsPerMP=0.516
[17Aug2026 22:51:04.295] [Render thread/INFO] [Photonics/]: Photonics pass timing v73: group=restir spatial, passes=[spatial reuse/clamp + tri-state GI classification], viewport=1476x632, megapixels=0.933, cpuInvocations=299, cpuSubmitAvgMs=0.010, cpuSubmitMaxMs=0.027, gpuSamples=74, gpuAvgMs=0.096, gpuMaxMs=0.143, gpuAvgMsPerMP=0.103
[17Aug2026 22:51:04.296] [Render thread/INFO] [Photonics/]: Photonics pass timing v73: group=restir diffuse, passes=[diffuse], viewport=1476x632, megapixels=0.933, cpuInvocations=298, cpuSubmitAvgMs=0.008, cpuSubmitMaxMs=0.052, gpuSamples=74, gpuAvgMs=0.236, gpuMaxMs=0.288, gpuAvgMsPerMP=0.253
[17Aug2026 22:51:04.345] [Render thread/INFO] [Photonics/]: Photonics pass timing v73: group=restir accumulation, passes=[accumulation], viewport=1476x632, megapixels=0.933, cpuInvocations=299, cpuSubmitAvgMs=0.013, cpuSubmitMaxMs=0.029, gpuSamples=75, gpuAvgMs=0.399, gpuMaxMs=0.461, gpuAvgMsPerMP=0.427
[17Aug2026 22:51:04.362] [Render thread/INFO] [Photonics/]: Photonics pass timing v73: group=svgf variance, passes=[variance prefilter], viewport=1476x632, megapixels=0.933, cpuInvocations=299, cpuSubmitAvgMs=0.009, cpuSubmitMaxMs=0.024, gpuSamples=74, gpuAvgMs=0.561, gpuMaxMs=0.648, gpuAvgMsPerMP=0.601
[17Aug2026 22:51:04.362] [Render thread/INFO] [Photonics/]: Photonics pass timing v73: group=svgf atrous, passes=[atrous iteration], viewport=1476x632, megapixels=0.933, cpuInvocations=1495, cpuSubmitAvgMs=0.003, cpuSubmitMaxMs=0.016, gpuSamples=373, gpuAvgMs=0.333, gpuMaxMs=0.445, gpuAvgMsPerMP=0.357
[17Aug2026 22:51:04.380] [Render thread/INFO] [Photonics/]: Photonics pass timing v73: group=restir local, passes=[exact local direct], viewport=1476x632, megapixels=0.933, cpuInvocations=299, cpuSubmitAvgMs=0.010, cpuSubmitMaxMs=0.028, gpuSamples=75, gpuAvgMs=0.011, gpuMaxMs=0.013, gpuAvgMsPerMP=0.012
[17Aug2026 22:51:04.395] [Render thread/INFO] [Photonics/]: Photonics pass timing v73: group=restir handheld, passes=[handheld], viewport=1476x632, megapixels=0.933, cpuInvocations=299, cpuSubmitAvgMs=0.013, cpuSubmitMaxMs=0.032, gpuSamples=75, gpuAvgMs=0.010, gpuMaxMs=0.010, gpuAvgMsPerMP=0.010
[17Aug2026 22:51:05.062] [Photonics Light List Compiler/INFO] [Photonics/]: Photonics light-list publication v88: coalescedBatches=6, peakPendingSections=142, remainingSections=0, deferredMs=23.780
[17Aug2026 22:51:05.110] [Render thread/INFO] [Photonics/]: Photonics world tracing v138: layoutRevision=65, layoutReason=section-unload, sceneRevision=3, settled=false, compiledSections=1914, trackedSections=2017, batchBuilt=0, batchUnloaded=104, pendingBuilds=40, pendingUnloads=0, ready=true, depth=6, blockBounds=( 6.400E+1  1.280E+2  4.800E+1)..( 4.000E+2  2.240E+2  3.680E+2), treeBounds=( 0.000E+0  0.000E+0  0.000E+0)..( 1.024E+3  1.024E+3  1.024E+3), origin=(-2.560E+2 -1.920E+2 -1.280E+2), sceneChangeBounds=(-32, 0, 48)..(-16, 16, 64), boundsSource=compiled, compileMs=63.631
[17Aug2026 22:51:06.011] [Render thread/INFO] [Photonics/]: Photonics direct reservoir sample v64: samples=120, populated=60, emptyOrBackground=0, visibilityRejected=60, invalid=0, overLegacyCap=18, overTemporalCap=0, totalSamplesRange=32.0..623.5, viewport=1476x632
[17Aug2026 22:51:07.330] [Photonic Chunk Compiler #0/INFO] [Photonics/]: Photonics scene content change v137: section=(-2.000E+0  0.000E+0  5.000E+0), previousSceneHash=5773843551427352023, sceneHash=-9133486855265073584, fullHash=7368103518344431184, previousNonAir=7, currentNonAir=6, priority=188895, playerChanged=false, initialPopulationComplete=true, radianceInvalidation=regional
[17Aug2026 22:51:07.380] [Render thread/INFO] [Photonics/]: Photonics world tracing v138: layoutRevision=69, layoutReason=scene-hash-change-without-player-marker, sceneRevision=4, settled=false, compiledSections=2017, trackedSections=2017, batchBuilt=1, batchUnloaded=0, pendingBuilds=0, pendingUnloads=0, ready=true, depth=6, blockBounds=( 6.400E+1  1.280E+2  4.800E+1)..( 4.000E+2  2.240E+2  3.840E+2), treeBounds=( 0.000E+0  0.000E+0  0.000E+0)..( 1.024E+3  1.024E+3  1.024E+3), origin=(-2.560E+2 -1.920E+2 -1.280E+2), sceneChangeBounds=(-32, 0, 80)..(-16, 16, 96), boundsSource=compiled, compileMs=39.282
[17Aug2026 22:51:09.234] [Render thread/INFO] [Photonics/]: Photonics pass timing v73: group=frag data, passes=[frag data], viewport=1476x632, megapixels=0.933, cpuInvocations=299, cpuSubmitAvgMs=0.028, cpuSubmitMaxMs=0.082, gpuSamples=75, gpuAvgMs=0.047, gpuMaxMs=0.049, gpuAvgMsPerMP=0.051
[17Aug2026 22:51:09.234] [Render thread/INFO] [Photonics/]: Photonics frame throughput v78: viewport=1476x632, windowSeconds=5.005, renderedFrames=299, fps=59.745, frameAvgMs=16.738
[17Aug2026 22:51:09.250] [Render thread/INFO] [Photonics/]: Photonics pass timing v73: group=restir direct, passes=[initial direct + visibility], viewport=1476x632, megapixels=0.933, cpuInvocations=299, cpuSubmitAvgMs=0.019, cpuSubmitMaxMs=0.046, gpuSamples=74, gpuAvgMs=0.321, gpuMaxMs=0.375, gpuAvgMsPerMP=0.344
[17Aug2026 22:51:09.250] [Render thread/INFO] [Photonics/]: Photonics pass timing v73: group=restir gi initial, passes=[initial indirect], viewport=1476x632, megapixels=0.933, cpuInvocations=299, cpuSubmitAvgMs=0.009, cpuSubmitMaxMs=0.072, gpuSamples=74, gpuAvgMs=0.690, gpuMaxMs=0.745, gpuAvgMsPerMP=0.740
[17Aug2026 22:51:09.285] [Render thread/INFO] [Photonics/]: Photonics pass timing v73: group=restir temporal, passes=[temporal reuse + tri-state GI classification], viewport=1476x632, megapixels=0.933, cpuInvocations=299, cpuSubmitAvgMs=0.012, cpuSubmitMaxMs=0.025, gpuSamples=75, gpuAvgMs=0.454, gpuMaxMs=0.536, gpuAvgMsPerMP=0.486
[17Aug2026 22:51:09.300] [Render thread/INFO] [Photonics/]: Photonics pass timing v73: group=restir spatial, passes=[spatial reuse/clamp + tri-state GI classification], viewport=1476x632, megapixels=0.933, cpuInvocations=299, cpuSubmitAvgMs=0.009, cpuSubmitMaxMs=0.027, gpuSamples=75, gpuAvgMs=0.081, gpuMaxMs=0.128, gpuAvgMsPerMP=0.087
[17Aug2026 22:51:09.300] [Render thread/INFO] [Photonics/]: Photonics pass timing v73: group=restir diffuse, passes=[diffuse], viewport=1476x632, megapixels=0.933, cpuInvocations=299, cpuSubmitAvgMs=0.008, cpuSubmitMaxMs=0.018, gpuSamples=75, gpuAvgMs=0.286, gpuMaxMs=0.330, gpuAvgMsPerMP=0.306
[17Aug2026 22:51:09.351] [Render thread/INFO] [Photonics/]: Photonics pass timing v73: group=restir accumulation, passes=[accumulation], viewport=1476x632, megapixels=0.933, cpuInvocations=299, cpuSubmitAvgMs=0.011, cpuSubmitMaxMs=0.036, gpuSamples=75, gpuAvgMs=0.380, gpuMaxMs=0.475, gpuAvgMsPerMP=0.408
[17Aug2026 22:51:09.367] [Render thread/INFO] [Photonics/]: Photonics pass timing v73: group=svgf variance, passes=[variance prefilter], viewport=1476x632, megapixels=0.933, cpuInvocations=299, cpuSubmitAvgMs=0.008, cpuSubmitMaxMs=0.022, gpuSamples=75, gpuAvgMs=0.516, gpuMaxMs=0.607, gpuAvgMsPerMP=0.553
[17Aug2026 22:51:09.367] [Render thread/INFO] [Photonics/]: Photonics pass timing v73: group=svgf atrous, passes=[atrous iteration], viewport=1476x632, megapixels=0.933, cpuInvocations=1495, cpuSubmitAvgMs=0.003, cpuSubmitMaxMs=0.012, gpuSamples=374, gpuAvgMs=0.308, gpuMaxMs=0.385, gpuAvgMsPerMP=0.330
[17Aug2026 22:51:09.383] [Render thread/INFO] [Photonics/]: Photonics world tracing v138: layoutRevision=69, layoutReason=scene-hash-change-without-player-marker, sceneRevision=4, settled=true, compiledSections=2017, trackedSections=2017, batchBuilt=1, batchUnloaded=0, pendingBuilds=0, pendingUnloads=0, ready=true, depth=6, blockBounds=( 6.400E+1  1.280E+2  4.800E+1)..( 4.000E+2  2.240E+2  3.840E+2), treeBounds=( 0.000E+0  0.000E+0  0.000E+0)..( 1.024E+3  1.024E+3  1.024E+3), origin=(-2.560E+2 -1.920E+2 -1.280E+2), sceneChangeBounds=(-32, 0, 80)..(-16, 16, 96), boundsSource=compiled, compileMs=39.282
[17Aug2026 22:51:09.383] [Render thread/INFO] [Photonics/]: Photonics memory v72: jvmHeap={usedBytes=1945461552, committedBytes=3812622336, maxBytes=8589934592}, jvmGc={collections=96, timeMs=729}, worldHeap=GpuBufferHeapStats[capacityBytes=536870912, reservedBytes=135810260, liveBytes=135793364, peakLiveBytes=135802740, reusableBytes=16896, allocations=137856, reusedAllocations=28120, frees=28206, failedAllocations=0], paletteHeap=GpuBufferHeapStats[capacityBytes=201326592, reservedBytes=81024, liveBytes=80736, peakLiveBytes=81024, reusableBytes=288, allocations=847, reusedAllocations=3, frees=6, failedAllocations=0], registries={lights=Stats[cachedObjects=1, pendingFreeObjects=0, allocatedObjects=1, failedAllocations=0], palettes=Stats[cachedObjects=841, pendingFreeObjects=0, allocatedObjects=847, failedAllocations=0], blocks=Stats[cachedObjects=1671, pendingFreeObjects=0, allocatedObjects=1745, failedAllocations=0], models=Stats[cachedObjects=36, pendingFreeObjects=0, allocatedObjects=38, failedAllocations=0]}
[17Aug2026 22:51:09.385] [Render thread/INFO] [Photonics/]: Photonics pass timing v73: group=restir local, passes=[exact local direct], viewport=1476x632, megapixels=0.933, cpuInvocations=299, cpuSubmitAvgMs=0.009, cpuSubmitMaxMs=0.030, gpuSamples=74, gpuAvgMs=0.010, gpuMaxMs=0.011, gpuAvgMsPerMP=0.011
[17Aug2026 22:51:09.400] [Render thread/INFO] [Photonics/]: Photonics pass timing v73: group=restir handheld, passes=[handheld], viewport=1476x632, megapixels=0.933, cpuInvocations=299, cpuSubmitAvgMs=0.011, cpuSubmitMaxMs=0.047, gpuSamples=75, gpuAvgMs=0.020, gpuMaxMs=0.119, gpuAvgMsPerMP=0.021
[17Aug2026 22:51:09.839] [Photonic Chunk Compiler #0/INFO] [Photonics/]: Photonics voxel diagnostic: state=Block{minecraft:red_stained_glass} vertexHash=4e1ef58f2a2923f0 complete=true samples=1600 alphaZero=0 alphaPartial=1600 alphaOpaque=0 alphaMean=117.2 alphaRange=102-163 rgbMean=[153.0,51.0,51.0] rgbRange=[153-153,51-51,51-51] voxels=1352 aabb=[0,0,0]-[15,15,15] parts=[( 0.000E+0  0.000E+0  0.000E+0)]
[17Aug2026 22:51:09.839] [Photonic Chunk Compiler #0/INFO] [Photonics/]: Photonics voxel occupancy: state=Block{minecraft:red_stained_glass} part=( 0.000E+0  0.000E+0  0.000E+0) slices=y0=ffff/ffff/ffff/ffff/ffff/ffff/ffff/ffff/ffff/ffff/ffff/ffff/ffff/ffff/ffff/ffff;y1=ffff/8001/8001/8001/8001/8001/8001/8001/8001/8001/8001/8001/8001/8001/8001/ffff;y2=ffff/8001/8001/8001/8001/8001/8001/8001/8001/8001/8001/8001/8001/8001/8001/ffff;y3=ffff/8001/8001/8001/8001/8001/8001/8001/8001/8001/8001/8001/8001/8001/8001/ffff;y4=ffff/8001/8001/8001/8001/8001/8001/8001/8001/8001/8001/8001/8001/8001/8001/ffff;y5=ffff/8001/8001/8001/8001/8001/8001/8001/8001/8001/8001/8001/8001/8001/8001/ffff;y6=ffff/8001/8001/8001/8001/8001/8001/8001/8001/8001/8001/8001/8001/8001/8001/ffff;y7=ffff/8001/8001/8001/8001/8001/8001/8001/8001/8001/8001/8001/8001/8001/8001/ffff;y8=ffff/8001/8001/8001/8001/8001/8001/8001/8001/8001/8001/8001/8001/8001/8001/ffff;y9=ffff/8001/8001/8001/8001/8001/8001/8001/8001/8001/8001/8001/8001/8001/8001/ffff;y10=ffff/8001/8001/8001/8001/8001/8001/8001/8001/8001/8001/8001/8001/8001/8001/ffff;y11=ffff/8001/8001/8001/8001/8001/8001/8001/8001/8001/8001/8001/8001/8001/8001/ffff;y12=ffff/8001/8001/8001/8001/8001/8001/8001/8001/8001/8001/8001/8001/8001/8001/ffff;y13=ffff/8001/8001/8001/8001/8001/8001/8001/8001/8001/8001/8001/8001/8001/8001/ffff;y14=ffff/8001/8001/8001/8001/8001/8001/8001/8001/8001/8001/8001/8001/8001/8001/ffff;y15=ffff/ffff/ffff/ffff/ffff/ffff/ffff/ffff/ffff/ffff/ffff/ffff/ffff/ffff/ffff/ffff
[17Aug2026 22:51:09.839] [Photonic Chunk Compiler #1/INFO] [Photonics/]: Photonics scene content change v137: section=(-2.000E+0  0.000E+0  5.000E+0), previousSceneHash=-9133486855265073584, sceneHash=5773843551427352023, fullHash=3828689851327305175, previousNonAir=6, currentNonAir=7, priority=188900, playerChanged=true, initialPopulationComplete=true, radianceInvalidation=regional
[17Aug2026 22:51:09.883] [Render thread/INFO] [Photonics/]: Photonics world tracing v138: layoutRevision=70, layoutReason=scene-content-change, sceneRevision=5, settled=false, compiledSections=2017, trackedSections=2017, batchBuilt=1, batchUnloaded=0, pendingBuilds=0, pendingUnloads=0, ready=true, depth=6, blockBounds=( 6.400E+1  1.280E+2  4.800E+1)..( 4.000E+2  2.240E+2  3.840E+2), treeBounds=( 0.000E+0  0.000E+0  0.000E+0)..( 1.024E+3  1.024E+3  1.024E+3), origin=(-2.560E+2 -1.920E+2 -1.280E+2), sceneChangeBounds=(-32, 0, 80)..(-16, 16, 96), boundsSource=compiled, compileMs=37.543
[17Aug2026 22:51:10.484] [Photonic Chunk Compiler #1/INFO] [Photonics/]: Photonics scene content change v137: section=(-2.000E+0  0.000E+0  5.000E+0), previousSceneHash=5773843551427352023, sceneHash=-9133486855265073584, fullHash=7368103518344431184, previousNonAir=7, currentNonAir=6, priority=188901, playerChanged=false, initialPopulationComplete=true, radianceInvalidation=regional
[17Aug2026 22:51:12.547] [Render thread/INFO] [Photonics/]: Photonics world tracing v138: layoutRevision=71, layoutReason=scene-hash-change-without-player-marker, sceneRevision=6, settled=true, compiledSections=2017, trackedSections=2017, batchBuilt=1, batchUnloaded=0, pendingBuilds=0, pendingUnloads=0, ready=true, depth=6, blockBounds=( 6.400E+1  1.280E+2  4.800E+1)..( 4.000E+2  2.240E+2  3.840E+2), treeBounds=( 0.000E+0  0.000E+0  0.000E+0)..( 1.024E+3  1.024E+3  1.024E+3), origin=(-2.560E+2 -1.920E+2 -1.280E+2), sceneChangeBounds=(-32, 0, 80)..(-16, 16, 96), boundsSource=compiled, compileMs=36.734
[17Aug2026 22:51:12.548] [Render thread/INFO] [Photonics/]: Photonics memory v72: jvmHeap={usedBytes=2183185792, committedBytes=3812622336, maxBytes=8589934592}, jvmGc={collections=96, timeMs=729}, worldHeap=GpuBufferHeapStats[capacityBytes=536870912, reservedBytes=135810260, liveBytes=135793364, peakLiveBytes=135802740, reusableBytes=16896, allocations=137893, reusedAllocations=28157, frees=28243, failedAllocations=0], paletteHeap=GpuBufferHeapStats[capacityBytes=201326592, reservedBytes=81024, liveBytes=80736, peakLiveBytes=81024, reusableBytes=288, allocations=850, reusedAllocations=6, frees=9, failedAllocations=0], registries={lights=Stats[cachedObjects=1, pendingFreeObjects=0, allocatedObjects=1, failedAllocations=0], palettes=Stats[cachedObjects=841, pendingFreeObjects=0, allocatedObjects=850, failedAllocations=0], blocks=Stats[cachedObjects=1671, pendingFreeObjects=0, allocatedObjects=1782, failedAllocations=0], models=Stats[cachedObjects=36, pendingFreeObjects=0, allocatedObjects=39, failedAllocations=0]}
[17Aug2026 22:51:14.035] [Render thread/INFO] [Photonics/]: Photonics direct reservoir sample v64: samples=120, populated=36, emptyOrBackground=0, visibilityRejected=84, invalid=0, overLegacyCap=19, overTemporalCap=0, totalSamplesRange=32.0..623.5, viewport=1476x632
[17Aug2026 22:51:14.237] [Render thread/INFO] [Photonics/]: Photonics pass timing v73: group=frag data, passes=[frag data], viewport=1476x632, megapixels=0.933, cpuInvocations=299, cpuSubmitAvgMs=0.025, cpuSubmitMaxMs=0.066, gpuSamples=75, gpuAvgMs=0.048, gpuMaxMs=0.088, gpuAvgMsPerMP=0.052
[17Aug2026 22:51:14.238] [Render thread/INFO] [Photonics/]: Photonics frame throughput v78: viewport=1476x632, windowSeconds=5.004, renderedFrames=299, fps=59.756, frameAvgMs=16.735
[17Aug2026 22:51:14.252] [Render thread/INFO] [Photonics/]: Photonics pass timing v73: group=restir direct, passes=[initial direct + visibility], viewport=1476x632, megapixels=0.933, cpuInvocations=299, cpuSubmitAvgMs=0.018, cpuSubmitMaxMs=0.061, gpuSamples=75, gpuAvgMs=0.332, gpuMaxMs=0.362, gpuAvgMsPerMP=0.356
[17Aug2026 22:51:14.252] [Render thread/INFO] [Photonics/]: Photonics pass timing v73: group=restir gi initial, passes=[initial indirect], viewport=1476x632, megapixels=0.933, cpuInvocations=299, cpuSubmitAvgMs=0.009, cpuSubmitMaxMs=0.026, gpuSamples=75, gpuAvgMs=0.705, gpuMaxMs=0.758, gpuAvgMsPerMP=0.756
[17Aug2026 22:51:14.286] [Render thread/INFO] [Photonics/]: Photonics pass timing v73: group=restir temporal, passes=[temporal reuse + tri-state GI classification], viewport=1476x632, megapixels=0.933, cpuInvocations=299, cpuSubmitAvgMs=0.012, cpuSubmitMaxMs=0.037, gpuSamples=75, gpuAvgMs=0.391, gpuMaxMs=0.431, gpuAvgMsPerMP=0.420
[17Aug2026 22:51:14.301] [Render thread/INFO] [Photonics/]: Photonics pass timing v73: group=restir spatial, passes=[spatial reuse/clamp + tri-state GI classification], viewport=1476x632, megapixels=0.933, cpuInvocations=299, cpuSubmitAvgMs=0.008, cpuSubmitMaxMs=0.039, gpuSamples=75, gpuAvgMs=0.082, gpuMaxMs=0.086, gpuAvgMsPerMP=0.088
[17Aug2026 22:51:14.301] [Render thread/INFO] [Photonics/]: Photonics pass timing v73: group=restir diffuse, passes=[diffuse], viewport=1476x632, megapixels=0.933, cpuInvocations=299, cpuSubmitAvgMs=0.007, cpuSubmitMaxMs=0.015, gpuSamples=75, gpuAvgMs=0.305, gpuMaxMs=0.330, gpuAvgMsPerMP=0.327
[17Aug2026 22:51:14.351] [Render thread/INFO] [Photonics/]: Photonics pass timing v73: group=restir accumulation, passes=[accumulation], viewport=1476x632, megapixels=0.933, cpuInvocations=299, cpuSubmitAvgMs=0.011, cpuSubmitMaxMs=0.025, gpuSamples=75, gpuAvgMs=0.343, gpuMaxMs=0.384, gpuAvgMsPerMP=0.368
[17Aug2026 22:51:14.385] [Render thread/INFO] [Photonics/]: Photonics pass timing v73: group=svgf variance, passes=[variance prefilter], viewport=1476x632, megapixels=0.933, cpuInvocations=300, cpuSubmitAvgMs=0.007, cpuSubmitMaxMs=0.020, gpuSamples=75, gpuAvgMs=0.570, gpuMaxMs=0.638, gpuAvgMsPerMP=0.611
[17Aug2026 22:51:14.385] [Render thread/INFO] [Photonics/]: Photonics pass timing v73: group=svgf atrous, passes=[atrous iteration], viewport=1476x632, megapixels=0.933, cpuInvocations=1500, cpuSubmitAvgMs=0.003, cpuSubmitMaxMs=0.011, gpuSamples=375, gpuAvgMs=0.335, gpuMaxMs=0.418, gpuAvgMsPerMP=0.360
[17Aug2026 22:51:14.385] [Render thread/INFO] [Photonics/]: Photonics pass timing v73: group=restir local, passes=[exact local direct], viewport=1476x632, megapixels=0.933, cpuInvocations=299, cpuSubmitAvgMs=0.008, cpuSubmitMaxMs=0.019, gpuSamples=75, gpuAvgMs=0.011, gpuMaxMs=0.011, gpuAvgMsPerMP=0.011
[17Aug2026 22:51:14.401] [Render thread/INFO] [Photonics/]: Photonics pass timing v73: group=restir handheld, passes=[handheld], viewport=1476x632, megapixels=0.933, cpuInvocations=299, cpuSubmitAvgMs=0.011, cpuSubmitMaxMs=0.042, gpuSamples=74, gpuAvgMs=0.010, gpuMaxMs=0.010, gpuAvgMsPerMP=0.010
[17Aug2026 22:51:16.431] [Server thread/INFO] [net.minecraft.client.server.IntegratedServer/]: Saving and pausing game...
[17Aug2026 22:51:16.442] [Server thread/INFO] [net.minecraft.server.MinecraftServer/]: Saving chunks for level 'ServerLevel[New World1]'/minecraft:overworld
[17Aug2026 22:51:16.442] [Server thread/INFO] [dev.ryanhcode.sable.Sable/]: Saving sub-levels for level 'ServerLevel[New World1]'/minecraft:overworld
[17Aug2026 22:51:16.461] [Server thread/INFO] [net.minecraft.server.MinecraftServer/]: Saving chunks for level 'ServerLevel[New World1]'/minecraft:the_nether
[17Aug2026 22:51:16.461] [Server thread/INFO] [dev.ryanhcode.sable.Sable/]: Saving sub-levels for level 'ServerLevel[New World1]'/minecraft:the_nether
[17Aug2026 22:51:16.461] [Server thread/INFO] [net.minecraft.server.MinecraftServer/]: Saving chunks for level 'ServerLevel[New World1]'/minecraft:the_end
[17Aug2026 22:51:16.461] [Server thread/INFO] [dev.ryanhcode.sable.Sable/]: Saving sub-levels for level 'ServerLevel[New World1]'/minecraft:the_end
[17Aug2026 22:51:19.253] [Render thread/INFO] [Photonics/]: Photonics pass timing v73: group=frag data, passes=[frag data], viewport=1476x632, megapixels=0.933, cpuInvocations=239, cpuSubmitAvgMs=0.025, cpuSubmitMaxMs=0.301, gpuSamples=60, gpuAvgMs=0.047, gpuMaxMs=0.048, gpuAvgMsPerMP=0.050
[17Aug2026 22:51:19.253] [Render thread/INFO] [Photonics/]: Photonics frame throughput v78: viewport=1476x632, windowSeconds=5.016, renderedFrames=239, fps=47.649, frameAvgMs=20.987
[17Aug2026 22:51:19.254] [Render thread/INFO] [Photonics/]: Photonics pass timing v73: group=restir direct, passes=[initial direct + visibility], viewport=1476x632, megapixels=0.933, cpuInvocations=238, cpuSubmitAvgMs=0.018, cpuSubmitMaxMs=0.038, gpuSamples=60, gpuAvgMs=0.320, gpuMaxMs=0.357, gpuAvgMsPerMP=0.343
[17Aug2026 22:51:19.254] [Render thread/INFO] [Photonics/]: Photonics pass timing v73: group=restir gi initial, passes=[initial indirect], viewport=1476x632, megapixels=0.933, cpuInvocations=238, cpuSubmitAvgMs=0.009, cpuSubmitMaxMs=0.055, gpuSamples=60, gpuAvgMs=0.654, gpuMaxMs=0.715, gpuAvgMsPerMP=0.701
[17Aug2026 22:51:20.254] [Render thread/INFO] [Photonics/]: Photonics pass timing v73: group=restir temporal, passes=[temporal reuse + tri-state GI classification], viewport=1476x632, megapixels=0.933, cpuInvocations=237, cpuSubmitAvgMs=0.011, cpuSubmitMaxMs=0.023, gpuSamples=59, gpuAvgMs=0.332, gpuMaxMs=0.432, gpuAvgMsPerMP=0.356
[17Aug2026 22:51:20.254] [Render thread/INFO] [Photonics/]: Photonics pass timing v73: group=restir spatial, passes=[spatial reuse/clamp + tri-state GI classification], viewport=1476x632, megapixels=0.933, cpuInvocations=236, cpuSubmitAvgMs=0.008, cpuSubmitMaxMs=0.025, gpuSamples=59, gpuAvgMs=0.075, gpuMaxMs=0.130, gpuAvgMsPerMP=0.081
[17Aug2026 22:51:20.254] [Render thread/INFO] [Photonics/]: Photonics pass timing v73: group=restir diffuse, passes=[diffuse], viewport=1476x632, megapixels=0.933, cpuInvocations=236, cpuSubmitAvgMs=0.007, cpuSubmitMaxMs=0.015, gpuSamples=59, gpuAvgMs=0.283, gpuMaxMs=0.317, gpuAvgMsPerMP=0.303
[17Aug2026 22:51:20.254] [Render thread/INFO] [Photonics/]: Photonics pass timing v73: group=restir accumulation, passes=[accumulation], viewport=1476x632, megapixels=0.933, cpuInvocations=233, cpuSubmitAvgMs=0.010, cpuSubmitMaxMs=0.027, gpuSamples=58, gpuAvgMs=0.313, gpuMaxMs=0.387, gpuAvgMsPerMP=0.336
[17Aug2026 22:51:20.254] [Render thread/INFO] [Photonics/]: Photonics pass timing v73: group=svgf variance, passes=[variance prefilter], viewport=1476x632, megapixels=0.933, cpuInvocations=231, cpuSubmitAvgMs=0.006, cpuSubmitMaxMs=0.021, gpuSamples=58, gpuAvgMs=0.526, gpuMaxMs=0.630, gpuAvgMsPerMP=0.564
[17Aug2026 22:51:20.254] [Render thread/INFO] [Photonics/]: Photonics pass timing v73: group=svgf atrous, passes=[atrous iteration], viewport=1476x632, megapixels=0.933, cpuInvocations=1155, cpuSubmitAvgMs=0.003, cpuSubmitMaxMs=0.014, gpuSamples=289, gpuAvgMs=0.311, gpuMaxMs=0.411, gpuAvgMsPerMP=0.333
[17Aug2026 22:51:20.254] [Render thread/INFO] [Photonics/]: Photonics pass timing v73: group=restir local, passes=[exact local direct], viewport=1476x632, megapixels=0.933, cpuInvocations=231, cpuSubmitAvgMs=0.008, cpuSubmitMaxMs=0.040, gpuSamples=58, gpuAvgMs=0.010, gpuMaxMs=0.011, gpuAvgMsPerMP=0.011
[17Aug2026 22:51:20.254] [Render thread/INFO] [Photonics/]: Photonics pass timing v73: group=restir handheld, passes=[handheld], viewport=1476x632, megapixels=0.933, cpuInvocations=230, cpuSubmitAvgMs=0.010, cpuSubmitMaxMs=0.027, gpuSamples=58, gpuAvgMs=0.010, gpuMaxMs=0.010, gpuAvgMsPerMP=0.010
[17Aug2026 22:51:32.266] [Render thread/INFO] [Photonics/]: Photonics pass timing v73: group=svgf atrous, passes=[atrous iteration], viewport=1476x632, megapixels=0.933, cpuInvocations=60, cpuSubmitAvgMs=0.003, cpuSubmitMaxMs=0.011, gpuSamples=15, gpuAvgMs=0.287, gpuMaxMs=0.314, gpuAvgMsPerMP=0.308
[17Aug2026 22:51:38.177] [Render thread/INFO] [Photonics/]: Photonics pass timing v73: group=svgf atrous, passes=[atrous iteration], viewport=1476x632, megapixels=0.933, cpuInvocations=60, cpuSubmitAvgMs=0.003, cpuSubmitMaxMs=0.010, gpuSamples=15, gpuAvgMs=0.288, gpuMaxMs=0.319, gpuAvgMsPerMP=0.308
[17Aug2026 22:51:38.760] [Render thread/INFO] [Photonics/]: Photonics pass timing v73: group=frag data, passes=[frag data], viewport=1476x632, megapixels=0.933, cpuInvocations=60, cpuSubmitAvgMs=0.035, cpuSubmitMaxMs=0.080, gpuSamples=15, gpuAvgMs=0.045, gpuMaxMs=0.046, gpuAvgMsPerMP=0.049
[17Aug2026 22:51:38.760] [Render thread/INFO] [Photonics/]: Photonics frame throughput v78: viewport=1476x632, windowSeconds=19.507, renderedFrames=60, fps=3.076, frameAvgMs=325.119
[17Aug2026 22:51:38.761] [Render thread/INFO] [Photonics/]: Photonics pass timing v73: group=restir direct, passes=[initial direct + visibility], viewport=1476x632, megapixels=0.933, cpuInvocations=60, cpuSubmitAvgMs=0.026, cpuSubmitMaxMs=0.047, gpuSamples=15, gpuAvgMs=0.304, gpuMaxMs=0.332, gpuAvgMsPerMP=0.326
[17Aug2026 22:51:38.761] [Render thread/INFO] [Photonics/]: Photonics pass timing v73: group=restir gi initial, passes=[initial indirect], viewport=1476x632, megapixels=0.933, cpuInvocations=60, cpuSubmitAvgMs=0.011, cpuSubmitMaxMs=0.025, gpuSamples=15, gpuAvgMs=0.613, gpuMaxMs=0.624, gpuAvgMsPerMP=0.657
[17Aug2026 22:51:38.778] [Render thread/INFO] [Photonics/]: Photonics pass timing v73: group=restir temporal, passes=[temporal reuse + tri-state GI classification], viewport=1476x632, megapixels=0.933, cpuInvocations=60, cpuSubmitAvgMs=0.015, cpuSubmitMaxMs=0.026, gpuSamples=15, gpuAvgMs=0.274, gpuMaxMs=0.290, gpuAvgMsPerMP=0.293
[17Aug2026 22:51:38.778] [Render thread/INFO] [Photonics/]: Photonics pass timing v73: group=restir spatial, passes=[spatial reuse/clamp + tri-state GI classification], viewport=1476x632, megapixels=0.933, cpuInvocations=60, cpuSubmitAvgMs=0.011, cpuSubmitMaxMs=0.032, gpuSamples=15, gpuAvgMs=0.064, gpuMaxMs=0.064, gpuAvgMsPerMP=0.068
[17Aug2026 22:51:38.778] [Render thread/INFO] [Photonics/]: Photonics pass timing v73: group=restir diffuse, passes=[diffuse], viewport=1476x632, megapixels=0.933, cpuInvocations=60, cpuSubmitAvgMs=0.009, cpuSubmitMaxMs=0.016, gpuSamples=15, gpuAvgMs=0.260, gpuMaxMs=0.286, gpuAvgMsPerMP=0.279
[17Aug2026 22:51:38.778] [Render thread/INFO] [Photonics/]: Photonics pass timing v73: group=restir accumulation, passes=[accumulation], viewport=1476x632, megapixels=0.933, cpuInvocations=60, cpuSubmitAvgMs=0.013, cpuSubmitMaxMs=0.026, gpuSamples=15, gpuAvgMs=0.285, gpuMaxMs=0.288, gpuAvgMsPerMP=0.306
[17Aug2026 22:51:38.778] [Render thread/INFO] [Photonics/]: Photonics pass timing v73: group=svgf variance, passes=[variance prefilter], viewport=1476x632, megapixels=0.933, cpuInvocations=60, cpuSubmitAvgMs=0.009, cpuSubmitMaxMs=0.020, gpuSamples=15, gpuAvgMs=0.483, gpuMaxMs=0.492, gpuAvgMsPerMP=0.518
[17Aug2026 22:51:38.778] [Render thread/INFO] [Photonics/]: Photonics pass timing v73: group=restir local, passes=[exact local direct], viewport=1476x632, megapixels=0.933, cpuInvocations=60, cpuSubmitAvgMs=0.010, cpuSubmitMaxMs=0.015, gpuSamples=15, gpuAvgMs=0.013, gpuMaxMs=0.047, gpuAvgMsPerMP=0.014
[17Aug2026 22:51:38.778] [Render thread/INFO] [Photonics/]: Photonics pass timing v73: group=restir handheld, passes=[handheld], viewport=1476x632, megapixels=0.933, cpuInvocations=60, cpuSubmitAvgMs=0.013, cpuSubmitMaxMs=0.034, gpuSamples=15, gpuAvgMs=0.011, gpuMaxMs=0.025, gpuAvgMsPerMP=0.011
[17Aug2026 22:51:43.348] [Render thread/INFO] [Photonics/]: Photonics pass timing v73: group=svgf atrous, passes=[atrous iteration], viewport=1476x632, megapixels=0.933, cpuInvocations=950, cpuSubmitAvgMs=0.003, cpuSubmitMaxMs=0.011, gpuSamples=237, gpuAvgMs=0.298, gpuMaxMs=0.387, gpuAvgMsPerMP=0.319
[17Aug2026 22:51:44.348] [Render thread/INFO] [Photonics/]: Photonics pass timing v73: group=frag data, passes=[frag data], viewport=1476x632, megapixels=0.933, cpuInvocations=156, cpuSubmitAvgMs=0.024, cpuSubmitMaxMs=0.057, gpuSamples=39, gpuAvgMs=0.045, gpuMaxMs=0.046, gpuAvgMsPerMP=0.049
[17Aug2026 22:51:44.348] [Render thread/INFO] [Photonics/]: Photonics frame throughput v78: viewport=1476x632, windowSeconds=5.588, renderedFrames=156, fps=27.918, frameAvgMs=35.820
[17Aug2026 22:51:44.349] [Render thread/INFO] [Photonics/]: Photonics pass timing v73: group=restir direct, passes=[initial direct + visibility], viewport=1476x632, megapixels=0.933, cpuInvocations=156, cpuSubmitAvgMs=0.018, cpuSubmitMaxMs=0.041, gpuSamples=39, gpuAvgMs=0.303, gpuMaxMs=0.319, gpuAvgMsPerMP=0.325
[17Aug2026 22:51:44.349] [Render thread/INFO] [Photonics/]: Photonics pass timing v73: group=restir gi initial, passes=[initial indirect], viewport=1476x632, megapixels=0.933, cpuInvocations=156, cpuSubmitAvgMs=0.009, cpuSubmitMaxMs=0.020, gpuSamples=39, gpuAvgMs=0.611, gpuMaxMs=0.623, gpuAvgMsPerMP=0.655
[17Aug2026 22:51:44.349] [Render thread/INFO] [Photonics/]: Photonics pass timing v73: group=restir temporal, passes=[temporal reuse + tri-state GI classification], viewport=1476x632, megapixels=0.933, cpuInvocations=155, cpuSubmitAvgMs=0.011, cpuSubmitMaxMs=0.023, gpuSamples=39, gpuAvgMs=0.274, gpuMaxMs=0.296, gpuAvgMsPerMP=0.294
[17Aug2026 22:51:44.349] [Render thread/INFO] [Photonics/]: Photonics pass timing v73: group=restir spatial, passes=[spatial reuse/clamp + tri-state GI classification], viewport=1476x632, megapixels=0.933, cpuInvocations=155, cpuSubmitAvgMs=0.008, cpuSubmitMaxMs=0.023, gpuSamples=39, gpuAvgMs=0.065, gpuMaxMs=0.114, gpuAvgMsPerMP=0.070
[17Aug2026 22:51:44.349] [Render thread/INFO] [Photonics/]: Photonics pass timing v73: group=restir diffuse, passes=[diffuse], viewport=1476x632, megapixels=0.933, cpuInvocations=155, cpuSubmitAvgMs=0.007, cpuSubmitMaxMs=0.014, gpuSamples=39, gpuAvgMs=0.264, gpuMaxMs=0.289, gpuAvgMsPerMP=0.283
[17Aug2026 22:51:44.349] [Render thread/INFO] [Photonics/]: Photonics pass timing v73: group=restir accumulation, passes=[accumulation], viewport=1476x632, megapixels=0.933, cpuInvocations=155, cpuSubmitAvgMs=0.010, cpuSubmitMaxMs=0.022, gpuSamples=39, gpuAvgMs=0.287, gpuMaxMs=0.325, gpuAvgMsPerMP=0.308
[17Aug2026 22:51:44.349] [Render thread/INFO] [Photonics/]: Photonics pass timing v73: group=svgf variance, passes=[variance prefilter], viewport=1476x632, megapixels=0.933, cpuInvocations=155, cpuSubmitAvgMs=0.007, cpuSubmitMaxMs=0.018, gpuSamples=39, gpuAvgMs=0.489, gpuMaxMs=0.549, gpuAvgMsPerMP=0.524
[17Aug2026 22:51:44.350] [Render thread/INFO] [Photonics/]: Photonics pass timing v73: group=restir local, passes=[exact local direct], viewport=1476x632, megapixels=0.933, cpuInvocations=155, cpuSubmitAvgMs=0.008, cpuSubmitMaxMs=0.017, gpuSamples=39, gpuAvgMs=0.011, gpuMaxMs=0.046, gpuAvgMsPerMP=0.012
[17Aug2026 22:51:44.350] [Render thread/INFO] [Photonics/]: Photonics pass timing v73: group=restir handheld, passes=[handheld], viewport=1476x632, megapixels=0.933, cpuInvocations=155, cpuSubmitAvgMs=0.010, cpuSubmitMaxMs=0.023, gpuSamples=39, gpuAvgMs=0.010, gpuMaxMs=0.035, gpuAvgMsPerMP=0.011
[17Aug2026 22:51:55.363] [Render thread/INFO] [Photonics/]: Photonics pass timing v73: group=svgf atrous, passes=[atrous iteration], viewport=1476x632, megapixels=0.933, cpuInvocations=60, cpuSubmitAvgMs=0.003, cpuSubmitMaxMs=0.008, gpuSamples=15, gpuAvgMs=0.289, gpuMaxMs=0.316, gpuAvgMsPerMP=0.310
[17Aug2026 22:51:57.366] [Render thread/INFO] [Photonics/]: Photonics direct reservoir sample v64: samples=120, populated=22, emptyOrBackground=0, visibilityRejected=98, invalid=0, overLegacyCap=34, overTemporalCap=0, totalSamplesRange=32.0..623.5, viewport=1476x632
[17Aug2026 22:52:07.381] [Render thread/INFO] [Photonics/]: Photonics pass timing v73: group=svgf atrous, passes=[atrous iteration], viewport=1476x632, megapixels=0.933, cpuInvocations=60, cpuSubmitAvgMs=0.003, cpuSubmitMaxMs=0.007, gpuSamples=15, gpuAvgMs=0.294, gpuMaxMs=0.385, gpuAvgMsPerMP=0.315
[17Aug2026 22:52:19.395] [Render thread/INFO] [Photonics/]: Photonics pass timing v73: group=svgf atrous, passes=[atrous iteration], viewport=1476x632, megapixels=0.933, cpuInvocations=60, cpuSubmitAvgMs=0.003, cpuSubmitMaxMs=0.010, gpuSamples=15, gpuAvgMs=0.289, gpuMaxMs=0.319, gpuAvgMsPerMP=0.310
[17Aug2026 22:52:31.412] [Render thread/INFO] [Photonics/]: Photonics pass timing v73: group=svgf atrous, passes=[atrous iteration], viewport=1476x632, megapixels=0.933, cpuInvocations=60, cpuSubmitAvgMs=0.003, cpuSubmitMaxMs=0.007, gpuSamples=15, gpuAvgMs=0.290, gpuMaxMs=0.319, gpuAvgMsPerMP=0.311
[17Aug2026 22:52:43.429] [Render thread/INFO] [Photonics/]: Photonics pass timing v73: group=svgf atrous, passes=[atrous iteration], viewport=1476x632, megapixels=0.933, cpuInvocations=60, cpuSubmitAvgMs=0.003, cpuSubmitMaxMs=0.010, gpuSamples=15, gpuAvgMs=0.294, gpuMaxMs=0.350, gpuAvgMsPerMP=0.316
[17Aug2026 22:52:44.430] [Render thread/INFO] [Photonics/]: Photonics pass timing v73: group=frag data, passes=[frag data], viewport=1476x632, megapixels=0.933, cpuInvocations=60, cpuSubmitAvgMs=0.033, cpuSubmitMaxMs=0.053, gpuSamples=15, gpuAvgMs=0.046, gpuMaxMs=0.046, gpuAvgMsPerMP=0.049
[17Aug2026 22:52:44.430] [Render thread/INFO] [Photonics/]: Photonics frame throughput v78: viewport=1476x632, windowSeconds=60.081, renderedFrames=60, fps=0.999, frameAvgMs=1001.354
[17Aug2026 22:52:44.430] [Render thread/INFO] [Photonics/]: Photonics pass timing v73: group=restir direct, passes=[initial direct + visibility], viewport=1476x632, megapixels=0.933, cpuInvocations=60, cpuSubmitAvgMs=0.024, cpuSubmitMaxMs=0.039, gpuSamples=15, gpuAvgMs=0.308, gpuMaxMs=0.323, gpuAvgMsPerMP=0.330
[17Aug2026 22:52:44.430] [Render thread/INFO] [Photonics/]: Photonics pass timing v73: group=restir gi initial, passes=[initial indirect], viewport=1476x632, megapixels=0.933, cpuInvocations=60, cpuSubmitAvgMs=0.010, cpuSubmitMaxMs=0.020, gpuSamples=15, gpuAvgMs=0.617, gpuMaxMs=0.628, gpuAvgMsPerMP=0.662
[17Aug2026 22:52:44.430] [Render thread/INFO] [Photonics/]: Photonics pass timing v73: group=restir temporal, passes=[temporal reuse + tri-state GI classification], viewport=1476x632, megapixels=0.933, cpuInvocations=60, cpuSubmitAvgMs=0.014, cpuSubmitMaxMs=0.020, gpuSamples=15, gpuAvgMs=0.280, gpuMaxMs=0.308, gpuAvgMsPerMP=0.300
[17Aug2026 22:52:44.431] [Render thread/INFO] [Photonics/]: Photonics pass timing v73: group=restir spatial, passes=[spatial reuse/clamp + tri-state GI classification], viewport=1476x632, megapixels=0.933, cpuInvocations=60, cpuSubmitAvgMs=0.010, cpuSubmitMaxMs=0.022, gpuSamples=15, gpuAvgMs=0.064, gpuMaxMs=0.065, gpuAvgMsPerMP=0.068
[17Aug2026 22:52:44.431] [Render thread/INFO] [Photonics/]: Photonics pass timing v73: group=restir diffuse, passes=[diffuse], viewport=1476x632, megapixels=0.933, cpuInvocations=60, cpuSubmitAvgMs=0.008, cpuSubmitMaxMs=0.013, gpuSamples=15, gpuAvgMs=0.267, gpuMaxMs=0.280, gpuAvgMsPerMP=0.287
[17Aug2026 22:52:44.431] [Render thread/INFO] [Photonics/]: Photonics pass timing v73: group=restir accumulation, passes=[accumulation], viewport=1476x632, megapixels=0.933, cpuInvocations=60, cpuSubmitAvgMs=0.012, cpuSubmitMaxMs=0.022, gpuSamples=15, gpuAvgMs=0.286, gpuMaxMs=0.288, gpuAvgMsPerMP=0.307
[17Aug2026 22:52:44.431] [Render thread/INFO] [Photonics/]: Photonics pass timing v73: group=svgf variance, passes=[variance prefilter], viewport=1476x632, megapixels=0.933, cpuInvocations=60, cpuSubmitAvgMs=0.009, cpuSubmitMaxMs=0.022, gpuSamples=15, gpuAvgMs=0.489, gpuMaxMs=0.493, gpuAvgMsPerMP=0.524
[17Aug2026 22:52:44.431] [Render thread/INFO] [Photonics/]: Photonics pass timing v73: group=restir local, passes=[exact local direct], viewport=1476x632, megapixels=0.933, cpuInvocations=60, cpuSubmitAvgMs=0.010, cpuSubmitMaxMs=0.015, gpuSamples=15, gpuAvgMs=0.010, gpuMaxMs=0.010, gpuAvgMsPerMP=0.011
[17Aug2026 22:52:44.431] [Render thread/INFO] [Photonics/]: Photonics pass timing v73: group=restir handheld, passes=[handheld], viewport=1476x632, megapixels=0.933, cpuInvocations=60, cpuSubmitAvgMs=0.013, cpuSubmitMaxMs=0.023, gpuSamples=15, gpuAvgMs=0.010, gpuMaxMs=0.010, gpuAvgMsPerMP=0.010
[17Aug2026 22:52:55.442] [Render thread/INFO] [Photonics/]: Photonics pass timing v73: group=svgf atrous, passes=[atrous iteration], viewport=1476x632, megapixels=0.933, cpuInvocations=60, cpuSubmitAvgMs=0.003, cpuSubmitMaxMs=0.010, gpuSamples=15, gpuAvgMs=0.289, gpuMaxMs=0.320, gpuAvgMsPerMP=0.310
[17Aug2026 22:53:07.458] [Render thread/INFO] [Photonics/]: Photonics pass timing v73: group=svgf atrous, passes=[atrous iteration], viewport=1476x632, megapixels=0.933, cpuInvocations=60, cpuSubmitAvgMs=0.004, cpuSubmitMaxMs=0.008, gpuSamples=15, gpuAvgMs=0.295, gpuMaxMs=0.387, gpuAvgMsPerMP=0.316
[17Aug2026 22:53:19.471] [Render thread/INFO] [Photonics/]: Photonics pass timing v73: group=svgf atrous, passes=[atrous iteration], viewport=1476x632, megapixels=0.933, cpuInvocations=60, cpuSubmitAvgMs=0.003, cpuSubmitMaxMs=0.008, gpuSamples=15, gpuAvgMs=0.289, gpuMaxMs=0.319, gpuAvgMsPerMP=0.310
[17Aug2026 22:53:31.485] [Render thread/INFO] [Photonics/]: Photonics pass timing v73: group=svgf atrous, passes=[atrous iteration], viewport=1476x632, megapixels=0.933, cpuInvocations=60, cpuSubmitAvgMs=0.003, cpuSubmitMaxMs=0.007, gpuSamples=15, gpuAvgMs=0.293, gpuMaxMs=0.338, gpuAvgMsPerMP=0.314
[17Aug2026 22:53:43.496] [Render thread/INFO] [Photonics/]: Photonics pass timing v73: group=svgf atrous, passes=[atrous iteration], viewport=1476x632, megapixels=0.933, cpuInvocations=60, cpuSubmitAvgMs=0.003, cpuSubmitMaxMs=0.010, gpuSamples=15, gpuAvgMs=0.289, gpuMaxMs=0.317, gpuAvgMsPerMP=0.310
[17Aug2026 22:53:44.496] [Render thread/INFO] [Photonics/]: Photonics pass timing v73: group=frag data, passes=[frag data], viewport=1476x632, megapixels=0.933, cpuInvocations=60, cpuSubmitAvgMs=0.032, cpuSubmitMaxMs=0.052, gpuSamples=15, gpuAvgMs=0.046, gpuMaxMs=0.046, gpuAvgMsPerMP=0.049
[17Aug2026 22:53:44.496] [Render thread/INFO] [Photonics/]: Photonics frame throughput v78: viewport=1476x632, windowSeconds=60.067, renderedFrames=60, fps=0.999, frameAvgMs=1001.112
[17Aug2026 22:53:44.497] [Render thread/INFO] [Photonics/]: Photonics pass timing v73: group=restir direct, passes=[initial direct + visibility], viewport=1476x632, megapixels=0.933, cpuInvocations=60, cpuSubmitAvgMs=0.024, cpuSubmitMaxMs=0.033, gpuSamples=15, gpuAvgMs=0.304, gpuMaxMs=0.330, gpuAvgMsPerMP=0.326
[17Aug2026 22:53:44.497] [Render thread/INFO] [Photonics/]: Photonics pass timing v73: group=restir gi initial, passes=[initial indirect], viewport=1476x632, megapixels=0.933, cpuInvocations=60, cpuSubmitAvgMs=0.011, cpuSubmitMaxMs=0.042, gpuSamples=15, gpuAvgMs=0.615, gpuMaxMs=0.622, gpuAvgMsPerMP=0.660
[17Aug2026 22:53:44.497] [Render thread/INFO] [Photonics/]: Photonics pass timing v73: group=restir temporal, passes=[temporal reuse + tri-state GI classification], viewport=1476x632, megapixels=0.933, cpuInvocations=60, cpuSubmitAvgMs=0.014, cpuSubmitMaxMs=0.027, gpuSamples=15, gpuAvgMs=0.280, gpuMaxMs=0.294, gpuAvgMsPerMP=0.300
[17Aug2026 22:53:44.497] [Render thread/INFO] [Photonics/]: Photonics pass timing v73: group=restir spatial, passes=[spatial reuse/clamp + tri-state GI classification], viewport=1476x632, megapixels=0.933, cpuInvocations=60, cpuSubmitAvgMs=0.010, cpuSubmitMaxMs=0.024, gpuSamples=15, gpuAvgMs=0.064, gpuMaxMs=0.066, gpuAvgMsPerMP=0.068
[17Aug2026 22:53:44.497] [Render thread/INFO] [Photonics/]: Photonics pass timing v73: group=restir diffuse, passes=[diffuse], viewport=1476x632, megapixels=0.933, cpuInvocations=60, cpuSubmitAvgMs=0.008, cpuSubmitMaxMs=0.011, gpuSamples=15, gpuAvgMs=0.264, gpuMaxMs=0.287, gpuAvgMsPerMP=0.283
[17Aug2026 22:53:44.497] [Render thread/INFO] [Photonics/]: Photonics pass timing v73: group=restir accumulation, passes=[accumulation], viewport=1476x632, megapixels=0.933, cpuInvocations=60, cpuSubmitAvgMs=0.012, cpuSubmitMaxMs=0.019, gpuSamples=15, gpuAvgMs=0.286, gpuMaxMs=0.287, gpuAvgMsPerMP=0.307
[17Aug2026 22:53:44.497] [Render thread/INFO] [Photonics/]: Photonics pass timing v73: group=svgf variance, passes=[variance prefilter], viewport=1476x632, megapixels=0.933, cpuInvocations=60, cpuSubmitAvgMs=0.009, cpuSubmitMaxMs=0.021, gpuSamples=15, gpuAvgMs=0.488, gpuMaxMs=0.493, gpuAvgMsPerMP=0.523
[17Aug2026 22:53:44.497] [Render thread/INFO] [Photonics/]: Photonics pass timing v73: group=restir local, passes=[exact local direct], viewport=1476x632, megapixels=0.933, cpuInvocations=60, cpuSubmitAvgMs=0.009, cpuSubmitMaxMs=0.018, gpuSamples=15, gpuAvgMs=0.010, gpuMaxMs=0.011, gpuAvgMsPerMP=0.011
[17Aug2026 22:53:44.497] [Render thread/INFO] [Photonics/]: Photonics pass timing v73: group=restir handheld, passes=[handheld], viewport=1476x632, megapixels=0.933, cpuInvocations=60, cpuSubmitAvgMs=0.013, cpuSubmitMaxMs=0.022, gpuSamples=15, gpuAvgMs=0.010, gpuMaxMs=0.010, gpuAvgMsPerMP=0.010
[17Aug2026 22:53:55.512] [Render thread/INFO] [Photonics/]: Photonics pass timing v73: group=svgf atrous, passes=[atrous iteration], viewport=1476x632, megapixels=0.933, cpuInvocations=60, cpuSubmitAvgMs=0.003, cpuSubmitMaxMs=0.012, gpuSamples=15, gpuAvgMs=0.289, gpuMaxMs=0.317, gpuAvgMsPerMP=0.310
[17Aug2026 22:54:07.526] [Render thread/INFO] [Photonics/]: Photonics pass timing v73: group=svgf atrous, passes=[atrous iteration], viewport=1476x632, megapixels=0.933, cpuInvocations=60, cpuSubmitAvgMs=0.003, cpuSubmitMaxMs=0.011, gpuSamples=15, gpuAvgMs=0.290, gpuMaxMs=0.319, gpuAvgMsPerMP=0.310
[17Aug2026 22:54:19.540] [Render thread/INFO] [Photonics/]: Photonics pass timing v73: group=svgf atrous, passes=[atrous iteration], viewport=1476x632, megapixels=0.933, cpuInvocations=60, cpuSubmitAvgMs=0.003, cpuSubmitMaxMs=0.007, gpuSamples=15, gpuAvgMs=0.294, gpuMaxMs=0.340, gpuAvgMsPerMP=0.315
[17Aug2026 22:54:31.554] [Render thread/INFO] [Photonics/]: Photonics pass timing v73: group=svgf atrous, passes=[atrous iteration], viewport=1476x632, megapixels=0.933, cpuInvocations=60, cpuSubmitAvgMs=0.003, cpuSubmitMaxMs=0.007, gpuSamples=15, gpuAvgMs=0.289, gpuMaxMs=0.317, gpuAvgMsPerMP=0.310
[17Aug2026 22:54:43.566] [Render thread/INFO] [Photonics/]: Photonics pass timing v73: group=svgf atrous, passes=[atrous iteration], viewport=1476x632, megapixels=0.933, cpuInvocations=60, cpuSubmitAvgMs=0.003, cpuSubmitMaxMs=0.007, gpuSamples=15, gpuAvgMs=0.293, gpuMaxMs=0.354, gpuAvgMsPerMP=0.314
[17Aug2026 22:54:44.568] [Render thread/INFO] [Photonics/]: Photonics pass timing v73: group=frag data, passes=[frag data], viewport=1476x632, megapixels=0.933, cpuInvocations=60, cpuSubmitAvgMs=0.033, cpuSubmitMaxMs=0.056, gpuSamples=15, gpuAvgMs=0.046, gpuMaxMs=0.046, gpuAvgMsPerMP=0.049
[17Aug2026 22:54:44.568] [Render thread/INFO] [Photonics/]: Photonics frame throughput v78: viewport=1476x632, windowSeconds=60.071, renderedFrames=60, fps=0.999, frameAvgMs=1001.192
[17Aug2026 22:54:44.569] [Render thread/INFO] [Photonics/]: Photonics pass timing v73: group=restir direct, passes=[initial direct + visibility], viewport=1476x632, megapixels=0.933, cpuInvocations=60, cpuSubmitAvgMs=0.024, cpuSubmitMaxMs=0.038, gpuSamples=15, gpuAvgMs=0.304, gpuMaxMs=0.322, gpuAvgMsPerMP=0.325
[17Aug2026 22:54:44.569] [Render thread/INFO] [Photonics/]: Photonics pass timing v73: group=restir gi initial, passes=[initial indirect], viewport=1476x632, megapixels=0.933, cpuInvocations=60, cpuSubmitAvgMs=0.010, cpuSubmitMaxMs=0.021, gpuSamples=15, gpuAvgMs=0.613, gpuMaxMs=0.621, gpuAvgMsPerMP=0.657
[17Aug2026 22:54:44.569] [Render thread/INFO] [Photonics/]: Photonics pass timing v73: group=restir temporal, passes=[temporal reuse + tri-state GI classification], viewport=1476x632, megapixels=0.933, cpuInvocations=60, cpuSubmitAvgMs=0.014, cpuSubmitMaxMs=0.021, gpuSamples=15, gpuAvgMs=0.281, gpuMaxMs=0.299, gpuAvgMsPerMP=0.302
[17Aug2026 22:54:44.569] [Render thread/INFO] [Photonics/]: Photonics pass timing v73: group=restir spatial, passes=[spatial reuse/clamp + tri-state GI classification], viewport=1476x632, megapixels=0.933, cpuInvocations=60, cpuSubmitAvgMs=0.010, cpuSubmitMaxMs=0.020, gpuSamples=15, gpuAvgMs=0.064, gpuMaxMs=0.065, gpuAvgMsPerMP=0.068
[17Aug2026 22:54:44.569] [Render thread/INFO] [Photonics/]: Photonics pass timing v73: group=restir diffuse, passes=[diffuse], viewport=1476x632, megapixels=0.933, cpuInvocations=60, cpuSubmitAvgMs=0.008, cpuSubmitMaxMs=0.011, gpuSamples=15, gpuAvgMs=0.265, gpuMaxMs=0.277, gpuAvgMsPerMP=0.284
[17Aug2026 22:54:44.569] [Render thread/INFO] [Photonics/]: Photonics pass timing v73: group=restir accumulation, passes=[accumulation], viewport=1476x632, megapixels=0.933, cpuInvocations=60, cpuSubmitAvgMs=0.012, cpuSubmitMaxMs=0.019, gpuSamples=15, gpuAvgMs=0.286, gpuMaxMs=0.291, gpuAvgMsPerMP=0.307
[17Aug2026 22:54:44.569] [Render thread/INFO] [Photonics/]: Photonics pass timing v73: group=svgf variance, passes=[variance prefilter], viewport=1476x632, megapixels=0.933, cpuInvocations=60, cpuSubmitAvgMs=0.009, cpuSubmitMaxMs=0.020, gpuSamples=15, gpuAvgMs=0.487, gpuMaxMs=0.495, gpuAvgMsPerMP=0.522
[17Aug2026 22:54:44.569] [Render thread/INFO] [Photonics/]: Photonics pass timing v73: group=restir local, passes=[exact local direct], viewport=1476x632, megapixels=0.933, cpuInvocations=60, cpuSubmitAvgMs=0.009, cpuSubmitMaxMs=0.012, gpuSamples=15, gpuAvgMs=0.010, gpuMaxMs=0.010, gpuAvgMsPerMP=0.011
[17Aug2026 22:54:44.569] [Render thread/INFO] [Photonics/]: Photonics pass timing v73: group=restir handheld, passes=[handheld], viewport=1476x632, megapixels=0.933, cpuInvocations=60, cpuSubmitAvgMs=0.012, cpuSubmitMaxMs=0.018, gpuSamples=15, gpuAvgMs=0.010, gpuMaxMs=0.010, gpuAvgMsPerMP=0.010
[17Aug2026 22:54:55.580] [Render thread/INFO] [Photonics/]: Photonics pass timing v73: group=svgf atrous, passes=[atrous iteration], viewport=1476x632, megapixels=0.933, cpuInvocations=60, cpuSubmitAvgMs=0.003, cpuSubmitMaxMs=0.007, gpuSamples=15, gpuAvgMs=0.289, gpuMaxMs=0.319, gpuAvgMsPerMP=0.310
[17Aug2026 22:55:07.596] [Render thread/INFO] [Photonics/]: Photonics pass timing v73: group=svgf atrous, passes=[atrous iteration], viewport=1476x632, megapixels=0.933, cpuInvocations=60, cpuSubmitAvgMs=0.003, cpuSubmitMaxMs=0.011, gpuSamples=15, gpuAvgMs=0.290, gpuMaxMs=0.319, gpuAvgMsPerMP=0.311
[17Aug2026 22:55:19.609] [Render thread/INFO] [Photonics/]: Photonics pass timing v73: group=svgf atrous, passes=[atrous iteration], viewport=1476x632, megapixels=0.933, cpuInvocations=60, cpuSubmitAvgMs=0.003, cpuSubmitMaxMs=0.008, gpuSamples=15, gpuAvgMs=0.290, gpuMaxMs=0.317, gpuAvgMsPerMP=0.311
[17Aug2026 22:55:31.625] [Render thread/INFO] [Photonics/]: Photonics pass timing v73: group=svgf atrous, passes=[atrous iteration], viewport=1476x632, megapixels=0.933, cpuInvocations=60, cpuSubmitAvgMs=0.003, cpuSubmitMaxMs=0.013, gpuSamples=15, gpuAvgMs=0.294, gpuMaxMs=0.352, gpuAvgMsPerMP=0.315
[17Aug2026 22:55:43.636] [Render thread/INFO] [Photonics/]: Photonics pass timing v73: group=svgf atrous, passes=[atrous iteration], viewport=1476x632, megapixels=0.933, cpuInvocations=60, cpuSubmitAvgMs=0.003, cpuSubmitMaxMs=0.010, gpuSamples=15, gpuAvgMs=0.290, gpuMaxMs=0.319, gpuAvgMsPerMP=0.311
[17Aug2026 22:55:44.639] [Render thread/INFO] [Photonics/]: Photonics pass timing v73: group=frag data, passes=[frag data], viewport=1476x632, megapixels=0.933, cpuInvocations=60, cpuSubmitAvgMs=0.035, cpuSubmitMaxMs=0.054, gpuSamples=15, gpuAvgMs=0.045, gpuMaxMs=0.046, gpuAvgMsPerMP=0.049
[17Aug2026 22:55:44.640] [Render thread/INFO] [Photonics/]: Photonics frame throughput v78: viewport=1476x632, windowSeconds=60.072, renderedFrames=60, fps=0.999, frameAvgMs=1001.194
[17Aug2026 22:55:44.640] [Render thread/INFO] [Photonics/]: Photonics pass timing v73: group=restir direct, passes=[initial direct + visibility], viewport=1476x632, megapixels=0.933, cpuInvocations=60, cpuSubmitAvgMs=0.026, cpuSubmitMaxMs=0.041, gpuSamples=15, gpuAvgMs=0.305, gpuMaxMs=0.331, gpuAvgMsPerMP=0.327
[17Aug2026 22:55:44.641] [Render thread/INFO] [Photonics/]: Photonics pass timing v73: group=restir gi initial, passes=[initial indirect], viewport=1476x632, megapixels=0.933, cpuInvocations=60, cpuSubmitAvgMs=0.010, cpuSubmitMaxMs=0.025, gpuSamples=15, gpuAvgMs=0.614, gpuMaxMs=0.622, gpuAvgMsPerMP=0.658
[17Aug2026 22:55:44.641] [Render thread/INFO] [Photonics/]: Photonics pass timing v73: group=restir temporal, passes=[temporal reuse + tri-state GI classification], viewport=1476x632, megapixels=0.933, cpuInvocations=60, cpuSubmitAvgMs=0.015, cpuSubmitMaxMs=0.030, gpuSamples=15, gpuAvgMs=0.283, gpuMaxMs=0.312, gpuAvgMsPerMP=0.303
[17Aug2026 22:55:44.641] [Render thread/INFO] [Photonics/]: Photonics pass timing v73: group=restir spatial, passes=[spatial reuse/clamp + tri-state GI classification], viewport=1476x632, megapixels=0.933, cpuInvocations=60, cpuSubmitAvgMs=0.011, cpuSubmitMaxMs=0.030, gpuSamples=15, gpuAvgMs=0.064, gpuMaxMs=0.064, gpuAvgMsPerMP=0.068
[17Aug2026 22:55:44.641] [Render thread/INFO] [Photonics/]: Photonics pass timing v73: group=restir diffuse, passes=[diffuse], viewport=1476x632, megapixels=0.933, cpuInvocations=60, cpuSubmitAvgMs=0.008, cpuSubmitMaxMs=0.012, gpuSamples=15, gpuAvgMs=0.264, gpuMaxMs=0.282, gpuAvgMsPerMP=0.284
[17Aug2026 22:55:44.641] [Render thread/INFO] [Photonics/]: Photonics pass timing v73: group=restir accumulation, passes=[accumulation], viewport=1476x632, megapixels=0.933, cpuInvocations=60, cpuSubmitAvgMs=0.012, cpuSubmitMaxMs=0.021, gpuSamples=15, gpuAvgMs=0.287, gpuMaxMs=0.294, gpuAvgMsPerMP=0.308
[17Aug2026 22:55:44.641] [Render thread/INFO] [Photonics/]: Photonics pass timing v73: group=svgf variance, passes=[variance prefilter], viewport=1476x632, megapixels=0.933, cpuInvocations=60, cpuSubmitAvgMs=0.009, cpuSubmitMaxMs=0.022, gpuSamples=15, gpuAvgMs=0.489, gpuMaxMs=0.522, gpuAvgMsPerMP=0.525
[17Aug2026 22:55:44.641] [Render thread/INFO] [Photonics/]: Photonics pass timing v73: group=restir local, passes=[exact local direct], viewport=1476x632, megapixels=0.933, cpuInvocations=60, cpuSubmitAvgMs=0.010, cpuSubmitMaxMs=0.017, gpuSamples=15, gpuAvgMs=0.010, gpuMaxMs=0.010, gpuAvgMsPerMP=0.011
[17Aug2026 22:55:44.641] [Render thread/INFO] [Photonics/]: Photonics pass timing v73: group=restir handheld, passes=[handheld], viewport=1476x632, megapixels=0.933, cpuInvocations=60, cpuSubmitAvgMs=0.013, cpuSubmitMaxMs=0.024, gpuSamples=15, gpuAvgMs=0.010, gpuMaxMs=0.010, gpuAvgMsPerMP=0.010
[17Aug2026 22:55:55.649] [Render thread/INFO] [Photonics/]: Photonics pass timing v73: group=svgf atrous, passes=[atrous iteration], viewport=1476x632, megapixels=0.933, cpuInvocations=60, cpuSubmitAvgMs=0.003, cpuSubmitMaxMs=0.008, gpuSamples=15, gpuAvgMs=0.295, gpuMaxMs=0.377, gpuAvgMsPerMP=0.316
[17Aug2026 22:56:07.660] [Render thread/INFO] [Photonics/]: Photonics pass timing v73: group=svgf atrous, passes=[atrous iteration], viewport=1476x632, megapixels=0.933, cpuInvocations=60, cpuSubmitAvgMs=0.003, cpuSubmitMaxMs=0.007, gpuSamples=15, gpuAvgMs=0.289, gpuMaxMs=0.320, gpuAvgMsPerMP=0.310
[17Aug2026 22:56:19.674] [Render thread/INFO] [Photonics/]: Photonics pass timing v73: group=svgf atrous, passes=[atrous iteration], viewport=1476x632, megapixels=0.933, cpuInvocations=60, cpuSubmitAvgMs=0.003, cpuSubmitMaxMs=0.015, gpuSamples=15, gpuAvgMs=0.289, gpuMaxMs=0.315, gpuAvgMsPerMP=0.310
[17Aug2026 22:56:31.685] [Render thread/INFO] [Photonics/]: Photonics pass timing v73: group=svgf atrous, passes=[atrous iteration], viewport=1476x632, megapixels=0.933, cpuInvocations=60, cpuSubmitAvgMs=0.003, cpuSubmitMaxMs=0.010, gpuSamples=15, gpuAvgMs=0.290, gpuMaxMs=0.319, gpuAvgMsPerMP=0.311
[17Aug2026 22:56:43.698] [Render thread/INFO] [Photonics/]: Photonics pass timing v73: group=svgf atrous, passes=[atrous iteration], viewport=1476x632, megapixels=0.933, cpuInvocations=60, cpuSubmitAvgMs=0.003, cpuSubmitMaxMs=0.008, gpuSamples=15, gpuAvgMs=0.289, gpuMaxMs=0.318, gpuAvgMsPerMP=0.310
[17Aug2026 22:56:44.699] [Render thread/INFO] [Photonics/]: Photonics pass timing v73: group=frag data, passes=[frag data], viewport=1476x632, megapixels=0.933, cpuInvocations=60, cpuSubmitAvgMs=0.036, cpuSubmitMaxMs=0.067, gpuSamples=15, gpuAvgMs=0.046, gpuMaxMs=0.046, gpuAvgMsPerMP=0.049
[17Aug2026 22:56:44.699] [Render thread/INFO] [Photonics/]: Photonics frame throughput v78: viewport=1476x632, windowSeconds=60.059, renderedFrames=60, fps=0.999, frameAvgMs=1000.991
[17Aug2026 22:56:44.700] [Render thread/INFO] [Photonics/]: Photonics pass timing v73: group=restir direct, passes=[initial direct + visibility], viewport=1476x632, megapixels=0.933, cpuInvocations=60, cpuSubmitAvgMs=0.026, cpuSubmitMaxMs=0.042, gpuSamples=15, gpuAvgMs=0.303, gpuMaxMs=0.320, gpuAvgMsPerMP=0.325
[17Aug2026 22:56:44.700] [Render thread/INFO] [Photonics/]: Photonics pass timing v73: group=restir gi initial, passes=[initial indirect], viewport=1476x632, megapixels=0.933, cpuInvocations=60, cpuSubmitAvgMs=0.011, cpuSubmitMaxMs=0.024, gpuSamples=15, gpuAvgMs=0.615, gpuMaxMs=0.626, gpuAvgMsPerMP=0.660
[17Aug2026 22:56:44.700] [Render thread/INFO] [Photonics/]: Photonics pass timing v73: group=restir temporal, passes=[temporal reuse + tri-state GI classification], viewport=1476x632, megapixels=0.933, cpuInvocations=60, cpuSubmitAvgMs=0.015, cpuSubmitMaxMs=0.028, gpuSamples=15, gpuAvgMs=0.278, gpuMaxMs=0.319, gpuAvgMsPerMP=0.299
[17Aug2026 22:56:44.700] [Render thread/INFO] [Photonics/]: Photonics pass timing v73: group=restir spatial, passes=[spatial reuse/clamp + tri-state GI classification], viewport=1476x632, megapixels=0.933, cpuInvocations=60, cpuSubmitAvgMs=0.011, cpuSubmitMaxMs=0.025, gpuSamples=15, gpuAvgMs=0.063, gpuMaxMs=0.064, gpuAvgMsPerMP=0.068
[17Aug2026 22:56:44.700] [Render thread/INFO] [Photonics/]: Photonics pass timing v73: group=restir diffuse, passes=[diffuse], viewport=1476x632, megapixels=0.933, cpuInvocations=60, cpuSubmitAvgMs=0.009, cpuSubmitMaxMs=0.017, gpuSamples=15, gpuAvgMs=0.263, gpuMaxMs=0.279, gpuAvgMsPerMP=0.282
[17Aug2026 22:56:44.700] [Render thread/INFO] [Photonics/]: Photonics pass timing v73: group=restir accumulation, passes=[accumulation], viewport=1476x632, megapixels=0.933, cpuInvocations=60, cpuSubmitAvgMs=0.012, cpuSubmitMaxMs=0.022, gpuSamples=15, gpuAvgMs=0.286, gpuMaxMs=0.289, gpuAvgMsPerMP=0.307
[17Aug2026 22:56:44.700] [Render thread/INFO] [Photonics/]: Photonics pass timing v73: group=svgf variance, passes=[variance prefilter], viewport=1476x632, megapixels=0.933, cpuInvocations=60, cpuSubmitAvgMs=0.009, cpuSubmitMaxMs=0.023, gpuSamples=15, gpuAvgMs=0.487, gpuMaxMs=0.491, gpuAvgMsPerMP=0.522
[17Aug2026 22:56:44.700] [Render thread/INFO] [Photonics/]: Photonics pass timing v73: group=restir local, passes=[exact local direct], viewport=1476x632, megapixels=0.933, cpuInvocations=60, cpuSubmitAvgMs=0.010, cpuSubmitMaxMs=0.019, gpuSamples=15, gpuAvgMs=0.012, gpuMaxMs=0.043, gpuAvgMsPerMP=0.013
[17Aug2026 22:56:44.700] [Render thread/INFO] [Photonics/]: Photonics pass timing v73: group=restir handheld, passes=[handheld], viewport=1476x632, megapixels=0.933, cpuInvocations=60, cpuSubmitAvgMs=0.013, cpuSubmitMaxMs=0.024, gpuSamples=15, gpuAvgMs=0.012, gpuMaxMs=0.040, gpuAvgMsPerMP=0.013
[17Aug2026 22:56:55.712] [Render thread/INFO] [Photonics/]: Photonics pass timing v73: group=svgf atrous, passes=[atrous iteration], viewport=1476x632, megapixels=0.933, cpuInvocations=60, cpuSubmitAvgMs=0.003, cpuSubmitMaxMs=0.008, gpuSamples=15, gpuAvgMs=0.289, gpuMaxMs=0.319, gpuAvgMsPerMP=0.309
[17Aug2026 22:57:07.726] [Render thread/INFO] [Photonics/]: Photonics pass timing v73: group=svgf atrous, passes=[atrous iteration], viewport=1476x632, megapixels=0.933, cpuInvocations=60, cpuSubmitAvgMs=0.004, cpuSubmitMaxMs=0.008, gpuSamples=15, gpuAvgMs=0.289, gpuMaxMs=0.318, gpuAvgMsPerMP=0.310
[17Aug2026 22:57:19.739] [Render thread/INFO] [Photonics/]: Photonics pass timing v73: group=svgf atrous, passes=[atrous iteration], viewport=1476x632, megapixels=0.933, cpuInvocations=60, cpuSubmitAvgMs=0.003, cpuSubmitMaxMs=0.007, gpuSamples=15, gpuAvgMs=0.294, gpuMaxMs=0.384, gpuAvgMsPerMP=0.315
[17Aug2026 22:57:31.750] [Render thread/INFO] [Photonics/]: Photonics pass timing v73: group=svgf atrous, passes=[atrous iteration], viewport=1476x632, megapixels=0.933, cpuInvocations=60, cpuSubmitAvgMs=0.003, cpuSubmitMaxMs=0.008, gpuSamples=15, gpuAvgMs=0.288, gpuMaxMs=0.315, gpuAvgMsPerMP=0.309
[17Aug2026 22:57:43.763] [Render thread/INFO] [Photonics/]: Photonics pass timing v73: group=svgf atrous, passes=[atrous iteration], viewport=1476x632, megapixels=0.933, cpuInvocations=60, cpuSubmitAvgMs=0.003, cpuSubmitMaxMs=0.007, gpuSamples=15, gpuAvgMs=0.292, gpuMaxMs=0.355, gpuAvgMsPerMP=0.313
[17Aug2026 22:57:44.764] [Render thread/INFO] [Photonics/]: Photonics pass timing v73: group=frag data, passes=[frag data], viewport=1476x632, megapixels=0.933, cpuInvocations=60, cpuSubmitAvgMs=0.037, cpuSubmitMaxMs=0.080, gpuSamples=15, gpuAvgMs=0.046, gpuMaxMs=0.046, gpuAvgMsPerMP=0.049
[17Aug2026 22:57:44.764] [Render thread/INFO] [Photonics/]: Photonics frame throughput v78: viewport=1476x632, windowSeconds=60.065, renderedFrames=60, fps=0.999, frameAvgMs=1001.090
[17Aug2026 22:57:44.765] [Render thread/INFO] [Photonics/]: Photonics pass timing v73: group=restir direct, passes=[initial direct + visibility], viewport=1476x632, megapixels=0.933, cpuInvocations=60, cpuSubmitAvgMs=0.027, cpuSubmitMaxMs=0.043, gpuSamples=15, gpuAvgMs=0.305, gpuMaxMs=0.330, gpuAvgMsPerMP=0.327
[17Aug2026 22:57:44.765] [Render thread/INFO] [Photonics/]: Photonics pass timing v73: group=restir gi initial, passes=[initial indirect], viewport=1476x632, megapixels=0.933, cpuInvocations=60, cpuSubmitAvgMs=0.011, cpuSubmitMaxMs=0.028, gpuSamples=15, gpuAvgMs=0.615, gpuMaxMs=0.624, gpuAvgMsPerMP=0.660
[17Aug2026 22:57:44.765] [Render thread/INFO] [Photonics/]: Photonics pass timing v73: group=restir temporal, passes=[temporal reuse + tri-state GI classification], viewport=1476x632, megapixels=0.933, cpuInvocations=60, cpuSubmitAvgMs=0.016, cpuSubmitMaxMs=0.029, gpuSamples=15, gpuAvgMs=0.276, gpuMaxMs=0.290, gpuAvgMsPerMP=0.295
[17Aug2026 22:57:44.765] [Render thread/INFO] [Photonics/]: Photonics pass timing v73: group=restir spatial, passes=[spatial reuse/clamp + tri-state GI classification], viewport=1476x632, megapixels=0.933, cpuInvocations=60, cpuSubmitAvgMs=0.012, cpuSubmitMaxMs=0.036, gpuSamples=15, gpuAvgMs=0.068, gpuMaxMs=0.123, gpuAvgMsPerMP=0.073
[17Aug2026 22:57:44.765] [Render thread/INFO] [Photonics/]: Photonics pass timing v73: group=restir diffuse, passes=[diffuse], viewport=1476x632, megapixels=0.933, cpuInvocations=60, cpuSubmitAvgMs=0.009, cpuSubmitMaxMs=0.016, gpuSamples=15, gpuAvgMs=0.265, gpuMaxMs=0.285, gpuAvgMsPerMP=0.284
[17Aug2026 22:57:44.765] [Render thread/INFO] [Photonics/]: Photonics pass timing v73: group=restir accumulation, passes=[accumulation], viewport=1476x632, megapixels=0.933, cpuInvocations=60, cpuSubmitAvgMs=0.013, cpuSubmitMaxMs=0.027, gpuSamples=15, gpuAvgMs=0.289, gpuMaxMs=0.323, gpuAvgMsPerMP=0.310
[17Aug2026 22:57:44.765] [Render thread/INFO] [Photonics/]: Photonics pass timing v73: group=svgf variance, passes=[variance prefilter], viewport=1476x632, megapixels=0.933, cpuInvocations=60, cpuSubmitAvgMs=0.010, cpuSubmitMaxMs=0.024, gpuSamples=15, gpuAvgMs=0.491, gpuMaxMs=0.552, gpuAvgMsPerMP=0.526
[17Aug2026 22:57:44.766] [Render thread/INFO] [Photonics/]: Photonics pass timing v73: group=restir local, passes=[exact local direct], viewport=1476x632, megapixels=0.933, cpuInvocations=60, cpuSubmitAvgMs=0.010, cpuSubmitMaxMs=0.014, gpuSamples=15, gpuAvgMs=0.010, gpuMaxMs=0.010, gpuAvgMsPerMP=0.011
[17Aug2026 22:57:44.766] [Render thread/INFO] [Photonics/]: Photonics pass timing v73: group=restir handheld, passes=[handheld], viewport=1476x632, megapixels=0.933, cpuInvocations=60, cpuSubmitAvgMs=0.014, cpuSubmitMaxMs=0.024, gpuSamples=15, gpuAvgMs=0.010, gpuMaxMs=0.010, gpuAvgMsPerMP=0.010
[17Aug2026 22:57:55.777] [Render thread/INFO] [Photonics/]: Photonics pass timing v73: group=svgf atrous, passes=[atrous iteration], viewport=1476x632, megapixels=0.933, cpuInvocations=60, cpuSubmitAvgMs=0.004, cpuSubmitMaxMs=0.013, gpuSamples=15, gpuAvgMs=0.289, gpuMaxMs=0.318, gpuAvgMsPerMP=0.310
[17Aug2026 22:58:07.788] [Render thread/INFO] [Photonics/]: Photonics pass timing v73: group=svgf atrous, passes=[atrous iteration], viewport=1476x632, megapixels=0.933, cpuInvocations=60, cpuSubmitAvgMs=0.004, cpuSubmitMaxMs=0.009, gpuSamples=15, gpuAvgMs=0.290, gpuMaxMs=0.316, gpuAvgMsPerMP=0.310
[17Aug2026 22:58:19.800] [Render thread/INFO] [Photonics/]: Photonics pass timing v73: group=svgf atrous, passes=[atrous iteration], viewport=1476x632, megapixels=0.933, cpuInvocations=60, cpuSubmitAvgMs=0.003, cpuSubmitMaxMs=0.012, gpuSamples=15, gpuAvgMs=0.290, gpuMaxMs=0.317, gpuAvgMsPerMP=0.311
[17Aug2026 22:58:31.814] [Render thread/INFO] [Photonics/]: Photonics pass timing v73: group=svgf atrous, passes=[atrous iteration], viewport=1476x632, megapixels=0.933, cpuInvocations=60, cpuSubmitAvgMs=0.003, cpuSubmitMaxMs=0.008, gpuSamples=15, gpuAvgMs=0.290, gpuMaxMs=0.317, gpuAvgMsPerMP=0.310
[17Aug2026 22:58:43.827] [Render thread/INFO] [Photonics/]: Photonics pass timing v73: group=svgf atrous, passes=[atrous iteration], viewport=1476x632, megapixels=0.933, cpuInvocations=60, cpuSubmitAvgMs=0.004, cpuSubmitMaxMs=0.012, gpuSamples=15, gpuAvgMs=0.293, gpuMaxMs=0.352, gpuAvgMsPerMP=0.314
[17Aug2026 22:58:44.828] [Render thread/INFO] [Photonics/]: Photonics pass timing v73: group=frag data, passes=[frag data], viewport=1476x632, megapixels=0.933, cpuInvocations=60, cpuSubmitAvgMs=0.037, cpuSubmitMaxMs=0.113, gpuSamples=15, gpuAvgMs=0.046, gpuMaxMs=0.046, gpuAvgMsPerMP=0.049
[17Aug2026 22:58:44.828] [Render thread/INFO] [Photonics/]: Photonics frame throughput v78: viewport=1476x632, windowSeconds=60.064, renderedFrames=60, fps=0.999, frameAvgMs=1001.062
[17Aug2026 22:58:44.829] [Render thread/INFO] [Photonics/]: Photonics pass timing v73: group=restir direct, passes=[initial direct + visibility], viewport=1476x632, megapixels=0.933, cpuInvocations=60, cpuSubmitAvgMs=0.027, cpuSubmitMaxMs=0.065, gpuSamples=15, gpuAvgMs=0.303, gpuMaxMs=0.318, gpuAvgMsPerMP=0.325
[17Aug2026 22:58:44.829] [Render thread/INFO] [Photonics/]: Photonics pass timing v73: group=restir gi initial, passes=[initial indirect], viewport=1476x632, megapixels=0.933, cpuInvocations=60, cpuSubmitAvgMs=0.011, cpuSubmitMaxMs=0.023, gpuSamples=15, gpuAvgMs=0.614, gpuMaxMs=0.622, gpuAvgMsPerMP=0.658
[17Aug2026 22:58:44.829] [Render thread/INFO] [Photonics/]: Photonics pass timing v73: group=restir temporal, passes=[temporal reuse + tri-state GI classification], viewport=1476x632, megapixels=0.933, cpuInvocations=60, cpuSubmitAvgMs=0.015, cpuSubmitMaxMs=0.026, gpuSamples=15, gpuAvgMs=0.281, gpuMaxMs=0.301, gpuAvgMsPerMP=0.302
[17Aug2026 22:58:44.829] [Render thread/INFO] [Photonics/]: Photonics pass timing v73: group=restir spatial, passes=[spatial reuse/clamp + tri-state GI classification], viewport=1476x632, megapixels=0.933, cpuInvocations=60, cpuSubmitAvgMs=0.011, cpuSubmitMaxMs=0.026, gpuSamples=15, gpuAvgMs=0.064, gpuMaxMs=0.064, gpuAvgMsPerMP=0.068
[17Aug2026 22:58:44.829] [Render thread/INFO] [Photonics/]: Photonics pass timing v73: group=restir diffuse, passes=[diffuse], viewport=1476x632, megapixels=0.933, cpuInvocations=60, cpuSubmitAvgMs=0.009, cpuSubmitMaxMs=0.015, gpuSamples=15, gpuAvgMs=0.264, gpuMaxMs=0.270, gpuAvgMsPerMP=0.283
[17Aug2026 22:58:44.829] [Render thread/INFO] [Photonics/]: Photonics pass timing v73: group=restir accumulation, passes=[accumulation], viewport=1476x632, megapixels=0.933, cpuInvocations=60, cpuSubmitAvgMs=0.013, cpuSubmitMaxMs=0.023, gpuSamples=15, gpuAvgMs=0.289, gpuMaxMs=0.325, gpuAvgMsPerMP=0.310
[17Aug2026 22:58:44.829] [Render thread/INFO] [Photonics/]: Photonics pass timing v73: group=svgf variance, passes=[variance prefilter], viewport=1476x632, megapixels=0.933, cpuInvocations=60, cpuSubmitAvgMs=0.010, cpuSubmitMaxMs=0.021, gpuSamples=15, gpuAvgMs=0.487, gpuMaxMs=0.493, gpuAvgMsPerMP=0.522
[17Aug2026 22:58:44.829] [Render thread/INFO] [Photonics/]: Photonics pass timing v73: group=restir local, passes=[exact local direct], viewport=1476x632, megapixels=0.933, cpuInvocations=60, cpuSubmitAvgMs=0.010, cpuSubmitMaxMs=0.020, gpuSamples=15, gpuAvgMs=0.010, gpuMaxMs=0.011, gpuAvgMsPerMP=0.011
[17Aug2026 22:58:44.829] [Render thread/INFO] [Photonics/]: Photonics pass timing v73: group=restir handheld, passes=[handheld], viewport=1476x632, megapixels=0.933, cpuInvocations=60, cpuSubmitAvgMs=0.014, cpuSubmitMaxMs=0.044, gpuSamples=15, gpuAvgMs=0.010, gpuMaxMs=0.010, gpuAvgMsPerMP=0.010
[17Aug2026 22:58:55.840] [Render thread/INFO] [Photonics/]: Photonics pass timing v73: group=svgf atrous, passes=[atrous iteration], viewport=1476x632, megapixels=0.933, cpuInvocations=60, cpuSubmitAvgMs=0.003, cpuSubmitMaxMs=0.010, gpuSamples=15, gpuAvgMs=0.289, gpuMaxMs=0.318, gpuAvgMsPerMP=0.310
[17Aug2026 22:59:07.853] [Render thread/INFO] [Photonics/]: Photonics pass timing v73: group=svgf atrous, passes=[atrous iteration], viewport=1476x632, megapixels=0.933, cpuInvocations=60, cpuSubmitAvgMs=0.004, cpuSubmitMaxMs=0.009, gpuSamples=15, gpuAvgMs=0.290, gpuMaxMs=0.315, gpuAvgMsPerMP=0.311
[17Aug2026 22:59:19.866] [Render thread/INFO] [Photonics/]: Photonics pass timing v73: group=svgf atrous, passes=[atrous iteration], viewport=1476x632, megapixels=0.933, cpuInvocations=60, cpuSubmitAvgMs=0.003, cpuSubmitMaxMs=0.007, gpuSamples=15, gpuAvgMs=0.289, gpuMaxMs=0.315, gpuAvgMsPerMP=0.310
[17Aug2026 22:59:31.881] [Render thread/INFO] [Photonics/]: Photonics pass timing v73: group=svgf atrous, passes=[atrous iteration], viewport=1476x632, megapixels=0.933, cpuInvocations=60, cpuSubmitAvgMs=0.003, cpuSubmitMaxMs=0.008, gpuSamples=15, gpuAvgMs=0.293, gpuMaxMs=0.342, gpuAvgMsPerMP=0.314
[17Aug2026 22:59:43.894] [Render thread/INFO] [Photonics/]: Photonics pass timing v73: group=svgf atrous, passes=[atrous iteration], viewport=1476x632, megapixels=0.933, cpuInvocations=60, cpuSubmitAvgMs=0.004, cpuSubmitMaxMs=0.009, gpuSamples=15, gpuAvgMs=0.295, gpuMaxMs=0.339, gpuAvgMsPerMP=0.317
[17Aug2026 22:59:44.896] [Render thread/INFO] [Photonics/]: Photonics pass timing v73: group=frag data, passes=[frag data], viewport=1476x632, megapixels=0.933, cpuInvocations=60, cpuSubmitAvgMs=0.037, cpuSubmitMaxMs=0.094, gpuSamples=15, gpuAvgMs=0.046, gpuMaxMs=0.046, gpuAvgMsPerMP=0.049
[17Aug2026 22:59:44.896] [Render thread/INFO] [Photonics/]: Photonics frame throughput v78: viewport=1476x632, windowSeconds=60.068, renderedFrames=60, fps=0.999, frameAvgMs=1001.130
[17Aug2026 22:59:44.897] [Render thread/INFO] [Photonics/]: Photonics pass timing v73: group=restir direct, passes=[initial direct + visibility], viewport=1476x632, megapixels=0.933, cpuInvocations=60, cpuSubmitAvgMs=0.027, cpuSubmitMaxMs=0.055, gpuSamples=15, gpuAvgMs=0.303, gpuMaxMs=0.318, gpuAvgMsPerMP=0.324
[17Aug2026 22:59:44.897] [Render thread/INFO] [Photonics/]: Photonics pass timing v73: group=restir gi initial, passes=[initial indirect], viewport=1476x632, megapixels=0.933, cpuInvocations=60, cpuSubmitAvgMs=0.011, cpuSubmitMaxMs=0.031, gpuSamples=15, gpuAvgMs=0.617, gpuMaxMs=0.633, gpuAvgMsPerMP=0.662
[17Aug2026 22:59:44.897] [Render thread/INFO] [Photonics/]: Photonics pass timing v73: group=restir temporal, passes=[temporal reuse + tri-state GI classification], viewport=1476x632, megapixels=0.933, cpuInvocations=60, cpuSubmitAvgMs=0.016, cpuSubmitMaxMs=0.038, gpuSamples=15, gpuAvgMs=0.281, gpuMaxMs=0.306, gpuAvgMsPerMP=0.301
[17Aug2026 22:59:44.897] [Render thread/INFO] [Photonics/]: Photonics pass timing v73: group=restir spatial, passes=[spatial reuse/clamp + tri-state GI classification], viewport=1476x632, megapixels=0.933, cpuInvocations=60, cpuSubmitAvgMs=0.012, cpuSubmitMaxMs=0.033, gpuSamples=15, gpuAvgMs=0.063, gpuMaxMs=0.064, gpuAvgMsPerMP=0.068
[17Aug2026 22:59:44.897] [Render thread/INFO] [Photonics/]: Photonics pass timing v73: group=restir diffuse, passes=[diffuse], viewport=1476x632, megapixels=0.933, cpuInvocations=60, cpuSubmitAvgMs=0.008, cpuSubmitMaxMs=0.015, gpuSamples=15, gpuAvgMs=0.263, gpuMaxMs=0.287, gpuAvgMsPerMP=0.282
[17Aug2026 22:59:44.897] [Render thread/INFO] [Photonics/]: Photonics pass timing v73: group=restir accumulation, passes=[accumulation], viewport=1476x632, megapixels=0.933, cpuInvocations=60, cpuSubmitAvgMs=0.013, cpuSubmitMaxMs=0.024, gpuSamples=15, gpuAvgMs=0.286, gpuMaxMs=0.289, gpuAvgMsPerMP=0.307
[17Aug2026 22:59:44.897] [Render thread/INFO] [Photonics/]: Photonics pass timing v73: group=svgf variance, passes=[variance prefilter], viewport=1476x632, megapixels=0.933, cpuInvocations=60, cpuSubmitAvgMs=0.010, cpuSubmitMaxMs=0.020, gpuSamples=15, gpuAvgMs=0.485, gpuMaxMs=0.489, gpuAvgMsPerMP=0.520
[17Aug2026 22:59:44.897] [Render thread/INFO] [Photonics/]: Photonics pass timing v73: group=restir local, passes=[exact local direct], viewport=1476x632, megapixels=0.933, cpuInvocations=60, cpuSubmitAvgMs=0.010, cpuSubmitMaxMs=0.015, gpuSamples=15, gpuAvgMs=0.010, gpuMaxMs=0.010, gpuAvgMsPerMP=0.011
[17Aug2026 22:59:44.897] [Render thread/INFO] [Photonics/]: Photonics pass timing v73: group=restir handheld, passes=[handheld], viewport=1476x632, megapixels=0.933, cpuInvocations=60, cpuSubmitAvgMs=0.014, cpuSubmitMaxMs=0.023, gpuSamples=15, gpuAvgMs=0.010, gpuMaxMs=0.010, gpuAvgMsPerMP=0.010
[17Aug2026 22:59:55.906] [Render thread/INFO] [Photonics/]: Photonics pass timing v73: group=svgf atrous, passes=[atrous iteration], viewport=1476x632, megapixels=0.933, cpuInvocations=60, cpuSubmitAvgMs=0.003, cpuSubmitMaxMs=0.009, gpuSamples=15, gpuAvgMs=0.290, gpuMaxMs=0.318, gpuAvgMsPerMP=0.311
[17Aug2026 22:59:57.365] [Render thread/INFO] [Photonics/]: Photonics direct reservoir sample v64: samples=120, populated=28, emptyOrBackground=0, visibilityRejected=92, invalid=0, overLegacyCap=33, overTemporalCap=0, totalSamplesRange=32.0..623.5, viewport=1476x632
[17Aug2026 22:59:58.141] [Render thread/INFO] [Photonics/]: Photonics pass timing v73: group=frag data, passes=[frag data], viewport=1476x632, megapixels=0.933, cpuInvocations=60, cpuSubmitAvgMs=0.026, cpuSubmitMaxMs=0.083, gpuSamples=15, gpuAvgMs=0.045, gpuMaxMs=0.046, gpuAvgMsPerMP=0.049
[17Aug2026 22:59:58.141] [Render thread/INFO] [Photonics/]: Photonics frame throughput v78: viewport=1476x632, windowSeconds=13.245, renderedFrames=60, fps=4.530, frameAvgMs=220.752
[17Aug2026 22:59:58.142] [Render thread/INFO] [Photonics/]: Photonics pass timing v73: group=restir direct, passes=[initial direct + visibility], viewport=1476x632, megapixels=0.933, cpuInvocations=60, cpuSubmitAvgMs=0.019, cpuSubmitMaxMs=0.042, gpuSamples=15, gpuAvgMs=0.304, gpuMaxMs=0.323, gpuAvgMsPerMP=0.326
[17Aug2026 22:59:58.142] [Render thread/INFO] [Photonics/]: Photonics pass timing v73: group=restir gi initial, passes=[initial indirect], viewport=1476x632, megapixels=0.933, cpuInvocations=60, cpuSubmitAvgMs=0.009, cpuSubmitMaxMs=0.020, gpuSamples=15, gpuAvgMs=0.613, gpuMaxMs=0.623, gpuAvgMsPerMP=0.657
[17Aug2026 22:59:58.142] [Render thread/INFO] [Photonics/]: Photonics pass timing v73: group=restir temporal, passes=[temporal reuse + tri-state GI classification], viewport=1476x632, megapixels=0.933, cpuInvocations=60, cpuSubmitAvgMs=0.012, cpuSubmitMaxMs=0.020, gpuSamples=15, gpuAvgMs=0.275, gpuMaxMs=0.289, gpuAvgMsPerMP=0.294
[17Aug2026 22:59:58.142] [Render thread/INFO] [Photonics/]: Photonics pass timing v73: group=restir spatial, passes=[spatial reuse/clamp + tri-state GI classification], viewport=1476x632, megapixels=0.933, cpuInvocations=60, cpuSubmitAvgMs=0.009, cpuSubmitMaxMs=0.024, gpuSamples=15, gpuAvgMs=0.064, gpuMaxMs=0.065, gpuAvgMsPerMP=0.068
[17Aug2026 22:59:58.142] [Render thread/INFO] [Photonics/]: Photonics pass timing v73: group=restir diffuse, passes=[diffuse], viewport=1476x632, megapixels=0.933, cpuInvocations=60, cpuSubmitAvgMs=0.007, cpuSubmitMaxMs=0.015, gpuSamples=15, gpuAvgMs=0.265, gpuMaxMs=0.287, gpuAvgMsPerMP=0.285
[17Aug2026 22:59:58.142] [Render thread/INFO] [Photonics/]: Photonics pass timing v73: group=restir accumulation, passes=[accumulation], viewport=1476x632, megapixels=0.933, cpuInvocations=60, cpuSubmitAvgMs=0.011, cpuSubmitMaxMs=0.026, gpuSamples=15, gpuAvgMs=0.287, gpuMaxMs=0.290, gpuAvgMsPerMP=0.308
[17Aug2026 22:59:58.142] [Render thread/INFO] [Photonics/]: Photonics pass timing v73: group=svgf variance, passes=[variance prefilter], viewport=1476x632, megapixels=0.933, cpuInvocations=60, cpuSubmitAvgMs=0.007, cpuSubmitMaxMs=0.029, gpuSamples=15, gpuAvgMs=0.490, gpuMaxMs=0.547, gpuAvgMsPerMP=0.525
[17Aug2026 22:59:58.142] [Render thread/INFO] [Photonics/]: Photonics pass timing v73: group=restir local, passes=[exact local direct], viewport=1476x632, megapixels=0.933, cpuInvocations=60, cpuSubmitAvgMs=0.008, cpuSubmitMaxMs=0.017, gpuSamples=15, gpuAvgMs=0.010, gpuMaxMs=0.010, gpuAvgMsPerMP=0.011
[17Aug2026 22:59:58.142] [Render thread/INFO] [Photonics/]: Photonics pass timing v73: group=restir handheld, passes=[handheld], viewport=1476x632, megapixels=0.933, cpuInvocations=60, cpuSubmitAvgMs=0.011, cpuSubmitMaxMs=0.026, gpuSamples=15, gpuAvgMs=0.010, gpuMaxMs=0.010, gpuAvgMsPerMP=0.010
[17Aug2026 23:00:00.911] [Render thread/INFO] [Photonics/]: Photonics pass timing v73: group=svgf atrous, passes=[atrous iteration], viewport=1476x632, megapixels=0.933, cpuInvocations=1075, cpuSubmitAvgMs=0.003, cpuSubmitMaxMs=0.024, gpuSamples=269, gpuAvgMs=0.297, gpuMaxMs=0.380, gpuAvgMsPerMP=0.318
[17Aug2026 23:00:03.145] [Render thread/INFO] [Photonics/]: Photonics pass timing v73: group=frag data, passes=[frag data], viewport=1476x632, megapixels=0.933, cpuInvocations=300, cpuSubmitAvgMs=0.021, cpuSubmitMaxMs=0.061, gpuSamples=75, gpuAvgMs=0.045, gpuMaxMs=0.046, gpuAvgMsPerMP=0.049
[17Aug2026 23:00:03.145] [Render thread/INFO] [Photonics/]: Photonics frame throughput v78: viewport=1476x632, windowSeconds=5.004, renderedFrames=300, fps=59.950, frameAvgMs=16.681
[17Aug2026 23:00:03.146] [Render thread/INFO] [Photonics/]: Photonics pass timing v73: group=restir direct, passes=[initial direct + visibility], viewport=1476x632, megapixels=0.933, cpuInvocations=300, cpuSubmitAvgMs=0.015, cpuSubmitMaxMs=0.044, gpuSamples=75, gpuAvgMs=0.302, gpuMaxMs=0.325, gpuAvgMsPerMP=0.324
[17Aug2026 23:00:03.146] [Render thread/INFO] [Photonics/]: Photonics pass timing v73: group=restir gi initial, passes=[initial indirect], viewport=1476x632, megapixels=0.933, cpuInvocations=300, cpuSubmitAvgMs=0.008, cpuSubmitMaxMs=0.026, gpuSamples=75, gpuAvgMs=0.612, gpuMaxMs=0.620, gpuAvgMsPerMP=0.656
[17Aug2026 23:00:03.146] [Render thread/INFO] [Photonics/]: Photonics pass timing v73: group=restir temporal, passes=[temporal reuse + tri-state GI classification], viewport=1476x632, megapixels=0.933, cpuInvocations=300, cpuSubmitAvgMs=0.010, cpuSubmitMaxMs=0.025, gpuSamples=75, gpuAvgMs=0.277, gpuMaxMs=0.325, gpuAvgMsPerMP=0.297
[17Aug2026 23:00:03.146] [Render thread/INFO] [Photonics/]: Photonics pass timing v73: group=restir spatial, passes=[spatial reuse/clamp + tri-state GI classification], viewport=1476x632, megapixels=0.933, cpuInvocations=300, cpuSubmitAvgMs=0.007, cpuSubmitMaxMs=0.027, gpuSamples=75, gpuAvgMs=0.066, gpuMaxMs=0.122, gpuAvgMsPerMP=0.070
[17Aug2026 23:00:03.146] [Render thread/INFO] [Photonics/]: Photonics pass timing v73: group=restir diffuse, passes=[diffuse], viewport=1476x632, megapixels=0.933, cpuInvocations=300, cpuSubmitAvgMs=0.006, cpuSubmitMaxMs=0.017, gpuSamples=75, gpuAvgMs=0.262, gpuMaxMs=0.293, gpuAvgMsPerMP=0.281
[17Aug2026 23:00:03.146] [Render thread/INFO] [Photonics/]: Photonics pass timing v73: group=restir accumulation, passes=[accumulation], viewport=1476x632, megapixels=0.933, cpuInvocations=300, cpuSubmitAvgMs=0.009, cpuSubmitMaxMs=0.026, gpuSamples=75, gpuAvgMs=0.290, gpuMaxMs=0.330, gpuAvgMsPerMP=0.311
[17Aug2026 23:00:03.146] [Render thread/INFO] [Photonics/]: Photonics pass timing v73: group=svgf variance, passes=[variance prefilter], viewport=1476x632, megapixels=0.933, cpuInvocations=300, cpuSubmitAvgMs=0.006, cpuSubmitMaxMs=0.019, gpuSamples=75, gpuAvgMs=0.500, gpuMaxMs=0.560, gpuAvgMsPerMP=0.536
[17Aug2026 23:00:03.146] [Render thread/INFO] [Photonics/]: Photonics pass timing v73: group=restir local, passes=[exact local direct], viewport=1476x632, megapixels=0.933, cpuInvocations=300, cpuSubmitAvgMs=0.008, cpuSubmitMaxMs=0.029, gpuSamples=75, gpuAvgMs=0.010, gpuMaxMs=0.011, gpuAvgMsPerMP=0.011
[17Aug2026 23:00:03.146] [Render thread/INFO] [Photonics/]: Photonics pass timing v73: group=restir handheld, passes=[handheld], viewport=1476x632, megapixels=0.933, cpuInvocations=300, cpuSubmitAvgMs=0.009, cpuSubmitMaxMs=0.028, gpuSamples=75, gpuAvgMs=0.010, gpuMaxMs=0.010, gpuAvgMsPerMP=0.010
[17Aug2026 23:00:05.375] [Render thread/INFO] [Photonics/]: Photonics direct reservoir sample v64: samples=120, populated=32, emptyOrBackground=0, visibilityRejected=88, invalid=0, overLegacyCap=33, overTemporalCap=0, totalSamplesRange=32.0..623.5, viewport=1476x632
[17Aug2026 23:00:05.929] [Render thread/INFO] [Photonics/]: Photonics pass timing v73: group=svgf atrous, passes=[atrous iteration], viewport=1476x632, megapixels=0.933, cpuInvocations=1500, cpuSubmitAvgMs=0.002, cpuSubmitMaxMs=0.010, gpuSamples=375, gpuAvgMs=0.293, gpuMaxMs=0.384, gpuAvgMsPerMP=0.314
[17Aug2026 23:00:08.146] [Render thread/INFO] [Photonics/]: Photonics pass timing v73: group=frag data, passes=[frag data], viewport=1476x632, megapixels=0.933, cpuInvocations=299, cpuSubmitAvgMs=0.020, cpuSubmitMaxMs=0.074, gpuSamples=74, gpuAvgMs=0.045, gpuMaxMs=0.046, gpuAvgMsPerMP=0.049
[17Aug2026 23:00:08.147] [Render thread/INFO] [Photonics/]: Photonics frame throughput v78: viewport=1476x632, windowSeconds=5.001, renderedFrames=299, fps=59.782, frameAvgMs=16.727
[17Aug2026 23:00:08.147] [Render thread/INFO] [Photonics/]: Photonics pass timing v73: group=restir direct, passes=[initial direct + visibility], viewport=1476x632, megapixels=0.933, cpuInvocations=299, cpuSubmitAvgMs=0.014, cpuSubmitMaxMs=0.051, gpuSamples=74, gpuAvgMs=0.304, gpuMaxMs=0.328, gpuAvgMsPerMP=0.325
[17Aug2026 23:00:08.147] [Render thread/INFO] [Photonics/]: Photonics pass timing v73: group=restir gi initial, passes=[initial indirect], viewport=1476x632, megapixels=0.933, cpuInvocations=299, cpuSubmitAvgMs=0.007, cpuSubmitMaxMs=0.024, gpuSamples=74, gpuAvgMs=0.611, gpuMaxMs=0.629, gpuAvgMsPerMP=0.655
[17Aug2026 23:00:08.147] [Render thread/INFO] [Photonics/]: Photonics pass timing v73: group=restir temporal, passes=[temporal reuse + tri-state GI classification], viewport=1476x632, megapixels=0.933, cpuInvocations=299, cpuSubmitAvgMs=0.009, cpuSubmitMaxMs=0.021, gpuSamples=74, gpuAvgMs=0.276, gpuMaxMs=0.301, gpuAvgMsPerMP=0.296
[17Aug2026 23:00:08.147] [Render thread/INFO] [Photonics/]: Photonics pass timing v73: group=restir spatial, passes=[spatial reuse/clamp + tri-state GI classification], viewport=1476x632, megapixels=0.933, cpuInvocations=299, cpuSubmitAvgMs=0.006, cpuSubmitMaxMs=0.029, gpuSamples=74, gpuAvgMs=0.064, gpuMaxMs=0.079, gpuAvgMsPerMP=0.069
[17Aug2026 23:00:08.147] [Render thread/INFO] [Photonics/]: Photonics pass timing v73: group=restir diffuse, passes=[diffuse], viewport=1476x632, megapixels=0.933, cpuInvocations=299, cpuSubmitAvgMs=0.006, cpuSubmitMaxMs=0.015, gpuSamples=74, gpuAvgMs=0.263, gpuMaxMs=0.280, gpuAvgMsPerMP=0.282
[17Aug2026 23:00:08.147] [Render thread/INFO] [Photonics/]: Photonics pass timing v73: group=restir accumulation, passes=[accumulation], viewport=1476x632, megapixels=0.933, cpuInvocations=299, cpuSubmitAvgMs=0.009, cpuSubmitMaxMs=0.020, gpuSamples=74, gpuAvgMs=0.289, gpuMaxMs=0.328, gpuAvgMsPerMP=0.309
[17Aug2026 23:00:08.147] [Render thread/INFO] [Photonics/]: Photonics pass timing v73: group=svgf variance, passes=[variance prefilter], viewport=1476x632, megapixels=0.933, cpuInvocations=299, cpuSubmitAvgMs=0.005, cpuSubmitMaxMs=0.017, gpuSamples=74, gpuAvgMs=0.493, gpuMaxMs=0.562, gpuAvgMsPerMP=0.529
[17Aug2026 23:00:08.147] [Render thread/INFO] [Photonics/]: Photonics pass timing v73: group=restir local, passes=[exact local direct], viewport=1476x632, megapixels=0.933, cpuInvocations=299, cpuSubmitAvgMs=0.008, cpuSubmitMaxMs=0.016, gpuSamples=74, gpuAvgMs=0.010, gpuMaxMs=0.010, gpuAvgMsPerMP=0.011
[17Aug2026 23:00:08.147] [Render thread/INFO] [Photonics/]: Photonics pass timing v73: group=restir handheld, passes=[handheld], viewport=1476x632, megapixels=0.933, cpuInvocations=299, cpuSubmitAvgMs=0.008, cpuSubmitMaxMs=0.024, gpuSamples=74, gpuAvgMs=0.010, gpuMaxMs=0.010, gpuAvgMsPerMP=0.010
[17Aug2026 23:00:10.930] [Render thread/INFO] [Photonics/]: Photonics pass timing v73: group=svgf atrous, passes=[atrous iteration], viewport=1476x632, megapixels=0.933, cpuInvocations=1490, cpuSubmitAvgMs=0.002, cpuSubmitMaxMs=0.022, gpuSamples=373, gpuAvgMs=0.295, gpuMaxMs=0.384, gpuAvgMsPerMP=0.316
[17Aug2026 23:00:13.150] [Render thread/INFO] [Photonics/]: Photonics pass timing v73: group=frag data, passes=[frag data], viewport=1476x632, megapixels=0.933, cpuInvocations=298, cpuSubmitAvgMs=0.022, cpuSubmitMaxMs=0.074, gpuSamples=75, gpuAvgMs=0.046, gpuMaxMs=0.049, gpuAvgMsPerMP=0.050
[17Aug2026 23:00:13.150] [Render thread/INFO] [Photonics/]: Photonics frame throughput v78: viewport=1476x632, windowSeconds=5.004, renderedFrames=298, fps=59.557, frameAvgMs=16.791
[17Aug2026 23:00:13.150] [Render thread/INFO] [Photonics/]: Photonics pass timing v73: group=restir direct, passes=[initial direct + visibility], viewport=1476x632, megapixels=0.933, cpuInvocations=298, cpuSubmitAvgMs=0.016, cpuSubmitMaxMs=0.037, gpuSamples=75, gpuAvgMs=0.314, gpuMaxMs=0.351, gpuAvgMsPerMP=0.337
[17Aug2026 23:00:13.150] [Render thread/INFO] [Photonics/]: Photonics pass timing v73: group=restir gi initial, passes=[initial indirect], viewport=1476x632, megapixels=0.933, cpuInvocations=298, cpuSubmitAvgMs=0.008, cpuSubmitMaxMs=0.022, gpuSamples=75, gpuAvgMs=0.647, gpuMaxMs=0.725, gpuAvgMsPerMP=0.694
[17Aug2026 23:00:13.150] [Render thread/INFO] [Photonics/]: Photonics pass timing v73: group=restir temporal, passes=[temporal reuse + tri-state GI classification], viewport=1476x632, megapixels=0.933, cpuInvocations=298, cpuSubmitAvgMs=0.010, cpuSubmitMaxMs=0.023, gpuSamples=75, gpuAvgMs=0.329, gpuMaxMs=0.415, gpuAvgMsPerMP=0.353
[17Aug2026 23:00:13.150] [Render thread/INFO] [Photonics/]: Photonics pass timing v73: group=restir spatial, passes=[spatial reuse/clamp + tri-state GI classification], viewport=1476x632, megapixels=0.933, cpuInvocations=298, cpuSubmitAvgMs=0.008, cpuSubmitMaxMs=0.026, gpuSamples=75, gpuAvgMs=0.070, gpuMaxMs=0.087, gpuAvgMsPerMP=0.075
[17Aug2026 23:00:13.150] [Render thread/INFO] [Photonics/]: Photonics pass timing v73: group=restir diffuse, passes=[diffuse], viewport=1476x632, megapixels=0.933, cpuInvocations=298, cpuSubmitAvgMs=0.007, cpuSubmitMaxMs=0.016, gpuSamples=75, gpuAvgMs=0.274, gpuMaxMs=0.318, gpuAvgMsPerMP=0.294
[17Aug2026 23:00:13.150] [Render thread/INFO] [Photonics/]: Photonics pass timing v73: group=restir accumulation, passes=[accumulation], viewport=1476x632, megapixels=0.933, cpuInvocations=298, cpuSubmitAvgMs=0.010, cpuSubmitMaxMs=0.025, gpuSamples=75, gpuAvgMs=0.311, gpuMaxMs=0.382, gpuAvgMsPerMP=0.333
[17Aug2026 23:00:13.150] [Render thread/INFO] [Photonics/]: Photonics pass timing v73: group=svgf variance, passes=[variance prefilter], viewport=1476x632, megapixels=0.933, cpuInvocations=298, cpuSubmitAvgMs=0.006, cpuSubmitMaxMs=0.021, gpuSamples=75, gpuAvgMs=0.510, gpuMaxMs=0.631, gpuAvgMsPerMP=0.547
[17Aug2026 23:00:13.150] [Render thread/INFO] [Photonics/]: Photonics pass timing v73: group=restir local, passes=[exact local direct], viewport=1476x632, megapixels=0.933, cpuInvocations=298, cpuSubmitAvgMs=0.008, cpuSubmitMaxMs=0.014, gpuSamples=75, gpuAvgMs=0.010, gpuMaxMs=0.011, gpuAvgMsPerMP=0.011
[17Aug2026 23:00:13.150] [Render thread/INFO] [Photonics/]: Photonics pass timing v73: group=restir handheld, passes=[handheld], viewport=1476x632, megapixels=0.933, cpuInvocations=298, cpuSubmitAvgMs=0.010, cpuSubmitMaxMs=0.068, gpuSamples=75, gpuAvgMs=0.010, gpuMaxMs=0.010, gpuAvgMsPerMP=0.010
[17Aug2026 23:00:13.416] [Render thread/INFO] [Photonics/]: Photonics direct reservoir sample v64: samples=120, populated=29, emptyOrBackground=0, visibilityRejected=91, invalid=0, overLegacyCap=26, overTemporalCap=0, totalSamplesRange=32.0..623.5, viewport=1476x632
[17Aug2026 23:00:15.938] [Render thread/INFO] [Photonics/]: Photonics pass timing v73: group=svgf atrous, passes=[atrous iteration], viewport=1476x632, megapixels=0.933, cpuInvocations=1500, cpuSubmitAvgMs=0.003, cpuSubmitMaxMs=0.012, gpuSamples=375, gpuAvgMs=0.329, gpuMaxMs=0.397, gpuAvgMsPerMP=0.352
[17Aug2026 23:00:18.154] [Render thread/INFO] [Photonics/]: Photonics pass timing v73: group=frag data, passes=[frag data], viewport=1476x632, megapixels=0.933, cpuInvocations=300, cpuSubmitAvgMs=0.022, cpuSubmitMaxMs=0.058, gpuSamples=75, gpuAvgMs=0.048, gpuMaxMs=0.050, gpuAvgMsPerMP=0.052
[17Aug2026 23:00:18.154] [Render thread/INFO] [Photonics/]: Photonics frame throughput v78: viewport=1476x632, windowSeconds=5.004, renderedFrames=300, fps=59.954, frameAvgMs=16.680
[17Aug2026 23:00:18.154] [Render thread/INFO] [Photonics/]: Photonics pass timing v73: group=restir direct, passes=[initial direct + visibility], viewport=1476x632, megapixels=0.933, cpuInvocations=300, cpuSubmitAvgMs=0.016, cpuSubmitMaxMs=0.039, gpuSamples=75, gpuAvgMs=0.331, gpuMaxMs=0.380, gpuAvgMsPerMP=0.355
[17Aug2026 23:00:18.154] [Render thread/INFO] [Photonics/]: Photonics pass timing v73: group=restir gi initial, passes=[initial indirect], viewport=1476x632, megapixels=0.933, cpuInvocations=300, cpuSubmitAvgMs=0.008, cpuSubmitMaxMs=0.025, gpuSamples=75, gpuAvgMs=0.731, gpuMaxMs=0.781, gpuAvgMsPerMP=0.784
[17Aug2026 23:00:18.154] [Render thread/INFO] [Photonics/]: Photonics pass timing v73: group=restir temporal, passes=[temporal reuse + tri-state GI classification], viewport=1476x632, megapixels=0.933, cpuInvocations=300, cpuSubmitAvgMs=0.010, cpuSubmitMaxMs=0.019, gpuSamples=75, gpuAvgMs=0.410, gpuMaxMs=0.438, gpuAvgMsPerMP=0.439
[17Aug2026 23:00:18.154] [Render thread/INFO] [Photonics/]: Photonics pass timing v73: group=restir spatial, passes=[spatial reuse/clamp + tri-state GI classification], viewport=1476x632, megapixels=0.933, cpuInvocations=300, cpuSubmitAvgMs=0.007, cpuSubmitMaxMs=0.029, gpuSamples=75, gpuAvgMs=0.085, gpuMaxMs=0.117, gpuAvgMsPerMP=0.092
[17Aug2026 23:00:18.154] [Render thread/INFO] [Photonics/]: Photonics pass timing v73: group=restir diffuse, passes=[diffuse], viewport=1476x632, megapixels=0.933, cpuInvocations=300, cpuSubmitAvgMs=0.007, cpuSubmitMaxMs=0.016, gpuSamples=75, gpuAvgMs=0.289, gpuMaxMs=0.336, gpuAvgMsPerMP=0.310
[17Aug2026 23:00:18.154] [Render thread/INFO] [Photonics/]: Photonics pass timing v73: group=restir accumulation, passes=[accumulation], viewport=1476x632, megapixels=0.933, cpuInvocations=300, cpuSubmitAvgMs=0.010, cpuSubmitMaxMs=0.020, gpuSamples=75, gpuAvgMs=0.360, gpuMaxMs=0.394, gpuAvgMsPerMP=0.386
[17Aug2026 23:00:18.154] [Render thread/INFO] [Photonics/]: Photonics pass timing v73: group=svgf variance, passes=[variance prefilter], viewport=1476x632, megapixels=0.933, cpuInvocations=300, cpuSubmitAvgMs=0.006, cpuSubmitMaxMs=0.018, gpuSamples=75, gpuAvgMs=0.569, gpuMaxMs=0.648, gpuAvgMsPerMP=0.610
[17Aug2026 23:00:18.154] [Render thread/INFO] [Photonics/]: Photonics pass timing v73: group=restir local, passes=[exact local direct], viewport=1476x632, megapixels=0.933, cpuInvocations=300, cpuSubmitAvgMs=0.008, cpuSubmitMaxMs=0.015, gpuSamples=75, gpuAvgMs=0.011, gpuMaxMs=0.011, gpuAvgMsPerMP=0.011
[17Aug2026 23:00:18.154] [Render thread/INFO] [Photonics/]: Photonics pass timing v73: group=restir handheld, passes=[handheld], viewport=1476x632, megapixels=0.933, cpuInvocations=300, cpuSubmitAvgMs=0.010, cpuSubmitMaxMs=0.023, gpuSamples=75, gpuAvgMs=0.010, gpuMaxMs=0.010, gpuAvgMsPerMP=0.010
[17Aug2026 23:00:18.654] [Photonic Chunk Compiler #1/INFO] [Photonics/]: Photonics voxel diagnostic: state=Block{minecraft:red_stained_glass} vertexHash=4e1ef58f2a2923f0 complete=true samples=1600 alphaZero=0 alphaPartial=1600 alphaOpaque=0 alphaMean=117.2 alphaRange=102-163 rgbMean=[153.0,51.0,51.0] rgbRange=[153-153,51-51,51-51] voxels=1352 aabb=[0,0,0]-[15,15,15] parts=[( 0.000E+0  0.000E+0  0.000E+0)]
[17Aug2026 23:00:18.655] [Photonic Chunk Compiler #1/INFO] [Photonics/]: Photonics voxel occupancy: state=Block{minecraft:red_stained_glass} part=( 0.000E+0  0.000E+0  0.000E+0) slices=y0=ffff/ffff/ffff/ffff/ffff/ffff/ffff/ffff/ffff/ffff/ffff/ffff/ffff/ffff/ffff/ffff;y1=ffff/8001/8001/8001/8001/8001/8001/8001/8001/8001/8001/8001/8001/8001/8001/ffff;y2=ffff/8001/8001/8001/8001/8001/8001/8001/8001/8001/8001/8001/8001/8001/8001/ffff;y3=ffff/8001/8001/8001/8001/8001/8001/8001/8001/8001/8001/8001/8001/8001/8001/ffff;y4=ffff/8001/8001/8001/8001/8001/8001/8001/8001/8001/8001/8001/8001/8001/8001/ffff;y5=ffff/8001/8001/8001/8001/8001/8001/8001/8001/8001/8001/8001/8001/8001/8001/ffff;y6=ffff/8001/8001/8001/8001/8001/8001/8001/8001/8001/8001/8001/8001/8001/8001/ffff;y7=ffff/8001/8001/8001/8001/8001/8001/8001/8001/8001/8001/8001/8001/8001/8001/ffff;y8=ffff/8001/8001/8001/8001/8001/8001/8001/8001/8001/8001/8001/8001/8001/8001/ffff;y9=ffff/8001/8001/8001/8001/8001/8001/8001/8001/8001/8001/8001/8001/8001/8001/ffff;y10=ffff/8001/8001/8001/8001/8001/8001/8001/8001/8001/8001/8001/8001/8001/8001/ffff;y11=ffff/8001/8001/8001/8001/8001/8001/8001/8001/8001/8001/8001/8001/8001/8001/ffff;y12=ffff/8001/8001/8001/8001/8001/8001/8001/8001/8001/8001/8001/8001/8001/8001/ffff;y13=ffff/8001/8001/8001/8001/8001/8001/8001/8001/8001/8001/8001/8001/8001/8001/ffff;y14=ffff/8001/8001/8001/8001/8001/8001/8001/8001/8001/8001/8001/8001/8001/8001/ffff;y15=ffff/ffff/ffff/ffff/ffff/ffff/ffff/ffff/ffff/ffff/ffff/ffff/ffff/ffff/ffff/ffff
[17Aug2026 23:00:18.655] [Photonic Chunk Compiler #0/INFO] [Photonics/]: Photonics scene content change v137: section=(-2.000E+0  0.000E+0  5.000E+0), previousSceneHash=-9133486855265073584, sceneHash=5773843551427352023, fullHash=3828689851327305175, previousNonAir=6, currentNonAir=7, priority=188906, playerChanged=true, initialPopulationComplete=true, radianceInvalidation=regional
[17Aug2026 23:00:18.703] [Render thread/INFO] [Photonics/]: Photonics world tracing v138: layoutRevision=72, layoutReason=scene-content-change, sceneRevision=7, settled=false, compiledSections=2017, trackedSections=2017, batchBuilt=1, batchUnloaded=0, pendingBuilds=0, pendingUnloads=0, ready=true, depth=6, blockBounds=( 6.400E+1  1.280E+2  4.800E+1)..( 4.000E+2  2.240E+2  3.840E+2), treeBounds=( 0.000E+0  0.000E+0  0.000E+0)..( 1.024E+3  1.024E+3  1.024E+3), origin=(-2.560E+2 -1.920E+2 -1.280E+2), sceneChangeBounds=(-32, 0, 80)..(-16, 16, 96), boundsSource=compiled, compileMs=34.432
[17Aug2026 23:00:19.737] [Photonic Chunk Compiler #1/INFO] [Photonics/]: Photonics scene content change v137: section=(-9.000E+0  0.000E+0  4.000E+0), previousSceneHash=-3668916248608148412, sceneHash=-4759310093286532370, fullHash=1140123943592106734, previousNonAir=11, currentNonAir=12, priority=188907, playerChanged=false, initialPopulationComplete=true, radianceInvalidation=regional
[17Aug2026 23:00:19.787] [Render thread/INFO] [Photonics/]: Photonics world tracing v138: layoutRevision=73, layoutReason=scene-hash-change-without-player-marker, sceneRevision=8, settled=false, compiledSections=2017, trackedSections=2017, batchBuilt=1, batchUnloaded=0, pendingBuilds=0, pendingUnloads=0, ready=true, depth=6, blockBounds=( 6.400E+1  1.280E+2  4.800E+1)..( 4.000E+2  2.240E+2  3.840E+2), treeBounds=( 0.000E+0  0.000E+0  0.000E+0)..( 1.024E+3  1.024E+3  1.024E+3), origin=(-2.560E+2 -1.920E+2 -1.280E+2), sceneChangeBounds=(-144, 0, 64)..(-128, 16, 80), boundsSource=compiled, compileMs=34.537
[17Aug2026 23:00:20.941] [Render thread/INFO] [Photonics/]: Photonics pass timing v73: group=svgf atrous, passes=[atrous iteration], viewport=1476x632, megapixels=0.933, cpuInvocations=1500, cpuSubmitAvgMs=0.003, cpuSubmitMaxMs=0.019, gpuSamples=375, gpuAvgMs=0.201, gpuMaxMs=0.417, gpuAvgMsPerMP=0.216
[17Aug2026 23:00:21.305] [Photonic Chunk Compiler #1/INFO] [Photonics/]: Photonics scene content change v137: section=(-2.000E+0  0.000E+0  5.000E+0), previousSceneHash=5773843551427352023, sceneHash=-9133486855265073584, fullHash=7368103518344431184, previousNonAir=7, currentNonAir=6, priority=188910, playerChanged=false, initialPopulationComplete=true, radianceInvalidation=regional
[17Aug2026 23:00:21.355] [Render thread/INFO] [Photonics/]: Photonics world tracing v138: layoutRevision=74, layoutReason=scene-hash-change-without-player-marker, sceneRevision=9, settled=false, compiledSections=2017, trackedSections=2017, batchBuilt=1, batchUnloaded=0, pendingBuilds=0, pendingUnloads=0, ready=true, depth=6, blockBounds=( 6.400E+1  1.280E+2  4.800E+1)..( 4.000E+2  2.240E+2  3.840E+2), treeBounds=( 0.000E+0  0.000E+0  0.000E+0)..( 1.024E+3  1.024E+3  1.024E+3), origin=(-2.560E+2 -1.920E+2 -1.280E+2), sceneChangeBounds=(-32, 0, 80)..(-16, 16, 96), boundsSource=compiled, compileMs=35.407
[17Aug2026 23:00:21.422] [Render thread/INFO] [Photonics/]: Photonics direct reservoir sample v64: samples=120, populated=32, emptyOrBackground=0, visibilityRejected=88, invalid=0, overLegacyCap=18, overTemporalCap=0, totalSamplesRange=32.0..623.5, viewport=1476x632
[17Aug2026 23:00:23.157] [Render thread/INFO] [Photonics/]: Photonics pass timing v73: group=frag data, passes=[frag data], viewport=1476x632, megapixels=0.933, cpuInvocations=300, cpuSubmitAvgMs=0.022, cpuSubmitMaxMs=0.064, gpuSamples=75, gpuAvgMs=0.050, gpuMaxMs=0.082, gpuAvgMsPerMP=0.054
[17Aug2026 23:00:23.157] [Render thread/INFO] [Photonics/]: Photonics frame throughput v78: viewport=1476x632, windowSeconds=5.003, renderedFrames=300, fps=59.967, frameAvgMs=16.676
[17Aug2026 23:00:23.157] [Render thread/INFO] [Photonics/]: Photonics pass timing v73: group=restir direct, passes=[initial direct + visibility], viewport=1476x632, megapixels=0.933, cpuInvocations=300, cpuSubmitAvgMs=0.017, cpuSubmitMaxMs=0.043, gpuSamples=75, gpuAvgMs=0.320, gpuMaxMs=0.352, gpuAvgMsPerMP=0.343
[17Aug2026 23:00:23.157] [Render thread/INFO] [Photonics/]: Photonics pass timing v73: group=restir gi initial, passes=[initial indirect], viewport=1476x632, megapixels=0.933, cpuInvocations=300, cpuSubmitAvgMs=0.008, cpuSubmitMaxMs=0.021, gpuSamples=75, gpuAvgMs=0.771, gpuMaxMs=0.804, gpuAvgMsPerMP=0.826
[17Aug2026 23:00:23.157] [Render thread/INFO] [Photonics/]: Photonics pass timing v73: group=restir temporal, passes=[temporal reuse + tri-state GI classification], viewport=1476x632, megapixels=0.933, cpuInvocations=300, cpuSubmitAvgMs=0.011, cpuSubmitMaxMs=0.023, gpuSamples=75, gpuAvgMs=0.520, gpuMaxMs=0.754, gpuAvgMsPerMP=0.558
[17Aug2026 23:00:23.157] [Render thread/INFO] [Photonics/]: Photonics pass timing v73: group=restir spatial, passes=[spatial reuse/clamp + tri-state GI classification], viewport=1476x632, megapixels=0.933, cpuInvocations=300, cpuSubmitAvgMs=0.008, cpuSubmitMaxMs=0.024, gpuSamples=75, gpuAvgMs=0.096, gpuMaxMs=0.109, gpuAvgMsPerMP=0.103
[17Aug2026 23:00:23.157] [Render thread/INFO] [Photonics/]: Photonics pass timing v73: group=restir diffuse, passes=[diffuse], viewport=1476x632, megapixels=0.933, cpuInvocations=300, cpuSubmitAvgMs=0.007, cpuSubmitMaxMs=0.015, gpuSamples=75, gpuAvgMs=0.301, gpuMaxMs=0.344, gpuAvgMsPerMP=0.323
[17Aug2026 23:00:23.157] [Render thread/INFO] [Photonics/]: Photonics pass timing v73: group=restir accumulation, passes=[accumulation], viewport=1476x632, megapixels=0.933, cpuInvocations=300, cpuSubmitAvgMs=0.011, cpuSubmitMaxMs=0.039, gpuSamples=75, gpuAvgMs=0.378, gpuMaxMs=0.435, gpuAvgMsPerMP=0.405
[17Aug2026 23:00:23.157] [Render thread/INFO] [Photonics/]: Photonics pass timing v73: group=svgf variance, passes=[variance prefilter], viewport=1476x632, megapixels=0.933, cpuInvocations=300, cpuSubmitAvgMs=0.007, cpuSubmitMaxMs=0.020, gpuSamples=75, gpuAvgMs=0.125, gpuMaxMs=0.620, gpuAvgMsPerMP=0.134
[17Aug2026 23:00:23.157] [Render thread/INFO] [Photonics/]: Photonics pass timing v73: group=restir local, passes=[exact local direct], viewport=1476x632, megapixels=0.933, cpuInvocations=300, cpuSubmitAvgMs=0.008, cpuSubmitMaxMs=0.016, gpuSamples=75, gpuAvgMs=0.010, gpuMaxMs=0.012, gpuAvgMsPerMP=0.011
[17Aug2026 23:00:23.157] [Render thread/INFO] [Photonics/]: Photonics pass timing v73: group=restir handheld, passes=[handheld], viewport=1476x632, megapixels=0.933, cpuInvocations=300, cpuSubmitAvgMs=0.010, cpuSubmitMaxMs=0.028, gpuSamples=75, gpuAvgMs=0.010, gpuMaxMs=0.010, gpuAvgMsPerMP=0.010
[17Aug2026 23:00:23.356] [Render thread/INFO] [Photonics/]: Photonics world tracing v138: layoutRevision=74, layoutReason=scene-hash-change-without-player-marker, sceneRevision=9, settled=true, compiledSections=2017, trackedSections=2017, batchBuilt=1, batchUnloaded=0, pendingBuilds=0, pendingUnloads=0, ready=true, depth=6, blockBounds=( 6.400E+1  1.280E+2  4.800E+1)..( 4.000E+2  2.240E+2  3.840E+2), treeBounds=( 0.000E+0  0.000E+0  0.000E+0)..( 1.024E+3  1.024E+3  1.024E+3), origin=(-2.560E+2 -1.920E+2 -1.280E+2), sceneChangeBounds=(-32, 0, 80)..(-16, 16, 96), boundsSource=compiled, compileMs=35.407
[17Aug2026 23:00:23.356] [Render thread/INFO] [Photonics/]: Photonics memory v72: jvmHeap={usedBytes=3256927184, committedBytes=3812622336, maxBytes=8589934592}, jvmGc={collections=99, timeMs=753}, worldHeap=GpuBufferHeapStats[capacityBytes=536870912, reservedBytes=135810260, liveBytes=135793364, peakLiveBytes=135802740, reusableBytes=16896, allocations=137930, reusedAllocations=28194, frees=28280, failedAllocations=0], paletteHeap=GpuBufferHeapStats[capacityBytes=201326592, reservedBytes=81024, liveBytes=80736, peakLiveBytes=81024, reusableBytes=288, allocations=853, reusedAllocations=9, frees=12, failedAllocations=0], registries={lights=Stats[cachedObjects=1, pendingFreeObjects=0, allocatedObjects=1, failedAllocations=0], palettes=Stats[cachedObjects=841, pendingFreeObjects=0, allocatedObjects=853, failedAllocations=0], blocks=Stats[cachedObjects=1671, pendingFreeObjects=0, allocatedObjects=1819, failedAllocations=0], models=Stats[cachedObjects=36, pendingFreeObjects=0, allocatedObjects=40, failedAllocations=0]}
[17Aug2026 23:00:25.943] [Render thread/INFO] [Photonics/]: Photonics pass timing v73: group=svgf atrous, passes=[atrous iteration], viewport=1476x632, megapixels=0.933, cpuInvocations=1500, cpuSubmitAvgMs=0.003, cpuSubmitMaxMs=0.013, gpuSamples=375, gpuAvgMs=0.025, gpuMaxMs=0.035, gpuAvgMsPerMP=0.026
[17Aug2026 23:00:27.658] [Photonic Chunk Compiler #1/INFO] [Photonics/]: Photonics voxel diagnostic: state=Block{minecraft:red_stained_glass} vertexHash=4e1ef58f2a2923f0 complete=true samples=1600 alphaZero=0 alphaPartial=1600 alphaOpaque=0 alphaMean=117.2 alphaRange=102-163 rgbMean=[153.0,51.0,51.0] rgbRange=[153-153,51-51,51-51] voxels=1352 aabb=[0,0,0]-[15,15,15] parts=[( 0.000E+0  0.000E+0  0.000E+0)]
[17Aug2026 23:00:27.659] [Photonic Chunk Compiler #1/INFO] [Photonics/]: Photonics voxel occupancy: state=Block{minecraft:red_stained_glass} part=( 0.000E+0  0.000E+0  0.000E+0) slices=y0=ffff/ffff/ffff/ffff/ffff/ffff/ffff/ffff/ffff/ffff/ffff/ffff/ffff/ffff/ffff/ffff;y1=ffff/8001/8001/8001/8001/8001/8001/8001/8001/8001/8001/8001/8001/8001/8001/ffff;y2=ffff/8001/8001/8001/8001/8001/8001/8001/8001/8001/8001/8001/8001/8001/8001/ffff;y3=ffff/8001/8001/8001/8001/8001/8001/8001/8001/8001/8001/8001/8001/8001/8001/ffff;y4=ffff/8001/8001/8001/8001/8001/8001/8001/8001/8001/8001/8001/8001/8001/8001/ffff;y5=ffff/8001/8001/8001/8001/8001/8001/8001/8001/8001/8001/8001/8001/8001/8001/ffff;y6=ffff/8001/8001/8001/8001/8001/8001/8001/8001/8001/8001/8001/8001/8001/8001/ffff;y7=ffff/8001/8001/8001/8001/8001/8001/8001/8001/8001/8001/8001/8001/8001/8001/ffff;y8=ffff/8001/8001/8001/8001/8001/8001/8001/8001/8001/8001/8001/8001/8001/8001/ffff;y9=ffff/8001/8001/8001/8001/8001/8001/8001/8001/8001/8001/8001/8001/8001/8001/ffff;y10=ffff/8001/8001/8001/8001/8001/8001/8001/8001/8001/8001/8001/8001/8001/8001/ffff;y11=ffff/8001/8001/8001/8001/8001/8001/8001/8001/8001/8001/8001/8001/8001/8001/ffff;y12=ffff/8001/8001/8001/8001/8001/8001/8001/8001/8001/8001/8001/8001/8001/8001/ffff;y13=ffff/8001/8001/8001/8001/8001/8001/8001/8001/8001/8001/8001/8001/8001/8001/ffff;y14=ffff/8001/8001/8001/8001/8001/8001/8001/8001/8001/8001/8001/8001/8001/8001/ffff;y15=ffff/ffff/ffff/ffff/ffff/ffff/ffff/ffff/ffff/ffff/ffff/ffff/ffff/ffff/ffff/ffff
[17Aug2026 23:00:27.659] [Photonic Chunk Compiler #1/INFO] [Photonics/]: Photonics scene content change v137: section=(-2.000E+0  0.000E+0  5.000E+0), previousSceneHash=-9133486855265073584, sceneHash=2791076131775169495, fullHash=845922431675122647, previousNonAir=6, currentNonAir=7, priority=188914, playerChanged=true, initialPopulationComplete=true, radianceInvalidation=regional
[17Aug2026 23:00:27.708] [Render thread/INFO] [Photonics/]: Photonics world tracing v138: layoutRevision=75, layoutReason=scene-content-change, sceneRevision=10, settled=false, compiledSections=2017, trackedSections=2017, batchBuilt=1, batchUnloaded=0, pendingBuilds=0, pendingUnloads=0, ready=true, depth=6, blockBounds=( 6.400E+1  1.280E+2  4.800E+1)..( 4.000E+2  2.240E+2  3.840E+2), treeBounds=( 0.000E+0  0.000E+0  0.000E+0)..( 1.024E+3  1.024E+3  1.024E+3), origin=(-2.560E+2 -1.920E+2 -1.280E+2), sceneChangeBounds=(-32, 0, 80)..(-16, 16, 96), boundsSource=compiled, compileMs=34.772
[17Aug2026 23:00:28.160] [Render thread/INFO] [Photonics/]: Photonics pass timing v73: group=frag data, passes=[frag data], viewport=1476x632, megapixels=0.933, cpuInvocations=300, cpuSubmitAvgMs=0.020, cpuSubmitMaxMs=0.051, gpuSamples=75, gpuAvgMs=0.046, gpuMaxMs=0.079, gpuAvgMsPerMP=0.050
[17Aug2026 23:00:28.160] [Render thread/INFO] [Photonics/]: Photonics frame throughput v78: viewport=1476x632, windowSeconds=5.003, renderedFrames=300, fps=59.962, frameAvgMs=16.677
[17Aug2026 23:00:28.160] [Render thread/INFO] [Photonics/]: Photonics pass timing v73: group=restir direct, passes=[initial direct + visibility], viewport=1476x632, megapixels=0.933, cpuInvocations=300, cpuSubmitAvgMs=0.017, cpuSubmitMaxMs=0.044, gpuSamples=75, gpuAvgMs=0.264, gpuMaxMs=0.367, gpuAvgMsPerMP=0.283
[17Aug2026 23:00:28.160] [Render thread/INFO] [Photonics/]: Photonics pass timing v73: group=restir gi initial, passes=[initial indirect], viewport=1476x632, megapixels=0.933, cpuInvocations=300, cpuSubmitAvgMs=0.008, cpuSubmitMaxMs=0.023, gpuSamples=75, gpuAvgMs=0.631, gpuMaxMs=0.722, gpuAvgMsPerMP=0.677
[17Aug2026 23:00:28.160] [Render thread/INFO] [Photonics/]: Photonics pass timing v73: group=restir temporal, passes=[temporal reuse + tri-state GI classification], viewport=1476x632, megapixels=0.933, cpuInvocations=300, cpuSubmitAvgMs=0.011, cpuSubmitMaxMs=0.022, gpuSamples=75, gpuAvgMs=0.436, gpuMaxMs=0.517, gpuAvgMsPerMP=0.468
[17Aug2026 23:00:28.160] [Render thread/INFO] [Photonics/]: Photonics pass timing v73: group=restir spatial, passes=[spatial reuse/clamp + tri-state GI classification], viewport=1476x632, megapixels=0.933, cpuInvocations=300, cpuSubmitAvgMs=0.008, cpuSubmitMaxMs=0.050, gpuSamples=75, gpuAvgMs=0.070, gpuMaxMs=0.083, gpuAvgMsPerMP=0.075
[17Aug2026 23:00:28.160] [Render thread/INFO] [Photonics/]: Photonics pass timing v73: group=restir diffuse, passes=[diffuse], viewport=1476x632, megapixels=0.933, cpuInvocations=300, cpuSubmitAvgMs=0.007, cpuSubmitMaxMs=0.016, gpuSamples=75, gpuAvgMs=0.233, gpuMaxMs=0.310, gpuAvgMsPerMP=0.250
[17Aug2026 23:00:28.160] [Render thread/INFO] [Photonics/]: Photonics pass timing v73: group=restir accumulation, passes=[accumulation], viewport=1476x632, megapixels=0.933, cpuInvocations=300, cpuSubmitAvgMs=0.011, cpuSubmitMaxMs=0.070, gpuSamples=75, gpuAvgMs=0.291, gpuMaxMs=0.334, gpuAvgMsPerMP=0.312
[17Aug2026 23:00:28.160] [Render thread/INFO] [Photonics/]: Photonics pass timing v73: group=svgf variance, passes=[variance prefilter], viewport=1476x632, megapixels=0.933, cpuInvocations=300, cpuSubmitAvgMs=0.007, cpuSubmitMaxMs=0.026, gpuSamples=75, gpuAvgMs=0.058, gpuMaxMs=0.066, gpuAvgMsPerMP=0.062
[17Aug2026 23:00:28.160] [Render thread/INFO] [Photonics/]: Photonics pass timing v73: group=restir local, passes=[exact local direct], viewport=1476x632, megapixels=0.933, cpuInvocations=300, cpuSubmitAvgMs=0.008, cpuSubmitMaxMs=0.017, gpuSamples=75, gpuAvgMs=0.010, gpuMaxMs=0.012, gpuAvgMsPerMP=0.011
[17Aug2026 23:00:28.160] [Render thread/INFO] [Photonics/]: Photonics pass timing v73: group=restir handheld, passes=[handheld], viewport=1476x632, megapixels=0.933, cpuInvocations=300, cpuSubmitAvgMs=0.009, cpuSubmitMaxMs=0.067, gpuSamples=75, gpuAvgMs=0.010, gpuMaxMs=0.010, gpuAvgMsPerMP=0.010
[17Aug2026 23:00:29.159] [Photonic Chunk Compiler #0/INFO] [Photonics/]: Photonics scene content change v137: section=(-2.000E+0  0.000E+0  5.000E+0), previousSceneHash=2791076131775169495, sceneHash=-9133486855265073584, fullHash=7368103518344431184, previousNonAir=7, currentNonAir=6, priority=188915, playerChanged=false, initialPopulationComplete=true, radianceInvalidation=regional
[17Aug2026 23:00:29.209] [Render thread/INFO] [Photonics/]: Photonics world tracing v138: layoutRevision=76, layoutReason=scene-hash-change-without-player-marker, sceneRevision=11, settled=false, compiledSections=2017, trackedSections=2017, batchBuilt=1, batchUnloaded=0, pendingBuilds=0, pendingUnloads=0, ready=true, depth=6, blockBounds=( 6.400E+1  1.280E+2  4.800E+1)..( 4.000E+2  2.240E+2  3.840E+2), treeBounds=( 0.000E+0  0.000E+0  0.000E+0)..( 1.024E+3  1.024E+3  1.024E+3), origin=(-2.560E+2 -1.920E+2 -1.280E+2), sceneChangeBounds=(-32, 0, 80)..(-16, 16, 96), boundsSource=compiled, compileMs=37.916
[17Aug2026 23:00:29.425] [Render thread/INFO] [Photonics/]: Photonics direct reservoir sample v64: samples=120, populated=35, emptyOrBackground=0, visibilityRejected=85, invalid=0, overLegacyCap=32, overTemporalCap=0, totalSamplesRange=32.0..623.5, viewport=1476x632
[17Aug2026 23:00:30.943] [Render thread/INFO] [Photonics/]: Photonics pass timing v73: group=svgf atrous, passes=[atrous iteration], viewport=1476x632, megapixels=0.933, cpuInvocations=1500, cpuSubmitAvgMs=0.003, cpuSubmitMaxMs=0.017, gpuSamples=375, gpuAvgMs=0.021, gpuMaxMs=0.028, gpuAvgMsPerMP=0.023
[17Aug2026 23:00:31.210] [Render thread/INFO] [Photonics/]: Photonics world tracing v138: layoutRevision=76, layoutReason=scene-hash-change-without-player-marker, sceneRevision=11, settled=true, compiledSections=2017, trackedSections=2017, batchBuilt=1, batchUnloaded=0, pendingBuilds=0, pendingUnloads=0, ready=true, depth=6, blockBounds=( 6.400E+1  1.280E+2  4.800E+1)..( 4.000E+2  2.240E+2  3.840E+2), treeBounds=( 0.000E+0  0.000E+0  0.000E+0)..( 1.024E+3  1.024E+3  1.024E+3), origin=(-2.560E+2 -1.920E+2 -1.280E+2), sceneChangeBounds=(-32, 0, 80)..(-16, 16, 96), boundsSource=compiled, compileMs=37.916
[17Aug2026 23:00:31.211] [Render thread/INFO] [Photonics/]: Photonics memory v72: jvmHeap={usedBytes=1597705232, committedBytes=3812622336, maxBytes=8589934592}, jvmGc={collections=100, timeMs=763}, worldHeap=GpuBufferHeapStats[capacityBytes=536870912, reservedBytes=135810260, liveBytes=135793364, peakLiveBytes=135802740, reusableBytes=16896, allocations=137967, reusedAllocations=28231, frees=28317, failedAllocations=0], paletteHeap=GpuBufferHeapStats[capacityBytes=201326592, reservedBytes=81024, liveBytes=80736, peakLiveBytes=81024, reusableBytes=288, allocations=856, reusedAllocations=12, frees=15, failedAllocations=0], registries={lights=Stats[cachedObjects=1, pendingFreeObjects=0, allocatedObjects=1, failedAllocations=0], palettes=Stats[cachedObjects=841, pendingFreeObjects=0, allocatedObjects=856, failedAllocations=0], blocks=Stats[cachedObjects=1671, pendingFreeObjects=0, allocatedObjects=1856, failedAllocations=0], models=Stats[cachedObjects=36, pendingFreeObjects=0, allocatedObjects=41, failedAllocations=0]}
[17Aug2026 23:00:33.161] [Render thread/INFO] [Photonics/]: Photonics pass timing v73: group=frag data, passes=[frag data], viewport=1476x632, megapixels=0.933, cpuInvocations=300, cpuSubmitAvgMs=0.022, cpuSubmitMaxMs=0.065, gpuSamples=75, gpuAvgMs=0.050, gpuMaxMs=0.083, gpuAvgMsPerMP=0.054
[17Aug2026 23:00:33.162] [Render thread/INFO] [Photonics/]: Photonics frame throughput v78: viewport=1476x632, windowSeconds=5.002, renderedFrames=300, fps=59.980, frameAvgMs=16.672
[17Aug2026 23:00:33.162] [Render thread/INFO] [Photonics/]: Photonics pass timing v73: group=restir direct, passes=[initial direct + visibility], viewport=1476x632, megapixels=0.933, cpuInvocations=300, cpuSubmitAvgMs=0.017, cpuSubmitMaxMs=0.034, gpuSamples=75, gpuAvgMs=0.300, gpuMaxMs=0.372, gpuAvgMsPerMP=0.322
[17Aug2026 23:00:33.162] [Render thread/INFO] [Photonics/]: Photonics pass timing v73: group=restir gi initial, passes=[initial indirect], viewport=1476x632, megapixels=0.933, cpuInvocations=300, cpuSubmitAvgMs=0.008, cpuSubmitMaxMs=0.019, gpuSamples=75, gpuAvgMs=0.753, gpuMaxMs=0.893, gpuAvgMsPerMP=0.808
[17Aug2026 23:00:33.162] [Render thread/INFO] [Photonics/]: Photonics pass timing v73: group=restir temporal, passes=[temporal reuse + tri-state GI classification], viewport=1476x632, megapixels=0.933, cpuInvocations=300, cpuSubmitAvgMs=0.010, cpuSubmitMaxMs=0.023, gpuSamples=75, gpuAvgMs=0.435, gpuMaxMs=0.556, gpuAvgMsPerMP=0.466
[17Aug2026 23:00:33.162] [Render thread/INFO] [Photonics/]: Photonics pass timing v73: group=restir spatial, passes=[spatial reuse/clamp + tri-state GI classification], viewport=1476x632, megapixels=0.933, cpuInvocations=300, cpuSubmitAvgMs=0.008, cpuSubmitMaxMs=0.064, gpuSamples=75, gpuAvgMs=0.087, gpuMaxMs=0.133, gpuAvgMsPerMP=0.093
[17Aug2026 23:00:33.162] [Render thread/INFO] [Photonics/]: Photonics pass timing v73: group=restir diffuse, passes=[diffuse], viewport=1476x632, megapixels=0.933, cpuInvocations=300, cpuSubmitAvgMs=0.007, cpuSubmitMaxMs=0.031, gpuSamples=75, gpuAvgMs=0.265, gpuMaxMs=0.333, gpuAvgMsPerMP=0.284
[17Aug2026 23:00:33.162] [Render thread/INFO] [Photonics/]: Photonics pass timing v73: group=restir accumulation, passes=[accumulation], viewport=1476x632, megapixels=0.933, cpuInvocations=300, cpuSubmitAvgMs=0.010, cpuSubmitMaxMs=0.025, gpuSamples=75, gpuAvgMs=0.340, gpuMaxMs=0.370, gpuAvgMsPerMP=0.365
[17Aug2026 23:00:33.162] [Render thread/INFO] [Photonics/]: Photonics pass timing v73: group=svgf variance, passes=[variance prefilter], viewport=1476x632, megapixels=0.933, cpuInvocations=300, cpuSubmitAvgMs=0.007, cpuSubmitMaxMs=0.032, gpuSamples=75, gpuAvgMs=0.066, gpuMaxMs=0.081, gpuAvgMsPerMP=0.071
[17Aug2026 23:00:33.162] [Render thread/INFO] [Photonics/]: Photonics pass timing v73: group=restir local, passes=[exact local direct], viewport=1476x632, megapixels=0.933, cpuInvocations=300, cpuSubmitAvgMs=0.008, cpuSubmitMaxMs=0.023, gpuSamples=75, gpuAvgMs=0.010, gpuMaxMs=0.012, gpuAvgMsPerMP=0.011
[17Aug2026 23:00:33.162] [Render thread/INFO] [Photonics/]: Photonics pass timing v73: group=restir handheld, passes=[handheld], viewport=1476x632, megapixels=0.933, cpuInvocations=300, cpuSubmitAvgMs=0.009, cpuSubmitMaxMs=0.023, gpuSamples=75, gpuAvgMs=0.010, gpuMaxMs=0.010, gpuAvgMsPerMP=0.010
[17Aug2026 23:00:33.911] [Photonic Chunk Compiler #1/INFO] [Photonics/]: Photonics scene content change v137: section=(-2.000E+0  0.000E+0  5.000E+0), previousSceneHash=-9133486855265073584, sceneHash=-3741286985973284200, fullHash=-5686440686073331048, previousNonAir=6, currentNonAir=5, priority=188918, playerChanged=true, initialPopulationComplete=true, radianceInvalidation=regional
[17Aug2026 23:00:33.962] [Render thread/INFO] [Photonics/]: Photonics world tracing v138: layoutRevision=77, layoutReason=scene-content-change, sceneRevision=12, settled=false, compiledSections=2017, trackedSections=2017, batchBuilt=1, batchUnloaded=0, pendingBuilds=1, pendingUnloads=0, ready=true, depth=6, blockBounds=( 6.400E+1  1.280E+2  4.800E+1)..( 4.000E+2  2.240E+2  3.840E+2), treeBounds=( 0.000E+0  0.000E+0  0.000E+0)..( 1.024E+3  1.024E+3  1.024E+3), origin=(-2.560E+2 -1.920E+2 -1.280E+2), sceneChangeBounds=(-32, 0, 80)..(-16, 16, 96), boundsSource=compiled, compileMs=35.922
[17Aug2026 23:00:35.261] [Photonic Chunk Compiler #1/INFO] [Photonics/]: Photonics scene content change v137: section=(-2.000E+0  0.000E+0  5.000E+0), previousSceneHash=-3741286985973284200, sceneHash=3618454338841554656, fullHash=-5229529846876524832, previousNonAir=5, currentNonAir=4, priority=188920, playerChanged=false, initialPopulationComplete=true, radianceInvalidation=regional
[17Aug2026 23:00:35.312] [Render thread/INFO] [Photonics/]: Photonics world tracing v138: layoutRevision=79, layoutReason=scene-hash-change-without-player-marker, sceneRevision=13, settled=false, compiledSections=2017, trackedSections=2017, batchBuilt=1, batchUnloaded=0, pendingBuilds=2, pendingUnloads=0, ready=true, depth=6, blockBounds=( 6.400E+1  1.280E+2  4.800E+1)..( 4.000E+2  2.240E+2  3.840E+2), treeBounds=( 0.000E+0  0.000E+0  0.000E+0)..( 1.024E+3  1.024E+3  1.024E+3), origin=(-2.560E+2 -1.920E+2 -1.280E+2), sceneChangeBounds=(-32, 0, 80)..(-16, 16, 96), boundsSource=compiled, compileMs=35.234
[17Aug2026 23:00:35.761] [Photonic Chunk Compiler #1/INFO] [Photonics/]: Photonics scene content change v137: section=(-2.000E+0  0.000E+0  5.000E+0), previousSceneHash=3618454338841554656, sceneHash=-7146700410817733848, fullHash=5698286464904862504, previousNonAir=4, currentNonAir=3, priority=188925, playerChanged=false, initialPopulationComplete=true, radianceInvalidation=regional
[17Aug2026 23:00:35.946] [Render thread/INFO] [Photonics/]: Photonics pass timing v73: group=svgf atrous, passes=[atrous iteration], viewport=1476x632, megapixels=0.933, cpuInvocations=1500, cpuSubmitAvgMs=0.003, cpuSubmitMaxMs=0.020, gpuSamples=375, gpuAvgMs=0.025, gpuMaxMs=0.036, gpuAvgMsPerMP=0.027
[17Aug2026 23:00:36.262] [Photonic Chunk Compiler #0/INFO] [Photonics/]: Photonics scene content change v137: section=(-2.000E+0  0.000E+0  5.000E+0), previousSceneHash=-7146700410817733848, sceneHash=-6514269618600241296, fullHash=-4593654870548506768, previousNonAir=3, currentNonAir=2, priority=188931, playerChanged=true, initialPopulationComplete=true, radianceInvalidation=regional
[17Aug2026 23:00:36.312] [Render thread/INFO] [Photonics/]: Photonics world tracing v138: layoutRevision=83, layoutReason=scene-content-change, sceneRevision=15, settled=false, compiledSections=2017, trackedSections=2017, batchBuilt=1, batchUnloaded=0, pendingBuilds=2, pendingUnloads=0, ready=true, depth=6, blockBounds=( 6.400E+1  1.280E+2  4.800E+1)..( 4.000E+2  2.240E+2  3.840E+2), treeBounds=( 0.000E+0  0.000E+0  0.000E+0)..( 1.024E+3  1.024E+3  1.024E+3), origin=(-2.560E+2 -1.920E+2 -1.280E+2), sceneChangeBounds=(-32, 0, 80)..(-16, 16, 96), boundsSource=compiled, compileMs=34.707
[17Aug2026 23:00:36.462] [Photonic Chunk Compiler #1/INFO] [Photonics/]: Photonics scene content change v137: section=(-2.000E+0  0.000E+0  5.000E+0), previousSceneHash=-6514269618600241296, sceneHash=-9080481483751943240, fullHash=-879582692961414216, previousNonAir=2, currentNonAir=1, priority=188934, playerChanged=false, initialPopulationComplete=true, radianceInvalidation=regional
[17Aug2026 23:00:37.430] [Render thread/INFO] [Photonics/]: Photonics direct reservoir sample v64: samples=120, populated=39, emptyOrBackground=0, visibilityRejected=81, invalid=0, overLegacyCap=7, overTemporalCap=0, totalSamplesRange=32.0..623.5, viewport=1476x632
[17Aug2026 23:00:38.164] [Render thread/INFO] [Photonics/]: Photonics pass timing v73: group=frag data, passes=[frag data], viewport=1476x632, megapixels=0.933, cpuInvocations=300, cpuSubmitAvgMs=0.025, cpuSubmitMaxMs=0.067, gpuSamples=75, gpuAvgMs=0.050, gpuMaxMs=0.083, gpuAvgMsPerMP=0.054
[17Aug2026 23:00:38.164] [Render thread/INFO] [Photonics/]: Photonics frame throughput v78: viewport=1476x632, windowSeconds=5.002, renderedFrames=300, fps=59.972, frameAvgMs=16.674
[17Aug2026 23:00:38.164] [Render thread/INFO] [Photonics/]: Photonics pass timing v73: group=restir direct, passes=[initial direct + visibility], viewport=1476x632, megapixels=0.933, cpuInvocations=300, cpuSubmitAvgMs=0.019, cpuSubmitMaxMs=0.042, gpuSamples=75, gpuAvgMs=0.314, gpuMaxMs=0.359, gpuAvgMsPerMP=0.336
[17Aug2026 23:00:38.164] [Render thread/INFO] [Photonics/]: Photonics pass timing v73: group=restir gi initial, passes=[initial indirect], viewport=1476x632, megapixels=0.933, cpuInvocations=300, cpuSubmitAvgMs=0.009, cpuSubmitMaxMs=0.130, gpuSamples=75, gpuAvgMs=0.716, gpuMaxMs=0.873, gpuAvgMsPerMP=0.767
[17Aug2026 23:00:38.164] [Render thread/INFO] [Photonics/]: Photonics pass timing v73: group=restir temporal, passes=[temporal reuse + tri-state GI classification], viewport=1476x632, megapixels=0.933, cpuInvocations=300, cpuSubmitAvgMs=0.011, cpuSubmitMaxMs=0.025, gpuSamples=75, gpuAvgMs=0.423, gpuMaxMs=0.510, gpuAvgMsPerMP=0.454
[17Aug2026 23:00:38.164] [Render thread/INFO] [Photonics/]: Photonics pass timing v73: group=restir spatial, passes=[spatial reuse/clamp + tri-state GI classification], viewport=1476x632, megapixels=0.933, cpuInvocations=300, cpuSubmitAvgMs=0.008, cpuSubmitMaxMs=0.027, gpuSamples=75, gpuAvgMs=0.082, gpuMaxMs=0.098, gpuAvgMsPerMP=0.088
[17Aug2026 23:00:38.164] [Render thread/INFO] [Photonics/]: Photonics pass timing v73: group=restir diffuse, passes=[diffuse], viewport=1476x632, megapixels=0.933, cpuInvocations=300, cpuSubmitAvgMs=0.007, cpuSubmitMaxMs=0.061, gpuSamples=75, gpuAvgMs=0.277, gpuMaxMs=0.321, gpuAvgMsPerMP=0.297
[17Aug2026 23:00:38.164] [Render thread/INFO] [Photonics/]: Photonics pass timing v73: group=restir accumulation, passes=[accumulation], viewport=1476x632, megapixels=0.933, cpuInvocations=300, cpuSubmitAvgMs=0.011, cpuSubmitMaxMs=0.032, gpuSamples=75, gpuAvgMs=0.330, gpuMaxMs=0.368, gpuAvgMsPerMP=0.354
[17Aug2026 23:00:38.164] [Render thread/INFO] [Photonics/]: Photonics pass timing v73: group=svgf variance, passes=[variance prefilter], viewport=1476x632, megapixels=0.933, cpuInvocations=300, cpuSubmitAvgMs=0.008, cpuSubmitMaxMs=0.079, gpuSamples=75, gpuAvgMs=0.063, gpuMaxMs=0.085, gpuAvgMsPerMP=0.068
[17Aug2026 23:00:38.164] [Render thread/INFO] [Photonics/]: Photonics pass timing v73: group=restir local, passes=[exact local direct], viewport=1476x632, megapixels=0.933, cpuInvocations=300, cpuSubmitAvgMs=0.009, cpuSubmitMaxMs=0.053, gpuSamples=75, gpuAvgMs=0.010, gpuMaxMs=0.012, gpuAvgMsPerMP=0.011
[17Aug2026 23:00:38.164] [Render thread/INFO] [Photonics/]: Photonics pass timing v73: group=restir handheld, passes=[handheld], viewport=1476x632, megapixels=0.933, cpuInvocations=300, cpuSubmitAvgMs=0.009, cpuSubmitMaxMs=0.040, gpuSamples=75, gpuAvgMs=0.012, gpuMaxMs=0.106, gpuAvgMsPerMP=0.013
[17Aug2026 23:00:39.013] [Render thread/INFO] [Photonics/]: Photonics world tracing v138: layoutRevision=89, layoutReason=streaming-or-rebuild, sceneRevision=16, settled=false, compiledSections=2017, trackedSections=2017, batchBuilt=1, batchUnloaded=0, pendingBuilds=2, pendingUnloads=0, ready=true, depth=6, blockBounds=( 6.400E+1  1.280E+2  4.800E+1)..( 4.000E+2  2.240E+2  3.840E+2), treeBounds=( 0.000E+0  0.000E+0  0.000E+0)..( 1.024E+3  1.024E+3  1.024E+3), origin=(-2.560E+2 -1.920E+2 -1.280E+2), sceneChangeBounds=(-32, 0, 80)..(-16, 16, 96), boundsSource=compiled, compileMs=38.756
[17Aug2026 23:00:39.363] [Photonic Chunk Compiler #1/INFO] [Photonics/]: Photonics scene content change v137: section=(-2.000E+0  0.000E+0  5.000E+0), previousSceneHash=-7681589324050263112, sceneHash=3405413424844449648, fullHash=6911660348310497136, previousNonAir=1, currentNonAir=2, priority=188944, playerChanged=false, initialPopulationComplete=true, radianceInvalidation=regional
[17Aug2026 23:00:39.663] [Photonic Chunk Compiler #1/INFO] [Photonics/]: Photonics scene content change v137: section=(-2.000E+0  0.000E+0  5.000E+0), previousSceneHash=3405413424844449648, sceneHash=-8593628051157140696, fullHash=-8333608115422217432, previousNonAir=2, currentNonAir=3, priority=188949, playerChanged=false, initialPopulationComplete=true, radianceInvalidation=regional
[17Aug2026 23:00:40.364] [Photonic Chunk Compiler #0/INFO] [Photonics/]: Photonics scene content change v137: section=(-2.000E+0  0.000E+0  5.000E+0), previousSceneHash=-8593628051157140696, sceneHash=4797850164738543328, fullHash=6010651630939819744, previousNonAir=3, currentNonAir=4, priority=188954, playerChanged=false, initialPopulationComplete=true, radianceInvalidation=regional
[17Aug2026 23:00:40.414] [Render thread/INFO] [Photonics/]: Photonics world tracing v138: layoutRevision=95, layoutReason=scene-hash-change-without-player-marker, sceneRevision=19, settled=false, compiledSections=2017, trackedSections=2017, batchBuilt=1, batchUnloaded=0, pendingBuilds=2, pendingUnloads=0, ready=true, depth=6, blockBounds=( 6.400E+1  1.280E+2  4.800E+1)..( 4.000E+2  2.240E+2  3.840E+2), treeBounds=( 0.000E+0  0.000E+0  0.000E+0)..( 1.024E+3  1.024E+3  1.024E+3), origin=(-2.560E+2 -1.920E+2 -1.280E+2), sceneChangeBounds=(-32, 0, 80)..(-16, 16, 96), boundsSource=compiled, compileMs=36.426
[17Aug2026 23:00:40.949] [Render thread/INFO] [Photonics/]: Photonics pass timing v73: group=svgf atrous, passes=[atrous iteration], viewport=1476x632, megapixels=0.933, cpuInvocations=1500, cpuSubmitAvgMs=0.003, cpuSubmitMaxMs=0.155, gpuSamples=375, gpuAvgMs=0.023, gpuMaxMs=0.030, gpuAvgMsPerMP=0.025
[17Aug2026 23:00:42.464] [Render thread/INFO] [Photonics/]: Photonics world tracing v138: layoutRevision=96, layoutReason=player-marked-build+streaming, sceneRevision=19, settled=true, compiledSections=2017, trackedSections=2017, batchBuilt=2, batchUnloaded=0, pendingBuilds=0, pendingUnloads=0, ready=true, depth=6, blockBounds=( 6.400E+1  1.280E+2  4.800E+1)..( 4.000E+2  2.240E+2  3.840E+2), treeBounds=( 0.000E+0  0.000E+0  0.000E+0)..( 1.024E+3  1.024E+3  1.024E+3), origin=(-2.560E+2 -1.920E+2 -1.280E+2), sceneChangeBounds=(-32, 0, 80)..(-16, 16, 96), boundsSource=compiled, compileMs=39.022
[17Aug2026 23:00:42.464] [Render thread/INFO] [Photonics/]: Photonics memory v72: jvmHeap={usedBytes=2335924888, committedBytes=3812622336, maxBytes=8589934592}, jvmGc={collections=100, timeMs=763}, worldHeap=GpuBufferHeapStats[capacityBytes=536870912, reservedBytes=135810260, liveBytes=135793364, peakLiveBytes=135802740, reusableBytes=16896, allocations=137970, reusedAllocations=28234, frees=28320, failedAllocations=0], paletteHeap=GpuBufferHeapStats[capacityBytes=201326592, reservedBytes=81024, liveBytes=80736, peakLiveBytes=81024, reusableBytes=288, allocations=856, reusedAllocations=12, frees=15, failedAllocations=0], registries={lights=Stats[cachedObjects=1, pendingFreeObjects=0, allocatedObjects=1, failedAllocations=0], palettes=Stats[cachedObjects=841, pendingFreeObjects=0, allocatedObjects=856, failedAllocations=0], blocks=Stats[cachedObjects=1671, pendingFreeObjects=0, allocatedObjects=1856, failedAllocations=0], models=Stats[cachedObjects=36, pendingFreeObjects=0, allocatedObjects=41, failedAllocations=0]}
[17Aug2026 23:00:42.548] [Photonic Chunk Compiler #0/INFO] [Photonics/]: Photonics scene content change v137: section=(-2.000E+0  0.000E+0  5.000E+0), previousSceneHash=4797850164738543328, sceneHash=5740149937596846744, fullHash=3169599791758889624, previousNonAir=4, currentNonAir=5, priority=188959, playerChanged=false, initialPopulationComplete=true, radianceInvalidation=regional
[17Aug2026 23:00:42.598] [Render thread/INFO] [Photonics/]: Photonics world tracing v138: layoutRevision=97, layoutReason=scene-hash-change-without-player-marker, sceneRevision=20, settled=false, compiledSections=2017, trackedSections=2017, batchBuilt=1, batchUnloaded=0, pendingBuilds=1, pendingUnloads=0, ready=true, depth=6, blockBounds=( 6.400E+1  1.280E+2  4.800E+1)..( 4.000E+2  2.240E+2  3.840E+2), treeBounds=( 0.000E+0  0.000E+0  0.000E+0)..( 1.024E+3  1.024E+3  1.024E+3), origin=(-2.560E+2 -1.920E+2 -1.280E+2), sceneChangeBounds=(-32, 0, 80)..(-16, 16, 96), boundsSource=compiled, compileMs=35.145
[17Aug2026 23:00:43.165] [Render thread/INFO] [Photonics/]: Photonics pass timing v73: group=frag data, passes=[frag data], viewport=1476x632, megapixels=0.933, cpuInvocations=299, cpuSubmitAvgMs=0.026, cpuSubmitMaxMs=0.102, gpuSamples=75, gpuAvgMs=0.049, gpuMaxMs=0.077, gpuAvgMsPerMP=0.053
[17Aug2026 23:00:43.165] [Render thread/INFO] [Photonics/]: Photonics frame throughput v78: viewport=1476x632, windowSeconds=5.001, renderedFrames=299, fps=59.782, frameAvgMs=16.727
[17Aug2026 23:00:43.166] [Render thread/INFO] [Photonics/]: Photonics pass timing v73: group=restir direct, passes=[initial direct + visibility], viewport=1476x632, megapixels=0.933, cpuInvocations=299, cpuSubmitAvgMs=0.017, cpuSubmitMaxMs=0.045, gpuSamples=75, gpuAvgMs=0.333, gpuMaxMs=0.404, gpuAvgMsPerMP=0.357
[17Aug2026 23:00:43.166] [Render thread/INFO] [Photonics/]: Photonics pass timing v73: group=restir gi initial, passes=[initial indirect], viewport=1476x632, megapixels=0.933, cpuInvocations=299, cpuSubmitAvgMs=0.009, cpuSubmitMaxMs=0.158, gpuSamples=75, gpuAvgMs=0.728, gpuMaxMs=0.809, gpuAvgMsPerMP=0.780
[17Aug2026 23:00:43.166] [Render thread/INFO] [Photonics/]: Photonics pass timing v73: group=restir temporal, passes=[temporal reuse + tri-state GI classification], viewport=1476x632, megapixels=0.933, cpuInvocations=299, cpuSubmitAvgMs=0.011, cpuSubmitMaxMs=0.026, gpuSamples=75, gpuAvgMs=0.351, gpuMaxMs=0.465, gpuAvgMsPerMP=0.377
[17Aug2026 23:00:43.166] [Render thread/INFO] [Photonics/]: Photonics pass timing v73: group=restir spatial, passes=[spatial reuse/clamp + tri-state GI classification], viewport=1476x632, megapixels=0.933, cpuInvocations=299, cpuSubmitAvgMs=0.008, cpuSubmitMaxMs=0.085, gpuSamples=75, gpuAvgMs=0.084, gpuMaxMs=0.121, gpuAvgMsPerMP=0.090
[17Aug2026 23:00:43.166] [Render thread/INFO] [Photonics/]: Photonics pass timing v73: group=restir diffuse, passes=[diffuse], viewport=1476x632, megapixels=0.933, cpuInvocations=299, cpuSubmitAvgMs=0.007, cpuSubmitMaxMs=0.024, gpuSamples=75, gpuAvgMs=0.285, gpuMaxMs=0.367, gpuAvgMsPerMP=0.306
[17Aug2026 23:00:43.166] [Render thread/INFO] [Photonics/]: Photonics pass timing v73: group=restir accumulation, passes=[accumulation], viewport=1476x632, megapixels=0.933, cpuInvocations=299, cpuSubmitAvgMs=0.010, cpuSubmitMaxMs=0.026, gpuSamples=75, gpuAvgMs=0.333, gpuMaxMs=0.370, gpuAvgMsPerMP=0.357
[17Aug2026 23:00:43.166] [Render thread/INFO] [Photonics/]: Photonics pass timing v73: group=svgf variance, passes=[variance prefilter], viewport=1476x632, megapixels=0.933, cpuInvocations=299, cpuSubmitAvgMs=0.007, cpuSubmitMaxMs=0.022, gpuSamples=75, gpuAvgMs=0.062, gpuMaxMs=0.069, gpuAvgMsPerMP=0.067
[17Aug2026 23:00:43.166] [Render thread/INFO] [Photonics/]: Photonics pass timing v73: group=restir local, passes=[exact local direct], viewport=1476x632, megapixels=0.933, cpuInvocations=299, cpuSubmitAvgMs=0.008, cpuSubmitMaxMs=0.019, gpuSamples=75, gpuAvgMs=0.010, gpuMaxMs=0.010, gpuAvgMsPerMP=0.011
[17Aug2026 23:00:43.166] [Render thread/INFO] [Photonics/]: Photonics pass timing v73: group=restir handheld, passes=[handheld], viewport=1476x632, megapixels=0.933, cpuInvocations=299, cpuSubmitAvgMs=0.009, cpuSubmitMaxMs=0.024, gpuSamples=75, gpuAvgMs=0.010, gpuMaxMs=0.010, gpuAvgMsPerMP=0.010
[17Aug2026 23:00:44.649] [Render thread/INFO] [Photonics/]: Photonics world tracing v138: layoutRevision=98, layoutReason=streaming-or-rebuild, sceneRevision=20, settled=true, compiledSections=2017, trackedSections=2017, batchBuilt=1, batchUnloaded=0, pendingBuilds=0, pendingUnloads=0, ready=true, depth=6, blockBounds=( 6.400E+1  1.280E+2  4.800E+1)..( 4.000E+2  2.240E+2  3.840E+2), treeBounds=( 0.000E+0  0.000E+0  0.000E+0)..( 1.024E+3  1.024E+3  1.024E+3), origin=(-2.560E+2 -1.920E+2 -1.280E+2), sceneChangeBounds=(-32, 0, 80)..(-16, 16, 96), boundsSource=compiled, compileMs=35.351
[17Aug2026 23:00:44.650] [Render thread/INFO] [Photonics/]: Photonics memory v72: jvmHeap={usedBytes=2483699432, committedBytes=3812622336, maxBytes=8589934592}, jvmGc={collections=100, timeMs=763}, worldHeap=GpuBufferHeapStats[capacityBytes=536870912, reservedBytes=135810260, liveBytes=135793364, peakLiveBytes=135802740, reusableBytes=16896, allocations=137970, reusedAllocations=28234, frees=28320, failedAllocations=0], paletteHeap=GpuBufferHeapStats[capacityBytes=201326592, reservedBytes=81024, liveBytes=80736, peakLiveBytes=81024, reusableBytes=288, allocations=856, reusedAllocations=12, frees=15, failedAllocations=0], registries={lights=Stats[cachedObjects=1, pendingFreeObjects=0, allocatedObjects=1, failedAllocations=0], palettes=Stats[cachedObjects=841, pendingFreeObjects=0, allocatedObjects=856, failedAllocations=0], blocks=Stats[cachedObjects=1671, pendingFreeObjects=0, allocatedObjects=1856, failedAllocations=0], models=Stats[cachedObjects=36, pendingFreeObjects=0, allocatedObjects=41, failedAllocations=0]}
[17Aug2026 23:00:45.450] [Render thread/INFO] [Photonics/]: Photonics direct reservoir sample v64: samples=120, populated=27, emptyOrBackground=0, visibilityRejected=93, invalid=0, overLegacyCap=14, overTemporalCap=0, totalSamplesRange=32.0..623.5, viewport=1476x632
[17Aug2026 23:00:45.950] [Render thread/INFO] [Photonics/]: Photonics pass timing v73: group=svgf atrous, passes=[atrous iteration], viewport=1476x632, megapixels=0.933, cpuInvocations=1495, cpuSubmitAvgMs=0.003, cpuSubmitMaxMs=0.014, gpuSamples=373, gpuAvgMs=0.027, gpuMaxMs=0.037, gpuAvgMsPerMP=0.028
[17Aug2026 23:00:46.484] [Photonics Light List Compiler/INFO] [Photonics/]: Photonics light-list publication v88: coalescedBatches=5, peakPendingSections=131, remainingSections=0, deferredMs=24.614
[17Aug2026 23:00:46.514] [Render thread/INFO] [Photonics/]: Photonics world tracing v138: layoutRevision=99, layoutReason=section-unload, sceneRevision=20, settled=false, compiledSections=1914, trackedSections=2018, batchBuilt=0, batchUnloaded=103, pendingBuilds=39, pendingUnloads=0, ready=true, depth=6, blockBounds=( 6.400E+1  1.280E+2  4.800E+1)..( 4.000E+2  2.240E+2  3.680E+2), treeBounds=( 0.000E+0  0.000E+0  0.000E+0)..( 1.024E+3  1.024E+3  1.024E+3), origin=(-2.560E+2 -1.920E+2 -1.280E+2), sceneChangeBounds=(-32, 0, 80)..(-16, 16, 96), boundsSource=compiled, compileMs=52.074
[17Aug2026 23:00:48.135] [Photonics Light List Compiler/INFO] [Photonics/]: Photonics light-list publication v88: coalescedBatches=8, peakPendingSections=161, remainingSections=0, deferredMs=24.669
[17Aug2026 23:00:48.167] [Render thread/INFO] [Photonics/]: Photonics pass timing v73: group=frag data, passes=[frag data], viewport=1476x632, megapixels=0.933, cpuInvocations=298, cpuSubmitAvgMs=0.022, cpuSubmitMaxMs=0.070, gpuSamples=74, gpuAvgMs=0.048, gpuMaxMs=0.081, gpuAvgMsPerMP=0.051
[17Aug2026 23:00:48.167] [Render thread/INFO] [Photonics/]: Photonics frame throughput v78: viewport=1476x632, windowSeconds=5.001, renderedFrames=298, fps=59.585, frameAvgMs=16.783
[17Aug2026 23:00:48.167] [Render thread/INFO] [Photonics/]: Photonics pass timing v73: group=restir direct, passes=[initial direct + visibility], viewport=1476x632, megapixels=0.933, cpuInvocations=298, cpuSubmitAvgMs=0.017, cpuSubmitMaxMs=0.050, gpuSamples=74, gpuAvgMs=0.245, gpuMaxMs=0.346, gpuAvgMsPerMP=0.263
[17Aug2026 23:00:48.167] [Render thread/INFO] [Photonics/]: Photonics pass timing v73: group=restir gi initial, passes=[initial indirect], viewport=1476x632, megapixels=0.933, cpuInvocations=298, cpuSubmitAvgMs=0.009, cpuSubmitMaxMs=0.027, gpuSamples=74, gpuAvgMs=0.681, gpuMaxMs=0.812, gpuAvgMsPerMP=0.730
[17Aug2026 23:00:48.167] [Render thread/INFO] [Photonics/]: Photonics pass timing v73: group=restir temporal, passes=[temporal reuse + tri-state GI classification], viewport=1476x632, megapixels=0.933, cpuInvocations=298, cpuSubmitAvgMs=0.011, cpuSubmitMaxMs=0.055, gpuSamples=74, gpuAvgMs=0.486, gpuMaxMs=0.572, gpuAvgMsPerMP=0.521
[17Aug2026 23:00:48.167] [Render thread/INFO] [Photonics/]: Photonics pass timing v73: group=restir spatial, passes=[spatial reuse/clamp + tri-state GI classification], viewport=1476x632, megapixels=0.933, cpuInvocations=298, cpuSubmitAvgMs=0.008, cpuSubmitMaxMs=0.056, gpuSamples=74, gpuAvgMs=0.077, gpuMaxMs=0.108, gpuAvgMsPerMP=0.083
[17Aug2026 23:00:48.167] [Render thread/INFO] [Photonics/]: Photonics pass timing v73: group=restir diffuse, passes=[diffuse], viewport=1476x632, megapixels=0.933, cpuInvocations=298, cpuSubmitAvgMs=0.007, cpuSubmitMaxMs=0.019, gpuSamples=74, gpuAvgMs=0.199, gpuMaxMs=0.280, gpuAvgMsPerMP=0.213
[17Aug2026 23:00:48.167] [Render thread/INFO] [Photonics/]: Photonics pass timing v73: group=restir accumulation, passes=[accumulation], viewport=1476x632, megapixels=0.933, cpuInvocations=298, cpuSubmitAvgMs=0.011, cpuSubmitMaxMs=0.025, gpuSamples=74, gpuAvgMs=0.337, gpuMaxMs=0.387, gpuAvgMsPerMP=0.361
[17Aug2026 23:00:48.167] [Render thread/INFO] [Photonics/]: Photonics pass timing v73: group=svgf variance, passes=[variance prefilter], viewport=1476x632, megapixels=0.933, cpuInvocations=298, cpuSubmitAvgMs=0.007, cpuSubmitMaxMs=0.042, gpuSamples=74, gpuAvgMs=0.071, gpuMaxMs=0.100, gpuAvgMsPerMP=0.076
[17Aug2026 23:00:48.167] [Render thread/INFO] [Photonics/]: Photonics pass timing v73: group=restir local, passes=[exact local direct], viewport=1476x632, megapixels=0.933, cpuInvocations=298, cpuSubmitAvgMs=0.008, cpuSubmitMaxMs=0.023, gpuSamples=74, gpuAvgMs=0.011, gpuMaxMs=0.013, gpuAvgMsPerMP=0.012
[17Aug2026 23:00:48.167] [Render thread/INFO] [Photonics/]: Photonics pass timing v73: group=restir handheld, passes=[handheld], viewport=1476x632, megapixels=0.933, cpuInvocations=298, cpuSubmitAvgMs=0.009, cpuSubmitMaxMs=0.025, gpuSamples=74, gpuAvgMs=0.010, gpuMaxMs=0.010, gpuAvgMsPerMP=0.010
[17Aug2026 23:00:48.181] [Render thread/INFO] [Photonics/]: Photonics world tracing v138: layoutRevision=103, layoutReason=section-unload, sceneRevision=20, settled=false, compiledSections=1858, trackedSections=2007, batchBuilt=0, batchUnloaded=160, pendingBuilds=62, pendingUnloads=0, ready=true, depth=6, blockBounds=( 8.000E+1  1.280E+2  3.200E+1)..( 4.000E+2  2.240E+2  3.520E+2), treeBounds=( 0.000E+0  0.000E+0  0.000E+0)..( 1.024E+3  1.024E+3  1.024E+3), origin=(-2.560E+2 -1.920E+2 -1.280E+2), sceneChangeBounds=(-32, 0, 80)..(-16, 16, 96), boundsSource=compiled, compileMs=72.581
[17Aug2026 23:00:48.361] [Photonics Light List Compiler/INFO] [Photonics/]: Photonics light-list publication v88: coalescedBatches=3, peakPendingSections=49, remainingSections=0, deferredMs=2.448
[17Aug2026 23:00:48.392] [Photonics Light List Compiler/INFO] [Photonics/]: Photonics light-list publication v88: coalescedBatches=6, peakPendingSections=81, remainingSections=0, deferredMs=22.502
[17Aug2026 23:00:49.782] [Photonics Light List Compiler/INFO] [Photonics/]: Photonics light-list publication v88: coalescedBatches=3, peakPendingSections=119, remainingSections=0, deferredMs=22.523
[17Aug2026 23:00:49.817] [Render thread/INFO] [Photonics/]: Photonics world tracing v138: layoutRevision=109, layoutReason=section-unload, sceneRevision=20, settled=false, compiledSections=1929, trackedSections=2015, batchBuilt=0, batchUnloaded=126, pendingBuilds=38, pendingUnloads=0, ready=true, depth=6, blockBounds=( 8.000E+1  1.280E+2  8.000E+1)..( 4.160E+2  2.240E+2  4.000E+2), treeBounds=( 0.000E+0  0.000E+0  0.000E+0)..( 1.024E+3  1.024E+3  1.024E+3), origin=(-2.560E+2 -1.920E+2 -1.920E+2), sceneChangeBounds=(-32, 0, 80)..(-16, 16, 96), boundsSource=compiled, compileMs=57.367
[17Aug2026 23:00:50.951] [Render thread/INFO] [Photonics/]: Photonics pass timing v73: group=svgf atrous, passes=[atrous iteration], viewport=1476x632, megapixels=0.933, cpuInvocations=1485, cpuSubmitAvgMs=0.003, cpuSubmitMaxMs=0.023, gpuSamples=372, gpuAvgMs=0.026, gpuMaxMs=0.078, gpuAvgMsPerMP=0.027
[17Aug2026 23:00:51.433] [Photonics Light List Compiler/INFO] [Photonics/]: Photonics light candidates v18: eligible=89, selected=89, maxLights=4000, lightSections=13, capped=false
[17Aug2026 23:00:51.433] [Photonics Light List Compiler/INFO] [Photonics/]: Photonics light-list publication v88: coalescedBatches=4, peakPendingSections=108, remainingSections=0, deferredMs=24.241
[17Aug2026 23:00:51.435] [Render thread/INFO] [Photonics/]: Photonics light list pending: 24 -> 89
[17Aug2026 23:00:51.467] [Render thread/INFO] [Photonics/]: Photonics world tracing v138: layoutRevision=112, layoutReason=section-unload, sceneRevision=20, settled=false, compiledSections=1910, trackedSections=2011, batchBuilt=0, batchUnloaded=105, pendingBuilds=32, pendingUnloads=0, ready=true, depth=6, blockBounds=( 8.000E+1  1.280E+2  6.400E+1)..( 4.160E+2  2.240E+2  3.840E+2), treeBounds=( 0.000E+0  0.000E+0  0.000E+0)..( 1.024E+3  1.024E+3  1.024E+3), origin=(-2.560E+2 -1.920E+2 -1.920E+2), sceneChangeBounds=(-32, 0, 80)..(-16, 16, 96), boundsSource=compiled, compileMs=54.691
[17Aug2026 23:00:53.051] [Photonics Light List Compiler/INFO] [Photonics/]: Photonics light-list publication v88: coalescedBatches=6, peakPendingSections=114, remainingSections=0, deferredMs=39.212
[17Aug2026 23:00:53.103] [Render thread/INFO] [Photonics/]: Photonics world tracing v138: layoutRevision=116, layoutReason=section-unload, sceneRevision=20, settled=false, compiledSections=1908, trackedSections=2012, batchBuilt=0, batchUnloaded=103, pendingBuilds=38, pendingUnloads=0, ready=true, depth=6, blockBounds=( 8.000E+1  1.280E+2  4.800E+1)..( 4.160E+2  2.240E+2  3.680E+2), treeBounds=( 0.000E+0  0.000E+0  0.000E+0)..( 1.024E+3  1.024E+3  1.024E+3), origin=(-2.560E+2 -1.920E+2 -1.920E+2), sceneChangeBounds=(-32, 0, 80)..(-16, 16, 96), boundsSource=compiled, compileMs=72.366
[17Aug2026 23:00:53.186] [Render thread/INFO] [Photonics/]: Photonics pass timing v73: group=frag data, passes=[frag data], viewport=1476x632, megapixels=0.933, cpuInvocations=296, cpuSubmitAvgMs=0.027, cpuSubmitMaxMs=0.151, gpuSamples=74, gpuAvgMs=0.047, gpuMaxMs=0.051, gpuAvgMsPerMP=0.050
[17Aug2026 23:00:53.186] [Render thread/INFO] [Photonics/]: Photonics frame throughput v78: viewport=1476x632, windowSeconds=5.020, renderedFrames=296, fps=58.967, frameAvgMs=16.959
[17Aug2026 23:00:53.186] [Render thread/INFO] [Photonics/]: Photonics pass timing v73: group=restir direct, passes=[initial direct + visibility], viewport=1476x632, megapixels=0.933, cpuInvocations=296, cpuSubmitAvgMs=0.020, cpuSubmitMaxMs=0.078, gpuSamples=74, gpuAvgMs=0.250, gpuMaxMs=0.322, gpuAvgMsPerMP=0.268
[17Aug2026 23:00:53.187] [Render thread/INFO] [Photonics/]: Photonics pass timing v73: group=restir gi initial, passes=[initial indirect], viewport=1476x632, megapixels=0.933, cpuInvocations=296, cpuSubmitAvgMs=0.010, cpuSubmitMaxMs=0.028, gpuSamples=74, gpuAvgMs=0.752, gpuMaxMs=1.031, gpuAvgMsPerMP=0.806
[17Aug2026 23:00:53.187] [Render thread/INFO] [Photonics/]: Photonics pass timing v73: group=restir temporal, passes=[temporal reuse + tri-state GI classification], viewport=1476x632, megapixels=0.933, cpuInvocations=296, cpuSubmitAvgMs=0.012, cpuSubmitMaxMs=0.038, gpuSamples=74, gpuAvgMs=0.588, gpuMaxMs=0.810, gpuAvgMsPerMP=0.630
[17Aug2026 23:00:53.187] [Render thread/INFO] [Photonics/]: Photonics pass timing v73: group=restir spatial, passes=[spatial reuse/clamp + tri-state GI classification], viewport=1476x632, megapixels=0.933, cpuInvocations=296, cpuSubmitAvgMs=0.009, cpuSubmitMaxMs=0.032, gpuSamples=74, gpuAvgMs=0.081, gpuMaxMs=0.133, gpuAvgMsPerMP=0.087
[17Aug2026 23:00:53.187] [Render thread/INFO] [Photonics/]: Photonics pass timing v73: group=restir diffuse, passes=[diffuse], viewport=1476x632, megapixels=0.933, cpuInvocations=296, cpuSubmitAvgMs=0.008, cpuSubmitMaxMs=0.016, gpuSamples=74, gpuAvgMs=0.193, gpuMaxMs=0.257, gpuAvgMsPerMP=0.207
[17Aug2026 23:00:53.187] [Render thread/INFO] [Photonics/]: Photonics pass timing v73: group=restir accumulation, passes=[accumulation], viewport=1476x632, megapixels=0.933, cpuInvocations=296, cpuSubmitAvgMs=0.011, cpuSubmitMaxMs=0.036, gpuSamples=74, gpuAvgMs=0.370, gpuMaxMs=0.464, gpuAvgMsPerMP=0.397
[17Aug2026 23:00:53.187] [Render thread/INFO] [Photonics/]: Photonics pass timing v73: group=svgf variance, passes=[variance prefilter], viewport=1476x632, megapixels=0.933, cpuInvocations=296, cpuSubmitAvgMs=0.008, cpuSubmitMaxMs=0.026, gpuSamples=74, gpuAvgMs=0.064, gpuMaxMs=0.079, gpuAvgMsPerMP=0.068
[17Aug2026 23:00:53.187] [Render thread/INFO] [Photonics/]: Photonics pass timing v73: group=restir local, passes=[exact local direct], viewport=1476x632, megapixels=0.933, cpuInvocations=296, cpuSubmitAvgMs=0.009, cpuSubmitMaxMs=0.024, gpuSamples=74, gpuAvgMs=0.010, gpuMaxMs=0.025, gpuAvgMsPerMP=0.011
[17Aug2026 23:00:53.187] [Render thread/INFO] [Photonics/]: Photonics pass timing v73: group=restir handheld, passes=[handheld], viewport=1476x632, megapixels=0.933, cpuInvocations=296, cpuSubmitAvgMs=0.010, cpuSubmitMaxMs=0.031, gpuSamples=74, gpuAvgMs=0.010, gpuMaxMs=0.041, gpuAvgMsPerMP=0.011
[17Aug2026 23:00:53.567] [Render thread/INFO] [Photonics/]: Photonics direct reservoir sample v64: samples=120, populated=62, emptyOrBackground=2, visibilityRejected=56, invalid=0, overLegacyCap=31, overTemporalCap=0, totalSamplesRange=32.0..623.5, viewport=1476x632
[17Aug2026 23:00:54.610] [Photonics Light List Compiler/INFO] [Photonics/]: Photonics light-list publication v88: coalescedBatches=4, peakPendingSections=60, remainingSections=0, deferredMs=7.486
[17Aug2026 23:00:54.632] [Photonics Light List Compiler/INFO] [Photonics/]: Photonics light-list publication v88: coalescedBatches=6, peakPendingSections=81, remainingSections=0, deferredMs=15.196
[17Aug2026 23:00:54.666] [Render thread/INFO] [Photonics/]: Photonics world tracing v138: layoutRevision=120, layoutReason=streaming-or-rebuild, sceneRevision=20, settled=false, compiledSections=2013, trackedSections=2052, batchBuilt=1, batchUnloaded=0, pendingBuilds=15, pendingUnloads=0, ready=true, depth=6, blockBounds=( 8.000E+1  1.280E+2  3.200E+1)..( 4.160E+2  2.240E+2  3.680E+2), treeBounds=( 0.000E+0  0.000E+0  0.000E+0)..( 1.024E+3  1.024E+3  1.024E+3), origin=(-2.560E+2 -1.920E+2 -1.920E+2), sceneChangeBounds=(-32, 0, 80)..(-16, 16, 96), boundsSource=compiled, compileMs=46.259
[17Aug2026 23:00:55.954] [Render thread/INFO] [Photonics/]: Photonics pass timing v73: group=svgf atrous, passes=[atrous iteration], viewport=1476x632, megapixels=0.933, cpuInvocations=1480, cpuSubmitAvgMs=0.003, cpuSubmitMaxMs=0.080, gpuSamples=370, gpuAvgMs=0.023, gpuMaxMs=0.072, gpuAvgMsPerMP=0.025
[17Aug2026 23:00:56.802] [Render thread/INFO] [Photonics/]: Photonics world tracing v138: layoutRevision=122, layoutReason=streaming-or-rebuild, sceneRevision=20, settled=true, compiledSections=2052, trackedSections=2052, batchBuilt=17, batchUnloaded=0, pendingBuilds=0, pendingUnloads=0, ready=true, depth=6, blockBounds=( 8.000E+1  1.280E+2  9.600E+1)..( 4.160E+2  2.240E+2  4.320E+2), treeBounds=( 0.000E+0  0.000E+0  0.000E+0)..( 1.024E+3  1.024E+3  1.024E+3), origin=(-2.560E+2 -1.920E+2 -2.560E+2), sceneChangeBounds=(-32, 0, 80)..(-16, 16, 96), boundsSource=compiled, compileMs=55.539
[17Aug2026 23:00:56.802] [Render thread/INFO] [Photonics/]: Photonics memory v72: jvmHeap={usedBytes=3171098512, committedBytes=3812622336, maxBytes=8589934592}, jvmGc={collections=105, timeMs=811}, worldHeap=GpuBufferHeapStats[capacityBytes=536870912, reservedBytes=138455828, liveBytes=138440852, peakLiveBytes=138446676, reusableBytes=14976, allocations=172369, reusedAllocations=60542, frees=60626, failedAllocations=0], paletteHeap=GpuBufferHeapStats[capacityBytes=201326592, reservedBytes=81024, liveBytes=80736, peakLiveBytes=81024, reusableBytes=288, allocations=856, reusedAllocations=12, frees=15, failedAllocations=0], registries={lights=Stats[cachedObjects=1, pendingFreeObjects=0, allocatedObjects=1, failedAllocations=0], palettes=Stats[cachedObjects=841, pendingFreeObjects=0, allocatedObjects=856, failedAllocations=0], blocks=Stats[cachedObjects=1671, pendingFreeObjects=0, allocatedObjects=1856, failedAllocations=0], models=Stats[cachedObjects=36, pendingFreeObjects=0, allocatedObjects=41, failedAllocations=0]}
[17Aug2026 23:00:58.188] [Render thread/INFO] [Photonics/]: Photonics pass timing v73: group=frag data, passes=[frag data], viewport=1476x632, megapixels=0.933, cpuInvocations=300, cpuSubmitAvgMs=0.025, cpuSubmitMaxMs=0.077, gpuSamples=75, gpuAvgMs=0.049, gpuMaxMs=0.052, gpuAvgMsPerMP=0.053
[17Aug2026 23:00:58.188] [Render thread/INFO] [Photonics/]: Photonics frame throughput v78: viewport=1476x632, windowSeconds=5.001, renderedFrames=300, fps=59.982, frameAvgMs=16.672
[17Aug2026 23:00:58.188] [Render thread/INFO] [Photonics/]: Photonics pass timing v73: group=restir direct, passes=[initial direct + visibility], viewport=1476x632, megapixels=0.933, cpuInvocations=300, cpuSubmitAvgMs=0.017, cpuSubmitMaxMs=0.050, gpuSamples=75, gpuAvgMs=0.288, gpuMaxMs=0.356, gpuAvgMsPerMP=0.309
[17Aug2026 23:00:58.188] [Render thread/INFO] [Photonics/]: Photonics pass timing v73: group=restir gi initial, passes=[initial indirect], viewport=1476x632, megapixels=0.933, cpuInvocations=300, cpuSubmitAvgMs=0.009, cpuSubmitMaxMs=0.029, gpuSamples=75, gpuAvgMs=0.917, gpuMaxMs=1.058, gpuAvgMsPerMP=0.983
[17Aug2026 23:00:58.188] [Render thread/INFO] [Photonics/]: Photonics pass timing v73: group=restir temporal, passes=[temporal reuse + tri-state GI classification], viewport=1476x632, megapixels=0.933, cpuInvocations=300, cpuSubmitAvgMs=0.011, cpuSubmitMaxMs=0.025, gpuSamples=75, gpuAvgMs=0.717, gpuMaxMs=0.921, gpuAvgMsPerMP=0.769
[17Aug2026 23:00:58.188] [Render thread/INFO] [Photonics/]: Photonics pass timing v73: group=restir spatial, passes=[spatial reuse/clamp + tri-state GI classification], viewport=1476x632, megapixels=0.933, cpuInvocations=300, cpuSubmitAvgMs=0.008, cpuSubmitMaxMs=0.062, gpuSamples=75, gpuAvgMs=0.110, gpuMaxMs=0.157, gpuAvgMsPerMP=0.117
[17Aug2026 23:00:58.188] [Render thread/INFO] [Photonics/]: Photonics pass timing v73: group=restir diffuse, passes=[diffuse], viewport=1476x632, megapixels=0.933, cpuInvocations=300, cpuSubmitAvgMs=0.007, cpuSubmitMaxMs=0.017, gpuSamples=75, gpuAvgMs=0.249, gpuMaxMs=0.320, gpuAvgMsPerMP=0.267
[17Aug2026 23:00:58.188] [Render thread/INFO] [Photonics/]: Photonics pass timing v73: group=restir accumulation, passes=[accumulation], viewport=1476x632, megapixels=0.933, cpuInvocations=300, cpuSubmitAvgMs=0.011, cpuSubmitMaxMs=0.062, gpuSamples=75, gpuAvgMs=0.429, gpuMaxMs=0.483, gpuAvgMsPerMP=0.460
[17Aug2026 23:00:58.188] [Render thread/INFO] [Photonics/]: Photonics pass timing v73: group=svgf variance, passes=[variance prefilter], viewport=1476x632, megapixels=0.933, cpuInvocations=300, cpuSubmitAvgMs=0.007, cpuSubmitMaxMs=0.021, gpuSamples=75, gpuAvgMs=0.067, gpuMaxMs=0.112, gpuAvgMsPerMP=0.072
[17Aug2026 23:00:58.188] [Render thread/INFO] [Photonics/]: Photonics pass timing v73: group=restir local, passes=[exact local direct], viewport=1476x632, megapixels=0.933, cpuInvocations=300, cpuSubmitAvgMs=0.008, cpuSubmitMaxMs=0.019, gpuSamples=75, gpuAvgMs=0.010, gpuMaxMs=0.010, gpuAvgMsPerMP=0.011
[17Aug2026 23:00:58.188] [Render thread/INFO] [Photonics/]: Photonics pass timing v73: group=restir handheld, passes=[handheld], viewport=1476x632, megapixels=0.933, cpuInvocations=300, cpuSubmitAvgMs=0.009, cpuSubmitMaxMs=0.028, gpuSamples=75, gpuAvgMs=0.010, gpuMaxMs=0.014, gpuAvgMsPerMP=0.011
[17Aug2026 23:01:00.958] [Render thread/INFO] [Photonics/]: Photonics pass timing v73: group=svgf atrous, passes=[atrous iteration], viewport=1476x632, megapixels=0.933, cpuInvocations=1500, cpuSubmitAvgMs=0.003, cpuSubmitMaxMs=0.012, gpuSamples=375, gpuAvgMs=0.025, gpuMaxMs=0.077, gpuAvgMsPerMP=0.027
[17Aug2026 23:01:01.572] [Render thread/INFO] [Photonics/]: Photonics direct reservoir sample v64: samples=120, populated=48, emptyOrBackground=0, visibilityRejected=72, invalid=0, overLegacyCap=2, overTemporalCap=0, totalSamplesRange=32.0..605.5, viewport=1476x632
[17Aug2026 23:01:02.181] [Server thread/INFO] [net.minecraft.client.server.IntegratedServer/]: Saving and pausing game...
[17Aug2026 23:01:02.189] [Server thread/INFO] [net.minecraft.server.MinecraftServer/]: Saving chunks for level 'ServerLevel[New World1]'/minecraft:overworld
[17Aug2026 23:01:02.189] [Server thread/INFO] [dev.ryanhcode.sable.Sable/]: Saving sub-levels for level 'ServerLevel[New World1]'/minecraft:overworld
[17Aug2026 23:01:02.203] [Server thread/INFO] [net.minecraft.server.MinecraftServer/]: Saving chunks for level 'ServerLevel[New World1]'/minecraft:the_nether
[17Aug2026 23:01:02.203] [Server thread/INFO] [dev.ryanhcode.sable.Sable/]: Saving sub-levels for level 'ServerLevel[New World1]'/minecraft:the_nether
[17Aug2026 23:01:02.203] [Server thread/INFO] [net.minecraft.server.MinecraftServer/]: Saving chunks for level 'ServerLevel[New World1]'/minecraft:the_end
[17Aug2026 23:01:02.203] [Server thread/INFO] [dev.ryanhcode.sable.Sable/]: Saving sub-levels for level 'ServerLevel[New World1]'/minecraft:the_end
[17Aug2026 23:01:03.190] [Render thread/INFO] [Photonics/]: Photonics pass timing v73: group=frag data, passes=[frag data], viewport=1476x632, megapixels=0.933, cpuInvocations=300, cpuSubmitAvgMs=0.023, cpuSubmitMaxMs=0.071, gpuSamples=75, gpuAvgMs=0.050, gpuMaxMs=0.053, gpuAvgMsPerMP=0.054
[17Aug2026 23:01:03.190] [Render thread/INFO] [Photonics/]: Photonics frame throughput v78: viewport=1476x632, windowSeconds=5.002, renderedFrames=300, fps=59.979, frameAvgMs=16.673
[17Aug2026 23:01:03.190] [Render thread/INFO] [Photonics/]: Photonics pass timing v73: group=restir direct, passes=[initial direct + visibility], viewport=1476x632, megapixels=0.933, cpuInvocations=300, cpuSubmitAvgMs=0.016, cpuSubmitMaxMs=0.046, gpuSamples=75, gpuAvgMs=0.299, gpuMaxMs=0.360, gpuAvgMsPerMP=0.320
[17Aug2026 23:01:03.190] [Render thread/INFO] [Photonics/]: Photonics pass timing v73: group=restir gi initial, passes=[initial indirect], viewport=1476x632, megapixels=0.933, cpuInvocations=300, cpuSubmitAvgMs=0.008, cpuSubmitMaxMs=0.027, gpuSamples=75, gpuAvgMs=0.399, gpuMaxMs=1.008, gpuAvgMsPerMP=0.428
[17Aug2026 23:01:03.190] [Render thread/INFO] [Photonics/]: Photonics pass timing v73: group=restir temporal, passes=[temporal reuse + tri-state GI classification], viewport=1476x632, megapixels=0.933, cpuInvocations=300, cpuSubmitAvgMs=0.010, cpuSubmitMaxMs=0.028, gpuSamples=75, gpuAvgMs=0.390, gpuMaxMs=0.681, gpuAvgMsPerMP=0.418
[17Aug2026 23:01:03.190] [Render thread/INFO] [Photonics/]: Photonics pass timing v73: group=restir spatial, passes=[spatial reuse/clamp + tri-state GI classification], viewport=1476x632, megapixels=0.933, cpuInvocations=300, cpuSubmitAvgMs=0.008, cpuSubmitMaxMs=0.027, gpuSamples=75, gpuAvgMs=0.126, gpuMaxMs=0.168, gpuAvgMsPerMP=0.135
[17Aug2026 23:01:03.190] [Render thread/INFO] [Photonics/]: Photonics pass timing v73: group=restir diffuse, passes=[diffuse], viewport=1476x632, megapixels=0.933, cpuInvocations=300, cpuSubmitAvgMs=0.007, cpuSubmitMaxMs=0.016, gpuSamples=75, gpuAvgMs=0.208, gpuMaxMs=0.301, gpuAvgMsPerMP=0.223
[17Aug2026 23:01:03.190] [Render thread/INFO] [Photonics/]: Photonics pass timing v73: group=restir accumulation, passes=[accumulation], viewport=1476x632, megapixels=0.933, cpuInvocations=300, cpuSubmitAvgMs=0.010, cpuSubmitMaxMs=0.023, gpuSamples=75, gpuAvgMs=0.450, gpuMaxMs=0.495, gpuAvgMsPerMP=0.482
[17Aug2026 23:01:03.190] [Render thread/INFO] [Photonics/]: Photonics pass timing v73: group=svgf variance, passes=[variance prefilter], viewport=1476x632, megapixels=0.933, cpuInvocations=300, cpuSubmitAvgMs=0.006, cpuSubmitMaxMs=0.022, gpuSamples=75, gpuAvgMs=0.071, gpuMaxMs=0.102, gpuAvgMsPerMP=0.076
[17Aug2026 23:01:03.190] [Render thread/INFO] [Photonics/]: Photonics pass timing v73: group=restir local, passes=[exact local direct], viewport=1476x632, megapixels=0.933, cpuInvocations=300, cpuSubmitAvgMs=0.008, cpuSubmitMaxMs=0.073, gpuSamples=75, gpuAvgMs=0.010, gpuMaxMs=0.010, gpuAvgMsPerMP=0.011
[17Aug2026 23:01:03.190] [Render thread/INFO] [Photonics/]: Photonics pass timing v73: group=restir handheld, passes=[handheld], viewport=1476x632, megapixels=0.933, cpuInvocations=300, cpuSubmitAvgMs=0.009, cpuSubmitMaxMs=0.028, gpuSamples=75, gpuAvgMs=0.010, gpuMaxMs=0.010, gpuAvgMsPerMP=0.011
[17Aug2026 23:01:04.101] [Netty Local Client IO #1/INFO] [dev.ryanhcode.sable.Sable/]: Client UDP channel inactive
[17Aug2026 23:01:04.101] [Netty Local Client IO #1/INFO] [dev.ryanhcode.sable.Sable/]: Closed UDP channel!
[17Aug2026 23:01:04.101] [Render thread/INFO] [DistantHorizons-DistantHorizons-com.seibel.distanthorizons.core.api.internal.ClientApi/]: Client on ClientOnly mode disconnecting.
[17Aug2026 23:01:04.102] [level shutdown/INFO] [DistantHorizons-DistantHorizons-com.seibel.distanthorizons.core.generation.queues.WorldGenerationQueue/]: Closing world gen queue
[17Aug2026 23:01:04.102] [level shutdown/INFO] [DistantHorizons-DistantHorizons-com.seibel.distanthorizons.core.generation.queues.WorldGenerationQueue/]: Closing world gen queue
[17Aug2026 23:01:04.102] [level shutdown/INFO] [DistantHorizons-DistantHorizons-com.seibel.distanthorizons.core.generation.queues.WorldGenerationQueue/]: Closing world gen queue
[17Aug2026 23:01:04.103] [level shutdown/INFO] [DistantHorizons-DistantHorizons-com.seibel.distanthorizons.core.generation.queues.WorldGenerationQueue/]: Closing WorldGenerationQueue...
[17Aug2026 23:01:04.103] [level shutdown/INFO] [DistantHorizons-DistantHorizons-com.seibel.distanthorizons.core.generation.queues.WorldGenerationQueue/]: Shutting down world generator thread pool...
[17Aug2026 23:01:04.103] [level shutdown/INFO] [DistantHorizons-DistantHorizons-com.seibel.distanthorizons.core.generation.queues.WorldGenerationQueue/]: World generator thread pool shutdown with [0] incomplete tasks.
[17Aug2026 23:01:04.103] [level shutdown/INFO] [DistantHorizons-DistantHorizons-com.seibel.distanthorizons.core.generation.queues.WorldGenerationQueue/]: Closing WorldGenerationQueue...
[17Aug2026 23:01:04.103] [level shutdown/INFO] [DistantHorizons-DistantHorizons-com.seibel.distanthorizons.core.generation.queues.WorldGenerationQueue/]: Shutting down world generator thread pool...
[17Aug2026 23:01:04.103] [level shutdown/INFO] [DistantHorizons-DistantHorizons-com.seibel.distanthorizons.core.generation.queues.WorldGenerationQueue/]: Closing WorldGenerationQueue...
[17Aug2026 23:01:04.103] [level shutdown/INFO] [DistantHorizons-DistantHorizons-com.seibel.distanthorizons.core.generation.queues.WorldGenerationQueue/]: World generator thread pool shutdown with [0] incomplete tasks.
[17Aug2026 23:01:04.103] [level shutdown/INFO] [DistantHorizons-DistantHorizons-com.seibel.distanthorizons.core.generation.queues.WorldGenerationQueue/]: Shutting down world generator thread pool...
[17Aug2026 23:01:04.103] [level shutdown/INFO] [DistantHorizons-DistantHorizons-com.seibel.distanthorizons.core.generation.queues.WorldGenerationQueue/]: World generator thread pool shutdown with [0] incomplete tasks.
[17Aug2026 23:01:04.103] [level shutdown/INFO] [DistantHorizons-DistantHorizons-com.seibel.distanthorizons.core.generation.BatchGenerator/]: [BatchGenerator] shutting down...
[17Aug2026 23:01:04.103] [level shutdown/INFO] [DistantHorizons-DistantHorizons-com.seibel.distanthorizons.core.generation.BatchGenerator/]: [BatchGenerator] shutting down...
[17Aug2026 23:01:04.103] [level shutdown/INFO] [DistantHorizons-DistantHorizons-com.seibel.distanthorizons.core.generation.BatchGenerator/]: [BatchGenerator] shutting down...
[17Aug2026 23:01:04.104] [level shutdown/INFO] [DistantHorizons-LOD World Gen/]: Closing [BatchGenerationEnvironment_neoforge]
[17Aug2026 23:01:04.104] [level shutdown/INFO] [DistantHorizons-LOD World Gen/]: Closing [BatchGenerationEnvironment_neoforge]
[17Aug2026 23:01:04.104] [level shutdown/INFO] [DistantHorizons-LOD World Gen/]: Closing [BatchGenerationEnvironment_neoforge]
[17Aug2026 23:01:04.104] [level shutdown/INFO] [DistantHorizons-DistantHorizons-com.seibel.distanthorizons.core.generation.queues.WorldGenerationQueue/]: Finished closing WorldGenerationQueue
[17Aug2026 23:01:04.104] [level shutdown/INFO] [DistantHorizons-DistantHorizons-com.seibel.distanthorizons.core.generation.queues.WorldGenerationQueue/]: Finished closing WorldGenerationQueue
[17Aug2026 23:01:04.104] [level shutdown/INFO] [DistantHorizons-DistantHorizons-com.seibel.distanthorizons.core.generation.queues.WorldGenerationQueue/]: Finished closing WorldGenerationQueue
[17Aug2026 23:01:04.104] [level shutdown/INFO] [DistantHorizons-DistantHorizons-com.seibel.distanthorizons.core.level.AbstractDhServerLevel/]: Closed DHLevel for [Wrapped{ServerLevel[New World1]@minecraft:the_end}].
[17Aug2026 23:01:04.104] [level shutdown/INFO] [DistantHorizons-DistantHorizons-com.seibel.distanthorizons.core.level.AbstractDhServerLevel/]: Closed DhClientServerLevel for Wrapped{ServerLevel[New World1]@minecraft:the_end}
[17Aug2026 23:01:04.104] [level shutdown/INFO] [DistantHorizons-DistantHorizons-com.seibel.distanthorizons.core.level.AbstractDhServerLevel/]: Closed DHLevel for [Wrapped{ServerLevel[New World1]@minecraft:overworld}].
[17Aug2026 23:01:04.104] [level shutdown/INFO] [DistantHorizons-DistantHorizons-com.seibel.distanthorizons.core.level.AbstractDhServerLevel/]: Closed DHLevel for [Wrapped{ServerLevel[New World1]@minecraft:the_nether}].
[17Aug2026 23:01:04.104] [level shutdown/INFO] [DistantHorizons-DistantHorizons-com.seibel.distanthorizons.core.level.AbstractDhServerLevel/]: Closed DhClientServerLevel for Wrapped{ServerLevel[New World1]@minecraft:overworld}
[17Aug2026 23:01:04.104] [level shutdown/INFO] [DistantHorizons-DistantHorizons-com.seibel.distanthorizons.core.level.AbstractDhServerLevel/]: Closed DhClientServerLevel for Wrapped{ServerLevel[New World1]@minecraft:the_nether}
[17Aug2026 23:01:04.104] [Render thread/INFO] [DistantHorizons-DistantHorizons-com.seibel.distanthorizons.core.world.AbstractDhWorld/]: Closed DhWorld of type [CLIENT_SERVER].
[17Aug2026 23:01:04.104] [level shutdown/INFO] [DistantHorizons-DistantHorizons-com.seibel.distanthorizons.core.level.AbstractDhServerLevel/]: Closed DHLevel for [Wrapped{ServerLevel[New World1]@minecraft:the_end}].
[17Aug2026 23:01:04.104] [level shutdown/INFO] [DistantHorizons-DistantHorizons-com.seibel.distanthorizons.core.level.AbstractDhServerLevel/]: Closed DHLevel for [Wrapped{ServerLevel[New World1]@minecraft:overworld}].
[17Aug2026 23:01:04.104] [level shutdown/INFO] [DistantHorizons-DistantHorizons-com.seibel.distanthorizons.core.level.AbstractDhServerLevel/]: Closed DhClientServerLevel for Wrapped{ServerLevel[New World1]@minecraft:the_end}
[17Aug2026 23:01:04.104] [level shutdown/INFO] [DistantHorizons-DistantHorizons-com.seibel.distanthorizons.core.level.AbstractDhServerLevel/]: Closed DhClientServerLevel for Wrapped{ServerLevel[New World1]@minecraft:overworld}
[17Aug2026 23:01:04.104] [level shutdown/INFO] [DistantHorizons-DistantHorizons-com.seibel.distanthorizons.core.level.AbstractDhServerLevel/]: Closed DHLevel for [Wrapped{ServerLevel[New World1]@minecraft:the_nether}].
[17Aug2026 23:01:04.104] [level shutdown/INFO] [DistantHorizons-DistantHorizons-com.seibel.distanthorizons.core.level.AbstractDhServerLevel/]: Closed DhClientServerLevel for Wrapped{ServerLevel[New World1]@minecraft:the_nether}
[17Aug2026 23:01:04.104] [Render thread/INFO] [DistantHorizons-DistantHorizons-com.seibel.distanthorizons.core.world.AbstractDhWorld/]: Closed DhWorld of type [CLIENT_SERVER].
[17Aug2026 23:01:04.104] [Render thread/INFO] [DistantHorizons-DistantHorizons-com.seibel.distanthorizons.core.util.threading.PriorityTaskPicker/]: Shutting down PriorityTaskPicker thread pool...
[17Aug2026 23:01:06.730] [Render thread/INFO] [DistantHorizons-DistantHorizons-com.seibel.distanthorizons.core.sql.repo.AbstractDhRepo/]: Closing all [3] database connections...
[17Aug2026 23:01:06.730] [Render thread/INFO] [DistantHorizons-DistantHorizons-com.seibel.distanthorizons.core.sql.repo.AbstractDhRepo/]: Closing database connection: [jdbc:dh_sqlite:/home/krzysztofkalisiak/.local/share/ModrinthApp/profiles/Create Aeronautics (1)/saves/New World1/DIM-1/data/DistantHorizons.sqlite]
[17Aug2026 23:01:06.731] [Render thread/INFO] [DistantHorizons-DistantHorizons-com.seibel.distanthorizons.core.sql.repo.AbstractDhRepo/]: Closing database connection: [jdbc:dh_sqlite:/home/krzysztofkalisiak/.local/share/ModrinthApp/profiles/Create Aeronautics (1)/saves/New World1/data/DistantHorizons.sqlite]
[17Aug2026 23:01:06.740] [Render thread/INFO] [DistantHorizons-DistantHorizons-com.seibel.distanthorizons.core.sql.repo.AbstractDhRepo/]: Closing database connection: [jdbc:dh_sqlite:/home/krzysztofkalisiak/.local/share/ModrinthApp/profiles/Create Aeronautics (1)/saves/New World1/DIM1/data/DistantHorizons.sqlite]
[17Aug2026 23:01:06.898] [Render thread/INFO] [xaero.hud.minimap.MinimapLogs/]: Xaero hud session finalized.
[17Aug2026 23:01:06.906] [Render thread/INFO] [Photonics/]: Photonics v24 Sable moving lights: 1 -> 0
[17Aug2026 23:01:06.906] [Render thread/INFO] [Photonics/]: Photonics v24 Sable receiver motion: 1 -> 0
[17Aug2026 23:01:06.935] [Server thread/INFO] [net.minecraft.server.network.ServerGamePacketListenerImpl/]: Eutio lost connection: Disconnected
[17Aug2026 23:01:06.935] [Server thread/INFO] [net.minecraft.server.MinecraftServer/]: Eutio left the game
[17Aug2026 23:01:06.936] [Server thread/INFO] [DistantHorizons-DistantHorizons-com.seibel.distanthorizons.core.api.internal.ServerApi/]: Player [Eutio] disconnected.
[17Aug2026 23:01:06.945] [Server thread/INFO] [net.minecraft.server.network.ServerCommonPacketListenerImpl/]: Stopping singleplayer server as player logged out
[17Aug2026 23:01:06.981] [Server thread/INFO] [net.minecraft.server.MinecraftServer/]: Stopping server
[17Aug2026 23:01:06.982] [Server thread/INFO] [net.minecraft.server.MinecraftServer/]: Saving players
[17Aug2026 23:01:06.982] [Server thread/INFO] [net.minecraft.server.MinecraftServer/]: Saving worlds
[17Aug2026 23:01:07.000] [Server thread/INFO] [net.minecraft.server.MinecraftServer/]: Saving chunks for level 'ServerLevel[New World1]'/minecraft:overworld
[17Aug2026 23:01:07.001] [Server thread/INFO] [dev.ryanhcode.sable.Sable/]: Saving sub-levels for level 'ServerLevel[New World1]'/minecraft:overworld
[17Aug2026 23:01:07.039] [Server thread/INFO] [net.minecraft.server.MinecraftServer/]: Saving chunks for level 'ServerLevel[New World1]'/minecraft:the_nether
[17Aug2026 23:01:07.039] [Server thread/INFO] [dev.ryanhcode.sable.Sable/]: Saving sub-levels for level 'ServerLevel[New World1]'/minecraft:the_nether
[17Aug2026 23:01:07.046] [Server thread/INFO] [net.minecraft.server.MinecraftServer/]: Saving chunks for level 'ServerLevel[New World1]'/minecraft:the_end
[17Aug2026 23:01:07.046] [Server thread/INFO] [dev.ryanhcode.sable.Sable/]: Saving sub-levels for level 'ServerLevel[New World1]'/minecraft:the_end
[17Aug2026 23:01:07.061] [Server thread/INFO] [net.minecraft.server.MinecraftServer/]: ThreadedAnvilChunkStorage (New World1): All chunks are saved
[17Aug2026 23:01:07.061] [Server thread/INFO] [net.minecraft.server.MinecraftServer/]: ThreadedAnvilChunkStorage (DIM-1): All chunks are saved
[17Aug2026 23:01:07.061] [Server thread/INFO] [net.minecraft.server.MinecraftServer/]: ThreadedAnvilChunkStorage (DIM1): All chunks are saved
[17Aug2026 23:01:07.061] [Server thread/INFO] [net.minecraft.server.MinecraftServer/]: ThreadedAnvilChunkStorage: All dimensions are saved
[17Aug2026 23:01:07.071] [Render thread/INFO] [ChunkBuilder/]: Stopping worker threads
[17Aug2026 23:01:09.221] [Render thread/INFO] [com.simibubi.create.Create/]: Created 157 recipes which will be injected into the game
[17Aug2026 23:01:09.222] [Render thread/INFO] [com.simibubi.create.Create/]: Created 0 tags which will be injected into the game
[17Aug2026 23:01:09.465] [Worker-Main-16/ERROR] [net.minecraft.world.level.storage.loot.LootDataType/]: Couldn't parse element ResourceKey[minecraft:root / minecraft:loot_table]:simurail:blocks/automatic_coupler - Not a valid resource location: simurail:blocks/simurail:automatic_coupler Non [a-z0-9/._-] character in path of location: simurail:blocks/simurail:automatic_coupler
[17Aug2026 23:01:09.587] [Render thread/INFO] [net.minecraft.world.item.crafting.RecipeManager/]: Loaded 2948 recipes
[17Aug2026 23:01:09.645] [Render thread/INFO] [net.minecraft.advancements.AdvancementTree/]: Loaded 2644 advancements
[17Aug2026 23:01:10.087] [Server thread/INFO] [net.minecraft.client.server.IntegratedServer/]: Starting integrated minecraft server version 1.21.1
[17Aug2026 23:01:10.087] [Server thread/INFO] [net.minecraft.server.MinecraftServer/]: Generating keypair
[17Aug2026 23:01:10.134] [Server thread/INFO] [DistantHorizons-DistantHorizons-com.seibel.distanthorizons.core.world.AbstractDhWorld/]: Started DhWorld of type [CLIENT_SERVER].
[17Aug2026 23:01:10.134] [Server thread/INFO] [DistantHorizons-DistantHorizons-com.seibel.distanthorizons.core.util.threading.PriorityTaskPicker/]: Shutting down PriorityTaskPicker thread pool...
[17Aug2026 23:01:10.135] [Server thread/INFO] [dev.ryanhcode.sable.Sable/]: Creating physics pipeline for ResourceKey[minecraft:dimension / minecraft:overworld] using RapierPhysicsPipelineProvider
[17Aug2026 23:01:10.165] [DH-Full Data Migration Thread[0]/INFO] [DistantHorizons-DistantHorizons-com.seibel.distanthorizons.core.file.fullDatafile.V2.DataMigratorV1/]: No migration necessary.
[17Aug2026 23:01:10.169] [Server thread/INFO] [DistantHorizons-DistantHorizons-com.seibel.distanthorizons.core.level.AbstractDhServerLevel/]: Started DhClientServerLevel for [Wrapped{ServerLevel[New World1]@minecraft:overworld}] at [[LocalSaveStructure@(/home/krzysztofkalisiak/.local/share/ModrinthApp/profiles/Create Aeronautics (1)/saves/New World1/data)]].
[17Aug2026 23:01:10.172] [Server thread/INFO] [dev.ryanhcode.sable.Sable/]: Creating physics pipeline for ResourceKey[minecraft:dimension / minecraft:the_nether] using RapierPhysicsPipelineProvider
[17Aug2026 23:01:10.191] [DH-Full Data Migration Thread[0]/INFO] [DistantHorizons-DistantHorizons-com.seibel.distanthorizons.core.file.fullDatafile.V2.DataMigratorV1/]: No migration necessary.
[17Aug2026 23:01:10.194] [Server thread/INFO] [DistantHorizons-DistantHorizons-com.seibel.distanthorizons.core.level.AbstractDhServerLevel/]: Started DhClientServerLevel for [Wrapped{ServerLevel[New World1]@minecraft:the_nether}] at [[LocalSaveStructure@(/home/krzysztofkalisiak/.local/share/ModrinthApp/profiles/Create Aeronautics (1)/saves/New World1/data;/home/krzysztofkalisiak/.local/share/ModrinthApp/profiles/Create Aeronautics (1)/saves/New World1/DIM-1/data)]].
[17Aug2026 23:01:10.194] [Server thread/INFO] [dev.ryanhcode.sable.Sable/]: Creating physics pipeline for ResourceKey[minecraft:dimension / minecraft:the_end] using RapierPhysicsPipelineProvider
[17Aug2026 23:01:10.208] [DH-Full Data Migration Thread[0]/INFO] [DistantHorizons-DistantHorizons-com.seibel.distanthorizons.core.file.fullDatafile.V2.DataMigratorV1/]: No migration necessary.
[17Aug2026 23:01:10.210] [Server thread/INFO] [DistantHorizons-DistantHorizons-com.seibel.distanthorizons.core.level.AbstractDhServerLevel/]: Started DhClientServerLevel for [Wrapped{ServerLevel[New World1]@minecraft:the_end}] at [[LocalSaveStructure@(/home/krzysztofkalisiak/.local/share/ModrinthApp/profiles/Create Aeronautics (1)/saves/New World1/DIM1/data;/home/krzysztofkalisiak/.local/share/ModrinthApp/profiles/Create Aeronautics (1)/saves/New World1/data;/home/krzysztofkalisiak/.local/share/ModrinthApp/profiles/Create Aeronautics (1)/saves/New World1/DIM-1/data)]].
[17Aug2026 23:01:10.210] [Server thread/INFO] [net.minecraft.server.MinecraftServer/]: Preparing start region for dimension minecraft:overworld
[17Aug2026 23:01:10.238] [Server thread/INFO] [net.neoforged.neoforge.server.permission.PermissionAPI/]: Successfully initialized permission handler neoforge:default_handler
[17Aug2026 23:01:10.238] [Server thread/INFO] [me.yurtema.searchlights.Searchlights/]: HELLO from server starting
[17Aug2026 23:01:10.240] [Render thread/INFO] [net.minecraft.server.level.progress.LoggerChunkProgressListener/]: Preparing spawn area: 0%
[17Aug2026 23:01:10.240] [Render thread/INFO] [net.minecraft.server.level.progress.LoggerChunkProgressListener/]: Time elapsed: 18 ms
[17Aug2026 23:01:10.244] [Server thread/INFO] [net.minecraft.client.server.IntegratedServer/]: Changing simulation distance to 10, from 0
[17Aug2026 23:01:10.291] [Render thread/INFO] [dev.ryanhcode.sable.Sable/]: Adding local UDP server channel future
[17Aug2026 23:01:10.291] [Render thread/WARN] [io.netty.bootstrap.Bootstrap/]: Unknown channel option 'SO_BROADCAST' for channel '[id: 0x7c5c510e]'
[17Aug2026 23:01:10.291] [Netty Server IO #5/INFO] [dev.ryanhcode.sable.Sable/]: Server UDP channel active
[17Aug2026 23:01:10.292] [Render thread/INFO] [dev.ryanhcode.sable.Sable/]: Starting local client UDP channel future
[17Aug2026 23:01:10.293] [Netty Local Client IO #3/INFO] [dev.ryanhcode.sable.Sable/]: Client UDP channel active
[17Aug2026 23:01:10.431] [Server thread/INFO] [net.minecraft.server.players.PlayerList/]: Eutio[local:E:4d290d15] logged in with entity id 41 at (-3.5279693871840707, 0.0, 0.30000001192092896)
[17Aug2026 23:01:10.432] [Server thread/INFO] [dev.ryanhcode.sable.Sable/]: Beginning attempted authentication with player Eutio
[17Aug2026 23:01:10.438] [Render thread/INFO] [xaero.hud.minimap.MinimapLogs/]: Minimap required item set to nothing.
[17Aug2026 23:01:10.439] [Render thread/INFO] [xaero.hud.minimap.MinimapLogs/]: New Xaero hud session initialized!
[17Aug2026 23:01:10.448] [Server thread/INFO] [net.minecraft.server.MinecraftServer/]: Eutio joined the game
[17Aug2026 23:01:10.453] [Render thread/INFO] [Iris/]: Reloading pipeline on dimension change: minecraft:overworld => minecraft:overworld
[17Aug2026 23:01:10.453] [Render thread/INFO] [Photonics/]: Photonics history reset v72: reason=pipeline-destroyed, generation=2
[17Aug2026 23:01:10.454] [Render thread/INFO] [Photonics/]: Photonics chunk compiler v72 stopped: pendingSections=0, memory=jvmHeap={usedBytes=1290261984, committedBytes=3812622336, maxBytes=8589934592}, jvmGc={collections=108, timeMs=990}, worldHeap=GpuBufferHeapStats[capacityBytes=536870912, reservedBytes=138455828, liveBytes=138440852, peakLiveBytes=138446676, reusableBytes=14976, allocations=172369, reusedAllocations=60542, frees=60626, failedAllocations=0], paletteHeap=GpuBufferHeapStats[capacityBytes=201326592, reservedBytes=81024, liveBytes=80736, peakLiveBytes=81024, reusableBytes=288, allocations=856, reusedAllocations=12, frees=15, failedAllocations=0], registries={lights=Stats[cachedObjects=1, pendingFreeObjects=0, allocatedObjects=1, failedAllocations=0], palettes=Stats[cachedObjects=841, pendingFreeObjects=0, allocatedObjects=856, failedAllocations=0], blocks=Stats[cachedObjects=1671, pendingFreeObjects=0, allocatedObjects=1856, failedAllocations=0], models=Stats[cachedObjects=36, pendingFreeObjects=0, allocatedObjects=41, failedAllocations=0]}
[17Aug2026 23:01:10.458] [Server thread/INFO] [DistantHorizons-DistantHorizons-com.seibel.distanthorizons.core.api.internal.ServerApi/]: Player [Eutio] joined.
[17Aug2026 23:01:10.459] [Render thread/INFO] [Photonics/]: Photonics light registry contains 127 light definitions for 98 blocks
[17Aug2026 23:01:10.459] [Render thread/INFO] [Iris/]: Destroying pipeline minecraft:overworld
[17Aug2026 23:01:10.480] [Render thread/INFO] [Photonics/]: Loaded ph_lights.json for shader pack 'photon-main (1).zip'
[17Aug2026 23:01:10.486] [Render thread/INFO] [Photonics/]: Photonics light registry contains 231 light definitions for 115 blocks
[17Aug2026 23:01:10.486] [Render thread/INFO] [Photonics/]: Photonics pipeline for 'photon-main (1).zip': enabled=true, mode=RESTIR, blockLight=true, gi=true, blockLightGi=false, handheld=true, shaderPackRenderScale=1.0, renderScale=1.0, giRenderScale=1.0, temporalUpscalerRequested=false, temporalUpscalerSourceScale=1.0, temporalUpscalerActive=false, temporalUpscalerHistoryFrames=8, maxLights=4000, maxSamples=20, restirInitial=32, restirSpatial=0, restirDenoiser=5, restirGiDenoiser=3, restirSoftShadows=false, restirCombinedGi=true
[17Aug2026 23:01:10.686] [DH-Request Module Ticker [minecraft:overworld] Thread[0]/INFO] [DistantHorizons-DistantHorizons-com.seibel.distanthorizons.core.generation.BatchGenerator/]: Batch Chunk Generator initialized
[17Aug2026 23:01:10.686] [DH-Request Module Ticker [minecraft:overworld] Thread[0]/INFO] [DistantHorizons-DistantHorizons-com.seibel.distanthorizons.core.generation.queues.WorldGenerationQueue/]: Creating world gen queue
[17Aug2026 23:01:10.686] [DH-Request Module Ticker [minecraft:overworld] Thread[0]/INFO] [DistantHorizons-DistantHorizons-com.seibel.distanthorizons.core.generation.queues.WorldGenerationQueue/]: Created world gen queue
[17Aug2026 23:01:10.686] [DH-Request Module Ticker [minecraft:overworld] Thread[0]/INFO] [DistantHorizons-DistantHorizons-com.seibel.distanthorizons.core.file.fullDatafile.GeneratedFullDataSourceProvider/]: Set world gen queue for level [minecraft:overworld].
[17Aug2026 23:01:10.712] [DH-Request Module Ticker [minecraft:the_nether] Thread[0]/INFO] [DistantHorizons-DistantHorizons-com.seibel.distanthorizons.core.generation.BatchGenerator/]: Batch Chunk Generator initialized
[17Aug2026 23:01:10.712] [DH-Request Module Ticker [minecraft:the_nether] Thread[0]/INFO] [DistantHorizons-DistantHorizons-com.seibel.distanthorizons.core.generation.queues.WorldGenerationQueue/]: Creating world gen queue
[17Aug2026 23:01:10.712] [DH-Request Module Ticker [minecraft:the_nether] Thread[0]/INFO] [DistantHorizons-DistantHorizons-com.seibel.distanthorizons.core.generation.queues.WorldGenerationQueue/]: Created world gen queue
[17Aug2026 23:01:10.712] [DH-Request Module Ticker [minecraft:the_nether] Thread[0]/INFO] [DistantHorizons-DistantHorizons-com.seibel.distanthorizons.core.file.fullDatafile.GeneratedFullDataSourceProvider/]: Set world gen queue for level [minecraft:the_nether].
[17Aug2026 23:01:10.728] [DH-Request Module Ticker [minecraft:the_end] Thread[0]/INFO] [DistantHorizons-DistantHorizons-com.seibel.distanthorizons.core.generation.BatchGenerator/]: Batch Chunk Generator initialized
[17Aug2026 23:01:10.728] [DH-Request Module Ticker [minecraft:the_end] Thread[0]/INFO] [DistantHorizons-DistantHorizons-com.seibel.distanthorizons.core.generation.queues.WorldGenerationQueue/]: Creating world gen queue
[17Aug2026 23:01:10.728] [DH-Request Module Ticker [minecraft:the_end] Thread[0]/INFO] [DistantHorizons-DistantHorizons-com.seibel.distanthorizons.core.generation.queues.WorldGenerationQueue/]: Created world gen queue
[17Aug2026 23:01:10.728] [DH-Request Module Ticker [minecraft:the_end] Thread[0]/INFO] [DistantHorizons-DistantHorizons-com.seibel.distanthorizons.core.file.fullDatafile.GeneratedFullDataSourceProvider/]: Set world gen queue for level [minecraft:the_end].
[17Aug2026 23:01:10.731] [Render thread/INFO] [Photonics/]: Photonics feature increment: v65 upstream traversal guard, hand texture-normal evaluation, immature-history edge variance, and variance-guided full SVGF passes; direct-light-v64 proxy ownership retained
[17Aug2026 23:01:10.731] [Render thread/INFO] [Photonics/]: Photonics GI foundation v99: finite full-position indirect reservoirs, corrected primary-ray origin/origin rebasing/explicit sky hits, Jacobian-weighted world-hit temporal reuse for world and Sable receivers, geometric-normal-consistent indirect energy, explicit empty non-world reservoirs, hand temporal isolation, and selected-reservoir visibility validation
[17Aug2026 23:01:10.731] [Render thread/INFO] [Photonics/]: Photonics ReSTIR GI v79: combinedGi=true, splitGi=false, directScale=1.0, giScale=1.0, directDenoiserPasses=5, giDenoiserPasses=3, giPipeline=independent-frag-grid+reservoirs+history+svgf, composition=post-estimator-screen-space
[17Aug2026 23:01:10.731] [Render thread/INFO] [Photonics/]: Photonics split-GI reconstruction v81: receiver-aware four-tap interpolation with unsupported-pixel nearest-compatible fallback
[17Aug2026 23:01:10.731] [Render thread/INFO] [Photonics/]: Photonics GI stability v82: world-hit temporal reservoir reuse enabled for rigidly reprojected Sable receivers; hand history remains isolated
[17Aug2026 23:01:10.731] [Render thread/INFO] [Photonics/]: Photonics GI stability v128: radiance history follows stable block-state changes; initial loads, skylight settling, copied-state identity changes, and streamed voxel layout revisions remain path-validation-only; GI history stays eligible while voxel layout is unsettled and changed paths are rejected locally
[17Aug2026 23:01:10.731] [Render thread/INFO] [Photonics/]: Photonics GI stability v133: initial all-air population is path-validation-only, real content edits invalidate regional radiance, and geometrically validated zero-radiance history recovery remains eligible after layout settling
[17Aug2026 23:01:10.731] [Render thread/INFO] [Photonics/]: Photonics GI stability v138: current GI batches require published-tree readiness rather than the settling delay; unresolved r7 samples are invalidated before SVGF spatial filtering
[17Aug2026 23:01:10.731] [Render thread/INFO] [Photonics/]: Photonics direct startup v100: unbiased logarithmic camera-rank strata for large light lists with exact compact-list prefix proposals
[17Aug2026 23:01:10.731] [Render thread/INFO] [Photonics/]: Photonics direct visibility v107: requestedLanes=1, effectiveLanes=1, policy=disjoint-proposal-lanes/exact-original-pdf/visibility-before-unbiased-lane-merge
[17Aug2026 23:01:10.731] [Render thread/INFO] [Photonics/]: Photonics ReSTIR GI transport v85+: stochastic tinted-glass traversal and endpoint-first transparent-hit validation
[17Aug2026 23:01:10.731] [Render thread/INFO] [Photonics/]: Photonics GI environment v115: initialized independently in the indirect pass; native Photon reads direct sun and hemispherical skylight from colortex4; sunProposalDiagnostic=false
[17Aug2026 23:01:10.731] [Render thread/INFO] [Photonics/]: Photonics GI environment v117: environment proposals remain active during section streaming; the v116 global pause was removed because it created camera-dependent dark fill
[17Aug2026 23:01:10.731] [Render thread/INFO] [Photonics/]: Photonics world upload v117: voxel-tree mutation is fenced before allocator reuse; tree-dependent uniforms remain published after the completed upload
[17Aug2026 23:01:10.731] [Render thread/INFO] [Photonics/]: Photonics stability v86: deterministic thin-cutout GI coverage and bounded palette-heap compiler recovery probes
[17Aug2026 23:01:10.731] [Render thread/INFO] [Photonics/]: Photonics ReSTIR GI validation v88: triState=valid/blocked-current-receiver/stale, blockedHistoryM=preserved-once-with-zero-energy, staleHistoryM=excluded, maxTemporalCandidates=1, maxSpatialCandidates=1, maxTraversalSteps=128
[17Aug2026 23:01:10.731] [Render thread/INFO] [Photonics/]: Photonics feature set: direct-light-v64 expiring Contraption Lights proxy ownership with a conservative nearby unmatched-proxy quarantine, position-matched Sable light alias trail with registry/profile diagnostics and render-thread-owned external merge, full-precision motion-grid Sable receiver visibility and endpoint-safe conservative traversal, dual-space Sable light de-duplication, production composite restored after v57 reservoir diagnostics, corrected indirect hit-normal decoding, full temporal reservoir retention for Sable external lighting, randomized systematic world-light proposals, Sable skylight-transition diagnostics with opt-in getter freeze, post-denoise exact Sable-local direct stream and fail-closed same-domain visibility, camera-relative double-composed Sable reprojection, normal-guided receiver classification, tri-state same-sublevel visibility and conservative supercover voxel traversal, sampling-time receiver-domain partition with exact same-sublevel direct lighting, external-only Sable reservoirs and soft-shadow local-visibility-signature-guided Sable SVGF support, preserved all-zero current proposal batches, elapsed-time moving-light hysteresis and unsnapped render-pose positions, rejected spatial-batch accounting, receiver-domain-complete stable/external history partition and rigid-motion Sable spatial reuse, bounded visibility-rejected reservoirs and representative-scoped external reactivity, split stable/external accumulation histories and stale Sable material recovery, explicit emitter motion-domain identity, motion-domain-stable receiver-relative light-history limits, previous-light position metadata, rotation-correct cross-sublevel motion, guarded ordinary-world all-light and external-only Sable single-neighbor spatial reuse, immutable spatial input, current-receiver visibility validation, bounded spatial history, independent spatial random stream, bounded reservoirs, zero-contribution batch accounting, actual-motion reactive lights, stable-anchor Sable reprojection, surface-plane SVGF, visibility-transition provenance, stable Sable identity, current-visible temporal reuse, Sable plot-section isolation, deterministic diagonal cutouts, generation-aligned adaptive stratified ReSTIR proposals, exposed-face Sable local visibility, duplicate Veil point-light suppression, moving-light and Iris material bridges; finite-segment OOB visibility and tree-origin tracing, masked passes, texture barriers, accumulation, denoising, handheld; Sable-receiver world/cross-sublevel spatial reuse and combined GI compatibility gates active
[17Aug2026 23:01:10.732] [Render thread/INFO] [Photonics/]: Photonics ReSTIR configuration v107: directCandidatesPerPixel=32, directTemporalSampleCap=640, directVisibilityLanes=1, directOutputSampleCap=world-128/sable-temporal-cap, spatialCandidates=0, spatialRadiusPixels=5.0, output=split-direct-and-gi-radiance-plus-exact-sable-local, samplingPolicy=large-list-logarithmic-rank-strata+compact-list-systematic-prefix-tail+distinct-priority-prefix/sable-external-reservoir/exact-all-same-token-lights/fail-closed-tri-state-conservative-local-dda/full-precision-motion-grid-receiver/normal-biased-endpoint/preserved-zero-current-batches, spatialPolicy=receiver-matched-current-frame/external-only-sable/current-rejection-accounting/immutable-input/initial-batch-cap+rejected-fallback-cap+background-finalization, historyPolicy=receiver-domain-complete-split-stable-external/direct-only-full-rigid-local-history/camera-relative-double-compose/normal-guided-receiver/soft-local-signature-reset/visibility-transition-reset/representative-scoped-external-reactivity/explicit-emitter-domain/0.15-block-trail/2-frame-floor, lightListPolicy=position-matched-250ms-alias-trail/250ms-after-loss-minecraft-light-proxy-ownership/125ms+2-frame-unmatched-proxy-quarantine/3-cell-alias-radius/render-thread-owned-merge, motionHoldMs=250, denoiserPolicy=post-denoise-exact-local-hard-shadow+representative-gated-world+soft-local-signature-sable, sableSkyLightDiagnostic=transition-log/optional-freeze-getter, directDenoiserPasses=5, giDenoiserPasses=3, softShadows=false, combinedGi=true, splitGi=false
[17Aug2026 23:01:10.734] [Render thread/INFO] [Photonics/]: Photonics framebuffer capacity v68: buffer=side-a, attachments=8, maxDrawBuffers=8, maxColorAttachments=8
[17Aug2026 23:01:10.734] [Render thread/INFO] [Photonics/]: Photonics framebuffer capacity v68: buffer=side-b, attachments=8, maxDrawBuffers=8, maxColorAttachments=8
[17Aug2026 23:01:10.734] [Render thread/INFO] [Photonics/]: Photonics history reset v18: reason=pipeline-created, generation=3, dimension=minecraft:overworld
[17Aug2026 23:01:10.735] [Render thread/INFO] [Iris/]: Creating pipeline for dimension minecraft:overworld
[17Aug2026 23:01:10.810] [Render thread/INFO] [org.anarres.cpp.DefaultPreprocessorListener/]: null:0:0: error: #endif without #if
[17Aug2026 23:01:10.882] [Render thread/INFO] [org.anarres.cpp.DefaultPreprocessorListener/]: null:0:0: error: #endif without #if
[17Aug2026 23:01:10.914] [Render thread/INFO] [org.anarres.cpp.DefaultPreprocessorListener/]: null:0:0: error: #endif without #if
[17Aug2026 23:01:10.930] [Render thread/INFO] [org.anarres.cpp.DefaultPreprocessorListener/]: null:0:0: error: #endif without #if
[17Aug2026 23:01:10.949] [Render thread/INFO] [org.anarres.cpp.DefaultPreprocessorListener/]: null:0:0: error: #endif without #if
[17Aug2026 23:01:10.963] [Render thread/INFO] [org.anarres.cpp.DefaultPreprocessorListener/]: null:0:0: error: #endif without #if
[17Aug2026 23:01:10.974] [Render thread/INFO] [org.anarres.cpp.DefaultPreprocessorListener/]: null:0:0: error: #endif without #if
[17Aug2026 23:01:10.985] [Render thread/INFO] [org.anarres.cpp.DefaultPreprocessorListener/]: null:0:0: error: #endif without #if
[17Aug2026 23:01:10.996] [Render thread/INFO] [org.anarres.cpp.DefaultPreprocessorListener/]: null:0:0: error: #endif without #if
[17Aug2026 23:01:11.007] [Render thread/INFO] [org.anarres.cpp.DefaultPreprocessorListener/]: null:0:0: error: #endif without #if
[17Aug2026 23:01:11.017] [Render thread/INFO] [org.anarres.cpp.DefaultPreprocessorListener/]: null:0:0: error: #endif without #if
[17Aug2026 23:01:11.278] [Render thread/WARN] [flywheel/]: Flywheel backend fell back from 'flywheel:indirect' to 'flywheel:off'
[17Aug2026 23:01:11.280] [Render thread/INFO] [ChunkBuilder/]: Started 10 worker threads
[17Aug2026 23:01:11.300] [Render thread/INFO] [xaero.hud.minimap.MinimapLogs/]: Minimap updated server level id: -1668003663 for world ResourceKey[minecraft:dimension / minecraft:overworld]
[17Aug2026 23:01:11.301] [Render thread/INFO] [net.minecraft.advancements.AdvancementTree/]: Loaded 35 advancements
[17Aug2026 23:01:11.303] [Render thread/INFO] [Photonics/]: Photonics v32 ignored Sable plot section notification: filtered=2048, sectionX=1280064, sectionZ=1280066
[17Aug2026 23:01:11.316] [Photonics Light List Compiler/INFO] [Photonics/]: Photonics light candidates v18: eligible=15, selected=15, maxLights=4000, lightSections=7, capped=false
[17Aug2026 23:01:11.332] [Photonics Light List Compiler/INFO] [Photonics/]: Photonics light-list publication v88: coalescedBatches=2, peakPendingSections=33, remainingSections=0, deferredMs=4.847
[17Aug2026 23:01:11.333] [Render thread/INFO] [Photonics/]: Photonics v24 Sable moving lights: 0 -> 1 (structures=1, sourceLights=1)
[17Aug2026 23:01:11.333] [Render thread/INFO] [Photonics/]: Photonics v35 Sable reactive lights: moving=1, stationary=0, uploaded=1
[17Aug2026 23:01:11.333] [Render thread/INFO] [Photonics/]: Photonics v43 Sable source validation: zeroLuminanceButTraced=0, rejectedMaterial=0, recoveredStaleMaterial=0, firstIssue=none
[17Aug2026 23:01:11.333] [Render thread/INFO] [Photonics/]: Photonics v55 Sable skylight transition: subLevel=2ce14329-0ec4-496e-b792-8a096ef6a10c, scale=initial -> 15, logicalY=0.49747 (cell 0), renderY=0.49747 (cell 0), cameraY=1.62000 (cell 1)
[17Aug2026 23:01:11.333] [Render thread/INFO] [Photonics/]: Photonics v27 Sable geometry atlas rebuilt: rebuild=1, subLevels=1, receiverCells=1, occluderCells=0, size=4x1x1, precision=solid-block-cell, payloadHash=2b2f41
[17Aug2026 23:01:11.333] [Render thread/INFO] [Photonics/]: Photonics v24 Sable receiver motion: 0 -> 1
[17Aug2026 23:01:11.333] [Render thread/INFO] [Photonics/]: Photonics world tracing v138: layoutRevision=0, layoutReason=none, sceneRevision=0, settled=false, compiledSections=0, trackedSections=0, batchBuilt=0, batchUnloaded=0, pendingBuilds=0, pendingUnloads=0, ready=false, depth=0, blockBounds=( 0.000E+0  0.000E+0  0.000E+0)..( 0.000E+0  0.000E+0  0.000E+0), treeBounds=( 0.000E+0  0.000E+0  0.000E+0)..( 0.000E+0  0.000E+0  0.000E+0), origin=( 0.000E+0  0.000E+0  0.000E+0), sceneChangeBounds=none, boundsSource=tree, compileMs=0.000
[17Aug2026 23:01:11.333] [Render thread/INFO] [Photonics/]: Photonics v64 external-light de-duplication: suppressedSectionLights=1, aliasBlockIdMatches=0, aliasLightProfileMatches=0, aliasPositionFallbacks=1, confirmedProxySuppressions=0, quarantinedProxyLights=0, trackedProxyCells=1, replacementAliases=2, externalLights=1, firstSuppressed=(-2.000E+1  0.000E+0  4.700E+1)
[17Aug2026 23:01:11.333] [Render thread/INFO] [Photonics/]: Photonics light list pending: 0 -> 15
[17Aug2026 23:01:11.333] [Render thread/INFO] [Photonics/]: Photonics v35 direct-light prefixes: movingLights=1, externalLights=1, totalLights=15, proposalBudget=adaptive-half-candidates
[17Aug2026 23:01:11.465] [Render thread/INFO] [ChunkBuilder/]: Stopping worker threads
[17Aug2026 23:01:11.467] [Render thread/INFO] [ChunkBuilder/]: Started 10 worker threads
[17Aug2026 23:01:11.469] [Render thread/WARN] [flywheel/]: Flywheel backend fell back from 'flywheel:indirect' to 'flywheel:off'
[17Aug2026 23:01:11.474] [Render thread/INFO] [DistantHorizons-DistantHorizons-com.seibel.distanthorizons.common.render.openGl.glObject.shader.GlShader/]: Loading shader with type: [35633]
[17Aug2026 23:01:11.474] [Render thread/INFO] [DistantHorizons-DistantHorizons-com.seibel.distanthorizons.common.render.openGl.glObject.shader.GlShader/]: Shader loaded sucessfully.
[17Aug2026 23:01:11.474] [Render thread/INFO] [DistantHorizons-DistantHorizons-com.seibel.distanthorizons.common.render.openGl.glObject.shader.GlShader/]: Loading shader with type: [35632]
[17Aug2026 23:01:11.474] [Render thread/INFO] [DistantHorizons-DistantHorizons-com.seibel.distanthorizons.common.render.openGl.glObject.shader.GlShader/]: Shader loaded sucessfully.
[17Aug2026 23:01:11.475] [Render thread/INFO] [DistantHorizons-DistantHorizons-com.seibel.distanthorizons.common.render.openGl.glObject.vertexAttribute.GlVertexAttributePostGL43/]: Vertex Attribute (GL43+) completed. It contains 1 binding points and a stride size of 12
[17Aug2026 23:01:11.475] [Render thread/INFO] [DistantHorizons-DistantHorizons-com.seibel.distanthorizons.common.render.openGl.glObject.shader.GlShader/]: Loading shader with type: [35633]
[17Aug2026 23:01:11.475] [Render thread/INFO] [DistantHorizons-DistantHorizons-com.seibel.distanthorizons.common.render.openGl.glObject.shader.GlShader/]: Shader loaded sucessfully.
[17Aug2026 23:01:11.475] [Render thread/INFO] [DistantHorizons-DistantHorizons-com.seibel.distanthorizons.common.render.openGl.glObject.shader.GlShader/]: Loading shader with type: [35632]
[17Aug2026 23:01:11.475] [Render thread/INFO] [DistantHorizons-DistantHorizons-com.seibel.distanthorizons.common.render.openGl.glObject.shader.GlShader/]: Shader loaded sucessfully.
[17Aug2026 23:01:11.475] [Render thread/INFO] [DistantHorizons-DistantHorizons-com.seibel.distanthorizons.common.render.openGl.glObject.vertexAttribute.GlVertexAttributePostGL43/]: Vertex Attribute (GL43+) completed. It contains 1 binding points and a stride size of 12
[17Aug2026 23:01:11.476] [Render thread/INFO] [top.leonx.irisveil.IrisVeilCompat/]: IrisVeilCompat: using Block program with dithering for translucent 'aeronautics:levitite/levitite'
[17Aug2026 23:01:11.519] [Render thread/INFO] [top.leonx.irisveil.IrisVeilCompat/]: IrisVeilCompat: created Iris ShaderInstance for 'aeronautics:levitite/levitite'
[17Aug2026 23:01:11.519] [Photonics Light List Compiler/INFO] [Photonics/]: Photonics light candidates v18: eligible=23, selected=23, maxLights=4000, lightSections=11, capped=false
[17Aug2026 23:01:11.519] [Photonics Light List Compiler/INFO] [Photonics/]: Photonics light-list publication v88: coalescedBatches=35, peakPendingSections=553, remainingSections=0, deferredMs=173.286
[17Aug2026 23:01:11.533] [Render thread/INFO] [Photonics/]: Photonics history reset v18: reason=initial-clear, buffer=side-b, attachments=[ph_frag_data0, ph_frag_data1], size=-1x-1 -> 1476x632
[17Aug2026 23:01:11.533] [Render thread/INFO] [Photonics/]: Photonics history reset v18: reason=initial-clear, buffer=side-a, attachments=[ph_frag_data0, ph_frag_data1], size=-1x-1 -> 1476x632
[17Aug2026 23:01:11.534] [Render thread/INFO] [Photonics/]: Photonics history reset v18: reason=initial-clear, buffer=side-b, attachments=[restir_lighting, restir_lighting_variance, restir_direct_reservoirs0, restir_direct_state, restir_indirect_reservoirs0, restir_indirect_reservoirs1, restir_gi_history_epoch, restir_external_lighting], size=-1x-1 -> 1476x632
[17Aug2026 23:01:11.534] [Render thread/INFO] [Photonics/]: Photonics history reset v18: reason=initial-clear, buffer=side-a, attachments=[restir_lighting, restir_lighting_variance, restir_direct_reservoirs0, restir_direct_state, restir_indirect_reservoirs0, restir_indirect_reservoirs1, restir_gi_history_epoch, restir_external_lighting], size=-1x-1 -> 1476x632
[17Aug2026 23:01:11.535] [Render thread/INFO] [Photonics/]: Photonics history reset v18: reason=initial-clear, buffer=side-a, attachments=[denoise_result], size=-1x-1 -> 1476x632
[17Aug2026 23:01:11.535] [Render thread/INFO] [Photonics/]: Photonics history reset v18: reason=initial-clear, buffer=side-b, attachments=[denoise_result], size=-1x-1 -> 1476x632
[17Aug2026 23:01:11.556] [Photonic Chunk Compiler #1/INFO] [Photonics/]: Photonics voxel diagnostic: state=Block{minecraft:verdant_froglight}[axis=x] vertexHash=42a99fc8626b1d44 complete=true samples=1600 alphaZero=0 alphaPartial=0 alphaOpaque=1600 alphaMean=255.0 alphaRange=255-255 rgbMean=[217.2,237.8,214.8] rgbRange=[120-248,166-253,92-248] voxels=1352 aabb=[0,0,0]-[15,15,15] parts=[( 0.000E+0  0.000E+0  0.000E+0)]
[17Aug2026 23:01:11.557] [Photonic Chunk Compiler #1/INFO] [Photonics/]: Photonics voxel occupancy: state=Block{minecraft:verdant_froglight}[axis=x] part=( 0.000E+0  0.000E+0  0.000E+0) slices=y0=ffff/ffff/ffff/ffff/ffff/ffff/ffff/ffff/ffff/ffff/ffff/ffff/ffff/ffff/ffff/ffff;y1=ffff/8001/8001/8001/8001/8001/8001/8001/8001/8001/8001/8001/8001/8001/8001/ffff;y2=ffff/8001/8001/8001/8001/8001/8001/8001/8001/8001/8001/8001/8001/8001/8001/ffff;y3=ffff/8001/8001/8001/8001/8001/8001/8001/8001/8001/8001/8001/8001/8001/8001/ffff;y4=ffff/8001/8001/8001/8001/8001/8001/8001/8001/8001/8001/8001/8001/8001/8001/ffff;y5=ffff/8001/8001/8001/8001/8001/8001/8001/8001/8001/8001/8001/8001/8001/8001/ffff;y6=ffff/8001/8001/8001/8001/8001/8001/8001/8001/8001/8001/8001/8001/8001/8001/ffff;y7=ffff/8001/8001/8001/8001/8001/8001/8001/8001/8001/8001/8001/8001/8001/8001/ffff;y8=ffff/8001/8001/8001/8001/8001/8001/8001/8001/8001/8001/8001/8001/8001/8001/ffff;y9=ffff/8001/8001/8001/8001/8001/8001/8001/8001/8001/8001/8001/8001/8001/8001/ffff;y10=ffff/8001/8001/8001/8001/8001/8001/8001/8001/8001/8001/8001/8001/8001/8001/ffff;y11=ffff/8001/8001/8001/8001/8001/8001/8001/8001/8001/8001/8001/8001/8001/8001/ffff;y12=ffff/8001/8001/8001/8001/8001/8001/8001/8001/8001/8001/8001/8001/8001/8001/ffff;y13=ffff/8001/8001/8001/8001/8001/8001/8001/8001/8001/8001/8001/8001/8001/8001/ffff;y14=ffff/8001/8001/8001/8001/8001/8001/8001/8001/8001/8001/8001/8001/8001/8001/ffff;y15=ffff/ffff/ffff/ffff/ffff/ffff/ffff/ffff/ffff/ffff/ffff/ffff/ffff/ffff/ffff/ffff
[17Aug2026 23:01:11.558] [Photonic Chunk Compiler #0/INFO] [Photonics/]: Photonics voxel diagnostic: state=Block{minecraft:verdant_froglight}[axis=z] vertexHash=def5254c1e4ab138 complete=true samples=1592 alphaZero=0 alphaPartial=0 alphaOpaque=1592 alphaMean=255.0 alphaRange=255-255 rgbMean=[217.2,237.8,214.8] rgbRange=[120-248,166-253,92-248] voxels=1338 aabb=[0,0,0]-[15,15,15] parts=[( 0.000E+0  0.000E+0  0.000E+0)]
[17Aug2026 23:01:11.558] [Photonic Chunk Compiler #0/INFO] [Photonics/]: Photonics voxel occupancy: state=Block{minecraft:verdant_froglight}[axis=z] part=( 0.000E+0  0.000E+0  0.000E+0) slices=y0=ffff/bfff/dfff/efff/f7ff/fbff/fdff/feff/ffff/ffff/ffff/ffff/ffff/ffff/ffff/ffff;y1=ffff/8001/8001/8001/8001/8001/8001/8001/8001/8001/8001/8001/8001/8001/8000/ffff;y2=ffff/8001/8001/8001/8001/8001/8001/8001/8001/8001/8001/8001/8001/8000/8001/ffff;y3=ffff/8001/8001/8001/8001/8001/8001/8001/8001/8001/8001/8001/8000/8001/8001/ffff;y4=ffff/8001/8001/8001/8001/8001/8001/8001/8001/8001/8001/8000/8001/8001/8001/ffff;y5=ffff/8001/8001/8001/8001/8001/8001/8001/8001/8001/8000/8001/8001/8001/8001/ffff;y6=ffff/8001/8001/8001/8001/8001/8001/8001/8001/8000/8001/8001/8001/8001/8001/ffff;y7=ffff/8001/8001/8001/8001/8001/8001/8001/8000/8001/8001/8001/8001/8001/8001/ffff;y8=ffff/8001/8001/8001/8001/8001/8001/8001/8001/8001/8001/8001/8001/8001/8001/ffff;y9=ffff/8001/8001/8001/8001/8001/8001/8001/8001/8001/8001/8001/8001/8001/8001/ffff;y10=ffff/8001/8001/8001/8001/8001/8001/8001/8001/8001/8001/8001/8001/8001/8001/ffff;y11=ffff/8001/8001/8001/8001/8001/8001/8001/8001/8001/8001/8001/8001/8001/8001/ffff;y12=ffff/8001/8001/8001/8001/8001/8001/8001/8001/8001/8001/8001/8001/8001/8001/ffff;y13=ffff/8001/8001/8001/8001/8001/8001/8001/8001/8001/8001/8001/8001/8001/8001/ffff;y14=ffff/8001/8001/8001/8001/8001/8001/8001/8001/8001/8001/8001/8001/8001/8001/ffff;y15=ffff/ffff/ffff/ffff/ffff/ffff/ffff/ffff/ffff/ffff/ffff/ffff/ffff/ffff/ffff/ffff
[17Aug2026 23:01:11.566] [Render thread/INFO] [Photonics/]: Photonics light list pending: 15 -> 23
[17Aug2026 23:01:11.569] [Photonic Chunk Compiler #0/INFO] [Photonics/]: Photonics voxel diagnostic: state=Block{minecraft:verdant_froglight}[axis=y] vertexHash=d3545a32724ab138 complete=true samples=1600 alphaZero=0 alphaPartial=0 alphaOpaque=1600 alphaMean=255.0 alphaRange=255-255 rgbMean=[217.1,237.8,214.6] rgbRange=[120-248,166-253,92-248] voxels=1352 aabb=[0,0,0]-[15,15,15] parts=[( 0.000E+0  0.000E+0  0.000E+0)]
[17Aug2026 23:01:11.570] [Photonic Chunk Compiler #0/INFO] [Photonics/]: Photonics voxel occupancy: state=Block{minecraft:verdant_froglight}[axis=y] part=( 0.000E+0  0.000E+0  0.000E+0) slices=y0=ffff/ffff/ffff/ffff/ffff/ffff/ffff/ffff/ffff/ffff/ffff/ffff/ffff/ffff/ffff/ffff;y1=ffff/8001/8001/8001/8001/8001/8001/8001/8001/8001/8001/8001/8001/8001/8001/ffff;y2=ffff/8001/8001/8001/8001/8001/8001/8001/8001/8001/8001/8001/8001/8001/8001/ffff;y3=ffff/8001/8001/8001/8001/8001/8001/8001/8001/8001/8001/8001/8001/8001/8001/ffff;y4=ffff/8001/8001/8001/8001/8001/8001/8001/8001/8001/8001/8001/8001/8001/8001/ffff;y5=ffff/8001/8001/8001/8001/8001/8001/8001/8001/8001/8001/8001/8001/8001/8001/ffff;y6=ffff/8001/8001/8001/8001/8001/8001/8001/8001/8001/8001/8001/8001/8001/8001/ffff;y7=ffff/8001/8001/8001/8001/8001/8001/8001/8001/8001/8001/8001/8001/8001/8001/ffff;y8=ffff/8001/8001/8001/8001/8001/8001/8001/8001/8001/8001/8001/8001/8001/8001/ffff;y9=ffff/8001/8001/8001/8001/8001/8001/8001/8001/8001/8001/8001/8001/8001/8001/ffff;y10=ffff/8001/8001/8001/8001/8001/8001/8001/8001/8001/8001/8001/8001/8001/8001/ffff;y11=ffff/8001/8001/8001/8001/8001/8001/8001/8001/8001/8001/8001/8001/8001/8001/ffff;y12=ffff/8001/8001/8001/8001/8001/8001/8001/8001/8001/8001/8001/8001/8001/8001/ffff;y13=ffff/8001/8001/8001/8001/8001/8001/8001/8001/8001/8001/8001/8001/8001/8001/ffff;y14=ffff/8001/8001/8001/8001/8001/8001/8001/8001/8001/8001/8001/8001/8001/8001/ffff;y15=ffff/ffff/ffff/ffff/ffff/ffff/ffff/ffff/ffff/ffff/ffff/ffff/ffff/ffff/ffff/ffff
[17Aug2026 23:01:11.699] [Render thread/INFO] [Photonics/]: Photonics v35 Sable reactive lights: moving=0, stationary=1, uploaded=1
[17Aug2026 23:01:11.699] [Render thread/INFO] [Photonics/]: Photonics v35 direct-light prefixes: movingLights=0, externalLights=1, totalLights=23, proposalBudget=adaptive-half-candidates
[17Aug2026 23:01:11.854] [Photonics Light List Compiler/INFO] [Photonics/]: Photonics light candidates v18: eligible=24, selected=24, maxLights=4000, lightSections=12, capped=false
[17Aug2026 23:01:11.854] [Photonics Light List Compiler/INFO] [Photonics/]: Photonics light-list publication v88: coalescedBatches=43, peakPendingSections=744, remainingSections=509, deferredMs=253.095
[17Aug2026 23:01:11.903] [Render thread/INFO] [Photonics/]: Photonics light list pending: 23 -> 24
[17Aug2026 23:01:12.117] [Photonics Light List Compiler/INFO] [Photonics/]: Photonics light-list publication v88: coalescedBatches=45, peakPendingSections=872, remainingSections=616, deferredMs=251.030
[17Aug2026 23:01:12.355] [Render thread/INFO] [Photonics/]: Photonics world tracing v138: layoutRevision=9, layoutReason=streaming-or-rebuild, sceneRevision=0, settled=false, compiledSections=344, trackedSections=1983, batchBuilt=48, batchUnloaded=0, pendingBuilds=75, pendingUnloads=0, ready=true, depth=6, blockBounds=( 1.280E+2  1.280E+2  9.600E+1)..( 3.680E+2  2.240E+2  3.200E+2), treeBounds=( 0.000E+0  0.000E+0  0.000E+0)..( 1.024E+3  1.024E+3  1.024E+3), origin=(-2.560E+2 -1.920E+2 -1.920E+2), sceneChangeBounds=none, boundsSource=compiled, compileMs=37.217
[17Aug2026 23:01:12.370] [Photonics Light List Compiler/INFO] [Photonics/]: Photonics light-list publication v88: coalescedBatches=22, peakPendingSections=828, remainingSections=495, deferredMs=250.252
[17Aug2026 23:01:12.627] [Photonics Light List Compiler/INFO] [Photonics/]: Photonics light candidates v18: eligible=89, selected=89, maxLights=4000, lightSections=13, capped=false
[17Aug2026 23:01:12.627] [Photonics Light List Compiler/INFO] [Photonics/]: Photonics light-list publication v88: coalescedBatches=26, peakPendingSections=482, remainingSections=0, deferredMs=251.659
[17Aug2026 23:01:12.629] [Render thread/INFO] [Photonics/]: Photonics light list pending: 24 -> 89
[17Aug2026 23:01:13.423] [Render thread/INFO] [Photonics/]: Photonics world tracing v138: layoutRevision=23, layoutReason=streaming-or-rebuild, sceneRevision=0, settled=false, compiledSections=1016, trackedSections=2012, batchBuilt=48, batchUnloaded=0, pendingBuilds=96, pendingUnloads=0, ready=true, depth=6, blockBounds=( 8.000E+1  1.280E+2  3.200E+1)..( 4.160E+2  2.240E+2  3.680E+2), treeBounds=( 0.000E+0  0.000E+0  0.000E+0)..( 1.024E+3  1.024E+3  1.024E+3), origin=(-2.560E+2 -1.920E+2 -1.920E+2), sceneChangeBounds=none, boundsSource=compiled, compileMs=86.754
[17Aug2026 23:01:14.492] [Render thread/INFO] [Photonics/]: Photonics world tracing v138: layoutRevision=35, layoutReason=streaming-or-rebuild, sceneRevision=0, settled=false, compiledSections=1592, trackedSections=2012, batchBuilt=48, batchUnloaded=0, pendingBuilds=96, pendingUnloads=0, ready=true, depth=6, blockBounds=( 8.000E+1  1.280E+2  3.200E+1)..( 4.160E+2  2.240E+2  3.680E+2), treeBounds=( 0.000E+0  0.000E+0  0.000E+0)..( 1.024E+3  1.024E+3  1.024E+3), origin=(-2.560E+2 -1.920E+2 -1.920E+2), sceneChangeBounds=none, boundsSource=compiled, compileMs=70.384
[17Aug2026 23:01:15.828] [Render thread/INFO] [Photonics/]: Photonics pass timing v73: group=frag data, passes=[frag data], viewport=1476x632, megapixels=0.933, cpuInvocations=194, cpuSubmitAvgMs=0.048, cpuSubmitMaxMs=0.134, gpuSamples=49, gpuAvgMs=0.052, gpuMaxMs=0.075, gpuAvgMsPerMP=0.056
[17Aug2026 23:01:15.828] [Render thread/INFO] [Photonics/]: Photonics frame throughput v78: viewport=1476x632, windowSeconds=5.008, renderedFrames=194, fps=38.740, frameAvgMs=25.813
[17Aug2026 23:01:15.910] [Render thread/INFO] [Photonics/]: Photonics pass timing v73: group=restir direct, passes=[initial direct + visibility], viewport=1476x632, megapixels=0.933, cpuInvocations=199, cpuSubmitAvgMs=0.031, cpuSubmitMaxMs=0.183, gpuSamples=50, gpuAvgMs=0.279, gpuMaxMs=0.301, gpuAvgMsPerMP=0.299
[17Aug2026 23:01:15.927] [Render thread/INFO] [Photonics/]: Photonics pass timing v73: group=restir gi initial, passes=[initial indirect], viewport=1476x632, megapixels=0.933, cpuInvocations=200, cpuSubmitAvgMs=0.012, cpuSubmitMaxMs=0.034, gpuSamples=50, gpuAvgMs=0.278, gpuMaxMs=0.310, gpuAvgMsPerMP=0.298
[17Aug2026 23:01:15.944] [Render thread/INFO] [Photonics/]: Photonics pass timing v73: group=restir temporal, passes=[temporal reuse + tri-state GI classification], viewport=1476x632, megapixels=0.933, cpuInvocations=201, cpuSubmitAvgMs=0.017, cpuSubmitMaxMs=0.042, gpuSamples=50, gpuAvgMs=0.342, gpuMaxMs=0.378, gpuAvgMsPerMP=0.366
[17Aug2026 23:01:15.960] [Render thread/INFO] [Photonics/]: Photonics pass timing v73: group=restir spatial, passes=[spatial reuse/clamp + tri-state GI classification], viewport=1476x632, megapixels=0.933, cpuInvocations=202, cpuSubmitAvgMs=0.012, cpuSubmitMaxMs=0.030, gpuSamples=51, gpuAvgMs=0.128, gpuMaxMs=0.133, gpuAvgMsPerMP=0.137
[17Aug2026 23:01:15.977] [Render thread/INFO] [Photonics/]: Photonics pass timing v73: group=restir diffuse, passes=[diffuse], viewport=1476x632, megapixels=0.933, cpuInvocations=203, cpuSubmitAvgMs=0.010, cpuSubmitMaxMs=0.026, gpuSamples=51, gpuAvgMs=0.182, gpuMaxMs=0.200, gpuAvgMsPerMP=0.196
[17Aug2026 23:01:15.993] [Render thread/INFO] [Photonics/]: Photonics pass timing v73: group=restir accumulation, passes=[accumulation], viewport=1476x632, megapixels=0.933, cpuInvocations=204, cpuSubmitAvgMs=0.015, cpuSubmitMaxMs=0.038, gpuSamples=51, gpuAvgMs=0.468, gpuMaxMs=0.507, gpuAvgMsPerMP=0.502
[17Aug2026 23:01:15.994] [Render thread/INFO] [Photonics/]: Photonics pass timing v73: group=svgf variance, passes=[variance prefilter], viewport=1476x632, megapixels=0.933, cpuInvocations=204, cpuSubmitAvgMs=0.010, cpuSubmitMaxMs=0.030, gpuSamples=51, gpuAvgMs=0.608, gpuMaxMs=0.677, gpuAvgMsPerMP=0.652
[17Aug2026 23:01:16.010] [Render thread/INFO] [Photonics/]: Photonics pass timing v73: group=svgf atrous, passes=[atrous iteration], viewport=1476x632, megapixels=0.933, cpuInvocations=1021, cpuSubmitAvgMs=0.004, cpuSubmitMaxMs=0.032, gpuSamples=255, gpuAvgMs=0.371, gpuMaxMs=0.471, gpuAvgMsPerMP=0.398
[17Aug2026 23:01:16.029] [Render thread/INFO] [Photonics/]: Photonics pass timing v73: group=restir local, passes=[exact local direct], viewport=1476x632, megapixels=0.933, cpuInvocations=206, cpuSubmitAvgMs=0.013, cpuSubmitMaxMs=0.034, gpuSamples=52, gpuAvgMs=0.011, gpuMaxMs=0.013, gpuAvgMsPerMP=0.012
[17Aug2026 23:01:16.029] [Render thread/INFO] [Photonics/]: Photonics pass timing v73: group=restir handheld, passes=[handheld], viewport=1476x632, megapixels=0.933, cpuInvocations=206, cpuSubmitAvgMs=0.014, cpuSubmitMaxMs=0.068, gpuSamples=52, gpuAvgMs=0.010, gpuMaxMs=0.012, gpuAvgMsPerMP=0.010
[17Aug2026 23:01:17.313] [Render thread/INFO] [Photonics/]: Photonics world tracing v138: layoutRevision=44, layoutReason=streaming-or-rebuild, sceneRevision=0, settled=true, compiledSections=2012, trackedSections=2012, batchBuilt=36, batchUnloaded=0, pendingBuilds=0, pendingUnloads=0, ready=true, depth=6, blockBounds=( 8.000E+1  1.280E+2  3.200E+1)..( 4.160E+2  2.240E+2  3.680E+2), treeBounds=( 0.000E+0  0.000E+0  0.000E+0)..( 1.024E+3  1.024E+3  1.024E+3), origin=(-2.560E+2 -1.920E+2 -1.920E+2), sceneChangeBounds=none, boundsSource=compiled, compileMs=74.605
[17Aug2026 23:01:17.313] [Render thread/INFO] [Photonics/]: Photonics memory v72: jvmHeap={usedBytes=3577695152, committedBytes=3858759680, maxBytes=8589934592}, jvmGc={collections=122, timeMs=1179}, worldHeap=GpuBufferHeapStats[capacityBytes=536870912, reservedBytes=135747540, liveBytes=135746484, peakLiveBytes=135746580, reusableBytes=1056, allocations=109418, reusedAllocations=131, frees=136, failedAllocations=0], paletteHeap=GpuBufferHeapStats[capacityBytes=201326592, reservedBytes=58272, liveBytes=58272, peakLiveBytes=58272, reusableBytes=0, allocations=607, reusedAllocations=0, frees=0, failedAllocations=0], registries={lights=Stats[cachedObjects=1, pendingFreeObjects=0, allocatedObjects=1, failedAllocations=0], palettes=Stats[cachedObjects=607, pendingFreeObjects=0, allocatedObjects=607, failedAllocations=0], blocks=Stats[cachedObjects=1316, pendingFreeObjects=0, allocatedObjects=1316, failedAllocations=0], models=Stats[cachedObjects=28, pendingFreeObjects=0, allocatedObjects=28, failedAllocations=0]}
[17Aug2026 23:01:20.598] [Render thread/INFO] [Photonics/]: Photonics direct reservoir sample v64: samples=120, populated=69, emptyOrBackground=0, visibilityRejected=51, invalid=0, overLegacyCap=3, overTemporalCap=0, totalSamplesRange=8.5..623.5, viewport=1476x632
[17Aug2026 23:01:20.831] [Render thread/INFO] [Photonics/]: Photonics pass timing v73: group=frag data, passes=[frag data], viewport=1476x632, megapixels=0.933, cpuInvocations=299, cpuSubmitAvgMs=0.027, cpuSubmitMaxMs=0.069, gpuSamples=74, gpuAvgMs=0.051, gpuMaxMs=0.055, gpuAvgMsPerMP=0.055
[17Aug2026 23:01:20.831] [Render thread/INFO] [Photonics/]: Photonics frame throughput v78: viewport=1476x632, windowSeconds=5.003, renderedFrames=299, fps=59.765, frameAvgMs=16.732
[17Aug2026 23:01:20.916] [Render thread/INFO] [Photonics/]: Photonics pass timing v73: group=restir direct, passes=[initial direct + visibility], viewport=1476x632, megapixels=0.933, cpuInvocations=299, cpuSubmitAvgMs=0.019, cpuSubmitMaxMs=0.046, gpuSamples=75, gpuAvgMs=0.291, gpuMaxMs=0.365, gpuAvgMsPerMP=0.312
[17Aug2026 23:01:20.932] [Render thread/INFO] [Photonics/]: Photonics pass timing v73: group=restir gi initial, passes=[initial indirect], viewport=1476x632, megapixels=0.933, cpuInvocations=299, cpuSubmitAvgMs=0.009, cpuSubmitMaxMs=0.028, gpuSamples=75, gpuAvgMs=0.604, gpuMaxMs=1.036, gpuAvgMsPerMP=0.647
[17Aug2026 23:01:20.948] [Render thread/INFO] [Photonics/]: Photonics pass timing v73: group=restir temporal, passes=[temporal reuse + tri-state GI classification], viewport=1476x632, megapixels=0.933, cpuInvocations=299, cpuSubmitAvgMs=0.012, cpuSubmitMaxMs=0.026, gpuSamples=75, gpuAvgMs=0.481, gpuMaxMs=0.913, gpuAvgMsPerMP=0.516
[17Aug2026 23:01:20.966] [Render thread/INFO] [Photonics/]: Photonics pass timing v73: group=restir spatial, passes=[spatial reuse/clamp + tri-state GI classification], viewport=1476x632, megapixels=0.933, cpuInvocations=299, cpuSubmitAvgMs=0.009, cpuSubmitMaxMs=0.028, gpuSamples=74, gpuAvgMs=0.108, gpuMaxMs=0.168, gpuAvgMsPerMP=0.116
[17Aug2026 23:01:20.982] [Render thread/INFO] [Photonics/]: Photonics pass timing v73: group=restir diffuse, passes=[diffuse], viewport=1476x632, megapixels=0.933, cpuInvocations=299, cpuSubmitAvgMs=0.008, cpuSubmitMaxMs=0.016, gpuSamples=75, gpuAvgMs=0.231, gpuMaxMs=0.317, gpuAvgMsPerMP=0.247
[17Aug2026 23:01:20.998] [Render thread/INFO] [Photonics/]: Photonics pass timing v73: group=restir accumulation, passes=[accumulation], viewport=1476x632, megapixels=0.933, cpuInvocations=299, cpuSubmitAvgMs=0.012, cpuSubmitMaxMs=0.049, gpuSamples=75, gpuAvgMs=0.437, gpuMaxMs=0.549, gpuAvgMsPerMP=0.469
[17Aug2026 23:01:20.999] [Render thread/INFO] [Photonics/]: Photonics pass timing v73: group=svgf variance, passes=[variance prefilter], viewport=1476x632, megapixels=0.933, cpuInvocations=299, cpuSubmitAvgMs=0.007, cpuSubmitMaxMs=0.032, gpuSamples=75, gpuAvgMs=0.593, gpuMaxMs=0.693, gpuAvgMsPerMP=0.636
[17Aug2026 23:01:21.015] [Render thread/INFO] [Photonics/]: Photonics pass timing v73: group=svgf atrous, passes=[atrous iteration], viewport=1476x632, megapixels=0.933, cpuInvocations=1495, cpuSubmitAvgMs=0.003, cpuSubmitMaxMs=0.012, gpuSamples=374, gpuAvgMs=0.353, gpuMaxMs=0.469, gpuAvgMsPerMP=0.378
[17Aug2026 23:01:21.031] [Render thread/INFO] [Photonics/]: Photonics pass timing v73: group=restir local, passes=[exact local direct], viewport=1476x632, megapixels=0.933, cpuInvocations=299, cpuSubmitAvgMs=0.009, cpuSubmitMaxMs=0.020, gpuSamples=74, gpuAvgMs=0.011, gpuMaxMs=0.043, gpuAvgMsPerMP=0.012
[17Aug2026 23:01:21.031] [Render thread/INFO] [Photonics/]: Photonics pass timing v73: group=restir handheld, passes=[handheld], viewport=1476x632, megapixels=0.933, cpuInvocations=299, cpuSubmitAvgMs=0.010, cpuSubmitMaxMs=0.062, gpuSamples=74, gpuAvgMs=0.010, gpuMaxMs=0.010, gpuAvgMsPerMP=0.010
[17Aug2026 23:01:23.727] [Photonics Light List Compiler/INFO] [Photonics/]: Photonics light-list publication v88: coalescedBatches=3, peakPendingSections=46, remainingSections=0, deferredMs=7.002
[17Aug2026 23:01:23.746] [Photonics Light List Compiler/INFO] [Photonics/]: Photonics light-list publication v88: coalescedBatches=7, peakPendingSections=58, remainingSections=0, deferredMs=12.643
[17Aug2026 23:01:23.780] [Render thread/INFO] [Photonics/]: Photonics world tracing v138: layoutRevision=45, layoutReason=streaming-or-rebuild, sceneRevision=0, settled=false, compiledSections=2013, trackedSections=2052, batchBuilt=1, batchUnloaded=0, pendingBuilds=17, pendingUnloads=0, ready=true, depth=6, blockBounds=( 8.000E+1  1.280E+2  3.200E+1)..( 4.160E+2  2.240E+2  3.680E+2), treeBounds=( 0.000E+0  0.000E+0  0.000E+0)..( 1.024E+3  1.024E+3  1.024E+3), origin=(-2.560E+2 -1.920E+2 -1.920E+2), sceneChangeBounds=none, boundsSource=compiled, compileMs=46.900
[17Aug2026 23:01:25.832] [Render thread/INFO] [Photonics/]: Photonics pass timing v73: group=frag data, passes=[frag data], viewport=1476x632, megapixels=0.933, cpuInvocations=298, cpuSubmitAvgMs=0.026, cpuSubmitMaxMs=0.085, gpuSamples=75, gpuAvgMs=0.053, gpuMaxMs=0.055, gpuAvgMsPerMP=0.057
[17Aug2026 23:01:25.832] [Render thread/INFO] [Photonics/]: Photonics frame throughput v78: viewport=1476x632, windowSeconds=5.002, renderedFrames=298, fps=59.581, frameAvgMs=16.784
[17Aug2026 23:01:25.915] [Render thread/INFO] [Photonics/]: Photonics world tracing v138: layoutRevision=47, layoutReason=streaming-or-rebuild, sceneRevision=0, settled=true, compiledSections=2052, trackedSections=2052, batchBuilt=16, batchUnloaded=0, pendingBuilds=0, pendingUnloads=0, ready=true, depth=6, blockBounds=( 8.000E+1  1.280E+2  3.200E+1)..( 4.160E+2  2.240E+2  3.680E+2), treeBounds=( 0.000E+0  0.000E+0  0.000E+0)..( 1.024E+3  1.024E+3  1.024E+3), origin=(-2.560E+2 -1.920E+2 -1.920E+2), sceneChangeBounds=none, boundsSource=compiled, compileMs=51.136
[17Aug2026 23:01:25.916] [Render thread/INFO] [Photonics/]: Photonics memory v72: jvmHeap={usedBytes=2755073216, committedBytes=3930062848, maxBytes=8589934592}, jvmGc={collections=123, timeMs=1204}, worldHeap=GpuBufferHeapStats[capacityBytes=536870912, reservedBytes=138396980, liveBytes=138396116, peakLiveBytes=138396212, reusableBytes=864, allocations=111525, reusedAllocations=133, frees=137, failedAllocations=0], paletteHeap=GpuBufferHeapStats[capacityBytes=201326592, reservedBytes=58272, liveBytes=58272, peakLiveBytes=58272, reusableBytes=0, allocations=607, reusedAllocations=0, frees=0, failedAllocations=0], registries={lights=Stats[cachedObjects=1, pendingFreeObjects=0, allocatedObjects=1, failedAllocations=0], palettes=Stats[cachedObjects=607, pendingFreeObjects=0, allocatedObjects=607, failedAllocations=0], blocks=Stats[cachedObjects=1316, pendingFreeObjects=0, allocatedObjects=1316, failedAllocations=0], models=Stats[cachedObjects=28, pendingFreeObjects=0, allocatedObjects=28, failedAllocations=0]}
[17Aug2026 23:01:25.917] [Render thread/INFO] [Photonics/]: Photonics pass timing v73: group=restir direct, passes=[initial direct + visibility], viewport=1476x632, megapixels=0.933, cpuInvocations=298, cpuSubmitAvgMs=0.018, cpuSubmitMaxMs=0.045, gpuSamples=74, gpuAvgMs=0.301, gpuMaxMs=0.325, gpuAvgMsPerMP=0.322
[17Aug2026 23:01:25.932] [Render thread/INFO] [Photonics/]: Photonics pass timing v73: group=restir gi initial, passes=[initial indirect], viewport=1476x632, megapixels=0.933, cpuInvocations=298, cpuSubmitAvgMs=0.009, cpuSubmitMaxMs=0.025, gpuSamples=74, gpuAvgMs=0.852, gpuMaxMs=1.022, gpuAvgMsPerMP=0.913
[17Aug2026 23:01:25.950] [Render thread/INFO] [Photonics/]: Photonics pass timing v73: group=restir temporal, passes=[temporal reuse + tri-state GI classification], viewport=1476x632, megapixels=0.933, cpuInvocations=298, cpuSubmitAvgMs=0.011, cpuSubmitMaxMs=0.025, gpuSamples=75, gpuAvgMs=0.693, gpuMaxMs=0.944, gpuAvgMsPerMP=0.743
[17Aug2026 23:01:25.967] [Render thread/INFO] [Photonics/]: Photonics pass timing v73: group=restir spatial, passes=[spatial reuse/clamp + tri-state GI classification], viewport=1476x632, megapixels=0.933, cpuInvocations=298, cpuSubmitAvgMs=0.008, cpuSubmitMaxMs=0.026, gpuSamples=75, gpuAvgMs=0.123, gpuMaxMs=0.153, gpuAvgMsPerMP=0.132
[17Aug2026 23:01:25.983] [Render thread/INFO] [Photonics/]: Photonics pass timing v73: group=restir diffuse, passes=[diffuse], viewport=1476x632, megapixels=0.933, cpuInvocations=298, cpuSubmitAvgMs=0.008, cpuSubmitMaxMs=0.015, gpuSamples=74, gpuAvgMs=0.248, gpuMaxMs=0.290, gpuAvgMsPerMP=0.266
[17Aug2026 23:01:25.999] [Render thread/INFO] [Photonics/]: Photonics pass timing v73: group=restir accumulation, passes=[accumulation], viewport=1476x632, megapixels=0.933, cpuInvocations=298, cpuSubmitAvgMs=0.011, cpuSubmitMaxMs=0.025, gpuSamples=74, gpuAvgMs=0.477, gpuMaxMs=0.550, gpuAvgMsPerMP=0.512
[17Aug2026 23:01:25.999] [Render thread/INFO] [Photonics/]: Photonics pass timing v73: group=svgf variance, passes=[variance prefilter], viewport=1476x632, megapixels=0.933, cpuInvocations=298, cpuSubmitAvgMs=0.007, cpuSubmitMaxMs=0.065, gpuSamples=74, gpuAvgMs=0.641, gpuMaxMs=0.737, gpuAvgMsPerMP=0.687
[17Aug2026 23:01:26.017] [Render thread/INFO] [Photonics/]: Photonics pass timing v73: group=svgf atrous, passes=[atrous iteration], viewport=1476x632, megapixels=0.933, cpuInvocations=1490, cpuSubmitAvgMs=0.003, cpuSubmitMaxMs=0.031, gpuSamples=373, gpuAvgMs=0.378, gpuMaxMs=0.511, gpuAvgMsPerMP=0.406
[17Aug2026 23:01:26.033] [Render thread/INFO] [Photonics/]: Photonics pass timing v73: group=restir local, passes=[exact local direct], viewport=1476x632, megapixels=0.933, cpuInvocations=298, cpuSubmitAvgMs=0.009, cpuSubmitMaxMs=0.020, gpuSamples=75, gpuAvgMs=0.011, gpuMaxMs=0.011, gpuAvgMsPerMP=0.012
[17Aug2026 23:01:26.033] [Render thread/INFO] [Photonics/]: Photonics pass timing v73: group=restir handheld, passes=[handheld], viewport=1476x632, megapixels=0.933, cpuInvocations=298, cpuSubmitAvgMs=0.009, cpuSubmitMaxMs=0.022, gpuSamples=75, gpuAvgMs=0.010, gpuMaxMs=0.010, gpuAvgMsPerMP=0.011
[17Aug2026 23:01:28.636] [Render thread/INFO] [Photonics/]: Photonics direct reservoir sample v64: samples=120, populated=83, emptyOrBackground=0, visibilityRejected=37, invalid=0, overLegacyCap=3, overTemporalCap=0, totalSamplesRange=32.0..623.5, viewport=1476x632
[17Aug2026 23:01:30.836] [Render thread/INFO] [Photonics/]: Photonics pass timing v73: group=frag data, passes=[frag data], viewport=1476x632, megapixels=0.933, cpuInvocations=300, cpuSubmitAvgMs=0.023, cpuSubmitMaxMs=0.058, gpuSamples=75, gpuAvgMs=0.053, gpuMaxMs=0.072, gpuAvgMsPerMP=0.057
[17Aug2026 23:01:30.836] [Render thread/INFO] [Photonics/]: Photonics frame throughput v78: viewport=1476x632, windowSeconds=5.004, renderedFrames=300, fps=59.953, frameAvgMs=16.680
[17Aug2026 23:01:30.920] [Render thread/INFO] [Photonics/]: Photonics pass timing v73: group=restir direct, passes=[initial direct + visibility], viewport=1476x632, megapixels=0.933, cpuInvocations=300, cpuSubmitAvgMs=0.016, cpuSubmitMaxMs=0.056, gpuSamples=75, gpuAvgMs=0.309, gpuMaxMs=0.330, gpuAvgMsPerMP=0.331
[17Aug2026 23:01:30.938] [Render thread/INFO] [Photonics/]: Photonics pass timing v73: group=restir gi initial, passes=[initial indirect], viewport=1476x632, megapixels=0.933, cpuInvocations=300, cpuSubmitAvgMs=0.008, cpuSubmitMaxMs=0.028, gpuSamples=75, gpuAvgMs=0.957, gpuMaxMs=1.034, gpuAvgMsPerMP=1.026
[17Aug2026 23:01:30.955] [Render thread/INFO] [Photonics/]: Photonics pass timing v73: group=restir temporal, passes=[temporal reuse + tri-state GI classification], viewport=1476x632, megapixels=0.933, cpuInvocations=300, cpuSubmitAvgMs=0.010, cpuSubmitMaxMs=0.025, gpuSamples=75, gpuAvgMs=0.824, gpuMaxMs=0.949, gpuAvgMsPerMP=0.883
[17Aug2026 23:01:30.980] [Render thread/INFO] [Photonics/]: Photonics pass timing v73: group=restir spatial, passes=[spatial reuse/clamp + tri-state GI classification], viewport=1476x632, megapixels=0.933, cpuInvocations=300, cpuSubmitAvgMs=0.008, cpuSubmitMaxMs=0.022, gpuSamples=75, gpuAvgMs=0.128, gpuMaxMs=0.168, gpuAvgMsPerMP=0.137
[17Aug2026 23:01:31.002] [Render thread/INFO] [Photonics/]: Photonics pass timing v73: group=restir diffuse, passes=[diffuse], viewport=1476x632, megapixels=0.933, cpuInvocations=300, cpuSubmitAvgMs=0.007, cpuSubmitMaxMs=0.026, gpuSamples=75, gpuAvgMs=0.246, gpuMaxMs=0.263, gpuAvgMsPerMP=0.263
[17Aug2026 23:01:31.003] [Render thread/INFO] [Photonics/]: Photonics pass timing v73: group=restir accumulation, passes=[accumulation], viewport=1476x632, megapixels=0.933, cpuInvocations=299, cpuSubmitAvgMs=0.010, cpuSubmitMaxMs=0.024, gpuSamples=75, gpuAvgMs=0.478, gpuMaxMs=0.534, gpuAvgMsPerMP=0.512
[17Aug2026 23:01:31.003] [Render thread/INFO] [Photonics/]: Photonics pass timing v73: group=svgf variance, passes=[variance prefilter], viewport=1476x632, megapixels=0.933, cpuInvocations=299, cpuSubmitAvgMs=0.006, cpuSubmitMaxMs=0.034, gpuSamples=75, gpuAvgMs=0.646, gpuMaxMs=0.720, gpuAvgMsPerMP=0.693
[17Aug2026 23:01:31.019] [Photonics Light List Compiler/INFO] [Photonics/]: Photonics light-list publication v88: coalescedBatches=5, peakPendingSections=113, remainingSections=0, deferredMs=38.716
[17Aug2026 23:01:31.034] [Render thread/INFO] [Photonics/]: Photonics pass timing v73: group=svgf atrous, passes=[atrous iteration], viewport=1476x632, megapixels=0.933, cpuInvocations=1495, cpuSubmitAvgMs=0.003, cpuSubmitMaxMs=0.012, gpuSamples=373, gpuAvgMs=0.379, gpuMaxMs=0.445, gpuAvgMsPerMP=0.406
[17Aug2026 23:01:31.035] [Render thread/INFO] [Photonics/]: Photonics pass timing v73: group=restir local, passes=[exact local direct], viewport=1476x632, megapixels=0.933, cpuInvocations=298, cpuSubmitAvgMs=0.008, cpuSubmitMaxMs=0.019, gpuSamples=74, gpuAvgMs=0.011, gpuMaxMs=0.011, gpuAvgMsPerMP=0.012
[17Aug2026 23:01:31.035] [Render thread/INFO] [Photonics/]: Photonics pass timing v73: group=restir handheld, passes=[handheld], viewport=1476x632, megapixels=0.933, cpuInvocations=298, cpuSubmitAvgMs=0.057, cpuSubmitMaxMs=14.739, gpuSamples=74, gpuAvgMs=0.010, gpuMaxMs=0.010, gpuAvgMsPerMP=0.011
[17Aug2026 23:01:31.069] [Render thread/INFO] [Photonics/]: Photonics world tracing v138: layoutRevision=48, layoutReason=section-unload, sceneRevision=0, settled=false, compiledSections=1908, trackedSections=2011, batchBuilt=0, batchUnloaded=144, pendingBuilds=43, pendingUnloads=0, ready=true, depth=6, blockBounds=( 8.000E+1  1.280E+2  4.800E+1)..( 4.160E+2  2.240E+2  3.680E+2), treeBounds=( 0.000E+0  0.000E+0  0.000E+0)..( 1.024E+3  1.024E+3  1.024E+3), origin=(-2.560E+2 -1.920E+2 -1.920E+2), sceneChangeBounds=none, boundsSource=compiled, compileMs=80.177
[17Aug2026 23:01:31.902] [Photonics Light List Compiler/INFO] [Photonics/]: Photonics light-list publication v88: coalescedBatches=4, peakPendingSections=114, remainingSections=0, deferredMs=26.101
[17Aug2026 23:01:32.120] [Render thread/INFO] [Photonics/]: Photonics world tracing v138: layoutRevision=54, layoutReason=streaming-or-rebuild, sceneRevision=0, settled=false, compiledSections=2004, trackedSections=2012, batchBuilt=48, batchUnloaded=0, pendingBuilds=8, pendingUnloads=0, ready=true, depth=6, blockBounds=( 8.000E+1  1.280E+2  3.200E+1)..( 4.160E+2  2.240E+2  3.680E+2), treeBounds=( 0.000E+0  0.000E+0  0.000E+0)..( 1.024E+3  1.024E+3  1.024E+3), origin=(-2.560E+2 -1.920E+2 -1.920E+2), sceneChangeBounds=none, boundsSource=compiled, compileMs=74.146
[17Aug2026 23:01:34.171] [Render thread/INFO] [Photonics/]: Photonics world tracing v138: layoutRevision=55, layoutReason=streaming-or-rebuild, sceneRevision=0, settled=true, compiledSections=2012, trackedSections=2012, batchBuilt=8, batchUnloaded=0, pendingBuilds=0, pendingUnloads=0, ready=true, depth=6, blockBounds=( 8.000E+1  1.280E+2  3.200E+1)..( 4.160E+2  2.240E+2  3.680E+2), treeBounds=( 0.000E+0  0.000E+0  0.000E+0)..( 1.024E+3  1.024E+3  1.024E+3), origin=(-2.560E+2 -1.920E+2 -1.920E+2), sceneChangeBounds=none, boundsSource=compiled, compileMs=43.768
[17Aug2026 23:01:34.171] [Render thread/INFO] [Photonics/]: Photonics memory v72: jvmHeap={usedBytes=3304802912, committedBytes=3930062848, maxBytes=8589934592}, jvmGc={collections=126, timeMs=1223}, worldHeap=GpuBufferHeapStats[capacityBytes=536870912, reservedBytes=138398292, liveBytes=135746484, peakLiveBytes=138396212, reusableBytes=2651808, allocations=122606, reusedAllocations=11206, frees=13324, failedAllocations=0], paletteHeap=GpuBufferHeapStats[capacityBytes=201326592, reservedBytes=58272, liveBytes=58272, peakLiveBytes=58272, reusableBytes=0, allocations=607, reusedAllocations=0, frees=0, failedAllocations=0], registries={lights=Stats[cachedObjects=1, pendingFreeObjects=0, allocatedObjects=1, failedAllocations=0], palettes=Stats[cachedObjects=607, pendingFreeObjects=0, allocatedObjects=607, failedAllocations=0], blocks=Stats[cachedObjects=1316, pendingFreeObjects=0, allocatedObjects=1316, failedAllocations=0], models=Stats[cachedObjects=28, pendingFreeObjects=0, allocatedObjects=28, failedAllocations=0]}
[17Aug2026 23:01:35.839] [Render thread/INFO] [Photonics/]: Photonics pass timing v73: group=frag data, passes=[frag data], viewport=1476x632, megapixels=0.933, cpuInvocations=298, cpuSubmitAvgMs=0.026, cpuSubmitMaxMs=0.079, gpuSamples=74, gpuAvgMs=0.051, gpuMaxMs=0.055, gpuAvgMsPerMP=0.055
[17Aug2026 23:01:35.839] [Render thread/INFO] [Photonics/]: Photonics frame throughput v78: viewport=1476x632, windowSeconds=5.003, renderedFrames=298, fps=59.567, frameAvgMs=16.788
[17Aug2026 23:01:35.924] [Render thread/INFO] [Photonics/]: Photonics pass timing v73: group=restir direct, passes=[initial direct + visibility], viewport=1476x632, megapixels=0.933, cpuInvocations=298, cpuSubmitAvgMs=0.018, cpuSubmitMaxMs=0.089, gpuSamples=75, gpuAvgMs=0.291, gpuMaxMs=0.380, gpuAvgMsPerMP=0.312
[17Aug2026 23:01:35.939] [Render thread/INFO] [Photonics/]: Photonics pass timing v73: group=restir gi initial, passes=[initial indirect], viewport=1476x632, megapixels=0.933, cpuInvocations=298, cpuSubmitAvgMs=0.009, cpuSubmitMaxMs=0.043, gpuSamples=75, gpuAvgMs=0.864, gpuMaxMs=1.047, gpuAvgMsPerMP=0.927
[17Aug2026 23:01:35.956] [Render thread/INFO] [Photonics/]: Photonics pass timing v73: group=restir temporal, passes=[temporal reuse + tri-state GI classification], viewport=1476x632, megapixels=0.933, cpuInvocations=298, cpuSubmitAvgMs=0.010, cpuSubmitMaxMs=0.022, gpuSamples=74, gpuAvgMs=0.595, gpuMaxMs=0.836, gpuAvgMsPerMP=0.638
[17Aug2026 23:01:35.990] [Render thread/INFO] [Photonics/]: Photonics pass timing v73: group=restir spatial, passes=[spatial reuse/clamp + tri-state GI classification], viewport=1476x632, megapixels=0.933, cpuInvocations=299, cpuSubmitAvgMs=0.008, cpuSubmitMaxMs=0.062, gpuSamples=75, gpuAvgMs=0.099, gpuMaxMs=0.136, gpuAvgMsPerMP=0.106
[17Aug2026 23:01:36.006] [Render thread/INFO] [Photonics/]: Photonics pass timing v73: group=restir diffuse, passes=[diffuse], viewport=1476x632, megapixels=0.933, cpuInvocations=299, cpuSubmitAvgMs=0.008, cpuSubmitMaxMs=0.018, gpuSamples=75, gpuAvgMs=0.242, gpuMaxMs=0.347, gpuAvgMsPerMP=0.260
[17Aug2026 23:01:36.006] [Render thread/INFO] [Photonics/]: Photonics pass timing v73: group=restir accumulation, passes=[accumulation], viewport=1476x632, megapixels=0.933, cpuInvocations=299, cpuSubmitAvgMs=0.010, cpuSubmitMaxMs=0.025, gpuSamples=75, gpuAvgMs=0.425, gpuMaxMs=0.557, gpuAvgMsPerMP=0.455
[17Aug2026 23:01:36.006] [Render thread/INFO] [Photonics/]: Photonics pass timing v73: group=svgf variance, passes=[variance prefilter], viewport=1476x632, megapixels=0.933, cpuInvocations=299, cpuSubmitAvgMs=0.007, cpuSubmitMaxMs=0.021, gpuSamples=75, gpuAvgMs=0.572, gpuMaxMs=0.673, gpuAvgMsPerMP=0.613
[17Aug2026 23:01:36.039] [Render thread/INFO] [Photonics/]: Photonics pass timing v73: group=svgf atrous, passes=[atrous iteration], viewport=1476x632, megapixels=0.933, cpuInvocations=1500, cpuSubmitAvgMs=0.003, cpuSubmitMaxMs=0.015, gpuSamples=375, gpuAvgMs=0.337, gpuMaxMs=0.435, gpuAvgMsPerMP=0.361
[17Aug2026 23:01:36.039] [Render thread/INFO] [Photonics/]: Photonics pass timing v73: group=restir local, passes=[exact local direct], viewport=1476x632, megapixels=0.933, cpuInvocations=300, cpuSubmitAvgMs=0.009, cpuSubmitMaxMs=0.024, gpuSamples=75, gpuAvgMs=0.010, gpuMaxMs=0.011, gpuAvgMsPerMP=0.011
[17Aug2026 23:01:36.039] [Render thread/INFO] [Photonics/]: Photonics pass timing v73: group=restir handheld, passes=[handheld], viewport=1476x632, megapixels=0.933, cpuInvocations=300, cpuSubmitAvgMs=0.008, cpuSubmitMaxMs=0.023, gpuSamples=75, gpuAvgMs=0.010, gpuMaxMs=0.010, gpuAvgMsPerMP=0.010
[17Aug2026 23:01:36.673] [Render thread/INFO] [Photonics/]: Photonics direct reservoir sample v64: samples=120, populated=52, emptyOrBackground=0, visibilityRejected=68, invalid=0, overLegacyCap=14, overTemporalCap=0, totalSamplesRange=32.0..605.5, viewport=1476x632
[17Aug2026 23:01:40.841] [Render thread/INFO] [Photonics/]: Photonics pass timing v73: group=frag data, passes=[frag data], viewport=1476x632, megapixels=0.933, cpuInvocations=300, cpuSubmitAvgMs=0.023, cpuSubmitMaxMs=0.077, gpuSamples=75, gpuAvgMs=0.055, gpuMaxMs=0.087, gpuAvgMsPerMP=0.059
[17Aug2026 23:01:40.842] [Render thread/INFO] [Photonics/]: Photonics frame throughput v78: viewport=1476x632, windowSeconds=5.002, renderedFrames=300, fps=59.971, frameAvgMs=16.675
[17Aug2026 23:01:40.926] [Render thread/INFO] [Photonics/]: Photonics pass timing v73: group=restir direct, passes=[initial direct + visibility], viewport=1476x632, megapixels=0.933, cpuInvocations=300, cpuSubmitAvgMs=0.016, cpuSubmitMaxMs=0.071, gpuSamples=75, gpuAvgMs=0.314, gpuMaxMs=0.392, gpuAvgMsPerMP=0.337
[17Aug2026 23:01:40.941] [Render thread/INFO] [Photonics/]: Photonics pass timing v73: group=restir gi initial, passes=[initial indirect], viewport=1476x632, megapixels=0.933, cpuInvocations=300, cpuSubmitAvgMs=0.008, cpuSubmitMaxMs=0.022, gpuSamples=75, gpuAvgMs=0.695, gpuMaxMs=1.043, gpuAvgMsPerMP=0.745
[17Aug2026 23:01:40.958] [Render thread/INFO] [Photonics/]: Photonics pass timing v73: group=restir temporal, passes=[temporal reuse + tri-state GI classification], viewport=1476x632, megapixels=0.933, cpuInvocations=300, cpuSubmitAvgMs=0.009, cpuSubmitMaxMs=0.022, gpuSamples=75, gpuAvgMs=0.492, gpuMaxMs=0.693, gpuAvgMsPerMP=0.528
[17Aug2026 23:01:40.992] [Render thread/INFO] [Photonics/]: Photonics pass timing v73: group=restir spatial, passes=[spatial reuse/clamp + tri-state GI classification], viewport=1476x632, megapixels=0.933, cpuInvocations=300, cpuSubmitAvgMs=0.007, cpuSubmitMaxMs=0.024, gpuSamples=75, gpuAvgMs=0.122, gpuMaxMs=0.163, gpuAvgMsPerMP=0.131
[17Aug2026 23:01:41.008] [Render thread/INFO] [Photonics/]: Photonics pass timing v73: group=restir diffuse, passes=[diffuse], viewport=1476x632, megapixels=0.933, cpuInvocations=300, cpuSubmitAvgMs=0.007, cpuSubmitMaxMs=0.016, gpuSamples=75, gpuAvgMs=0.252, gpuMaxMs=0.322, gpuAvgMsPerMP=0.270
[17Aug2026 23:01:41.008] [Render thread/INFO] [Photonics/]: Photonics pass timing v73: group=restir accumulation, passes=[accumulation], viewport=1476x632, megapixels=0.933, cpuInvocations=300, cpuSubmitAvgMs=0.010, cpuSubmitMaxMs=0.029, gpuSamples=75, gpuAvgMs=0.460, gpuMaxMs=0.501, gpuAvgMsPerMP=0.493
[17Aug2026 23:01:41.008] [Render thread/INFO] [Photonics/]: Photonics pass timing v73: group=svgf variance, passes=[variance prefilter], viewport=1476x632, megapixels=0.933, cpuInvocations=300, cpuSubmitAvgMs=0.006, cpuSubmitMaxMs=0.021, gpuSamples=75, gpuAvgMs=0.607, gpuMaxMs=0.633, gpuAvgMsPerMP=0.650
[17Aug2026 23:01:41.042] [Render thread/INFO] [Photonics/]: Photonics pass timing v73: group=svgf atrous, passes=[atrous iteration], viewport=1476x632, megapixels=0.933, cpuInvocations=1500, cpuSubmitAvgMs=0.003, cpuSubmitMaxMs=0.018, gpuSamples=375, gpuAvgMs=0.374, gpuMaxMs=0.425, gpuAvgMsPerMP=0.401
[17Aug2026 23:01:41.042] [Render thread/INFO] [Photonics/]: Photonics pass timing v73: group=restir local, passes=[exact local direct], viewport=1476x632, megapixels=0.933, cpuInvocations=300, cpuSubmitAvgMs=0.008, cpuSubmitMaxMs=0.023, gpuSamples=75, gpuAvgMs=0.011, gpuMaxMs=0.011, gpuAvgMsPerMP=0.012
[17Aug2026 23:01:41.042] [Render thread/INFO] [Photonics/]: Photonics pass timing v73: group=restir handheld, passes=[handheld], viewport=1476x632, megapixels=0.933, cpuInvocations=300, cpuSubmitAvgMs=0.008, cpuSubmitMaxMs=0.081, gpuSamples=75, gpuAvgMs=0.010, gpuMaxMs=0.010, gpuAvgMsPerMP=0.010
[17Aug2026 23:01:44.677] [Render thread/INFO] [Photonics/]: Photonics direct reservoir sample v64: samples=120, populated=20, emptyOrBackground=0, visibilityRejected=100, invalid=0, overLegacyCap=0, overTemporalCap=0, totalSamplesRange=32.0..128.0, viewport=1476x632
[17Aug2026 23:01:45.844] [Render thread/INFO] [Photonics/]: Photonics pass timing v73: group=frag data, passes=[frag data], viewport=1476x632, megapixels=0.933, cpuInvocations=300, cpuSubmitAvgMs=0.022, cpuSubmitMaxMs=0.058, gpuSamples=75, gpuAvgMs=0.055, gpuMaxMs=0.088, gpuAvgMsPerMP=0.059
[17Aug2026 23:01:45.844] [Render thread/INFO] [Photonics/]: Photonics frame throughput v78: viewport=1476x632, windowSeconds=5.003, renderedFrames=300, fps=59.969, frameAvgMs=16.675
[17Aug2026 23:01:45.928] [Render thread/INFO] [Photonics/]: Photonics pass timing v73: group=restir direct, passes=[initial direct + visibility], viewport=1476x632, megapixels=0.933, cpuInvocations=300, cpuSubmitAvgMs=0.015, cpuSubmitMaxMs=0.038, gpuSamples=75, gpuAvgMs=0.276, gpuMaxMs=0.305, gpuAvgMsPerMP=0.296
[17Aug2026 23:01:45.944] [Render thread/INFO] [Photonics/]: Photonics pass timing v73: group=restir gi initial, passes=[initial indirect], viewport=1476x632, megapixels=0.933, cpuInvocations=300, cpuSubmitAvgMs=0.008, cpuSubmitMaxMs=0.021, gpuSamples=75, gpuAvgMs=0.369, gpuMaxMs=0.483, gpuAvgMsPerMP=0.395
[17Aug2026 23:01:45.960] [Render thread/INFO] [Photonics/]: Photonics pass timing v73: group=restir temporal, passes=[temporal reuse + tri-state GI classification], viewport=1476x632, megapixels=0.933, cpuInvocations=300, cpuSubmitAvgMs=0.009, cpuSubmitMaxMs=0.018, gpuSamples=75, gpuAvgMs=0.340, gpuMaxMs=0.478, gpuAvgMsPerMP=0.364
[17Aug2026 23:01:45.994] [Render thread/INFO] [Photonics/]: Photonics pass timing v73: group=restir spatial, passes=[spatial reuse/clamp + tri-state GI classification], viewport=1476x632, megapixels=0.933, cpuInvocations=300, cpuSubmitAvgMs=0.007, cpuSubmitMaxMs=0.066, gpuSamples=75, gpuAvgMs=0.120, gpuMaxMs=0.162, gpuAvgMsPerMP=0.128
[17Aug2026 23:01:46.010] [Render thread/INFO] [Photonics/]: Photonics pass timing v73: group=restir diffuse, passes=[diffuse], viewport=1476x632, megapixels=0.933, cpuInvocations=300, cpuSubmitAvgMs=0.007, cpuSubmitMaxMs=0.026, gpuSamples=75, gpuAvgMs=0.212, gpuMaxMs=0.255, gpuAvgMsPerMP=0.227
[17Aug2026 23:01:46.010] [Render thread/INFO] [Photonics/]: Photonics pass timing v73: group=restir accumulation, passes=[accumulation], viewport=1476x632, megapixels=0.933, cpuInvocations=300, cpuSubmitAvgMs=0.009, cpuSubmitMaxMs=0.020, gpuSamples=75, gpuAvgMs=0.463, gpuMaxMs=0.508, gpuAvgMsPerMP=0.496
[17Aug2026 23:01:46.010] [Render thread/INFO] [Photonics/]: Photonics pass timing v73: group=svgf variance, passes=[variance prefilter], viewport=1476x632, megapixels=0.933, cpuInvocations=300, cpuSubmitAvgMs=0.006, cpuSubmitMaxMs=0.017, gpuSamples=75, gpuAvgMs=0.589, gpuMaxMs=0.630, gpuAvgMsPerMP=0.632
[17Aug2026 23:01:46.044] [Render thread/INFO] [Photonics/]: Photonics pass timing v73: group=svgf atrous, passes=[atrous iteration], viewport=1476x632, megapixels=0.933, cpuInvocations=1500, cpuSubmitAvgMs=0.002, cpuSubmitMaxMs=0.014, gpuSamples=375, gpuAvgMs=0.372, gpuMaxMs=0.420, gpuAvgMsPerMP=0.399
[17Aug2026 23:01:46.044] [Render thread/INFO] [Photonics/]: Photonics pass timing v73: group=restir local, passes=[exact local direct], viewport=1476x632, megapixels=0.933, cpuInvocations=300, cpuSubmitAvgMs=0.008, cpuSubmitMaxMs=0.015, gpuSamples=75, gpuAvgMs=0.011, gpuMaxMs=0.011, gpuAvgMsPerMP=0.012
[17Aug2026 23:01:46.044] [Render thread/INFO] [Photonics/]: Photonics pass timing v73: group=restir handheld, passes=[handheld], viewport=1476x632, megapixels=0.933, cpuInvocations=300, cpuSubmitAvgMs=0.007, cpuSubmitMaxMs=0.020, gpuSamples=75, gpuAvgMs=0.010, gpuMaxMs=0.010, gpuAvgMsPerMP=0.011
[17Aug2026 23:01:50.846] [Render thread/INFO] [Photonics/]: Photonics pass timing v73: group=frag data, passes=[frag data], viewport=1476x632, megapixels=0.933, cpuInvocations=300, cpuSubmitAvgMs=0.021, cpuSubmitMaxMs=0.061, gpuSamples=75, gpuAvgMs=0.052, gpuMaxMs=0.082, gpuAvgMsPerMP=0.056
[17Aug2026 23:01:50.846] [Render thread/INFO] [Photonics/]: Photonics frame throughput v78: viewport=1476x632, windowSeconds=5.002, renderedFrames=300, fps=59.974, frameAvgMs=16.674
[17Aug2026 23:01:50.930] [Render thread/INFO] [Photonics/]: Photonics pass timing v73: group=restir direct, passes=[initial direct + visibility], viewport=1476x632, megapixels=0.933, cpuInvocations=300, cpuSubmitAvgMs=0.015, cpuSubmitMaxMs=0.040, gpuSamples=75, gpuAvgMs=0.277, gpuMaxMs=0.367, gpuAvgMsPerMP=0.297
[17Aug2026 23:01:50.946] [Render thread/INFO] [Photonics/]: Photonics pass timing v73: group=restir gi initial, passes=[initial indirect], viewport=1476x632, megapixels=0.933, cpuInvocations=300, cpuSubmitAvgMs=0.008, cpuSubmitMaxMs=0.025, gpuSamples=75, gpuAvgMs=0.573, gpuMaxMs=0.867, gpuAvgMsPerMP=0.614
[17Aug2026 23:01:50.964] [Render thread/INFO] [Photonics/]: Photonics pass timing v73: group=restir temporal, passes=[temporal reuse + tri-state GI classification], viewport=1476x632, megapixels=0.933, cpuInvocations=300, cpuSubmitAvgMs=0.009, cpuSubmitMaxMs=0.026, gpuSamples=75, gpuAvgMs=0.405, gpuMaxMs=0.600, gpuAvgMsPerMP=0.434
[17Aug2026 23:01:50.997] [Render thread/INFO] [Photonics/]: Photonics pass timing v73: group=restir spatial, passes=[spatial reuse/clamp + tri-state GI classification], viewport=1476x632, megapixels=0.933, cpuInvocations=300, cpuSubmitAvgMs=0.007, cpuSubmitMaxMs=0.024, gpuSamples=75, gpuAvgMs=0.095, gpuMaxMs=0.152, gpuAvgMsPerMP=0.102
[17Aug2026 23:01:51.014] [Render thread/INFO] [Photonics/]: Photonics pass timing v73: group=restir diffuse, passes=[diffuse], viewport=1476x632, megapixels=0.933, cpuInvocations=300, cpuSubmitAvgMs=0.007, cpuSubmitMaxMs=0.020, gpuSamples=75, gpuAvgMs=0.224, gpuMaxMs=0.326, gpuAvgMsPerMP=0.241
[17Aug2026 23:01:51.014] [Render thread/INFO] [Photonics/]: Photonics pass timing v73: group=restir accumulation, passes=[accumulation], viewport=1476x632, megapixels=0.933, cpuInvocations=300, cpuSubmitAvgMs=0.009, cpuSubmitMaxMs=0.031, gpuSamples=75, gpuAvgMs=0.405, gpuMaxMs=0.473, gpuAvgMsPerMP=0.434
[17Aug2026 23:01:51.014] [Render thread/INFO] [Photonics/]: Photonics pass timing v73: group=svgf variance, passes=[variance prefilter], viewport=1476x632, megapixels=0.933, cpuInvocations=300, cpuSubmitAvgMs=0.006, cpuSubmitMaxMs=0.022, gpuSamples=75, gpuAvgMs=0.528, gpuMaxMs=0.599, gpuAvgMsPerMP=0.566
[17Aug2026 23:01:51.046] [Render thread/INFO] [Photonics/]: Photonics pass timing v73: group=svgf atrous, passes=[atrous iteration], viewport=1476x632, megapixels=0.933, cpuInvocations=1500, cpuSubmitAvgMs=0.003, cpuSubmitMaxMs=0.037, gpuSamples=375, gpuAvgMs=0.326, gpuMaxMs=0.439, gpuAvgMsPerMP=0.350
[17Aug2026 23:01:51.046] [Render thread/INFO] [Photonics/]: Photonics pass timing v73: group=restir local, passes=[exact local direct], viewport=1476x632, megapixels=0.933, cpuInvocations=300, cpuSubmitAvgMs=0.008, cpuSubmitMaxMs=0.016, gpuSamples=75, gpuAvgMs=0.011, gpuMaxMs=0.012, gpuAvgMsPerMP=0.012
[17Aug2026 23:01:51.046] [Render thread/INFO] [Photonics/]: Photonics pass timing v73: group=restir handheld, passes=[handheld], viewport=1476x632, megapixels=0.933, cpuInvocations=300, cpuSubmitAvgMs=0.008, cpuSubmitMaxMs=0.025, gpuSamples=75, gpuAvgMs=0.010, gpuMaxMs=0.010, gpuAvgMsPerMP=0.010
[17Aug2026 23:01:51.195] [Photonics Light List Compiler/INFO] [Photonics/]: Photonics light-list publication v88: coalescedBatches=3, peakPendingSections=113, remainingSections=0, deferredMs=25.181
[17Aug2026 23:01:51.226] [Render thread/INFO] [Photonics/]: Photonics world tracing v138: layoutRevision=56, layoutReason=section-unload, sceneRevision=0, settled=false, compiledSections=1908, trackedSections=2011, batchBuilt=0, batchUnloaded=104, pendingBuilds=37, pendingUnloads=0, ready=true, depth=6, blockBounds=( 8.000E+1  1.280E+2  4.800E+1)..( 4.160E+2  2.240E+2  3.680E+2), treeBounds=( 0.000E+0  0.000E+0  0.000E+0)..( 1.024E+3  1.024E+3  1.024E+3), origin=(-2.560E+2 -1.920E+2 -1.920E+2), sceneChangeBounds=none, boundsSource=compiled, compileMs=57.621
[17Aug2026 23:01:52.695] [Render thread/INFO] [Photonics/]: Photonics direct reservoir sample v64: samples=120, populated=26, emptyOrBackground=0, visibilityRejected=94, invalid=0, overLegacyCap=19, overTemporalCap=0, totalSamplesRange=32.0..623.5, viewport=1476x632
[17Aug2026 23:01:52.811] [Photonics Light List Compiler/INFO] [Photonics/]: Photonics light candidates v18: eligible=24, selected=24, maxLights=4000, lightSections=12, capped=false
[17Aug2026 23:01:52.811] [Photonics Light List Compiler/INFO] [Photonics/]: Photonics light-list publication v88: coalescedBatches=5, peakPendingSections=121, remainingSections=0, deferredMs=24.651
[17Aug2026 23:01:52.814] [Render thread/INFO] [Photonics/]: Photonics light list pending: 89 -> 24
[17Aug2026 23:01:52.845] [Render thread/INFO] [Photonics/]: Photonics world tracing v138: layoutRevision=60, layoutReason=section-unload, sceneRevision=0, settled=false, compiledSections=1910, trackedSections=2015, batchBuilt=0, batchUnloaded=101, pendingBuilds=42, pendingUnloads=0, ready=true, depth=6, blockBounds=( 8.000E+1  1.280E+2  6.400E+1)..( 4.160E+2  2.240E+2  3.840E+2), treeBounds=( 0.000E+0  0.000E+0  0.000E+0)..( 1.024E+3  1.024E+3  1.024E+3), origin=(-2.560E+2 -1.920E+2 -1.920E+2), sceneChangeBounds=none, boundsSource=compiled, compileMs=61.328
[17Aug2026 23:01:52.918] [Photonics Light List Compiler/INFO] [Photonics/]: Photonics light-list publication v88: coalescedBatches=3, peakPendingSections=30, remainingSections=0, deferredMs=3.259
[17Aug2026 23:01:52.941] [Photonics Light List Compiler/INFO] [Photonics/]: Photonics light-list publication v88: coalescedBatches=6, peakPendingSections=48, remainingSections=0, deferredMs=12.198
[17Aug2026 23:01:54.408] [Photonics Light List Compiler/INFO] [Photonics/]: Photonics light-list publication v88: coalescedBatches=7, peakPendingSections=122, remainingSections=0, deferredMs=35.688
[17Aug2026 23:01:54.447] [Render thread/INFO] [Photonics/]: Photonics world tracing v138: layoutRevision=65, layoutReason=section-unload, sceneRevision=0, settled=false, compiledSections=1872, trackedSections=2018, batchBuilt=0, batchUnloaded=182, pendingBuilds=66, pendingUnloads=0, ready=true, depth=6, blockBounds=( 8.000E+1  1.280E+2  8.000E+1)..( 4.000E+2  2.240E+2  4.000E+2), treeBounds=( 0.000E+0  0.000E+0  0.000E+0)..( 1.024E+3  1.024E+3  1.024E+3), origin=(-2.560E+2 -1.920E+2 -1.920E+2), sceneChangeBounds=none, boundsSource=compiled, compileMs=68.267
[17Aug2026 23:01:55.850] [Render thread/INFO] [Photonics/]: Photonics pass timing v73: group=frag data, passes=[frag data], viewport=1476x632, megapixels=0.933, cpuInvocations=298, cpuSubmitAvgMs=0.024, cpuSubmitMaxMs=0.077, gpuSamples=75, gpuAvgMs=0.049, gpuMaxMs=0.062, gpuAvgMsPerMP=0.052
[17Aug2026 23:01:55.850] [Render thread/INFO] [Photonics/]: Photonics frame throughput v78: viewport=1476x632, windowSeconds=5.004, renderedFrames=298, fps=59.553, frameAvgMs=16.792
[17Aug2026 23:01:55.915] [Photonics Light List Compiler/INFO] [Photonics/]: Photonics light-list publication v88: coalescedBatches=5, peakPendingSections=121, remainingSections=0, deferredMs=26.149
[17Aug2026 23:01:55.931] [Render thread/INFO] [Photonics/]: Photonics pass timing v73: group=restir direct, passes=[initial direct + visibility], viewport=1476x632, megapixels=0.933, cpuInvocations=297, cpuSubmitAvgMs=0.019, cpuSubmitMaxMs=0.060, gpuSamples=74, gpuAvgMs=0.248, gpuMaxMs=0.280, gpuAvgMsPerMP=0.266
[17Aug2026 23:01:55.948] [Render thread/INFO] [Photonics/]: Photonics pass timing v73: group=restir gi initial, passes=[initial indirect], viewport=1476x632, megapixels=0.933, cpuInvocations=297, cpuSubmitAvgMs=0.009, cpuSubmitMaxMs=0.025, gpuSamples=74, gpuAvgMs=0.638, gpuMaxMs=0.679, gpuAvgMsPerMP=0.684
[17Aug2026 23:01:55.963] [Render thread/INFO] [Photonics/]: Photonics world tracing v138: layoutRevision=70, layoutReason=section-unload, sceneRevision=0, settled=false, compiledSections=1916, trackedSections=2018, batchBuilt=0, batchUnloaded=102, pendingBuilds=43, pendingUnloads=0, ready=true, depth=6, blockBounds=( 6.400E+1  1.280E+2  9.600E+1)..( 4.000E+2  2.240E+2  4.160E+2), treeBounds=( 0.000E+0  0.000E+0  0.000E+0)..( 1.024E+3  1.024E+3  1.024E+3), origin=(-2.560E+2 -1.920E+2 -1.920E+2), sceneChangeBounds=none, boundsSource=compiled, compileMs=66.054
[17Aug2026 23:01:55.965] [Render thread/INFO] [Photonics/]: Photonics pass timing v73: group=restir temporal, passes=[temporal reuse + tri-state GI classification], viewport=1476x632, megapixels=0.933, cpuInvocations=297, cpuSubmitAvgMs=0.011, cpuSubmitMaxMs=0.024, gpuSamples=74, gpuAvgMs=0.481, gpuMaxMs=0.528, gpuAvgMsPerMP=0.515
[17Aug2026 23:01:55.998] [Render thread/INFO] [Photonics/]: Photonics pass timing v73: group=restir spatial, passes=[spatial reuse/clamp + tri-state GI classification], viewport=1476x632, megapixels=0.933, cpuInvocations=297, cpuSubmitAvgMs=0.009, cpuSubmitMaxMs=0.172, gpuSamples=74, gpuAvgMs=0.075, gpuMaxMs=0.111, gpuAvgMsPerMP=0.080
[17Aug2026 23:01:56.016] [Render thread/INFO] [Photonics/]: Photonics pass timing v73: group=restir diffuse, passes=[diffuse], viewport=1476x632, megapixels=0.933, cpuInvocations=297, cpuSubmitAvgMs=0.008, cpuSubmitMaxMs=0.024, gpuSamples=74, gpuAvgMs=0.206, gpuMaxMs=0.275, gpuAvgMsPerMP=0.221
[17Aug2026 23:01:56.016] [Render thread/INFO] [Photonics/]: Photonics pass timing v73: group=restir accumulation, passes=[accumulation], viewport=1476x632, megapixels=0.933, cpuInvocations=297, cpuSubmitAvgMs=0.011, cpuSubmitMaxMs=0.033, gpuSamples=74, gpuAvgMs=0.361, gpuMaxMs=0.402, gpuAvgMsPerMP=0.387
[17Aug2026 23:01:56.016] [Render thread/INFO] [Photonics/]: Photonics pass timing v73: group=svgf variance, passes=[variance prefilter], viewport=1476x632, megapixels=0.933, cpuInvocations=297, cpuSubmitAvgMs=0.007, cpuSubmitMaxMs=0.027, gpuSamples=74, gpuAvgMs=0.468, gpuMaxMs=0.536, gpuAvgMsPerMP=0.502
[17Aug2026 23:01:56.049] [Render thread/INFO] [Photonics/]: Photonics pass timing v73: group=svgf atrous, passes=[atrous iteration], viewport=1476x632, megapixels=0.933, cpuInvocations=1485, cpuSubmitAvgMs=0.003, cpuSubmitMaxMs=0.014, gpuSamples=372, gpuAvgMs=0.268, gpuMaxMs=0.307, gpuAvgMsPerMP=0.287
[17Aug2026 23:01:56.049] [Render thread/INFO] [Photonics/]: Photonics pass timing v73: group=restir local, passes=[exact local direct], viewport=1476x632, megapixels=0.933, cpuInvocations=297, cpuSubmitAvgMs=0.009, cpuSubmitMaxMs=0.031, gpuSamples=75, gpuAvgMs=0.011, gpuMaxMs=0.012, gpuAvgMsPerMP=0.012
[17Aug2026 23:01:56.050] [Render thread/INFO] [Photonics/]: Photonics pass timing v73: group=restir handheld, passes=[handheld], viewport=1476x632, megapixels=0.933, cpuInvocations=297, cpuSubmitAvgMs=0.009, cpuSubmitMaxMs=0.043, gpuSamples=75, gpuAvgMs=0.010, gpuMaxMs=0.010, gpuAvgMsPerMP=0.010
[17Aug2026 23:01:57.361] [Photonics Light List Compiler/INFO] [Photonics/]: Photonics light-list publication v88: coalescedBatches=4, peakPendingSections=142, remainingSections=0, deferredMs=34.141
[17Aug2026 23:01:57.380] [Render thread/INFO] [Photonics/]: Photonics world tracing v138: layoutRevision=74, layoutReason=section-unload, sceneRevision=0, settled=false, compiledSections=1914, trackedSections=2017, batchBuilt=0, batchUnloaded=104, pendingBuilds=33, pendingUnloads=0, ready=true, depth=6, blockBounds=( 6.400E+1  1.280E+2  4.800E+1)..( 4.000E+2  2.240E+2  3.680E+2), treeBounds=( 0.000E+0  0.000E+0  0.000E+0)..( 1.024E+3  1.024E+3  1.024E+3), origin=(-2.560E+2 -1.920E+2 -1.280E+2), sceneChangeBounds=none, boundsSource=compiled, compileMs=53.250
[17Aug2026 23:01:59.599] [Render thread/INFO] [Photonics/]: Photonics world tracing v138: layoutRevision=77, layoutReason=streaming-or-rebuild, sceneRevision=0, settled=true, compiledSections=2017, trackedSections=2017, batchBuilt=9, batchUnloaded=0, pendingBuilds=0, pendingUnloads=0, ready=true, depth=6, blockBounds=( 6.400E+1  1.280E+2  4.800E+1)..( 4.000E+2  2.240E+2  3.840E+2), treeBounds=( 0.000E+0  0.000E+0  0.000E+0)..( 1.024E+3  1.024E+3  1.024E+3), origin=(-2.560E+2 -1.920E+2 -1.280E+2), sceneChangeBounds=none, boundsSource=compiled, compileMs=46.339
[17Aug2026 23:01:59.599] [Render thread/INFO] [Photonics/]: Photonics memory v72: jvmHeap={usedBytes=3599559552, committedBytes=3930062848, maxBytes=8589934592}, jvmGc={collections=131, timeMs=1274}, worldHeap=GpuBufferHeapStats[capacityBytes=536870912, reservedBytes=138409652, liveBytes=135749012, peakLiveBytes=138402644, reusableBytes=2660640, allocations=154834, reusedAllocations=43393, frees=45539, failedAllocations=0], paletteHeap=GpuBufferHeapStats[capacityBytes=201326592, reservedBytes=58272, liveBytes=58272, peakLiveBytes=58272, reusableBytes=0, allocations=607, reusedAllocations=0, frees=0, failedAllocations=0], registries={lights=Stats[cachedObjects=1, pendingFreeObjects=0, allocatedObjects=1, failedAllocations=0], palettes=Stats[cachedObjects=607, pendingFreeObjects=0, allocatedObjects=607, failedAllocations=0], blocks=Stats[cachedObjects=1316, pendingFreeObjects=0, allocatedObjects=1316, failedAllocations=0], models=Stats[cachedObjects=28, pendingFreeObjects=0, allocatedObjects=28, failedAllocations=0]}
[17Aug2026 23:02:00.734] [Render thread/INFO] [Photonics/]: Photonics direct reservoir sample v64: samples=120, populated=42, emptyOrBackground=0, visibilityRejected=78, invalid=0, overLegacyCap=34, overTemporalCap=0, totalSamplesRange=32.0..623.5, viewport=1476x632
[17Aug2026 23:02:00.850] [Render thread/INFO] [Photonics/]: Photonics pass timing v73: group=frag data, passes=[frag data], viewport=1476x632, megapixels=0.933, cpuInvocations=299, cpuSubmitAvgMs=0.024, cpuSubmitMaxMs=0.096, gpuSamples=75, gpuAvgMs=0.049, gpuMaxMs=0.077, gpuAvgMsPerMP=0.053
[17Aug2026 23:02:00.850] [Render thread/INFO] [Photonics/]: Photonics frame throughput v78: viewport=1476x632, windowSeconds=5.000, renderedFrames=299, fps=59.796, frameAvgMs=16.723
[17Aug2026 23:02:00.934] [Render thread/INFO] [Photonics/]: Photonics pass timing v73: group=restir direct, passes=[initial direct + visibility], viewport=1476x632, megapixels=0.933, cpuInvocations=300, cpuSubmitAvgMs=0.017, cpuSubmitMaxMs=0.050, gpuSamples=75, gpuAvgMs=0.288, gpuMaxMs=0.351, gpuAvgMsPerMP=0.309
[17Aug2026 23:02:00.950] [Render thread/INFO] [Photonics/]: Photonics pass timing v73: group=restir gi initial, passes=[initial indirect], viewport=1476x632, megapixels=0.933, cpuInvocations=300, cpuSubmitAvgMs=0.008, cpuSubmitMaxMs=0.085, gpuSamples=75, gpuAvgMs=0.631, gpuMaxMs=0.871, gpuAvgMsPerMP=0.676
[17Aug2026 23:02:00.968] [Render thread/INFO] [Photonics/]: Photonics pass timing v73: group=restir temporal, passes=[temporal reuse + tri-state GI classification], viewport=1476x632, megapixels=0.933, cpuInvocations=300, cpuSubmitAvgMs=0.010, cpuSubmitMaxMs=0.036, gpuSamples=75, gpuAvgMs=0.485, gpuMaxMs=0.680, gpuAvgMsPerMP=0.519
[17Aug2026 23:02:01.001] [Render thread/INFO] [Photonics/]: Photonics pass timing v73: group=restir spatial, passes=[spatial reuse/clamp + tri-state GI classification], viewport=1476x632, megapixels=0.933, cpuInvocations=300, cpuSubmitAvgMs=0.008, cpuSubmitMaxMs=0.029, gpuSamples=75, gpuAvgMs=0.082, gpuMaxMs=0.138, gpuAvgMsPerMP=0.088
[17Aug2026 23:02:01.018] [Render thread/INFO] [Photonics/]: Photonics pass timing v73: group=restir diffuse, passes=[diffuse], viewport=1476x632, megapixels=0.933, cpuInvocations=300, cpuSubmitAvgMs=0.007, cpuSubmitMaxMs=0.014, gpuSamples=75, gpuAvgMs=0.244, gpuMaxMs=0.292, gpuAvgMsPerMP=0.261
[17Aug2026 23:02:01.018] [Render thread/INFO] [Photonics/]: Photonics pass timing v73: group=restir accumulation, passes=[accumulation], viewport=1476x632, megapixels=0.933, cpuInvocations=300, cpuSubmitAvgMs=0.010, cpuSubmitMaxMs=0.023, gpuSamples=75, gpuAvgMs=0.367, gpuMaxMs=0.486, gpuAvgMsPerMP=0.394
[17Aug2026 23:02:01.018] [Render thread/INFO] [Photonics/]: Photonics pass timing v73: group=svgf variance, passes=[variance prefilter], viewport=1476x632, megapixels=0.933, cpuInvocations=300, cpuSubmitAvgMs=0.006, cpuSubmitMaxMs=0.019, gpuSamples=75, gpuAvgMs=0.470, gpuMaxMs=0.623, gpuAvgMsPerMP=0.504
[17Aug2026 23:02:01.051] [Render thread/INFO] [Photonics/]: Photonics pass timing v73: group=svgf atrous, passes=[atrous iteration], viewport=1476x632, megapixels=0.933, cpuInvocations=1500, cpuSubmitAvgMs=0.003, cpuSubmitMaxMs=0.015, gpuSamples=375, gpuAvgMs=0.277, gpuMaxMs=0.413, gpuAvgMsPerMP=0.297
[17Aug2026 23:02:01.051] [Render thread/INFO] [Photonics/]: Photonics pass timing v73: group=restir local, passes=[exact local direct], viewport=1476x632, megapixels=0.933, cpuInvocations=300, cpuSubmitAvgMs=0.009, cpuSubmitMaxMs=0.026, gpuSamples=75, gpuAvgMs=0.010, gpuMaxMs=0.012, gpuAvgMsPerMP=0.011
[17Aug2026 23:02:01.052] [Render thread/INFO] [Photonics/]: Photonics pass timing v73: group=restir handheld, passes=[handheld], viewport=1476x632, megapixels=0.933, cpuInvocations=300, cpuSubmitAvgMs=0.009, cpuSubmitMaxMs=0.023, gpuSamples=75, gpuAvgMs=0.010, gpuMaxMs=0.010, gpuAvgMsPerMP=0.010
[17Aug2026 23:02:05.470] [Photonic Chunk Compiler #0/INFO] [Photonics/]: Photonics scene content change v137: section=(-2.000E+0  0.000E+0  5.000E+0), previousSceneHash=5740149937596846744, sceneHash=844055075765741136, fullHash=-6300251235876215216, previousNonAir=5, currentNonAir=6, priority=210316, playerChanged=false, initialPopulationComplete=true, radianceInvalidation=regional
[17Aug2026 23:02:05.519] [Render thread/INFO] [Photonics/]: Photonics world tracing v138: layoutRevision=78, layoutReason=scene-hash-change-without-player-marker, sceneRevision=1, settled=false, compiledSections=2017, trackedSections=2017, batchBuilt=1, batchUnloaded=0, pendingBuilds=2, pendingUnloads=0, ready=true, depth=6, blockBounds=( 6.400E+1  1.280E+2  4.800E+1)..( 4.000E+2  2.240E+2  3.840E+2), treeBounds=( 0.000E+0  0.000E+0  0.000E+0)..( 1.024E+3  1.024E+3  1.024E+3), origin=(-2.560E+2 -1.920E+2 -1.280E+2), sceneChangeBounds=(-32, 0, 80)..(-16, 16, 96), boundsSource=compiled, compileMs=37.756
[17Aug2026 23:02:05.853] [Render thread/INFO] [Photonics/]: Photonics pass timing v73: group=frag data, passes=[frag data], viewport=1476x632, megapixels=0.933, cpuInvocations=300, cpuSubmitAvgMs=0.021, cpuSubmitMaxMs=0.063, gpuSamples=75, gpuAvgMs=0.053, gpuMaxMs=0.085, gpuAvgMsPerMP=0.057
[17Aug2026 23:02:05.853] [Render thread/INFO] [Photonics/]: Photonics frame throughput v78: viewport=1476x632, windowSeconds=5.003, renderedFrames=300, fps=59.964, frameAvgMs=16.677
[17Aug2026 23:02:05.936] [Render thread/INFO] [Photonics/]: Photonics pass timing v73: group=restir direct, passes=[initial direct + visibility], viewport=1476x632, megapixels=0.933, cpuInvocations=300, cpuSubmitAvgMs=0.015, cpuSubmitMaxMs=0.044, gpuSamples=75, gpuAvgMs=0.338, gpuMaxMs=0.365, gpuAvgMsPerMP=0.362
[17Aug2026 23:02:05.953] [Render thread/INFO] [Photonics/]: Photonics pass timing v73: group=restir gi initial, passes=[initial indirect], viewport=1476x632, megapixels=0.933, cpuInvocations=300, cpuSubmitAvgMs=0.007, cpuSubmitMaxMs=0.021, gpuSamples=75, gpuAvgMs=0.717, gpuMaxMs=0.809, gpuAvgMsPerMP=0.769
[17Aug2026 23:02:05.971] [Render thread/INFO] [Photonics/]: Photonics pass timing v73: group=restir temporal, passes=[temporal reuse + tri-state GI classification], viewport=1476x632, megapixels=0.933, cpuInvocations=300, cpuSubmitAvgMs=0.009, cpuSubmitMaxMs=0.029, gpuSamples=75, gpuAvgMs=0.528, gpuMaxMs=0.660, gpuAvgMsPerMP=0.566
[17Aug2026 23:02:06.003] [Render thread/INFO] [Photonics/]: Photonics pass timing v73: group=restir spatial, passes=[spatial reuse/clamp + tri-state GI classification], viewport=1476x632, megapixels=0.933, cpuInvocations=300, cpuSubmitAvgMs=0.007, cpuSubmitMaxMs=0.023, gpuSamples=75, gpuAvgMs=0.103, gpuMaxMs=0.156, gpuAvgMsPerMP=0.111
[17Aug2026 23:02:06.021] [Render thread/INFO] [Photonics/]: Photonics pass timing v73: group=restir diffuse, passes=[diffuse], viewport=1476x632, megapixels=0.933, cpuInvocations=300, cpuSubmitAvgMs=0.007, cpuSubmitMaxMs=0.014, gpuSamples=75, gpuAvgMs=0.281, gpuMaxMs=0.307, gpuAvgMsPerMP=0.302
[17Aug2026 23:02:06.021] [Render thread/INFO] [Photonics/]: Photonics pass timing v73: group=restir accumulation, passes=[accumulation], viewport=1476x632, megapixels=0.933, cpuInvocations=300, cpuSubmitAvgMs=0.009, cpuSubmitMaxMs=0.088, gpuSamples=75, gpuAvgMs=0.435, gpuMaxMs=0.494, gpuAvgMsPerMP=0.467
[17Aug2026 23:02:06.021] [Render thread/INFO] [Photonics/]: Photonics pass timing v73: group=svgf variance, passes=[variance prefilter], viewport=1476x632, megapixels=0.933, cpuInvocations=300, cpuSubmitAvgMs=0.006, cpuSubmitMaxMs=0.066, gpuSamples=75, gpuAvgMs=0.570, gpuMaxMs=0.602, gpuAvgMsPerMP=0.611
[17Aug2026 23:02:06.054] [Render thread/INFO] [Photonics/]: Photonics pass timing v73: group=svgf atrous, passes=[atrous iteration], viewport=1476x632, megapixels=0.933, cpuInvocations=1500, cpuSubmitAvgMs=0.003, cpuSubmitMaxMs=0.030, gpuSamples=375, gpuAvgMs=0.339, gpuMaxMs=0.398, gpuAvgMsPerMP=0.364
[17Aug2026 23:02:06.054] [Render thread/INFO] [Photonics/]: Photonics pass timing v73: group=restir local, passes=[exact local direct], viewport=1476x632, megapixels=0.933, cpuInvocations=300, cpuSubmitAvgMs=0.008, cpuSubmitMaxMs=0.021, gpuSamples=75, gpuAvgMs=0.011, gpuMaxMs=0.011, gpuAvgMsPerMP=0.011
[17Aug2026 23:02:06.054] [Render thread/INFO] [Photonics/]: Photonics pass timing v73: group=restir handheld, passes=[handheld], viewport=1476x632, megapixels=0.933, cpuInvocations=300, cpuSubmitAvgMs=0.007, cpuSubmitMaxMs=0.023, gpuSamples=75, gpuAvgMs=0.010, gpuMaxMs=0.010, gpuAvgMsPerMP=0.010
[17Aug2026 23:02:07.570] [Render thread/INFO] [Photonics/]: Photonics world tracing v138: layoutRevision=79, layoutReason=streaming-or-rebuild, sceneRevision=1, settled=true, compiledSections=2017, trackedSections=2017, batchBuilt=2, batchUnloaded=0, pendingBuilds=0, pendingUnloads=0, ready=true, depth=6, blockBounds=( 6.400E+1  1.280E+2  4.800E+1)..( 4.000E+2  2.240E+2  3.840E+2), treeBounds=( 0.000E+0  0.000E+0  0.000E+0)..( 1.024E+3  1.024E+3  1.024E+3), origin=(-2.560E+2 -1.920E+2 -1.280E+2), sceneChangeBounds=(-32, 0, 80)..(-16, 16, 96), boundsSource=compiled, compileMs=36.036
[17Aug2026 23:02:07.570] [Render thread/INFO] [Photonics/]: Photonics memory v72: jvmHeap={usedBytes=1986035008, committedBytes=3930062848, maxBytes=8589934592}, jvmGc={collections=132, timeMs=1289}, worldHeap=GpuBufferHeapStats[capacityBytes=536870912, reservedBytes=138409652, liveBytes=135749012, peakLiveBytes=138402644, reusableBytes=2660640, allocations=154834, reusedAllocations=43393, frees=45539, failedAllocations=0], paletteHeap=GpuBufferHeapStats[capacityBytes=201326592, reservedBytes=58272, liveBytes=58272, peakLiveBytes=58272, reusableBytes=0, allocations=607, reusedAllocations=0, frees=0, failedAllocations=0], registries={lights=Stats[cachedObjects=1, pendingFreeObjects=0, allocatedObjects=1, failedAllocations=0], palettes=Stats[cachedObjects=607, pendingFreeObjects=0, allocatedObjects=607, failedAllocations=0], blocks=Stats[cachedObjects=1316, pendingFreeObjects=0, allocatedObjects=1316, failedAllocations=0], models=Stats[cachedObjects=28, pendingFreeObjects=0, allocatedObjects=28, failedAllocations=0]}
[17Aug2026 23:02:08.221] [Photonic Chunk Compiler #0/INFO] [Photonics/]: Photonics scene content change v137: section=(-2.000E+0  0.000E+0  5.000E+0), previousSceneHash=844055075765741136, sceneHash=5740149937596846744, fullHash=-412038715583442280, previousNonAir=6, currentNonAir=5, priority=210321, playerChanged=false, initialPopulationComplete=true, radianceInvalidation=regional
[17Aug2026 23:02:08.271] [Render thread/INFO] [Photonics/]: Photonics world tracing v138: layoutRevision=80, layoutReason=scene-hash-change-without-player-marker, sceneRevision=2, settled=false, compiledSections=2017, trackedSections=2017, batchBuilt=1, batchUnloaded=0, pendingBuilds=2, pendingUnloads=0, ready=true, depth=6, blockBounds=( 6.400E+1  1.280E+2  4.800E+1)..( 4.000E+2  2.240E+2  3.840E+2), treeBounds=( 0.000E+0  0.000E+0  0.000E+0)..( 1.024E+3  1.024E+3  1.024E+3), origin=(-2.560E+2 -1.920E+2 -1.280E+2), sceneChangeBounds=(-32, 0, 80)..(-16, 16, 96), boundsSource=compiled, compileMs=38.254
[17Aug2026 23:02:08.671] [Photonic Chunk Compiler #0/INFO] [Photonics/]: Photonics scene content change v137: section=(-2.000E+0  0.000E+0  5.000E+0), previousSceneHash=5740149937596846744, sceneHash=4797850164738543328, fullHash=-2346456146903413024, previousNonAir=5, currentNonAir=4, priority=210326, playerChanged=false, initialPopulationComplete=true, radianceInvalidation=regional
[17Aug2026 23:02:08.739] [Render thread/INFO] [Photonics/]: Photonics direct reservoir sample v64: samples=120, populated=33, emptyOrBackground=0, visibilityRejected=87, invalid=0, overLegacyCap=14, overTemporalCap=0, totalSamplesRange=32.0..623.5, viewport=1476x632
[17Aug2026 23:02:10.238] [Server thread/INFO] [net.minecraft.client.server.IntegratedServer/]: Saving and pausing game...
[17Aug2026 23:02:10.248] [Server thread/INFO] [net.minecraft.server.MinecraftServer/]: Saving chunks for level 'ServerLevel[New World1]'/minecraft:overworld
[17Aug2026 23:02:10.248] [Server thread/INFO] [dev.ryanhcode.sable.Sable/]: Saving sub-levels for level 'ServerLevel[New World1]'/minecraft:overworld
[17Aug2026 23:02:10.261] [Server thread/INFO] [net.minecraft.server.MinecraftServer/]: Saving chunks for level 'ServerLevel[New World1]'/minecraft:the_nether
[17Aug2026 23:02:10.261] [Server thread/INFO] [dev.ryanhcode.sable.Sable/]: Saving sub-levels for level 'ServerLevel[New World1]'/minecraft:the_nether
[17Aug2026 23:02:10.261] [Server thread/INFO] [net.minecraft.server.MinecraftServer/]: Saving chunks for level 'ServerLevel[New World1]'/minecraft:the_end
[17Aug2026 23:02:10.261] [Server thread/INFO] [dev.ryanhcode.sable.Sable/]: Saving sub-levels for level 'ServerLevel[New World1]'/minecraft:the_end
[17Aug2026 23:02:10.787] [Render thread/INFO] [Photonics/]: Photonics world tracing v138: layoutRevision=83, layoutReason=streaming-or-rebuild, sceneRevision=3, settled=true, compiledSections=2017, trackedSections=2017, batchBuilt=1, batchUnloaded=0, pendingBuilds=0, pendingUnloads=0, ready=true, depth=6, blockBounds=( 6.400E+1  1.280E+2  4.800E+1)..( 4.000E+2  2.240E+2  3.840E+2), treeBounds=( 0.000E+0  0.000E+0  0.000E+0)..( 1.024E+3  1.024E+3  1.024E+3), origin=(-2.560E+2 -1.920E+2 -1.280E+2), sceneChangeBounds=(-32, 0, 80)..(-16, 16, 96), boundsSource=compiled, compileMs=35.447
[17Aug2026 23:02:10.787] [Render thread/INFO] [Photonics/]: Photonics memory v72: jvmHeap={usedBytes=2209290600, committedBytes=3930062848, maxBytes=8589934592}, jvmGc={collections=132, timeMs=1289}, worldHeap=GpuBufferHeapStats[capacityBytes=536870912, reservedBytes=138409652, liveBytes=135749012, peakLiveBytes=138402644, reusableBytes=2660640, allocations=154834, reusedAllocations=43393, frees=45539, failedAllocations=0], paletteHeap=GpuBufferHeapStats[capacityBytes=201326592, reservedBytes=58272, liveBytes=58272, peakLiveBytes=58272, reusableBytes=0, allocations=607, reusedAllocations=0, frees=0, failedAllocations=0], registries={lights=Stats[cachedObjects=1, pendingFreeObjects=0, allocatedObjects=1, failedAllocations=0], palettes=Stats[cachedObjects=607, pendingFreeObjects=0, allocatedObjects=607, failedAllocations=0], blocks=Stats[cachedObjects=1316, pendingFreeObjects=0, allocatedObjects=1316, failedAllocations=0], models=Stats[cachedObjects=28, pendingFreeObjects=0, allocatedObjects=28, failedAllocations=0]}
[17Aug2026 23:02:10.855] [Render thread/INFO] [Photonics/]: Photonics pass timing v73: group=frag data, passes=[frag data], viewport=1476x632, megapixels=0.933, cpuInvocations=300, cpuSubmitAvgMs=0.023, cpuSubmitMaxMs=0.063, gpuSamples=75, gpuAvgMs=0.051, gpuMaxMs=0.084, gpuAvgMsPerMP=0.055
[17Aug2026 23:02:10.855] [Render thread/INFO] [Photonics/]: Photonics frame throughput v78: viewport=1476x632, windowSeconds=5.001, renderedFrames=300, fps=59.986, frameAvgMs=16.671
[17Aug2026 23:02:10.938] [Render thread/INFO] [Photonics/]: Photonics pass timing v73: group=restir direct, passes=[initial direct + visibility], viewport=1476x632, megapixels=0.933, cpuInvocations=300, cpuSubmitAvgMs=0.016, cpuSubmitMaxMs=0.041, gpuSamples=75, gpuAvgMs=0.315, gpuMaxMs=0.376, gpuAvgMsPerMP=0.338
[17Aug2026 23:02:10.955] [Render thread/INFO] [Photonics/]: Photonics pass timing v73: group=restir gi initial, passes=[initial indirect], viewport=1476x632, megapixels=0.933, cpuInvocations=300, cpuSubmitAvgMs=0.008, cpuSubmitMaxMs=0.026, gpuSamples=75, gpuAvgMs=0.691, gpuMaxMs=0.735, gpuAvgMsPerMP=0.741
[17Aug2026 23:02:10.971] [Render thread/INFO] [Photonics/]: Photonics pass timing v73: group=restir temporal, passes=[temporal reuse + tri-state GI classification], viewport=1476x632, megapixels=0.933, cpuInvocations=300, cpuSubmitAvgMs=0.010, cpuSubmitMaxMs=0.020, gpuSamples=75, gpuAvgMs=0.418, gpuMaxMs=0.476, gpuAvgMsPerMP=0.448
[17Aug2026 23:02:11.005] [Render thread/INFO] [Photonics/]: Photonics pass timing v73: group=restir spatial, passes=[spatial reuse/clamp + tri-state GI classification], viewport=1476x632, megapixels=0.933, cpuInvocations=300, cpuSubmitAvgMs=0.007, cpuSubmitMaxMs=0.022, gpuSamples=75, gpuAvgMs=0.083, gpuMaxMs=0.123, gpuAvgMsPerMP=0.089
[17Aug2026 23:02:11.022] [Render thread/INFO] [Photonics/]: Photonics pass timing v73: group=restir diffuse, passes=[diffuse], viewport=1476x632, megapixels=0.933, cpuInvocations=300, cpuSubmitAvgMs=0.007, cpuSubmitMaxMs=0.017, gpuSamples=75, gpuAvgMs=0.283, gpuMaxMs=0.313, gpuAvgMsPerMP=0.303
[17Aug2026 23:02:11.022] [Render thread/INFO] [Photonics/]: Photonics pass timing v73: group=restir accumulation, passes=[accumulation], viewport=1476x632, megapixels=0.933, cpuInvocations=300, cpuSubmitAvgMs=0.010, cpuSubmitMaxMs=0.037, gpuSamples=75, gpuAvgMs=0.340, gpuMaxMs=0.357, gpuAvgMsPerMP=0.364
[17Aug2026 23:02:11.022] [Render thread/INFO] [Photonics/]: Photonics pass timing v73: group=svgf variance, passes=[variance prefilter], viewport=1476x632, megapixels=0.933, cpuInvocations=300, cpuSubmitAvgMs=0.006, cpuSubmitMaxMs=0.026, gpuSamples=75, gpuAvgMs=0.524, gpuMaxMs=0.553, gpuAvgMsPerMP=0.562
[17Aug2026 23:02:11.055] [Render thread/INFO] [Photonics/]: Photonics pass timing v73: group=svgf atrous, passes=[atrous iteration], viewport=1476x632, megapixels=0.933, cpuInvocations=1500, cpuSubmitAvgMs=0.003, cpuSubmitMaxMs=0.012, gpuSamples=375, gpuAvgMs=0.318, gpuMaxMs=0.375, gpuAvgMsPerMP=0.341
[17Aug2026 23:02:11.056] [Render thread/INFO] [Photonics/]: Photonics pass timing v73: group=restir local, passes=[exact local direct], viewport=1476x632, megapixels=0.933, cpuInvocations=300, cpuSubmitAvgMs=0.008, cpuSubmitMaxMs=0.021, gpuSamples=75, gpuAvgMs=0.010, gpuMaxMs=0.011, gpuAvgMsPerMP=0.011
[17Aug2026 23:02:11.056] [Render thread/INFO] [Photonics/]: Photonics pass timing v73: group=restir handheld, passes=[handheld], viewport=1476x632, megapixels=0.933, cpuInvocations=300, cpuSubmitAvgMs=0.008, cpuSubmitMaxMs=0.018, gpuSamples=75, gpuAvgMs=0.010, gpuMaxMs=0.010, gpuAvgMsPerMP=0.010
[17Aug2026 23:02:13.038] [Photonic Chunk Compiler #1/INFO] [Photonics/]: Photonics scene content change v137: section=(-2.000E+0  0.000E+0  5.000E+0), previousSceneHash=4797850164738543328, sceneHash=-8593628051157140696, fullHash=7282565876714453800, previousNonAir=4, currentNonAir=3, priority=210329, playerChanged=false, initialPopulationComplete=true, radianceInvalidation=regional
[17Aug2026 23:02:13.088] [Render thread/INFO] [Photonics/]: Photonics world tracing v138: layoutRevision=84, layoutReason=scene-hash-change-without-player-marker, sceneRevision=4, settled=false, compiledSections=2017, trackedSections=2017, batchBuilt=1, batchUnloaded=0, pendingBuilds=2, pendingUnloads=0, ready=true, depth=6, blockBounds=( 6.400E+1  1.280E+2  4.800E+1)..( 4.000E+2  2.240E+2  3.840E+2), treeBounds=( 0.000E+0  0.000E+0  0.000E+0)..( 1.024E+3  1.024E+3  1.024E+3), origin=(-2.560E+2 -1.920E+2 -1.280E+2), sceneChangeBounds=(-32, 0, 80)..(-16, 16, 96), boundsSource=compiled, compileMs=34.569
[17Aug2026 23:02:13.439] [Photonic Chunk Compiler #0/INFO] [Photonics/]: Photonics scene content change v137: section=(-2.000E+0  0.000E+0  5.000E+0), previousSceneHash=-8593628051157140696, sceneHash=3405413424844449648, fullHash=4618214891045726064, previousNonAir=3, currentNonAir=2, priority=210334, playerChanged=false, initialPopulationComplete=true, radianceInvalidation=regional
[17Aug2026 23:02:13.739] [Photonic Chunk Compiler #0/INFO] [Photonics/]: Photonics scene content change v137: section=(-2.000E+0  0.000E+0  5.000E+0), previousSceneHash=3405413424844449648, sceneHash=-7681589324050263112, fullHash=-7421569388315339848, previousNonAir=2, currentNonAir=1, priority=210339, playerChanged=false, initialPopulationComplete=true, radianceInvalidation=regional
[17Aug2026 23:02:14.090] [Render thread/INFO] [Photonics/]: Photonics world tracing v138: layoutRevision=90, layoutReason=section-unload, sceneRevision=6, settled=false, compiledSections=2016, trackedSections=2016, batchBuilt=0, batchUnloaded=1, pendingBuilds=1, pendingUnloads=0, ready=true, depth=6, blockBounds=( 6.400E+1  1.280E+2  4.800E+1)..( 4.000E+2  2.240E+2  3.840E+2), treeBounds=( 0.000E+0  0.000E+0  0.000E+0)..( 1.024E+3  1.024E+3  1.024E+3), origin=(-2.560E+2 -1.920E+2 -1.280E+2), sceneChangeBounds=(-32, 0, 80)..(-16, 16, 96), boundsSource=compiled, compileMs=34.214
[17Aug2026 23:02:14.590] [Photonic Chunk Compiler #1/INFO] [Photonics/]: Photonics scene content change v137: section=(-2.000E+0  0.000E+0  5.000E+0), previousSceneHash=-7681589324050263112, sceneHash=3405413424844449648, fullHash=6911660348310497136, previousNonAir=1, currentNonAir=2, priority=210351, playerChanged=false, initialPopulationComplete=true, radianceInvalidation=regional
[17Aug2026 23:02:14.740] [Photonic Chunk Compiler #0/INFO] [Photonics/]: Photonics scene content change v137: section=(-2.000E+0  0.000E+0  5.000E+0), previousSceneHash=3405413424844449648, sceneHash=-8593628051157140696, fullHash=-8333608115422217432, previousNonAir=2, currentNonAir=3, priority=210356, playerChanged=false, initialPopulationComplete=true, radianceInvalidation=regional
[17Aug2026 23:02:15.855] [Render thread/INFO] [Photonics/]: Photonics pass timing v73: group=frag data, passes=[frag data], viewport=1476x632, megapixels=0.933, cpuInvocations=299, cpuSubmitAvgMs=0.023, cpuSubmitMaxMs=0.076, gpuSamples=74, gpuAvgMs=0.051, gpuMaxMs=0.076, gpuAvgMsPerMP=0.055
[17Aug2026 23:02:15.855] [Render thread/INFO] [Photonics/]: Photonics frame throughput v78: viewport=1476x632, windowSeconds=5.000, renderedFrames=299, fps=59.797, frameAvgMs=16.723
[17Aug2026 23:02:15.939] [Render thread/INFO] [Photonics/]: Photonics pass timing v73: group=restir direct, passes=[initial direct + visibility], viewport=1476x632, megapixels=0.933, cpuInvocations=299, cpuSubmitAvgMs=0.016, cpuSubmitMaxMs=0.046, gpuSamples=75, gpuAvgMs=0.337, gpuMaxMs=0.427, gpuAvgMsPerMP=0.361
[17Aug2026 23:02:15.955] [Render thread/INFO] [Photonics/]: Photonics pass timing v73: group=restir gi initial, passes=[initial indirect], viewport=1476x632, megapixels=0.933, cpuInvocations=299, cpuSubmitAvgMs=0.008, cpuSubmitMaxMs=0.029, gpuSamples=75, gpuAvgMs=0.704, gpuMaxMs=0.783, gpuAvgMsPerMP=0.754
[17Aug2026 23:02:15.972] [Render thread/INFO] [Photonics/]: Photonics pass timing v73: group=restir temporal, passes=[temporal reuse + tri-state GI classification], viewport=1476x632, megapixels=0.933, cpuInvocations=299, cpuSubmitAvgMs=0.009, cpuSubmitMaxMs=0.022, gpuSamples=75, gpuAvgMs=0.446, gpuMaxMs=0.481, gpuAvgMsPerMP=0.478
[17Aug2026 23:02:16.006] [Render thread/INFO] [Photonics/]: Photonics pass timing v73: group=restir spatial, passes=[spatial reuse/clamp + tri-state GI classification], viewport=1476x632, megapixels=0.933, cpuInvocations=299, cpuSubmitAvgMs=0.007, cpuSubmitMaxMs=0.024, gpuSamples=75, gpuAvgMs=0.089, gpuMaxMs=0.129, gpuAvgMsPerMP=0.095
[17Aug2026 23:02:16.039] [Render thread/INFO] [Photonics/]: Photonics pass timing v73: group=restir diffuse, passes=[diffuse], viewport=1476x632, megapixels=0.933, cpuInvocations=300, cpuSubmitAvgMs=0.007, cpuSubmitMaxMs=0.019, gpuSamples=75, gpuAvgMs=0.300, gpuMaxMs=0.357, gpuAvgMsPerMP=0.322
[17Aug2026 23:02:16.039] [Render thread/INFO] [Photonics/]: Photonics pass timing v73: group=restir accumulation, passes=[accumulation], viewport=1476x632, megapixels=0.933, cpuInvocations=300, cpuSubmitAvgMs=0.010, cpuSubmitMaxMs=0.025, gpuSamples=75, gpuAvgMs=0.347, gpuMaxMs=0.385, gpuAvgMsPerMP=0.372
[17Aug2026 23:02:16.039] [Render thread/INFO] [Photonics/]: Photonics pass timing v73: group=svgf variance, passes=[variance prefilter], viewport=1476x632, megapixels=0.933, cpuInvocations=300, cpuSubmitAvgMs=0.006, cpuSubmitMaxMs=0.019, gpuSamples=75, gpuAvgMs=0.404, gpuMaxMs=0.592, gpuAvgMsPerMP=0.433
[17Aug2026 23:02:16.072] [Render thread/INFO] [Photonics/]: Photonics pass timing v73: group=svgf atrous, passes=[atrous iteration], viewport=1476x632, megapixels=0.933, cpuInvocations=1500, cpuSubmitAvgMs=0.003, cpuSubmitMaxMs=0.013, gpuSamples=375, gpuAvgMs=0.231, gpuMaxMs=0.382, gpuAvgMsPerMP=0.248
[17Aug2026 23:02:16.072] [Render thread/INFO] [Photonics/]: Photonics pass timing v73: group=restir local, passes=[exact local direct], viewport=1476x632, megapixels=0.933, cpuInvocations=300, cpuSubmitAvgMs=0.008, cpuSubmitMaxMs=0.017, gpuSamples=75, gpuAvgMs=0.010, gpuMaxMs=0.011, gpuAvgMsPerMP=0.011
[17Aug2026 23:02:16.072] [Render thread/INFO] [Photonics/]: Photonics pass timing v73: group=restir handheld, passes=[handheld], viewport=1476x632, megapixels=0.933, cpuInvocations=300, cpuSubmitAvgMs=0.008, cpuSubmitMaxMs=0.021, gpuSamples=75, gpuAvgMs=0.010, gpuMaxMs=0.010, gpuAvgMsPerMP=0.010
[17Aug2026 23:02:16.205] [Photonic Chunk Compiler #0/INFO] [Photonics/]: Photonics scene content change v137: section=(-5.000E+0  0.000E+0  1.100E+1), previousSceneHash=-3544216601342970372, sceneHash=4974817052975064102, fullHash=-7572492983855848410, previousNonAir=15, currentNonAir=16, priority=210361, playerChanged=false, initialPopulationComplete=true, radianceInvalidation=regional
[17Aug2026 23:02:16.239] [Render thread/INFO] [Photonics/]: Photonics world tracing v138: layoutRevision=98, layoutReason=scene-hash-change-without-player-marker, sceneRevision=9, settled=false, compiledSections=2017, trackedSections=2017, batchBuilt=1, batchUnloaded=0, pendingBuilds=0, pendingUnloads=0, ready=true, depth=6, blockBounds=( 6.400E+1  1.280E+2  4.800E+1)..( 4.000E+2  2.240E+2  3.840E+2), treeBounds=( 0.000E+0  0.000E+0  0.000E+0)..( 1.024E+3  1.024E+3  1.024E+3), origin=(-2.560E+2 -1.920E+2 -1.280E+2), sceneChangeBounds=(-80, 0, 176)..(-64, 16, 192), boundsSource=compiled, compileMs=33.891
[17Aug2026 23:02:16.756] [Render thread/INFO] [Photonics/]: Photonics direct reservoir sample v64: samples=120, populated=40, emptyOrBackground=0, visibilityRejected=80, invalid=0, overLegacyCap=21, overTemporalCap=0, totalSamplesRange=32.0..623.5, viewport=1476x632
[17Aug2026 23:02:18.240] [Render thread/INFO] [Photonics/]: Photonics world tracing v138: layoutRevision=98, layoutReason=scene-hash-change-without-player-marker, sceneRevision=9, settled=true, compiledSections=2017, trackedSections=2017, batchBuilt=1, batchUnloaded=0, pendingBuilds=0, pendingUnloads=0, ready=true, depth=6, blockBounds=( 6.400E+1  1.280E+2  4.800E+1)..( 4.000E+2  2.240E+2  3.840E+2), treeBounds=( 0.000E+0  0.000E+0  0.000E+0)..( 1.024E+3  1.024E+3  1.024E+3), origin=(-2.560E+2 -1.920E+2 -1.280E+2), sceneChangeBounds=(-80, 0, 176)..(-64, 16, 192), boundsSource=compiled, compileMs=33.891
[17Aug2026 23:02:18.240] [Render thread/INFO] [Photonics/]: Photonics memory v72: jvmHeap={usedBytes=2742726496, committedBytes=3930062848, maxBytes=8589934592}, jvmGc={collections=132, timeMs=1289}, worldHeap=GpuBufferHeapStats[capacityBytes=536870912, reservedBytes=138409652, liveBytes=135749012, peakLiveBytes=138402644, reusableBytes=2660640, allocations=154837, reusedAllocations=43396, frees=45542, failedAllocations=0], paletteHeap=GpuBufferHeapStats[capacityBytes=201326592, reservedBytes=58272, liveBytes=58272, peakLiveBytes=58272, reusableBytes=0, allocations=607, reusedAllocations=0, frees=0, failedAllocations=0], registries={lights=Stats[cachedObjects=1, pendingFreeObjects=0, allocatedObjects=1, failedAllocations=0], palettes=Stats[cachedObjects=607, pendingFreeObjects=0, allocatedObjects=607, failedAllocations=0], blocks=Stats[cachedObjects=1316, pendingFreeObjects=0, allocatedObjects=1316, failedAllocations=0], models=Stats[cachedObjects=28, pendingFreeObjects=0, allocatedObjects=28, failedAllocations=0]}
[17Aug2026 23:02:20.592] [Photonic Chunk Compiler #1/INFO] [Photonics/]: Photonics scene content change v137: section=(-2.000E+0  0.000E+0  5.000E+0), previousSceneHash=-8593628051157140696, sceneHash=9220685230334918368, fullHash=-8013257377173356832, previousNonAir=3, currentNonAir=4, priority=210363, playerChanged=false, initialPopulationComplete=true, radianceInvalidation=regional
[17Aug2026 23:02:20.642] [Render thread/INFO] [Photonics/]: Photonics world tracing v138: layoutRevision=99, layoutReason=scene-hash-change-without-player-marker, sceneRevision=10, settled=false, compiledSections=2017, trackedSections=2017, batchBuilt=1, batchUnloaded=0, pendingBuilds=1, pendingUnloads=0, ready=true, depth=6, blockBounds=( 6.400E+1  1.280E+2  4.800E+1)..( 4.000E+2  2.240E+2  3.840E+2), treeBounds=( 0.000E+0  0.000E+0  0.000E+0)..( 1.024E+3  1.024E+3  1.024E+3), origin=(-2.560E+2 -1.920E+2 -1.280E+2), sceneChangeBounds=(-32, 0, 80)..(-16, 16, 96), boundsSource=compiled, compileMs=35.059
[17Aug2026 23:02:20.792] [Photonic Chunk Compiler #0/INFO] [Photonics/]: Photonics scene content change v137: section=(-2.000E+0  0.000E+0  5.000E+0), previousSceneHash=9220685230334918368, sceneHash=3828485361043128984, fullHash=-7720013461119155560, previousNonAir=4, currentNonAir=5, priority=210367, playerChanged=true, initialPopulationComplete=true, radianceInvalidation=regional
[17Aug2026 23:02:20.859] [Render thread/INFO] [Photonics/]: Photonics pass timing v73: group=frag data, passes=[frag data], viewport=1476x632, megapixels=0.933, cpuInvocations=300, cpuSubmitAvgMs=0.022, cpuSubmitMaxMs=0.067, gpuSamples=75, gpuAvgMs=0.052, gpuMaxMs=0.054, gpuAvgMsPerMP=0.055
[17Aug2026 23:02:20.859] [Render thread/INFO] [Photonics/]: Photonics frame throughput v78: viewport=1476x632, windowSeconds=5.005, renderedFrames=300, fps=59.946, frameAvgMs=16.682
[17Aug2026 23:02:20.942] [Photonic Chunk Compiler #0/INFO] [Photonics/]: Photonics scene content change v137: section=(-2.000E+0  0.000E+0  5.000E+0), previousSceneHash=3828485361043128984, sceneHash=-3245651700185315760, fullHash=-7891320036729567664, previousNonAir=5, currentNonAir=6, priority=210369, playerChanged=false, initialPopulationComplete=true, radianceInvalidation=regional
[17Aug2026 23:02:20.944] [Render thread/INFO] [Photonics/]: Photonics pass timing v73: group=restir direct, passes=[initial direct + visibility], viewport=1476x632, megapixels=0.933, cpuInvocations=300, cpuSubmitAvgMs=0.016, cpuSubmitMaxMs=0.034, gpuSamples=75, gpuAvgMs=0.367, gpuMaxMs=0.429, gpuAvgMsPerMP=0.394
[17Aug2026 23:02:20.959] [Render thread/INFO] [Photonics/]: Photonics pass timing v73: group=restir gi initial, passes=[initial indirect], viewport=1476x632, megapixels=0.933, cpuInvocations=300, cpuSubmitAvgMs=0.008, cpuSubmitMaxMs=0.019, gpuSamples=75, gpuAvgMs=0.742, gpuMaxMs=0.772, gpuAvgMsPerMP=0.795
[17Aug2026 23:02:20.976] [Render thread/INFO] [Photonics/]: Photonics pass timing v73: group=restir temporal, passes=[temporal reuse + tri-state GI classification], viewport=1476x632, megapixels=0.933, cpuInvocations=300, cpuSubmitAvgMs=0.009, cpuSubmitMaxMs=0.018, gpuSamples=75, gpuAvgMs=0.637, gpuMaxMs=0.731, gpuAvgMsPerMP=0.683
[17Aug2026 23:02:21.010] [Render thread/INFO] [Photonics/]: Photonics pass timing v73: group=restir spatial, passes=[spatial reuse/clamp + tri-state GI classification], viewport=1476x632, megapixels=0.933, cpuInvocations=300, cpuSubmitAvgMs=0.007, cpuSubmitMaxMs=0.030, gpuSamples=75, gpuAvgMs=0.101, gpuMaxMs=0.129, gpuAvgMsPerMP=0.108
[17Aug2026 23:02:21.043] [Render thread/INFO] [Photonics/]: Photonics pass timing v73: group=restir diffuse, passes=[diffuse], viewport=1476x632, megapixels=0.933, cpuInvocations=300, cpuSubmitAvgMs=0.007, cpuSubmitMaxMs=0.016, gpuSamples=75, gpuAvgMs=0.315, gpuMaxMs=0.374, gpuAvgMsPerMP=0.338
[17Aug2026 23:02:21.043] [Render thread/INFO] [Photonics/]: Photonics pass timing v73: group=restir accumulation, passes=[accumulation], viewport=1476x632, megapixels=0.933, cpuInvocations=300, cpuSubmitAvgMs=0.010, cpuSubmitMaxMs=0.022, gpuSamples=75, gpuAvgMs=0.411, gpuMaxMs=0.476, gpuAvgMsPerMP=0.441
[17Aug2026 23:02:21.043] [Render thread/INFO] [Photonics/]: Photonics pass timing v73: group=svgf variance, passes=[variance prefilter], viewport=1476x632, megapixels=0.933, cpuInvocations=300, cpuSubmitAvgMs=0.006, cpuSubmitMaxMs=0.022, gpuSamples=75, gpuAvgMs=0.066, gpuMaxMs=0.109, gpuAvgMsPerMP=0.071
[17Aug2026 23:02:21.076] [Render thread/INFO] [Photonics/]: Photonics pass timing v73: group=svgf atrous, passes=[atrous iteration], viewport=1476x632, megapixels=0.933, cpuInvocations=1500, cpuSubmitAvgMs=0.002, cpuSubmitMaxMs=0.013, gpuSamples=375, gpuAvgMs=0.024, gpuMaxMs=0.091, gpuAvgMsPerMP=0.025
[17Aug2026 23:02:21.076] [Render thread/INFO] [Photonics/]: Photonics pass timing v73: group=restir local, passes=[exact local direct], viewport=1476x632, megapixels=0.933, cpuInvocations=300, cpuSubmitAvgMs=0.008, cpuSubmitMaxMs=0.017, gpuSamples=75, gpuAvgMs=0.010, gpuMaxMs=0.010, gpuAvgMsPerMP=0.011
[17Aug2026 23:02:21.076] [Render thread/INFO] [Photonics/]: Photonics pass timing v73: group=restir handheld, passes=[handheld], viewport=1476x632, megapixels=0.933, cpuInvocations=300, cpuSubmitAvgMs=0.007, cpuSubmitMaxMs=0.021, gpuSamples=75, gpuAvgMs=0.010, gpuMaxMs=0.018, gpuAvgMsPerMP=0.011
[17Aug2026 23:02:23.044] [Render thread/INFO] [Photonics/]: Photonics world tracing v138: layoutRevision=104, layoutReason=streaming-or-rebuild, sceneRevision=12, settled=true, compiledSections=2017, trackedSections=2017, batchBuilt=1, batchUnloaded=0, pendingBuilds=0, pendingUnloads=0, ready=true, depth=6, blockBounds=( 6.400E+1  1.280E+2  4.800E+1)..( 4.000E+2  2.240E+2  3.840E+2), treeBounds=( 0.000E+0  0.000E+0  0.000E+0)..( 1.024E+3  1.024E+3  1.024E+3), origin=(-2.560E+2 -1.920E+2 -1.280E+2), sceneChangeBounds=(-32, 0, 80)..(-16, 16, 96), boundsSource=compiled, compileMs=33.961
[17Aug2026 23:02:23.044] [Render thread/INFO] [Photonics/]: Photonics memory v72: jvmHeap={usedBytes=3073393608, committedBytes=3930062848, maxBytes=8589934592}, jvmGc={collections=132, timeMs=1289}, worldHeap=GpuBufferHeapStats[capacityBytes=536870912, reservedBytes=138409652, liveBytes=135749012, peakLiveBytes=138402644, reusableBytes=2660640, allocations=154837, reusedAllocations=43396, frees=45542, failedAllocations=0], paletteHeap=GpuBufferHeapStats[capacityBytes=201326592, reservedBytes=58272, liveBytes=58272, peakLiveBytes=58272, reusableBytes=0, allocations=607, reusedAllocations=0, frees=0, failedAllocations=0], registries={lights=Stats[cachedObjects=1, pendingFreeObjects=0, allocatedObjects=1, failedAllocations=0], palettes=Stats[cachedObjects=607, pendingFreeObjects=0, allocatedObjects=607, failedAllocations=0], blocks=Stats[cachedObjects=1316, pendingFreeObjects=0, allocatedObjects=1316, failedAllocations=0], models=Stats[cachedObjects=28, pendingFreeObjects=0, allocatedObjects=28, failedAllocations=0]}
[17Aug2026 23:02:23.878] [Photonic Chunk Compiler #0/INFO] [Photonics/]: Photonics scene content change v137: section=(-2.000E+0  0.000E+0  5.000E+0), previousSceneHash=-3245651700185315760, sceneHash=-8300917557999183352, fullHash=7792956311844936200, previousNonAir=6, currentNonAir=7, priority=210372, playerChanged=false, initialPopulationComplete=true, radianceInvalidation=regional
[17Aug2026 23:02:23.928] [Render thread/INFO] [Photonics/]: Photonics world tracing v138: layoutRevision=105, layoutReason=scene-hash-change-without-player-marker, sceneRevision=13, settled=false, compiledSections=2017, trackedSections=2017, batchBuilt=1, batchUnloaded=0, pendingBuilds=2, pendingUnloads=0, ready=true, depth=6, blockBounds=( 6.400E+1  1.280E+2  4.800E+1)..( 4.000E+2  2.240E+2  3.840E+2), treeBounds=( 0.000E+0  0.000E+0  0.000E+0)..( 1.024E+3  1.024E+3  1.024E+3), origin=(-2.560E+2 -1.920E+2 -1.280E+2), sceneChangeBounds=(-32, 0, 80)..(-16, 16, 96), boundsSource=compiled, compileMs=34.312
[17Aug2026 23:02:24.228] [Photonic Chunk Compiler #0/INFO] [Photonics/]: Photonics scene content change v137: section=(-2.000E+0  0.000E+0  5.000E+0), previousSceneHash=-8300917557999183352, sceneHash=-7358617785140879936, fullHash=4951904472664006080, previousNonAir=7, currentNonAir=8, priority=210377, playerChanged=false, initialPopulationComplete=true, radianceInvalidation=regional
[17Aug2026 23:02:24.729] [Photonic Chunk Compiler #0/INFO] [Photonics/]: Photonics scene content change v137: section=(-2.000E+0  0.000E+0  5.000E+0), previousSceneHash=-7358617785140879936, sceneHash=-8300917557999183352, fullHash=-7242771181157754360, previousNonAir=8, currentNonAir=7, priority=210380, playerChanged=false, initialPopulationComplete=true, radianceInvalidation=regional
[17Aug2026 23:02:24.762] [Render thread/INFO] [Photonics/]: Photonics direct reservoir sample v64: samples=120, populated=33, emptyOrBackground=1, visibilityRejected=86, invalid=0, overLegacyCap=12, overTemporalCap=0, totalSamplesRange=32.0..623.5, viewport=1476x632
[17Aug2026 23:02:24.979] [Photonic Chunk Compiler #0/INFO] [Photonics/]: Photonics scene content change v137: section=(-2.000E+0  0.000E+0  5.000E+0), previousSceneHash=-8300917557999183352, sceneHash=-1226780496770738608, fullHash=-7363002312675404208, previousNonAir=7, currentNonAir=6, priority=210384, playerChanged=true, initialPopulationComplete=true, radianceInvalidation=regional
[17Aug2026 23:02:25.029] [Render thread/INFO] [Photonics/]: Photonics world tracing v138: layoutRevision=111, layoutReason=scene-content-change, sceneRevision=16, settled=false, compiledSections=2017, trackedSections=2017, batchBuilt=1, batchUnloaded=0, pendingBuilds=1, pendingUnloads=0, ready=true, depth=6, blockBounds=( 6.400E+1  1.280E+2  4.800E+1)..( 4.000E+2  2.240E+2  3.840E+2), treeBounds=( 0.000E+0  0.000E+0  0.000E+0)..( 1.024E+3  1.024E+3  1.024E+3), origin=(-2.560E+2 -1.920E+2 -1.280E+2), sceneChangeBounds=(-32, 0, 80)..(-16, 16, 96), boundsSource=compiled, compileMs=34.767
[17Aug2026 23:02:25.145] [Photonic Chunk Compiler #0/INFO] [Photonics/]: Photonics scene content change v137: section=(-2.000E+0  0.000E+0  5.000E+0), previousSceneHash=-1226780496770738608, sceneHash=4165419372521050776, fullHash=-4263600576062434664, previousNonAir=6, currentNonAir=5, priority=210387, playerChanged=true, initialPopulationComplete=true, radianceInvalidation=regional
[17Aug2026 23:02:25.729] [Photonic Chunk Compiler #0/INFO] [Photonics/]: Photonics scene content change v137: section=(-2.000E+0  0.000E+0  5.000E+0), previousSceneHash=4165419372521050776, sceneHash=4797850164738543328, fullHash=7912743804246576864, previousNonAir=5, currentNonAir=4, priority=210390, playerChanged=true, initialPopulationComplete=true, radianceInvalidation=regional
[17Aug2026 23:02:25.863] [Render thread/INFO] [Photonics/]: Photonics pass timing v73: group=frag data, passes=[frag data], viewport=1476x632, megapixels=0.933, cpuInvocations=299, cpuSubmitAvgMs=0.023, cpuSubmitMaxMs=0.067, gpuSamples=75, gpuAvgMs=0.052, gpuMaxMs=0.054, gpuAvgMsPerMP=0.055
[17Aug2026 23:02:25.863] [Render thread/INFO] [Photonics/]: Photonics frame throughput v78: viewport=1476x632, windowSeconds=5.003, renderedFrames=299, fps=59.762, frameAvgMs=16.733
[17Aug2026 23:02:25.946] [Render thread/INFO] [Photonics/]: Photonics pass timing v73: group=restir direct, passes=[initial direct + visibility], viewport=1476x632, megapixels=0.933, cpuInvocations=299, cpuSubmitAvgMs=0.016, cpuSubmitMaxMs=0.042, gpuSamples=74, gpuAvgMs=0.337, gpuMaxMs=0.418, gpuAvgMsPerMP=0.362
[17Aug2026 23:02:25.962] [Render thread/INFO] [Photonics/]: Photonics pass timing v73: group=restir gi initial, passes=[initial indirect], viewport=1476x632, megapixels=0.933, cpuInvocations=299, cpuSubmitAvgMs=0.008, cpuSubmitMaxMs=0.021, gpuSamples=75, gpuAvgMs=0.736, gpuMaxMs=0.813, gpuAvgMsPerMP=0.789
[17Aug2026 23:02:25.980] [Render thread/INFO] [Photonics/]: Photonics pass timing v73: group=restir temporal, passes=[temporal reuse + tri-state GI classification], viewport=1476x632, megapixels=0.933, cpuInvocations=299, cpuSubmitAvgMs=0.009, cpuSubmitMaxMs=0.020, gpuSamples=75, gpuAvgMs=0.430, gpuMaxMs=0.476, gpuAvgMsPerMP=0.461
[17Aug2026 23:02:26.012] [Render thread/INFO] [Photonics/]: Photonics pass timing v73: group=restir spatial, passes=[spatial reuse/clamp + tri-state GI classification], viewport=1476x632, megapixels=0.933, cpuInvocations=299, cpuSubmitAvgMs=0.007, cpuSubmitMaxMs=0.023, gpuSamples=74, gpuAvgMs=0.088, gpuMaxMs=0.104, gpuAvgMsPerMP=0.094
[17Aug2026 23:02:26.046] [Render thread/INFO] [Photonics/]: Photonics pass timing v73: group=restir diffuse, passes=[diffuse], viewport=1476x632, megapixels=0.933, cpuInvocations=299, cpuSubmitAvgMs=0.007, cpuSubmitMaxMs=0.021, gpuSamples=75, gpuAvgMs=0.295, gpuMaxMs=0.364, gpuAvgMsPerMP=0.317
[17Aug2026 23:02:26.046] [Render thread/INFO] [Photonics/]: Photonics pass timing v73: group=restir accumulation, passes=[accumulation], viewport=1476x632, megapixels=0.933, cpuInvocations=299, cpuSubmitAvgMs=0.009, cpuSubmitMaxMs=0.023, gpuSamples=75, gpuAvgMs=0.334, gpuMaxMs=0.367, gpuAvgMsPerMP=0.358
[17Aug2026 23:02:26.046] [Render thread/INFO] [Photonics/]: Photonics pass timing v73: group=svgf variance, passes=[variance prefilter], viewport=1476x632, megapixels=0.933, cpuInvocations=299, cpuSubmitAvgMs=0.006, cpuSubmitMaxMs=0.056, gpuSamples=75, gpuAvgMs=0.064, gpuMaxMs=0.077, gpuAvgMsPerMP=0.068
[17Aug2026 23:02:26.080] [Render thread/INFO] [Photonics/]: Photonics pass timing v73: group=svgf atrous, passes=[atrous iteration], viewport=1476x632, megapixels=0.933, cpuInvocations=1495, cpuSubmitAvgMs=0.002, cpuSubmitMaxMs=0.012, gpuSamples=373, gpuAvgMs=0.023, gpuMaxMs=0.063, gpuAvgMsPerMP=0.025
[17Aug2026 23:02:26.080] [Render thread/INFO] [Photonics/]: Photonics pass timing v73: group=restir local, passes=[exact local direct], viewport=1476x632, megapixels=0.933, cpuInvocations=299, cpuSubmitAvgMs=0.008, cpuSubmitMaxMs=0.041, gpuSamples=74, gpuAvgMs=0.010, gpuMaxMs=0.010, gpuAvgMsPerMP=0.011
[17Aug2026 23:02:26.080] [Render thread/INFO] [Photonics/]: Photonics pass timing v73: group=restir handheld, passes=[handheld], viewport=1476x632, megapixels=0.933, cpuInvocations=299, cpuSubmitAvgMs=0.007, cpuSubmitMaxMs=0.021, gpuSamples=74, gpuAvgMs=0.010, gpuMaxMs=0.010, gpuAvgMsPerMP=0.010
[17Aug2026 23:02:26.129] [Photonic Chunk Compiler #0/INFO] [Photonics/]: Photonics scene content change v137: section=(-2.000E+0  0.000E+0  5.000E+0), previousSceneHash=4797850164738543328, sceneHash=-8593628051157140696, fullHash=7282565876714453800, previousNonAir=4, currentNonAir=3, priority=210392, playerChanged=false, initialPopulationComplete=true, radianceInvalidation=regional
[17Aug2026 23:02:26.179] [Render thread/INFO] [Photonics/]: Photonics world tracing v138: layoutRevision=117, layoutReason=scene-hash-change-without-player-marker, sceneRevision=19, settled=false, compiledSections=2017, trackedSections=2017, batchBuilt=1, batchUnloaded=0, pendingBuilds=2, pendingUnloads=0, ready=true, depth=6, blockBounds=( 6.400E+1  1.280E+2  4.800E+1)..( 4.000E+2  2.240E+2  3.840E+2), treeBounds=( 0.000E+0  0.000E+0  0.000E+0)..( 1.024E+3  1.024E+3  1.024E+3), origin=(-2.560E+2 -1.920E+2 -1.280E+2), sceneChangeBounds=(-32, 0, 80)..(-16, 16, 96), boundsSource=compiled, compileMs=34.464
[17Aug2026 23:02:26.379] [Photonic Chunk Compiler #0/INFO] [Photonics/]: Photonics scene content change v137: section=(-2.000E+0  0.000E+0  5.000E+0), previousSceneHash=-8593628051157140696, sceneHash=3405413424844449648, fullHash=4618214891045726064, previousNonAir=3, currentNonAir=2, priority=210397, playerChanged=false, initialPopulationComplete=true, radianceInvalidation=regional
[17Aug2026 23:02:26.629] [Photonic Chunk Compiler #0/INFO] [Photonics/]: Photonics scene content change v137: section=(-2.000E+0  0.000E+0  5.000E+0), previousSceneHash=3405413424844449648, sceneHash=-7681589324050263112, fullHash=-7421569388315339848, previousNonAir=2, currentNonAir=1, priority=210402, playerChanged=false, initialPopulationComplete=true, radianceInvalidation=regional
[17Aug2026 23:02:27.580] [Photonic Chunk Compiler #0/INFO] [Photonics/]: Photonics scene content change v137: section=(-2.000E+0  0.000E+0  6.000E+0), previousSceneHash=4440431826035133064, sceneHash=-8328149585445317824, fullHash=2026416506739823424, previousNonAir=7, currentNonAir=6, priority=210409, playerChanged=false, initialPopulationComplete=true, radianceInvalidation=regional
[17Aug2026 23:02:27.630] [Render thread/INFO] [Photonics/]: Photonics world tracing v138: layoutRevision=125, layoutReason=scene-hash-change-without-player-marker, sceneRevision=22, settled=false, compiledSections=2016, trackedSections=2016, batchBuilt=1, batchUnloaded=0, pendingBuilds=2, pendingUnloads=0, ready=true, depth=6, blockBounds=( 6.400E+1  1.280E+2  4.800E+1)..( 4.000E+2  2.240E+2  3.840E+2), treeBounds=( 0.000E+0  0.000E+0  0.000E+0)..( 1.024E+3  1.024E+3  1.024E+3), origin=(-2.560E+2 -1.920E+2 -1.280E+2), sceneChangeBounds=(-32, 0, 96)..(-16, 16, 112), boundsSource=compiled, compileMs=37.386
[17Aug2026 23:02:27.830] [Photonic Chunk Compiler #0/INFO] [Photonics/]: Photonics scene content change v137: section=(-2.000E+0  0.000E+0  6.000E+0), previousSceneHash=-8328149585445317824, sceneHash=-1004307922647133304, fullHash=5936829818665554824, previousNonAir=6, currentNonAir=5, priority=210416, playerChanged=false, initialPopulationComplete=true, radianceInvalidation=regional
[17Aug2026 23:02:28.180] [Photonic Chunk Compiler #0/INFO] [Photonics/]: Photonics scene content change v137: section=(-2.000E+0  0.000E+0  6.000E+0), previousSceneHash=-1004307922647133304, sceneHash=-6718617570205111744, fullHash=112409579143948864, previousNonAir=5, currentNonAir=4, priority=210421, playerChanged=false, initialPopulationComplete=true, radianceInvalidation=regional
[17Aug2026 23:02:30.281] [Render thread/INFO] [Photonics/]: Photonics world tracing v138: layoutRevision=130, layoutReason=streaming-or-rebuild, sceneRevision=24, settled=true, compiledSections=2016, trackedSections=2016, batchBuilt=2, batchUnloaded=0, pendingBuilds=0, pendingUnloads=0, ready=true, depth=6, blockBounds=( 6.400E+1  1.280E+2  4.800E+1)..( 4.000E+2  2.240E+2  3.840E+2), treeBounds=( 0.000E+0  0.000E+0  0.000E+0)..( 1.024E+3  1.024E+3  1.024E+3), origin=(-2.560E+2 -1.920E+2 -1.280E+2), sceneChangeBounds=(-32, 0, 96)..(-16, 16, 112), boundsSource=compiled, compileMs=35.644
[17Aug2026 23:02:30.281] [Render thread/INFO] [Photonics/]: Photonics memory v72: jvmHeap={usedBytes=3656581968, committedBytes=3930062848, maxBytes=8589934592}, jvmGc={collections=132, timeMs=1289}, worldHeap=GpuBufferHeapStats[capacityBytes=536870912, reservedBytes=138409652, liveBytes=135748436, peakLiveBytes=138402644, reusableBytes=2661216, allocations=154837, reusedAllocations=43396, frees=45546, failedAllocations=0], paletteHeap=GpuBufferHeapStats[capacityBytes=201326592, reservedBytes=58272, liveBytes=58272, peakLiveBytes=58272, reusableBytes=0, allocations=607, reusedAllocations=0, frees=0, failedAllocations=0], registries={lights=Stats[cachedObjects=1, pendingFreeObjects=0, allocatedObjects=1, failedAllocations=0], palettes=Stats[cachedObjects=607, pendingFreeObjects=0, allocatedObjects=607, failedAllocations=0], blocks=Stats[cachedObjects=1316, pendingFreeObjects=0, allocatedObjects=1316, failedAllocations=0], models=Stats[cachedObjects=28, pendingFreeObjects=0, allocatedObjects=28, failedAllocations=0]}
[17Aug2026 23:02:30.864] [Render thread/INFO] [Photonics/]: Photonics pass timing v73: group=frag data, passes=[frag data], viewport=1476x632, megapixels=0.933, cpuInvocations=300, cpuSubmitAvgMs=0.024, cpuSubmitMaxMs=0.078, gpuSamples=75, gpuAvgMs=0.052, gpuMaxMs=0.081, gpuAvgMsPerMP=0.056
[17Aug2026 23:02:30.864] [Render thread/INFO] [Photonics/]: Photonics frame throughput v78: viewport=1476x632, windowSeconds=5.002, renderedFrames=300, fps=59.978, frameAvgMs=16.673
[17Aug2026 23:02:30.948] [Render thread/INFO] [Photonics/]: Photonics pass timing v73: group=restir direct, passes=[initial direct + visibility], viewport=1476x632, megapixels=0.933, cpuInvocations=300, cpuSubmitAvgMs=0.016, cpuSubmitMaxMs=0.038, gpuSamples=75, gpuAvgMs=0.339, gpuMaxMs=0.373, gpuAvgMsPerMP=0.363
[17Aug2026 23:02:30.965] [Render thread/INFO] [Photonics/]: Photonics pass timing v73: group=restir gi initial, passes=[initial indirect], viewport=1476x632, megapixels=0.933, cpuInvocations=300, cpuSubmitAvgMs=0.008, cpuSubmitMaxMs=0.021, gpuSamples=75, gpuAvgMs=0.683, gpuMaxMs=0.736, gpuAvgMsPerMP=0.732
[17Aug2026 23:02:30.982] [Render thread/INFO] [Photonics/]: Photonics pass timing v73: group=restir temporal, passes=[temporal reuse + tri-state GI classification], viewport=1476x632, megapixels=0.933, cpuInvocations=300, cpuSubmitAvgMs=0.010, cpuSubmitMaxMs=0.019, gpuSamples=75, gpuAvgMs=0.436, gpuMaxMs=0.542, gpuAvgMsPerMP=0.467
[17Aug2026 23:02:31.015] [Render thread/INFO] [Photonics/]: Photonics pass timing v73: group=restir spatial, passes=[spatial reuse/clamp + tri-state GI classification], viewport=1476x632, megapixels=0.933, cpuInvocations=300, cpuSubmitAvgMs=0.008, cpuSubmitMaxMs=0.023, gpuSamples=75, gpuAvgMs=0.085, gpuMaxMs=0.103, gpuAvgMsPerMP=0.091
[17Aug2026 23:02:31.048] [Render thread/INFO] [Photonics/]: Photonics pass timing v73: group=restir diffuse, passes=[diffuse], viewport=1476x632, megapixels=0.933, cpuInvocations=300, cpuSubmitAvgMs=0.007, cpuSubmitMaxMs=0.021, gpuSamples=75, gpuAvgMs=0.292, gpuMaxMs=0.338, gpuAvgMsPerMP=0.313
[17Aug2026 23:02:31.048] [Render thread/INFO] [Photonics/]: Photonics pass timing v73: group=restir accumulation, passes=[accumulation], viewport=1476x632, megapixels=0.933, cpuInvocations=300, cpuSubmitAvgMs=0.010, cpuSubmitMaxMs=0.024, gpuSamples=75, gpuAvgMs=0.332, gpuMaxMs=0.375, gpuAvgMsPerMP=0.355
[17Aug2026 23:02:31.048] [Render thread/INFO] [Photonics/]: Photonics pass timing v73: group=svgf variance, passes=[variance prefilter], viewport=1476x632, megapixels=0.933, cpuInvocations=300, cpuSubmitAvgMs=0.006, cpuSubmitMaxMs=0.021, gpuSamples=75, gpuAvgMs=0.059, gpuMaxMs=0.064, gpuAvgMsPerMP=0.063
[17Aug2026 23:02:31.082] [Render thread/INFO] [Photonics/]: Photonics pass timing v73: group=svgf atrous, passes=[atrous iteration], viewport=1476x632, megapixels=0.933, cpuInvocations=1500, cpuSubmitAvgMs=0.003, cpuSubmitMaxMs=0.013, gpuSamples=375, gpuAvgMs=0.022, gpuMaxMs=0.030, gpuAvgMsPerMP=0.024
[17Aug2026 23:02:31.082] [Render thread/INFO] [Photonics/]: Photonics pass timing v73: group=restir local, passes=[exact local direct], viewport=1476x632, megapixels=0.933, cpuInvocations=300, cpuSubmitAvgMs=0.008, cpuSubmitMaxMs=0.019, gpuSamples=75, gpuAvgMs=0.010, gpuMaxMs=0.010, gpuAvgMsPerMP=0.011
[17Aug2026 23:02:31.082] [Render thread/INFO] [Photonics/]: Photonics pass timing v73: group=restir handheld, passes=[handheld], viewport=1476x632, megapixels=0.933, cpuInvocations=300, cpuSubmitAvgMs=0.008, cpuSubmitMaxMs=0.025, gpuSamples=75, gpuAvgMs=0.010, gpuMaxMs=0.010, gpuAvgMsPerMP=0.010
[17Aug2026 23:02:32.782] [Render thread/INFO] [Photonics/]: Photonics direct reservoir sample v64: samples=120, populated=26, emptyOrBackground=0, visibilityRejected=94, invalid=0, overLegacyCap=20, overTemporalCap=0, totalSamplesRange=32.0..623.5, viewport=1476x632
[17Aug2026 23:02:35.866] [Render thread/INFO] [Photonics/]: Photonics pass timing v73: group=frag data, passes=[frag data], viewport=1476x632, megapixels=0.933, cpuInvocations=300, cpuSubmitAvgMs=0.019, cpuSubmitMaxMs=0.061, gpuSamples=75, gpuAvgMs=0.053, gpuMaxMs=0.061, gpuAvgMsPerMP=0.056
[17Aug2026 23:02:35.866] [Render thread/INFO] [Photonics/]: Photonics frame throughput v78: viewport=1476x632, windowSeconds=5.002, renderedFrames=300, fps=59.975, frameAvgMs=16.673
[17Aug2026 23:02:35.950] [Render thread/INFO] [Photonics/]: Photonics pass timing v73: group=restir direct, passes=[initial direct + visibility], viewport=1476x632, megapixels=0.933, cpuInvocations=300, cpuSubmitAvgMs=0.014, cpuSubmitMaxMs=0.056, gpuSamples=75, gpuAvgMs=0.355, gpuMaxMs=0.368, gpuAvgMsPerMP=0.381
[17Aug2026 23:02:35.968] [Render thread/INFO] [Photonics/]: Photonics pass timing v73: group=restir gi initial, passes=[initial indirect], viewport=1476x632, megapixels=0.933, cpuInvocations=300, cpuSubmitAvgMs=0.007, cpuSubmitMaxMs=0.023, gpuSamples=75, gpuAvgMs=0.725, gpuMaxMs=0.738, gpuAvgMsPerMP=0.777
[17Aug2026 23:02:35.984] [Render thread/INFO] [Photonics/]: Photonics pass timing v73: group=restir temporal, passes=[temporal reuse + tri-state GI classification], viewport=1476x632, megapixels=0.933, cpuInvocations=300, cpuSubmitAvgMs=0.009, cpuSubmitMaxMs=0.021, gpuSamples=75, gpuAvgMs=0.547, gpuMaxMs=0.573, gpuAvgMsPerMP=0.587
[17Aug2026 23:02:36.017] [Render thread/INFO] [Photonics/]: Photonics pass timing v73: group=restir spatial, passes=[spatial reuse/clamp + tri-state GI classification], viewport=1476x632, megapixels=0.933, cpuInvocations=300, cpuSubmitAvgMs=0.007, cpuSubmitMaxMs=0.062, gpuSamples=75, gpuAvgMs=0.105, gpuMaxMs=0.129, gpuAvgMsPerMP=0.113
[17Aug2026 23:02:36.050] [Render thread/INFO] [Photonics/]: Photonics pass timing v73: group=restir diffuse, passes=[diffuse], viewport=1476x632, megapixels=0.933, cpuInvocations=300, cpuSubmitAvgMs=0.006, cpuSubmitMaxMs=0.015, gpuSamples=75, gpuAvgMs=0.319, gpuMaxMs=0.341, gpuAvgMsPerMP=0.342
[17Aug2026 23:02:36.050] [Render thread/INFO] [Photonics/]: Photonics pass timing v73: group=restir accumulation, passes=[accumulation], viewport=1476x632, megapixels=0.933, cpuInvocations=300, cpuSubmitAvgMs=0.009, cpuSubmitMaxMs=0.027, gpuSamples=75, gpuAvgMs=0.379, gpuMaxMs=0.389, gpuAvgMsPerMP=0.406
[17Aug2026 23:02:36.050] [Render thread/INFO] [Photonics/]: Photonics pass timing v73: group=svgf variance, passes=[variance prefilter], viewport=1476x632, megapixels=0.933, cpuInvocations=300, cpuSubmitAvgMs=0.005, cpuSubmitMaxMs=0.021, gpuSamples=75, gpuAvgMs=0.062, gpuMaxMs=0.063, gpuAvgMsPerMP=0.067
[17Aug2026 23:02:36.084] [Render thread/INFO] [Photonics/]: Photonics pass timing v73: group=svgf atrous, passes=[atrous iteration], viewport=1476x632, megapixels=0.933, cpuInvocations=1500, cpuSubmitAvgMs=0.003, cpuSubmitMaxMs=0.016, gpuSamples=375, gpuAvgMs=0.024, gpuMaxMs=0.025, gpuAvgMsPerMP=0.025
[17Aug2026 23:02:36.084] [Render thread/INFO] [Photonics/]: Photonics pass timing v73: group=restir local, passes=[exact local direct], viewport=1476x632, megapixels=0.933, cpuInvocations=300, cpuSubmitAvgMs=0.008, cpuSubmitMaxMs=0.043, gpuSamples=75, gpuAvgMs=0.010, gpuMaxMs=0.010, gpuAvgMsPerMP=0.011
[17Aug2026 23:02:36.084] [Render thread/INFO] [Photonics/]: Photonics pass timing v73: group=restir handheld, passes=[handheld], viewport=1476x632, megapixels=0.933, cpuInvocations=300, cpuSubmitAvgMs=0.007, cpuSubmitMaxMs=0.022, gpuSamples=75, gpuAvgMs=0.010, gpuMaxMs=0.010, gpuAvgMsPerMP=0.010
[17Aug2026 23:02:40.786] [Render thread/INFO] [Photonics/]: Photonics direct reservoir sample v64: samples=120, populated=50, emptyOrBackground=0, visibilityRejected=70, invalid=0, overLegacyCap=9, overTemporalCap=0, totalSamplesRange=32.0..623.5, viewport=1476x632
[17Aug2026 23:02:40.869] [Render thread/INFO] [Photonics/]: Photonics pass timing v73: group=frag data, passes=[frag data], viewport=1476x632, megapixels=0.933, cpuInvocations=300, cpuSubmitAvgMs=0.020, cpuSubmitMaxMs=0.056, gpuSamples=75, gpuAvgMs=0.053, gpuMaxMs=0.083, gpuAvgMsPerMP=0.057
[17Aug2026 23:02:40.869] [Render thread/INFO] [Photonics/]: Photonics frame throughput v78: viewport=1476x632, windowSeconds=5.002, renderedFrames=300, fps=59.970, frameAvgMs=16.675
[17Aug2026 23:02:40.952] [Render thread/INFO] [Photonics/]: Photonics pass timing v73: group=restir direct, passes=[initial direct + visibility], viewport=1476x632, megapixels=0.933, cpuInvocations=300, cpuSubmitAvgMs=0.016, cpuSubmitMaxMs=0.053, gpuSamples=75, gpuAvgMs=0.355, gpuMaxMs=0.371, gpuAvgMsPerMP=0.381
[17Aug2026 23:02:40.969] [Render thread/INFO] [Photonics/]: Photonics pass timing v73: group=restir gi initial, passes=[initial indirect], viewport=1476x632, megapixels=0.933, cpuInvocations=300, cpuSubmitAvgMs=0.008, cpuSubmitMaxMs=0.028, gpuSamples=75, gpuAvgMs=0.724, gpuMaxMs=0.741, gpuAvgMsPerMP=0.776
[17Aug2026 23:02:40.987] [Render thread/INFO] [Photonics/]: Photonics pass timing v73: group=restir temporal, passes=[temporal reuse + tri-state GI classification], viewport=1476x632, megapixels=0.933, cpuInvocations=300, cpuSubmitAvgMs=0.009, cpuSubmitMaxMs=0.020, gpuSamples=75, gpuAvgMs=0.548, gpuMaxMs=0.562, gpuAvgMsPerMP=0.588
[17Aug2026 23:02:41.019] [Render thread/INFO] [Photonics/]: Photonics pass timing v73: group=restir spatial, passes=[spatial reuse/clamp + tri-state GI classification], viewport=1476x632, megapixels=0.933, cpuInvocations=300, cpuSubmitAvgMs=0.007, cpuSubmitMaxMs=0.023, gpuSamples=75, gpuAvgMs=0.106, gpuMaxMs=0.108, gpuAvgMsPerMP=0.113
[17Aug2026 23:02:41.053] [Render thread/INFO] [Photonics/]: Photonics pass timing v73: group=restir diffuse, passes=[diffuse], viewport=1476x632, megapixels=0.933, cpuInvocations=300, cpuSubmitAvgMs=0.007, cpuSubmitMaxMs=0.014, gpuSamples=75, gpuAvgMs=0.318, gpuMaxMs=0.335, gpuAvgMsPerMP=0.341
[17Aug2026 23:02:41.053] [Render thread/INFO] [Photonics/]: Photonics pass timing v73: group=restir accumulation, passes=[accumulation], viewport=1476x632, megapixels=0.933, cpuInvocations=300, cpuSubmitAvgMs=0.010, cpuSubmitMaxMs=0.036, gpuSamples=75, gpuAvgMs=0.380, gpuMaxMs=0.387, gpuAvgMsPerMP=0.407
[17Aug2026 23:02:41.053] [Render thread/INFO] [Photonics/]: Photonics pass timing v73: group=svgf variance, passes=[variance prefilter], viewport=1476x632, megapixels=0.933, cpuInvocations=300, cpuSubmitAvgMs=0.006, cpuSubmitMaxMs=0.018, gpuSamples=75, gpuAvgMs=0.062, gpuMaxMs=0.063, gpuAvgMsPerMP=0.067
[17Aug2026 23:02:41.086] [Render thread/INFO] [Photonics/]: Photonics pass timing v73: group=svgf atrous, passes=[atrous iteration], viewport=1476x632, megapixels=0.933, cpuInvocations=1500, cpuSubmitAvgMs=0.003, cpuSubmitMaxMs=0.016, gpuSamples=375, gpuAvgMs=0.024, gpuMaxMs=0.024, gpuAvgMsPerMP=0.025
[17Aug2026 23:02:41.086] [Render thread/INFO] [Photonics/]: Photonics pass timing v73: group=restir local, passes=[exact local direct], viewport=1476x632, megapixels=0.933, cpuInvocations=300, cpuSubmitAvgMs=0.009, cpuSubmitMaxMs=0.023, gpuSamples=75, gpuAvgMs=0.010, gpuMaxMs=0.010, gpuAvgMsPerMP=0.011
[17Aug2026 23:02:41.086] [Render thread/INFO] [Photonics/]: Photonics pass timing v73: group=restir handheld, passes=[handheld], viewport=1476x632, megapixels=0.933, cpuInvocations=300, cpuSubmitAvgMs=0.008, cpuSubmitMaxMs=0.040, gpuSamples=75, gpuAvgMs=0.010, gpuMaxMs=0.010, gpuAvgMsPerMP=0.010
[17Aug2026 23:02:45.871] [Render thread/INFO] [Photonics/]: Photonics pass timing v73: group=frag data, passes=[frag data], viewport=1476x632, megapixels=0.933, cpuInvocations=300, cpuSubmitAvgMs=0.018, cpuSubmitMaxMs=0.050, gpuSamples=75, gpuAvgMs=0.053, gpuMaxMs=0.053, gpuAvgMsPerMP=0.056
[17Aug2026 23:02:45.871] [Render thread/INFO] [Photonics/]: Photonics frame throughput v78: viewport=1476x632, windowSeconds=5.002, renderedFrames=300, fps=59.971, frameAvgMs=16.675
[17Aug2026 23:02:45.955] [Render thread/INFO] [Photonics/]: Photonics pass timing v73: group=restir direct, passes=[initial direct + visibility], viewport=1476x632, megapixels=0.933, cpuInvocations=300, cpuSubmitAvgMs=0.014, cpuSubmitMaxMs=0.038, gpuSamples=75, gpuAvgMs=0.356, gpuMaxMs=0.374, gpuAvgMsPerMP=0.382
[17Aug2026 23:02:45.972] [Render thread/INFO] [Photonics/]: Photonics pass timing v73: group=restir gi initial, passes=[initial indirect], viewport=1476x632, megapixels=0.933, cpuInvocations=300, cpuSubmitAvgMs=0.007, cpuSubmitMaxMs=0.021, gpuSamples=75, gpuAvgMs=0.725, gpuMaxMs=0.745, gpuAvgMsPerMP=0.777
[17Aug2026 23:02:45.989] [Render thread/INFO] [Photonics/]: Photonics pass timing v73: group=restir temporal, passes=[temporal reuse + tri-state GI classification], viewport=1476x632, megapixels=0.933, cpuInvocations=300, cpuSubmitAvgMs=0.008, cpuSubmitMaxMs=0.020, gpuSamples=75, gpuAvgMs=0.549, gpuMaxMs=0.569, gpuAvgMsPerMP=0.589
[17Aug2026 23:02:46.021] [Render thread/INFO] [Photonics/]: Photonics pass timing v73: group=restir spatial, passes=[spatial reuse/clamp + tri-state GI classification], viewport=1476x632, megapixels=0.933, cpuInvocations=300, cpuSubmitAvgMs=0.007, cpuSubmitMaxMs=0.046, gpuSamples=75, gpuAvgMs=0.105, gpuMaxMs=0.107, gpuAvgMsPerMP=0.113
[17Aug2026 23:02:46.055] [Render thread/INFO] [Photonics/]: Photonics pass timing v73: group=restir diffuse, passes=[diffuse], viewport=1476x632, megapixels=0.933, cpuInvocations=300, cpuSubmitAvgMs=0.006, cpuSubmitMaxMs=0.014, gpuSamples=75, gpuAvgMs=0.320, gpuMaxMs=0.342, gpuAvgMsPerMP=0.343
[17Aug2026 23:02:46.055] [Render thread/INFO] [Photonics/]: Photonics pass timing v73: group=restir accumulation, passes=[accumulation], viewport=1476x632, megapixels=0.933, cpuInvocations=300, cpuSubmitAvgMs=0.009, cpuSubmitMaxMs=0.023, gpuSamples=75, gpuAvgMs=0.381, gpuMaxMs=0.386, gpuAvgMsPerMP=0.408
[17Aug2026 23:02:46.055] [Render thread/INFO] [Photonics/]: Photonics pass timing v73: group=svgf variance, passes=[variance prefilter], viewport=1476x632, megapixels=0.933, cpuInvocations=300, cpuSubmitAvgMs=0.005, cpuSubmitMaxMs=0.022, gpuSamples=75, gpuAvgMs=0.062, gpuMaxMs=0.063, gpuAvgMsPerMP=0.067
[17Aug2026 23:02:46.088] [Render thread/INFO] [Photonics/]: Photonics pass timing v73: group=svgf atrous, passes=[atrous iteration], viewport=1476x632, megapixels=0.933, cpuInvocations=1500, cpuSubmitAvgMs=0.002, cpuSubmitMaxMs=0.014, gpuSamples=375, gpuAvgMs=0.024, gpuMaxMs=0.025, gpuAvgMsPerMP=0.025
[17Aug2026 23:02:46.089] [Render thread/INFO] [Photonics/]: Photonics pass timing v73: group=restir local, passes=[exact local direct], viewport=1476x632, megapixels=0.933, cpuInvocations=300, cpuSubmitAvgMs=0.008, cpuSubmitMaxMs=0.018, gpuSamples=75, gpuAvgMs=0.010, gpuMaxMs=0.010, gpuAvgMsPerMP=0.011
[17Aug2026 23:02:46.089] [Render thread/INFO] [Photonics/]: Photonics pass timing v73: group=restir handheld, passes=[handheld], viewport=1476x632, megapixels=0.933, cpuInvocations=300, cpuSubmitAvgMs=0.006, cpuSubmitMaxMs=0.020, gpuSamples=75, gpuAvgMs=0.010, gpuMaxMs=0.010, gpuAvgMsPerMP=0.010
[17Aug2026 23:02:48.791] [Render thread/INFO] [Photonics/]: Photonics direct reservoir sample v64: samples=120, populated=46, emptyOrBackground=1, visibilityRejected=73, invalid=0, overLegacyCap=12, overTemporalCap=0, totalSamplesRange=32.0..623.5, viewport=1476x632
[17Aug2026 23:02:50.145] [Photonic Chunk Compiler #0/INFO] [Photonics/]: Photonics voxel diagnostic: state=Block{minecraft:red_stained_glass} vertexHash=64b85552eda545f0 complete=true samples=1600 alphaZero=0 alphaPartial=1600 alphaOpaque=0 alphaMean=117.2 alphaRange=102-163 rgbMean=[153.0,51.0,51.0] rgbRange=[153-153,51-51,51-51] voxels=1352 aabb=[0,0,0]-[15,15,15] parts=[( 0.000E+0  0.000E+0  0.000E+0)]
[17Aug2026 23:02:50.146] [Photonic Chunk Compiler #0/INFO] [Photonics/]: Photonics voxel occupancy: state=Block{minecraft:red_stained_glass} part=( 0.000E+0  0.000E+0  0.000E+0) slices=y0=ffff/ffff/ffff/ffff/ffff/ffff/ffff/ffff/ffff/ffff/ffff/ffff/ffff/ffff/ffff/ffff;y1=ffff/8001/8001/8001/8001/8001/8001/8001/8001/8001/8001/8001/8001/8001/8001/ffff;y2=ffff/8001/8001/8001/8001/8001/8001/8001/8001/8001/8001/8001/8001/8001/8001/ffff;y3=ffff/8001/8001/8001/8001/8001/8001/8001/8001/8001/8001/8001/8001/8001/8001/ffff;y4=ffff/8001/8001/8001/8001/8001/8001/8001/8001/8001/8001/8001/8001/8001/8001/ffff;y5=ffff/8001/8001/8001/8001/8001/8001/8001/8001/8001/8001/8001/8001/8001/8001/ffff;y6=ffff/8001/8001/8001/8001/8001/8001/8001/8001/8001/8001/8001/8001/8001/8001/ffff;y7=ffff/8001/8001/8001/8001/8001/8001/8001/8001/8001/8001/8001/8001/8001/8001/ffff;y8=ffff/8001/8001/8001/8001/8001/8001/8001/8001/8001/8001/8001/8001/8001/8001/ffff;y9=ffff/8001/8001/8001/8001/8001/8001/8001/8001/8001/8001/8001/8001/8001/8001/ffff;y10=ffff/8001/8001/8001/8001/8001/8001/8001/8001/8001/8001/8001/8001/8001/8001/ffff;y11=ffff/8001/8001/8001/8001/8001/8001/8001/8001/8001/8001/8001/8001/8001/8001/ffff;y12=ffff/8001/8001/8001/8001/8001/8001/8001/8001/8001/8001/8001/8001/8001/8001/ffff;y13=ffff/8001/8001/8001/8001/8001/8001/8001/8001/8001/8001/8001/8001/8001/8001/ffff;y14=ffff/8001/8001/8001/8001/8001/8001/8001/8001/8001/8001/8001/8001/8001/8001/ffff;y15=ffff/ffff/ffff/ffff/ffff/ffff/ffff/ffff/ffff/ffff/ffff/ffff/ffff/ffff/ffff/ffff
[17Aug2026 23:02:50.149] [Photonic Chunk Compiler #1/INFO] [Photonics/]: Photonics scene content change v137: section=(-2.000E+0  0.000E+0  6.000E+0), previousSceneHash=-6718617570205111744, sceneHash=4494359182407634457, fullHash=-8052950854423278055, previousNonAir=4, currentNonAir=5, priority=210429, playerChanged=true, initialPopulationComplete=true, radianceInvalidation=regional
[17Aug2026 23:02:50.190] [Render thread/INFO] [Photonics/]: Photonics world tracing v138: layoutRevision=131, layoutReason=scene-content-change, sceneRevision=25, settled=false, compiledSections=2016, trackedSections=2016, batchBuilt=1, batchUnloaded=0, pendingBuilds=0, pendingUnloads=0, ready=true, depth=6, blockBounds=( 6.400E+1  1.280E+2  4.800E+1)..( 4.000E+2  2.240E+2  3.840E+2), treeBounds=( 0.000E+0  0.000E+0  0.000E+0)..( 1.024E+3  1.024E+3  1.024E+3), origin=(-2.560E+2 -1.920E+2 -1.280E+2), sceneChangeBounds=(-32, 0, 96)..(-16, 16, 112), boundsSource=compiled, compileMs=35.797
[17Aug2026 23:02:50.874] [Render thread/INFO] [Photonics/]: Photonics pass timing v73: group=frag data, passes=[frag data], viewport=1476x632, megapixels=0.933, cpuInvocations=300, cpuSubmitAvgMs=0.018, cpuSubmitMaxMs=0.083, gpuSamples=75, gpuAvgMs=0.053, gpuMaxMs=0.085, gpuAvgMsPerMP=0.057
[17Aug2026 23:02:50.874] [Render thread/INFO] [Photonics/]: Photonics frame throughput v78: viewport=1476x632, windowSeconds=5.002, renderedFrames=300, fps=59.973, frameAvgMs=16.674
[17Aug2026 23:02:50.957] [Render thread/INFO] [Photonics/]: Photonics pass timing v73: group=restir direct, passes=[initial direct + visibility], viewport=1476x632, megapixels=0.933, cpuInvocations=300, cpuSubmitAvgMs=0.014, cpuSubmitMaxMs=0.060, gpuSamples=75, gpuAvgMs=0.357, gpuMaxMs=0.375, gpuAvgMsPerMP=0.382
[17Aug2026 23:02:50.974] [Render thread/INFO] [Photonics/]: Photonics pass timing v73: group=restir gi initial, passes=[initial indirect], viewport=1476x632, megapixels=0.933, cpuInvocations=300, cpuSubmitAvgMs=0.007, cpuSubmitMaxMs=0.023, gpuSamples=75, gpuAvgMs=0.730, gpuMaxMs=0.772, gpuAvgMsPerMP=0.782
[17Aug2026 23:02:50.991] [Render thread/INFO] [Photonics/]: Photonics pass timing v73: group=restir temporal, passes=[temporal reuse + tri-state GI classification], viewport=1476x632, megapixels=0.933, cpuInvocations=300, cpuSubmitAvgMs=0.008, cpuSubmitMaxMs=0.019, gpuSamples=75, gpuAvgMs=0.551, gpuMaxMs=0.580, gpuAvgMsPerMP=0.590
[17Aug2026 23:02:51.024] [Render thread/INFO] [Photonics/]: Photonics pass timing v73: group=restir spatial, passes=[spatial reuse/clamp + tri-state GI classification], viewport=1476x632, megapixels=0.933, cpuInvocations=300, cpuSubmitAvgMs=0.006, cpuSubmitMaxMs=0.022, gpuSamples=75, gpuAvgMs=0.106, gpuMaxMs=0.133, gpuAvgMsPerMP=0.113
[17Aug2026 23:02:51.057] [Render thread/INFO] [Photonics/]: Photonics pass timing v73: group=restir diffuse, passes=[diffuse], viewport=1476x632, megapixels=0.933, cpuInvocations=300, cpuSubmitAvgMs=0.006, cpuSubmitMaxMs=0.016, gpuSamples=75, gpuAvgMs=0.320, gpuMaxMs=0.339, gpuAvgMsPerMP=0.344
[17Aug2026 23:02:51.057] [Render thread/INFO] [Photonics/]: Photonics pass timing v73: group=restir accumulation, passes=[accumulation], viewport=1476x632, megapixels=0.933, cpuInvocations=300, cpuSubmitAvgMs=0.009, cpuSubmitMaxMs=0.031, gpuSamples=75, gpuAvgMs=0.381, gpuMaxMs=0.389, gpuAvgMsPerMP=0.408
[17Aug2026 23:02:51.057] [Render thread/INFO] [Photonics/]: Photonics pass timing v73: group=svgf variance, passes=[variance prefilter], viewport=1476x632, megapixels=0.933, cpuInvocations=300, cpuSubmitAvgMs=0.005, cpuSubmitMaxMs=0.029, gpuSamples=75, gpuAvgMs=0.062, gpuMaxMs=0.063, gpuAvgMsPerMP=0.067
[17Aug2026 23:02:51.091] [Render thread/INFO] [Photonics/]: Photonics pass timing v73: group=svgf atrous, passes=[atrous iteration], viewport=1476x632, megapixels=0.933, cpuInvocations=1500, cpuSubmitAvgMs=0.002, cpuSubmitMaxMs=0.019, gpuSamples=375, gpuAvgMs=0.024, gpuMaxMs=0.024, gpuAvgMsPerMP=0.025
[17Aug2026 23:02:51.091] [Render thread/INFO] [Photonics/]: Photonics pass timing v73: group=restir local, passes=[exact local direct], viewport=1476x632, megapixels=0.933, cpuInvocations=300, cpuSubmitAvgMs=0.008, cpuSubmitMaxMs=0.016, gpuSamples=75, gpuAvgMs=0.010, gpuMaxMs=0.011, gpuAvgMsPerMP=0.011
[17Aug2026 23:02:51.091] [Render thread/INFO] [Photonics/]: Photonics pass timing v73: group=restir handheld, passes=[handheld], viewport=1476x632, megapixels=0.933, cpuInvocations=300, cpuSubmitAvgMs=0.007, cpuSubmitMaxMs=0.045, gpuSamples=75, gpuAvgMs=0.010, gpuMaxMs=0.011, gpuAvgMsPerMP=0.010
[17Aug2026 23:02:51.941] [Photonic Chunk Compiler #1/INFO] [Photonics/]: Photonics scene content change v137: section=(-2.000E+0  0.000E+0  6.000E+0), previousSceneHash=4494359182407634457, sceneHash=6785010413918556658, fullHash=-5762299622912355854, previousNonAir=5, currentNonAir=6, priority=210430, playerChanged=false, initialPopulationComplete=true, radianceInvalidation=regional
[17Aug2026 23:02:51.991] [Render thread/INFO] [Photonics/]: Photonics world tracing v138: layoutRevision=132, layoutReason=scene-hash-change-without-player-marker, sceneRevision=26, settled=false, compiledSections=2016, trackedSections=2016, batchBuilt=1, batchUnloaded=0, pendingBuilds=0, pendingUnloads=0, ready=true, depth=6, blockBounds=( 6.400E+1  1.280E+2  4.800E+1)..( 4.000E+2  2.240E+2  3.840E+2), treeBounds=( 0.000E+0  0.000E+0  0.000E+0)..( 1.024E+3  1.024E+3  1.024E+3), origin=(-2.560E+2 -1.920E+2 -1.280E+2), sceneChangeBounds=(-32, 0, 96)..(-16, 16, 112), boundsSource=compiled, compileMs=35.305
[17Aug2026 23:02:53.992] [Render thread/INFO] [Photonics/]: Photonics world tracing v138: layoutRevision=132, layoutReason=scene-hash-change-without-player-marker, sceneRevision=26, settled=true, compiledSections=2016, trackedSections=2016, batchBuilt=1, batchUnloaded=0, pendingBuilds=0, pendingUnloads=0, ready=true, depth=6, blockBounds=( 6.400E+1  1.280E+2  4.800E+1)..( 4.000E+2  2.240E+2  3.840E+2), treeBounds=( 0.000E+0  0.000E+0  0.000E+0)..( 1.024E+3  1.024E+3  1.024E+3), origin=(-2.560E+2 -1.920E+2 -1.280E+2), sceneChangeBounds=(-32, 0, 96)..(-16, 16, 112), boundsSource=compiled, compileMs=35.305
[17Aug2026 23:02:53.992] [Render thread/INFO] [Photonics/]: Photonics memory v72: jvmHeap={usedBytes=3008792520, committedBytes=3930062848, maxBytes=8589934592}, jvmGc={collections=133, timeMs=1304}, worldHeap=GpuBufferHeapStats[capacityBytes=536870912, reservedBytes=138414196, liveBytes=135754100, peakLiveBytes=138402644, reusableBytes=2660096, allocations=154875, reusedAllocations=43399, frees=45546, failedAllocations=0], paletteHeap=GpuBufferHeapStats[capacityBytes=201326592, reservedBytes=58560, liveBytes=58560, peakLiveBytes=58560, reusableBytes=0, allocations=610, reusedAllocations=0, frees=0, failedAllocations=0], registries={lights=Stats[cachedObjects=1, pendingFreeObjects=0, allocatedObjects=1, failedAllocations=0], palettes=Stats[cachedObjects=610, pendingFreeObjects=0, allocatedObjects=610, failedAllocations=0], blocks=Stats[cachedObjects=1353, pendingFreeObjects=0, allocatedObjects=1353, failedAllocations=0], models=Stats[cachedObjects=29, pendingFreeObjects=0, allocatedObjects=29, failedAllocations=0]}
[17Aug2026 23:02:55.292] [Photonic Chunk Compiler #1/INFO] [Photonics/]: Photonics scene content change v137: section=(-2.000E+0  0.000E+0  6.000E+0), previousSceneHash=6785010413918556658, sceneHash=8289488188049545530, fullHash=-4257821848781366982, previousNonAir=6, currentNonAir=7, priority=210434, playerChanged=false, initialPopulationComplete=true, radianceInvalidation=regional
[17Aug2026 23:02:55.342] [Render thread/INFO] [Photonics/]: Photonics world tracing v138: layoutRevision=133, layoutReason=scene-hash-change-without-player-marker, sceneRevision=27, settled=false, compiledSections=2016, trackedSections=2016, batchBuilt=1, batchUnloaded=0, pendingBuilds=2, pendingUnloads=0, ready=true, depth=6, blockBounds=( 6.400E+1  1.280E+2  4.800E+1)..( 4.000E+2  2.240E+2  3.840E+2), treeBounds=( 0.000E+0  0.000E+0  0.000E+0)..( 1.024E+3  1.024E+3  1.024E+3), origin=(-2.560E+2 -1.920E+2 -1.280E+2), sceneChangeBounds=(-32, 0, 96)..(-16, 16, 112), boundsSource=compiled, compileMs=35.557
[17Aug2026 23:02:55.876] [Render thread/INFO] [Photonics/]: Photonics pass timing v73: group=frag data, passes=[frag data], viewport=1476x632, megapixels=0.933, cpuInvocations=300, cpuSubmitAvgMs=0.020, cpuSubmitMaxMs=0.053, gpuSamples=75, gpuAvgMs=0.052, gpuMaxMs=0.053, gpuAvgMsPerMP=0.056
[17Aug2026 23:02:55.876] [Render thread/INFO] [Photonics/]: Photonics frame throughput v78: viewport=1476x632, windowSeconds=5.002, renderedFrames=300, fps=59.972, frameAvgMs=16.674
[17Aug2026 23:02:55.959] [Render thread/INFO] [Photonics/]: Photonics pass timing v73: group=restir direct, passes=[initial direct + visibility], viewport=1476x632, megapixels=0.933, cpuInvocations=300, cpuSubmitAvgMs=0.015, cpuSubmitMaxMs=0.041, gpuSamples=75, gpuAvgMs=0.355, gpuMaxMs=0.370, gpuAvgMsPerMP=0.380
[17Aug2026 23:02:55.976] [Render thread/INFO] [Photonics/]: Photonics pass timing v73: group=restir gi initial, passes=[initial indirect], viewport=1476x632, megapixels=0.933, cpuInvocations=300, cpuSubmitAvgMs=0.008, cpuSubmitMaxMs=0.033, gpuSamples=75, gpuAvgMs=0.767, gpuMaxMs=0.788, gpuAvgMsPerMP=0.822
[17Aug2026 23:02:55.994] [Render thread/INFO] [Photonics/]: Photonics pass timing v73: group=restir temporal, passes=[temporal reuse + tri-state GI classification], viewport=1476x632, megapixels=0.933, cpuInvocations=300, cpuSubmitAvgMs=0.009, cpuSubmitMaxMs=0.020, gpuSamples=75, gpuAvgMs=0.550, gpuMaxMs=0.572, gpuAvgMsPerMP=0.589
[17Aug2026 23:02:56.026] [Render thread/INFO] [Photonics/]: Photonics pass timing v73: group=restir spatial, passes=[spatial reuse/clamp + tri-state GI classification], viewport=1476x632, megapixels=0.933, cpuInvocations=300, cpuSubmitAvgMs=0.007, cpuSubmitMaxMs=0.030, gpuSamples=75, gpuAvgMs=0.102, gpuMaxMs=0.107, gpuAvgMsPerMP=0.109
[17Aug2026 23:02:56.059] [Render thread/INFO] [Photonics/]: Photonics pass timing v73: group=restir diffuse, passes=[diffuse], viewport=1476x632, megapixels=0.933, cpuInvocations=300, cpuSubmitAvgMs=0.007, cpuSubmitMaxMs=0.037, gpuSamples=75, gpuAvgMs=0.320, gpuMaxMs=0.341, gpuAvgMsPerMP=0.343
[17Aug2026 23:02:56.059] [Render thread/INFO] [Photonics/]: Photonics pass timing v73: group=restir accumulation, passes=[accumulation], viewport=1476x632, megapixels=0.933, cpuInvocations=300, cpuSubmitAvgMs=0.009, cpuSubmitMaxMs=0.023, gpuSamples=75, gpuAvgMs=0.373, gpuMaxMs=0.385, gpuAvgMsPerMP=0.400
[17Aug2026 23:02:56.059] [Render thread/INFO] [Photonics/]: Photonics pass timing v73: group=svgf variance, passes=[variance prefilter], viewport=1476x632, megapixels=0.933, cpuInvocations=300, cpuSubmitAvgMs=0.006, cpuSubmitMaxMs=0.023, gpuSamples=75, gpuAvgMs=0.062, gpuMaxMs=0.064, gpuAvgMsPerMP=0.067
[17Aug2026 23:02:56.093] [Render thread/INFO] [Photonics/]: Photonics pass timing v73: group=svgf atrous, passes=[atrous iteration], viewport=1476x632, megapixels=0.933, cpuInvocations=1500, cpuSubmitAvgMs=0.003, cpuSubmitMaxMs=0.013, gpuSamples=375, gpuAvgMs=0.023, gpuMaxMs=0.031, gpuAvgMsPerMP=0.025
[17Aug2026 23:02:56.093] [Render thread/INFO] [Photonics/]: Photonics pass timing v73: group=restir local, passes=[exact local direct], viewport=1476x632, megapixels=0.933, cpuInvocations=300, cpuSubmitAvgMs=0.008, cpuSubmitMaxMs=0.025, gpuSamples=75, gpuAvgMs=0.010, gpuMaxMs=0.010, gpuAvgMsPerMP=0.011
[17Aug2026 23:02:56.093] [Render thread/INFO] [Photonics/]: Photonics pass timing v73: group=restir handheld, passes=[handheld], viewport=1476x632, megapixels=0.933, cpuInvocations=300, cpuSubmitAvgMs=0.007, cpuSubmitMaxMs=0.026, gpuSamples=75, gpuAvgMs=0.015, gpuMaxMs=0.143, gpuAvgMsPerMP=0.016
[17Aug2026 23:02:56.794] [Render thread/INFO] [Photonics/]: Photonics direct reservoir sample v64: samples=120, populated=40, emptyOrBackground=0, visibilityRejected=80, invalid=0, overLegacyCap=15, overTemporalCap=0, totalSamplesRange=32.0..623.5, viewport=1476x632
[17Aug2026 23:02:57.393] [Render thread/INFO] [Photonics/]: Photonics world tracing v138: layoutRevision=134, layoutReason=streaming-or-rebuild, sceneRevision=27, settled=true, compiledSections=2016, trackedSections=2016, batchBuilt=2, batchUnloaded=0, pendingBuilds=0, pendingUnloads=0, ready=true, depth=6, blockBounds=( 6.400E+1  1.280E+2  4.800E+1)..( 4.000E+2  2.240E+2  3.840E+2), treeBounds=( 0.000E+0  0.000E+0  0.000E+0)..( 1.024E+3  1.024E+3  1.024E+3), origin=(-2.560E+2 -1.920E+2 -1.280E+2), sceneChangeBounds=(-32, 0, 96)..(-16, 16, 112), boundsSource=compiled, compileMs=34.536
[17Aug2026 23:02:57.393] [Render thread/INFO] [Photonics/]: Photonics memory v72: jvmHeap={usedBytes=3187153928, committedBytes=3930062848, maxBytes=8589934592}, jvmGc={collections=133, timeMs=1304}, worldHeap=GpuBufferHeapStats[capacityBytes=536870912, reservedBytes=138414196, liveBytes=135754100, peakLiveBytes=138402644, reusableBytes=2660096, allocations=154875, reusedAllocations=43399, frees=45546, failedAllocations=0], paletteHeap=GpuBufferHeapStats[capacityBytes=201326592, reservedBytes=58560, liveBytes=58560, peakLiveBytes=58560, reusableBytes=0, allocations=610, reusedAllocations=0, frees=0, failedAllocations=0], registries={lights=Stats[cachedObjects=1, pendingFreeObjects=0, allocatedObjects=1, failedAllocations=0], palettes=Stats[cachedObjects=610, pendingFreeObjects=0, allocatedObjects=610, failedAllocations=0], blocks=Stats[cachedObjects=1353, pendingFreeObjects=0, allocatedObjects=1353, failedAllocations=0], models=Stats[cachedObjects=29, pendingFreeObjects=0, allocatedObjects=29, failedAllocations=0]}
[17Aug2026 23:02:57.643] [Photonic Chunk Compiler #1/INFO] [Photonics/]: Photonics scene content change v137: section=(-2.000E+0  0.000E+0  6.000E+0), previousSceneHash=8289488188049545530, sceneHash=-4367991456547168126, fullHash=-8616203120087621502, previousNonAir=7, currentNonAir=8, priority=210440, playerChanged=true, initialPopulationComplete=true, radianceInvalidation=regional
[17Aug2026 23:02:57.693] [Render thread/INFO] [Photonics/]: Photonics world tracing v138: layoutRevision=135, layoutReason=scene-content-change, sceneRevision=28, settled=false, compiledSections=2016, trackedSections=2016, batchBuilt=1, batchUnloaded=0, pendingBuilds=2, pendingUnloads=0, ready=true, depth=6, blockBounds=( 6.400E+1  1.280E+2  4.800E+1)..( 4.000E+2  2.240E+2  3.840E+2), treeBounds=( 0.000E+0  0.000E+0  0.000E+0)..( 1.024E+3  1.024E+3  1.024E+3), origin=(-2.560E+2 -1.920E+2 -1.280E+2), sceneChangeBounds=(-32, 0, 96)..(-16, 16, 112), boundsSource=compiled, compileMs=34.423
[17Aug2026 23:02:59.088] [Server thread/INFO] [net.minecraft.client.server.IntegratedServer/]: Saving and pausing game...
[17Aug2026 23:02:59.096] [Server thread/INFO] [net.minecraft.server.MinecraftServer/]: Saving chunks for level 'ServerLevel[New World1]'/minecraft:overworld
[17Aug2026 23:02:59.096] [Server thread/INFO] [dev.ryanhcode.sable.Sable/]: Saving sub-levels for level 'ServerLevel[New World1]'/minecraft:overworld
[17Aug2026 23:02:59.110] [Server thread/INFO] [net.minecraft.server.MinecraftServer/]: Saving chunks for level 'ServerLevel[New World1]'/minecraft:the_nether
[17Aug2026 23:02:59.110] [Server thread/INFO] [dev.ryanhcode.sable.Sable/]: Saving sub-levels for level 'ServerLevel[New World1]'/minecraft:the_nether
[17Aug2026 23:02:59.110] [Server thread/INFO] [net.minecraft.server.MinecraftServer/]: Saving chunks for level 'ServerLevel[New World1]'/minecraft:the_end
[17Aug2026 23:02:59.110] [Server thread/INFO] [dev.ryanhcode.sable.Sable/]: Saving sub-levels for level 'ServerLevel[New World1]'/minecraft:the_end
[17Aug2026 23:02:59.743] [Render thread/INFO] [Photonics/]: Photonics world tracing v138: layoutRevision=136, layoutReason=streaming-or-rebuild, sceneRevision=28, settled=true, compiledSections=2016, trackedSections=2016, batchBuilt=2, batchUnloaded=0, pendingBuilds=0, pendingUnloads=0, ready=true, depth=6, blockBounds=( 6.400E+1  1.280E+2  4.800E+1)..( 4.000E+2  2.240E+2  3.840E+2), treeBounds=( 0.000E+0  0.000E+0  0.000E+0)..( 1.024E+3  1.024E+3  1.024E+3), origin=(-2.560E+2 -1.920E+2 -1.280E+2), sceneChangeBounds=(-32, 0, 96)..(-16, 16, 112), boundsSource=compiled, compileMs=34.514
[17Aug2026 23:02:59.744] [Render thread/INFO] [Photonics/]: Photonics memory v72: jvmHeap={usedBytes=3310785072, committedBytes=3930062848, maxBytes=8589934592}, jvmGc={collections=133, timeMs=1304}, worldHeap=GpuBufferHeapStats[capacityBytes=536870912, reservedBytes=138414196, liveBytes=135754100, peakLiveBytes=138402644, reusableBytes=2660096, allocations=154875, reusedAllocations=43399, frees=45546, failedAllocations=0], paletteHeap=GpuBufferHeapStats[capacityBytes=201326592, reservedBytes=58560, liveBytes=58560, peakLiveBytes=58560, reusableBytes=0, allocations=610, reusedAllocations=0, frees=0, failedAllocations=0], registries={lights=Stats[cachedObjects=1, pendingFreeObjects=0, allocatedObjects=1, failedAllocations=0], palettes=Stats[cachedObjects=610, pendingFreeObjects=0, allocatedObjects=610, failedAllocations=0], blocks=Stats[cachedObjects=1353, pendingFreeObjects=0, allocatedObjects=1353, failedAllocations=0], models=Stats[cachedObjects=29, pendingFreeObjects=0, allocatedObjects=29, failedAllocations=0]}
[17Aug2026 23:03:00.694] [Netty Local Client IO #3/INFO] [dev.ryanhcode.sable.Sable/]: Client UDP channel inactive
[17Aug2026 23:03:00.694] [Render thread/INFO] [DistantHorizons-DistantHorizons-com.seibel.distanthorizons.core.api.internal.ClientApi/]: Client on ClientOnly mode disconnecting.
[17Aug2026 23:03:00.694] [Netty Local Client IO #3/INFO] [dev.ryanhcode.sable.Sable/]: Closed UDP channel!
[17Aug2026 23:03:00.694] [level shutdown/INFO] [DistantHorizons-DistantHorizons-com.seibel.distanthorizons.core.generation.queues.WorldGenerationQueue/]: Closing world gen queue
[17Aug2026 23:03:00.694] [level shutdown/INFO] [DistantHorizons-DistantHorizons-com.seibel.distanthorizons.core.generation.queues.WorldGenerationQueue/]: Closing world gen queue
[17Aug2026 23:03:00.694] [level shutdown/INFO] [DistantHorizons-DistantHorizons-com.seibel.distanthorizons.core.generation.queues.WorldGenerationQueue/]: Closing world gen queue
[17Aug2026 23:03:00.695] [level shutdown/INFO] [DistantHorizons-DistantHorizons-com.seibel.distanthorizons.core.generation.queues.WorldGenerationQueue/]: Closing WorldGenerationQueue...
[17Aug2026 23:03:00.695] [level shutdown/INFO] [DistantHorizons-DistantHorizons-com.seibel.distanthorizons.core.generation.queues.WorldGenerationQueue/]: Closing WorldGenerationQueue...
[17Aug2026 23:03:00.695] [level shutdown/INFO] [DistantHorizons-DistantHorizons-com.seibel.distanthorizons.core.generation.queues.WorldGenerationQueue/]: Shutting down world generator thread pool...
[17Aug2026 23:03:00.695] [level shutdown/INFO] [DistantHorizons-DistantHorizons-com.seibel.distanthorizons.core.generation.queues.WorldGenerationQueue/]: Shutting down world generator thread pool...
[17Aug2026 23:03:00.695] [level shutdown/INFO] [DistantHorizons-DistantHorizons-com.seibel.distanthorizons.core.generation.queues.WorldGenerationQueue/]: Closing WorldGenerationQueue...
[17Aug2026 23:03:00.695] [level shutdown/INFO] [DistantHorizons-DistantHorizons-com.seibel.distanthorizons.core.generation.queues.WorldGenerationQueue/]: World generator thread pool shutdown with [0] incomplete tasks.
[17Aug2026 23:03:00.695] [level shutdown/INFO] [DistantHorizons-DistantHorizons-com.seibel.distanthorizons.core.generation.queues.WorldGenerationQueue/]: Shutting down world generator thread pool...
[17Aug2026 23:03:00.695] [level shutdown/INFO] [DistantHorizons-DistantHorizons-com.seibel.distanthorizons.core.generation.BatchGenerator/]: [BatchGenerator] shutting down...
[17Aug2026 23:03:00.695] [level shutdown/INFO] [DistantHorizons-DistantHorizons-com.seibel.distanthorizons.core.generation.queues.WorldGenerationQueue/]: World generator thread pool shutdown with [0] incomplete tasks.
[17Aug2026 23:03:00.695] [level shutdown/INFO] [DistantHorizons-DistantHorizons-com.seibel.distanthorizons.core.generation.queues.WorldGenerationQueue/]: World generator thread pool shutdown with [0] incomplete tasks.
[17Aug2026 23:03:00.695] [level shutdown/INFO] [DistantHorizons-DistantHorizons-com.seibel.distanthorizons.core.generation.BatchGenerator/]: [BatchGenerator] shutting down...
[17Aug2026 23:03:00.695] [level shutdown/INFO] [DistantHorizons-LOD World Gen/]: Closing [BatchGenerationEnvironment_neoforge]
[17Aug2026 23:03:00.695] [level shutdown/INFO] [DistantHorizons-LOD World Gen/]: Closing [BatchGenerationEnvironment_neoforge]
[17Aug2026 23:03:00.695] [level shutdown/INFO] [DistantHorizons-DistantHorizons-com.seibel.distanthorizons.core.generation.BatchGenerator/]: [BatchGenerator] shutting down...
[17Aug2026 23:03:00.695] [level shutdown/INFO] [DistantHorizons-DistantHorizons-com.seibel.distanthorizons.core.generation.queues.WorldGenerationQueue/]: Finished closing WorldGenerationQueue
[17Aug2026 23:03:00.695] [level shutdown/INFO] [DistantHorizons-DistantHorizons-com.seibel.distanthorizons.core.generation.queues.WorldGenerationQueue/]: Finished closing WorldGenerationQueue
[17Aug2026 23:03:00.695] [level shutdown/INFO] [DistantHorizons-LOD World Gen/]: Closing [BatchGenerationEnvironment_neoforge]
[17Aug2026 23:03:00.695] [level shutdown/INFO] [DistantHorizons-DistantHorizons-com.seibel.distanthorizons.core.generation.queues.WorldGenerationQueue/]: Finished closing WorldGenerationQueue
[17Aug2026 23:03:00.695] [level shutdown/INFO] [DistantHorizons-DistantHorizons-com.seibel.distanthorizons.core.level.AbstractDhServerLevel/]: Closed DHLevel for [Wrapped{ServerLevel[New World1]@minecraft:overworld}].
[17Aug2026 23:03:00.695] [level shutdown/INFO] [DistantHorizons-DistantHorizons-com.seibel.distanthorizons.core.level.AbstractDhServerLevel/]: Closed DhClientServerLevel for Wrapped{ServerLevel[New World1]@minecraft:overworld}
[17Aug2026 23:03:00.695] [level shutdown/INFO] [DistantHorizons-DistantHorizons-com.seibel.distanthorizons.core.level.AbstractDhServerLevel/]: Closed DHLevel for [Wrapped{ServerLevel[New World1]@minecraft:the_end}].
[17Aug2026 23:03:00.695] [level shutdown/INFO] [DistantHorizons-DistantHorizons-com.seibel.distanthorizons.core.level.AbstractDhServerLevel/]: Closed DhClientServerLevel for Wrapped{ServerLevel[New World1]@minecraft:the_end}
[17Aug2026 23:03:00.695] [level shutdown/INFO] [DistantHorizons-DistantHorizons-com.seibel.distanthorizons.core.level.AbstractDhServerLevel/]: Closed DHLevel for [Wrapped{ServerLevel[New World1]@minecraft:the_nether}].
[17Aug2026 23:03:00.695] [level shutdown/INFO] [DistantHorizons-DistantHorizons-com.seibel.distanthorizons.core.level.AbstractDhServerLevel/]: Closed DhClientServerLevel for Wrapped{ServerLevel[New World1]@minecraft:the_nether}
[17Aug2026 23:03:00.695] [Render thread/INFO] [DistantHorizons-DistantHorizons-com.seibel.distanthorizons.core.world.AbstractDhWorld/]: Closed DhWorld of type [CLIENT_SERVER].
[17Aug2026 23:03:00.695] [level shutdown/INFO] [DistantHorizons-DistantHorizons-com.seibel.distanthorizons.core.level.AbstractDhServerLevel/]: Closed DHLevel for [Wrapped{ServerLevel[New World1]@minecraft:overworld}].
[17Aug2026 23:03:00.695] [level shutdown/INFO] [DistantHorizons-DistantHorizons-com.seibel.distanthorizons.core.level.AbstractDhServerLevel/]: Closed DhClientServerLevel for Wrapped{ServerLevel[New World1]@minecraft:overworld}
[17Aug2026 23:03:00.695] [level shutdown/INFO] [DistantHorizons-DistantHorizons-com.seibel.distanthorizons.core.level.AbstractDhServerLevel/]: Closed DHLevel for [Wrapped{ServerLevel[New World1]@minecraft:the_nether}].
[17Aug2026 23:03:00.695] [level shutdown/INFO] [DistantHorizons-DistantHorizons-com.seibel.distanthorizons.core.level.AbstractDhServerLevel/]: Closed DhClientServerLevel for Wrapped{ServerLevel[New World1]@minecraft:the_nether}
[17Aug2026 23:03:00.695] [level shutdown/INFO] [DistantHorizons-DistantHorizons-com.seibel.distanthorizons.core.level.AbstractDhServerLevel/]: Closed DHLevel for [Wrapped{ServerLevel[New World1]@minecraft:the_end}].
[17Aug2026 23:03:00.695] [level shutdown/INFO] [DistantHorizons-DistantHorizons-com.seibel.distanthorizons.core.level.AbstractDhServerLevel/]: Closed DhClientServerLevel for Wrapped{ServerLevel[New World1]@minecraft:the_end}
[17Aug2026 23:03:00.695] [Render thread/INFO] [DistantHorizons-DistantHorizons-com.seibel.distanthorizons.core.world.AbstractDhWorld/]: Closed DhWorld of type [CLIENT_SERVER].
[17Aug2026 23:03:00.696] [Render thread/INFO] [DistantHorizons-DistantHorizons-com.seibel.distanthorizons.core.util.threading.PriorityTaskPicker/]: Shutting down PriorityTaskPicker thread pool...
[17Aug2026 23:03:03.535] [Render thread/INFO] [DistantHorizons-DistantHorizons-com.seibel.distanthorizons.core.sql.repo.AbstractDhRepo/]: Closing all [6] database connections...
[17Aug2026 23:03:03.535] [Render thread/INFO] [DistantHorizons-DistantHorizons-com.seibel.distanthorizons.core.sql.repo.AbstractDhRepo/]: Closing database connection: [jdbc:dh_sqlite:/home/krzysztofkalisiak/.local/share/ModrinthApp/profiles/Create Aeronautics (1)/saves/New World1/DIM-1/data/DistantHorizons.sqlite]
[17Aug2026 23:03:03.535] [Render thread/INFO] [DistantHorizons-DistantHorizons-com.seibel.distanthorizons.core.sql.repo.AbstractDhRepo/]: Closing database connection: [jdbc:dh_sqlite:/home/krzysztofkalisiak/.local/share/ModrinthApp/profiles/Create Aeronautics (1)/saves/New World1/data/DistantHorizons.sqlite]
[17Aug2026 23:03:03.543] [Render thread/INFO] [DistantHorizons-DistantHorizons-com.seibel.distanthorizons.core.sql.repo.AbstractDhRepo/]: Closing database connection: [jdbc:dh_sqlite:/home/krzysztofkalisiak/.local/share/ModrinthApp/profiles/Create Aeronautics (1)/saves/New World1/DIM1/data/DistantHorizons.sqlite]
[17Aug2026 23:03:03.713] [Render thread/INFO] [xaero.hud.minimap.MinimapLogs/]: Xaero hud session finalized.
[17Aug2026 23:03:03.718] [Render thread/INFO] [Photonics/]: Photonics v24 Sable moving lights: 1 -> 0
[17Aug2026 23:03:03.718] [Render thread/INFO] [Photonics/]: Photonics v24 Sable receiver motion: 1 -> 0
[17Aug2026 23:03:03.740] [Server thread/INFO] [net.minecraft.server.network.ServerGamePacketListenerImpl/]: Eutio lost connection: Disconnected
[17Aug2026 23:03:03.740] [Server thread/INFO] [net.minecraft.server.MinecraftServer/]: Eutio left the game
[17Aug2026 23:03:03.741] [Server thread/INFO] [DistantHorizons-DistantHorizons-com.seibel.distanthorizons.core.api.internal.ServerApi/]: Player [Eutio] disconnected.
[17Aug2026 23:03:03.748] [Server thread/INFO] [net.minecraft.server.network.ServerCommonPacketListenerImpl/]: Stopping singleplayer server as player logged out
[17Aug2026 23:03:03.788] [Server thread/INFO] [net.minecraft.server.MinecraftServer/]: Stopping server
[17Aug2026 23:03:03.788] [Server thread/INFO] [net.minecraft.server.MinecraftServer/]: Saving players
[17Aug2026 23:03:03.788] [Server thread/INFO] [net.minecraft.server.MinecraftServer/]: Saving worlds
[17Aug2026 23:03:03.807] [Server thread/INFO] [net.minecraft.server.MinecraftServer/]: Saving chunks for level 'ServerLevel[New World1]'/minecraft:overworld
[17Aug2026 23:03:03.807] [Server thread/INFO] [dev.ryanhcode.sable.Sable/]: Saving sub-levels for level 'ServerLevel[New World1]'/minecraft:overworld
[17Aug2026 23:03:03.843] [Server thread/INFO] [net.minecraft.server.MinecraftServer/]: Saving chunks for level 'ServerLevel[New World1]'/minecraft:the_nether
[17Aug2026 23:03:03.843] [Server thread/INFO] [dev.ryanhcode.sable.Sable/]: Saving sub-levels for level 'ServerLevel[New World1]'/minecraft:the_nether
[17Aug2026 23:03:03.851] [Server thread/INFO] [net.minecraft.server.MinecraftServer/]: Saving chunks for level 'ServerLevel[New World1]'/minecraft:the_end
[17Aug2026 23:03:03.851] [Server thread/INFO] [dev.ryanhcode.sable.Sable/]: Saving sub-levels for level 'ServerLevel[New World1]'/minecraft:the_end
[17Aug2026 23:03:03.865] [Server thread/INFO] [net.minecraft.server.MinecraftServer/]: ThreadedAnvilChunkStorage (New World1): All chunks are saved
[17Aug2026 23:03:03.865] [Server thread/INFO] [net.minecraft.server.MinecraftServer/]: ThreadedAnvilChunkStorage (DIM-1): All chunks are saved
[17Aug2026 23:03:03.865] [Server thread/INFO] [net.minecraft.server.MinecraftServer/]: ThreadedAnvilChunkStorage (DIM1): All chunks are saved
[17Aug2026 23:03:03.865] [Server thread/INFO] [net.minecraft.server.MinecraftServer/]: ThreadedAnvilChunkStorage: All dimensions are saved
[17Aug2026 23:03:03.878] [Render thread/INFO] [ChunkBuilder/]: Stopping worker threads
[17Aug2026 23:03:04.353] [Render thread/INFO] [net.minecraft.client.Minecraft/]: Stopping!
