[05:23:06] [main/INFO]: ModLauncher running: args [--username, Eutio, --version, 1.21.1, --gameDir, /home/krzysztofkalisiak/.local/share/ModrinthApp/profiles/Create Aeronautics (1), --assetsDir, /home/krzysztofkalisiak/.local/share/ModrinthApp/meta/assets, --assetIndex, 17, --uuid, daa1735b3ea84b2a94748a7aa356e30b, --accessToken, ❄❄❄❄❄❄❄❄, --clientId, c4502edb-87c6-40cb-b595-64a280cf8906, --xuid, 0, --userType, msa, --versionType, release, --width, 854, --height, 480, --fml.neoForgeVersion, 21.1.235, --fml.fmlVersion, 4.0.42, --fml.mcVersion, 1.21.1, --fml.neoFormVersion, 20240808.144430, --launchTarget, forgeclient]
[05:23:06] [main/INFO]: JVM identified as Azul Systems, Inc. OpenJDK 64-Bit Server VM 21.0.9+10-LTS
[05:23:06] [main/INFO]: ModLauncher 11.0.5+main.901c6ea8 starting: java version 21.0.9 by Azul Systems, Inc.; OS Linux arch amd64 version 7.0.0-28-generic
[05:23:06] [main/INFO]: Searching for graphics cards...
[05:23:06] [main/INFO]: Found graphics adapter: LinuxPciAdapterInfo[vendor=AMD, name=Navi 31 [Radeon RX 7900 XT/7900 XTX/7900 GRE/7900M], pciVendorId=0x1002, pciDeviceId=0x744c]
[05:23:06] [main/WARN]: Sodium has applied one or more workarounds to prevent crashes or other issues on your system: [NO_ERROR_CONTEXT_UNSUPPORTED]
[05:23:06] [main/WARN]: This is not necessarily an issue, but it may result in certain features or optimizations being disabled. You can sometimes fix these issues by upgrading your graphics driver.
[05:23:06] [main/INFO]: Loading ImmediateWindowProvider fmlearlywindow
[05:23:06] [main/INFO]: Trying GL version 4.6
[05:23:06] [main/INFO]: Requested GL version 4.6 got version 4.6
[05:23:06] [pool-2-thread-1/INFO]: GL info: AMD Radeon RX 7900 GRE (radeonsi, navi31, ACO, DRM 3.64, 7.0.0-28-generic) GL version 4.6 (Core Profile) Mesa 26.1.2 - kisak-mesa PPA, AMD
[05:23:06] [main/INFO]: SpongePowered MIXIN Subsystem Version=0.8.7 Source=union:/home/krzysztofkalisiak/.local/share/ModrinthApp/meta/libraries/net/fabricmc/sponge-mixin/0.15.2+mixin.0.8.7/sponge-mixin-0.15.2+mixin.0.8.7.jar%23170!/ Service=ModLauncher Env=CLIENT
[05:23:06] [main/INFO]: Found mod file "client-1.21.1-20240808.144430-srg.jar" [locator: production client provider +net.neoforged:neoforge:21.1.235:client]
[05:23:06] [main/INFO]: Found mod file "neoforge-21.1.235-universal.jar" [locator: PathBasedLocator[name=neoforge, paths=[/home/krzysztofkalisiak/.local/share/ModrinthApp/meta/libraries/net/neoforged/neoforge/21.1.235/neoforge-21.1.235-universal.jar]], reader: mod manifest]
[05:23:06] [main/INFO]: Found mod file "net.caffeinemc.sodium-neoforge-0.8.12+mc1.21.1-mod.jar" [locator: net.caffeinemc.mods.sodium.service.SodiumServiceModLocator@1162410a, reader: mod manifest]
[05:23:06] [main/INFO]: Found mod file "fabric-rendering-data-attachment-v1-0.3.48+73761d2e19.jar" [locator: net.caffeinemc.mods.sodium.service.SodiumServiceModLocator@1162410a, reader: mod manifest]
[05:23:06] [main/INFO]: Found mod file "fabric-renderer-api-v1-3.4.1+9125b6dc19.jar" [locator: net.caffeinemc.mods.sodium.service.SodiumServiceModLocator@1162410a, reader: mod manifest]
[05:23:06] [main/INFO]: Found mod file "fabric-block-view-api-v2-1.0.10+9afaaf8c19.jar" [locator: net.caffeinemc.mods.sodium.service.SodiumServiceModLocator@1162410a, reader: mod manifest]
[05:23:06] [main/INFO]: Found mod file "fabric-api-base-0.4.42+d1308ded19.jar" [locator: net.caffeinemc.mods.sodium.service.SodiumServiceModLocator@1162410a, reader: mod manifest]
[05:23:06] [main/INFO]: Found library file "~nonexistent" [locator: org.sinytra.connector.locator.ConnectorEarlyLocatorBootstrap@26f3d90c]
[05:23:06] [main/INFO]: Found mod file "contraption-lights-neoforge-1.21.1-1.2.0.jar" [locator: {mods folder locator at /home/krzysztofkalisiak/.local/share/ModrinthApp/profiles/Create Aeronautics (1)/mods}, reader: mod manifest]
[05:23:06] [main/INFO]: Found mod file "create-1.21.1-6.0.10.jar" [locator: {mods folder locator at /home/krzysztofkalisiak/.local/share/ModrinthApp/profiles/Create Aeronautics (1)/mods}, reader: mod manifest]
[05:23:06] [main/INFO]: Found mod file "create-aeronautics-bundled-1.21.1-1.3.0.jar" [locator: {mods folder locator at /home/krzysztofkalisiak/.local/share/ModrinthApp/profiles/Create Aeronautics (1)/mods}, reader: mod manifest]
[05:23:06] [main/INFO]: Found mod file "DistantHorizons-3.2.0-b-1.21.1-fabric-neoforge.jar" [locator: {mods folder locator at /home/krzysztofkalisiak/.local/share/ModrinthApp/profiles/Create Aeronautics (1)/mods}, reader: mod manifest]
[05:23:06] [main/INFO]: Found mod file "entityculling-neoforge-1.10.5-mc1.21.1.jar" [locator: {mods folder locator at /home/krzysztofkalisiak/.local/share/ModrinthApp/profiles/Create Aeronautics (1)/mods}, reader: mod manifest]
[05:23:06] [main/INFO]: Found mod file "ferritecore-7.0.3-neoforge.jar" [locator: {mods folder locator at /home/krzysztofkalisiak/.local/share/ModrinthApp/profiles/Create Aeronautics (1)/mods}, reader: mod manifest]
[05:23:06] [main/INFO]: Found mod file "forgified-fabric-api-0.116.14+2.3.0+1.21.1.jar" [locator: {mods folder locator at /home/krzysztofkalisiak/.local/share/ModrinthApp/profiles/Create Aeronautics (1)/mods}, reader: mod manifest]
[05:23:06] [main/INFO]: Found mod file "ImmediatelyFast-NeoForge-1.6.11+1.21.1.jar" [locator: {mods folder locator at /home/krzysztofkalisiak/.local/share/ModrinthApp/profiles/Create Aeronautics (1)/mods}, reader: mod manifest]
[05:23:06] [main/INFO]: Found mod file "iris-neoforge-1.8.14-beta.1+mc1.21.1.jar" [locator: {mods folder locator at /home/krzysztofkalisiak/.local/share/ModrinthApp/profiles/Create Aeronautics (1)/mods}, reader: mod manifest]
[05:23:06] [main/INFO]: Found mod file "irisveil-0.3.0.jar" [locator: {mods folder locator at /home/krzysztofkalisiak/.local/share/ModrinthApp/profiles/Create Aeronautics (1)/mods}, reader: mod manifest]
[05:23:06] [main/INFO]: Found mod file "lithium-neoforge-0.15.4+mc1.21.1.jar" [locator: {mods folder locator at /home/krzysztofkalisiak/.local/share/ModrinthApp/profiles/Create Aeronautics (1)/mods}, reader: mod manifest]
[05:23:06] [main/WARN]: Skipping jar. File mods/photonics-v119-dh-shadow-diagnostic-mc1.21.1.jar is a Fabric mod and cannot be loaded
[05:23:06] [main/INFO]: Found mod file "sable-neoforge-1.21.1-2.0.3.jar" [locator: {mods folder locator at /home/krzysztofkalisiak/.local/share/ModrinthApp/profiles/Create Aeronautics (1)/mods}, reader: mod manifest]
[05:23:06] [main/INFO]: Found mod file "searchlights-1.3.1.jar" [locator: {mods folder locator at /home/krzysztofkalisiak/.local/share/ModrinthApp/profiles/Create Aeronautics (1)/mods}, reader: mod manifest]
[05:23:06] [main/INFO]: Found mod file "simulatedcoasters-0.1.1.jar" [locator: {mods folder locator at /home/krzysztofkalisiak/.local/share/ModrinthApp/profiles/Create Aeronautics (1)/mods}, reader: mod manifest]
[05:23:06] [main/INFO]: Found mod file "simurail-1.21.1-0.0.0-a+b18d457.jar" [locator: {mods folder locator at /home/krzysztofkalisiak/.local/share/ModrinthApp/profiles/Create Aeronautics (1)/mods}, reader: mod manifest]
[05:23:06] [main/INFO]: Found mod file "xaerominimap-neoforge-1.21.1-26.4.2.jar" [locator: {mods folder locator at /home/krzysztofkalisiak/.local/share/ModrinthApp/profiles/Create Aeronautics (1)/mods}, reader: mod manifest]
[05:23:07] [main/WARN]: Attempted to select a dependency jar for JarJar which was passed in as source: fabric_renderer_api_v1. Using Mod File: 
[05:23:07] [main/WARN]: Attempted to select a dependency jar for JarJar which was passed in as source: fabric_block_view_api_v2. Using Mod File: 
[05:23:07] [main/WARN]: Attempted to select a dependency jar for JarJar which was passed in as source: library:net.fabricmc.loader. Using Mod File: /~nonexistent
[05:23:07] [main/WARN]: Attempted to select a dependency jar for JarJar which was passed in as source: fabric_api_base. Using Mod File: 
[05:23:07] [main/WARN]: Attempted to select a dependency jar for JarJar which was passed in as source: fabric_rendering_data_attachment_v1. Using Mod File: 
[05:23:07] [main/INFO]: Found 62 dependencies adding them to mods collection
[05:23:07] [main/INFO]: Found mod file "fabric-transfer-api-v1-5.4.4+6244b11119.jar" [parent: forgified-fabric-api-0.116.14+2.3.0+1.21.1.jar, locator: jarinjar, reader: mod manifest]
[05:23:07] [main/INFO]: Found library file "glsl-processor-0.2.3.jar" [parent: veil-neoforge-1.21.1-4.2.1.jar, locator: jarinjar]
[05:23:07] [main/INFO]: Found mod file "ponder-neoforge-1.0.82+mc1.21.1.jar" [parent: create-1.21.1-6.0.10.jar, locator: jarinjar, reader: mod manifest]
[05:23:07] [main/INFO]: Found mod file "fabric-item-api-v1-11.2.0+0c57911319.jar" [parent: forgified-fabric-api-0.116.14+2.3.0+1.21.1.jar, locator: jarinjar, reader: mod manifest]
[05:23:07] [main/INFO]: Found mod file "fabric-model-loading-api-v1-2.1.0+6e8f52c719.jar" [parent: forgified-fabric-api-0.116.14+2.3.0+1.21.1.jar, locator: jarinjar, reader: mod manifest]
[05:23:07] [main/INFO]: Found library file "net.neoforged.neoforge-coremods-21.1.235.jar" [parent: neoforge-21.1.235-universal.jar, locator: jarinjar, reader: mod manifest]
[05:23:07] [main/INFO]: Found mod file "fabric-rendering-fluids-v1-3.1.6+a51883b219.jar" [parent: forgified-fabric-api-0.116.14+2.3.0+1.21.1.jar, locator: jarinjar, reader: mod manifest]
[05:23:07] [main/INFO]: Found mod file "dev.eriksonn.aeronautics.aeronautics-neoforge-1.21.1-1.3.0.jar" [parent: create-aeronautics-bundled-1.21.1-1.3.0.jar, locator: jarinjar, reader: mod manifest]
[05:23:07] [main/INFO]: Found mod file "xaerolib-neoforge-1.21.1-1.7.1.jar" [parent: xaerominimap-neoforge-1.21.1-26.4.2.jar, locator: jarinjar, reader: mod manifest]
[05:23:07] [main/INFO]: Found mod file "fabric-screen-handler-api-v1-1.3.91+8dbc56dd19.jar" [parent: forgified-fabric-api-0.116.14+2.3.0+1.21.1.jar, locator: jarinjar, reader: mod manifest]
[05:23:07] [main/INFO]: Found mod file "fabric-resource-loader-v0-1.3.1+4ea8954419.jar" [parent: forgified-fabric-api-0.116.14+2.3.0+1.21.1.jar, locator: jarinjar, reader: mod manifest]
[05:23:07] [main/INFO]: Found mod file "TRender-1.0.15-1.21.1-neoforge-SNAPSHOT.jar" [parent: entityculling-neoforge-1.10.5-mc1.21.1.jar, locator: jarinjar, reader: mod manifest]
[05:23:07] [main/INFO]: Found gamelibrary file "yumi-commons-collections-1.0.0.jar" [parent: lambdynamiclights-api-4.8.8+1.21.1-mojmap.jar, locator: jarinjar, reader: mod manifest]
[05:23:07] [main/INFO]: Found mod file "fabric-rendering-v1-5.1.0+1a09bd5a19.jar" [parent: forgified-fabric-api-0.116.14+2.3.0+1.21.1.jar, locator: jarinjar, reader: mod manifest]
[05:23:07] [main/INFO]: Found mod file "fabric-renderer-indigo-1.7.1+9125b6dc19.jar" [parent: forgified-fabric-api-0.116.14+2.3.0+1.21.1.jar, locator: jarinjar, reader: mod manifest]
[05:23:07] [main/INFO]: Found mod file "fabric-convention-tags-v1-2.1.7+7f945d5b19.jar" [parent: forgified-fabric-api-0.116.14+2.3.0+1.21.1.jar, locator: jarinjar, reader: mod manifest]
[05:23:07] [main/INFO]: Found mod file "fabric-command-api-v2-2.2.28+36d727be19.jar" [parent: forgified-fabric-api-0.116.14+2.3.0+1.21.1.jar, locator: jarinjar, reader: mod manifest]
[05:23:07] [main/INFO]: Found mod file "fabric-convention-tags-v2-2.12.0+75d3639619.jar" [parent: forgified-fabric-api-0.116.14+2.3.0+1.21.1.jar, locator: jarinjar, reader: mod manifest]
[05:23:07] [main/INFO]: Found mod file "fabric-data-attachment-api-v1-1.4.7+26d408aa19.jar" [parent: forgified-fabric-api-0.116.14+2.3.0+1.21.1.jar, locator: jarinjar, reader: mod manifest]
[05:23:07] [main/INFO]: Found mod file "veil-neoforge-1.21.1-4.2.1.jar" [parent: searchlights-1.3.1.jar, locator: jarinjar, reader: mod manifest]
[05:23:07] [main/INFO]: Found mod file "dev.simulated_team.simulated.simulated-neoforge-1.21.1-1.3.0.jar" [parent: create-aeronautics-bundled-1.21.1-1.3.0.jar, locator: jarinjar, reader: mod manifest]
[05:23:07] [main/INFO]: Found gamelibrary file "yumi-commons-event-1.0.0.jar" [parent: lambdynamiclights-api-4.8.8+1.21.1-mojmap.jar, locator: jarinjar, reader: mod manifest]
[05:23:07] [main/INFO]: Found mod file "fabric-screen-api-v1-2.0.26+b4953c7419.jar" [parent: forgified-fabric-api-0.116.14+2.3.0+1.21.1.jar, locator: jarinjar, reader: mod manifest]
[05:23:07] [main/INFO]: Found library file "molang-compiler-3.1.1.19.jar" [parent: veil-neoforge-1.21.1-4.2.1.jar, locator: jarinjar]
[05:23:07] [main/INFO]: Found library file "Reflect-1.6.2.jar" [parent: ImmediatelyFast-NeoForge-1.6.11+1.21.1.jar, locator: jarinjar]
[05:23:07] [main/INFO]: Found mod file "fabric-particles-v1-4.0.2+824f924c19.jar" [parent: forgified-fabric-api-0.116.14+2.3.0+1.21.1.jar, locator: jarinjar, reader: mod manifest]
[05:23:07] [main/INFO]: Found mod file "fabric-content-registries-v0-8.0.19+5e0d320019.jar" [parent: forgified-fabric-api-0.116.14+2.3.0+1.21.1.jar, locator: jarinjar, reader: mod manifest]
[05:23:07] [main/INFO]: Found mod file "fabric-transitive-access-wideners-v1-6.2.0+6c854b6f19.jar" [parent: forgified-fabric-api-0.116.14+2.3.0+1.21.1.jar, locator: jarinjar, reader: mod manifest]
[05:23:07] [main/INFO]: Found mod file "dev.ryanhcode.offroad.offroad-neoforge-1.21.1-1.3.0.jar" [parent: create-aeronautics-bundled-1.21.1-1.3.0.jar, locator: jarinjar, reader: mod manifest]
[05:23:07] [main/INFO]: Found gamelibrary file "mixinextras-neoforge-0.5.3.jar" [parent: neoforge-21.1.235-universal.jar, locator: jarinjar, reader: mod manifest]
[05:23:07] [main/INFO]: Found gamelibrary file "yumi-commons-core-1.0.0.jar" [parent: lambdynamiclights-api-4.8.8+1.21.1-mojmap.jar, locator: jarinjar, reader: mod manifest]
[05:23:07] [main/INFO]: Found mod file "fabric-game-rule-api-v1-1.0.53+36d727be19.jar" [parent: forgified-fabric-api-0.116.14+2.3.0+1.21.1.jar, locator: jarinjar, reader: mod manifest]
[05:23:07] [main/INFO]: Found mod file "fabric-api-lookup-api-v1-1.6.72+6244b11119.jar" [parent: forgified-fabric-api-0.116.14+2.3.0+1.21.1.jar, locator: jarinjar, reader: mod manifest]
[05:23:07] [main/INFO]: Found mod file "fabric-blockrenderlayer-v1-1.1.52+c290471319.jar" [parent: forgified-fabric-api-0.116.14+2.3.0+1.21.1.jar, locator: jarinjar, reader: mod manifest]
[05:23:07] [main/INFO]: Found gamelibrary file "dev.ryanhcode.sable.sable-sable_rapier-1.21.1-2.0.3.jar" [parent: sable-neoforge-1.21.1-2.0.3.jar, locator: jarinjar, reader: mod manifest]
[05:23:07] [main/INFO]: Found mod file "fabric-block-api-v1-1.1.0+b0c22bb819.jar" [parent: forgified-fabric-api-0.116.14+2.3.0+1.21.1.jar, locator: jarinjar, reader: mod manifest]
[05:23:07] [main/INFO]: Found mod file "fabric-resource-conditions-api-v1-4.3.0+5bdd099819.jar" [parent: forgified-fabric-api-0.116.14+2.3.0+1.21.1.jar, locator: jarinjar, reader: mod manifest]
[05:23:07] [main/INFO]: Found library file "jcpp-1.4.14.jar" [parent: iris-neoforge-1.8.14-beta.1+mc1.21.1.jar, locator: jarinjar]
[05:23:07] [main/INFO]: Found library file "glsl-transformer-3.0.0-pre3.jar" [parent: iris-neoforge-1.8.14-beta.1+mc1.21.1.jar, locator: jarinjar]
[05:23:07] [main/INFO]: Found mod file "sable-companion-common-1.21.1-1.6.0.jar" [parent: searchlights-1.3.1.jar, locator: jarinjar, reader: mod manifest]
[05:23:07] [main/INFO]: Found mod file "flywheel-neoforge-1.21.1-1.0.6.jar" [parent: create-1.21.1-6.0.10.jar, locator: jarinjar, reader: mod manifest]
[05:23:07] [main/INFO]: Found mod file "fabric-item-group-api-v1-4.1.7+e324903319.jar" [parent: forgified-fabric-api-0.116.14+2.3.0+1.21.1.jar, locator: jarinjar, reader: mod manifest]
[05:23:07] [main/INFO]: Found mod file "fabric-gametest-api-v1-2.0.5+29f188ce19.jar" [parent: forgified-fabric-api-0.116.14+2.3.0+1.21.1.jar, locator: jarinjar, reader: mod manifest]
[05:23:07] [main/INFO]: Found mod file "fabric-biome-api-v1-13.0.31+1e62d33c19.jar" [parent: forgified-fabric-api-0.116.14+2.3.0+1.21.1.jar, locator: jarinjar, reader: mod manifest]
[05:23:07] [main/INFO]: Found mod file "fabric-entity-events-v1-1.8.0+e46a02ca19.jar" [parent: forgified-fabric-api-0.116.14+2.3.0+1.21.1.jar, locator: jarinjar, reader: mod manifest]
[05:23:07] [main/INFO]: Found mod file "fabric-registry-sync-v0-5.3.2+f9aace1619.jar" [parent: forgified-fabric-api-0.116.14+2.3.0+1.21.1.jar, locator: jarinjar, reader: mod manifest]
[05:23:07] [main/INFO]: Found mod file "lambdynamiclights-api-4.8.8+1.21.1-mojmap.jar" [parent: searchlights-1.3.1.jar, locator: jarinjar, reader: mod manifest]
[05:23:07] [main/INFO]: Found mod file "fabric-recipe-api-v1-5.0.16+59440bcc19.jar" [parent: forgified-fabric-api-0.116.14+2.3.0+1.21.1.jar, locator: jarinjar, reader: mod manifest]
[05:23:07] [main/INFO]: Found mod file "fabric-object-builder-api-v1-15.2.1+cc242efd19.jar" [parent: forgified-fabric-api-0.116.14+2.3.0+1.21.1.jar, locator: jarinjar, reader: mod manifest]
[05:23:07] [main/INFO]: Found mod file "fabric-loot-api-v2-3.0.15+a3ee712d19.jar" [parent: forgified-fabric-api-0.116.14+2.3.0+1.21.1.jar, locator: jarinjar, reader: mod manifest]
[05:23:07] [main/INFO]: Found mod file "fabric-loot-api-v3-1.0.3+333dfad919.jar" [parent: forgified-fabric-api-0.116.14+2.3.0+1.21.1.jar, locator: jarinjar, reader: mod manifest]
[05:23:07] [main/INFO]: Found mod file "TRansition-1.0.21-1.21.1-neoforge-SNAPSHOT.jar" [parent: entityculling-neoforge-1.10.5-mc1.21.1.jar, locator: jarinjar, reader: mod manifest]
[05:23:07] [main/INFO]: Found mod file "fabric-networking-api-v1-4.3.1+30a980d919.jar" [parent: forgified-fabric-api-0.116.14+2.3.0+1.21.1.jar, locator: jarinjar, reader: mod manifest]
[05:23:07] [main/INFO]: Found gamelibrary file "Registrate-MC1.21-1.3.0+67.jar" [parent: create-1.21.1-6.0.10.jar, locator: jarinjar, reader: mod manifest]
[05:23:07] [main/INFO]: Found mod file "fabric-sound-api-v1-1.0.23+10b84f8419.jar" [parent: forgified-fabric-api-0.116.14+2.3.0+1.21.1.jar, locator: jarinjar, reader: mod manifest]
[05:23:07] [main/INFO]: Found mod file "fabric-message-api-v1-6.0.14+6a754fce19.jar" [parent: forgified-fabric-api-0.116.14+2.3.0+1.21.1.jar, locator: jarinjar, reader: mod manifest]
[05:23:07] [main/INFO]: Found mod file "fabric-lifecycle-events-v1-2.6.0+e40d8add19.jar" [parent: forgified-fabric-api-0.116.14+2.3.0+1.21.1.jar, locator: jarinjar, reader: mod manifest]
[05:23:07] [main/INFO]: Found mod file "fabric-tag-api-v1-1.3.0+3e2bcb4b19.jar" [parent: forgified-fabric-api-0.116.14+2.3.0+1.21.1.jar, locator: jarinjar, reader: mod manifest]
[05:23:07] [main/INFO]: Found mod file "fabric-data-generation-api-v1-20.3.0+3e2bcb4b19.jar" [parent: forgified-fabric-api-0.116.14+2.3.0+1.21.1.jar, locator: jarinjar, reader: mod manifest]
[05:23:07] [main/INFO]: Found mod file "fabric-events-interaction-v0-0.7.14+86e0887119.jar" [parent: forgified-fabric-api-0.116.14+2.3.0+1.21.1.jar, locator: jarinjar, reader: mod manifest]
[05:23:07] [main/INFO]: Found mod file "fabric-key-binding-api-v1-1.0.47+62cc7ce119.jar" [parent: forgified-fabric-api-0.116.14+2.3.0+1.21.1.jar, locator: jarinjar, reader: mod manifest]
[05:23:07] [main/INFO]: Found mod file "fabric-client-tags-api-v1-1.2.0+5adff2d719.jar" [parent: forgified-fabric-api-0.116.14+2.3.0+1.21.1.jar, locator: jarinjar, reader: mod manifest]
[05:23:07] [main/INFO]: Dependency resolution found 1 candidates to load
[05:23:08] [main/INFO]: Found mod file "photonics-v119-dh-shadow-diagnostic-mc1.21.1_mapped_moj_1.21.1.jar" [locator: org.sinytra.connector.locator.ConnectorLocator@545f80bf]
[05:23:08] [main/INFO]: Found 2 dependencies adding them to mods collection
[05:23:08] [main/INFO]: Found mod file "org.sinytra.connector-2.0.0-beta.15+1.21.1-mod.jar" [parent: , locator: org.sinytra.connector.locator.ConnectorLocator@545f80bf, reader: mod manifest]
[05:23:08] [main/INFO]: Found gamelibrary file "runtime-1.0.0+1.21.1.jar" [parent: , locator: org.sinytra.connector.locator.ConnectorLocator@545f80bf, reader: mod manifest]
[05:23:08] [main/INFO]: 
     Mod List:
		Name Version (Mod Id)

		Contraption Lights 1.2.0 (contraptionlights)
		Create 6.0.10 (create)
		Create Aeronautics 1.3.0 (aeronautics)
		Create Aeronautics 1.3.0 (aeronautics_bundled)
		Create Offroad 1.3.0 (offroad)
		Create Simulated 1.3.0 (simulated)
		Create Simurail 0.0.0-a+b18d457 (simurail)
		Create: Coasters Simulated 0.1.1 (simulatedcoasters)
		Distant Horizons 3.2.0-b (distanthorizons)
		EntityCulling 1.10.5 (entityculling)
		Ferrite Core 7.0.3 (ferritecore)
		Flywheel 1.0.6 (flywheel)
		Forgified Fabric API 0.116.14+2.3.0+1.21.1 (fabric_api)
		Forgified Fabric API Base 0.4.42+d1308ded19 (fabric_api_base)
		Forgified Fabric API Lookup API (v1) 1.6.72+6244b11119 (fabric_api_lookup_api_v1)
		Forgified Fabric Biome API (v1) 13.0.31+1e62d33c19 (fabric_biome_api_v1)
		Forgified Fabric Block API (v1) 1.1.0+b0c22bb819 (fabric_block_api_v1)
		Forgified Fabric BlockRenderLayer Registration (v1) 1.1.52+c290471319 (fabric_blockrenderlayer_v1)
		Forgified Fabric BlockView API (v2) 1.0.10+9afaaf8c19 (fabric_block_view_api_v2)
		Forgified Fabric Client Tags 1.2.0+5adff2d719 (fabric_client_tags_api_v1)
		Forgified Fabric Command API (v2) 2.2.28+36d727be19 (fabric_command_api_v2)
		Forgified Fabric Content Registries (v0) 8.0.19+5e0d320019 (fabric_content_registries_v0)
		Forgified Fabric Convention Tags 2.1.7+7f945d5b19 (fabric_convention_tags_v1)
		Forgified Fabric Convention Tags (v2) 2.12.0+75d3639619 (fabric_convention_tags_v2)
		Forgified Fabric Data Attachment API (v1) 1.4.7+26d408aa19 (fabric_data_attachment_api_v1)
		Forgified Fabric Data Generation API (v1) 20.3.0+3e2bcb4b19 (fabric_data_generation_api_v1)
		Forgified Fabric Entity Events (v1) 1.8.0+e46a02ca19 (fabric_entity_events_v1)
		Forgified Fabric Events Interaction (v0) 0.7.14+86e0887119 (fabric_events_interaction_v0)
		Forgified Fabric Game Rule API (v1) 1.0.53+36d727be19 (fabric_game_rule_api_v1)
		Forgified Fabric Game Test API (v1) 2.0.5+29f188ce19 (fabric_gametest_api_v1)
		Forgified Fabric Item API (v1) 11.2.0+0c57911319 (fabric_item_api_v1)
		Forgified Fabric Item Group API (v1) 4.1.7+e324903319 (fabric_item_group_api_v1)
		Forgified Fabric Key Binding API (v1) 1.0.47+62cc7ce119 (fabric_key_binding_api_v1)
		Forgified Fabric Lifecycle Events (v1) 2.6.0+e40d8add19 (fabric_lifecycle_events_v1)
		Forgified Fabric Loot API (v2) 3.0.15+a3ee712d19 (fabric_loot_api_v2)
		Forgified Fabric Loot API (v3) 1.0.3+333dfad919 (fabric_loot_api_v3)
		Forgified Fabric Message API (v1) 6.0.14+6a754fce19 (fabric_message_api_v1)
		Forgified Fabric Model Loading API (v1) 2.1.0+6e8f52c719 (fabric_model_loading_api_v1)
		Forgified Fabric Networking API (v1) 4.3.1+30a980d919 (fabric_networking_api_v1)
		Forgified Fabric Object Builder API (v1) 15.2.1+cc242efd19 (fabric_object_builder_api_v1)
		Forgified Fabric Particles (v1) 4.0.2+824f924c19 (fabric_particles_v1)
		Forgified Fabric Recipe API (v1) 5.0.16+59440bcc19 (fabric_recipe_api_v1)
		Forgified Fabric Registry Sync (v0) 5.3.2+f9aace1619 (fabric_registry_sync_v0)
		Forgified Fabric Renderer - Indigo 1.7.1+9125b6dc19 (fabric_renderer_indigo)
		Forgified Fabric Renderer API (v1) 3.4.1+9125b6dc19 (fabric_renderer_api_v1)
		Forgified Fabric Rendering (v1) 5.1.0+1a09bd5a19 (fabric_rendering_v1)
		Forgified Fabric Rendering Data Attachment (v1) 0.3.48+73761d2e19 (fabric_rendering_data_attachment_v1)
		Forgified Fabric Rendering Fluids (v1) 3.1.6+a51883b219 (fabric_rendering_fluids_v1)
		Forgified Fabric Resource Conditions API (v1) 4.3.0+5bdd099819 (fabric_resource_conditions_api_v1)
		Forgified Fabric Resource Loader (v0) 1.3.1+4ea8954419 (fabric_resource_loader_v0)
		Forgified Fabric Screen API (v1) 2.0.26+b4953c7419 (fabric_screen_api_v1)
		Forgified Fabric Screen Handler API (v1) 1.3.91+8dbc56dd19 (fabric_screen_handler_api_v1)
		Forgified Fabric Sound API (v1) 1.0.23+10b84f8419 (fabric_sound_api_v1)
		Forgified Fabric Tag API (v1) 1.3.0+3e2bcb4b19 (fabric_tag_api_v1)
		Forgified Fabric Transfer API (v1) 5.4.4+6244b11119 (fabric_transfer_api_v1)
		Forgified Fabric Transitive Access Wideners (v1) 6.2.0+6c854b6f19 (fabric_transitive_access_wideners_v1)
		ImmediatelyFast 1.6.11+1.21.1 (immediatelyfast)
		Iris 1.8.14-beta.1+mc1.21.1 (iris)
		Iris Veil Compat 0.3.0 (irisveil)
		LambDynamicLights (API) 4.8.8+1.21.1 (lambdynlights_api)
		Lithium 0.15.4+mc1.21.1 (lithium)
		Minecraft 1.21.1 (minecraft)
		NeoForge 21.1.235 (neoforge)
		Photonics 0.4.0_1.21.1 (photonics)
		Ponder 1.0.82+mc1.21.1 (ponder)
		Sable 2.0.3 (sable)
		Sable Companion 1.6.0 (sablecompanion)
		SearchLights 1.3.1 (searchlights)
		Sinytra Connector 2.0.0-beta.15+1.21.1 (connector)
		Sodium 0.8.12+mc1.21.1 (sodium)
		TRansition 1.0.21 (transition)
		TRender 1.0.15 (trender)
		Veil 4.2.1 (veil)
		Xaero's Minimap 26.4.2 (xaerominimap)
		XaeroLib 1.7.1 (xaerolib)
[05:23:08] [main/INFO]: Successfully made module authlib transformable
[05:23:08] [main/INFO]: Successfully made module brigadier transformable
[05:23:08] [main/INFO]: Loading coremod script-engine for [xaerominimap]
[05:23:09] [main/INFO]: Compatibility level set to JAVA_17
[05:23:09] [main/INFO]: Compatibility level set to JAVA_21
[05:23:09] [main/INFO]: Launching target 'forgeclient' with arguments [--version, 1.21.1, --gameDir, /home/krzysztofkalisiak/.local/share/ModrinthApp/profiles/Create Aeronautics (1), --assetsDir, /home/krzysztofkalisiak/.local/share/ModrinthApp/meta/assets, --uuid, daa1735b3ea84b2a94748a7aa356e30b, --username, Eutio, --assetIndex, 17, --accessToken, ❄❄❄❄❄❄❄❄, --clientId, c4502edb-87c6-40cb-b595-64a280cf8906, --xuid, 0, --userType, msa, --versionType, release, --width, 854, --height, 480]
[05:23:09] [main/INFO]: Option 'mixin.experimental.entity.block_caching.suffocation' requires 'mixin.util.block_tracking=true' but found 'false'. Setting 'mixin.experimental.entity.block_caching.suffocation=false'.
[05:23:09] [main/INFO]: Option 'mixin.experimental.entity.block_caching.block_support' requires 'mixin.util.block_tracking=true' but found 'false'. Setting 'mixin.experimental.entity.block_caching.block_support=false'.
[05:23:09] [main/INFO]: Option 'mixin.experimental.entity.block_caching.block_touching' requires 'mixin.util.block_tracking=true' but found 'false'. Setting 'mixin.experimental.entity.block_caching.block_touching=false'.
[05:23:09] [main/INFO]: Option 'mixin.experimental.entity.block_caching' requires 'mixin.util.block_tracking=true' but found 'false'. Setting 'mixin.experimental.entity.block_caching=false'.
[05:23:09] [main/INFO]: Loaded configuration file for Lithium: 148 options available, 4 override(s) found
[05:23:09] [main/WARN]: Reference map 'aeronautics.refmap.json' for aeronautics.mixins.json could not be read. If this is a development environment you can ignore this message
[05:23:09] [main/WARN]: Reference map 'xaerolib.refmap.json' for xaerolib.mixins.json could not be read. If this is a development environment you can ignore this message
[05:23:09] [main/WARN]: Reference map 'iris.refmap.json' for mixins.iris.json could not be read. If this is a development environment you can ignore this message
[05:23:09] [main/WARN]: Reference map 'iris.refmap.json' for mixins.iris.fantastic.json could not be read. If this is a development environment you can ignore this message
[05:23:09] [main/WARN]: Reference map 'iris.refmap.json' for mixins.iris.vertexformat.json could not be read. If this is a development environment you can ignore this message
[05:23:09] [main/WARN]: Reference map 'iris.refmap.json' for iris-batched-entity-rendering.mixins.json could not be read. If this is a development environment you can ignore this message
[05:23:09] [main/WARN]: Reference map 'iris.refmap.json' for mixins.iris.compat.sodium.json could not be read. If this is a development environment you can ignore this message
[05:23:09] [main/WARN]: Reference map 'simulated.refmap.json' for simulated.mixins.json could not be read. If this is a development environment you can ignore this message
[05:23:09] [main/INFO]: Loaded configuration file for Sodium: 45 options available, 1 override(s) found
[05:23:09] [main/WARN]: Reference map 'offroad.refmap.json' for offroad.mixins.json could not be read. If this is a development environment you can ignore this message
[05:23:09] [main/WARN]: Reference map 'ponder.refmap.json' for ponder-common.mixins.json could not be read. If this is a development environment you can ignore this message
[05:23:09] [main/INFO]: Using Sodium renderer mixins
[05:23:09] [main/INFO]: Using Sodium renderer mixins
[05:23:09] [main/WARN]: Reference map 'xaerominimap.refmap.json' for xaerohud.mixins.json could not be read. If this is a development environment you can ignore this message
[05:23:09] [main/WARN]: Reference map 'xaerominimap.refmap.json' for xaerominimap.mixins.json could not be read. If this is a development environment you can ignore this message
[05:23:09] [main/WARN]: Reference map 'entityculling.refmap.mixins.json' for entityculling.mixins.json could not be read. If this is a development environment you can ignore this message
[05:23:09] [main/WARN]: Reference map '${refmap_target}refmap.json' for ferritecore.predicates.mixin.json could not be read. If this is a development environment you can ignore this message
[05:23:09] [main/WARN]: Reference map '${refmap_target}refmap.json' for ferritecore.fastmap.mixin.json could not be read. If this is a development environment you can ignore this message
[05:23:09] [main/WARN]: Reference map '${refmap_target}refmap.json' for ferritecore.mrl.mixin.json could not be read. If this is a development environment you can ignore this message
[05:23:09] [main/WARN]: Reference map '${refmap_target}refmap.json' for ferritecore.dedupmultipart.mixin.json could not be read. If this is a development environment you can ignore this message
[05:23:09] [main/WARN]: Reference map '${refmap_target}refmap.json' for ferritecore.blockstatecache.mixin.json could not be read. If this is a development environment you can ignore this message
[05:23:09] [main/WARN]: Reference map '${refmap_target}refmap.json' for ferritecore.dedupbakedquad.mixin.json could not be read. If this is a development environment you can ignore this message
[05:23:09] [main/WARN]: Reference map '${refmap_target}refmap.json' for ferritecore.threaddetec.mixin.json could not be read. If this is a development environment you can ignore this message
[05:23:09] [main/WARN]: Reference map '${refmap_target}refmap.json' for ferritecore.modelsides.mixin.json could not be read. If this is a development environment you can ignore this message
[05:23:09] [main/WARN]: Reference map '${refmap_target}refmap.json' for ferritecore.datacomponents.mixin.json could not be read. If this is a development environment you can ignore this message
[05:23:09] [main/WARN]: Reference map '${refmap_target}refmap.json' for ferritecore.accessors.mixin.json could not be read. If this is a development environment you can ignore this message
[05:23:09] [main/WARN]: Reference map '' for adapter.init.mixins.json could not be read. If this is a development environment you can ignore this message
[05:23:09] [main/INFO]: Force-disabling mixin 'entity.collisions.unpushable_cramming.EntityMixin' as rule 'mixin.entity.collisions.unpushable_cramming' (added by mods [sable]) disables it and children
[05:23:09] [main/INFO]: Force-disabling mixin 'entity.collisions.unpushable_cramming.EntitySectionMixin' as rule 'mixin.entity.collisions.unpushable_cramming' (added by mods [sable]) disables it and children
[05:23:09] [main/INFO]: Force-disabling mixin 'entity.collisions.unpushable_cramming.EntitySelectorMixin' as rule 'mixin.entity.collisions.unpushable_cramming' (added by mods [sable]) disables it and children
[05:23:09] [main/INFO]: Force-disabling mixin 'entity.collisions.unpushable_cramming.LivingEntityMixin' as rule 'mixin.entity.collisions.unpushable_cramming' (added by mods [sable]) disables it and children
[05:23:09] [main/INFO]: Force-disabling mixin 'world.chunk_access.ChunkHolderMixin' as rule 'mixin.world.chunk_access' (added by mods [sable]) disables it and children
[05:23:09] [main/INFO]: Force-disabling mixin 'world.chunk_access.GenerationChunkHolderAccessor' as rule 'mixin.world.chunk_access' (added by mods [sable]) disables it and children
[05:23:09] [main/INFO]: Force-disabling mixin 'world.chunk_access.LevelMixin' as rule 'mixin.world.chunk_access' (added by mods [sable]) disables it and children
[05:23:09] [main/INFO]: Force-disabling mixin 'world.chunk_access.ServerChunkCacheMixin' as rule 'mixin.world.chunk_access' (added by mods [sable]) disables it and children
[05:23:09] [main/INFO]: Force-disabling mixin 'world.chunk_ticking.spread_ice.BiomeMixin' as rule 'mixin.world.chunk_ticking' (added by mods [sable]) disables it and children
[05:23:09] [main/INFO]: Force-disabling mixin 'world.tick_scheduler.LevelChunkTicksMixin' as rule 'mixin.world.tick_scheduler' (added by mods [sable]) disables it and children
[05:23:09] [main/WARN]: Error loading class: com/portingdeadmods/cable_facades/events/GameClientEvents$2 (java.lang.ClassNotFoundException: com.portingdeadmods.cable_facades.events.GameClientEvents$2)
[05:23:09] [main/WARN]: Error loading class: com/direwolf20/justdirethings/client/renderers/OurRenderTypes (java.lang.ClassNotFoundException: com.direwolf20.justdirethings.client.renderers.OurRenderTypes)
[05:23:09] [main/WARN]: Error loading class: mekanism/client/render/entity/RenderFlame (java.lang.ClassNotFoundException: mekanism.client.render.entity.RenderFlame)
[05:23:09] [main/WARN]: Error loading class: mekanism/client/render/armor/MekaSuitArmor (java.lang.ClassNotFoundException: mekanism.client.render.armor.MekaSuitArmor)
[05:23:09] [main/WARN]: Error loading class: mekanism/client/render/lib/effect/BillboardingEffectRenderer (java.lang.ClassNotFoundException: mekanism.client.render.lib.effect.BillboardingEffectRenderer)
[05:23:09] [main/WARN]: Error loading class: blusunrize/immersiveengineering/client/utils/IEGLShaders (java.lang.ClassNotFoundException: blusunrize.immersiveengineering.client.utils.IEGLShaders)
[05:23:09] [main/WARN]: Error loading class: mezz/jei/library/plugins/vanilla/ingredients/ItemStackListFactory (java.lang.ClassNotFoundException: mezz.jei.library.plugins.vanilla.ingredients.ItemStackListFactory)
[05:23:09] [main/INFO]: Immersive Portals not present, skipping DH compatibility mixin.
[05:23:09] [main/WARN]: Force-disabling mixin 'features.render.world.sky.ClientLevelMixin' as rule 'mixin.features.render.world.sky' (added by mods [iris]) disables it and children
[05:23:09] [main/WARN]: Force-disabling mixin 'features.render.world.sky.FogRendererMixin' as rule 'mixin.features.render.world.sky' (added by mods [iris]) disables it and children
[05:23:09] [main/WARN]: Force-disabling mixin 'features.render.world.sky.LevelRendererMixin' as rule 'mixin.features.render.world.sky' (added by mods [iris]) disables it and children
[05:23:10] [main/WARN]: Error loading class: org/jetbrains/annotations/ApiStatus$ScheduledForRemoval (java.lang.ClassNotFoundException: org.jetbrains.annotations.ApiStatus$ScheduledForRemoval)
[05:23:10] [main/INFO]: Initializing MixinExtras via com.llamalad7.mixinextras.service.MixinExtrasServiceImpl(version=0.5.3).
[04Aug2026 05:23:10.973] [Datafixer Bootstrap/INFO] [com.mojang.datafixers.DataFixerBuilder/]: 229 Datafixer optimizations took 127 milliseconds
[04Aug2026 05:23:13.584] [Render thread/WARN] [net.minecraft.server.packs.VanillaPackResourcesBuilder/]: Assets URL 'union:/home/krzysztofkalisiak/.local/share/ModrinthApp/meta/libraries/net/minecraft/client/1.21.1-20240808.144430/client-1.21.1-20240808.144430-srg.jar%23215!/assets/.mcassetsroot' uses unexpected schema
[04Aug2026 05:23:13.584] [Render thread/WARN] [net.minecraft.server.packs.VanillaPackResourcesBuilder/]: Assets URL 'union:/home/krzysztofkalisiak/.local/share/ModrinthApp/meta/libraries/net/minecraft/client/1.21.1-20240808.144430/client-1.21.1-20240808.144430-srg.jar%23215!/data/.mcassetsroot' uses unexpected schema
[04Aug2026 05:23:13.597] [Render thread/INFO] [com.mojang.authlib.yggdrasil.YggdrasilAuthenticationService/]: Environment: Environment[sessionHost=https://sessionserver.mojang.com, servicesHost=https://api.minecraftservices.com, name=PROD]
[04Aug2026 05:23:13.602] [Render thread/INFO] [net.minecraft.client.Minecraft/]: Setting user: Eutio
[04Aug2026 05:23:13.613] [Render thread/INFO] [Photonics/]: Reloading config
[04Aug2026 05:23:13.625] [Render thread/INFO] [Photonics/]: Photonics light registry contains 127 light definitions for 98 blocks
[04Aug2026 05:23:13.662] [Render thread/INFO] [Iris/]: Queuing DH event binding...
[04Aug2026 05:23:13.722] [Render thread/INFO] [net.minecraft.client.Minecraft/]: Backend library: LWJGL version 3.3.3+5
[04Aug2026 05:23:13.738] [Render thread/INFO] [com.mojang.blaze3d.platform.Window/]: OpenGL Vendor: AMD
[04Aug2026 05:23:13.738] [Render thread/INFO] [com.mojang.blaze3d.platform.Window/]: OpenGL Renderer: AMD Radeon RX 7900 GRE (radeonsi, navi31, ACO, DRM 3.64, 7.0.0-28-generic)
[04Aug2026 05:23:13.738] [Render thread/INFO] [com.mojang.blaze3d.platform.Window/]: OpenGL Version: 4.6 (Core Profile) Mesa 26.1.2 - kisak-mesa PPA
[04Aug2026 05:23:13.758] [Render thread/INFO] [ImmediatelyFast/]: Initializing ImmediatelyFast 1.6.11+1.21.1 on AMD Radeon RX 7900 GRE (radeonsi, navi31, ACO, DRM 3.64, 7.0.0-28-generic) (AMD) with OpenGL 4.6 (Core Profile) Mesa 26.1.2 - kisak-mesa PPA
[04Aug2026 05:23:13.758] [Render thread/INFO] [ImmediatelyFast/]: Found Iris 1.8.14-beta.1+mc1.21.1. Enabling compatibility.
[04Aug2026 05:23:14.010] [Render thread/INFO] [Iris/]: Debug functionality is disabled.
[04Aug2026 05:23:14.011] [Render thread/INFO] [Iris/]: OpenGL 4.5 detected, enabling DSA.
[04Aug2026 05:23:14.065] [ForkJoinPool.commonPool-worker-5/WARN] [Iris/]: [Iris Update Check] This version doesn't have an update index, skipping.
[04Aug2026 05:23:14.136] [modloading-worker-0/INFO] [Veil/]: Veil is initializing.
[04Aug2026 05:23:14.138] [modloading-worker-0/INFO] [net.fabricmc.fabric.impl.client.indigo.Indigo/]: [Indigo] Different rendering plugin detected; not applying Indigo.
[04Aug2026 05:23:14.158] [modloading-worker-0/INFO] [net.neoforged.neoforge.common.NeoForgeMod/NEOFORGE-MOD]: NeoForge mod loading, version 21.1.235, for MC 1.21.1
[04Aug2026 05:23:14.207] [modloading-worker-0/INFO] [xaero.hud.minimap.MinimapLogs/]: No Optifine!
[04Aug2026 05:23:14.208] [modloading-worker-0/INFO] [xaero.hud.minimap.MinimapLogs/]: Xaero's Minimap: No Vivecraft!
[04Aug2026 05:23:14.303] [modloading-worker-0/INFO] [xaero.hud.minimap.MinimapLogs/]: Xaero's Minimap: Iris found!
[04Aug2026 05:23:14.310] [modloading-worker-0/INFO] [xaero.lib.XaeroLib/]: Registering common data for channel xaerolib:main!
[04Aug2026 05:23:14.315] [modloading-worker-0/INFO] [xaero.lib.XaeroLib/]: Registering client data for channel xaerolib:main!
[04Aug2026 05:23:14.316] [modloading-worker-0/INFO] [com.simibubi.create.Create/]: Create 6.0.10 initializing! Commit hash: ac0c444d9828da3453ae8cc65338e8de063286fb
[04Aug2026 05:23:14.324] [modloading-worker-0/INFO] [xaero.lib.XaeroLib/]: Loading primary common config for channel xaerolib:main!
[04Aug2026 05:23:14.325] [modloading-worker-0/INFO] [xaero.lib.XaeroLib/]: Loading server config profiles for channel xaerolib:main!
[04Aug2026 05:23:14.326] [modloading-worker-0/INFO] [xaero.lib.XaeroLib/]: Loading primary client config for channel xaerolib:main!
[04Aug2026 05:23:14.326] [modloading-worker-0/INFO] [xaero.lib.XaeroLib/]: Loading client config profiles for channel xaerolib:main!
[04Aug2026 05:23:14.326] [modloading-worker-0/INFO] [xaero.common.HudMod/]: Registering common data for channel xaerominimap:main!
[04Aug2026 05:23:14.359] [modloading-worker-0/INFO] [xaero.common.HudMod/]: Registering client data for channel xaerominimap:main!
[04Aug2026 05:23:14.365] [modloading-worker-0/INFO] [xaero.common.HudMod/]: Loading primary common config for channel xaerominimap:main!
[04Aug2026 05:23:14.366] [modloading-worker-0/INFO] [xaero.common.HudMod/]: Loading server config profiles for channel xaerominimap:main!
[04Aug2026 05:23:14.366] [modloading-worker-0/INFO] [xaero.common.HudMod/]: Loading primary client config for channel xaerominimap:main!
[04Aug2026 05:23:14.367] [modloading-worker-0/INFO] [xaero.common.HudMod/]: Loading client config profiles for channel xaerominimap:main!
[04Aug2026 05:23:15.052] [modloading-worker-0/INFO] [dev.ryanhcode.sable.Sable/]: Sable loaded!
[04Aug2026 05:23:15.061] [modloading-worker-0/WARN] [dev.ryanhcode.sable.Sable/]: NOTE: Sable is loaded with Flywheel. Sable contains extensive shader overrides and a full light-storage replacement. Expect this to cause compatibility issues. If issues arise, please report them to the Sable issue tracker (https://github.com/ryanhcode/sable/issues) instead of the Flywheel issue tracker.
[04Aug2026 05:23:15.821] [Render thread/INFO] [Veil/]: GL Debug supported
[04Aug2026 05:23:15.973] [Render thread/INFO] [Iris/]: Hardware information:
[04Aug2026 05:23:15.973] [Render thread/INFO] [Iris/]: CPU: 16x AMD Ryzen 7 7700 8-Core Processor
[04Aug2026 05:23:15.973] [Render thread/INFO] [Iris/]: GPU: AMD Radeon RX 7900 GRE (radeonsi, navi31, ACO, DRM 3.64, 7.0.0-28-generic) (Supports OpenGL 4.6 (Core Profile) Mesa 26.1.2 - kisak-mesa PPA)
[04Aug2026 05:23:15.973] [Render thread/INFO] [Iris/]: OS: Linux (7.0.0-28-generic)
[04Aug2026 05:23:16.302] [Render thread/INFO] [net.minecraft.server.packs.resources.ReloadableResourceManager/]: Reloading ResourceManager: vanilla, fabric, mod_resources, mod/sodium, mod/fabric_transfer_api_v1, mod/simulatedcoasters, mod/fabric_renderer_api_v1, mod/fabric_item_api_v1, mod/fabric_model_loading_api_v1, mod/fabric_rendering_fluids_v1, mod/lithium, mod/aeronautics, mod/xaerolib, mod/aeronautics_bundled, mod/fabric_screen_handler_api_v1, mod/fabric_resource_loader_v0, mod/trender, mod/fabric_rendering_v1, mod/fabric_renderer_indigo, mod/fabric_convention_tags_v1, mod/neoforge, mod/photonics, mod/fabric_block_view_api_v2, mod/fabric_command_api_v2, mod/fabric_convention_tags_v2, mod/fabric_data_attachment_api_v1, mod/iris, mod/veil, mod/simulated, mod/simurail, mod/distanthorizons, mod/fabric_screen_api_v1, mod/fabric_particles_v1, mod/connector, mod/fabric_api,forgified_fabric_api, mod/fabric_content_registries_v0, mod/fabric_transitive_access_wideners_v1, mod/offroad, mod/irisveil, mod/fabric_game_rule_api_v1, mod/fabric_api_base, mod/fabric_api_lookup_api_v1, mod/fabric_blockrenderlayer_v1, mod/fabric_block_api_v1, mod/fabric_resource_conditions_api_v1, mod/sablecompanion, mod/flywheel, mod/ponder, mod/create, mod/sable, mod/contraptionlights, mod/xaerominimap, mod/fabric_item_group_api_v1, mod/fabric_gametest_api_v1, mod/entityculling, mod/fabric_biome_api_v1, mod/fabric_entity_events_v1, mod/fabric_registry_sync_v0, mod/immediatelyfast, mod/lambdynlights_api, mod/fabric_recipe_api_v1, mod/ferritecore, mod/fabric_object_builder_api_v1, mod/fabric_loot_api_v2, mod/fabric_loot_api_v3, mod/transition, mod/fabric_rendering_data_attachment_v1, mod/searchlights, mod/fabric_networking_api_v1, mod/fabric_sound_api_v1, mod/fabric_message_api_v1, mod/fabric_lifecycle_events_v1, mod/fabric_tag_api_v1, mod/fabric_data_generation_api_v1, mod/fabric_events_interaction_v0, mod/fabric_key_binding_api_v1, mod/fabric_client_tags_api_v1, file/Create-LabPBR-v12.zip
[04Aug2026 05:23:16.313] [Worker-Main-6/INFO] [xaero.lib.XaeroLib/]: Loading XaeroLib common 1/2!
[04Aug2026 05:23:16.314] [Worker-Main-8/INFO] [me.yurtema.searchlights.Searchlights/]: HELLO FROM COMMON SETUP
[04Aug2026 05:23:16.327] [NeoForge Version Check/INFO] [net.neoforged.fml.VersionChecker/]: [create] Starting version check at https://api.modrinth.com/updates/create/forge_updates.json?neoforge=only
[04Aug2026 05:23:16.353] [Worker-Main-15/INFO] [net.minecraft.client.gui.font.providers.UnihexProvider/]: Found unifont_all_no_pua-15.1.05.hex, loading
[04Aug2026 05:23:16.455] [Worker-Main-2/INFO] [net.minecraft.client.gui.font.providers.UnihexProvider/]: Found unifont_jp_patch-15.1.05.hex, loading
[04Aug2026 05:23:16.466] [Worker-Main-9/INFO] [xaero.lib.XaeroLib/]: Loading XaeroLib client 1/2!
[04Aug2026 05:23:16.518] [Worker-Main-14/ERROR] [net.minecraft.client.resources.model.ModelManager/]: Failed to load model createdeco:models/block/catwalk_top-x.json
com.google.gson.JsonParseException: Unknown facing: cullface
	at TRANSFORMER/minecraft@1.21.1/net.minecraft.client.renderer.block.model.BlockElement$Deserializer.getFacing(BlockElement.java:155) ~[client-1.21.1-20240808.144430-srg.jar%23215!/:?]
	at TRANSFORMER/minecraft@1.21.1/net.minecraft.client.renderer.block.model.BlockElement$Deserializer.filterNullFromFaces(BlockElement.java:145) ~[client-1.21.1-20240808.144430-srg.jar%23215!/:?]
	at TRANSFORMER/minecraft@1.21.1/net.minecraft.client.renderer.block.model.BlockElement$Deserializer.getFaces(BlockElement.java:132) ~[client-1.21.1-20240808.144430-srg.jar%23215!/:?]
	at TRANSFORMER/minecraft@1.21.1/net.minecraft.client.renderer.block.model.BlockElement$Deserializer.deserialize(BlockElement.java:85) ~[client-1.21.1-20240808.144430-srg.jar%23215!/:?]
	at TRANSFORMER/minecraft@1.21.1/net.minecraft.client.renderer.block.model.BlockElement$Deserializer.deserialize(BlockElement.java:76) ~[client-1.21.1-20240808.144430-srg.jar%23215!/:?]
	at MC-BOOTSTRAP/com.google.gson@2.10.1/com.google.gson.internal.bind.TreeTypeAdapter.read(TreeTypeAdapter.java:76) ~[gson-2.10.1.jar%23191!/:?]
	at MC-BOOTSTRAP/com.google.gson@2.10.1/com.google.gson.Gson.fromJson(Gson.java:1227) ~[gson-2.10.1.jar%23191!/:?]
	at MC-BOOTSTRAP/com.google.gson@2.10.1/com.google.gson.Gson.fromJson(Gson.java:1329) ~[gson-2.10.1.jar%23191!/:?]
	at MC-BOOTSTRAP/com.google.gson@2.10.1/com.google.gson.Gson.fromJson(Gson.java:1300) ~[gson-2.10.1.jar%23191!/:?]
	at MC-BOOTSTRAP/com.google.gson@2.10.1/com.google.gson.internal.bind.TreeTypeAdapter$GsonContextImpl.deserialize(TreeTypeAdapter.java:179) ~[gson-2.10.1.jar%23191!/:?]
	at TRANSFORMER/minecraft@1.21.1/net.minecraft.client.renderer.block.model.BlockModel$Deserializer.getElements(BlockModel.java:409) ~[client-1.21.1-20240808.144430-srg.jar%23215!/:?]
	at TRANSFORMER/minecraft@1.21.1/net.minecraft.client.renderer.block.model.BlockModel$Deserializer.deserialize(BlockModel.java:338) ~[client-1.21.1-20240808.144430-srg.jar%23215!/:?]
	at TRANSFORMER/neoforge@21.1.235/net.neoforged.neoforge.client.model.ExtendedBlockModelDeserializer.deserialize(ExtendedBlockModelDeserializer.java:51) ~[neoforge-21.1.235-universal.jar%23216!/:?]
	at TRANSFORMER/neoforge@21.1.235/net.neoforged.neoforge.client.model.ExtendedBlockModelDeserializer.deserialize(ExtendedBlockModelDeserializer.java:37) ~[neoforge-21.1.235-universal.jar%23216!/:?]
	at MC-BOOTSTRAP/com.google.gson@2.10.1/com.google.gson.internal.bind.TreeTypeAdapter.read(TreeTypeAdapter.java:76) ~[gson-2.10.1.jar%23191!/:?]
	at TRANSFORMER/minecraft@1.21.1/net.minecraft.util.GsonHelper.fromNullableJson(GsonHelper.java:525) ~[client-1.21.1-20240808.144430-srg.jar%23215!/:?]
	at TRANSFORMER/minecraft@1.21.1/net.minecraft.util.GsonHelper.fromJson(GsonHelper.java:532) ~[client-1.21.1-20240808.144430-srg.jar%23215!/:?]
	at TRANSFORMER/minecraft@1.21.1/net.minecraft.util.GsonHelper.fromJson(GsonHelper.java:582) ~[client-1.21.1-20240808.144430-srg.jar%23215!/:?]
	at TRANSFORMER/minecraft@1.21.1/net.minecraft.client.renderer.block.model.BlockModel.fromStream(BlockModel.java:83) ~[client-1.21.1-20240808.144430-srg.jar%23215!/:?]
	at TRANSFORMER/minecraft@1.21.1/net.minecraft.client.resources.model.ModelManager.lambda$loadBlockModels$8(ModelManager.java:144) ~[client-1.21.1-20240808.144430-srg.jar%23215!/:?]
	at java.base/java.util.concurrent.CompletableFuture$AsyncSupply.run(Unknown Source) [?:?]
	at java.base/java.util.concurrent.CompletableFuture$AsyncSupply.exec(Unknown Source) [?:?]
	at java.base/java.util.concurrent.ForkJoinTask.doExec(Unknown Source) [?:?]
	at java.base/java.util.concurrent.ForkJoinPool$WorkQueue.topLevelExec(Unknown Source) [?:?]
	at java.base/java.util.concurrent.ForkJoinPool.scan(Unknown Source) [?:?]
	at java.base/java.util.concurrent.ForkJoinPool.runWorker(Unknown Source) [?:?]
	at java.base/java.util.concurrent.ForkJoinWorkerThread.run(Unknown Source) [?:?]
[04Aug2026 05:23:16.526] [Worker-Main-13/INFO] [DistantHorizons-DistantHorizons-com.seibel.distanthorizons.common.AbstractModInitializer_neoforge/]: Initializing Distant Horizons client, firing DhApiBeforeDhInitEvent...
[04Aug2026 05:23:16.537] [Worker-Main-13/INFO] [DistantHorizons-DistantHorizons-com.seibel.distanthorizons.core.Initializer/]: Running library validation...
[04Aug2026 05:23:16.581] [Worker-Main-5/INFO] [top.leonx.irisveil.IrisVeilCompat/]: HELLO FROM CLIENT SETUP
[04Aug2026 05:23:16.582] [Worker-Main-5/INFO] [top.leonx.irisveil.IrisVeilCompat/]: MINECRAFT NAME >> Eutio
[04Aug2026 05:23:16.582] [Worker-Main-5/INFO] [xaero.minimap.XaeroMinimap/]: Loading Xaero's Minimap - Stage 1/2
[04Aug2026 05:23:16.600] [Worker-Main-2/INFO] [me.yurtema.searchlights.Searchlights/]: HELLO FROM CLIENT SETUP
[04Aug2026 05:23:16.600] [Worker-Main-2/INFO] [me.yurtema.searchlights.Searchlights/]: MINECRAFT NAME >> Eutio
[04Aug2026 05:23:16.627] [Worker-Main-10/WARN] [net.minecraft.client.renderer.texture.SpriteLoader/]: Texture simulatedcoasters:block/chain_lift/chain with size 8x10 limits mip level from 4 to 1
[04Aug2026 05:23:16.679] [Worker-Main-9/WARN] [xaero.lib.XaeroLib/]: io exception while checking patreon: Online mod data expired! Date: Sun Aug 02 07:54:46 CEST 2026
[04Aug2026 05:23:16.686] [NeoForge Version Check/INFO] [net.neoforged.fml.VersionChecker/]: [create] Found status: OUTDATED Current: 6.0.10 Target: 6.0.10+mc1.21.1
[04Aug2026 05:23:16.751] [Worker-Main-13/INFO] [DistantHorizons-DistantHorizons-com.seibel.distanthorizons.common.AbstractModInitializer_neoforge/]: Distant Horizons, Version: 3.2.0-b
[04Aug2026 05:23:16.758] [Worker-Main-13/INFO] [DistantHorizons-DistantHorizons-com.seibel.distanthorizons.common.AbstractModInitializer_neoforge/]: Skipping mod compatibility accessor for: [optifine]
[04Aug2026 05:23:16.758] [Worker-Main-13/INFO] [DistantHorizons-DistantHorizons-com.seibel.distanthorizons.common.AbstractModInitializer_neoforge/]: Skipping mod compatibility accessor for: [c2me]
[04Aug2026 05:23:16.759] [Worker-Main-13/INFO] [DistantHorizons-DistantHorizons-com.seibel.distanthorizons.common.AbstractModInitializer_neoforge/]: Skipping mod compatibility accessor for: [immersive_portals]
[04Aug2026 05:23:16.760] [Worker-Main-13/INFO] [DistantHorizons-DistantHorizons-com.seibel.distanthorizons.core.dependencyInjection.ModAccessorInjector/]: Registered mod compatibility accessor for: [iris].
[04Aug2026 05:23:16.792] [Worker-Main-13/INFO] [DistantHorizons-DistantHorizons-com.seibel.distanthorizons.core.config.ConfigHandler/]: Initialising config for [DistantHorizons]
[04Aug2026 05:23:16.846] [Worker-Main-13/INFO] [DistantHorizons-DistantHorizons-com.seibel.distanthorizons.core.config.ConfigHandler/]: [DistantHorizons] Config initialised
[04Aug2026 05:23:16.852] [Worker-Main-13/INFO] [DistantHorizons-DistantHorizons-com.seibel.distanthorizons.core.config.eventHandlers.IgnoredDimensionCsvHandler/]: Dimension ignoring disabled, DH will render all dimensions.
[04Aug2026 05:23:16.852] [Worker-Main-13/INFO] [com.seibel.distanthorizons.core.logging.DhLogger/]: Applying config to loggers
[04Aug2026 05:23:16.853] [Worker-Main-13/INFO] [DistantHorizons-DistantHorizons-com.seibel.distanthorizons.core.Initializer/]: Garbage collectors: [G1 Young Generation, G1 Concurrent GC, G1 Old Generation]
[04Aug2026 05:23:16.853] [Worker-Main-13/WARN] [DistantHorizons-DistantHorizons-com.seibel.distanthorizons.core.Initializer/]: Distant Horizons: G1 Garbage collector detected.
This can cause FPS stuttering. 
It's recommended to use a concurrent garbage collector 
like ZGC (Java 21+) or Shenandoah (Java 8 through 17) 
for a smoother experience. 
This warning can be disabled in the DH config.
[04Aug2026 05:23:16.856] [Worker-Main-13/INFO] [DistantHorizons-DistantHorizons-com.seibel.distanthorizons.core.Initializer/]: Explicit Garbage Collection: [Enabled]
[04Aug2026 05:23:16.856] [Worker-Main-13/INFO] [DistantHorizons-DistantHorizons-com.seibel.distanthorizons.common.AbstractModInitializer_neoforge/]: Distant Horizons client Initialized.
[04Aug2026 05:23:16.856] [Worker-Main-13/INFO] [DistantHorizons-DistantHorizons-com.seibel.distanthorizons.common.AbstractModInitializer_neoforge/]: Running Delayed setup...
[04Aug2026 05:23:16.856] [Worker-Main-13/INFO] [DistantHorizons-DistantHorizons-com.seibel.distanthorizons.common.AbstractModInitializer_neoforge/]: Delayed setup complete, firing DhApiAfterDhInitEvent event...
[04Aug2026 05:23:16.856] [Worker-Main-13/INFO] [Iris/]: DH Ready, binding Iris event handlers...
[04Aug2026 05:23:16.859] [Worker-Main-13/INFO] [Iris/]: DH Iris events bound.
[04Aug2026 05:23:16.860] [DH-PostClientInit Thread/INFO] [DistantHorizons-DistantHorizons-com.seibel.distanthorizons.common.wrappers.DependencySetup_neoforge/]: Setting DH Rendering API to: [OPEN_GL]...
[04Aug2026 05:23:16.865] [DH-PostClientInit Thread/INFO] [DistantHorizons-DistantHorizons-com.seibel.distanthorizons.common.wrappers.DependencySetup_neoforge/]: DH Rendering successfully bound to: [OpenGL]...
[04Aug2026 05:23:16.876] [Render thread/INFO] [xaero.minimap.XaeroMinimap/]: Loading Xaero's Minimap - Stage 2/2
[04Aug2026 05:23:17.010] [Worker-Main-14/WARN] [net.minecraft.client.resources.model.BlockStateModelLoader/]: Exception loading blockstate definition: 'simulatedcoasters:blockstates/coaster_track_material.json' missing model for variant: 'simulatedcoasters:coaster_track_material#shape=an,turn=false,waterlogged=false'
[04Aug2026 05:23:17.010] [Worker-Main-14/WARN] [net.minecraft.client.resources.model.BlockStateModelLoader/]: Exception loading blockstate definition: 'simulatedcoasters:blockstates/coaster_track_material.json' missing model for variant: 'simulatedcoasters:coaster_track_material#shape=cr_d,turn=false,waterlogged=false'
[04Aug2026 05:23:17.010] [Worker-Main-14/WARN] [net.minecraft.client.resources.model.BlockStateModelLoader/]: Exception loading blockstate definition: 'simulatedcoasters:blockstates/coaster_track_material.json' missing model for variant: 'simulatedcoasters:coaster_track_material#shape=zo,turn=true,waterlogged=false'
[04Aug2026 05:23:17.011] [Worker-Main-14/WARN] [net.minecraft.client.resources.model.BlockStateModelLoader/]: Exception loading blockstate definition: 'simulatedcoasters:blockstates/coaster_track_material.json' missing model for variant: 'simulatedcoasters:coaster_track_material#shape=ae,turn=false,waterlogged=false'
[04Aug2026 05:23:17.011] [Worker-Main-14/WARN] [net.minecraft.client.resources.model.BlockStateModelLoader/]: Exception loading blockstate definition: 'simulatedcoasters:blockstates/coaster_track_material.json' missing model for variant: 'simulatedcoasters:coaster_track_material#shape=tw,turn=true,waterlogged=true'
[04Aug2026 05:23:17.011] [Worker-Main-14/WARN] [net.minecraft.client.resources.model.BlockStateModelLoader/]: Exception loading blockstate definition: 'simulatedcoasters:blockstates/coaster_track_material.json' missing model for variant: 'simulatedcoasters:coaster_track_material#shape=tn,turn=true,waterlogged=true'
[04Aug2026 05:23:17.011] [Worker-Main-14/WARN] [net.minecraft.client.resources.model.BlockStateModelLoader/]: Exception loading blockstate definition: 'simulatedcoasters:blockstates/coaster_track_material.json' missing model for variant: 'simulatedcoasters:coaster_track_material#shape=te,turn=true,waterlogged=true'
[04Aug2026 05:23:17.011] [Worker-Main-14/WARN] [net.minecraft.client.resources.model.BlockStateModelLoader/]: Exception loading blockstate definition: 'simulatedcoasters:blockstates/coaster_track_material.json' missing model for variant: 'simulatedcoasters:coaster_track_material#shape=nd,turn=false,waterlogged=false'
[04Aug2026 05:23:17.011] [Worker-Main-14/WARN] [net.minecraft.client.resources.model.BlockStateModelLoader/]: Exception loading blockstate definition: 'simulatedcoasters:blockstates/coaster_track_material.json' missing model for variant: 'simulatedcoasters:coaster_track_material#shape=aw,turn=false,waterlogged=false'
[04Aug2026 05:23:17.011] [Worker-Main-14/WARN] [net.minecraft.client.resources.model.BlockStateModelLoader/]: Exception loading blockstate definition: 'simulatedcoasters:blockstates/coaster_track_material.json' missing model for variant: 'simulatedcoasters:coaster_track_material#shape=te,turn=false,waterlogged=false'
[04Aug2026 05:23:17.011] [Worker-Main-14/WARN] [net.minecraft.client.resources.model.BlockStateModelLoader/]: Exception loading blockstate definition: 'simulatedcoasters:blockstates/coaster_track_material.json' missing model for variant: 'simulatedcoasters:coaster_track_material#shape=ae,turn=true,waterlogged=false'
[04Aug2026 05:23:17.011] [Worker-Main-14/WARN] [net.minecraft.client.resources.model.BlockStateModelLoader/]: Exception loading blockstate definition: 'simulatedcoasters:blockstates/coaster_track_material.json' missing model for variant: 'simulatedcoasters:coaster_track_material#shape=none,turn=true,waterlogged=false'
[04Aug2026 05:23:17.011] [Worker-Main-14/WARN] [net.minecraft.client.resources.model.BlockStateModelLoader/]: Exception loading blockstate definition: 'simulatedcoasters:blockstates/coaster_track_material.json' missing model for variant: 'simulatedcoasters:coaster_track_material#shape=cr_o,turn=false,waterlogged=false'
[04Aug2026 05:23:17.011] [Worker-Main-14/WARN] [net.minecraft.client.resources.model.BlockStateModelLoader/]: Exception loading blockstate definition: 'simulatedcoasters:blockstates/coaster_track_material.json' missing model for variant: 'simulatedcoasters:coaster_track_material#shape=cr_d,turn=true,waterlogged=false'
[04Aug2026 05:23:17.011] [Worker-Main-14/WARN] [net.minecraft.client.resources.model.BlockStateModelLoader/]: Exception loading blockstate definition: 'simulatedcoasters:blockstates/coaster_track_material.json' missing model for variant: 'simulatedcoasters:coaster_track_material#shape=cr_pdz,turn=true,waterlogged=true'
[04Aug2026 05:23:17.011] [Worker-Main-14/WARN] [net.minecraft.client.resources.model.BlockStateModelLoader/]: Exception loading blockstate definition: 'simulatedcoasters:blockstates/coaster_track_material.json' missing model for variant: 'simulatedcoasters:coaster_track_material#shape=tw,turn=false,waterlogged=false'
[04Aug2026 05:23:17.011] [Worker-Main-14/WARN] [net.minecraft.client.resources.model.BlockStateModelLoader/]: Exception loading blockstate definition: 'simulatedcoasters:blockstates/coaster_track_material.json' missing model for variant: 'simulatedcoasters:coaster_track_material#shape=cr_o,turn=false,waterlogged=true'
[04Aug2026 05:23:17.011] [Worker-Main-14/WARN] [net.minecraft.client.resources.model.BlockStateModelLoader/]: Exception loading blockstate definition: 'simulatedcoasters:blockstates/coaster_track_material.json' missing model for variant: 'simulatedcoasters:coaster_track_material#shape=cr_ndx,turn=true,waterlogged=true'
[04Aug2026 05:23:17.011] [Worker-Main-14/WARN] [net.minecraft.client.resources.model.BlockStateModelLoader/]: Exception loading blockstate definition: 'simulatedcoasters:blockstates/coaster_track_material.json' missing model for variant: 'simulatedcoasters:coaster_track_material#shape=cr_pdz,turn=false,waterlogged=false'
[04Aug2026 05:23:17.011] [Worker-Main-14/WARN] [net.minecraft.client.resources.model.BlockStateModelLoader/]: Exception loading blockstate definition: 'simulatedcoasters:blockstates/coaster_track_material.json' missing model for variant: 'simulatedcoasters:coaster_track_material#shape=aw,turn=true,waterlogged=false'
[04Aug2026 05:23:17.011] [Worker-Main-14/WARN] [net.minecraft.client.resources.model.BlockStateModelLoader/]: Exception loading blockstate definition: 'simulatedcoasters:blockstates/coaster_track_material.json' missing model for variant: 'simulatedcoasters:coaster_track_material#shape=an,turn=true,waterlogged=true'
[04Aug2026 05:23:17.011] [Worker-Main-14/WARN] [net.minecraft.client.resources.model.BlockStateModelLoader/]: Exception loading blockstate definition: 'simulatedcoasters:blockstates/coaster_track_material.json' missing model for variant: 'simulatedcoasters:coaster_track_material#shape=cr_d,turn=true,waterlogged=true'
[04Aug2026 05:23:17.011] [Worker-Main-14/WARN] [net.minecraft.client.resources.model.BlockStateModelLoader/]: Exception loading blockstate definition: 'simulatedcoasters:blockstates/coaster_track_material.json' missing model for variant: 'simulatedcoasters:coaster_track_material#shape=as,turn=true,waterlogged=false'
[04Aug2026 05:23:17.011] [Worker-Main-14/WARN] [net.minecraft.client.resources.model.BlockStateModelLoader/]: Exception loading blockstate definition: 'simulatedcoasters:blockstates/coaster_track_material.json' missing model for variant: 'simulatedcoasters:coaster_track_material#shape=aw,turn=false,waterlogged=true'
[04Aug2026 05:23:17.011] [Worker-Main-14/WARN] [net.minecraft.client.resources.model.BlockStateModelLoader/]: Exception loading blockstate definition: 'simulatedcoasters:blockstates/coaster_track_material.json' missing model for variant: 'simulatedcoasters:coaster_track_material#shape=tw,turn=true,waterlogged=false'
[04Aug2026 05:23:17.011] [Worker-Main-14/WARN] [net.minecraft.client.resources.model.BlockStateModelLoader/]: Exception loading blockstate definition: 'simulatedcoasters:blockstates/coaster_track_material.json' missing model for variant: 'simulatedcoasters:coaster_track_material#shape=as,turn=true,waterlogged=true'
[04Aug2026 05:23:17.011] [Worker-Main-14/WARN] [net.minecraft.client.resources.model.BlockStateModelLoader/]: Exception loading blockstate definition: 'simulatedcoasters:blockstates/coaster_track_material.json' missing model for variant: 'simulatedcoasters:coaster_track_material#shape=cr_ndz,turn=false,waterlogged=true'
[04Aug2026 05:23:17.011] [Worker-Main-14/WARN] [net.minecraft.client.resources.model.BlockStateModelLoader/]: Exception loading blockstate definition: 'simulatedcoasters:blockstates/coaster_track_material.json' missing model for variant: 'simulatedcoasters:coaster_track_material#shape=xo,turn=true,waterlogged=true'
[04Aug2026 05:23:17.011] [Worker-Main-14/WARN] [net.minecraft.client.resources.model.BlockStateModelLoader/]: Exception loading blockstate definition: 'simulatedcoasters:blockstates/coaster_track_material.json' missing model for variant: 'simulatedcoasters:coaster_track_material#shape=ts,turn=false,waterlogged=true'
[04Aug2026 05:23:17.011] [Worker-Main-14/WARN] [net.minecraft.client.resources.model.BlockStateModelLoader/]: Exception loading blockstate definition: 'simulatedcoasters:blockstates/coaster_track_material.json' missing model for variant: 'simulatedcoasters:coaster_track_material#shape=none,turn=false,waterlogged=false'
[04Aug2026 05:23:17.011] [Worker-Main-14/WARN] [net.minecraft.client.resources.model.BlockStateModelLoader/]: Exception loading blockstate definition: 'simulatedcoasters:blockstates/coaster_track_material.json' missing model for variant: 'simulatedcoasters:coaster_track_material#shape=cr_pdx,turn=true,waterlogged=false'
[04Aug2026 05:23:17.011] [Worker-Main-14/WARN] [net.minecraft.client.resources.model.BlockStateModelLoader/]: Exception loading blockstate definition: 'simulatedcoasters:blockstates/coaster_track_material.json' missing model for variant: 'simulatedcoasters:coaster_track_material#shape=pd,turn=false,waterlogged=true'
[04Aug2026 05:23:17.011] [Worker-Main-14/WARN] [net.minecraft.client.resources.model.BlockStateModelLoader/]: Exception loading blockstate definition: 'simulatedcoasters:blockstates/coaster_track_material.json' missing model for variant: 'simulatedcoasters:coaster_track_material#shape=none,turn=false,waterlogged=true'
[04Aug2026 05:23:17.011] [Worker-Main-14/WARN] [net.minecraft.client.resources.model.BlockStateModelLoader/]: Exception loading blockstate definition: 'simulatedcoasters:blockstates/coaster_track_material.json' missing model for variant: 'simulatedcoasters:coaster_track_material#shape=an,turn=true,waterlogged=false'
[04Aug2026 05:23:17.011] [Worker-Main-14/WARN] [net.minecraft.client.resources.model.BlockStateModelLoader/]: Exception loading blockstate definition: 'simulatedcoasters:blockstates/coaster_track_material.json' missing model for variant: 'simulatedcoasters:coaster_track_material#shape=cr_o,turn=true,waterlogged=true'
[04Aug2026 05:23:17.011] [Worker-Main-14/WARN] [net.minecraft.client.resources.model.BlockStateModelLoader/]: Exception loading blockstate definition: 'simulatedcoasters:blockstates/coaster_track_material.json' missing model for variant: 'simulatedcoasters:coaster_track_material#shape=cr_ndz,turn=true,waterlogged=true'
[04Aug2026 05:23:17.011] [Worker-Main-14/WARN] [net.minecraft.client.resources.model.BlockStateModelLoader/]: Exception loading blockstate definition: 'simulatedcoasters:blockstates/coaster_track_material.json' missing model for variant: 'simulatedcoasters:coaster_track_material#shape=te,turn=false,waterlogged=true'
[04Aug2026 05:23:17.011] [Worker-Main-14/WARN] [net.minecraft.client.resources.model.BlockStateModelLoader/]: Exception loading blockstate definition: 'simulatedcoasters:blockstates/coaster_track_material.json' missing model for variant: 'simulatedcoasters:coaster_track_material#shape=as,turn=false,waterlogged=false'
[04Aug2026 05:23:17.011] [Worker-Main-14/WARN] [net.minecraft.client.resources.model.BlockStateModelLoader/]: Exception loading blockstate definition: 'simulatedcoasters:blockstates/coaster_track_material.json' missing model for variant: 'simulatedcoasters:coaster_track_material#shape=cr_ndx,turn=false,waterlogged=true'
[04Aug2026 05:23:17.011] [Worker-Main-14/WARN] [net.minecraft.client.resources.model.BlockStateModelLoader/]: Exception loading blockstate definition: 'simulatedcoasters:blockstates/coaster_track_material.json' missing model for variant: 'simulatedcoasters:coaster_track_material#shape=cr_pdz,turn=false,waterlogged=true'
[04Aug2026 05:23:17.011] [Worker-Main-14/WARN] [net.minecraft.client.resources.model.BlockStateModelLoader/]: Exception loading blockstate definition: 'simulatedcoasters:blockstates/coaster_track_material.json' missing model for variant: 'simulatedcoasters:coaster_track_material#shape=zo,turn=true,waterlogged=true'
[04Aug2026 05:23:17.011] [Worker-Main-14/WARN] [net.minecraft.client.resources.model.BlockStateModelLoader/]: Exception loading blockstate definition: 'simulatedcoasters:blockstates/coaster_track_material.json' missing model for variant: 'simulatedcoasters:coaster_track_material#shape=zo,turn=false,waterlogged=true'
[04Aug2026 05:23:17.011] [Worker-Main-14/WARN] [net.minecraft.client.resources.model.BlockStateModelLoader/]: Exception loading blockstate definition: 'simulatedcoasters:blockstates/coaster_track_material.json' missing model for variant: 'simulatedcoasters:coaster_track_material#shape=cr_o,turn=true,waterlogged=false'
[04Aug2026 05:23:17.011] [Worker-Main-14/WARN] [net.minecraft.client.resources.model.BlockStateModelLoader/]: Exception loading blockstate definition: 'simulatedcoasters:blockstates/coaster_track_material.json' missing model for variant: 'simulatedcoasters:coaster_track_material#shape=ae,turn=false,waterlogged=true'
[04Aug2026 05:23:17.011] [Worker-Main-14/WARN] [net.minecraft.client.resources.model.BlockStateModelLoader/]: Exception loading blockstate definition: 'simulatedcoasters:blockstates/coaster_track_material.json' missing model for variant: 'simulatedcoasters:coaster_track_material#shape=pd,turn=true,waterlogged=true'
[04Aug2026 05:23:17.011] [Worker-Main-14/WARN] [net.minecraft.client.resources.model.BlockStateModelLoader/]: Exception loading blockstate definition: 'simulatedcoasters:blockstates/coaster_track_material.json' missing model for variant: 'simulatedcoasters:coaster_track_material#shape=nd,turn=false,waterlogged=true'
[04Aug2026 05:23:17.011] [Worker-Main-14/WARN] [net.minecraft.client.resources.model.BlockStateModelLoader/]: Exception loading blockstate definition: 'simulatedcoasters:blockstates/coaster_track_material.json' missing model for variant: 'simulatedcoasters:coaster_track_material#shape=ts,turn=true,waterlogged=true'
[04Aug2026 05:23:17.011] [Worker-Main-14/WARN] [net.minecraft.client.resources.model.BlockStateModelLoader/]: Exception loading blockstate definition: 'simulatedcoasters:blockstates/coaster_track_material.json' missing model for variant: 'simulatedcoasters:coaster_track_material#shape=cr_ndx,turn=false,waterlogged=false'
[04Aug2026 05:23:17.011] [Worker-Main-14/WARN] [net.minecraft.client.resources.model.BlockStateModelLoader/]: Exception loading blockstate definition: 'simulatedcoasters:blockstates/coaster_track_material.json' missing model for variant: 'simulatedcoasters:coaster_track_material#shape=tn,turn=true,waterlogged=false'
[04Aug2026 05:23:17.011] [Worker-Main-14/WARN] [net.minecraft.client.resources.model.BlockStateModelLoader/]: Exception loading blockstate definition: 'simulatedcoasters:blockstates/coaster_track_material.json' missing model for variant: 'simulatedcoasters:coaster_track_material#shape=cr_d,turn=false,waterlogged=true'
[04Aug2026 05:23:17.013] [Worker-Main-14/WARN] [net.minecraft.client.resources.model.BlockStateModelLoader/]: Exception loading blockstate definition: 'simulatedcoasters:blockstates/coaster_track_material.json' missing model for variant: 'simulatedcoasters:coaster_track_material#shape=cr_ndz,turn=true,waterlogged=false'
[04Aug2026 05:23:17.014] [Worker-Main-14/WARN] [net.minecraft.client.resources.model.BlockStateModelLoader/]: Exception loading blockstate definition: 'simulatedcoasters:blockstates/coaster_track_material.json' missing model for variant: 'simulatedcoasters:coaster_track_material#shape=pd,turn=false,waterlogged=false'
[04Aug2026 05:23:17.014] [Worker-Main-14/WARN] [net.minecraft.client.resources.model.BlockStateModelLoader/]: Exception loading blockstate definition: 'simulatedcoasters:blockstates/coaster_track_material.json' missing model for variant: 'simulatedcoasters:coaster_track_material#shape=xo,turn=true,waterlogged=false'
[04Aug2026 05:23:17.014] [Worker-Main-14/WARN] [net.minecraft.client.resources.model.BlockStateModelLoader/]: Exception loading blockstate definition: 'simulatedcoasters:blockstates/coaster_track_material.json' missing model for variant: 'simulatedcoasters:coaster_track_material#shape=tn,turn=false,waterlogged=true'
[04Aug2026 05:23:17.014] [Worker-Main-14/WARN] [net.minecraft.client.resources.model.BlockStateModelLoader/]: Exception loading blockstate definition: 'simulatedcoasters:blockstates/coaster_track_material.json' missing model for variant: 'simulatedcoasters:coaster_track_material#shape=xo,turn=false,waterlogged=true'
[04Aug2026 05:23:17.014] [Worker-Main-14/WARN] [net.minecraft.client.resources.model.BlockStateModelLoader/]: Exception loading blockstate definition: 'simulatedcoasters:blockstates/coaster_track_material.json' missing model for variant: 'simulatedcoasters:coaster_track_material#shape=aw,turn=true,waterlogged=true'
[04Aug2026 05:23:17.014] [Worker-Main-14/WARN] [net.minecraft.client.resources.model.BlockStateModelLoader/]: Exception loading blockstate definition: 'simulatedcoasters:blockstates/coaster_track_material.json' missing model for variant: 'simulatedcoasters:coaster_track_material#shape=ts,turn=true,waterlogged=false'
[04Aug2026 05:23:17.014] [Worker-Main-14/WARN] [net.minecraft.client.resources.model.BlockStateModelLoader/]: Exception loading blockstate definition: 'simulatedcoasters:blockstates/coaster_track_material.json' missing model for variant: 'simulatedcoasters:coaster_track_material#shape=ae,turn=true,waterlogged=true'
[04Aug2026 05:23:17.014] [Worker-Main-14/WARN] [net.minecraft.client.resources.model.BlockStateModelLoader/]: Exception loading blockstate definition: 'simulatedcoasters:blockstates/coaster_track_material.json' missing model for variant: 'simulatedcoasters:coaster_track_material#shape=cr_pdx,turn=false,waterlogged=true'
[04Aug2026 05:23:17.014] [Worker-Main-14/WARN] [net.minecraft.client.resources.model.BlockStateModelLoader/]: Exception loading blockstate definition: 'simulatedcoasters:blockstates/coaster_track_material.json' missing model for variant: 'simulatedcoasters:coaster_track_material#shape=te,turn=true,waterlogged=false'
[04Aug2026 05:23:17.014] [Worker-Main-14/WARN] [net.minecraft.client.resources.model.BlockStateModelLoader/]: Exception loading blockstate definition: 'simulatedcoasters:blockstates/coaster_track_material.json' missing model for variant: 'simulatedcoasters:coaster_track_material#shape=tw,turn=false,waterlogged=true'
[04Aug2026 05:23:17.014] [Worker-Main-14/WARN] [net.minecraft.client.resources.model.BlockStateModelLoader/]: Exception loading blockstate definition: 'simulatedcoasters:blockstates/coaster_track_material.json' missing model for variant: 'simulatedcoasters:coaster_track_material#shape=xo,turn=false,waterlogged=false'
[04Aug2026 05:23:17.014] [Worker-Main-14/WARN] [net.minecraft.client.resources.model.BlockStateModelLoader/]: Exception loading blockstate definition: 'simulatedcoasters:blockstates/coaster_track_material.json' missing model for variant: 'simulatedcoasters:coaster_track_material#shape=as,turn=false,waterlogged=true'
[04Aug2026 05:23:17.014] [Worker-Main-14/WARN] [net.minecraft.client.resources.model.BlockStateModelLoader/]: Exception loading blockstate definition: 'simulatedcoasters:blockstates/coaster_track_material.json' missing model for variant: 'simulatedcoasters:coaster_track_material#shape=pd,turn=true,waterlogged=false'
[04Aug2026 05:23:17.014] [Worker-Main-14/WARN] [net.minecraft.client.resources.model.BlockStateModelLoader/]: Exception loading blockstate definition: 'simulatedcoasters:blockstates/coaster_track_material.json' missing model for variant: 'simulatedcoasters:coaster_track_material#shape=cr_pdx,turn=true,waterlogged=true'
[04Aug2026 05:23:17.014] [Worker-Main-14/WARN] [net.minecraft.client.resources.model.BlockStateModelLoader/]: Exception loading blockstate definition: 'simulatedcoasters:blockstates/coaster_track_material.json' missing model for variant: 'simulatedcoasters:coaster_track_material#shape=tn,turn=false,waterlogged=false'
[04Aug2026 05:23:17.014] [Worker-Main-14/WARN] [net.minecraft.client.resources.model.BlockStateModelLoader/]: Exception loading blockstate definition: 'simulatedcoasters:blockstates/coaster_track_material.json' missing model for variant: 'simulatedcoasters:coaster_track_material#shape=nd,turn=true,waterlogged=true'
[04Aug2026 05:23:17.014] [Worker-Main-14/WARN] [net.minecraft.client.resources.model.BlockStateModelLoader/]: Exception loading blockstate definition: 'simulatedcoasters:blockstates/coaster_track_material.json' missing model for variant: 'simulatedcoasters:coaster_track_material#shape=nd,turn=true,waterlogged=false'
[04Aug2026 05:23:17.014] [Worker-Main-14/WARN] [net.minecraft.client.resources.model.BlockStateModelLoader/]: Exception loading blockstate definition: 'simulatedcoasters:blockstates/coaster_track_material.json' missing model for variant: 'simulatedcoasters:coaster_track_material#shape=cr_pdz,turn=true,waterlogged=false'
[04Aug2026 05:23:17.014] [Worker-Main-14/WARN] [net.minecraft.client.resources.model.BlockStateModelLoader/]: Exception loading blockstate definition: 'simulatedcoasters:blockstates/coaster_track_material.json' missing model for variant: 'simulatedcoasters:coaster_track_material#shape=ts,turn=false,waterlogged=false'
[04Aug2026 05:23:17.014] [Worker-Main-14/WARN] [net.minecraft.client.resources.model.BlockStateModelLoader/]: Exception loading blockstate definition: 'simulatedcoasters:blockstates/coaster_track_material.json' missing model for variant: 'simulatedcoasters:coaster_track_material#shape=cr_pdx,turn=false,waterlogged=false'
[04Aug2026 05:23:17.014] [Worker-Main-14/WARN] [net.minecraft.client.resources.model.BlockStateModelLoader/]: Exception loading blockstate definition: 'simulatedcoasters:blockstates/coaster_track_material.json' missing model for variant: 'simulatedcoasters:coaster_track_material#shape=an,turn=false,waterlogged=true'
[04Aug2026 05:23:17.014] [Worker-Main-14/WARN] [net.minecraft.client.resources.model.BlockStateModelLoader/]: Exception loading blockstate definition: 'simulatedcoasters:blockstates/coaster_track_material.json' missing model for variant: 'simulatedcoasters:coaster_track_material#shape=none,turn=true,waterlogged=true'
[04Aug2026 05:23:17.014] [Worker-Main-14/WARN] [net.minecraft.client.resources.model.BlockStateModelLoader/]: Exception loading blockstate definition: 'simulatedcoasters:blockstates/coaster_track_material.json' missing model for variant: 'simulatedcoasters:coaster_track_material#shape=cr_ndz,turn=false,waterlogged=false'
[04Aug2026 05:23:17.014] [Worker-Main-14/WARN] [net.minecraft.client.resources.model.BlockStateModelLoader/]: Exception loading blockstate definition: 'simulatedcoasters:blockstates/coaster_track_material.json' missing model for variant: 'simulatedcoasters:coaster_track_material#shape=cr_ndx,turn=true,waterlogged=false'
[04Aug2026 05:23:17.108] [Render thread/WARN] [xaero.hud.minimap.MinimapLogs/]: io exception while checking versions: Online mod data expired! Date: Sun Aug 02 07:54:46 CEST 2026
[04Aug2026 05:23:17.109] [Render thread/INFO] [xaero.hud.minimap.MinimapLogs/]: Registered player tracker system: minimap_synced
[04Aug2026 05:23:17.109] [Render thread/INFO] [xaero.lib.XaeroLib/]: Loading XaeroLib common 2/2!
[04Aug2026 05:23:17.110] [Render thread/INFO] [xaero.lib.XaeroLib/]: Loading XaeroLib client 2/2!
[04Aug2026 05:23:17.141] [Render thread/INFO] [Photonics/]: Photonics ReSTIR GI v70: forcing PHOTONICS_RESTIR_COMBINED_GI on for the geometry-guided spatial-reuse test (configured=true)
[04Aug2026 05:23:17.142] [Render thread/INFO] [Photonics/]: Photonics performance overrides: renderScale=shader-pack, giRenderScale=0.5, temporalUpscaler=true, temporalUpscalerSourceScale=0.5, temporalUpscalerHistoryFrames=shader-pack, restirInitialSamples=shader-pack, restirDenoiserPasses=shader-pack, restirGiDenoiserPasses=shader-pack (shader-pack means no JVM override)
[04Aug2026 05:23:17.160] [Render thread/INFO] [Photonics/]: Photonics shader source: path=/photonics/deprecated/shader_interface.glsl origin=photonics-jar sha256=93300432f0cdcc7deefcd48e7eb4e61cd39459ec11278295e0e35466d1be92be
[04Aug2026 05:23:17.160] [Render thread/INFO] [Photonics/]: Photonics shader source: path=/photonics/interface/lighting_interface.glsl origin=photonics-jar sha256=1c046078ec4754ba470f8151f245bb315d2b0a06d806f7591a7b0c77e6582182
[04Aug2026 05:23:17.161] [Render thread/INFO] [Photonics/]: Photonics shader source: path=/photonics/interface/world_interface.glsl origin=photonics-jar sha256=383fd0358eaf35d5f7e63470e3dff4ffc7444863bb69b54a79bd01267af4d244
[04Aug2026 05:23:17.161] [Render thread/INFO] [Photonics/]: Photonics shader source: path=/photonics/internal/impl/attenuation.glsl origin=photonics-jar sha256=d2c579186e190cd1afda8995963df044637e497a18478d3faca5d8cbd3b61a26
[04Aug2026 05:23:17.161] [Render thread/INFO] [Photonics/]: Photonics shader source: path=/photonics/internal/impl/is_hand.glsl origin=photonics-jar sha256=d682523dc96fe15e30e1d44b7c59acf669883e2fd9aaf6e93b73b07074341c96
[04Aug2026 05:23:17.161] [Render thread/INFO] [Photonics/]: Photonics shader source: path=/photonics/internal/tracing/common.glsl origin=photonics-jar sha256=99a7822010d4e4878da41305ac8b95c042e24e335ed4184e4364a46c0807d560
[04Aug2026 05:23:17.161] [Render thread/INFO] [Photonics/]: Photonics shader source: path=/photonics/internal/tracing/iterator.glsl origin=photonics-jar sha256=2c81a5d462c8f6b2298c1fb3c0f8235707b4d9d9f21563de788c9293b9e2e9ae
[04Aug2026 05:23:17.161] [Render thread/INFO] [Photonics/]: Photonics shader source: path=/photonics/internal/tracing/simple.glsl origin=photonics-jar sha256=e0a430fdf77faf41ea4d4277dc02378ad339ab71f5e67b496746f4a216d27d97
[04Aug2026 05:23:17.161] [Render thread/INFO] [Photonics/]: Photonics shader source: path=/photonics/internal/tracing/types.glsl origin=photonics-jar sha256=f1203001a527d11cecf8b825d7ca5d184b64b6a5f25a84c5c96764dd53f5ba1a
[04Aug2026 05:23:17.161] [Render thread/INFO] [Photonics/]: Photonics shader source: path=/photonics/light.glsl origin=photonics-jar sha256=263d657a4e3418661df4ad0101e5f98519078cad6f1079c6bf01ad240d7986e4
[04Aug2026 05:23:17.161] [Render thread/INFO] [Photonics/]: Photonics shader source: path=/photonics/light_list.glsl origin=photonics-jar sha256=1ad3ae17e86bf25b743ad655cb298c5325a071257d83255829dcec98b23f2e60
[04Aug2026 05:23:17.161] [Render thread/INFO] [Photonics/]: Photonics shader source: path=/photonics/modifiers/attenuation_modifier.glsl origin=photonics-jar sha256=d842468d67ecb27a1778c6f6edd07051aea88f8604391e10481498bb9dbc23b4
[04Aug2026 05:23:17.161] [Render thread/INFO] [Photonics/]: Photonics shader source: path=/photonics/modifiers/handheld_light_pulse_modifier.glsl origin=photonics-jar sha256=2af6c839c63a2f3f6d783338518319cbb0212a7423889e1382b92a5a17b2af32
[04Aug2026 05:23:17.162] [Render thread/INFO] [Photonics/]: Photonics shader source: path=/photonics/modifiers/indirect_environment_modifier.glsl origin=photonics-jar sha256=d540b3d047b4f4fac57a93e3b3c25ea4f4c65d02b4e13fda8e591c724d8379d5
[04Aug2026 05:23:17.162] [Render thread/INFO] [Photonics/]: Photonics shader source: path=/photonics/modifiers/indirect_surface_sample_modifier.glsl origin=photonics-jar sha256=1ab8bbb999b41875b58b3a4a5b16046b779686dac16d3c6bc86d99c820b85f7f
[04Aug2026 05:23:17.162] [Render thread/INFO] [Photonics/]: Photonics shader source: path=/photonics/modifiers/is_hand_modifier.glsl origin=shader-pack sha256=d43b622fb771dfcb68d6980026dde741e4e47eb7d43847eea2632dcd5c1401dd
[04Aug2026 05:23:17.162] [Render thread/INFO] [Photonics/]: Photonics shader source: path=/photonics/modifiers/light_modifier.glsl origin=shader-pack sha256=3e287296dea097eb9baf73693316dde656eaeedead165120ed6c334e5cc4597f
[04Aug2026 05:23:17.162] [Render thread/INFO] [Photonics/]: Photonics shader source: path=/photonics/modifiers/restir_denoiser_depth_fetch_modifier.glsl origin=photonics-jar sha256=ced59a4690918514cbe2a90ee4d67782487c5c0b397b85d86a174eec4032a5e6
[04Aug2026 05:23:17.162] [Render thread/INFO] [Photonics/]: Photonics shader source: path=/photonics/modifiers/restir_gi_modifier.glsl origin=shader-pack sha256=87a3104b173d03c00f97a84f46e5f3e768ae3496334a812d4b07b791620bf699
[04Aug2026 05:23:17.162] [Render thread/INFO] [Photonics/]: Photonics shader source: path=/photonics/modifiers/voxel_color_modifier.glsl origin=photonics-jar sha256=637762f7d52cc5eb3b56f9ad97852ebe01d7ad2fd0f567649118bf7c107ea641
[04Aug2026 05:23:17.162] [Render thread/INFO] [Photonics/]: Photonics shader source: path=/photonics/palette.glsl origin=photonics-jar sha256=ea2f8a1e0c149264f9eab46894496fbf944541d725d17cafea8038cc99e576a1
[04Aug2026 05:23:17.162] [Render thread/INFO] [Photonics/]: Photonics shader source: path=/photonics/ph_samplers.glsl origin=photonics-jar sha256=53de8be5a43bd9f139ffe41200dfb0fa4e08fd115a9e1a7f9f4ba1dc526b21d7
[04Aug2026 05:23:17.162] [Render thread/INFO] [Photonics/]: Photonics shader source: path=/photonics/photonics.glsl origin=photonics-jar sha256=e3b0c44298fc1c149afbf4c8996fb92427ae41e4649b934ca495991b7852b855
[04Aug2026 05:23:17.162] [Render thread/INFO] [Photonics/]: Photonics shader source: path=/photonics/rendering/basic/samplers.glsl origin=photonics-jar sha256=b57bac1421126f9a2f25ad65a9e51bcb5c446e0c21181fe47d0cf65af0aa60eb
[04Aug2026 05:23:17.162] [Render thread/INFO] [Photonics/]: Photonics shader source: path=/photonics/rendering/common.glsl origin=photonics-jar sha256=6bfbb0a25982e39df1fe79a01a1c744951e33e2b23a1936d5e71b34523a1245b
[04Aug2026 05:23:17.162] [Render thread/INFO] [Photonics/]: Photonics shader source: path=/photonics/rendering/frag/common.glsl origin=photonics-jar sha256=e451f2e85e30d6df42e4df415695311ee850aa46839cf1b9617a99011ea1f82e
[04Aug2026 05:23:17.162] [Render thread/INFO] [Photonics/]: Photonics shader source: path=/photonics/rendering/frag/f0_load_frag.fsh origin=photonics-jar sha256=53eb898428817d4183fa0a16b4254d13cd98af1cfe828105af1b7a4581a21117
[04Aug2026 05:23:17.162] [Render thread/INFO] [Photonics/]: Photonics shader source: path=/photonics/rendering/frag/f0_load_frag_gi.fsh origin=photonics-jar sha256=5cd4bceab7150e2fce2afb6898297d1fe40b16fe71975f2969a0135b1a6cfc1f
[04Aug2026 05:23:17.162] [Render thread/INFO] [Photonics/]: Photonics shader source: path=/photonics/rendering/frag/f0_load_frag_impl.glsl origin=photonics-jar sha256=ca55dd3da0e2fd1982489553ee96e4bf485e11cae676390c43859fe42e7e8d27
[04Aug2026 05:23:17.162] [Render thread/INFO] [Photonics/]: Photonics shader source: path=/photonics/rendering/frag/frag_data.glsl origin=photonics-jar sha256=563ed65bdbf741b0a065439a24a9d77f85b4b5f6ad1354358b886fb62d347c86
[04Aug2026 05:23:17.162] [Render thread/INFO] [Photonics/]: Photonics shader source: path=/photonics/rendering/frag/frag_motion.glsl origin=photonics-jar sha256=848babfce8f59024e905ace4b5c4916e265232444d2a91dd332a77d9ad4bf8b9
[04Aug2026 05:23:17.163] [Render thread/INFO] [Photonics/]: Photonics shader source: path=/photonics/rendering/frag/sable_motion.glsl origin=photonics-jar sha256=1bb1bbf05710c5296b3abfd10405e9d9711a00ef4fdd1a5635c053cdcfe5abec
[04Aug2026 05:23:17.163] [Render thread/INFO] [Photonics/]: Photonics shader source: path=/photonics/rendering/frag/world_interface.glsl origin=photonics-jar sha256=d938d13ebcfd69fa87e86b1426c227f0b484c50d1b9d90347da65970120a6b30
[04Aug2026 05:23:17.163] [Render thread/INFO] [Photonics/]: Photonics shader source: path=/photonics/rendering/handheld_lighting.glsl origin=photonics-jar sha256=c6f7256167fa81e9fed25139cfa86e97c86b6be0d6cce776751ea7a562e4a454
[04Aug2026 05:23:17.163] [Render thread/INFO] [Photonics/]: Photonics shader source: path=/photonics/rendering/indirect_lighting.glsl origin=photonics-jar sha256=c7096f0523424e050e2acb50903ba056108053da3b720f07f93f68a645b4c0cf
[04Aug2026 05:23:17.163] [Render thread/INFO] [Photonics/]: Photonics shader source: path=/photonics/rendering/off/samplers.glsl origin=photonics-jar sha256=b57bac1421126f9a2f25ad65a9e51bcb5c446e0c21181fe47d0cf65af0aa60eb
[04Aug2026 05:23:17.163] [Render thread/INFO] [Photonics/]: Photonics shader source: path=/photonics/rendering/restir/direct/reservoir.glsl origin=photonics-jar sha256=c7d0854c8730fbc0b94cdca3f0ac42acc28a4df005d1314707de850d8d81a472
[04Aug2026 05:23:17.163] [Render thread/INFO] [Photonics/]: Photonics shader source: path=/photonics/rendering/restir/direct/sample.glsl origin=photonics-jar sha256=063053f0cbe3fcf035b49112176513d67be8711c72a6db7d3792d15a0ceab0e2
[04Aug2026 05:23:17.164] [Render thread/INFO] [Photonics/]: Photonics shader source: path=/photonics/rendering/restir/indirect/reservoir.glsl origin=photonics-jar sha256=c5a2b2cf64c5deb3a93bff8ab844c0fc4882d8dad81ca2c167091fff296bd154
[04Aug2026 05:23:17.164] [Render thread/INFO] [Photonics/]: Photonics shader source: path=/photonics/rendering/restir/indirect/sample.glsl origin=photonics-jar sha256=543bcacbe595131d49c19300b32432db3151fa7e5b2a0b493bf50b39e158f16a
[04Aug2026 05:23:17.164] [Render thread/INFO] [Photonics/]: Photonics shader source: path=/photonics/rendering/restir/pass_mode.glsl origin=photonics-jar sha256=806142f66ae64552d2ea612cce531b641a98f3c9f398e26861e7c1f9ab7da058
[04Aug2026 05:23:17.164] [Render thread/INFO] [Photonics/]: Photonics shader source: path=/photonics/rendering/restir/passes/r10_handheld.fsh origin=photonics-jar sha256=a48b6b2660090c3655f1a8e4711c85ceb9482d2222987c96d8ef38ccc9076174
[04Aug2026 05:23:17.164] [Render thread/INFO] [Photonics/]: Photonics shader source: path=/photonics/rendering/restir/passes/r10_local_direct.fsh origin=photonics-jar sha256=18add28b6ed5b16050078e504c7c53dba48fc59bfdd7a9912ebaa8f4c2dd3ce8
[04Aug2026 05:23:17.164] [Render thread/INFO] [Photonics/]: Photonics shader source: path=/photonics/rendering/restir/passes/r10_source_history_diagnostic.fsh origin=photonics-jar sha256=663341f7cc1491e061b30bf18c463d7a699559e00029a9216283c0fdae0a6d91
[04Aug2026 05:23:17.164] [Render thread/INFO] [Photonics/]: Photonics shader source: path=/photonics/rendering/restir/passes/r1_initial_direct.fsh origin=photonics-jar sha256=923e121f6039386dd756b7da9cf455fb5daaadc45b416e05dafdc60fce397171
[04Aug2026 05:23:17.164] [Render thread/INFO] [Photonics/]: Photonics shader source: path=/photonics/rendering/restir/passes/r2_validate_initial_direct.fsh origin=photonics-jar sha256=6e0109ef63bee44881333d887ac70ad5296af79316ebea7e1ac4148c4d3785ac
[04Aug2026 05:23:17.164] [Render thread/INFO] [Photonics/]: Photonics shader source: path=/photonics/rendering/restir/passes/r3_initial_indirect.fsh origin=photonics-jar sha256=0ea11f622378efe8916c4ba0982f23b3279b770c5bede27fdc1c399f56db03e1
[04Aug2026 05:23:17.164] [Render thread/INFO] [Photonics/]: Photonics shader source: path=/photonics/rendering/restir/passes/r4_temporal_reuse.fsh origin=photonics-jar sha256=953a304c06af2f9eb8ae18b54e55e41f066ff17d0a0832160ff447ca925f7ab5
[04Aug2026 05:23:17.164] [Render thread/INFO] [Photonics/]: Photonics shader source: path=/photonics/rendering/restir/passes/r4_temporal_reuse_gi.fsh origin=photonics-jar sha256=d7e540ca620e03d6f79b503b2a8fd4293e782fb7e9279d371fa550c3728b7e12
[04Aug2026 05:23:17.164] [Render thread/INFO] [Photonics/]: Photonics shader source: path=/photonics/rendering/restir/passes/r4_temporal_reuse_impl.glsl origin=photonics-jar sha256=85145319368af7a7a21187140114bd6810c625fbfba0db82dbac43286522f24e
[04Aug2026 05:23:17.164] [Render thread/INFO] [Photonics/]: Photonics shader source: path=/photonics/rendering/restir/passes/r5_copy_spatial_input.fsh origin=photonics-jar sha256=55b8910bceb6c284819123f63cc86db5d9d4a856f284bd4d7e89b096632dd922
[04Aug2026 05:23:17.164] [Render thread/INFO] [Photonics/]: Photonics shader source: path=/photonics/rendering/restir/passes/r5_copy_spatial_input_gi.fsh origin=photonics-jar sha256=9abc6b26dc4bd852581c517daf16ee12a86ef39616d95d588f9e460da2437f23
[04Aug2026 05:23:17.164] [Render thread/INFO] [Photonics/]: Photonics shader source: path=/photonics/rendering/restir/passes/r5_copy_spatial_input_impl.glsl origin=photonics-jar sha256=921a66a1c5046c24fdb758fea3c059b19c3127953f93bf2db72005cf84b3e644
[04Aug2026 05:23:17.165] [Render thread/INFO] [Photonics/]: Photonics shader source: path=/photonics/rendering/restir/passes/r5_spatial_reuse.fsh origin=photonics-jar sha256=7d2e38d5b4f7434a5d98e3102686e90f73129a30e5151d75b8dd632ab0794071
[04Aug2026 05:23:17.165] [Render thread/INFO] [Photonics/]: Photonics shader source: path=/photonics/rendering/restir/passes/r5_spatial_reuse_gi.fsh origin=photonics-jar sha256=de82997ac299dc6570a29f3729b815c7169f7d31543c16f73a86aa94f4530554
[04Aug2026 05:23:17.165] [Render thread/INFO] [Photonics/]: Photonics shader source: path=/photonics/rendering/restir/passes/r5_spatial_reuse_impl.glsl origin=photonics-jar sha256=788ffabaaca031b12e00f598fe6057a9c4ea16de617416afa2405ae006dbde60
[04Aug2026 05:23:17.165] [Render thread/INFO] [Photonics/]: Photonics shader source: path=/photonics/rendering/restir/passes/r6_diffuse.fsh origin=photonics-jar sha256=84ef737ef80426bdf6ebdba88d7571f84dae211071877751265d75655a9588eb
[04Aug2026 05:23:17.165] [Render thread/INFO] [Photonics/]: Photonics shader source: path=/photonics/rendering/restir/passes/r6_diffuse_gi.fsh origin=photonics-jar sha256=8715cb252acf78fdd30fd8c2a36d2fda23b7f316201fff17dcd0a28fe5e2e29c
[04Aug2026 05:23:17.165] [Render thread/INFO] [Photonics/]: Photonics shader source: path=/photonics/rendering/restir/passes/r6_diffuse_impl.glsl origin=photonics-jar sha256=7fe31ef514da1b977520b74f1d89a48c8ff3f92663a4d5e9dda97eebed001d85
[04Aug2026 05:23:17.165] [Render thread/INFO] [Photonics/]: Photonics shader source: path=/photonics/rendering/restir/passes/r6_validate_indirect.fsh origin=photonics-jar sha256=c02197329c4bde376ef4798f98ef6f4c908c7f6279eccb3cc6113db6423bc4cc
[04Aug2026 05:23:17.165] [Render thread/INFO] [Photonics/]: Photonics shader source: path=/photonics/rendering/restir/passes/r7_accumulation.fsh origin=photonics-jar sha256=829eb9a369da3312794701e21721225c841f471b3d2dc5b02b08892d5d589dea
[04Aug2026 05:23:17.165] [Render thread/INFO] [Photonics/]: Photonics shader source: path=/photonics/rendering/restir/passes/r7_accumulation_gi.fsh origin=photonics-jar sha256=07c02f2269f455b2031db1d21104e70701fb6198b640963c3ddfd4135c68bc17
[04Aug2026 05:23:17.165] [Render thread/INFO] [Photonics/]: Photonics shader source: path=/photonics/rendering/restir/passes/r7_accumulation_impl.glsl origin=photonics-jar sha256=61b9185679078298fd300e5d05a8fdabb438ab04febc45934eedf898cf953aeb
[04Aug2026 05:23:17.165] [Render thread/INFO] [Photonics/]: Photonics shader source: path=/photonics/rendering/restir/passes/r8_variance_prefilter.fsh origin=photonics-jar sha256=a23450915a8eb9f2c673120c874adc1db5c887ab1b30105967421f212d5fab87
[04Aug2026 05:23:17.165] [Render thread/INFO] [Photonics/]: Photonics shader source: path=/photonics/rendering/restir/passes/r8_variance_prefilter_gi.fsh origin=photonics-jar sha256=0e9e808e725074e89f7c61f5941da208ef0676ddf85c069f206fd7a4d1407c7d
[04Aug2026 05:23:17.165] [Render thread/INFO] [Photonics/]: Photonics shader source: path=/photonics/rendering/restir/passes/r8_variance_prefilter_impl.glsl origin=photonics-jar sha256=0a7b3140ad6f8c2cbf71682661adf67c3ee2c3349ae77e0c675c3df7d4bc289e
[04Aug2026 05:23:17.165] [Render thread/INFO] [Photonics/]: Photonics shader source: path=/photonics/rendering/restir/passes/r9_denoising.fsh origin=photonics-jar sha256=87fab9d2945f19c3df7aaf4135ba6d823860a574375507bad9df4df9abf3cf0e
[04Aug2026 05:23:17.165] [Render thread/INFO] [Photonics/]: Photonics shader source: path=/photonics/rendering/restir/passes/r9_denoising_gi.fsh origin=photonics-jar sha256=a0f2fdc4023f5438c7e9063c84faf06fd5864c162991aec74a399d4f464aa03d
[04Aug2026 05:23:17.166] [Render thread/INFO] [Photonics/]: Photonics shader source: path=/photonics/rendering/restir/passes/r9_denoising_impl.glsl origin=photonics-jar sha256=ae6e25d04e434214e211a353b7ce23816781b74b0e694e8a33fce4062f62b88a
[04Aug2026 05:23:17.167] [Render thread/INFO] [Photonics/]: Photonics shader source: path=/photonics/rendering/restir/restir.glsl origin=photonics-jar sha256=86e55eb84a4784cb16cd2ebfe023a413aae50751efd17786d53fa1389280d7d4
[04Aug2026 05:23:17.167] [Render thread/INFO] [Photonics/]: Photonics shader source: path=/photonics/rendering/restir/samplers.glsl origin=photonics-jar sha256=c9bad5833b64e10bd01adaaa55205f323d2f814238d5afb6e16ef8cf5da2acea
[04Aug2026 05:23:17.168] [Render thread/INFO] [Photonics/]: Photonics shader source: path=/photonics/rendering/restir/svgf.glsl origin=photonics-jar sha256=75c934c9a7ee1537bf1484e8d67e3b2414463f54a6558a09e5f22bf0af2ebb59
[04Aug2026 05:23:17.168] [Render thread/INFO] [Photonics/]: Photonics shader source: path=/photonics/rendering/screen.vsh origin=photonics-jar sha256=c2f0d4dc00aaff16fa5ea3158d60259b1e309fdd94d9b0ee7917cf40ef86ae4e
[04Aug2026 05:23:17.168] [Render thread/INFO] [Photonics/]: Photonics shader source: path=/photonics/rendering/temporal_upscaler/reconstruct.fsh origin=photonics-jar sha256=55973576164da614410276643d443e9497ca576cf0d08007e17856b95d679814
[04Aug2026 05:23:17.169] [Render thread/INFO] [Photonics/]: Photonics shader source: path=/photonics/rendering/temporal_upscaler/source.fsh origin=photonics-jar sha256=6a9e872e76fdf557984cb3f3bc0382a55ca3063002dde6ec3985b434ef65f7a6
[04Aug2026 05:23:17.169] [Render thread/INFO] [Photonics/]: Photonics shader source: path=/photonics/samplers.glsl origin=photonics-jar sha256=92ab8e43e03080a8dcdf9fae93be071cf07a1732f3d2814681bf5856d7d84785
[04Aug2026 05:23:17.169] [Render thread/INFO] [Photonics/]: Photonics shader source: path=/photonics/shader_interface.glsl origin=shader-pack sha256=58fc0a1dafa8d21379effac55bbe6a2c8a21cca6d3c7fc947ea5aff3c9b19f1f
[04Aug2026 05:23:17.171] [Render thread/INFO] [Photonics/]: Photonics shader source: path=/photonics/tracing.glsl origin=photonics-jar sha256=b18790b56c7bfa064f2df762e5f49425edd53531bb68260d45574549050287a0
[04Aug2026 05:23:17.171] [Render thread/INFO] [Photonics/]: Photonics shader source: path=/photonics/uniforms.glsl origin=photonics-jar sha256=42e32f309d09c74aa8e536bdc0777de59051a8c9cb02de84d9a7bcef04896f54
[04Aug2026 05:23:17.171] [Render thread/INFO] [Photonics/]: Photonics shader source: path=/photonics/utility/color.glsl origin=photonics-jar sha256=b69a29379ac6bbcf54030f57289496c9be6f447fa544a0e08682543648d8011a
[04Aug2026 05:23:17.171] [Render thread/INFO] [Photonics/]: Photonics shader source: path=/photonics/utility/normal_encoding.glsl origin=photonics-jar sha256=a33a1a4d019ee167de12319ff24a64f46b17eeda2c48713f98fced8d69d03583
[04Aug2026 05:23:17.171] [Render thread/INFO] [Photonics/]: Photonics shader source: path=/photonics/utility/projection.glsl origin=photonics-jar sha256=6709e7854fc03d0033fca34f973d598e06fe72eb0ccb45872f0b19e439b46db4
[04Aug2026 05:23:17.171] [Render thread/INFO] [Photonics/]: Photonics shader source: path=/photonics/utility/random.glsl origin=photonics-jar sha256=266b43efe972042f0f11a50b9e823f288ecd33e941cbf1fda51d66a30362081b
[04Aug2026 05:23:17.176] [Render thread/INFO] [Photonics/]: Photon compatibility v119 applied to /include/lighting/diffuse_lighting.glsl: sourceSha256=dec317d851dfa22d3d44275efd0817fbae25291f78ef412295df8f380fd75eed, patchedSha256=bdeeed31e8eaf79ab5a61c1eeb71cf889f9eb0340ddbdc908dec978569a3571f, disableDhCaveFallback=false; native Photonics receivers use traced GI and DH cave fallback defaults to enabled
[04Aug2026 05:23:17.307] [Render thread/WARN] [Iris/]: Invalid pack option: GTAO
[04Aug2026 05:23:17.307] [Render thread/WARN] [Iris/]: Invalid pack option: GTAO
[04Aug2026 05:23:17.311] [Render thread/WARN] [Iris/]: Unable to resolve shader pack option menu element "WATER_REFRACTION" defined in shaders.properties
[04Aug2026 05:23:17.311] [Render thread/WARN] [Iris/]: Unable to resolve shader pack option menu element "WATER_REFRACTION_INTENSITY" defined in shaders.properties
[04Aug2026 05:23:17.312] [Render thread/WARN] [Iris/]: Unable to resolve shader pack option menu element "CLOUDS_DAILY_WEATHER" defined in shaders.properties
[04Aug2026 05:23:17.312] [Render thread/WARN] [Iris/]: Unable to resolve shader pack option menu element "CLOUDS_CUMULUS_CONGESTUS_PRIMARY_STEPS_H" defined in shaders.properties
[04Aug2026 05:23:17.312] [Render thread/WARN] [Iris/]: Unable to resolve shader pack option menu element "CLOUDS_CUMULUS_CONGESTUS_PRIMARY_STEPS_Z" defined in shaders.properties
[04Aug2026 05:23:17.312] [Render thread/INFO] [Iris/]: Profile: ultra (+9 options changed by user)
[04Aug2026 05:23:17.988] [Worker-Main-14/WARN] [net.minecraft.client.resources.model.ModelManager/]: Missing textures in model create:cut_limestone_slab#type=double,waterlogged=true:
    minecraft:textures/atlas/blocks.png:minecraft:block/cut_limestone
[04Aug2026 05:23:18.098] [Render thread/WARN] [Iris/]: Failed to parse an ResourceLocation in item.properties for the key item.10056: state properties are currently not supported: calibrated_sculk_sensor:sculk_sensor_phase=inactive
[04Aug2026 05:23:18.098] [Render thread/WARN] [Iris/]: Failed to parse an ResourceLocation in item.properties for the key item.10056: state properties are currently not supported: calibrated_sculk_sensor:sculk_sensor_phase=cooldown
[04Aug2026 05:23:18.098] [Render thread/WARN] [Iris/]: Failed to parse an ResourceLocation in item.properties for the key item.10057: state properties are currently not supported: calibrated_sculk_sensor:sculk_sensor_phase=active
[04Aug2026 05:23:18.098] [Render thread/WARN] [Iris/]: Failed to parse an ResourceLocation in item.properties for the key item.10057: state properties are currently not supported: sculk_sensor:sculk_sensor_phase=active
[04Aug2026 05:23:18.098] [Render thread/WARN] [Iris/]: Failed to parse an ResourceLocation in item.properties for the key item.10061: state properties are currently not supported: weathered_copper_bulb:lit=true
[04Aug2026 05:23:18.098] [Render thread/WARN] [Iris/]: Failed to parse an ResourceLocation in item.properties for the key item.10061: state properties are currently not supported: oxidized_copper_bulb:lit=true
[04Aug2026 05:23:18.098] [Render thread/WARN] [Iris/]: Failed to parse an ResourceLocation in item.properties for the key item.10061: state properties are currently not supported: waxed_weathered_copper_bulb:lit=true
[04Aug2026 05:23:18.098] [Render thread/WARN] [Iris/]: Failed to parse an ResourceLocation in item.properties for the key item.10061: state properties are currently not supported: waxed_oxidized_copper_bulb:lit=true
[04Aug2026 05:23:18.098] [Render thread/WARN] [Iris/]: Failed to parse an ResourceLocation in item.properties for the key item.10061: state properties are currently not supported: copper_bulb:lit=true
[04Aug2026 05:23:18.098] [Render thread/WARN] [Iris/]: Failed to parse an ResourceLocation in item.properties for the key item.10061: state properties are currently not supported: exposed_copper_bulb:lit=true
[04Aug2026 05:23:18.098] [Render thread/WARN] [Iris/]: Failed to parse an ResourceLocation in item.properties for the key item.10061: state properties are currently not supported: waxed_copper_bulb:lit=true
[04Aug2026 05:23:18.098] [Render thread/WARN] [Iris/]: Failed to parse an ResourceLocation in item.properties for the key item.10061: state properties are currently not supported: waxed_exposed_copper_bulb:lit=true
[04Aug2026 05:23:18.118] [Render thread/INFO] [Iris/]: Using shaderpack: photon-main (1).zip
[04Aug2026 05:23:18.120] [Render thread/INFO] [Veil/]: Loaded 0 shader redirects, 0 replacements
[04Aug2026 05:23:18.126] [Render thread/INFO] [top.leonx.irisveil.IrisVeilCompat/]: [VeilHook] Captured vertex source for 'veil:necromancer/skinned_mesh': 5049 chars, hasGetVelocity=false, hasOffset=false
[04Aug2026 05:23:18.179] [Render thread/INFO] [top.leonx.irisveil.IrisVeilCompat/]: [VeilHook] Captured fragment source for 'veil:necromancer/skinned_mesh': 2073 chars
[04Aug2026 05:23:18.191] [Render thread/INFO] [top.leonx.irisveil.IrisVeilCompat/]: [VeilHook] Captured vertex source for 'veil:blit_screen': 542 chars, hasGetVelocity=false, hasOffset=false
[04Aug2026 05:23:18.191] [Render thread/INFO] [top.leonx.irisveil.IrisVeilCompat/]: [VeilHook] Captured fragment source for 'veil:blit_screen': 495 chars
[04Aug2026 05:23:18.191] [Render thread/INFO] [top.leonx.irisveil.IrisVeilCompat/]: [VeilHook] Captured vertex source for 'veil:blit_screen': 542 chars, hasGetVelocity=false, hasOffset=false
[04Aug2026 05:23:18.191] [Render thread/INFO] [top.leonx.irisveil.IrisVeilCompat/]: [VeilHook] Captured fragment source for 'veil:blit_depth': 532 chars
[04Aug2026 05:23:18.193] [Render thread/INFO] [top.leonx.irisveil.IrisVeilCompat/]: [VeilHook] Captured vertex source for 'veil:core/blit_screen_effect': 600 chars, hasGetVelocity=false, hasOffset=false
[04Aug2026 05:23:18.194] [Render thread/INFO] [top.leonx.irisveil.IrisVeilCompat/]: [VeilHook] Captured fragment source for 'veil:core/blit_screen_effect': 543 chars
[04Aug2026 05:23:18.194] [Render thread/INFO] [top.leonx.irisveil.IrisVeilCompat/]: [VeilHook] Captured vertex source for 'veil:light/area': 1703 chars, hasGetVelocity=false, hasOffset=false
[04Aug2026 05:23:18.194] [Render thread/INFO] [top.leonx.irisveil.IrisVeilCompat/]: [VeilHook] Captured fragment source for 'veil:light/area': 14130 chars
[04Aug2026 05:23:18.203] [Render thread/INFO] [top.leonx.irisveil.IrisVeilCompat/]: [VeilHook] Captured vertex source for 'veil:blit_screen': 542 chars, hasGetVelocity=false, hasOffset=false
[04Aug2026 05:23:18.203] [Render thread/INFO] [top.leonx.irisveil.IrisVeilCompat/]: [VeilHook] Captured fragment source for 'veil:debug/cubemap': 1758 chars
[04Aug2026 05:23:18.204] [Render thread/INFO] [top.leonx.irisveil.IrisVeilCompat/]: [VeilHook] Captured vertex source for 'simulated:end_sea': 1127 chars, hasGetVelocity=false, hasOffset=false
[04Aug2026 05:23:18.204] [Render thread/INFO] [top.leonx.irisveil.IrisVeilCompat/]: [VeilHook] Captured fragment source for 'simulated:end_sea': 1278 chars
[04Aug2026 05:23:18.205] [Render thread/INFO] [top.leonx.irisveil.IrisVeilCompat/]: [VeilHook] Captured vertex source for 'simulated:rope/rope': 4214 chars, hasGetVelocity=false, hasOffset=false
[04Aug2026 05:23:18.206] [Render thread/INFO] [top.leonx.irisveil.IrisVeilCompat/]: [VeilHook] Captured fragment source for 'simulated:rope/rope': 1948 chars
[04Aug2026 05:23:18.206] [Render thread/INFO] [top.leonx.irisveil.IrisVeilCompat/]: [VeilHook] Captured vertex source for 'veil:quasar/particle_additive': 1985 chars, hasGetVelocity=false, hasOffset=false
[04Aug2026 05:23:18.206] [Render thread/INFO] [top.leonx.irisveil.IrisVeilCompat/]: [VeilHook] Captured fragment source for 'veil:quasar/particle_additive': 1874 chars
[04Aug2026 05:23:18.206] [Render thread/INFO] [top.leonx.irisveil.IrisVeilCompat/]: [VeilHook] Captured vertex source for 'contraptionlights:light/sublevel_point': 1054 chars, hasGetVelocity=false, hasOffset=false
[04Aug2026 05:23:18.206] [Render thread/INFO] [top.leonx.irisveil.IrisVeilCompat/]: [VeilHook] Captured fragment source for 'contraptionlights:light/sublevel_point': 15830 chars
[04Aug2026 05:23:18.214] [Render thread/INFO] [top.leonx.irisveil.IrisVeilCompat/]: [VeilHook] Captured vertex source for 'simulated:redstone_accumulator/diode': 4070 chars, hasGetVelocity=false, hasOffset=false
[04Aug2026 05:23:18.214] [Render thread/INFO] [top.leonx.irisveil.IrisVeilCompat/]: [VeilHook] Captured fragment source for 'simulated:redstone_accumulator/diode': 3788 chars
[04Aug2026 05:23:18.215] [Render thread/INFO] [top.leonx.irisveil.IrisVeilCompat/]: [VeilHook] Captured vertex source for 'veil:debug/shell': 629 chars, hasGetVelocity=false, hasOffset=false
[04Aug2026 05:23:18.215] [Render thread/INFO] [top.leonx.irisveil.IrisVeilCompat/]: [VeilHook] Captured fragment source for 'veil:debug/shell': 605 chars
[04Aug2026 05:23:18.215] [Render thread/INFO] [top.leonx.irisveil.IrisVeilCompat/]: [VeilHook] Captured vertex source for 'veil:blit_screen': 542 chars, hasGetVelocity=false, hasOffset=false
[04Aug2026 05:23:18.215] [Render thread/INFO] [top.leonx.irisveil.IrisVeilCompat/]: [VeilHook] Captured fragment source for 'veil:light/directional': 9064 chars
[04Aug2026 05:23:18.218] [Render thread/INFO] [top.leonx.irisveil.IrisVeilCompat/]: [VeilHook] Captured vertex source for 'veil:quasar/particle': 1985 chars, hasGetVelocity=false, hasOffset=false
[04Aug2026 05:23:18.218] [Render thread/INFO] [top.leonx.irisveil.IrisVeilCompat/]: [VeilHook] Captured fragment source for 'veil:quasar/particle': 1898 chars
[04Aug2026 05:23:18.218] [Render thread/INFO] [top.leonx.irisveil.IrisVeilCompat/]: [VeilHook] Captured vertex source for 'contraptionlights:light/world_light': 1054 chars, hasGetVelocity=false, hasOffset=false
[04Aug2026 05:23:18.218] [Render thread/INFO] [top.leonx.irisveil.IrisVeilCompat/]: [VeilHook] Captured fragment source for 'contraptionlights:light/world_light': 14744 chars
[04Aug2026 05:23:18.225] [Render thread/INFO] [top.leonx.irisveil.IrisVeilCompat/]: [VeilHook] Captured vertex source for 'aeronautics:levitite/levitite': 5585 chars, hasGetVelocity=true, hasOffset=true
[04Aug2026 05:23:18.225] [Render thread/INFO] [top.leonx.irisveil.IrisVeilCompat/]: [VeilHook] Captured fragment source for 'aeronautics:levitite/levitite': 3656 chars
[04Aug2026 05:23:18.226] [Render thread/INFO] [top.leonx.irisveil.IrisVeilCompat/]: [VeilHook] Captured vertex source for 'simulated:spring/spring': 4196 chars, hasGetVelocity=false, hasOffset=false
[04Aug2026 05:23:18.226] [Render thread/INFO] [top.leonx.irisveil.IrisVeilCompat/]: [VeilHook] Captured fragment source for 'simulated:spring/spring': 1972 chars
[04Aug2026 05:23:18.226] [Render thread/INFO] [top.leonx.irisveil.IrisVeilCompat/]: [VeilHook] Captured vertex source for 'veil:blit_screen': 542 chars, hasGetVelocity=false, hasOffset=false
[04Aug2026 05:23:18.226] [Render thread/INFO] [top.leonx.irisveil.IrisVeilCompat/]: [VeilHook] Captured fragment source for 'veil:core/composite': 783 chars
[04Aug2026 05:23:18.226] [Render thread/INFO] [top.leonx.irisveil.IrisVeilCompat/]: [VeilHook] Captured vertex source for 'aeronautics:hot_air_overlay': 1167 chars, hasGetVelocity=false, hasOffset=false
[04Aug2026 05:23:18.226] [Render thread/INFO] [top.leonx.irisveil.IrisVeilCompat/]: [VeilHook] Captured fragment source for 'aeronautics:hot_air_overlay': 907 chars
[04Aug2026 05:23:18.226] [Render thread/INFO] [top.leonx.irisveil.IrisVeilCompat/]: [VeilHook] Captured vertex source for 'aeronautics:burner_flame': 1770 chars, hasGetVelocity=false, hasOffset=false
[04Aug2026 05:23:18.226] [Render thread/INFO] [top.leonx.irisveil.IrisVeilCompat/]: [VeilHook] Captured fragment source for 'aeronautics:burner_flame': 5298 chars
[04Aug2026 05:23:18.227] [Render thread/INFO] [top.leonx.irisveil.IrisVeilCompat/]: [VeilHook] Captured vertex source for 'veil:blit_screen': 542 chars, hasGetVelocity=false, hasOffset=false
[04Aug2026 05:23:18.227] [Render thread/INFO] [top.leonx.irisveil.IrisVeilCompat/]: [VeilHook] Captured fragment source for 'veil:core/blur': 937 chars
[04Aug2026 05:23:18.227] [Render thread/INFO] [top.leonx.irisveil.IrisVeilCompat/]: [VeilHook] Captured vertex source for 'veil:blit_screen': 542 chars, hasGetVelocity=false, hasOffset=false
[04Aug2026 05:23:18.227] [Render thread/INFO] [top.leonx.irisveil.IrisVeilCompat/]: [VeilHook] Captured fragment source for 'veil:core/bloom': 2631 chars
[04Aug2026 05:23:18.227] [Render thread/INFO] [top.leonx.irisveil.IrisVeilCompat/]: [VeilHook] Captured vertex source for 'veil:blit_screen': 542 chars, hasGetVelocity=false, hasOffset=false
[04Aug2026 05:23:18.227] [Render thread/INFO] [top.leonx.irisveil.IrisVeilCompat/]: [VeilHook] Captured fragment source for 'aeronautics:soft_light': 1108 chars
[04Aug2026 05:23:18.227] [Render thread/INFO] [top.leonx.irisveil.IrisVeilCompat/]: [VeilHook] Captured vertex source for 'veil:blit_screen': 542 chars, hasGetVelocity=false, hasOffset=false
[04Aug2026 05:23:18.227] [Render thread/INFO] [top.leonx.irisveil.IrisVeilCompat/]: [VeilHook] Captured fragment source for 'veil:debug/array': 539 chars
[04Aug2026 05:23:18.227] [Render thread/INFO] [top.leonx.irisveil.IrisVeilCompat/]: [VeilHook] Captured vertex source for 'veil:blit_screen': 542 chars, hasGetVelocity=false, hasOffset=false
[04Aug2026 05:23:18.228] [Render thread/INFO] [top.leonx.irisveil.IrisVeilCompat/]: [VeilHook] Captured fragment source for 'veil:core/unblur': 1318 chars
[04Aug2026 05:23:18.228] [Render thread/INFO] [top.leonx.irisveil.IrisVeilCompat/]: [VeilHook] Captured vertex source for 'veil:light/point': 1136 chars, hasGetVelocity=false, hasOffset=false
[04Aug2026 05:23:18.228] [Render thread/INFO] [top.leonx.irisveil.IrisVeilCompat/]: [VeilHook] Captured fragment source for 'veil:light/point': 13059 chars
[04Aug2026 05:23:18.233] [Render thread/INFO] [top.leonx.irisveil.IrisVeilCompat/]: [VeilHook] Captured vertex source for 'simulated:laser_pointer/lens': 4016 chars, hasGetVelocity=false, hasOffset=false
[04Aug2026 05:23:18.233] [Render thread/INFO] [top.leonx.irisveil.IrisVeilCompat/]: [VeilHook] Captured fragment source for 'simulated:laser_pointer/lens': 4048 chars
[04Aug2026 05:23:18.233] [Render thread/INFO] [top.leonx.irisveil.IrisVeilCompat/]: [VeilHook] Captured vertex source for 'simulated:contraption_diagram/outline_diagram': 610 chars, hasGetVelocity=false, hasOffset=false
[04Aug2026 05:23:18.233] [Render thread/INFO] [top.leonx.irisveil.IrisVeilCompat/]: [VeilHook] Captured fragment source for 'simulated:contraption_diagram/outline_diagram': 5629 chars
[04Aug2026 05:23:18.234] [Render thread/INFO] [top.leonx.irisveil.IrisVeilCompat/]: [VeilHook] Captured vertex source for 'simulated:laser/laser': 774 chars, hasGetVelocity=false, hasOffset=false
[04Aug2026 05:23:18.234] [Render thread/INFO] [top.leonx.irisveil.IrisVeilCompat/]: [VeilHook] Captured fragment source for 'simulated:laser/laser': 1878 chars
[04Aug2026 05:23:18.234] [Render thread/INFO] [top.leonx.irisveil.IrisVeilCompat/]: [VeilHook] Captured vertex source for 'veil:blit_screen': 542 chars, hasGetVelocity=false, hasOffset=false
[04Aug2026 05:23:18.234] [Render thread/INFO] [top.leonx.irisveil.IrisVeilCompat/]: [VeilHook] Captured fragment source for 'simulated:spread_end_sea': 2427 chars
[04Aug2026 05:23:18.237] [Render thread/INFO] [Veil/]: Loaded 31 shaders from: pinwheel/shaders/program
[04Aug2026 05:23:18.320] [Worker-Main-2/INFO] [PonderIndex/]: Registering Ponder Scenes took 62.42 ms
[04Aug2026 05:23:18.323] [Worker-Main-2/INFO] [PonderIndex/]: Registering Ponder Tags took 2.652 ms
[04Aug2026 05:23:18.422] [Render thread/INFO] [Photonics/]: Photonics ReSTIR GI v70: forcing PHOTONICS_RESTIR_COMBINED_GI on for the geometry-guided spatial-reuse test (configured=true)
[04Aug2026 05:23:18.423] [Render thread/INFO] [Photonics/]: Photonics performance overrides: renderScale=shader-pack, giRenderScale=0.5, temporalUpscaler=true, temporalUpscalerSourceScale=0.5, temporalUpscalerHistoryFrames=shader-pack, restirInitialSamples=shader-pack, restirDenoiserPasses=shader-pack, restirGiDenoiserPasses=shader-pack (shader-pack means no JVM override)
[04Aug2026 05:23:18.482] [Render thread/WARN] [Iris/]: Invalid pack option: GTAO
[04Aug2026 05:23:18.482] [Render thread/WARN] [Iris/]: Invalid pack option: GTAO
[04Aug2026 05:23:18.483] [Render thread/WARN] [Iris/]: Unable to resolve shader pack option menu element "WATER_REFRACTION" defined in shaders.properties
[04Aug2026 05:23:18.483] [Render thread/WARN] [Iris/]: Unable to resolve shader pack option menu element "WATER_REFRACTION_INTENSITY" defined in shaders.properties
[04Aug2026 05:23:18.483] [Render thread/WARN] [Iris/]: Unable to resolve shader pack option menu element "CLOUDS_DAILY_WEATHER" defined in shaders.properties
[04Aug2026 05:23:18.483] [Render thread/WARN] [Iris/]: Unable to resolve shader pack option menu element "CLOUDS_CUMULUS_CONGESTUS_PRIMARY_STEPS_H" defined in shaders.properties
[04Aug2026 05:23:18.483] [Render thread/WARN] [Iris/]: Unable to resolve shader pack option menu element "CLOUDS_CUMULUS_CONGESTUS_PRIMARY_STEPS_Z" defined in shaders.properties
[04Aug2026 05:23:18.483] [Render thread/INFO] [Iris/]: Profile: ultra (+9 options changed by user)
[04Aug2026 05:23:18.937] [Render thread/WARN] [Iris/]: Failed to parse an ResourceLocation in item.properties for the key item.10056: state properties are currently not supported: calibrated_sculk_sensor:sculk_sensor_phase=inactive
[04Aug2026 05:23:18.937] [Render thread/WARN] [Iris/]: Failed to parse an ResourceLocation in item.properties for the key item.10056: state properties are currently not supported: calibrated_sculk_sensor:sculk_sensor_phase=cooldown
[04Aug2026 05:23:18.937] [Render thread/WARN] [Iris/]: Failed to parse an ResourceLocation in item.properties for the key item.10057: state properties are currently not supported: calibrated_sculk_sensor:sculk_sensor_phase=active
[04Aug2026 05:23:18.937] [Render thread/WARN] [Iris/]: Failed to parse an ResourceLocation in item.properties for the key item.10057: state properties are currently not supported: sculk_sensor:sculk_sensor_phase=active
[04Aug2026 05:23:18.937] [Render thread/WARN] [Iris/]: Failed to parse an ResourceLocation in item.properties for the key item.10061: state properties are currently not supported: weathered_copper_bulb:lit=true
[04Aug2026 05:23:18.937] [Render thread/WARN] [Iris/]: Failed to parse an ResourceLocation in item.properties for the key item.10061: state properties are currently not supported: oxidized_copper_bulb:lit=true
[04Aug2026 05:23:18.937] [Render thread/WARN] [Iris/]: Failed to parse an ResourceLocation in item.properties for the key item.10061: state properties are currently not supported: waxed_weathered_copper_bulb:lit=true
[04Aug2026 05:23:18.937] [Render thread/WARN] [Iris/]: Failed to parse an ResourceLocation in item.properties for the key item.10061: state properties are currently not supported: waxed_oxidized_copper_bulb:lit=true
[04Aug2026 05:23:18.937] [Render thread/WARN] [Iris/]: Failed to parse an ResourceLocation in item.properties for the key item.10061: state properties are currently not supported: copper_bulb:lit=true
[04Aug2026 05:23:18.937] [Render thread/WARN] [Iris/]: Failed to parse an ResourceLocation in item.properties for the key item.10061: state properties are currently not supported: exposed_copper_bulb:lit=true
[04Aug2026 05:23:18.937] [Render thread/WARN] [Iris/]: Failed to parse an ResourceLocation in item.properties for the key item.10061: state properties are currently not supported: waxed_copper_bulb:lit=true
[04Aug2026 05:23:18.937] [Render thread/WARN] [Iris/]: Failed to parse an ResourceLocation in item.properties for the key item.10061: state properties are currently not supported: waxed_exposed_copper_bulb:lit=true
[04Aug2026 05:23:18.946] [Render thread/INFO] [Iris/]: Using shaderpack: photon-main (1).zip
[04Aug2026 05:23:18.948] [Render thread/WARN] [net.minecraft.client.sounds.SoundEngine/]: Missing sound for event: minecraft:item.goat_horn.play
[04Aug2026 05:23:18.948] [Render thread/WARN] [net.minecraft.client.sounds.SoundEngine/]: Missing sound for event: minecraft:entity.goat.screaming.horn_break
[04Aug2026 05:23:18.975] [Render thread/INFO] [com.mojang.blaze3d.audio.Library/]: OpenAL initialized on device Navi 31 HDMI/DP Audio Digital Stereo (HDMI 2)
[04Aug2026 05:23:18.976] [Render thread/INFO] [net.minecraft.client.sounds.SoundEngine/SOUNDS]: Sound engine started
[04Aug2026 05:23:19.040] [Render thread/INFO] [net.minecraft.client.renderer.texture.TextureAtlas/]: Created: 2048x2048x4 minecraft:textures/atlas/blocks.png-atlas
[04Aug2026 05:23:19.083] [Render thread/INFO] [net.minecraft.client.renderer.texture.TextureAtlas/]: Created: 256x256x4 minecraft:textures/atlas/signs.png-atlas
[04Aug2026 05:23:19.083] [Render thread/INFO] [net.minecraft.client.renderer.texture.TextureAtlas/]: Created: 512x512x4 minecraft:textures/atlas/shield_patterns.png-atlas
[04Aug2026 05:23:19.084] [Render thread/INFO] [net.minecraft.client.renderer.texture.TextureAtlas/]: Created: 512x512x4 minecraft:textures/atlas/banner_patterns.png-atlas
[04Aug2026 05:23:19.085] [Render thread/INFO] [net.minecraft.client.renderer.texture.TextureAtlas/]: Created: 2048x1024x4 minecraft:textures/atlas/armor_trims.png-atlas
[04Aug2026 05:23:19.094] [Render thread/INFO] [net.minecraft.client.renderer.texture.TextureAtlas/]: Created: 256x256x4 minecraft:textures/atlas/chest.png-atlas
[04Aug2026 05:23:19.094] [Render thread/INFO] [net.minecraft.client.renderer.texture.TextureAtlas/]: Created: 128x64x4 minecraft:textures/atlas/decorated_pot.png-atlas
[04Aug2026 05:23:19.095] [Render thread/INFO] [net.minecraft.client.renderer.texture.TextureAtlas/]: Created: 512x256x4 minecraft:textures/atlas/shulker_boxes.png-atlas
[04Aug2026 05:23:19.095] [Render thread/INFO] [net.minecraft.client.renderer.texture.TextureAtlas/]: Created: 512x256x4 minecraft:textures/atlas/beds.png-atlas
[04Aug2026 05:23:19.138] [Render thread/INFO] [net.minecraft.client.renderer.texture.TextureAtlas/]: Created: 512x512x0 minecraft:textures/atlas/particles.png-atlas
[04Aug2026 05:23:19.140] [Render thread/INFO] [net.minecraft.client.renderer.texture.TextureAtlas/]: Created: 512x256x0 minecraft:textures/atlas/paintings.png-atlas
[04Aug2026 05:23:19.141] [Render thread/INFO] [net.minecraft.client.renderer.texture.TextureAtlas/]: Created: 256x128x0 minecraft:textures/atlas/mob_effects.png-atlas
[04Aug2026 05:23:19.141] [Render thread/INFO] [net.minecraft.client.renderer.texture.TextureAtlas/]: Created: 64x64x0 minecraft:textures/atlas/map_decorations.png-atlas
[04Aug2026 05:23:19.142] [Render thread/INFO] [net.minecraft.client.renderer.texture.TextureAtlas/]: Created: 1024x1024x0 minecraft:textures/atlas/gui.png-atlas
[04Aug2026 05:23:19.161] [Render thread/WARN] [net.minecraft.client.renderer.ShaderInstance/]: Shader rendertype_entity_translucent_emissive could not find sampler named Sampler2 in the specified shader program.
[04Aug2026 05:23:19.220] [Render thread/INFO] [xaero.lib.XaeroLib/]: Successfully reloaded the XaeroLib shaders!
[04Aug2026 05:23:19.220] [Render thread/INFO] [net.neoforged.neoforge.client.entity.animation.json.AnimationLoader/]: Loaded 0 entity animations
[04Aug2026 05:23:19.220] [Render thread/INFO] [Veil/]: Loaded 3 framebuffers
[04Aug2026 05:23:19.227] [Render thread/INFO] [Veil/]: Loaded 6 post pipelines
[04Aug2026 05:23:19.229] [Render thread/INFO] [Veil/]: Loaded 6 render types
[04Aug2026 05:23:19.229] [Render thread/INFO] [Veil/]: Enabled bloom pipeline
[04Aug2026 05:23:19.230] [Render thread/INFO] [Veil/]: Loaded 0 quasar particles
[04Aug2026 05:23:19.230] [Render thread/INFO] [Veil/]: Loaded 0 templates
[04Aug2026 05:23:19.230] [Render thread/INFO] [Veil/]: Loaded 0 modules
[04Aug2026 05:23:19.247] [Render thread/INFO] [flywheel/backend/shaders/]: Loaded 79 shader sources in 14.370 ms
[04Aug2026 05:23:19.257] [Render thread/INFO] [com.simibubi.create.Create/]: Loaded 58 train hat configurations.
[04Aug2026 05:23:19.290] [Render thread/INFO] [DistantHorizons-DistantHorizons-com.seibel.distanthorizons.core.jar.updater.SelfUpdater/]: Checking for Distant Horizons [STABLE] update for MC [1.21.1]...
[04Aug2026 05:23:19.612] [Render thread/INFO] [DistantHorizons-DistantHorizons-com.seibel.distanthorizons.core.jar.updater.SelfUpdater/]: Distant Horizons already up to date.
[04Aug2026 05:23:19.624] [Render thread/INFO] [Photonics/]: Loaded ph_lights.json for shader pack 'photon-main (1).zip'
[04Aug2026 05:23:19.628] [Render thread/INFO] [Photonics/]: Photonics light registry contains 231 light definitions for 115 blocks
[04Aug2026 05:23:19.628] [Render thread/INFO] [Photonics/]: Photonics pipeline for 'photon-main (1).zip': enabled=true, mode=RESTIR, blockLight=true, gi=true, blockLightGi=false, handheld=true, shaderPackRenderScale=1.0, renderScale=0.5, giRenderScale=0.5, temporalUpscalerRequested=true, temporalUpscalerSourceScale=0.5, temporalUpscalerActive=true, temporalUpscalerHistoryFrames=8, maxLights=4000, maxSamples=20, restirInitial=32, restirSpatial=1, restirDenoiser=5, restirGiDenoiser=3, restirSoftShadows=false, restirCombinedGi=true
[04Aug2026 05:23:19.878] [Render thread/INFO] [Photonics/]: Photonics feature increment: v65 upstream traversal guard, hand texture-normal evaluation, immature-history edge variance, and variance-guided full SVGF passes; direct-light-v64 proxy ownership retained
[04Aug2026 05:23:19.878] [Render thread/INFO] [Photonics/]: Photonics GI foundation v99: finite full-position indirect reservoirs, corrected primary-ray origin/origin rebasing/explicit sky hits, Jacobian-weighted world-hit temporal reuse for world and Sable receivers, geometric-normal-consistent indirect energy, explicit empty non-world reservoirs, hand temporal isolation, and selected-reservoir visibility validation
[04Aug2026 05:23:19.878] [Render thread/INFO] [Photonics/]: Photonics ReSTIR GI v79: combinedGi=true, splitGi=false, directScale=0.5, giScale=0.5, directDenoiserPasses=5, giDenoiserPasses=3, giPipeline=independent-frag-grid+reservoirs+history+svgf, composition=post-estimator-screen-space
[04Aug2026 05:23:19.878] [Render thread/INFO] [Photonics/]: Photonics split-GI reconstruction v81: receiver-aware four-tap interpolation with unsupported-pixel nearest-compatible fallback
[04Aug2026 05:23:19.878] [Render thread/INFO] [Photonics/]: Photonics GI stability v82: world-hit temporal reservoir reuse enabled for rigidly reprojected Sable receivers; hand history remains isolated
[04Aug2026 05:23:19.878] [Render thread/INFO] [Photonics/]: Photonics direct startup v100: unbiased logarithmic camera-rank strata for large light lists with exact compact-list prefix proposals
[04Aug2026 05:23:19.878] [Render thread/INFO] [Photonics/]: Photonics direct visibility v107: requestedLanes=1, effectiveLanes=1, policy=disjoint-proposal-lanes/exact-original-pdf/visibility-before-unbiased-lane-merge
[04Aug2026 05:23:19.878] [Render thread/INFO] [Photonics/]: Photonics ReSTIR GI transport v85+: stochastic tinted-glass traversal and endpoint-first transparent-hit validation
[04Aug2026 05:23:19.878] [Render thread/INFO] [Photonics/]: Photonics GI environment v115: initialized independently in the indirect pass; native Photon reads direct sun and hemispherical skylight from colortex4; sunProposalDiagnostic=false
[04Aug2026 05:23:19.878] [Render thread/INFO] [Photonics/]: Photonics GI environment v117: environment proposals remain active during section streaming; the v116 global pause was removed because it created camera-dependent dark fill
[04Aug2026 05:23:19.878] [Render thread/INFO] [Photonics/]: Photonics world upload v117: voxel-tree mutation is fenced before allocator reuse; tree-dependent uniforms remain published after the completed upload
[04Aug2026 05:23:19.878] [Render thread/INFO] [Photonics/]: Photonics stability v86: deterministic thin-cutout GI coverage and bounded palette-heap compiler recovery probes
[04Aug2026 05:23:19.878] [Render thread/INFO] [Photonics/]: Photonics ReSTIR GI validation v88: triState=valid/blocked-current-receiver/stale, blockedHistoryM=preserved-once-with-zero-energy, staleHistoryM=excluded, maxTemporalCandidates=1, maxSpatialCandidates=1, maxTraversalSteps=128
[04Aug2026 05:23:19.878] [Render thread/INFO] [Photonics/]: Photonics feature set: direct-light-v64 expiring Contraption Lights proxy ownership with a conservative nearby unmatched-proxy quarantine, position-matched Sable light alias trail with registry/profile diagnostics and render-thread-owned external merge, full-precision motion-grid Sable receiver visibility and endpoint-safe conservative traversal, dual-space Sable light de-duplication, production composite restored after v57 reservoir diagnostics, corrected indirect hit-normal decoding, full temporal reservoir retention for Sable external lighting, randomized systematic world-light proposals, Sable skylight-transition diagnostics with opt-in getter freeze, post-denoise exact Sable-local direct stream and fail-closed same-domain visibility, camera-relative double-composed Sable reprojection, normal-guided receiver classification, tri-state same-sublevel visibility and conservative supercover voxel traversal, sampling-time receiver-domain partition with exact same-sublevel direct lighting, external-only Sable reservoirs and soft-shadow local-visibility-signature-guided Sable SVGF support, preserved all-zero current proposal batches, elapsed-time moving-light hysteresis and unsnapped render-pose positions, rejected spatial-batch accounting, receiver-domain-complete stable/external history partition and rigid-motion Sable spatial reuse, bounded visibility-rejected reservoirs and representative-scoped external reactivity, split stable/external accumulation histories and stale Sable material recovery, explicit emitter motion-domain identity, motion-domain-stable receiver-relative light-history limits, previous-light position metadata, rotation-correct cross-sublevel motion, guarded ordinary-world all-light and external-only Sable single-neighbor spatial reuse, immutable spatial input, current-receiver visibility validation, bounded spatial history, independent spatial random stream, bounded reservoirs, zero-contribution batch accounting, actual-motion reactive lights, stable-anchor Sable reprojection, surface-plane SVGF, visibility-transition provenance, stable Sable identity, current-visible temporal reuse, Sable plot-section isolation, deterministic diagonal cutouts, generation-aligned adaptive stratified ReSTIR proposals, exposed-face Sable local visibility, duplicate Veil point-light suppression, moving-light and Iris material bridges; finite-segment OOB visibility and tree-origin tracing, masked passes, texture barriers, accumulation, denoising, handheld; Sable-receiver world/cross-sublevel spatial reuse and combined GI compatibility gates active
[04Aug2026 05:23:19.878] [Render thread/INFO] [Photonics/]: Photonics ReSTIR configuration v107: directCandidatesPerPixel=32, directTemporalSampleCap=640, directVisibilityLanes=1, directOutputSampleCap=world-128/sable-temporal-cap, spatialCandidates=1, spatialRadiusPixels=5.0, output=split-direct-and-gi-radiance-plus-exact-sable-local, samplingPolicy=large-list-logarithmic-rank-strata+compact-list-systematic-prefix-tail+distinct-priority-prefix/sable-external-reservoir/exact-all-same-token-lights/fail-closed-tri-state-conservative-local-dda/full-precision-motion-grid-receiver/normal-biased-endpoint/preserved-zero-current-batches, spatialPolicy=receiver-matched-current-frame/external-only-sable/current-rejection-accounting/immutable-input/initial-batch-cap+rejected-fallback-cap+background-finalization, historyPolicy=receiver-domain-complete-split-stable-external/direct-only-full-rigid-local-history/camera-relative-double-compose/normal-guided-receiver/soft-local-signature-reset/visibility-transition-reset/representative-scoped-external-reactivity/explicit-emitter-domain/0.15-block-trail/2-frame-floor, lightListPolicy=position-matched-250ms-alias-trail/250ms-after-loss-minecraft-light-proxy-ownership/125ms+2-frame-unmatched-proxy-quarantine/3-cell-alias-radius/render-thread-owned-merge, motionHoldMs=250, denoiserPolicy=post-denoise-exact-local-hard-shadow+representative-gated-world+soft-local-signature-sable, sableSkyLightDiagnostic=transition-log/optional-freeze-getter, directDenoiserPasses=5, giDenoiserPasses=3, softShadows=false, combinedGi=true, splitGi=false
[04Aug2026 05:23:19.890] [Render thread/INFO] [Photonics/]: Photonics framebuffer capacity v68: buffer=side-a, attachments=7, maxDrawBuffers=8, maxColorAttachments=8
[04Aug2026 05:23:19.890] [Render thread/INFO] [Photonics/]: Photonics framebuffer capacity v68: buffer=side-b, attachments=7, maxDrawBuffers=8, maxColorAttachments=8
[04Aug2026 05:23:19.895] [Render thread/INFO] [Photonics/]: Photonics temporal upscaler: enabled=true, configuredSourceScale=0.5, effectiveSourceScale=0.5, giScale=0.5, outputScale=1.0, historyFrames=8, currentTaps=4+fallback, historyTaps=4, historyBytesPerOutputPixel=32, sourceValidation=screen-neighbor-domain+normal+strict-precision-receiver-plane-v113, sourceValidationLanes=false, historyValidation=screen-ray-receiver-plane-v108+normal+identity, restirHistoryValidation=legacy-or-continuous-precision-plane-v113, historyWorldRevisionPolicy=local-reactive, sparseSupportPolicy=history-stable, composition=private-lighting-texture
[04Aug2026 05:23:19.895] [Render thread/INFO] [Photonics/]: Photonics history reset v18: reason=pipeline-created, generation=1, dimension=minecraft:overworld
[04Aug2026 05:23:19.896] [Render thread/INFO] [Iris/]: Creating pipeline for dimension minecraft:overworld
[04Aug2026 05:23:20.361] [Render thread/INFO] [org.anarres.cpp.DefaultPreprocessorListener/]: null:0:0: error: #endif without #if
[04Aug2026 05:23:20.470] [Render thread/INFO] [org.anarres.cpp.DefaultPreprocessorListener/]: null:0:0: error: #endif without #if
[04Aug2026 05:23:20.558] [Render thread/INFO] [org.anarres.cpp.DefaultPreprocessorListener/]: null:0:0: error: #endif without #if
[04Aug2026 05:23:20.620] [Render thread/INFO] [org.anarres.cpp.DefaultPreprocessorListener/]: null:0:0: error: #endif without #if
[04Aug2026 05:23:20.684] [Render thread/INFO] [org.anarres.cpp.DefaultPreprocessorListener/]: null:0:0: error: #endif without #if
[04Aug2026 05:23:20.719] [Render thread/INFO] [org.anarres.cpp.DefaultPreprocessorListener/]: null:0:0: error: #endif without #if
[04Aug2026 05:23:20.749] [Render thread/INFO] [org.anarres.cpp.DefaultPreprocessorListener/]: null:0:0: error: #endif without #if
[04Aug2026 05:23:20.779] [Render thread/INFO] [org.anarres.cpp.DefaultPreprocessorListener/]: null:0:0: error: #endif without #if
[04Aug2026 05:23:20.807] [Render thread/INFO] [org.anarres.cpp.DefaultPreprocessorListener/]: null:0:0: error: #endif without #if
[04Aug2026 05:23:20.836] [Render thread/INFO] [org.anarres.cpp.DefaultPreprocessorListener/]: null:0:0: error: #endif without #if
[04Aug2026 05:23:20.868] [Render thread/INFO] [org.anarres.cpp.DefaultPreprocessorListener/]: null:0:0: error: #endif without #if
[04Aug2026 05:23:20.883] [Render thread/INFO] [org.anarres.cpp.DefaultPreprocessorListener/]: null:0:0: error: #endif without #if
[04Aug2026 05:23:21.173] [Render thread/WARN] [Iris/]: Type is VERTEX
[04Aug2026 05:23:21.175] [Render thread/WARN] [Iris/]: Type is FRAGMENT
[04Aug2026 05:23:21.181] [Render thread/WARN] [Iris/]: Type is VERTEX
[04Aug2026 05:23:21.182] [Render thread/WARN] [Iris/]: Type is FRAGMENT
[04Aug2026 05:23:21.200] [Render thread/WARN] [Iris/]: Type is VERTEX
[04Aug2026 05:23:21.201] [Render thread/WARN] [Iris/]: Type is FRAGMENT
[04Aug2026 05:23:26.820] [Render thread/INFO] [com.simibubi.create.Create/]: Created 157 recipes which will be injected into the game
[04Aug2026 05:23:26.822] [Render thread/INFO] [com.simibubi.create.Create/]: Created 0 tags which will be injected into the game
[04Aug2026 05:23:27.146] [Worker-Main-4/ERROR] [net.minecraft.world.level.storage.loot.LootDataType/]: Couldn't parse element ResourceKey[minecraft:root / minecraft:loot_table]:simurail:blocks/automatic_coupler - Not a valid resource location: simurail:blocks/simurail:automatic_coupler Non [a-z0-9/._-] character in path of location: simurail:blocks/simurail:automatic_coupler
[04Aug2026 05:23:27.404] [Render thread/INFO] [net.minecraft.world.item.crafting.RecipeManager/]: Loaded 2948 recipes
[04Aug2026 05:23:27.488] [Render thread/INFO] [net.minecraft.advancements.AdvancementTree/]: Loaded 2644 advancements
[04Aug2026 05:23:27.927] [Server thread/INFO] [net.minecraft.client.server.IntegratedServer/]: Starting integrated minecraft server version 1.21.1
[04Aug2026 05:23:27.927] [Server thread/INFO] [net.minecraft.server.MinecraftServer/]: Generating keypair
[04Aug2026 05:23:27.977] [Server thread/INFO] [DistantHorizons-DistantHorizons-com.seibel.distanthorizons.core.world.AbstractDhWorld/]: Started DhWorld of type [CLIENT_SERVER].
[04Aug2026 05:23:28.008] [Server thread/INFO] [dev.ryanhcode.sable.Sable/]: Creating physics pipeline for ResourceKey[minecraft:dimension / minecraft:overworld] using RapierPhysicsPipelineProvider
[04Aug2026 05:23:28.278] [DH-Full Data Migration Thread[0]/INFO] [DistantHorizons-DistantHorizons-com.seibel.distanthorizons.core.file.fullDatafile.V2.DataMigratorV1/]: No migration necessary.
[04Aug2026 05:23:28.280] [Server thread/INFO] [DistantHorizons-DistantHorizons-com.seibel.distanthorizons.core.level.AbstractDhServerLevel/]: Started DhClientServerLevel for [Wrapped{ServerLevel[New World1]@minecraft:overworld}] at [[LocalSaveStructure@(/home/krzysztofkalisiak/.local/share/ModrinthApp/profiles/Create Aeronautics (1)/saves/New World1/data)]].
[04Aug2026 05:23:28.298] [Server thread/INFO] [dev.ryanhcode.sable.Sable/]: Creating physics pipeline for ResourceKey[minecraft:dimension / minecraft:the_end] using RapierPhysicsPipelineProvider
[04Aug2026 05:23:28.321] [DH-Full Data Migration Thread[0]/INFO] [DistantHorizons-DistantHorizons-com.seibel.distanthorizons.core.file.fullDatafile.V2.DataMigratorV1/]: No migration necessary.
[04Aug2026 05:23:28.323] [Server thread/INFO] [DistantHorizons-DistantHorizons-com.seibel.distanthorizons.core.level.AbstractDhServerLevel/]: Started DhClientServerLevel for [Wrapped{ServerLevel[New World1]@minecraft:the_end}] at [[LocalSaveStructure@(/home/krzysztofkalisiak/.local/share/ModrinthApp/profiles/Create Aeronautics (1)/saves/New World1/data;/home/krzysztofkalisiak/.local/share/ModrinthApp/profiles/Create Aeronautics (1)/saves/New World1/DIM1/data)]].
[04Aug2026 05:23:28.323] [Server thread/INFO] [dev.ryanhcode.sable.Sable/]: Creating physics pipeline for ResourceKey[minecraft:dimension / minecraft:the_nether] using RapierPhysicsPipelineProvider
[04Aug2026 05:23:28.335] [DH-Full Data Migration Thread[0]/INFO] [DistantHorizons-DistantHorizons-com.seibel.distanthorizons.core.file.fullDatafile.V2.DataMigratorV1/]: No migration necessary.
[04Aug2026 05:23:28.337] [Server thread/INFO] [DistantHorizons-DistantHorizons-com.seibel.distanthorizons.core.level.AbstractDhServerLevel/]: Started DhClientServerLevel for [Wrapped{ServerLevel[New World1]@minecraft:the_nether}] at [[LocalSaveStructure@(/home/krzysztofkalisiak/.local/share/ModrinthApp/profiles/Create Aeronautics (1)/saves/New World1/DIM-1/data;/home/krzysztofkalisiak/.local/share/ModrinthApp/profiles/Create Aeronautics (1)/saves/New World1/data;/home/krzysztofkalisiak/.local/share/ModrinthApp/profiles/Create Aeronautics (1)/saves/New World1/DIM1/data)]].
[04Aug2026 05:23:28.339] [Server thread/INFO] [net.minecraft.server.MinecraftServer/]: Preparing start region for dimension minecraft:overworld
[04Aug2026 05:23:28.419] [Render thread/INFO] [net.minecraft.server.level.progress.LoggerChunkProgressListener/]: Preparing spawn area: 0%
[04Aug2026 05:23:28.469] [Server thread/INFO] [net.neoforged.neoforge.server.permission.PermissionAPI/]: Successfully initialized permission handler neoforge:default_handler
[04Aug2026 05:23:28.469] [Server thread/INFO] [me.yurtema.searchlights.Searchlights/]: HELLO from server starting
[04Aug2026 05:23:28.471] [Render thread/INFO] [net.minecraft.server.level.progress.LoggerChunkProgressListener/]: Time elapsed: 119 ms
[04Aug2026 05:23:28.527] [Server thread/INFO] [net.minecraft.client.server.IntegratedServer/]: Changing simulation distance to 10, from 0
[04Aug2026 05:23:28.577] [Render thread/INFO] [dev.ryanhcode.sable.Sable/]: Adding local UDP server channel future
[04Aug2026 05:23:28.581] [Render thread/WARN] [io.netty.bootstrap.Bootstrap/]: Unknown channel option 'SO_BROADCAST' for channel '[id: 0xba203517]'
[04Aug2026 05:23:28.588] [Netty Server IO #1/INFO] [dev.ryanhcode.sable.Sable/]: Server UDP channel active
[04Aug2026 05:23:28.602] [Render thread/INFO] [dev.ryanhcode.sable.Sable/]: Starting local client UDP channel future
[04Aug2026 05:23:28.603] [Netty Local Client IO #1/INFO] [dev.ryanhcode.sable.Sable/]: Client UDP channel active
[04Aug2026 05:23:28.806] [DH-Request Module Ticker [minecraft:overworld] Thread[0]/INFO] [DistantHorizons-DistantHorizons-com.seibel.distanthorizons.core.generation.BatchGenerator/]: Batch Chunk Generator initialized
[04Aug2026 05:23:28.808] [DH-Request Module Ticker [minecraft:overworld] Thread[0]/INFO] [DistantHorizons-DistantHorizons-com.seibel.distanthorizons.core.generation.queues.WorldGenerationQueue/]: Creating world gen queue
[04Aug2026 05:23:28.808] [DH-Request Module Ticker [minecraft:overworld] Thread[0]/INFO] [DistantHorizons-DistantHorizons-com.seibel.distanthorizons.core.generation.queues.WorldGenerationQueue/]: Created world gen queue
[04Aug2026 05:23:28.808] [DH-Request Module Ticker [minecraft:overworld] Thread[0]/INFO] [DistantHorizons-DistantHorizons-com.seibel.distanthorizons.core.file.fullDatafile.GeneratedFullDataSourceProvider/]: Set world gen queue for level [minecraft:overworld].
[04Aug2026 05:23:28.841] [DH-Request Module Ticker [minecraft:the_end] Thread[0]/INFO] [DistantHorizons-DistantHorizons-com.seibel.distanthorizons.core.generation.BatchGenerator/]: Batch Chunk Generator initialized
[04Aug2026 05:23:28.842] [DH-Request Module Ticker [minecraft:the_end] Thread[0]/INFO] [DistantHorizons-DistantHorizons-com.seibel.distanthorizons.core.generation.queues.WorldGenerationQueue/]: Creating world gen queue
[04Aug2026 05:23:28.842] [DH-Request Module Ticker [minecraft:the_end] Thread[0]/INFO] [DistantHorizons-DistantHorizons-com.seibel.distanthorizons.core.generation.queues.WorldGenerationQueue/]: Created world gen queue
[04Aug2026 05:23:28.842] [DH-Request Module Ticker [minecraft:the_end] Thread[0]/INFO] [DistantHorizons-DistantHorizons-com.seibel.distanthorizons.core.file.fullDatafile.GeneratedFullDataSourceProvider/]: Set world gen queue for level [minecraft:the_end].
[04Aug2026 05:23:28.856] [DH-Request Module Ticker [minecraft:the_nether] Thread[0]/INFO] [DistantHorizons-DistantHorizons-com.seibel.distanthorizons.core.generation.BatchGenerator/]: Batch Chunk Generator initialized
[04Aug2026 05:23:28.856] [DH-Request Module Ticker [minecraft:the_nether] Thread[0]/INFO] [DistantHorizons-DistantHorizons-com.seibel.distanthorizons.core.generation.queues.WorldGenerationQueue/]: Creating world gen queue
[04Aug2026 05:23:28.856] [DH-Request Module Ticker [minecraft:the_nether] Thread[0]/INFO] [DistantHorizons-DistantHorizons-com.seibel.distanthorizons.core.generation.queues.WorldGenerationQueue/]: Created world gen queue
[04Aug2026 05:23:28.856] [DH-Request Module Ticker [minecraft:the_nether] Thread[0]/INFO] [DistantHorizons-DistantHorizons-com.seibel.distanthorizons.core.file.fullDatafile.GeneratedFullDataSourceProvider/]: Set world gen queue for level [minecraft:the_nether].
[04Aug2026 05:23:28.920] [Server thread/INFO] [net.minecraft.server.players.PlayerList/]: Eutio[local:E:bd17f868] logged in with entity id 9 at (1.699999988079071, 0.0, 27.884644694356677)
[04Aug2026 05:23:28.924] [Server thread/INFO] [dev.ryanhcode.sable.Sable/]: Beginning attempted authentication with player Eutio
[04Aug2026 05:23:28.954] [Server thread/INFO] [net.minecraft.server.MinecraftServer/]: Eutio joined the game
[04Aug2026 05:23:28.961] [Render thread/INFO] [xaero.hud.minimap.MinimapLogs/]: Minimap required item set to nothing.
[04Aug2026 05:23:28.961] [Render thread/INFO] [xaero.hud.minimap.MinimapLogs/]: New Xaero hud session initialized!
[04Aug2026 05:23:28.996] [Server thread/INFO] [DistantHorizons-DistantHorizons-com.seibel.distanthorizons.core.api.internal.ServerApi/]: Player [Eutio] joined.
[04Aug2026 05:23:29.035] [Render thread/INFO] [Iris/]: Reloading pipeline on dimension change: minecraft:overworld => minecraft:overworld
[04Aug2026 05:23:29.035] [Render thread/INFO] [Photonics/]: Photonics history reset v72: reason=pipeline-destroyed, generation=1
[04Aug2026 05:23:29.043] [Render thread/INFO] [Photonics/]: Photonics chunk compiler v72 stopped: pendingSections=0, memory=jvmHeap={usedBytes=1727759408, committedBytes=2701131776, maxBytes=8589934592}, jvmGc={collections=76, timeMs=473}, worldHeap=GpuBufferHeapStats[capacityBytes=536870912, reservedBytes=12, liveBytes=12, peakLiveBytes=12, reusableBytes=0, allocations=1, reusedAllocations=0, frees=0, failedAllocations=0], paletteHeap=GpuBufferHeapStats[capacityBytes=201326592, reservedBytes=0, liveBytes=0, peakLiveBytes=0, reusableBytes=0, allocations=0, reusedAllocations=0, frees=0, failedAllocations=0], registries={lights=Stats[cachedObjects=0, pendingFreeObjects=0, allocatedObjects=0, failedAllocations=0], palettes=Stats[cachedObjects=0, pendingFreeObjects=0, allocatedObjects=0, failedAllocations=0], blocks=Stats[cachedObjects=0, pendingFreeObjects=0, allocatedObjects=0, failedAllocations=0], models=Stats[cachedObjects=0, pendingFreeObjects=0, allocatedObjects=0, failedAllocations=0]}
[04Aug2026 05:23:29.046] [Render thread/INFO] [Photonics/]: Photonics light registry contains 127 light definitions for 98 blocks
[04Aug2026 05:23:29.046] [Render thread/INFO] [Iris/]: Destroying pipeline minecraft:overworld
[04Aug2026 05:23:29.054] [Render thread/INFO] [Photonics/]: Loaded ph_lights.json for shader pack 'photon-main (1).zip'
[04Aug2026 05:23:29.057] [Render thread/INFO] [Photonics/]: Photonics light registry contains 231 light definitions for 115 blocks
[04Aug2026 05:23:29.057] [Render thread/INFO] [Photonics/]: Photonics pipeline for 'photon-main (1).zip': enabled=true, mode=RESTIR, blockLight=true, gi=true, blockLightGi=false, handheld=true, shaderPackRenderScale=1.0, renderScale=0.5, giRenderScale=0.5, temporalUpscalerRequested=true, temporalUpscalerSourceScale=0.5, temporalUpscalerActive=true, temporalUpscalerHistoryFrames=8, maxLights=4000, maxSamples=20, restirInitial=32, restirSpatial=1, restirDenoiser=5, restirGiDenoiser=3, restirSoftShadows=false, restirCombinedGi=true
[04Aug2026 05:23:29.297] [Render thread/INFO] [Photonics/]: Photonics feature increment: v65 upstream traversal guard, hand texture-normal evaluation, immature-history edge variance, and variance-guided full SVGF passes; direct-light-v64 proxy ownership retained
[04Aug2026 05:23:29.297] [Render thread/INFO] [Photonics/]: Photonics GI foundation v99: finite full-position indirect reservoirs, corrected primary-ray origin/origin rebasing/explicit sky hits, Jacobian-weighted world-hit temporal reuse for world and Sable receivers, geometric-normal-consistent indirect energy, explicit empty non-world reservoirs, hand temporal isolation, and selected-reservoir visibility validation
[04Aug2026 05:23:29.297] [Render thread/INFO] [Photonics/]: Photonics ReSTIR GI v79: combinedGi=true, splitGi=false, directScale=0.5, giScale=0.5, directDenoiserPasses=5, giDenoiserPasses=3, giPipeline=independent-frag-grid+reservoirs+history+svgf, composition=post-estimator-screen-space
[04Aug2026 05:23:29.297] [Render thread/INFO] [Photonics/]: Photonics split-GI reconstruction v81: receiver-aware four-tap interpolation with unsupported-pixel nearest-compatible fallback
[04Aug2026 05:23:29.297] [Render thread/INFO] [Photonics/]: Photonics GI stability v82: world-hit temporal reservoir reuse enabled for rigidly reprojected Sable receivers; hand history remains isolated
[04Aug2026 05:23:29.297] [Render thread/INFO] [Photonics/]: Photonics direct startup v100: unbiased logarithmic camera-rank strata for large light lists with exact compact-list prefix proposals
[04Aug2026 05:23:29.297] [Render thread/INFO] [Photonics/]: Photonics direct visibility v107: requestedLanes=1, effectiveLanes=1, policy=disjoint-proposal-lanes/exact-original-pdf/visibility-before-unbiased-lane-merge
[04Aug2026 05:23:29.297] [Render thread/INFO] [Photonics/]: Photonics ReSTIR GI transport v85+: stochastic tinted-glass traversal and endpoint-first transparent-hit validation
[04Aug2026 05:23:29.297] [Render thread/INFO] [Photonics/]: Photonics GI environment v115: initialized independently in the indirect pass; native Photon reads direct sun and hemispherical skylight from colortex4; sunProposalDiagnostic=false
[04Aug2026 05:23:29.297] [Render thread/INFO] [Photonics/]: Photonics GI environment v117: environment proposals remain active during section streaming; the v116 global pause was removed because it created camera-dependent dark fill
[04Aug2026 05:23:29.297] [Render thread/INFO] [Photonics/]: Photonics world upload v117: voxel-tree mutation is fenced before allocator reuse; tree-dependent uniforms remain published after the completed upload
[04Aug2026 05:23:29.297] [Render thread/INFO] [Photonics/]: Photonics stability v86: deterministic thin-cutout GI coverage and bounded palette-heap compiler recovery probes
[04Aug2026 05:23:29.297] [Render thread/INFO] [Photonics/]: Photonics ReSTIR GI validation v88: triState=valid/blocked-current-receiver/stale, blockedHistoryM=preserved-once-with-zero-energy, staleHistoryM=excluded, maxTemporalCandidates=1, maxSpatialCandidates=1, maxTraversalSteps=128
[04Aug2026 05:23:29.297] [Render thread/INFO] [Photonics/]: Photonics feature set: direct-light-v64 expiring Contraption Lights proxy ownership with a conservative nearby unmatched-proxy quarantine, position-matched Sable light alias trail with registry/profile diagnostics and render-thread-owned external merge, full-precision motion-grid Sable receiver visibility and endpoint-safe conservative traversal, dual-space Sable light de-duplication, production composite restored after v57 reservoir diagnostics, corrected indirect hit-normal decoding, full temporal reservoir retention for Sable external lighting, randomized systematic world-light proposals, Sable skylight-transition diagnostics with opt-in getter freeze, post-denoise exact Sable-local direct stream and fail-closed same-domain visibility, camera-relative double-composed Sable reprojection, normal-guided receiver classification, tri-state same-sublevel visibility and conservative supercover voxel traversal, sampling-time receiver-domain partition with exact same-sublevel direct lighting, external-only Sable reservoirs and soft-shadow local-visibility-signature-guided Sable SVGF support, preserved all-zero current proposal batches, elapsed-time moving-light hysteresis and unsnapped render-pose positions, rejected spatial-batch accounting, receiver-domain-complete stable/external history partition and rigid-motion Sable spatial reuse, bounded visibility-rejected reservoirs and representative-scoped external reactivity, split stable/external accumulation histories and stale Sable material recovery, explicit emitter motion-domain identity, motion-domain-stable receiver-relative light-history limits, previous-light position metadata, rotation-correct cross-sublevel motion, guarded ordinary-world all-light and external-only Sable single-neighbor spatial reuse, immutable spatial input, current-receiver visibility validation, bounded spatial history, independent spatial random stream, bounded reservoirs, zero-contribution batch accounting, actual-motion reactive lights, stable-anchor Sable reprojection, surface-plane SVGF, visibility-transition provenance, stable Sable identity, current-visible temporal reuse, Sable plot-section isolation, deterministic diagonal cutouts, generation-aligned adaptive stratified ReSTIR proposals, exposed-face Sable local visibility, duplicate Veil point-light suppression, moving-light and Iris material bridges; finite-segment OOB visibility and tree-origin tracing, masked passes, texture barriers, accumulation, denoising, handheld; Sable-receiver world/cross-sublevel spatial reuse and combined GI compatibility gates active
[04Aug2026 05:23:29.297] [Render thread/INFO] [Photonics/]: Photonics ReSTIR configuration v107: directCandidatesPerPixel=32, directTemporalSampleCap=640, directVisibilityLanes=1, directOutputSampleCap=world-128/sable-temporal-cap, spatialCandidates=1, spatialRadiusPixels=5.0, output=split-direct-and-gi-radiance-plus-exact-sable-local, samplingPolicy=large-list-logarithmic-rank-strata+compact-list-systematic-prefix-tail+distinct-priority-prefix/sable-external-reservoir/exact-all-same-token-lights/fail-closed-tri-state-conservative-local-dda/full-precision-motion-grid-receiver/normal-biased-endpoint/preserved-zero-current-batches, spatialPolicy=receiver-matched-current-frame/external-only-sable/current-rejection-accounting/immutable-input/initial-batch-cap+rejected-fallback-cap+background-finalization, historyPolicy=receiver-domain-complete-split-stable-external/direct-only-full-rigid-local-history/camera-relative-double-compose/normal-guided-receiver/soft-local-signature-reset/visibility-transition-reset/representative-scoped-external-reactivity/explicit-emitter-domain/0.15-block-trail/2-frame-floor, lightListPolicy=position-matched-250ms-alias-trail/250ms-after-loss-minecraft-light-proxy-ownership/125ms+2-frame-unmatched-proxy-quarantine/3-cell-alias-radius/render-thread-owned-merge, motionHoldMs=250, denoiserPolicy=post-denoise-exact-local-hard-shadow+representative-gated-world+soft-local-signature-sable, sableSkyLightDiagnostic=transition-log/optional-freeze-getter, directDenoiserPasses=5, giDenoiserPasses=3, softShadows=false, combinedGi=true, splitGi=false
[04Aug2026 05:23:29.299] [Render thread/INFO] [Photonics/]: Photonics framebuffer capacity v68: buffer=side-a, attachments=7, maxDrawBuffers=8, maxColorAttachments=8
[04Aug2026 05:23:29.299] [Render thread/INFO] [Photonics/]: Photonics framebuffer capacity v68: buffer=side-b, attachments=7, maxDrawBuffers=8, maxColorAttachments=8
[04Aug2026 05:23:29.303] [Render thread/INFO] [Photonics/]: Photonics temporal upscaler: enabled=true, configuredSourceScale=0.5, effectiveSourceScale=0.5, giScale=0.5, outputScale=1.0, historyFrames=8, currentTaps=4+fallback, historyTaps=4, historyBytesPerOutputPixel=32, sourceValidation=screen-neighbor-domain+normal+strict-precision-receiver-plane-v113, sourceValidationLanes=false, historyValidation=screen-ray-receiver-plane-v108+normal+identity, restirHistoryValidation=legacy-or-continuous-precision-plane-v113, historyWorldRevisionPolicy=local-reactive, sparseSupportPolicy=history-stable, composition=private-lighting-texture
[04Aug2026 05:23:29.303] [Render thread/INFO] [Photonics/]: Photonics history reset v18: reason=pipeline-created, generation=2, dimension=minecraft:overworld
[04Aug2026 05:23:29.303] [Render thread/INFO] [Iris/]: Creating pipeline for dimension minecraft:overworld
[04Aug2026 05:23:29.368] [Render thread/INFO] [org.anarres.cpp.DefaultPreprocessorListener/]: null:0:0: error: #endif without #if
[04Aug2026 05:23:29.381] [Render thread/INFO] [org.anarres.cpp.DefaultPreprocessorListener/]: null:0:0: error: #endif without #if
[04Aug2026 05:23:29.404] [Render thread/INFO] [org.anarres.cpp.DefaultPreprocessorListener/]: null:0:0: error: #endif without #if
[04Aug2026 05:23:29.427] [Render thread/INFO] [org.anarres.cpp.DefaultPreprocessorListener/]: null:0:0: error: #endif without #if
[04Aug2026 05:23:29.448] [Render thread/INFO] [org.anarres.cpp.DefaultPreprocessorListener/]: null:0:0: error: #endif without #if
[04Aug2026 05:23:29.467] [Render thread/INFO] [org.anarres.cpp.DefaultPreprocessorListener/]: null:0:0: error: #endif without #if
[04Aug2026 05:23:29.485] [Render thread/INFO] [org.anarres.cpp.DefaultPreprocessorListener/]: null:0:0: error: #endif without #if
[04Aug2026 05:23:29.501] [Render thread/INFO] [org.anarres.cpp.DefaultPreprocessorListener/]: null:0:0: error: #endif without #if
[04Aug2026 05:23:29.516] [Render thread/INFO] [org.anarres.cpp.DefaultPreprocessorListener/]: null:0:0: error: #endif without #if
[04Aug2026 05:23:29.528] [Render thread/INFO] [org.anarres.cpp.DefaultPreprocessorListener/]: null:0:0: error: #endif without #if
[04Aug2026 05:23:29.541] [Render thread/INFO] [org.anarres.cpp.DefaultPreprocessorListener/]: null:0:0: error: #endif without #if
[04Aug2026 05:23:29.549] [Render thread/INFO] [org.anarres.cpp.DefaultPreprocessorListener/]: null:0:0: error: #endif without #if
[04Aug2026 05:23:29.726] [Render thread/WARN] [flywheel/]: Flywheel backend fell back from 'flywheel:indirect' to 'flywheel:off'
[04Aug2026 05:23:29.858] [Render thread/INFO] [ChunkBuilder/]: Started 10 worker threads
[04Aug2026 05:23:29.920] [Render thread/INFO] [xaero.hud.minimap.MinimapLogs/]: Minimap updated server level id: -1668003663 for world ResourceKey[minecraft:dimension / minecraft:overworld]
[04Aug2026 05:23:29.924] [Render thread/INFO] [net.minecraft.advancements.AdvancementTree/]: Loaded 23 advancements
[04Aug2026 05:23:30.045] [Render thread/INFO] [Photonics/]: Photonics v43 Sable source validation: zeroLuminanceButTraced=0, rejectedMaterial=0, recoveredStaleMaterial=0, firstIssue=none
[04Aug2026 05:23:30.062] [Render thread/INFO] [Photonics/]: Photonics world tracing v72: revision=0, settled=false, compiledSections=0, trackedSections=0, batchBuilt=0, batchUnloaded=0, pendingBuilds=0, pendingUnloads=0, ready=false, depth=0, blockBounds=( 0.000E+0  0.000E+0  0.000E+0)..( 0.000E+0  0.000E+0  0.000E+0), treeBounds=( 0.000E+0  0.000E+0  0.000E+0)..( 0.000E+0  0.000E+0  0.000E+0), origin=( 0.000E+0  0.000E+0  0.000E+0), boundsSource=tree, compileMs=0.000
[04Aug2026 05:23:30.063] [Render thread/INFO] [Photonics/]: Photonics v35 direct-light prefixes: movingLights=0, externalLights=0, totalLights=0, proposalBudget=adaptive-half-candidates
[04Aug2026 05:23:30.096] [Photonics Light List Compiler/INFO] [Photonics/]: Photonics light candidates v18: eligible=19, selected=19, maxLights=4000, lightSections=7, capped=false
[04Aug2026 05:23:30.277] [Render thread/INFO] [ChunkBuilder/]: Stopping worker threads
[04Aug2026 05:23:30.286] [Render thread/INFO] [ChunkBuilder/]: Started 10 worker threads
[04Aug2026 05:23:30.293] [Render thread/WARN] [flywheel/]: Flywheel backend fell back from 'flywheel:indirect' to 'flywheel:off'
[04Aug2026 05:23:30.362] [Render thread/WARN] [Sodium-VertexConsumerTracker/]: Class com.mojang.blaze3d.vertex.BufferBuilder does not support optimized vertex writing code paths, which may cause reduced rendering performance
[04Aug2026 05:23:30.364] [Photonics Light List Compiler/INFO] [Photonics/]: Photonics light candidates v18: eligible=88, selected=88, maxLights=4000, lightSections=10, capped=false
[04Aug2026 05:23:30.364] [Photonics Light List Compiler/INFO] [Photonics/]: Photonics light-list publication v88: coalescedBatches=35, peakPendingSections=1991, remainingSections=1159, deferredMs=262.507
[04Aug2026 05:23:30.415] [Render thread/INFO] [DistantHorizons-DistantHorizons-com.seibel.distanthorizons.common.render.openGl.glObject.GLProxy/]: Iris detected, Distant Horizons OpenGL error logging won't be sent in the chat due to Iris throwing known (harmless) OpenGL errors. This is a bug with Iris, not Distant Horizons.
[04Aug2026 05:23:30.416] [Render thread/INFO] [DistantHorizons-DistantHorizons-com.seibel.distanthorizons.common.render.openGl.glObject.GLProxy/]: Creating [GLProxy]... If this is the last message you see there must have been an OpenGL error.
[04Aug2026 05:23:30.416] [Render thread/INFO] [DistantHorizons-DistantHorizons-com.seibel.distanthorizons.common.render.openGl.glObject.GLProxy/]: Lod Render OpenGL version [4.6 (Core Profile) Mesa 26.1.2 - kisak-mesa PPA].
[04Aug2026 05:23:30.419] [Render thread/INFO] [DistantHorizons-DistantHorizons-com.seibel.distanthorizons.common.render.openGl.glObject.GLProxy/]: minecraftGlCapabilities:
Your OpenGL support:
openGL version 3.3+: [true] <- REQUIRED
Vertex Attribute Buffer Binding: [true] <- optional improvement
Buffer Storage: [true] <- optional improvement

[04Aug2026 05:23:30.426] [Render thread/INFO] [DistantHorizons-DistantHorizons-com.seibel.distanthorizons.common.render.openGl.glObject.GLProxy/]: GPU Vendor [AMD] with OS [Linux], Preferred upload method is [BUFFER_STORAGE].
[04Aug2026 05:23:30.426] [Render thread/INFO] [DistantHorizons-DistantHorizons-com.seibel.distanthorizons.common.render.openGl.glObject.GLProxy/]: GLProxy creation successful. OpenGL smiles upon you this day.
[04Aug2026 05:23:30.426] [Render thread/INFO] [DistantHorizons-DistantHorizons-com.seibel.distanthorizons.common.render.openGl.GlDhMetaRenderer_neoforge/]: Setting up renderer
[04Aug2026 05:23:30.433] [Render thread/INFO] [DistantHorizons-DistantHorizons-com.seibel.distanthorizons.common.render.openGl.GlDhMetaRenderer_neoforge/]: Renderer setup complete
[04Aug2026 05:23:30.437] [Render thread/INFO] [DistantHorizons-DistantHorizons-com.seibel.distanthorizons.common.render.openGl.glObject.shader.GlShader/]: Loading shader with type: [35633]
[04Aug2026 05:23:30.437] [Render thread/INFO] [DistantHorizons-DistantHorizons-com.seibel.distanthorizons.common.render.openGl.glObject.shader.GlShader/]: Shader loaded sucessfully.
[04Aug2026 05:23:30.437] [Render thread/INFO] [DistantHorizons-DistantHorizons-com.seibel.distanthorizons.common.render.openGl.glObject.shader.GlShader/]: Loading shader with type: [35632]
[04Aug2026 05:23:30.437] [Render thread/INFO] [DistantHorizons-DistantHorizons-com.seibel.distanthorizons.common.render.openGl.glObject.shader.GlShader/]: Shader loaded sucessfully.
[04Aug2026 05:23:30.439] [Render thread/INFO] [DistantHorizons-DistantHorizons-com.seibel.distanthorizons.common.render.openGl.glObject.vertexAttribute.GlVertexAttributePostGL43/]: Vertex Attribute (GL43+) completed. It contains 1 binding points and a stride size of 16
[04Aug2026 05:23:30.440] [Render thread/INFO] [DistantHorizons-DistantHorizons-com.seibel.distanthorizons.core.render.renderer.LodRenderer/]: Overriding vanilla MC settings to better fit Distant Horizons... This behavior can be disabled in the Distant Horizons config.
[04Aug2026 05:23:30.440] [Render thread/INFO] [DistantHorizons-DistantHorizons-com.seibel.distanthorizons.common.wrappers.minecraft.MinecraftClientWrapper_neoforge/]: Disabling vanilla clouds... This is done to prevent vanilla clouds from rendering on top of Distant Horizons LODs.
[04Aug2026 05:23:30.440] [Render thread/INFO] [DistantHorizons-DistantHorizons-com.seibel.distanthorizons.common.wrappers.minecraft.MinecraftClientWrapper_neoforge/]: Disabling fabulous graphics... This is done to fix vanilla chunks (specifically water blocks) not fading into Distant Horizons LODs when DH's 'Vanilla Fade' option is enabled.
[04Aug2026 05:23:30.443] [Render thread/INFO] [DistantHorizons-DistantHorizons-com.seibel.distanthorizons.common.render.openGl.glObject.shader.GlShader/]: Loading shader with type: [35633]
[04Aug2026 05:23:30.443] [Render thread/INFO] [DistantHorizons-DistantHorizons-com.seibel.distanthorizons.common.render.openGl.glObject.shader.GlShader/]: Shader loaded sucessfully.
[04Aug2026 05:23:30.443] [Render thread/INFO] [DistantHorizons-DistantHorizons-com.seibel.distanthorizons.common.render.openGl.glObject.shader.GlShader/]: Loading shader with type: [35632]
[04Aug2026 05:23:30.443] [Render thread/INFO] [DistantHorizons-DistantHorizons-com.seibel.distanthorizons.common.render.openGl.glObject.shader.GlShader/]: Shader loaded sucessfully.
[04Aug2026 05:23:30.445] [Render thread/INFO] [DistantHorizons-DistantHorizons-com.seibel.distanthorizons.common.render.openGl.glObject.vertexAttribute.GlVertexAttributePostGL43/]: Vertex Attribute (GL43+) completed. It contains 1 binding points and a stride size of 12
[04Aug2026 05:23:30.445] [Render thread/INFO] [DistantHorizons-DistantHorizons-com.seibel.distanthorizons.common.render.openGl.glObject.shader.GlShader/]: Loading shader with type: [35633]
[04Aug2026 05:23:30.445] [Render thread/INFO] [DistantHorizons-DistantHorizons-com.seibel.distanthorizons.common.render.openGl.glObject.shader.GlShader/]: Shader loaded sucessfully.
[04Aug2026 05:23:30.445] [Render thread/INFO] [DistantHorizons-DistantHorizons-com.seibel.distanthorizons.common.render.openGl.glObject.shader.GlShader/]: Loading shader with type: [35632]
[04Aug2026 05:23:30.445] [Render thread/INFO] [DistantHorizons-DistantHorizons-com.seibel.distanthorizons.common.render.openGl.glObject.shader.GlShader/]: Shader loaded sucessfully.
[04Aug2026 05:23:30.446] [Render thread/INFO] [DistantHorizons-DistantHorizons-com.seibel.distanthorizons.common.render.openGl.glObject.vertexAttribute.GlVertexAttributePostGL43/]: Vertex Attribute (GL43+) completed. It contains 1 binding points and a stride size of 12
[04Aug2026 05:23:30.490] [Render thread/INFO] [top.leonx.irisveil.IrisVeilCompat/]: IrisVeilCompat: using Block program with dithering for translucent 'aeronautics:levitite/levitite'
[04Aug2026 05:23:30.539] [Render thread/WARN] [net.irisshaders.iris.pipeline.transform.transformer.CompatibilityTransformer/]: The in declaration '_veil_ghostNoiseMagnitude' in the gbuffers_veil_aeronautics_levitite_levitite FRAGMENT shader is missing a corresponding out declaration in the previous stage VERTEX and has been compatibility-patched. See debugging.md for more information.
[04Aug2026 05:23:30.539] [Render thread/WARN] [net.irisshaders.iris.pipeline.transform.transformer.CompatibilityTransformer/]: The in declaration '_veil_depth' in the gbuffers_veil_aeronautics_levitite_levitite FRAGMENT shader is missing a corresponding out declaration in the previous stage VERTEX and has been compatibility-patched. See debugging.md for more information.
[04Aug2026 05:23:30.539] [Render thread/WARN] [net.irisshaders.iris.pipeline.transform.transformer.CompatibilityTransformer/]: The in declaration '_veil_ghostLayerFullness' in the gbuffers_veil_aeronautics_levitite_levitite FRAGMENT shader is missing a corresponding out declaration in the previous stage VERTEX and has been compatibility-patched. See debugging.md for more information.
[04Aug2026 05:23:30.542] [Render thread/INFO] [top.leonx.irisveil.IrisVeilCompat/]: IrisVeilCompat: created Iris ShaderInstance for 'aeronautics:levitite/levitite'
[04Aug2026 05:23:30.556] [Render thread/INFO] [Photonics/]: Photonics history reset v18: reason=initial-clear, buffer=side-b, attachments=[ph_frag_data0, ph_frag_data1], size=-1x-1 -> 1686x685
[04Aug2026 05:23:30.556] [Render thread/INFO] [Photonics/]: Photonics history reset v18: reason=initial-clear, buffer=side-a, attachments=[ph_frag_data0, ph_frag_data1], size=-1x-1 -> 1686x685
[04Aug2026 05:23:30.558] [Render thread/INFO] [Photonics/]: Photonics history reset v18: reason=initial-clear, buffer=side-b, attachments=[restir_lighting, restir_lighting_variance, restir_direct_reservoirs0, restir_direct_state, restir_indirect_reservoirs0, restir_indirect_reservoirs1, restir_external_lighting], size=-1x-1 -> 1686x685
[04Aug2026 05:23:30.558] [Render thread/INFO] [Photonics/]: Photonics history reset v18: reason=initial-clear, buffer=side-a, attachments=[restir_lighting, restir_lighting_variance, restir_direct_reservoirs0, restir_direct_state, restir_indirect_reservoirs0, restir_indirect_reservoirs1, restir_external_lighting], size=-1x-1 -> 1686x685
[04Aug2026 05:23:30.560] [Render thread/INFO] [Photonics/]: Photonics history reset v18: reason=initial-clear, buffer=side-a, attachments=[denoise_result], size=-1x-1 -> 1686x685
[04Aug2026 05:23:30.560] [Render thread/INFO] [Photonics/]: Photonics history reset v18: reason=initial-clear, buffer=side-b, attachments=[denoise_result], size=-1x-1 -> 1686x685
[04Aug2026 05:23:30.565] [Render thread/INFO] [Photonics/]: Photonics history reset v18: reason=initial-clear, buffer=side-b, attachments=[photonics_temporal_lighting, photonics_temporal_surface], size=-1x-1 -> 3373x1371
[04Aug2026 05:23:30.565] [Render thread/INFO] [Photonics/]: Photonics history reset v18: reason=initial-clear, buffer=side-a, attachments=[photonics_temporal_lighting, photonics_temporal_surface], size=-1x-1 -> 3373x1371
[04Aug2026 05:23:30.578] [Photonics Light List Compiler/INFO] [Photonics/]: Photonics light candidates v18: eligible=153, selected=153, maxLights=4000, lightSections=11, capped=false
[04Aug2026 05:23:30.578] [Photonics Light List Compiler/INFO] [Photonics/]: Photonics light-list publication v88: coalescedBatches=25, peakPendingSections=1111, remainingSections=0, deferredMs=206.610
[04Aug2026 05:23:30.585] [Render thread/INFO] [Veil/]: Multi-Bind supported, using core
[04Aug2026 05:23:30.606] [Render thread/INFO] [xaero.hud.minimap.MinimapLogs/]: Reloading radar icon resources...
[04Aug2026 05:23:30.615] [Render thread/INFO] [xaero.hud.minimap.MinimapLogs/]: Reloaded radar icon resources!
[04Aug2026 05:23:30.831] [Render thread/INFO] [Photonics/]: Photonics light list pending: 0 -> 153
[04Aug2026 05:23:30.845] [Photonic Chunk Compiler #0/INFO] [Photonics/]: Photonics voxel diagnostic: state=Block{minecraft:verdant_froglight}[axis=y] vertexHash=67f88826cd636928 complete=true samples=1600 alphaZero=0 alphaPartial=0 alphaOpaque=1600 alphaMean=255.0 alphaRange=255-255 rgbMean=[217.1,237.8,214.6] rgbRange=[120-248,166-253,92-248] voxels=1352 aabb=[0,0,0]-[15,15,15] parts=[( 0.000E+0  0.000E+0  0.000E+0)]
[04Aug2026 05:23:30.846] [Photonic Chunk Compiler #0/INFO] [Photonics/]: Photonics voxel occupancy: state=Block{minecraft:verdant_froglight}[axis=y] part=( 0.000E+0  0.000E+0  0.000E+0) slices=y0=ffff/ffff/ffff/ffff/ffff/ffff/ffff/ffff/ffff/ffff/ffff/ffff/ffff/ffff/ffff/ffff;y1=ffff/8001/8001/8001/8001/8001/8001/8001/8001/8001/8001/8001/8001/8001/8001/ffff;y2=ffff/8001/8001/8001/8001/8001/8001/8001/8001/8001/8001/8001/8001/8001/8001/ffff;y3=ffff/8001/8001/8001/8001/8001/8001/8001/8001/8001/8001/8001/8001/8001/8001/ffff;y4=ffff/8001/8001/8001/8001/8001/8001/8001/8001/8001/8001/8001/8001/8001/8001/ffff;y5=ffff/8001/8001/8001/8001/8001/8001/8001/8001/8001/8001/8001/8001/8001/8001/ffff;y6=ffff/8001/8001/8001/8001/8001/8001/8001/8001/8001/8001/8001/8001/8001/8001/ffff;y7=ffff/8001/8001/8001/8001/8001/8001/8001/8001/8001/8001/8001/8001/8001/8001/ffff;y8=ffff/8001/8001/8001/8001/8001/8001/8001/8001/8001/8001/8001/8001/8001/8001/ffff;y9=ffff/8001/8001/8001/8001/8001/8001/8001/8001/8001/8001/8001/8001/8001/8001/ffff;y10=ffff/8001/8001/8001/8001/8001/8001/8001/8001/8001/8001/8001/8001/8001/8001/ffff;y11=ffff/8001/8001/8001/8001/8001/8001/8001/8001/8001/8001/8001/8001/8001/8001/ffff;y12=ffff/8001/8001/8001/8001/8001/8001/8001/8001/8001/8001/8001/8001/8001/8001/ffff;y13=ffff/8001/8001/8001/8001/8001/8001/8001/8001/8001/8001/8001/8001/8001/8001/ffff;y14=ffff/8001/8001/8001/8001/8001/8001/8001/8001/8001/8001/8001/8001/8001/8001/ffff;y15=ffff/ffff/ffff/ffff/ffff/ffff/ffff/ffff/ffff/ffff/ffff/ffff/ffff/ffff/ffff/ffff
[04Aug2026 05:23:30.848] [Photonic Chunk Compiler #1/INFO] [Photonics/]: Photonics voxel diagnostic: state=Block{minecraft:verdant_froglight}[axis=x] vertexHash=cfbff6b05583d534 complete=true samples=1600 alphaZero=0 alphaPartial=0 alphaOpaque=1600 alphaMean=255.0 alphaRange=255-255 rgbMean=[217.2,237.8,214.8] rgbRange=[120-248,166-253,92-248] voxels=1352 aabb=[0,0,0]-[15,15,15] parts=[( 0.000E+0  0.000E+0  0.000E+0)]
[04Aug2026 05:23:30.849] [Photonic Chunk Compiler #1/INFO] [Photonics/]: Photonics voxel occupancy: state=Block{minecraft:verdant_froglight}[axis=x] part=( 0.000E+0  0.000E+0  0.000E+0) slices=y0=ffff/ffff/ffff/ffff/ffff/ffff/ffff/ffff/ffff/ffff/ffff/ffff/ffff/ffff/ffff/ffff;y1=ffff/8001/8001/8001/8001/8001/8001/8001/8001/8001/8001/8001/8001/8001/8001/ffff;y2=ffff/8001/8001/8001/8001/8001/8001/8001/8001/8001/8001/8001/8001/8001/8001/ffff;y3=ffff/8001/8001/8001/8001/8001/8001/8001/8001/8001/8001/8001/8001/8001/8001/ffff;y4=ffff/8001/8001/8001/8001/8001/8001/8001/8001/8001/8001/8001/8001/8001/8001/ffff;y5=ffff/8001/8001/8001/8001/8001/8001/8001/8001/8001/8001/8001/8001/8001/8001/ffff;y6=ffff/8001/8001/8001/8001/8001/8001/8001/8001/8001/8001/8001/8001/8001/8001/ffff;y7=ffff/8001/8001/8001/8001/8001/8001/8001/8001/8001/8001/8001/8001/8001/8001/ffff;y8=ffff/8001/8001/8001/8001/8001/8001/8001/8001/8001/8001/8001/8001/8001/8001/ffff;y9=ffff/8001/8001/8001/8001/8001/8001/8001/8001/8001/8001/8001/8001/8001/8001/ffff;y10=ffff/8001/8001/8001/8001/8001/8001/8001/8001/8001/8001/8001/8001/8001/8001/ffff;y11=ffff/8001/8001/8001/8001/8001/8001/8001/8001/8001/8001/8001/8001/8001/8001/ffff;y12=ffff/8001/8001/8001/8001/8001/8001/8001/8001/8001/8001/8001/8001/8001/8001/ffff;y13=ffff/8001/8001/8001/8001/8001/8001/8001/8001/8001/8001/8001/8001/8001/8001/ffff;y14=ffff/8001/8001/8001/8001/8001/8001/8001/8001/8001/8001/8001/8001/8001/8001/ffff;y15=ffff/ffff/ffff/ffff/ffff/ffff/ffff/ffff/ffff/ffff/ffff/ffff/ffff/ffff/ffff/ffff
[04Aug2026 05:23:31.216] [Render thread/INFO] [Photonics/]: Photonics world tracing v72: revision=2, settled=false, compiledSections=49, trackedSections=2014, batchBuilt=48, batchUnloaded=0, pendingBuilds=75, pendingUnloads=0, ready=true, depth=6, blockBounds=( 1.280E+2  1.440E+2  1.600E+2)..( 2.400E+2  2.240E+2  2.720E+2), treeBounds=( 0.000E+0  0.000E+0  0.000E+0)..( 1.024E+3  1.024E+3  1.024E+3), origin=(-1.920E+2 -1.920E+2 -1.920E+2), boundsSource=compiled, compileMs=100.754
[04Aug2026 05:23:32.291] [Render thread/INFO] [Photonics/]: Photonics world tracing v72: revision=14, settled=false, compiledSections=625, trackedSections=2014, batchBuilt=48, batchUnloaded=0, pendingBuilds=88, pendingUnloads=0, ready=true, depth=6, blockBounds=( 4.800E+1  1.280E+2  4.800E+1)..( 3.360E+2  2.240E+2  3.840E+2), treeBounds=( 0.000E+0  0.000E+0  0.000E+0)..( 1.024E+3  1.024E+3  1.024E+3), origin=(-1.920E+2 -1.920E+2 -1.920E+2), boundsSource=compiled, compileMs=59.308
[04Aug2026 05:23:33.329] [Render thread/INFO] [Photonics/]: Photonics world tracing v72: revision=28, settled=false, compiledSections=1294, trackedSections=2014, batchBuilt=48, batchUnloaded=0, pendingBuilds=96, pendingUnloads=0, ready=true, depth=6, blockBounds=( 3.200E+1  1.280E+2  4.800E+1)..( 3.680E+2  2.240E+2  3.840E+2), treeBounds=( 0.000E+0  0.000E+0  0.000E+0)..( 1.024E+3  1.024E+3  1.024E+3), origin=(-1.920E+2 -1.920E+2 -1.920E+2), boundsSource=compiled, compileMs=71.160
[04Aug2026 05:23:34.329] [Render thread/INFO] [net.minecraft.client.gui.components.ChatComponent/]: [System] [CHAT] Distant Horizons: G1 Garbage collector detected.\nThis can cause FPS stuttering. \nIt's recommended to use a concurrent garbage collector \nlike ZGC (Java 21+) or Shenandoah (Java 8 through 17) \nfor a smoother experience. \nThis warning can be disabled in the DH config.
[04Aug2026 05:23:34.379] [Render thread/INFO] [Photonics/]: Photonics pass timing v73: group=frag data, passes=[frag data], viewport=1686x685, megapixels=1.155, cpuInvocations=134, cpuSubmitAvgMs=0.075, cpuSubmitMaxMs=0.725, gpuSamples=34, gpuAvgMs=0.082, gpuMaxMs=0.090, gpuAvgMsPerMP=0.071
[04Aug2026 05:23:34.379] [Render thread/INFO] [Photonics/]: Photonics frame throughput v78: viewport=1686x685, windowSeconds=5.005, renderedFrames=134, fps=26.772, frameAvgMs=37.352
[04Aug2026 05:23:34.411] [Render thread/INFO] [Photonics/]: Photonics pass timing v73: group=restir direct, passes=[initial direct + visibility], viewport=1686x685, megapixels=1.155, cpuInvocations=136, cpuSubmitAvgMs=0.053, cpuSubmitMaxMs=0.305, gpuSamples=34, gpuAvgMs=0.406, gpuMaxMs=0.474, gpuAvgMsPerMP=0.351
[04Aug2026 05:23:34.424] [Render thread/INFO] [Photonics/]: Photonics world tracing v72: revision=40, settled=false, compiledSections=1870, trackedSections=2014, batchBuilt=48, batchUnloaded=0, pendingBuilds=96, pendingUnloads=0, ready=true, depth=6, blockBounds=( 3.200E+1  1.280E+2  4.800E+1)..( 3.680E+2  2.240E+2  3.840E+2), treeBounds=( 0.000E+0  0.000E+0  0.000E+0)..( 1.024E+3  1.024E+3  1.024E+3), origin=(-1.920E+2 -1.920E+2 -1.920E+2), boundsSource=compiled, compileMs=89.922
[04Aug2026 05:23:34.428] [Render thread/INFO] [Photonics/]: Photonics pass timing v73: group=restir gi initial, passes=[initial indirect], viewport=1686x685, megapixels=1.155, cpuInvocations=137, cpuSubmitAvgMs=0.020, cpuSubmitMaxMs=0.214, gpuSamples=34, gpuAvgMs=0.262, gpuMaxMs=0.286, gpuAvgMsPerMP=0.227
[04Aug2026 05:23:34.446] [Render thread/INFO] [Photonics/]: Photonics pass timing v73: group=restir temporal, passes=[temporal reuse + tri-state GI classification], viewport=1686x685, megapixels=1.155, cpuInvocations=138, cpuSubmitAvgMs=0.025, cpuSubmitMaxMs=0.076, gpuSamples=35, gpuAvgMs=0.455, gpuMaxMs=0.503, gpuAvgMsPerMP=0.394
[04Aug2026 05:23:34.446] [Render thread/INFO] [Photonics/]: Photonics pass timing v73: group=restir spatial copy, passes=[copy spatial input], viewport=1686x685, megapixels=1.155, cpuInvocations=138, cpuSubmitAvgMs=0.017, cpuSubmitMaxMs=0.094, gpuSamples=35, gpuAvgMs=0.198, gpuMaxMs=0.232, gpuAvgMsPerMP=0.171
[04Aug2026 05:23:34.477] [Render thread/INFO] [Photonics/]: Photonics pass timing v73: group=restir spatial, passes=[spatial reuse/clamp + tri-state GI classification], viewport=1686x685, megapixels=1.155, cpuInvocations=140, cpuSubmitAvgMs=0.016, cpuSubmitMaxMs=0.125, gpuSamples=35, gpuAvgMs=0.419, gpuMaxMs=0.449, gpuAvgMsPerMP=0.363
[04Aug2026 05:23:34.495] [Render thread/INFO] [Photonics/]: Photonics pass timing v73: group=restir diffuse, passes=[diffuse], viewport=1686x685, megapixels=1.155, cpuInvocations=141, cpuSubmitAvgMs=0.017, cpuSubmitMaxMs=0.119, gpuSamples=35, gpuAvgMs=0.316, gpuMaxMs=0.336, gpuAvgMsPerMP=0.274
[04Aug2026 05:23:34.496] [Render thread/INFO] [Photonics/]: Photonics pass timing v73: group=restir accumulation, passes=[accumulation], viewport=1686x685, megapixels=1.155, cpuInvocations=141, cpuSubmitAvgMs=0.022, cpuSubmitMaxMs=0.088, gpuSamples=35, gpuAvgMs=0.587, gpuMaxMs=0.643, gpuAvgMsPerMP=0.508
[04Aug2026 05:23:34.512] [Render thread/INFO] [Photonics/]: Photonics pass timing v73: group=svgf variance, passes=[variance prefilter], viewport=1686x685, megapixels=1.155, cpuInvocations=142, cpuSubmitAvgMs=0.014, cpuSubmitMaxMs=0.064, gpuSamples=36, gpuAvgMs=0.505, gpuMaxMs=0.582, gpuAvgMsPerMP=0.437
[04Aug2026 05:23:34.531] [Render thread/INFO] [Photonics/]: Photonics pass timing v73: group=svgf atrous, passes=[atrous iteration], viewport=1686x685, megapixels=1.155, cpuInvocations=711, cpuSubmitAvgMs=0.007, cpuSubmitMaxMs=0.115, gpuSamples=178, gpuAvgMs=0.245, gpuMaxMs=0.332, gpuAvgMsPerMP=0.212
[04Aug2026 05:23:34.548] [Render thread/INFO] [Photonics/]: Photonics pass timing v73: group=restir local, passes=[exact local direct], viewport=1686x685, megapixels=1.155, cpuInvocations=144, cpuSubmitAvgMs=0.021, cpuSubmitMaxMs=0.066, gpuSamples=36, gpuAvgMs=0.008, gpuMaxMs=0.015, gpuAvgMsPerMP=0.007
[04Aug2026 05:23:34.548] [Render thread/INFO] [Photonics/]: Photonics pass timing v73: group=restir handheld, passes=[handheld], viewport=1686x685, megapixels=1.155, cpuInvocations=144, cpuSubmitAvgMs=0.030, cpuSubmitMaxMs=0.190, gpuSamples=36, gpuAvgMs=0.012, gpuMaxMs=0.013, gpuAvgMsPerMP=0.010
[04Aug2026 05:23:34.548] [Render thread/INFO] [Photonics/]: Photonics pass timing v73: group=photonics temporal source, passes=[compose low-resolution lighting], viewport=1686x685, megapixels=1.155, cpuInvocations=144, cpuSubmitAvgMs=0.009, cpuSubmitMaxMs=0.041, gpuSamples=36, gpuAvgMs=0.014, gpuMaxMs=0.015, gpuAvgMsPerMP=0.012
[04Aug2026 05:23:34.587] [Render thread/INFO] [Photonics/]: Photonics pass timing v73: group=photonics temporal reconstruction, passes=[reconstruct lighting], viewport=3373x1371, megapixels=4.624, cpuInvocations=145, cpuSubmitAvgMs=0.019, cpuSubmitMaxMs=0.117, gpuSamples=36, gpuAvgMs=0.720, gpuMaxMs=0.750, gpuAvgMsPerMP=0.156
[04Aug2026 05:23:35.627] [Render thread/INFO] [Photonics/]: Photonics world tracing v72: revision=44, settled=false, compiledSections=2014, trackedSections=2014, batchBuilt=1, batchUnloaded=0, pendingBuilds=0, pendingUnloads=0, ready=true, depth=6, blockBounds=( 3.200E+1  1.280E+2  4.800E+1)..( 3.680E+2  2.240E+2  3.840E+2), treeBounds=( 0.000E+0  0.000E+0  0.000E+0)..( 1.024E+3  1.024E+3  1.024E+3), origin=(-1.920E+2 -1.920E+2 -1.920E+2), boundsSource=compiled, compileMs=36.355
[04Aug2026 05:23:36.731] [Render thread/INFO] [Photonics/]: Photonics world tracing v72: revision=45, settled=false, compiledSections=2014, trackedSections=2014, batchBuilt=1, batchUnloaded=0, pendingBuilds=3, pendingUnloads=0, ready=true, depth=6, blockBounds=( 3.200E+1  1.280E+2  4.800E+1)..( 3.680E+2  2.240E+2  3.840E+2), treeBounds=( 0.000E+0  0.000E+0  0.000E+0)..( 1.024E+3  1.024E+3  1.024E+3), origin=(-1.920E+2 -1.920E+2 -1.920E+2), boundsSource=compiled, compileMs=38.437
[04Aug2026 05:23:37.584] [Photonics Light List Compiler/INFO] [Photonics/]: Photonics light candidates v18: eligible=152, selected=152, maxLights=4000, lightSections=11, capped=false
[04Aug2026 05:23:37.586] [Render thread/INFO] [Photonics/]: Photonics light list pending: 153 -> 152
[04Aug2026 05:23:39.386] [Render thread/INFO] [Photonics/]: Photonics pass timing v73: group=frag data, passes=[frag data], viewport=1686x685, megapixels=1.155, cpuInvocations=299, cpuSubmitAvgMs=0.043, cpuSubmitMaxMs=0.127, gpuSamples=74, gpuAvgMs=0.086, gpuMaxMs=0.143, gpuAvgMsPerMP=0.074
[04Aug2026 05:23:39.386] [Render thread/INFO] [Photonics/]: Photonics frame throughput v78: viewport=1686x685, windowSeconds=5.008, renderedFrames=299, fps=59.701, frameAvgMs=16.750
[04Aug2026 05:23:39.418] [Render thread/INFO] [Photonics/]: Photonics pass timing v73: group=restir direct, passes=[initial direct + visibility], viewport=1686x685, megapixels=1.155, cpuInvocations=299, cpuSubmitAvgMs=0.027, cpuSubmitMaxMs=0.070, gpuSamples=75, gpuAvgMs=0.434, gpuMaxMs=0.523, gpuAvgMsPerMP=0.376
[04Aug2026 05:23:39.436] [Render thread/INFO] [Photonics/]: Photonics pass timing v73: group=restir gi initial, passes=[initial indirect], viewport=1686x685, megapixels=1.155, cpuInvocations=299, cpuSubmitAvgMs=0.011, cpuSubmitMaxMs=0.034, gpuSamples=75, gpuAvgMs=0.239, gpuMaxMs=0.292, gpuAvgMsPerMP=0.207
[04Aug2026 05:23:39.451] [Render thread/INFO] [Photonics/]: Photonics pass timing v73: group=restir temporal, passes=[temporal reuse + tri-state GI classification], viewport=1686x685, megapixels=1.155, cpuInvocations=299, cpuSubmitAvgMs=0.015, cpuSubmitMaxMs=0.069, gpuSamples=74, gpuAvgMs=0.408, gpuMaxMs=0.482, gpuAvgMsPerMP=0.353
[04Aug2026 05:23:39.451] [Render thread/INFO] [Photonics/]: Photonics pass timing v73: group=restir spatial copy, passes=[copy spatial input], viewport=1686x685, megapixels=1.155, cpuInvocations=299, cpuSubmitAvgMs=0.011, cpuSubmitMaxMs=0.030, gpuSamples=74, gpuAvgMs=0.207, gpuMaxMs=0.228, gpuAvgMsPerMP=0.179
[04Aug2026 05:23:39.486] [Render thread/INFO] [Photonics/]: Photonics pass timing v73: group=restir spatial, passes=[spatial reuse/clamp + tri-state GI classification], viewport=1686x685, megapixels=1.155, cpuInvocations=299, cpuSubmitAvgMs=0.009, cpuSubmitMaxMs=0.028, gpuSamples=75, gpuAvgMs=0.336, gpuMaxMs=0.446, gpuAvgMsPerMP=0.291
[04Aug2026 05:23:39.501] [Render thread/INFO] [Photonics/]: Photonics pass timing v73: group=restir diffuse, passes=[diffuse], viewport=1686x685, megapixels=1.155, cpuInvocations=299, cpuSubmitAvgMs=0.011, cpuSubmitMaxMs=0.053, gpuSamples=75, gpuAvgMs=0.375, gpuMaxMs=0.471, gpuAvgMsPerMP=0.324
[04Aug2026 05:23:39.501] [Render thread/INFO] [Photonics/]: Photonics pass timing v73: group=restir accumulation, passes=[accumulation], viewport=1686x685, megapixels=1.155, cpuInvocations=299, cpuSubmitAvgMs=0.015, cpuSubmitMaxMs=0.033, gpuSamples=75, gpuAvgMs=0.570, gpuMaxMs=0.661, gpuAvgMsPerMP=0.494
[04Aug2026 05:23:39.519] [Render thread/INFO] [Photonics/]: Photonics pass timing v73: group=svgf variance, passes=[variance prefilter], viewport=1686x685, megapixels=1.155, cpuInvocations=299, cpuSubmitAvgMs=0.009, cpuSubmitMaxMs=0.061, gpuSamples=74, gpuAvgMs=0.506, gpuMaxMs=0.592, gpuAvgMsPerMP=0.438
[04Aug2026 05:23:39.538] [Render thread/INFO] [Photonics/]: Photonics pass timing v73: group=svgf atrous, passes=[atrous iteration], viewport=1686x685, megapixels=1.155, cpuInvocations=1495, cpuSubmitAvgMs=0.003, cpuSubmitMaxMs=0.021, gpuSamples=374, gpuAvgMs=0.242, gpuMaxMs=0.335, gpuAvgMsPerMP=0.210
[04Aug2026 05:23:39.553] [Render thread/INFO] [Photonics/]: Photonics pass timing v73: group=restir local, passes=[exact local direct], viewport=1686x685, megapixels=1.155, cpuInvocations=299, cpuSubmitAvgMs=0.011, cpuSubmitMaxMs=0.166, gpuSamples=75, gpuAvgMs=0.008, gpuMaxMs=0.015, gpuAvgMsPerMP=0.007
[04Aug2026 05:23:39.553] [Render thread/INFO] [Photonics/]: Photonics pass timing v73: group=restir handheld, passes=[handheld], viewport=1686x685, megapixels=1.155, cpuInvocations=299, cpuSubmitAvgMs=0.016, cpuSubmitMaxMs=0.311, gpuSamples=75, gpuAvgMs=0.012, gpuMaxMs=0.013, gpuAvgMsPerMP=0.010
[04Aug2026 05:23:39.553] [Render thread/INFO] [Photonics/]: Photonics pass timing v73: group=photonics temporal source, passes=[compose low-resolution lighting], viewport=1686x685, megapixels=1.155, cpuInvocations=299, cpuSubmitAvgMs=0.005, cpuSubmitMaxMs=0.015, gpuSamples=75, gpuAvgMs=0.014, gpuMaxMs=0.016, gpuAvgMsPerMP=0.012
[04Aug2026 05:23:39.589] [Render thread/INFO] [Photonics/]: Photonics pass timing v73: group=photonics temporal reconstruction, passes=[reconstruct lighting], viewport=3373x1371, megapixels=4.624, cpuInvocations=300, cpuSubmitAvgMs=0.011, cpuSubmitMaxMs=0.021, gpuSamples=75, gpuAvgMs=0.739, gpuMaxMs=0.759, gpuAvgMsPerMP=0.160
[04Aug2026 05:23:39.635] [Render thread/INFO] [Photonics/]: Photonics world tracing v72: revision=47, settled=true, compiledSections=2014, trackedSections=2014, batchBuilt=1, batchUnloaded=0, pendingBuilds=0, pendingUnloads=0, ready=true, depth=6, blockBounds=( 3.200E+1  1.280E+2  4.800E+1)..( 3.680E+2  2.240E+2  3.840E+2), treeBounds=( 0.000E+0  0.000E+0  0.000E+0)..( 1.024E+3  1.024E+3  1.024E+3), origin=(-1.920E+2 -1.920E+2 -1.920E+2), boundsSource=compiled, compileMs=38.258
[04Aug2026 05:23:39.636] [Render thread/INFO] [Photonics/]: Photonics memory v72: jvmHeap={usedBytes=1913142832, committedBytes=2961178624, maxBytes=8589934592}, jvmGc={collections=96, timeMs=740}, worldHeap=GpuBufferHeapStats[capacityBytes=536870912, reservedBytes=135751092, liveBytes=135747828, peakLiveBytes=135748020, reusableBytes=3264, allocations=109465, reusedAllocations=119, frees=130, failedAllocations=0], paletteHeap=GpuBufferHeapStats[capacityBytes=201326592, reservedBytes=96000, liveBytes=96000, peakLiveBytes=96000, reusableBytes=0, allocations=1000, reusedAllocations=0, frees=0, failedAllocations=0], registries={lights=Stats[cachedObjects=1, pendingFreeObjects=0, allocatedObjects=1, failedAllocations=0], palettes=Stats[cachedObjects=1000, pendingFreeObjects=0, allocatedObjects=1000, failedAllocations=0], blocks=Stats[cachedObjects=1355, pendingFreeObjects=0, allocatedObjects=1355, failedAllocations=0], models=Stats[cachedObjects=29, pendingFreeObjects=0, allocatedObjects=29, failedAllocations=0]}
[04Aug2026 05:23:40.153] [Render thread/INFO] [Photonics/]: Photonics direct reservoir sample v64: samples=120, populated=72, emptyOrBackground=0, visibilityRejected=48, invalid=0, overLegacyCap=0, overTemporalCap=0, totalSamplesRange=27.9..128.0, viewport=1686x685
[04Aug2026 05:23:44.086] [Render thread/INFO] [Photonics/]: Photonics world tracing v72: revision=48, settled=false, compiledSections=2014, trackedSections=2014, batchBuilt=1, batchUnloaded=0, pendingBuilds=3, pendingUnloads=0, ready=true, depth=6, blockBounds=( 3.200E+1  1.280E+2  4.800E+1)..( 3.680E+2  2.240E+2  3.840E+2), treeBounds=( 0.000E+0  0.000E+0  0.000E+0)..( 1.024E+3  1.024E+3  1.024E+3), origin=(-1.920E+2 -1.920E+2 -1.920E+2), boundsSource=compiled, compileMs=36.550
[04Aug2026 05:23:44.390] [Render thread/INFO] [Photonics/]: Photonics pass timing v73: group=frag data, passes=[frag data], viewport=1686x685, megapixels=1.155, cpuInvocations=299, cpuSubmitAvgMs=0.042, cpuSubmitMaxMs=0.122, gpuSamples=75, gpuAvgMs=0.083, gpuMaxMs=0.133, gpuAvgMsPerMP=0.072
[04Aug2026 05:23:44.390] [Render thread/INFO] [Photonics/]: Photonics frame throughput v78: viewport=1686x685, windowSeconds=5.004, renderedFrames=299, fps=59.751, frameAvgMs=16.736
[04Aug2026 05:23:44.421] [Render thread/INFO] [Photonics/]: Photonics pass timing v73: group=restir direct, passes=[initial direct + visibility], viewport=1686x685, megapixels=1.155, cpuInvocations=299, cpuSubmitAvgMs=0.027, cpuSubmitMaxMs=0.174, gpuSamples=75, gpuAvgMs=0.502, gpuMaxMs=0.538, gpuAvgMsPerMP=0.435
[04Aug2026 05:23:44.439] [Render thread/INFO] [Photonics/]: Photonics pass timing v73: group=restir gi initial, passes=[initial indirect], viewport=1686x685, megapixels=1.155, cpuInvocations=299, cpuSubmitAvgMs=0.012, cpuSubmitMaxMs=0.052, gpuSamples=75, gpuAvgMs=0.245, gpuMaxMs=0.451, gpuAvgMsPerMP=0.212
[04Aug2026 05:23:44.454] [Render thread/INFO] [Photonics/]: Photonics pass timing v73: group=restir temporal, passes=[temporal reuse + tri-state GI classification], viewport=1686x685, megapixels=1.155, cpuInvocations=299, cpuSubmitAvgMs=0.013, cpuSubmitMaxMs=0.024, gpuSamples=75, gpuAvgMs=0.352, gpuMaxMs=0.565, gpuAvgMsPerMP=0.305
[04Aug2026 05:23:44.454] [Render thread/INFO] [Photonics/]: Photonics pass timing v73: group=restir spatial copy, passes=[copy spatial input], viewport=1686x685, megapixels=1.155, cpuInvocations=299, cpuSubmitAvgMs=0.011, cpuSubmitMaxMs=0.031, gpuSamples=75, gpuAvgMs=0.220, gpuMaxMs=0.251, gpuAvgMsPerMP=0.191
[04Aug2026 05:23:44.490] [Render thread/INFO] [Photonics/]: Photonics pass timing v73: group=restir spatial, passes=[spatial reuse/clamp + tri-state GI classification], viewport=1686x685, megapixels=1.155, cpuInvocations=299, cpuSubmitAvgMs=0.009, cpuSubmitMaxMs=0.033, gpuSamples=75, gpuAvgMs=0.256, gpuMaxMs=0.591, gpuAvgMsPerMP=0.222
[04Aug2026 05:23:44.504] [Render thread/INFO] [Photonics/]: Photonics pass timing v73: group=restir diffuse, passes=[diffuse], viewport=1686x685, megapixels=1.155, cpuInvocations=299, cpuSubmitAvgMs=0.011, cpuSubmitMaxMs=0.030, gpuSamples=75, gpuAvgMs=0.452, gpuMaxMs=0.495, gpuAvgMsPerMP=0.392
[04Aug2026 05:23:44.504] [Render thread/INFO] [Photonics/]: Photonics pass timing v73: group=restir accumulation, passes=[accumulation], viewport=1686x685, megapixels=1.155, cpuInvocations=299, cpuSubmitAvgMs=0.013, cpuSubmitMaxMs=0.032, gpuSamples=75, gpuAvgMs=0.516, gpuMaxMs=0.565, gpuAvgMsPerMP=0.447
[04Aug2026 05:23:44.521] [Render thread/INFO] [Photonics/]: Photonics pass timing v73: group=svgf variance, passes=[variance prefilter], viewport=1686x685, megapixels=1.155, cpuInvocations=299, cpuSubmitAvgMs=0.009, cpuSubmitMaxMs=0.033, gpuSamples=75, gpuAvgMs=0.460, gpuMaxMs=0.507, gpuAvgMsPerMP=0.398
[04Aug2026 05:23:44.538] [Render thread/INFO] [Photonics/]: Photonics pass timing v73: group=svgf atrous, passes=[atrous iteration], viewport=1686x685, megapixels=1.155, cpuInvocations=1495, cpuSubmitAvgMs=0.003, cpuSubmitMaxMs=0.172, gpuSamples=373, gpuAvgMs=0.226, gpuMaxMs=0.262, gpuAvgMsPerMP=0.196
[04Aug2026 05:23:44.556] [Render thread/INFO] [Photonics/]: Photonics pass timing v73: group=restir local, passes=[exact local direct], viewport=1686x685, megapixels=1.155, cpuInvocations=299, cpuSubmitAvgMs=0.011, cpuSubmitMaxMs=0.020, gpuSamples=75, gpuAvgMs=0.008, gpuMaxMs=0.008, gpuAvgMsPerMP=0.007
[04Aug2026 05:23:44.556] [Render thread/INFO] [Photonics/]: Photonics pass timing v73: group=restir handheld, passes=[handheld], viewport=1686x685, megapixels=1.155, cpuInvocations=299, cpuSubmitAvgMs=0.015, cpuSubmitMaxMs=0.039, gpuSamples=75, gpuAvgMs=0.012, gpuMaxMs=0.013, gpuAvgMsPerMP=0.010
[04Aug2026 05:23:44.556] [Render thread/INFO] [Photonics/]: Photonics pass timing v73: group=photonics temporal source, passes=[compose low-resolution lighting], viewport=1686x685, megapixels=1.155, cpuInvocations=299, cpuSubmitAvgMs=0.005, cpuSubmitMaxMs=0.017, gpuSamples=75, gpuAvgMs=0.011, gpuMaxMs=0.016, gpuAvgMsPerMP=0.010
[04Aug2026 05:23:44.590] [Render thread/INFO] [Photonics/]: Photonics pass timing v73: group=photonics temporal reconstruction, passes=[reconstruct lighting], viewport=3373x1371, megapixels=4.624, cpuInvocations=299, cpuSubmitAvgMs=0.011, cpuSubmitMaxMs=0.020, gpuSamples=75, gpuAvgMs=0.728, gpuMaxMs=0.747, gpuAvgMsPerMP=0.157
[04Aug2026 05:23:46.139] [Render thread/INFO] [Photonics/]: Photonics world tracing v72: revision=49, settled=true, compiledSections=2014, trackedSections=2014, batchBuilt=3, batchUnloaded=0, pendingBuilds=0, pendingUnloads=0, ready=true, depth=6, blockBounds=( 3.200E+1  1.280E+2  4.800E+1)..( 3.680E+2  2.240E+2  3.840E+2), treeBounds=( 0.000E+0  0.000E+0  0.000E+0)..( 1.024E+3  1.024E+3  1.024E+3), origin=(-1.920E+2 -1.920E+2 -1.920E+2), boundsSource=compiled, compileMs=39.417
[04Aug2026 05:23:46.139] [Render thread/INFO] [Photonics/]: Photonics memory v72: jvmHeap={usedBytes=1935620968, committedBytes=3695181824, maxBytes=8589934592}, jvmGc={collections=99, timeMs=763}, worldHeap=GpuBufferHeapStats[capacityBytes=536870912, reservedBytes=135751092, liveBytes=135747828, peakLiveBytes=135748020, reusableBytes=3264, allocations=109465, reusedAllocations=119, frees=130, failedAllocations=0], paletteHeap=GpuBufferHeapStats[capacityBytes=201326592, reservedBytes=96000, liveBytes=96000, peakLiveBytes=96000, reusableBytes=0, allocations=1000, reusedAllocations=0, frees=0, failedAllocations=0], registries={lights=Stats[cachedObjects=1, pendingFreeObjects=0, allocatedObjects=1, failedAllocations=0], palettes=Stats[cachedObjects=1000, pendingFreeObjects=0, allocatedObjects=1000, failedAllocations=0], blocks=Stats[cachedObjects=1355, pendingFreeObjects=0, allocatedObjects=1355, failedAllocations=0], models=Stats[cachedObjects=29, pendingFreeObjects=0, allocatedObjects=29, failedAllocations=0]}
[04Aug2026 05:23:46.438] [Render thread/INFO] [Photonics/]: Photonics world tracing v72: revision=50, settled=false, compiledSections=2014, trackedSections=2014, batchBuilt=1, batchUnloaded=0, pendingBuilds=0, pendingUnloads=0, ready=true, depth=6, blockBounds=( 3.200E+1  1.280E+2  4.800E+1)..( 3.680E+2  2.240E+2  3.840E+2), treeBounds=( 0.000E+0  0.000E+0  0.000E+0)..( 1.024E+3  1.024E+3  1.024E+3), origin=(-1.920E+2 -1.920E+2 -1.920E+2), boundsSource=compiled, compileMs=38.508
[04Aug2026 05:23:48.191] [Render thread/INFO] [Photonics/]: Photonics direct reservoir sample v64: samples=120, populated=20, emptyOrBackground=0, visibilityRejected=93, invalid=7, overLegacyCap=0, overTemporalCap=0, totalSamplesRange=0.0..128.0, viewport=1686x685
[04Aug2026 05:23:48.439] [Render thread/INFO] [Photonics/]: Photonics world tracing v72: revision=50, settled=true, compiledSections=2014, trackedSections=2014, batchBuilt=1, batchUnloaded=0, pendingBuilds=0, pendingUnloads=0, ready=true, depth=6, blockBounds=( 3.200E+1  1.280E+2  4.800E+1)..( 3.680E+2  2.240E+2  3.840E+2), treeBounds=( 0.000E+0  0.000E+0  0.000E+0)..( 1.024E+3  1.024E+3  1.024E+3), origin=(-1.920E+2 -1.920E+2 -1.920E+2), boundsSource=compiled, compileMs=38.508
[04Aug2026 05:23:48.439] [Render thread/INFO] [Photonics/]: Photonics memory v72: jvmHeap={usedBytes=2157468344, committedBytes=3695181824, maxBytes=8589934592}, jvmGc={collections=99, timeMs=763}, worldHeap=GpuBufferHeapStats[capacityBytes=536870912, reservedBytes=135751092, liveBytes=135747828, peakLiveBytes=135748020, reusableBytes=3264, allocations=109465, reusedAllocations=119, frees=130, failedAllocations=0], paletteHeap=GpuBufferHeapStats[capacityBytes=201326592, reservedBytes=96000, liveBytes=96000, peakLiveBytes=96000, reusableBytes=0, allocations=1000, reusedAllocations=0, frees=0, failedAllocations=0], registries={lights=Stats[cachedObjects=1, pendingFreeObjects=0, allocatedObjects=1, failedAllocations=0], palettes=Stats[cachedObjects=1000, pendingFreeObjects=0, allocatedObjects=1000, failedAllocations=0], blocks=Stats[cachedObjects=1355, pendingFreeObjects=0, allocatedObjects=1355, failedAllocations=0], models=Stats[cachedObjects=29, pendingFreeObjects=0, allocatedObjects=29, failedAllocations=0]}
[04Aug2026 05:23:49.392] [Render thread/INFO] [Photonics/]: Photonics pass timing v73: group=frag data, passes=[frag data], viewport=1686x685, megapixels=1.155, cpuInvocations=299, cpuSubmitAvgMs=0.035, cpuSubmitMaxMs=0.097, gpuSamples=75, gpuAvgMs=0.086, gpuMaxMs=0.140, gpuAvgMsPerMP=0.075
[04Aug2026 05:23:49.393] [Render thread/INFO] [Photonics/]: Photonics frame throughput v78: viewport=1686x685, windowSeconds=5.002, renderedFrames=299, fps=59.775, frameAvgMs=16.729
[04Aug2026 05:23:49.425] [Render thread/INFO] [Photonics/]: Photonics pass timing v73: group=restir direct, passes=[initial direct + visibility], viewport=1686x685, megapixels=1.155, cpuInvocations=299, cpuSubmitAvgMs=0.023, cpuSubmitMaxMs=0.048, gpuSamples=74, gpuAvgMs=0.545, gpuMaxMs=0.740, gpuAvgMsPerMP=0.472
[04Aug2026 05:23:49.443] [Render thread/INFO] [Photonics/]: Photonics pass timing v73: group=restir gi initial, passes=[initial indirect], viewport=1686x685, megapixels=1.155, cpuInvocations=299, cpuSubmitAvgMs=0.011, cpuSubmitMaxMs=0.031, gpuSamples=75, gpuAvgMs=0.482, gpuMaxMs=0.915, gpuAvgMsPerMP=0.418
[04Aug2026 05:23:49.457] [Render thread/INFO] [Photonics/]: Photonics pass timing v73: group=restir temporal, passes=[temporal reuse + tri-state GI classification], viewport=1686x685, megapixels=1.155, cpuInvocations=299, cpuSubmitAvgMs=0.012, cpuSubmitMaxMs=0.033, gpuSamples=75, gpuAvgMs=0.585, gpuMaxMs=1.115, gpuAvgMsPerMP=0.507
[04Aug2026 05:23:49.457] [Render thread/INFO] [Photonics/]: Photonics pass timing v73: group=restir spatial copy, passes=[copy spatial input], viewport=1686x685, megapixels=1.155, cpuInvocations=299, cpuSubmitAvgMs=0.011, cpuSubmitMaxMs=0.027, gpuSamples=75, gpuAvgMs=0.195, gpuMaxMs=0.229, gpuAvgMsPerMP=0.169
[04Aug2026 05:23:49.492] [Render thread/INFO] [Photonics/]: Photonics pass timing v73: group=restir spatial, passes=[spatial reuse/clamp + tri-state GI classification], viewport=1686x685, megapixels=1.155, cpuInvocations=299, cpuSubmitAvgMs=0.009, cpuSubmitMaxMs=0.058, gpuSamples=74, gpuAvgMs=0.598, gpuMaxMs=1.166, gpuAvgMsPerMP=0.518
[04Aug2026 05:23:49.508] [Render thread/INFO] [Photonics/]: Photonics pass timing v73: group=restir diffuse, passes=[diffuse], viewport=1686x685, megapixels=1.155, cpuInvocations=299, cpuSubmitAvgMs=0.011, cpuSubmitMaxMs=0.042, gpuSamples=75, gpuAvgMs=0.475, gpuMaxMs=0.656, gpuAvgMsPerMP=0.411
[04Aug2026 05:23:49.508] [Render thread/INFO] [Photonics/]: Photonics pass timing v73: group=restir accumulation, passes=[accumulation], viewport=1686x685, megapixels=1.155, cpuInvocations=299, cpuSubmitAvgMs=0.013, cpuSubmitMaxMs=0.033, gpuSamples=75, gpuAvgMs=0.479, gpuMaxMs=0.562, gpuAvgMsPerMP=0.414
[04Aug2026 05:23:49.524] [Render thread/INFO] [Photonics/]: Photonics pass timing v73: group=svgf variance, passes=[variance prefilter], viewport=1686x685, megapixels=1.155, cpuInvocations=299, cpuSubmitAvgMs=0.009, cpuSubmitMaxMs=0.031, gpuSamples=75, gpuAvgMs=0.448, gpuMaxMs=0.551, gpuAvgMsPerMP=0.388
[04Aug2026 05:23:49.542] [Render thread/INFO] [Photonics/]: Photonics pass timing v73: group=svgf atrous, passes=[atrous iteration], viewport=1686x685, megapixels=1.155, cpuInvocations=1495, cpuSubmitAvgMs=0.003, cpuSubmitMaxMs=0.023, gpuSamples=374, gpuAvgMs=0.221, gpuMaxMs=0.292, gpuAvgMsPerMP=0.191
[04Aug2026 05:23:49.557] [Render thread/INFO] [Photonics/]: Photonics pass timing v73: group=restir local, passes=[exact local direct], viewport=1686x685, megapixels=1.155, cpuInvocations=299, cpuSubmitAvgMs=0.010, cpuSubmitMaxMs=0.022, gpuSamples=74, gpuAvgMs=0.008, gpuMaxMs=0.008, gpuAvgMsPerMP=0.007
[04Aug2026 05:23:49.558] [Render thread/INFO] [Photonics/]: Photonics pass timing v73: group=restir handheld, passes=[handheld], viewport=1686x685, megapixels=1.155, cpuInvocations=299, cpuSubmitAvgMs=0.014, cpuSubmitMaxMs=0.035, gpuSamples=74, gpuAvgMs=0.012, gpuMaxMs=0.013, gpuAvgMsPerMP=0.010
[04Aug2026 05:23:49.558] [Render thread/INFO] [Photonics/]: Photonics pass timing v73: group=photonics temporal source, passes=[compose low-resolution lighting], viewport=1686x685, megapixels=1.155, cpuInvocations=299, cpuSubmitAvgMs=0.005, cpuSubmitMaxMs=0.016, gpuSamples=74, gpuAvgMs=0.013, gpuMaxMs=0.016, gpuAvgMsPerMP=0.012
[04Aug2026 05:23:49.592] [Render thread/INFO] [Photonics/]: Photonics pass timing v73: group=photonics temporal reconstruction, passes=[reconstruct lighting], viewport=3373x1371, megapixels=4.624, cpuInvocations=299, cpuSubmitAvgMs=0.010, cpuSubmitMaxMs=0.037, gpuSamples=75, gpuAvgMs=0.656, gpuMaxMs=0.747, gpuAvgMsPerMP=0.142
[04Aug2026 05:23:51.433] [Photonics Light List Compiler/INFO] [Photonics/]: Photonics light-list publication v88: coalescedBatches=4, peakPendingSections=109, remainingSections=0, deferredMs=11.297
[04Aug2026 05:23:51.520] [Render thread/INFO] [Photonics/]: Photonics world tracing v72: revision=51, settled=false, compiledSections=1912, trackedSections=2015, batchBuilt=0, batchUnloaded=102, pendingBuilds=47, pendingUnloads=0, ready=true, depth=6, blockBounds=( 4.800E+1  1.280E+2  4.800E+1)..( 3.680E+2  2.240E+2  3.840E+2), treeBounds=( 0.000E+0  0.000E+0  0.000E+0)..( 1.024E+3  1.024E+3  1.024E+3), origin=(-1.920E+2 -1.920E+2 -1.920E+2), boundsSource=compiled, compileMs=88.197
[04Aug2026 05:23:53.753] [Render thread/INFO] [Photonics/]: Photonics world tracing v72: revision=54, settled=true, compiledSections=2015, trackedSections=2015, batchBuilt=7, batchUnloaded=0, pendingBuilds=0, pendingUnloads=0, ready=true, depth=6, blockBounds=( 4.800E+1  1.280E+2  4.800E+1)..( 3.840E+2  2.240E+2  3.840E+2), treeBounds=( 0.000E+0  0.000E+0  0.000E+0)..( 1.024E+3  1.024E+3  1.024E+3), origin=(-1.920E+2 -1.920E+2 -1.920E+2), boundsSource=compiled, compileMs=47.057
[04Aug2026 05:23:53.754] [Render thread/INFO] [Photonics/]: Photonics memory v72: jvmHeap={usedBytes=2299385264, committedBytes=3695181824, maxBytes=8589934592}, jvmGc={collections=100, timeMs=778}, worldHeap=GpuBufferHeapStats[capacityBytes=536870912, reservedBytes=135753172, liveBytes=135747988, peakLiveBytes=135748020, reusableBytes=5184, allocations=114998, reusedAllocations=5647, frees=5663, failedAllocations=0], paletteHeap=GpuBufferHeapStats[capacityBytes=201326592, reservedBytes=96000, liveBytes=96000, peakLiveBytes=96000, reusableBytes=0, allocations=1000, reusedAllocations=0, frees=0, failedAllocations=0], registries={lights=Stats[cachedObjects=1, pendingFreeObjects=0, allocatedObjects=1, failedAllocations=0], palettes=Stats[cachedObjects=1000, pendingFreeObjects=0, allocatedObjects=1000, failedAllocations=0], blocks=Stats[cachedObjects=1355, pendingFreeObjects=0, allocatedObjects=1355, failedAllocations=0], models=Stats[cachedObjects=29, pendingFreeObjects=0, allocatedObjects=29, failedAllocations=0]}
[04Aug2026 05:23:54.405] [Render thread/INFO] [Photonics/]: Photonics pass timing v73: group=frag data, passes=[frag data], viewport=1686x685, megapixels=1.155, cpuInvocations=296, cpuSubmitAvgMs=0.033, cpuSubmitMaxMs=0.086, gpuSamples=74, gpuAvgMs=0.115, gpuMaxMs=0.133, gpuAvgMsPerMP=0.100
[04Aug2026 05:23:54.405] [Render thread/INFO] [Photonics/]: Photonics frame throughput v78: viewport=1686x685, windowSeconds=5.013, renderedFrames=296, fps=59.050, frameAvgMs=16.935
[04Aug2026 05:23:54.439] [Render thread/INFO] [Photonics/]: Photonics pass timing v73: group=restir direct, passes=[initial direct + visibility], viewport=1686x685, megapixels=1.155, cpuInvocations=296, cpuSubmitAvgMs=0.023, cpuSubmitMaxMs=0.053, gpuSamples=74, gpuAvgMs=0.708, gpuMaxMs=0.771, gpuAvgMsPerMP=0.613
[04Aug2026 05:23:54.456] [Render thread/INFO] [Photonics/]: Photonics pass timing v73: group=restir gi initial, passes=[initial indirect], viewport=1686x685, megapixels=1.155, cpuInvocations=296, cpuSubmitAvgMs=0.011, cpuSubmitMaxMs=0.027, gpuSamples=74, gpuAvgMs=0.836, gpuMaxMs=1.140, gpuAvgMsPerMP=0.724
[04Aug2026 05:23:54.472] [Render thread/INFO] [Photonics/]: Photonics pass timing v73: group=restir temporal, passes=[temporal reuse + tri-state GI classification], viewport=1686x685, megapixels=1.155, cpuInvocations=296, cpuSubmitAvgMs=0.012, cpuSubmitMaxMs=0.030, gpuSamples=74, gpuAvgMs=1.035, gpuMaxMs=1.308, gpuAvgMsPerMP=0.897
[04Aug2026 05:23:54.472] [Render thread/INFO] [Photonics/]: Photonics pass timing v73: group=restir spatial copy, passes=[copy spatial input], viewport=1686x685, megapixels=1.155, cpuInvocations=296, cpuSubmitAvgMs=0.011, cpuSubmitMaxMs=0.140, gpuSamples=74, gpuAvgMs=0.191, gpuMaxMs=0.217, gpuAvgMsPerMP=0.165
[04Aug2026 05:23:54.505] [Render thread/INFO] [Photonics/]: Photonics pass timing v73: group=restir spatial, passes=[spatial reuse/clamp + tri-state GI classification], viewport=1686x685, megapixels=1.155, cpuInvocations=296, cpuSubmitAvgMs=0.008, cpuSubmitMaxMs=0.019, gpuSamples=74, gpuAvgMs=1.112, gpuMaxMs=1.352, gpuAvgMsPerMP=0.963
[04Aug2026 05:23:54.523] [Render thread/INFO] [Photonics/]: Photonics pass timing v73: group=restir diffuse, passes=[diffuse], viewport=1686x685, megapixels=1.155, cpuInvocations=296, cpuSubmitAvgMs=0.011, cpuSubmitMaxMs=0.046, gpuSamples=74, gpuAvgMs=0.617, gpuMaxMs=0.762, gpuAvgMsPerMP=0.534
[04Aug2026 05:23:54.523] [Render thread/INFO] [Photonics/]: Photonics pass timing v73: group=restir accumulation, passes=[accumulation], viewport=1686x685, megapixels=1.155, cpuInvocations=296, cpuSubmitAvgMs=0.013, cpuSubmitMaxMs=0.031, gpuSamples=74, gpuAvgMs=0.482, gpuMaxMs=0.537, gpuAvgMsPerMP=0.418
[04Aug2026 05:23:54.541] [Render thread/INFO] [Photonics/]: Photonics pass timing v73: group=svgf variance, passes=[variance prefilter], viewport=1686x685, megapixels=1.155, cpuInvocations=296, cpuSubmitAvgMs=0.009, cpuSubmitMaxMs=0.028, gpuSamples=74, gpuAvgMs=0.487, gpuMaxMs=0.547, gpuAvgMsPerMP=0.422
[04Aug2026 05:23:54.557] [Render thread/INFO] [Photonics/]: Photonics pass timing v73: group=svgf atrous, passes=[atrous iteration], viewport=1686x685, megapixels=1.155, cpuInvocations=1480, cpuSubmitAvgMs=0.003, cpuSubmitMaxMs=0.037, gpuSamples=370, gpuAvgMs=0.245, gpuMaxMs=0.341, gpuAvgMsPerMP=0.212
[04Aug2026 05:23:54.574] [Render thread/INFO] [Photonics/]: Photonics pass timing v73: group=restir local, passes=[exact local direct], viewport=1686x685, megapixels=1.155, cpuInvocations=296, cpuSubmitAvgMs=0.010, cpuSubmitMaxMs=0.022, gpuSamples=74, gpuAvgMs=0.008, gpuMaxMs=0.008, gpuAvgMsPerMP=0.007
[04Aug2026 05:23:54.574] [Render thread/INFO] [Photonics/]: Photonics pass timing v73: group=restir handheld, passes=[handheld], viewport=1686x685, megapixels=1.155, cpuInvocations=296, cpuSubmitAvgMs=0.014, cpuSubmitMaxMs=0.119, gpuSamples=74, gpuAvgMs=0.012, gpuMaxMs=0.013, gpuAvgMsPerMP=0.010
[04Aug2026 05:23:54.574] [Render thread/INFO] [Photonics/]: Photonics pass timing v73: group=photonics temporal source, passes=[compose low-resolution lighting], viewport=1686x685, megapixels=1.155, cpuInvocations=296, cpuSubmitAvgMs=0.005, cpuSubmitMaxMs=0.017, gpuSamples=74, gpuAvgMs=0.014, gpuMaxMs=0.016, gpuAvgMsPerMP=0.012
[04Aug2026 05:23:54.607] [Render thread/INFO] [Photonics/]: Photonics pass timing v73: group=photonics temporal reconstruction, passes=[reconstruct lighting], viewport=3373x1371, megapixels=4.624, cpuInvocations=296, cpuSubmitAvgMs=0.010, cpuSubmitMaxMs=0.020, gpuSamples=74, gpuAvgMs=0.683, gpuMaxMs=0.738, gpuAvgMsPerMP=0.148
[04Aug2026 05:23:54.823] [Photonics Light List Compiler/INFO] [Photonics/]: Photonics light-list publication v88: coalescedBatches=3, peakPendingSections=112, remainingSections=0, deferredMs=22.741
[04Aug2026 05:23:54.888] [Render thread/INFO] [Photonics/]: Photonics world tracing v72: revision=55, settled=false, compiledSections=1912, trackedSections=2015, batchBuilt=0, batchUnloaded=103, pendingBuilds=48, pendingUnloads=0, ready=true, depth=6, blockBounds=( 4.800E+1  1.280E+2  6.400E+1)..( 3.840E+2  2.240E+2  3.840E+2), treeBounds=( 0.000E+0  0.000E+0  0.000E+0)..( 1.024E+3  1.024E+3  1.024E+3), origin=(-1.920E+2 -1.920E+2 -1.920E+2), boundsSource=compiled, compileMs=69.195
[04Aug2026 05:23:56.306] [Render thread/INFO] [Photonics/]: Photonics direct reservoir sample v64: samples=120, populated=114, emptyOrBackground=0, visibilityRejected=1, invalid=5, overLegacyCap=0, overTemporalCap=0, totalSamplesRange=0.0..128.0, viewport=1686x685
[04Aug2026 05:23:57.137] [Render thread/INFO] [Photonics/]: Photonics world tracing v72: revision=58, settled=true, compiledSections=2015, trackedSections=2015, batchBuilt=7, batchUnloaded=0, pendingBuilds=0, pendingUnloads=0, ready=true, depth=6, blockBounds=( 4.800E+1  1.280E+2  6.400E+1)..( 3.840E+2  2.240E+2  4.000E+2), treeBounds=( 0.000E+0  0.000E+0  0.000E+0)..( 1.024E+3  1.024E+3  1.024E+3), origin=(-1.920E+2 -1.920E+2 -1.920E+2), boundsSource=compiled, compileMs=47.992
[04Aug2026 05:23:57.138] [Render thread/INFO] [Photonics/]: Photonics memory v72: jvmHeap={usedBytes=1480551096, committedBytes=3695181824, maxBytes=8589934592}, jvmGc={collections=101, timeMs=795}, worldHeap=GpuBufferHeapStats[capacityBytes=536870912, reservedBytes=135754612, liveBytes=135749812, peakLiveBytes=135749812, reusableBytes=4800, allocations=120541, reusedAllocations=11181, frees=11196, failedAllocations=0], paletteHeap=GpuBufferHeapStats[capacityBytes=201326592, reservedBytes=96000, liveBytes=96000, peakLiveBytes=96000, reusableBytes=0, allocations=1000, reusedAllocations=0, frees=0, failedAllocations=0], registries={lights=Stats[cachedObjects=1, pendingFreeObjects=0, allocatedObjects=1, failedAllocations=0], palettes=Stats[cachedObjects=1000, pendingFreeObjects=0, allocatedObjects=1000, failedAllocations=0], blocks=Stats[cachedObjects=1355, pendingFreeObjects=0, allocatedObjects=1355, failedAllocations=0], models=Stats[cachedObjects=29, pendingFreeObjects=0, allocatedObjects=29, failedAllocations=0]}
[04Aug2026 05:23:59.031] [Server thread/INFO] [net.minecraft.server.MinecraftServer/]: [Eutio: Set the time to 1000]
[04Aug2026 05:23:59.041] [Render thread/INFO] [net.minecraft.client.gui.components.ChatComponent/]: [System] [CHAT] Set the time to 1000
[04Aug2026 05:23:59.409] [Render thread/INFO] [Photonics/]: Photonics pass timing v73: group=frag data, passes=[frag data], viewport=1686x685, megapixels=1.155, cpuInvocations=297, cpuSubmitAvgMs=0.030, cpuSubmitMaxMs=0.070, gpuSamples=74, gpuAvgMs=0.113, gpuMaxMs=0.153, gpuAvgMsPerMP=0.097
[04Aug2026 05:23:59.409] [Render thread/INFO] [Photonics/]: Photonics frame throughput v78: viewport=1686x685, windowSeconds=5.004, renderedFrames=297, fps=59.350, frameAvgMs=16.849
[04Aug2026 05:23:59.444] [Render thread/INFO] [Photonics/]: Photonics pass timing v73: group=restir direct, passes=[initial direct + visibility], viewport=1686x685, megapixels=1.155, cpuInvocations=297, cpuSubmitAvgMs=0.021, cpuSubmitMaxMs=0.044, gpuSamples=75, gpuAvgMs=0.705, gpuMaxMs=0.799, gpuAvgMsPerMP=0.610
[04Aug2026 05:23:59.459] [Render thread/INFO] [Photonics/]: Photonics pass timing v73: group=restir gi initial, passes=[initial indirect], viewport=1686x685, megapixels=1.155, cpuInvocations=297, cpuSubmitAvgMs=0.010, cpuSubmitMaxMs=0.026, gpuSamples=74, gpuAvgMs=0.674, gpuMaxMs=0.855, gpuAvgMsPerMP=0.584
[04Aug2026 05:23:59.477] [Render thread/INFO] [Photonics/]: Photonics pass timing v73: group=restir temporal, passes=[temporal reuse + tri-state GI classification], viewport=1686x685, megapixels=1.155, cpuInvocations=297, cpuSubmitAvgMs=0.011, cpuSubmitMaxMs=0.031, gpuSamples=74, gpuAvgMs=0.931, gpuMaxMs=1.104, gpuAvgMsPerMP=0.806
[04Aug2026 05:23:59.477] [Render thread/INFO] [Photonics/]: Photonics pass timing v73: group=restir spatial copy, passes=[copy spatial input], viewport=1686x685, megapixels=1.155, cpuInvocations=297, cpuSubmitAvgMs=0.010, cpuSubmitMaxMs=0.030, gpuSamples=74, gpuAvgMs=0.198, gpuMaxMs=0.233, gpuAvgMsPerMP=0.171
[04Aug2026 05:23:59.510] [Render thread/INFO] [Photonics/]: Photonics pass timing v73: group=restir spatial, passes=[spatial reuse/clamp + tri-state GI classification], viewport=1686x685, megapixels=1.155, cpuInvocations=297, cpuSubmitAvgMs=0.007, cpuSubmitMaxMs=0.016, gpuSamples=75, gpuAvgMs=1.006, gpuMaxMs=1.207, gpuAvgMsPerMP=0.871
[04Aug2026 05:23:59.526] [Render thread/INFO] [Photonics/]: Photonics pass timing v73: group=restir diffuse, passes=[diffuse], viewport=1686x685, megapixels=1.155, cpuInvocations=297, cpuSubmitAvgMs=0.010, cpuSubmitMaxMs=0.022, gpuSamples=74, gpuAvgMs=0.602, gpuMaxMs=0.677, gpuAvgMsPerMP=0.522
[04Aug2026 05:23:59.526] [Render thread/INFO] [Photonics/]: Photonics pass timing v73: group=restir accumulation, passes=[accumulation], viewport=1686x685, megapixels=1.155, cpuInvocations=297, cpuSubmitAvgMs=0.012, cpuSubmitMaxMs=0.028, gpuSamples=74, gpuAvgMs=0.458, gpuMaxMs=0.507, gpuAvgMsPerMP=0.396
[04Aug2026 05:23:59.544] [Render thread/INFO] [Photonics/]: Photonics pass timing v73: group=svgf variance, passes=[variance prefilter], viewport=1686x685, megapixels=1.155, cpuInvocations=297, cpuSubmitAvgMs=0.008, cpuSubmitMaxMs=0.018, gpuSamples=74, gpuAvgMs=0.467, gpuMaxMs=0.567, gpuAvgMsPerMP=0.404
[04Aug2026 05:23:59.561] [Render thread/INFO] [Photonics/]: Photonics pass timing v73: group=svgf atrous, passes=[atrous iteration], viewport=1686x685, megapixels=1.155, cpuInvocations=1485, cpuSubmitAvgMs=0.003, cpuSubmitMaxMs=0.014, gpuSamples=371, gpuAvgMs=0.241, gpuMaxMs=0.321, gpuAvgMsPerMP=0.209
[04Aug2026 05:23:59.579] [Render thread/INFO] [Photonics/]: Photonics pass timing v73: group=restir local, passes=[exact local direct], viewport=1686x685, megapixels=1.155, cpuInvocations=297, cpuSubmitAvgMs=0.009, cpuSubmitMaxMs=0.030, gpuSamples=75, gpuAvgMs=0.008, gpuMaxMs=0.008, gpuAvgMsPerMP=0.007
[04Aug2026 05:23:59.579] [Render thread/INFO] [Photonics/]: Photonics pass timing v73: group=restir handheld, passes=[handheld], viewport=1686x685, megapixels=1.155, cpuInvocations=297, cpuSubmitAvgMs=0.012, cpuSubmitMaxMs=0.025, gpuSamples=75, gpuAvgMs=0.012, gpuMaxMs=0.013, gpuAvgMsPerMP=0.011
[04Aug2026 05:23:59.579] [Render thread/INFO] [Photonics/]: Photonics pass timing v73: group=photonics temporal source, passes=[compose low-resolution lighting], viewport=1686x685, megapixels=1.155, cpuInvocations=297, cpuSubmitAvgMs=0.004, cpuSubmitMaxMs=0.011, gpuSamples=75, gpuAvgMs=0.014, gpuMaxMs=0.015, gpuAvgMsPerMP=0.012
[04Aug2026 05:23:59.611] [Render thread/INFO] [Photonics/]: Photonics pass timing v73: group=photonics temporal reconstruction, passes=[reconstruct lighting], viewport=3373x1371, megapixels=4.624, cpuInvocations=297, cpuSubmitAvgMs=0.010, cpuSubmitMaxMs=0.019, gpuSamples=74, gpuAvgMs=0.645, gpuMaxMs=0.709, gpuAvgMsPerMP=0.139
[04Aug2026 05:24:01.023] [Photonics Light List Compiler/INFO] [Photonics/]: Photonics light candidates v18: eligible=87, selected=87, maxLights=4000, lightSections=10, capped=false
[04Aug2026 05:24:01.023] [Photonics Light List Compiler/INFO] [Photonics/]: Photonics light-list publication v88: coalescedBatches=4, peakPendingSections=120, remainingSections=0, deferredMs=20.393
[04Aug2026 05:24:01.041] [Render thread/INFO] [Photonics/]: Photonics light list pending: 152 -> 87
[04Aug2026 05:24:01.057] [Render thread/INFO] [Photonics/]: Photonics world tracing v72: revision=59, settled=false, compiledSections=1912, trackedSections=2015, batchBuilt=0, batchUnloaded=103, pendingBuilds=41, pendingUnloads=0, ready=true, depth=6, blockBounds=( 4.800E+1  1.280E+2  8.000E+1)..( 3.840E+2  2.240E+2  4.000E+2), treeBounds=( 0.000E+0  0.000E+0  0.000E+0)..( 1.024E+3  1.024E+3  1.024E+3), origin=(-1.920E+2 -1.920E+2 -1.920E+2), boundsSource=compiled, compileMs=52.770
[04Aug2026 05:24:02.391] [Render thread/INFO] [Photonics/]: Photonics world tracing v72: revision=63, settled=false, compiledSections=2015, trackedSections=2015, batchBuilt=1, batchUnloaded=0, pendingBuilds=0, pendingUnloads=0, ready=true, depth=6, blockBounds=( 4.800E+1  1.280E+2  8.000E+1)..( 3.840E+2  2.240E+2  4.160E+2), treeBounds=( 0.000E+0  0.000E+0  0.000E+0)..( 1.024E+3  1.024E+3  1.024E+3), origin=(-1.920E+2 -1.920E+2 -1.920E+2), boundsSource=compiled, compileMs=39.782
[04Aug2026 05:24:02.710] [Photonics Light List Compiler/INFO] [Photonics/]: Photonics light-list publication v88: coalescedBatches=3, peakPendingSections=89, remainingSections=0, deferredMs=7.880
[04Aug2026 05:24:03.018] [Photonics Light List Compiler/INFO] [Photonics/]: Photonics light-list publication v88: coalescedBatches=5, peakPendingSections=106, remainingSections=0, deferredMs=10.557
[04Aug2026 05:24:03.571] [Photonics Light List Compiler/INFO] [Photonics/]: Photonics light-list publication v88: coalescedBatches=6, peakPendingSections=108, remainingSections=0, deferredMs=17.668
[04Aug2026 05:24:03.641] [Render thread/INFO] [Photonics/]: Photonics world tracing v72: revision=70, settled=false, compiledSections=1910, trackedSections=2012, batchBuilt=0, batchUnloaded=102, pendingBuilds=61, pendingUnloads=0, ready=true, depth=6, blockBounds=( 6.400E+1  1.280E+2  3.200E+1)..( 4.000E+2  2.240E+2  3.520E+2), treeBounds=( 0.000E+0  0.000E+0  0.000E+0)..( 1.024E+3  1.024E+3  1.024E+3), origin=(-1.920E+2 -1.920E+2 -1.280E+2), boundsSource=compiled, compileMs=94.832
[04Aug2026 05:24:04.272] [Photonics Light List Compiler/INFO] [Photonics/]: Photonics light-list publication v88: coalescedBatches=3, peakPendingSections=112, remainingSections=0, deferredMs=20.820
[04Aug2026 05:24:04.392] [Render thread/INFO] [Photonics/]: Photonics direct reservoir sample v64: samples=120, populated=96, emptyOrBackground=0, visibilityRejected=0, invalid=24, overLegacyCap=0, overTemporalCap=0, totalSamplesRange=0.0..128.0, viewport=1686x685
[04Aug2026 05:24:04.424] [Render thread/INFO] [Photonics/]: Photonics pass timing v73: group=frag data, passes=[frag data], viewport=1686x685, megapixels=1.155, cpuInvocations=297, cpuSubmitAvgMs=0.034, cpuSubmitMaxMs=0.253, gpuSamples=74, gpuAvgMs=0.090, gpuMaxMs=0.123, gpuAvgMsPerMP=0.078
[04Aug2026 05:24:04.424] [Render thread/INFO] [Photonics/]: Photonics frame throughput v78: viewport=1686x685, windowSeconds=5.015, renderedFrames=297, fps=59.225, frameAvgMs=16.885
[04Aug2026 05:24:04.458] [Render thread/INFO] [Photonics/]: Photonics pass timing v73: group=restir direct, passes=[initial direct + visibility], viewport=1686x685, megapixels=1.155, cpuInvocations=297, cpuSubmitAvgMs=0.023, cpuSubmitMaxMs=0.083, gpuSamples=74, gpuAvgMs=0.561, gpuMaxMs=0.745, gpuAvgMsPerMP=0.486
[04Aug2026 05:24:04.474] [Render thread/INFO] [Photonics/]: Photonics pass timing v73: group=restir gi initial, passes=[initial indirect], viewport=1686x685, megapixels=1.155, cpuInvocations=297, cpuSubmitAvgMs=0.011, cpuSubmitMaxMs=0.050, gpuSamples=74, gpuAvgMs=0.510, gpuMaxMs=0.778, gpuAvgMsPerMP=0.441
[04Aug2026 05:24:04.492] [Render thread/INFO] [Photonics/]: Photonics pass timing v73: group=restir temporal, passes=[temporal reuse + tri-state GI classification], viewport=1686x685, megapixels=1.155, cpuInvocations=297, cpuSubmitAvgMs=0.012, cpuSubmitMaxMs=0.036, gpuSamples=74, gpuAvgMs=0.715, gpuMaxMs=1.113, gpuAvgMsPerMP=0.619
[04Aug2026 05:24:04.492] [Render thread/INFO] [Photonics/]: Photonics pass timing v73: group=restir spatial copy, passes=[copy spatial input], viewport=1686x685, megapixels=1.155, cpuInvocations=297, cpuSubmitAvgMs=0.011, cpuSubmitMaxMs=0.036, gpuSamples=74, gpuAvgMs=0.192, gpuMaxMs=0.215, gpuAvgMsPerMP=0.166
[04Aug2026 05:24:04.524] [Render thread/INFO] [Photonics/]: Photonics pass timing v73: group=restir spatial, passes=[spatial reuse/clamp + tri-state GI classification], viewport=1686x685, megapixels=1.155, cpuInvocations=297, cpuSubmitAvgMs=0.008, cpuSubmitMaxMs=0.026, gpuSamples=74, gpuAvgMs=0.781, gpuMaxMs=1.129, gpuAvgMsPerMP=0.676
[04Aug2026 05:24:04.543] [Render thread/INFO] [Photonics/]: Photonics pass timing v73: group=restir diffuse, passes=[diffuse], viewport=1686x685, megapixels=1.155, cpuInvocations=297, cpuSubmitAvgMs=0.011, cpuSubmitMaxMs=0.060, gpuSamples=74, gpuAvgMs=0.502, gpuMaxMs=0.631, gpuAvgMsPerMP=0.435
[04Aug2026 05:24:04.543] [Render thread/INFO] [Photonics/]: Photonics pass timing v73: group=restir accumulation, passes=[accumulation], viewport=1686x685, megapixels=1.155, cpuInvocations=297, cpuSubmitAvgMs=0.013, cpuSubmitMaxMs=0.030, gpuSamples=74, gpuAvgMs=0.386, gpuMaxMs=0.518, gpuAvgMsPerMP=0.335
[04Aug2026 05:24:04.558] [Render thread/INFO] [Photonics/]: Photonics pass timing v73: group=svgf variance, passes=[variance prefilter], viewport=1686x685, megapixels=1.155, cpuInvocations=297, cpuSubmitAvgMs=0.009, cpuSubmitMaxMs=0.025, gpuSamples=74, gpuAvgMs=0.362, gpuMaxMs=0.520, gpuAvgMsPerMP=0.313
[04Aug2026 05:24:04.576] [Render thread/INFO] [Photonics/]: Photonics pass timing v73: group=svgf atrous, passes=[atrous iteration], viewport=1686x685, megapixels=1.155, cpuInvocations=1485, cpuSubmitAvgMs=0.003, cpuSubmitMaxMs=0.018, gpuSamples=372, gpuAvgMs=0.190, gpuMaxMs=0.318, gpuAvgMsPerMP=0.165
[04Aug2026 05:24:04.607] [Render thread/INFO] [Photonics/]: Photonics pass timing v73: group=restir local, passes=[exact local direct], viewport=1686x685, megapixels=1.155, cpuInvocations=297, cpuSubmitAvgMs=0.011, cpuSubmitMaxMs=0.026, gpuSamples=74, gpuAvgMs=0.008, gpuMaxMs=0.008, gpuAvgMsPerMP=0.007
[04Aug2026 05:24:04.607] [Render thread/INFO] [Photonics/]: Photonics pass timing v73: group=restir handheld, passes=[handheld], viewport=1686x685, megapixels=1.155, cpuInvocations=297, cpuSubmitAvgMs=0.014, cpuSubmitMaxMs=0.041, gpuSamples=74, gpuAvgMs=0.013, gpuMaxMs=0.063, gpuAvgMsPerMP=0.011
[04Aug2026 05:24:04.607] [Render thread/INFO] [Photonics/]: Photonics pass timing v73: group=photonics temporal source, passes=[compose low-resolution lighting], viewport=1686x685, megapixels=1.155, cpuInvocations=297, cpuSubmitAvgMs=0.005, cpuSubmitMaxMs=0.036, gpuSamples=74, gpuAvgMs=0.014, gpuMaxMs=0.017, gpuAvgMsPerMP=0.012
[04Aug2026 05:24:04.624] [Photonics Light List Compiler/INFO] [Photonics/]: Photonics light-list publication v88: coalescedBatches=4, peakPendingSections=89, remainingSections=0, deferredMs=25.768
[04Aug2026 05:24:04.625] [Render thread/INFO] [Photonics/]: Photonics pass timing v73: group=photonics temporal reconstruction, passes=[reconstruct lighting], viewport=3373x1371, megapixels=4.624, cpuInvocations=296, cpuSubmitAvgMs=0.011, cpuSubmitMaxMs=0.027, gpuSamples=74, gpuAvgMs=0.506, gpuMaxMs=0.662, gpuAvgMsPerMP=0.109
[04Aug2026 05:24:04.690] [Render thread/INFO] [Photonics/]: Photonics world tracing v72: revision=78, settled=false, compiledSections=1915, trackedSections=2016, batchBuilt=0, batchUnloaded=100, pendingBuilds=47, pendingUnloads=0, ready=true, depth=6, blockBounds=( 4.800E+1  1.280E+2  9.600E+1)..( 3.840E+2  2.240E+2  4.160E+2), treeBounds=( 0.000E+0  0.000E+0  0.000E+0)..( 1.024E+3  1.024E+3  1.024E+3), origin=(-1.920E+2 -1.920E+2 -1.920E+2), boundsSource=compiled, compileMs=89.057
[04Aug2026 05:24:06.927] [Render thread/INFO] [Photonics/]: Photonics world tracing v72: revision=81, settled=true, compiledSections=2016, trackedSections=2016, batchBuilt=5, batchUnloaded=0, pendingBuilds=0, pendingUnloads=0, ready=true, depth=6, blockBounds=( 4.800E+1  1.280E+2  3.200E+1)..( 3.840E+2  2.240E+2  3.680E+2), treeBounds=( 0.000E+0  0.000E+0  0.000E+0)..( 1.024E+3  1.024E+3  1.024E+3), origin=(-1.920E+2 -1.920E+2 -1.280E+2), boundsSource=compiled, compileMs=45.230
[04Aug2026 05:24:06.927] [Render thread/INFO] [Photonics/]: Photonics memory v72: jvmHeap={usedBytes=2114973440, committedBytes=3695181824, maxBytes=8589934592}, jvmGc={collections=106, timeMs=857}, worldHeap=GpuBufferHeapStats[capacityBytes=536870912, reservedBytes=135757364, liveBytes=135738036, peakLiveBytes=135749812, reusableBytes=19328, allocations=153800, reusedAllocations=44436, frees=44560, failedAllocations=0], paletteHeap=GpuBufferHeapStats[capacityBytes=201326592, reservedBytes=96000, liveBytes=88800, peakLiveBytes=96000, reusableBytes=7200, allocations=1000, reusedAllocations=0, frees=75, failedAllocations=0], registries={lights=Stats[cachedObjects=1, pendingFreeObjects=0, allocatedObjects=1, failedAllocations=0], palettes=Stats[cachedObjects=925, pendingFreeObjects=0, allocatedObjects=1000, failedAllocations=0], blocks=Stats[cachedObjects=1265, pendingFreeObjects=0, allocatedObjects=1355, failedAllocations=0], models=Stats[cachedObjects=27, pendingFreeObjects=0, allocatedObjects=29, failedAllocations=0]}
[04Aug2026 05:24:07.375] [Photonics Light List Compiler/INFO] [Photonics/]: Photonics light-list publication v88: coalescedBatches=3, peakPendingSections=111, remainingSections=0, deferredMs=20.700
[04Aug2026 05:24:07.410] [Render thread/INFO] [Photonics/]: Photonics world tracing v72: revision=82, settled=false, compiledSections=1912, trackedSections=2015, batchBuilt=0, batchUnloaded=104, pendingBuilds=44, pendingUnloads=0, ready=true, depth=6, blockBounds=( 4.800E+1  1.280E+2  3.200E+1)..( 3.680E+2  2.240E+2  3.680E+2), treeBounds=( 0.000E+0  0.000E+0  0.000E+0)..( 1.024E+3  1.024E+3  1.024E+3), origin=(-1.920E+2 -1.920E+2 -1.280E+2), boundsSource=compiled, compileMs=57.157
[04Aug2026 05:24:09.143] [Photonics Light List Compiler/INFO] [Photonics/]: Photonics light-list publication v88: coalescedBatches=8, peakPendingSections=69, remainingSections=0, deferredMs=10.078
[04Aug2026 05:24:09.159] [Photonics Light List Compiler/INFO] [Photonics/]: Photonics light-list publication v88: coalescedBatches=5, peakPendingSections=34, remainingSections=0, deferredMs=10.713
[04Aug2026 05:24:09.212] [Render thread/INFO] [Photonics/]: Photonics world tracing v72: revision=86, settled=false, compiledSections=2016, trackedSections=2055, batchBuilt=1, batchUnloaded=0, pendingBuilds=19, pendingUnloads=0, ready=true, depth=6, blockBounds=( 3.200E+1  1.280E+2  3.200E+1)..( 3.680E+2  2.240E+2  3.680E+2), treeBounds=( 0.000E+0  0.000E+0  0.000E+0)..( 1.024E+3  1.024E+3  1.024E+3), origin=(-1.920E+2 -1.920E+2 -1.280E+2), boundsSource=compiled, compileMs=71.678
[04Aug2026 05:24:09.305] [Photonics Light List Compiler/INFO] [Photonics/]: Photonics light-list publication v88: coalescedBatches=3, peakPendingSections=54, remainingSections=0, deferredMs=5.498
[04Aug2026 05:24:09.430] [Render thread/INFO] [Photonics/]: Photonics pass timing v73: group=frag data, passes=[frag data], viewport=1686x685, megapixels=1.155, cpuInvocations=297, cpuSubmitAvgMs=0.032, cpuSubmitMaxMs=0.085, gpuSamples=75, gpuAvgMs=0.084, gpuMaxMs=0.097, gpuAvgMsPerMP=0.073
[04Aug2026 05:24:09.430] [Render thread/INFO] [Photonics/]: Photonics frame throughput v78: viewport=1686x685, windowSeconds=5.006, renderedFrames=297, fps=59.328, frameAvgMs=16.856
[04Aug2026 05:24:09.463] [Render thread/INFO] [Photonics/]: Photonics pass timing v73: group=restir direct, passes=[initial direct + visibility], viewport=1686x685, megapixels=1.155, cpuInvocations=297, cpuSubmitAvgMs=0.022, cpuSubmitMaxMs=0.066, gpuSamples=74, gpuAvgMs=0.482, gpuMaxMs=0.631, gpuAvgMsPerMP=0.418
[04Aug2026 05:24:09.480] [Render thread/INFO] [Photonics/]: Photonics pass timing v73: group=restir gi initial, passes=[initial indirect], viewport=1686x685, megapixels=1.155, cpuInvocations=297, cpuSubmitAvgMs=0.010, cpuSubmitMaxMs=0.031, gpuSamples=74, gpuAvgMs=0.498, gpuMaxMs=0.626, gpuAvgMsPerMP=0.431
[04Aug2026 05:24:09.499] [Render thread/INFO] [Photonics/]: Photonics pass timing v73: group=restir temporal, passes=[temporal reuse + tri-state GI classification], viewport=1686x685, megapixels=1.155, cpuInvocations=297, cpuSubmitAvgMs=0.011, cpuSubmitMaxMs=0.026, gpuSamples=75, gpuAvgMs=0.653, gpuMaxMs=0.917, gpuAvgMsPerMP=0.565
[04Aug2026 05:24:09.500] [Render thread/INFO] [Photonics/]: Photonics pass timing v73: group=restir spatial copy, passes=[copy spatial input], viewport=1686x685, megapixels=1.155, cpuInvocations=297, cpuSubmitAvgMs=0.010, cpuSubmitMaxMs=0.032, gpuSamples=75, gpuAvgMs=0.167, gpuMaxMs=0.195, gpuAvgMsPerMP=0.145
[04Aug2026 05:24:09.530] [Render thread/INFO] [Photonics/]: Photonics pass timing v73: group=restir spatial, passes=[spatial reuse/clamp + tri-state GI classification], viewport=1686x685, megapixels=1.155, cpuInvocations=297, cpuSubmitAvgMs=0.008, cpuSubmitMaxMs=0.017, gpuSamples=74, gpuAvgMs=0.708, gpuMaxMs=0.943, gpuAvgMsPerMP=0.613
[04Aug2026 05:24:09.548] [Render thread/INFO] [Photonics/]: Photonics pass timing v73: group=restir diffuse, passes=[diffuse], viewport=1686x685, megapixels=1.155, cpuInvocations=297, cpuSubmitAvgMs=0.011, cpuSubmitMaxMs=0.038, gpuSamples=74, gpuAvgMs=0.433, gpuMaxMs=0.548, gpuAvgMsPerMP=0.375
[04Aug2026 05:24:09.548] [Render thread/INFO] [Photonics/]: Photonics pass timing v73: group=restir accumulation, passes=[accumulation], viewport=1686x685, megapixels=1.155, cpuInvocations=297, cpuSubmitAvgMs=0.012, cpuSubmitMaxMs=0.028, gpuSamples=74, gpuAvgMs=0.395, gpuMaxMs=0.457, gpuAvgMsPerMP=0.342
[04Aug2026 05:24:09.563] [Render thread/INFO] [Photonics/]: Photonics pass timing v73: group=svgf variance, passes=[variance prefilter], viewport=1686x685, megapixels=1.155, cpuInvocations=297, cpuSubmitAvgMs=0.008, cpuSubmitMaxMs=0.027, gpuSamples=75, gpuAvgMs=0.346, gpuMaxMs=0.412, gpuAvgMsPerMP=0.300
[04Aug2026 05:24:09.579] [Render thread/INFO] [Photonics/]: Photonics pass timing v73: group=svgf atrous, passes=[atrous iteration], viewport=1686x685, megapixels=1.155, cpuInvocations=1485, cpuSubmitAvgMs=0.003, cpuSubmitMaxMs=0.015, gpuSamples=371, gpuAvgMs=0.184, gpuMaxMs=0.277, gpuAvgMsPerMP=0.159
[04Aug2026 05:24:09.614] [Render thread/INFO] [Photonics/]: Photonics pass timing v73: group=restir local, passes=[exact local direct], viewport=1686x685, megapixels=1.155, cpuInvocations=298, cpuSubmitAvgMs=0.010, cpuSubmitMaxMs=0.026, gpuSamples=74, gpuAvgMs=0.008, gpuMaxMs=0.008, gpuAvgMsPerMP=0.007
[04Aug2026 05:24:09.614] [Render thread/INFO] [Photonics/]: Photonics pass timing v73: group=restir handheld, passes=[handheld], viewport=1686x685, megapixels=1.155, cpuInvocations=298, cpuSubmitAvgMs=0.014, cpuSubmitMaxMs=0.038, gpuSamples=74, gpuAvgMs=0.013, gpuMaxMs=0.055, gpuAvgMsPerMP=0.011
[04Aug2026 05:24:09.614] [Render thread/INFO] [Photonics/]: Photonics pass timing v73: group=photonics temporal source, passes=[compose low-resolution lighting], viewport=1686x685, megapixels=1.155, cpuInvocations=298, cpuSubmitAvgMs=0.005, cpuSubmitMaxMs=0.012, gpuSamples=74, gpuAvgMs=0.013, gpuMaxMs=0.014, gpuAvgMsPerMP=0.011
[04Aug2026 05:24:09.632] [Render thread/INFO] [Photonics/]: Photonics pass timing v73: group=photonics temporal reconstruction, passes=[reconstruct lighting], viewport=3373x1371, megapixels=4.624, cpuInvocations=298, cpuSubmitAvgMs=0.010, cpuSubmitMaxMs=0.026, gpuSamples=75, gpuAvgMs=0.510, gpuMaxMs=0.600, gpuAvgMsPerMP=0.110
[04Aug2026 05:24:10.028] [Photonics Light List Compiler/INFO] [Photonics/]: Photonics light-list publication v88: coalescedBatches=3, peakPendingSections=93, remainingSections=0, deferredMs=24.737
[04Aug2026 05:24:10.259] [Render thread/INFO] [Photonics/]: Photonics world tracing v72: revision=92, settled=false, compiledSections=2011, trackedSections=2018, batchBuilt=48, batchUnloaded=0, pendingBuilds=7, pendingUnloads=0, ready=true, depth=6, blockBounds=( 8.000E+1  1.280E+2  8.000E+1)..( 4.160E+2  2.240E+2  4.160E+2), treeBounds=( 0.000E+0  0.000E+0  0.000E+0)..( 1.024E+3  1.024E+3  1.024E+3), origin=(-2.560E+2 -1.920E+2 -1.920E+2), boundsSource=compiled, compileMs=85.142
[04Aug2026 05:24:11.273] [Photonics Light List Compiler/INFO] [Photonics/]: Photonics light-list publication v88: coalescedBatches=3, peakPendingSections=111, remainingSections=0, deferredMs=17.938
[04Aug2026 05:24:11.343] [Render thread/INFO] [Photonics/]: Photonics world tracing v72: revision=94, settled=false, compiledSections=1915, trackedSections=2018, batchBuilt=0, batchUnloaded=103, pendingBuilds=63, pendingUnloads=0, ready=true, depth=6, blockBounds=( 8.000E+1  1.280E+2  9.600E+1)..( 4.160E+2  2.240E+2  4.160E+2), treeBounds=( 0.000E+0  0.000E+0  0.000E+0)..( 1.024E+3  1.024E+3  1.024E+3), origin=(-2.560E+2 -1.920E+2 -1.920E+2), boundsSource=compiled, compileMs=93.641
[04Aug2026 05:24:12.478] [Render thread/INFO] [Photonics/]: Photonics direct reservoir sample v64: samples=120, populated=57, emptyOrBackground=11, visibilityRejected=21, invalid=31, overLegacyCap=0, overTemporalCap=0, totalSamplesRange=0.0..128.0, viewport=1686x685
[04Aug2026 05:24:12.745] [Photonics Light List Compiler/INFO] [Photonics/]: Photonics light-list publication v88: coalescedBatches=6, peakPendingSections=79, remainingSections=0, deferredMs=12.357
[04Aug2026 05:24:12.757] [Photonics Light List Compiler/INFO] [Photonics/]: Photonics light-list publication v88: coalescedBatches=4, peakPendingSections=54, remainingSections=0, deferredMs=9.477
[04Aug2026 05:24:12.796] [Render thread/INFO] [Photonics/]: Photonics world tracing v72: revision=98, settled=false, compiledSections=2019, trackedSections=2058, batchBuilt=1, batchUnloaded=0, pendingBuilds=23, pendingUnloads=0, ready=true, depth=6, blockBounds=( 8.000E+1  1.280E+2  3.200E+1)..( 4.160E+2  2.240E+2  3.680E+2), treeBounds=( 0.000E+0  0.000E+0  0.000E+0)..( 1.024E+3  1.024E+3  1.024E+3), origin=(-2.560E+2 -1.920E+2 -1.280E+2), boundsSource=compiled, compileMs=48.011
[04Aug2026 05:24:14.447] [Render thread/INFO] [Photonics/]: Photonics pass timing v73: group=frag data, passes=[frag data], viewport=1686x685, megapixels=1.155, cpuInvocations=298, cpuSubmitAvgMs=0.030, cpuSubmitMaxMs=0.090, gpuSamples=74, gpuAvgMs=0.119, gpuMaxMs=0.145, gpuAvgMsPerMP=0.103
[04Aug2026 05:24:14.447] [Render thread/INFO] [Photonics/]: Photonics frame throughput v78: viewport=1686x685, windowSeconds=5.017, renderedFrames=298, fps=59.401, frameAvgMs=16.835
[04Aug2026 05:24:14.480] [Render thread/INFO] [Photonics/]: Photonics pass timing v73: group=restir direct, passes=[initial direct + visibility], viewport=1686x685, megapixels=1.155, cpuInvocations=298, cpuSubmitAvgMs=0.021, cpuSubmitMaxMs=0.055, gpuSamples=75, gpuAvgMs=0.393, gpuMaxMs=0.590, gpuAvgMsPerMP=0.340
[04Aug2026 05:24:14.497] [Render thread/INFO] [Photonics/]: Photonics pass timing v73: group=restir gi initial, passes=[initial indirect], viewport=1686x685, megapixels=1.155, cpuInvocations=298, cpuSubmitAvgMs=0.010, cpuSubmitMaxMs=0.024, gpuSamples=75, gpuAvgMs=0.682, gpuMaxMs=0.956, gpuAvgMsPerMP=0.590
[04Aug2026 05:24:14.513] [Render thread/INFO] [Photonics/]: Photonics pass timing v73: group=restir temporal, passes=[temporal reuse + tri-state GI classification], viewport=1686x685, megapixels=1.155, cpuInvocations=298, cpuSubmitAvgMs=0.011, cpuSubmitMaxMs=0.023, gpuSamples=74, gpuAvgMs=0.594, gpuMaxMs=0.874, gpuAvgMsPerMP=0.514
[04Aug2026 05:24:14.513] [Render thread/INFO] [Photonics/]: Photonics pass timing v73: group=restir spatial copy, passes=[copy spatial input], viewport=1686x685, megapixels=1.155, cpuInvocations=298, cpuSubmitAvgMs=0.010, cpuSubmitMaxMs=0.027, gpuSamples=74, gpuAvgMs=0.206, gpuMaxMs=0.244, gpuAvgMsPerMP=0.178
[04Aug2026 05:24:14.548] [Render thread/INFO] [Photonics/]: Photonics pass timing v73: group=restir spatial, passes=[spatial reuse/clamp + tri-state GI classification], viewport=1686x685, megapixels=1.155, cpuInvocations=298, cpuSubmitAvgMs=0.007, cpuSubmitMaxMs=0.044, gpuSamples=75, gpuAvgMs=0.650, gpuMaxMs=0.951, gpuAvgMsPerMP=0.563
[04Aug2026 05:24:14.548] [Render thread/INFO] [Photonics/]: Photonics pass timing v73: group=restir diffuse, passes=[diffuse], viewport=1686x685, megapixels=1.155, cpuInvocations=297, cpuSubmitAvgMs=0.010, cpuSubmitMaxMs=0.034, gpuSamples=75, gpuAvgMs=0.390, gpuMaxMs=0.543, gpuAvgMsPerMP=0.338
[04Aug2026 05:24:14.548] [Render thread/INFO] [Photonics/]: Photonics pass timing v73: group=restir accumulation, passes=[accumulation], viewport=1686x685, megapixels=1.155, cpuInvocations=297, cpuSubmitAvgMs=0.012, cpuSubmitMaxMs=0.027, gpuSamples=75, gpuAvgMs=0.504, gpuMaxMs=0.570, gpuAvgMsPerMP=0.436
[04Aug2026 05:24:14.564] [Render thread/INFO] [Photonics/]: Photonics pass timing v73: group=svgf variance, passes=[variance prefilter], viewport=1686x685, megapixels=1.155, cpuInvocations=297, cpuSubmitAvgMs=0.008, cpuSubmitMaxMs=0.023, gpuSamples=74, gpuAvgMs=0.372, gpuMaxMs=0.442, gpuAvgMsPerMP=0.322
[04Aug2026 05:24:14.580] [Render thread/INFO] [Photonics/]: Photonics pass timing v73: group=svgf atrous, passes=[atrous iteration], viewport=1686x685, megapixels=1.155, cpuInvocations=1485, cpuSubmitAvgMs=0.003, cpuSubmitMaxMs=0.032, gpuSamples=371, gpuAvgMs=0.203, gpuMaxMs=0.324, gpuAvgMsPerMP=0.176
[04Aug2026 05:24:14.614] [Render thread/INFO] [Photonics/]: Photonics pass timing v73: group=restir local, passes=[exact local direct], viewport=1686x685, megapixels=1.155, cpuInvocations=297, cpuSubmitAvgMs=0.010, cpuSubmitMaxMs=0.026, gpuSamples=75, gpuAvgMs=0.008, gpuMaxMs=0.008, gpuAvgMsPerMP=0.007
[04Aug2026 05:24:14.615] [Render thread/INFO] [Photonics/]: Photonics pass timing v73: group=restir handheld, passes=[handheld], viewport=1686x685, megapixels=1.155, cpuInvocations=297, cpuSubmitAvgMs=0.013, cpuSubmitMaxMs=0.028, gpuSamples=75, gpuAvgMs=0.013, gpuMaxMs=0.067, gpuAvgMsPerMP=0.011
[04Aug2026 05:24:14.615] [Render thread/INFO] [Photonics/]: Photonics pass timing v73: group=photonics temporal source, passes=[compose low-resolution lighting], viewport=1686x685, megapixels=1.155, cpuInvocations=297, cpuSubmitAvgMs=0.004, cpuSubmitMaxMs=0.012, gpuSamples=75, gpuAvgMs=0.013, gpuMaxMs=0.015, gpuAvgMsPerMP=0.012
[04Aug2026 05:24:14.648] [Render thread/INFO] [Photonics/]: Photonics pass timing v73: group=photonics temporal reconstruction, passes=[reconstruct lighting], viewport=3373x1371, megapixels=4.624, cpuInvocations=298, cpuSubmitAvgMs=0.010, cpuSubmitMaxMs=0.020, gpuSamples=74, gpuAvgMs=0.684, gpuMaxMs=0.755, gpuAvgMsPerMP=0.148
[04Aug2026 05:24:14.986] [Photonics Light List Compiler/INFO] [Photonics/]: Photonics light-list publication v88: coalescedBatches=2, peakPendingSections=30, remainingSections=0, deferredMs=2.611
[04Aug2026 05:24:15.008] [Photonics Light List Compiler/INFO] [Photonics/]: Photonics light-list publication v88: coalescedBatches=6, peakPendingSections=52, remainingSections=0, deferredMs=11.554
[04Aug2026 05:24:15.046] [Render thread/INFO] [Photonics/]: Photonics world tracing v72: revision=102, settled=false, compiledSections=2019, trackedSections=2058, batchBuilt=1, batchUnloaded=0, pendingBuilds=19, pendingUnloads=0, ready=true, depth=6, blockBounds=( 8.000E+1  1.280E+2  3.200E+1)..( 4.160E+2  2.240E+2  3.680E+2), treeBounds=( 0.000E+0  0.000E+0  0.000E+0)..( 1.024E+3  1.024E+3  1.024E+3), origin=(-2.560E+2 -1.920E+2 -1.280E+2), boundsSource=compiled, compileMs=47.004
[04Aug2026 05:24:15.513] [Photonics Light List Compiler/INFO] [Photonics/]: Photonics light-list publication v88: coalescedBatches=10, peakPendingSections=163, remainingSections=0, deferredMs=21.354
[04Aug2026 05:24:17.886] [Render thread/INFO] [Photonics/]: Photonics world tracing v72: revision=109, settled=true, compiledSections=2019, trackedSections=2019, batchBuilt=1, batchUnloaded=0, pendingBuilds=0, pendingUnloads=0, ready=true, depth=6, blockBounds=( 6.400E+1  1.280E+2  8.000E+1)..( 4.000E+2  2.240E+2  4.160E+2), treeBounds=( 0.000E+0  0.000E+0  0.000E+0)..( 1.024E+3  1.024E+3  1.024E+3), origin=(-2.560E+2 -1.920E+2 -1.920E+2), boundsSource=compiled, compileMs=40.697
[04Aug2026 05:24:17.886] [Render thread/INFO] [Photonics/]: Photonics memory v72: jvmHeap={usedBytes=2823972360, committedBytes=3695181824, maxBytes=8589934592}, jvmGc={collections=111, timeMs=905}, worldHeap=GpuBufferHeapStats[capacityBytes=536870912, reservedBytes=138404468, liveBytes=135742452, peakLiveBytes=138391380, reusableBytes=2662016, allocations=188368, reusedAllocations=76901, frees=79101, failedAllocations=0], paletteHeap=GpuBufferHeapStats[capacityBytes=201326592, reservedBytes=96000, liveBytes=88800, peakLiveBytes=96000, reusableBytes=7200, allocations=1000, reusedAllocations=0, frees=75, failedAllocations=0], registries={lights=Stats[cachedObjects=1, pendingFreeObjects=0, allocatedObjects=1, failedAllocations=0], palettes=Stats[cachedObjects=925, pendingFreeObjects=0, allocatedObjects=1000, failedAllocations=0], blocks=Stats[cachedObjects=1265, pendingFreeObjects=0, allocatedObjects=1355, failedAllocations=0], models=Stats[cachedObjects=27, pendingFreeObjects=0, allocatedObjects=29, failedAllocations=0]}
[04Aug2026 05:24:18.166] [Photonics Light List Compiler/INFO] [Photonics/]: Photonics light-list publication v88: coalescedBatches=4, peakPendingSections=108, remainingSections=0, deferredMs=20.544
[04Aug2026 05:24:18.214] [Render thread/INFO] [Photonics/]: Photonics world tracing v72: revision=110, settled=false, compiledSections=1916, trackedSections=2017, batchBuilt=0, batchUnloaded=103, pendingBuilds=42, pendingUnloads=0, ready=true, depth=6, blockBounds=( 6.400E+1  1.280E+2  8.000E+1)..( 4.000E+2  2.240E+2  4.000E+2), treeBounds=( 0.000E+0  0.000E+0  0.000E+0)..( 1.024E+3  1.024E+3  1.024E+3), origin=(-2.560E+2 -1.920E+2 -1.920E+2), boundsSource=compiled, compileMs=59.710
[04Aug2026 05:24:19.448] [Render thread/INFO] [Photonics/]: Photonics pass timing v73: group=frag data, passes=[frag data], viewport=1686x685, megapixels=1.155, cpuInvocations=299, cpuSubmitAvgMs=0.030, cpuSubmitMaxMs=0.087, gpuSamples=75, gpuAvgMs=0.127, gpuMaxMs=0.180, gpuAvgMsPerMP=0.110
[04Aug2026 05:24:19.449] [Render thread/INFO] [Photonics/]: Photonics frame throughput v78: viewport=1686x685, windowSeconds=5.001, renderedFrames=299, fps=59.783, frameAvgMs=16.727
[04Aug2026 05:24:19.483] [Render thread/INFO] [Photonics/]: Photonics pass timing v73: group=restir direct, passes=[initial direct + visibility], viewport=1686x685, megapixels=1.155, cpuInvocations=299, cpuSubmitAvgMs=0.021, cpuSubmitMaxMs=0.052, gpuSamples=74, gpuAvgMs=0.353, gpuMaxMs=0.406, gpuAvgMsPerMP=0.306
[04Aug2026 05:24:19.499] [Render thread/INFO] [Photonics/]: Photonics pass timing v73: group=restir gi initial, passes=[initial indirect], viewport=1686x685, megapixels=1.155, cpuInvocations=299, cpuSubmitAvgMs=0.010, cpuSubmitMaxMs=0.028, gpuSamples=75, gpuAvgMs=0.791, gpuMaxMs=1.026, gpuAvgMsPerMP=0.685
[04Aug2026 05:24:19.515] [Render thread/INFO] [Photonics/]: Photonics pass timing v73: group=restir temporal, passes=[temporal reuse + tri-state GI classification], viewport=1686x685, megapixels=1.155, cpuInvocations=299, cpuSubmitAvgMs=0.011, cpuSubmitMaxMs=0.028, gpuSamples=75, gpuAvgMs=0.508, gpuMaxMs=0.652, gpuAvgMsPerMP=0.440
[04Aug2026 05:24:19.515] [Render thread/INFO] [Photonics/]: Photonics pass timing v73: group=restir spatial copy, passes=[copy spatial input], viewport=1686x685, megapixels=1.155, cpuInvocations=299, cpuSubmitAvgMs=0.010, cpuSubmitMaxMs=0.042, gpuSamples=75, gpuAvgMs=0.221, gpuMaxMs=0.263, gpuAvgMsPerMP=0.191
[04Aug2026 05:24:19.550] [Render thread/INFO] [Photonics/]: Photonics pass timing v73: group=restir spatial, passes=[spatial reuse/clamp + tri-state GI classification], viewport=1686x685, megapixels=1.155, cpuInvocations=299, cpuSubmitAvgMs=0.007, cpuSubmitMaxMs=0.021, gpuSamples=74, gpuAvgMs=0.547, gpuMaxMs=0.757, gpuAvgMsPerMP=0.474
[04Aug2026 05:24:19.550] [Render thread/INFO] [Photonics/]: Photonics pass timing v73: group=restir diffuse, passes=[diffuse], viewport=1686x685, megapixels=1.155, cpuInvocations=299, cpuSubmitAvgMs=0.010, cpuSubmitMaxMs=0.034, gpuSamples=74, gpuAvgMs=0.364, gpuMaxMs=0.396, gpuAvgMsPerMP=0.315
[04Aug2026 05:24:19.550] [Render thread/INFO] [Photonics/]: Photonics pass timing v73: group=restir accumulation, passes=[accumulation], viewport=1686x685, megapixels=1.155, cpuInvocations=299, cpuSubmitAvgMs=0.012, cpuSubmitMaxMs=0.028, gpuSamples=74, gpuAvgMs=0.549, gpuMaxMs=0.615, gpuAvgMsPerMP=0.475
[04Aug2026 05:24:19.571] [Render thread/INFO] [Photonics/]: Photonics pass timing v73: group=svgf variance, passes=[variance prefilter], viewport=1686x685, megapixels=1.155, cpuInvocations=299, cpuSubmitAvgMs=0.008, cpuSubmitMaxMs=0.024, gpuSamples=75, gpuAvgMs=0.410, gpuMaxMs=0.504, gpuAvgMsPerMP=0.355
[04Aug2026 05:24:19.599] [Photonics Light List Compiler/INFO] [Photonics/]: Photonics light-list publication v88: coalescedBatches=7, peakPendingSections=59, remainingSections=0, deferredMs=12.166
[04Aug2026 05:24:19.600] [Render thread/INFO] [Photonics/]: Photonics pass timing v73: group=svgf atrous, passes=[atrous iteration], viewport=1686x685, megapixels=1.155, cpuInvocations=1495, cpuSubmitAvgMs=0.003, cpuSubmitMaxMs=0.014, gpuSamples=374, gpuAvgMs=0.218, gpuMaxMs=0.316, gpuAvgMsPerMP=0.188
[04Aug2026 05:24:19.610] [Photonics Light List Compiler/INFO] [Photonics/]: Photonics light-list publication v88: coalescedBatches=3, peakPendingSections=34, remainingSections=0, deferredMs=7.427
[04Aug2026 05:24:19.636] [Render thread/INFO] [Photonics/]: Photonics pass timing v73: group=restir local, passes=[exact local direct], viewport=1686x685, megapixels=1.155, cpuInvocations=299, cpuSubmitAvgMs=0.010, cpuSubmitMaxMs=0.022, gpuSamples=74, gpuAvgMs=0.008, gpuMaxMs=0.008, gpuAvgMsPerMP=0.007
[04Aug2026 05:24:19.636] [Render thread/INFO] [Photonics/]: Photonics pass timing v73: group=restir handheld, passes=[handheld], viewport=1686x685, megapixels=1.155, cpuInvocations=299, cpuSubmitAvgMs=0.013, cpuSubmitMaxMs=0.031, gpuSamples=74, gpuAvgMs=0.013, gpuMaxMs=0.039, gpuAvgMsPerMP=0.011
[04Aug2026 05:24:19.636] [Render thread/INFO] [Photonics/]: Photonics pass timing v73: group=photonics temporal source, passes=[compose low-resolution lighting], viewport=1686x685, megapixels=1.155, cpuInvocations=299, cpuSubmitAvgMs=0.004, cpuSubmitMaxMs=0.014, gpuSamples=74, gpuAvgMs=0.014, gpuMaxMs=0.035, gpuAvgMsPerMP=0.012
[04Aug2026 05:24:19.648] [Render thread/INFO] [Photonics/]: Photonics world tracing v72: revision=114, settled=false, compiledSections=2018, trackedSections=2057, batchBuilt=1, batchUnloaded=0, pendingBuilds=20, pendingUnloads=0, ready=true, depth=6, blockBounds=( 6.400E+1  1.280E+2  6.400E+1)..( 4.000E+2  2.240E+2  4.000E+2), treeBounds=( 0.000E+0  0.000E+0  0.000E+0)..( 1.024E+3  1.024E+3  1.024E+3), origin=(-2.560E+2 -1.920E+2 -1.920E+2), boundsSource=compiled, compileMs=49.192
[04Aug2026 05:24:19.652] [Render thread/INFO] [Photonics/]: Photonics pass timing v73: group=photonics temporal reconstruction, passes=[reconstruct lighting], viewport=3373x1371, megapixels=4.624, cpuInvocations=298, cpuSubmitAvgMs=0.010, cpuSubmitMaxMs=0.061, gpuSamples=75, gpuAvgMs=0.710, gpuMaxMs=0.754, gpuAvgMsPerMP=0.154
[04Aug2026 05:24:20.534] [Render thread/INFO] [Photonics/]: Photonics direct reservoir sample v64: samples=120, populated=1, emptyOrBackground=30, visibilityRejected=87, invalid=2, overLegacyCap=0, overTemporalCap=0, totalSamplesRange=0.0..128.0, viewport=1686x685
[04Aug2026 05:24:21.802] [Render thread/INFO] [Photonics/]: Photonics world tracing v72: revision=116, settled=true, compiledSections=2057, trackedSections=2057, batchBuilt=13, batchUnloaded=0, pendingBuilds=0, pendingUnloads=0, ready=true, depth=6, blockBounds=( 6.400E+1  1.280E+2  6.400E+1)..( 4.000E+2  2.240E+2  4.000E+2), treeBounds=( 0.000E+0  0.000E+0  0.000E+0)..( 1.024E+3  1.024E+3  1.024E+3), origin=(-2.560E+2 -1.920E+2 -1.920E+2), boundsSource=compiled, compileMs=56.170
[04Aug2026 05:24:21.802] [Render thread/INFO] [Photonics/]: Photonics memory v72: jvmHeap={usedBytes=2866460472, committedBytes=3695181824, maxBytes=8589934592}, jvmGc={collections=114, timeMs=925}, worldHeap=GpuBufferHeapStats[capacityBytes=536870912, reservedBytes=138412628, liveBytes=138393396, peakLiveBytes=138393396, reusableBytes=19232, allocations=196011, reusedAllocations=84520, frees=84635, failedAllocations=0], paletteHeap=GpuBufferHeapStats[capacityBytes=201326592, reservedBytes=96000, liveBytes=88800, peakLiveBytes=96000, reusableBytes=7200, allocations=1000, reusedAllocations=0, frees=75, failedAllocations=0], registries={lights=Stats[cachedObjects=1, pendingFreeObjects=0, allocatedObjects=1, failedAllocations=0], palettes=Stats[cachedObjects=925, pendingFreeObjects=0, allocatedObjects=1000, failedAllocations=0], blocks=Stats[cachedObjects=1265, pendingFreeObjects=0, allocatedObjects=1355, failedAllocations=0], models=Stats[cachedObjects=27, pendingFreeObjects=0, allocatedObjects=29, failedAllocations=0]}
[04Aug2026 05:24:24.456] [Render thread/INFO] [Photonics/]: Photonics pass timing v73: group=frag data, passes=[frag data], viewport=1686x685, megapixels=1.155, cpuInvocations=299, cpuSubmitAvgMs=0.031, cpuSubmitMaxMs=0.171, gpuSamples=75, gpuAvgMs=0.106, gpuMaxMs=0.154, gpuAvgMsPerMP=0.092
[04Aug2026 05:24:24.456] [Render thread/INFO] [Photonics/]: Photonics frame throughput v78: viewport=1686x685, windowSeconds=5.007, renderedFrames=299, fps=59.713, frameAvgMs=16.747
[04Aug2026 05:24:24.490] [Render thread/INFO] [Photonics/]: Photonics pass timing v73: group=restir direct, passes=[initial direct + visibility], viewport=1686x685, megapixels=1.155, cpuInvocations=299, cpuSubmitAvgMs=0.021, cpuSubmitMaxMs=0.049, gpuSamples=75, gpuAvgMs=0.334, gpuMaxMs=0.416, gpuAvgMsPerMP=0.289
[04Aug2026 05:24:24.506] [Render thread/INFO] [Photonics/]: Photonics pass timing v73: group=restir gi initial, passes=[initial indirect], viewport=1686x685, megapixels=1.155, cpuInvocations=299, cpuSubmitAvgMs=0.010, cpuSubmitMaxMs=0.042, gpuSamples=74, gpuAvgMs=0.673, gpuMaxMs=0.977, gpuAvgMsPerMP=0.583
[04Aug2026 05:24:24.524] [Render thread/INFO] [Photonics/]: Photonics pass timing v73: group=restir temporal, passes=[temporal reuse + tri-state GI classification], viewport=1686x685, megapixels=1.155, cpuInvocations=299, cpuSubmitAvgMs=0.012, cpuSubmitMaxMs=0.029, gpuSamples=75, gpuAvgMs=0.450, gpuMaxMs=0.667, gpuAvgMsPerMP=0.390
[04Aug2026 05:24:24.524] [Render thread/INFO] [Photonics/]: Photonics pass timing v73: group=restir spatial copy, passes=[copy spatial input], viewport=1686x685, megapixels=1.155, cpuInvocations=299, cpuSubmitAvgMs=0.010, cpuSubmitMaxMs=0.027, gpuSamples=75, gpuAvgMs=0.219, gpuMaxMs=0.267, gpuAvgMsPerMP=0.189
[04Aug2026 05:24:24.556] [Render thread/INFO] [Photonics/]: Photonics pass timing v73: group=restir spatial, passes=[spatial reuse/clamp + tri-state GI classification], viewport=1686x685, megapixels=1.155, cpuInvocations=299, cpuSubmitAvgMs=0.008, cpuSubmitMaxMs=0.018, gpuSamples=75, gpuAvgMs=0.439, gpuMaxMs=0.710, gpuAvgMsPerMP=0.380
[04Aug2026 05:24:24.556] [Render thread/INFO] [Photonics/]: Photonics pass timing v73: group=restir diffuse, passes=[diffuse], viewport=1686x685, megapixels=1.155, cpuInvocations=299, cpuSubmitAvgMs=0.011, cpuSubmitMaxMs=0.033, gpuSamples=75, gpuAvgMs=0.358, gpuMaxMs=0.400, gpuAvgMsPerMP=0.310
[04Aug2026 05:24:24.557] [Render thread/INFO] [Photonics/]: Photonics pass timing v73: group=restir accumulation, passes=[accumulation], viewport=1686x685, megapixels=1.155, cpuInvocations=299, cpuSubmitAvgMs=0.012, cpuSubmitMaxMs=0.027, gpuSamples=75, gpuAvgMs=0.520, gpuMaxMs=0.621, gpuAvgMsPerMP=0.450
[04Aug2026 05:24:24.573] [Render thread/INFO] [Photonics/]: Photonics pass timing v73: group=svgf variance, passes=[variance prefilter], viewport=1686x685, megapixels=1.155, cpuInvocations=299, cpuSubmitAvgMs=0.008, cpuSubmitMaxMs=0.020, gpuSamples=74, gpuAvgMs=0.392, gpuMaxMs=0.510, gpuAvgMsPerMP=0.339
[04Aug2026 05:24:24.607] [Render thread/INFO] [Photonics/]: Photonics pass timing v73: group=svgf atrous, passes=[atrous iteration], viewport=1686x685, megapixels=1.155, cpuInvocations=1500, cpuSubmitAvgMs=0.003, cpuSubmitMaxMs=0.015, gpuSamples=375, gpuAvgMs=0.203, gpuMaxMs=0.313, gpuAvgMsPerMP=0.176
[04Aug2026 05:24:24.641] [Render thread/INFO] [Photonics/]: Photonics pass timing v73: group=restir local, passes=[exact local direct], viewport=1686x685, megapixels=1.155, cpuInvocations=300, cpuSubmitAvgMs=0.010, cpuSubmitMaxMs=0.027, gpuSamples=75, gpuAvgMs=0.008, gpuMaxMs=0.008, gpuAvgMsPerMP=0.007
[04Aug2026 05:24:24.641] [Render thread/INFO] [Photonics/]: Photonics pass timing v73: group=restir handheld, passes=[handheld], viewport=1686x685, megapixels=1.155, cpuInvocations=300, cpuSubmitAvgMs=0.013, cpuSubmitMaxMs=0.050, gpuSamples=75, gpuAvgMs=0.013, gpuMaxMs=0.013, gpuAvgMsPerMP=0.011
[04Aug2026 05:24:24.641] [Render thread/INFO] [Photonics/]: Photonics pass timing v73: group=photonics temporal source, passes=[compose low-resolution lighting], viewport=1686x685, megapixels=1.155, cpuInvocations=300, cpuSubmitAvgMs=0.005, cpuSubmitMaxMs=0.012, gpuSamples=75, gpuAvgMs=0.014, gpuMaxMs=0.016, gpuAvgMsPerMP=0.012
[04Aug2026 05:24:24.658] [Render thread/INFO] [Photonics/]: Photonics pass timing v73: group=photonics temporal reconstruction, passes=[reconstruct lighting], viewport=3373x1371, megapixels=4.624, cpuInvocations=300, cpuSubmitAvgMs=0.010, cpuSubmitMaxMs=0.057, gpuSamples=75, gpuAvgMs=0.637, gpuMaxMs=0.754, gpuAvgMsPerMP=0.138
[04Aug2026 05:24:28.543] [Render thread/INFO] [Photonics/]: Photonics direct reservoir sample v64: samples=120, populated=2, emptyOrBackground=38, visibilityRejected=69, invalid=11, overLegacyCap=0, overTemporalCap=0, totalSamplesRange=0.0..128.0, viewport=1686x685
[04Aug2026 05:24:29.458] [Render thread/INFO] [Photonics/]: Photonics pass timing v73: group=frag data, passes=[frag data], viewport=1686x685, megapixels=1.155, cpuInvocations=300, cpuSubmitAvgMs=0.027, cpuSubmitMaxMs=0.067, gpuSamples=75, gpuAvgMs=0.086, gpuMaxMs=0.135, gpuAvgMsPerMP=0.075
[04Aug2026 05:24:29.458] [Render thread/INFO] [Photonics/]: Photonics frame throughput v78: viewport=1686x685, windowSeconds=5.003, renderedFrames=300, fps=59.967, frameAvgMs=16.676
[04Aug2026 05:24:29.492] [Render thread/INFO] [Photonics/]: Photonics pass timing v73: group=restir direct, passes=[initial direct + visibility], viewport=1686x685, megapixels=1.155, cpuInvocations=300, cpuSubmitAvgMs=0.019, cpuSubmitMaxMs=0.039, gpuSamples=75, gpuAvgMs=0.268, gpuMaxMs=0.358, gpuAvgMsPerMP=0.232
[04Aug2026 05:24:29.508] [Render thread/INFO] [Photonics/]: Photonics pass timing v73: group=restir gi initial, passes=[initial indirect], viewport=1686x685, megapixels=1.155, cpuInvocations=300, cpuSubmitAvgMs=0.010, cpuSubmitMaxMs=0.038, gpuSamples=75, gpuAvgMs=0.591, gpuMaxMs=0.806, gpuAvgMsPerMP=0.512
[04Aug2026 05:24:29.526] [Render thread/INFO] [Photonics/]: Photonics pass timing v73: group=restir temporal, passes=[temporal reuse + tri-state GI classification], viewport=1686x685, megapixels=1.155, cpuInvocations=300, cpuSubmitAvgMs=0.011, cpuSubmitMaxMs=0.038, gpuSamples=75, gpuAvgMs=0.383, gpuMaxMs=0.546, gpuAvgMsPerMP=0.331
[04Aug2026 05:24:29.526] [Render thread/INFO] [Photonics/]: Photonics pass timing v73: group=restir spatial copy, passes=[copy spatial input], viewport=1686x685, megapixels=1.155, cpuInvocations=300, cpuSubmitAvgMs=0.009, cpuSubmitMaxMs=0.025, gpuSamples=75, gpuAvgMs=0.210, gpuMaxMs=0.244, gpuAvgMsPerMP=0.182
[04Aug2026 05:24:29.558] [Render thread/INFO] [Photonics/]: Photonics pass timing v73: group=restir spatial, passes=[spatial reuse/clamp + tri-state GI classification], viewport=1686x685, megapixels=1.155, cpuInvocations=300, cpuSubmitAvgMs=0.008, cpuSubmitMaxMs=0.015, gpuSamples=75, gpuAvgMs=0.368, gpuMaxMs=0.535, gpuAvgMsPerMP=0.319
[04Aug2026 05:24:29.558] [Render thread/INFO] [Photonics/]: Photonics pass timing v73: group=restir diffuse, passes=[diffuse], viewport=1686x685, megapixels=1.155, cpuInvocations=300, cpuSubmitAvgMs=0.010, cpuSubmitMaxMs=0.023, gpuSamples=75, gpuAvgMs=0.332, gpuMaxMs=0.382, gpuAvgMsPerMP=0.287
[04Aug2026 05:24:29.558] [Render thread/INFO] [Photonics/]: Photonics pass timing v73: group=restir accumulation, passes=[accumulation], viewport=1686x685, megapixels=1.155, cpuInvocations=300, cpuSubmitAvgMs=0.011, cpuSubmitMaxMs=0.082, gpuSamples=75, gpuAvgMs=0.476, gpuMaxMs=0.563, gpuAvgMsPerMP=0.412
[04Aug2026 05:24:29.575] [Render thread/INFO] [Photonics/]: Photonics pass timing v73: group=svgf variance, passes=[variance prefilter], viewport=1686x685, megapixels=1.155, cpuInvocations=300, cpuSubmitAvgMs=0.008, cpuSubmitMaxMs=0.038, gpuSamples=75, gpuAvgMs=0.338, gpuMaxMs=0.416, gpuAvgMsPerMP=0.293
[04Aug2026 05:24:29.608] [Render thread/INFO] [Photonics/]: Photonics pass timing v73: group=svgf atrous, passes=[atrous iteration], viewport=1686x685, megapixels=1.155, cpuInvocations=1500, cpuSubmitAvgMs=0.003, cpuSubmitMaxMs=0.042, gpuSamples=375, gpuAvgMs=0.170, gpuMaxMs=0.230, gpuAvgMsPerMP=0.147
[04Aug2026 05:24:29.643] [Render thread/INFO] [Photonics/]: Photonics pass timing v73: group=restir local, passes=[exact local direct], viewport=1686x685, megapixels=1.155, cpuInvocations=300, cpuSubmitAvgMs=0.009, cpuSubmitMaxMs=0.020, gpuSamples=75, gpuAvgMs=0.008, gpuMaxMs=0.008, gpuAvgMsPerMP=0.007
[04Aug2026 05:24:29.643] [Render thread/INFO] [Photonics/]: Photonics pass timing v73: group=restir handheld, passes=[handheld], viewport=1686x685, megapixels=1.155, cpuInvocations=300, cpuSubmitAvgMs=0.010, cpuSubmitMaxMs=0.024, gpuSamples=75, gpuAvgMs=0.013, gpuMaxMs=0.013, gpuAvgMsPerMP=0.011
[04Aug2026 05:24:29.643] [Render thread/INFO] [Photonics/]: Photonics pass timing v73: group=photonics temporal source, passes=[compose low-resolution lighting], viewport=1686x685, megapixels=1.155, cpuInvocations=300, cpuSubmitAvgMs=0.004, cpuSubmitMaxMs=0.012, gpuSamples=75, gpuAvgMs=0.014, gpuMaxMs=0.015, gpuAvgMsPerMP=0.012
[04Aug2026 05:24:29.659] [Render thread/INFO] [Photonics/]: Photonics pass timing v73: group=photonics temporal reconstruction, passes=[reconstruct lighting], viewport=3373x1371, megapixels=4.624, cpuInvocations=300, cpuSubmitAvgMs=0.009, cpuSubmitMaxMs=0.018, gpuSamples=75, gpuAvgMs=0.560, gpuMaxMs=0.701, gpuAvgMsPerMP=0.121
[04Aug2026 05:24:33.476] [Server thread/INFO] [net.minecraft.server.MinecraftServer/]: [Eutio: Set the time to 1000]
[04Aug2026 05:24:33.492] [Render thread/INFO] [net.minecraft.client.gui.components.ChatComponent/]: [System] [CHAT] Set the time to 1000
[04Aug2026 05:24:34.462] [Render thread/INFO] [Photonics/]: Photonics pass timing v73: group=frag data, passes=[frag data], viewport=1686x685, megapixels=1.155, cpuInvocations=299, cpuSubmitAvgMs=0.028, cpuSubmitMaxMs=0.069, gpuSamples=74, gpuAvgMs=0.088, gpuMaxMs=0.144, gpuAvgMsPerMP=0.076
[04Aug2026 05:24:34.462] [Render thread/INFO] [Photonics/]: Photonics frame throughput v78: viewport=1686x685, windowSeconds=5.004, renderedFrames=299, fps=59.756, frameAvgMs=16.735
[04Aug2026 05:24:34.496] [Render thread/INFO] [Photonics/]: Photonics pass timing v73: group=restir direct, passes=[initial direct + visibility], viewport=1686x685, megapixels=1.155, cpuInvocations=299, cpuSubmitAvgMs=0.020, cpuSubmitMaxMs=0.061, gpuSamples=75, gpuAvgMs=0.260, gpuMaxMs=0.268, gpuAvgMsPerMP=0.225
[04Aug2026 05:24:34.511] [Render thread/INFO] [Photonics/]: Photonics pass timing v73: group=restir gi initial, passes=[initial indirect], viewport=1686x685, megapixels=1.155, cpuInvocations=299, cpuSubmitAvgMs=0.010, cpuSubmitMaxMs=0.024, gpuSamples=75, gpuAvgMs=0.662, gpuMaxMs=0.679, gpuAvgMsPerMP=0.573
[04Aug2026 05:24:34.528] [Render thread/INFO] [Photonics/]: Photonics pass timing v73: group=restir temporal, passes=[temporal reuse + tri-state GI classification], viewport=1686x685, megapixels=1.155, cpuInvocations=299, cpuSubmitAvgMs=0.011, cpuSubmitMaxMs=0.025, gpuSamples=74, gpuAvgMs=0.390, gpuMaxMs=0.433, gpuAvgMsPerMP=0.338
[04Aug2026 05:24:34.528] [Render thread/INFO] [Photonics/]: Photonics pass timing v73: group=restir spatial copy, passes=[copy spatial input], viewport=1686x685, megapixels=1.155, cpuInvocations=299, cpuSubmitAvgMs=0.009, cpuSubmitMaxMs=0.025, gpuSamples=74, gpuAvgMs=0.214, gpuMaxMs=0.253, gpuAvgMsPerMP=0.186
[04Aug2026 05:24:34.561] [Render thread/INFO] [Photonics/]: Photonics pass timing v73: group=restir spatial, passes=[spatial reuse/clamp + tri-state GI classification], viewport=1686x685, megapixels=1.155, cpuInvocations=299, cpuSubmitAvgMs=0.008, cpuSubmitMaxMs=0.015, gpuSamples=75, gpuAvgMs=0.375, gpuMaxMs=0.421, gpuAvgMsPerMP=0.325
[04Aug2026 05:24:34.561] [Render thread/INFO] [Photonics/]: Photonics pass timing v73: group=restir diffuse, passes=[diffuse], viewport=1686x685, megapixels=1.155, cpuInvocations=299, cpuSubmitAvgMs=0.011, cpuSubmitMaxMs=0.026, gpuSamples=75, gpuAvgMs=0.330, gpuMaxMs=0.342, gpuAvgMsPerMP=0.286
[04Aug2026 05:24:34.561] [Render thread/INFO] [Photonics/]: Photonics pass timing v73: group=restir accumulation, passes=[accumulation], viewport=1686x685, megapixels=1.155, cpuInvocations=299, cpuSubmitAvgMs=0.012, cpuSubmitMaxMs=0.025, gpuSamples=75, gpuAvgMs=0.485, gpuMaxMs=0.495, gpuAvgMsPerMP=0.420
[04Aug2026 05:24:34.579] [Render thread/INFO] [Photonics/]: Photonics pass timing v73: group=svgf variance, passes=[variance prefilter], viewport=1686x685, megapixels=1.155, cpuInvocations=299, cpuSubmitAvgMs=0.008, cpuSubmitMaxMs=0.050, gpuSamples=75, gpuAvgMs=0.337, gpuMaxMs=0.343, gpuAvgMsPerMP=0.291
[04Aug2026 05:24:34.613] [Render thread/INFO] [Photonics/]: Photonics pass timing v73: group=svgf atrous, passes=[atrous iteration], viewport=1686x685, megapixels=1.155, cpuInvocations=1495, cpuSubmitAvgMs=0.003, cpuSubmitMaxMs=0.015, gpuSamples=374, gpuAvgMs=0.171, gpuMaxMs=0.183, gpuAvgMsPerMP=0.148
[04Aug2026 05:24:34.646] [Render thread/INFO] [Photonics/]: Photonics pass timing v73: group=restir local, passes=[exact local direct], viewport=1686x685, megapixels=1.155, cpuInvocations=299, cpuSubmitAvgMs=0.009, cpuSubmitMaxMs=0.025, gpuSamples=75, gpuAvgMs=0.008, gpuMaxMs=0.008, gpuAvgMsPerMP=0.007
[04Aug2026 05:24:34.646] [Render thread/INFO] [Photonics/]: Photonics pass timing v73: group=restir handheld, passes=[handheld], viewport=1686x685, megapixels=1.155, cpuInvocations=299, cpuSubmitAvgMs=0.010, cpuSubmitMaxMs=0.058, gpuSamples=75, gpuAvgMs=0.013, gpuMaxMs=0.013, gpuAvgMsPerMP=0.011
[04Aug2026 05:24:34.646] [Render thread/INFO] [Photonics/]: Photonics pass timing v73: group=photonics temporal source, passes=[compose low-resolution lighting], viewport=1686x685, megapixels=1.155, cpuInvocations=299, cpuSubmitAvgMs=0.004, cpuSubmitMaxMs=0.010, gpuSamples=75, gpuAvgMs=0.013, gpuMaxMs=0.013, gpuAvgMsPerMP=0.011
[04Aug2026 05:24:34.662] [Render thread/INFO] [Photonics/]: Photonics pass timing v73: group=photonics temporal reconstruction, passes=[reconstruct lighting], viewport=3373x1371, megapixels=4.624, cpuInvocations=299, cpuSubmitAvgMs=0.009, cpuSubmitMaxMs=0.019, gpuSamples=74, gpuAvgMs=0.577, gpuMaxMs=0.584, gpuAvgMsPerMP=0.125
[04Aug2026 05:24:36.563] [Render thread/INFO] [Photonics/]: Photonics direct reservoir sample v64: samples=120, populated=1, emptyOrBackground=55, visibilityRejected=55, invalid=9, overLegacyCap=0, overTemporalCap=0, totalSamplesRange=0.0..128.0, viewport=1686x685
[04Aug2026 05:24:38.543] [Photonics Light List Compiler/INFO] [Photonics/]: Photonics light-list publication v88: coalescedBatches=4, peakPendingSections=142, remainingSections=0, deferredMs=38.692
[04Aug2026 05:24:38.575] [Render thread/INFO] [Photonics/]: Photonics world tracing v72: revision=117, settled=false, compiledSections=1867, trackedSections=2012, batchBuilt=0, batchUnloaded=190, pendingBuilds=60, pendingUnloads=0, ready=true, depth=6, blockBounds=( 6.400E+1  1.280E+2  6.400E+1)..( 3.840E+2  2.240E+2  3.840E+2), treeBounds=( 0.000E+0  0.000E+0  0.000E+0)..( 1.024E+3  1.024E+3  1.024E+3), origin=(-2.560E+2 -1.920E+2 -1.920E+2), boundsSource=compiled, compileMs=76.639
[04Aug2026 05:24:39.476] [Render thread/INFO] [Photonics/]: Photonics pass timing v73: group=frag data, passes=[frag data], viewport=1686x685, megapixels=1.155, cpuInvocations=300, cpuSubmitAvgMs=0.031, cpuSubmitMaxMs=0.131, gpuSamples=75, gpuAvgMs=0.097, gpuMaxMs=0.157, gpuAvgMsPerMP=0.084
[04Aug2026 05:24:39.476] [Render thread/INFO] [Photonics/]: Photonics frame throughput v78: viewport=1686x685, windowSeconds=5.014, renderedFrames=300, fps=59.828, frameAvgMs=16.715
[04Aug2026 05:24:39.510] [Render thread/INFO] [Photonics/]: Photonics pass timing v73: group=restir direct, passes=[initial direct + visibility], viewport=1686x685, megapixels=1.155, cpuInvocations=300, cpuSubmitAvgMs=0.020, cpuSubmitMaxMs=0.050, gpuSamples=75, gpuAvgMs=0.287, gpuMaxMs=0.316, gpuAvgMsPerMP=0.248
[04Aug2026 05:24:39.527] [Render thread/INFO] [Photonics/]: Photonics pass timing v73: group=restir gi initial, passes=[initial indirect], viewport=1686x685, megapixels=1.155, cpuInvocations=300, cpuSubmitAvgMs=0.010, cpuSubmitMaxMs=0.027, gpuSamples=75, gpuAvgMs=0.700, gpuMaxMs=0.861, gpuAvgMsPerMP=0.606
[04Aug2026 05:24:39.544] [Render thread/INFO] [Photonics/]: Photonics pass timing v73: group=restir temporal, passes=[temporal reuse + tri-state GI classification], viewport=1686x685, megapixels=1.155, cpuInvocations=300, cpuSubmitAvgMs=0.011, cpuSubmitMaxMs=0.027, gpuSamples=75, gpuAvgMs=0.412, gpuMaxMs=0.583, gpuAvgMsPerMP=0.356
[04Aug2026 05:24:39.544] [Render thread/INFO] [Photonics/]: Photonics pass timing v73: group=restir spatial copy, passes=[copy spatial input], viewport=1686x685, megapixels=1.155, cpuInvocations=300, cpuSubmitAvgMs=0.010, cpuSubmitMaxMs=0.071, gpuSamples=75, gpuAvgMs=0.220, gpuMaxMs=0.253, gpuAvgMsPerMP=0.190
[04Aug2026 05:24:39.578] [Render thread/INFO] [Photonics/]: Photonics pass timing v73: group=restir spatial, passes=[spatial reuse/clamp + tri-state GI classification], viewport=1686x685, megapixels=1.155, cpuInvocations=300, cpuSubmitAvgMs=0.008, cpuSubmitMaxMs=0.040, gpuSamples=75, gpuAvgMs=0.414, gpuMaxMs=0.584, gpuAvgMsPerMP=0.358
[04Aug2026 05:24:39.578] [Render thread/INFO] [Photonics/]: Photonics pass timing v73: group=restir diffuse, passes=[diffuse], viewport=1686x685, megapixels=1.155, cpuInvocations=300, cpuSubmitAvgMs=0.010, cpuSubmitMaxMs=0.026, gpuSamples=75, gpuAvgMs=0.341, gpuMaxMs=0.379, gpuAvgMsPerMP=0.295
[04Aug2026 05:24:39.579] [Render thread/INFO] [Photonics/]: Photonics pass timing v73: group=restir accumulation, passes=[accumulation], viewport=1686x685, megapixels=1.155, cpuInvocations=300, cpuSubmitAvgMs=0.012, cpuSubmitMaxMs=0.033, gpuSamples=75, gpuAvgMs=0.508, gpuMaxMs=0.588, gpuAvgMsPerMP=0.440
[04Aug2026 05:24:39.596] [Render thread/INFO] [Photonics/]: Photonics pass timing v73: group=svgf variance, passes=[variance prefilter], viewport=1686x685, megapixels=1.155, cpuInvocations=300, cpuSubmitAvgMs=0.008, cpuSubmitMaxMs=0.025, gpuSamples=75, gpuAvgMs=0.366, gpuMaxMs=0.453, gpuAvgMsPerMP=0.317
[04Aug2026 05:24:39.629] [Render thread/INFO] [Photonics/]: Photonics pass timing v73: group=svgf atrous, passes=[atrous iteration], viewport=1686x685, megapixels=1.155, cpuInvocations=1500, cpuSubmitAvgMs=0.003, cpuSubmitMaxMs=0.021, gpuSamples=375, gpuAvgMs=0.189, gpuMaxMs=0.277, gpuAvgMsPerMP=0.164
[04Aug2026 05:24:39.647] [Render thread/INFO] [Photonics/]: Photonics pass timing v73: group=restir local, passes=[exact local direct], viewport=1686x685, megapixels=1.155, cpuInvocations=299, cpuSubmitAvgMs=0.009, cpuSubmitMaxMs=0.021, gpuSamples=75, gpuAvgMs=0.008, gpuMaxMs=0.008, gpuAvgMsPerMP=0.007
[04Aug2026 05:24:39.647] [Render thread/INFO] [Photonics/]: Photonics pass timing v73: group=restir handheld, passes=[handheld], viewport=1686x685, megapixels=1.155, cpuInvocations=299, cpuSubmitAvgMs=0.011, cpuSubmitMaxMs=0.027, gpuSamples=75, gpuAvgMs=0.013, gpuMaxMs=0.013, gpuAvgMsPerMP=0.011
[04Aug2026 05:24:39.647] [Render thread/INFO] [Photonics/]: Photonics pass timing v73: group=photonics temporal source, passes=[compose low-resolution lighting], viewport=1686x685, megapixels=1.155, cpuInvocations=299, cpuSubmitAvgMs=0.004, cpuSubmitMaxMs=0.013, gpuSamples=75, gpuAvgMs=0.014, gpuMaxMs=0.016, gpuAvgMsPerMP=0.012
[04Aug2026 05:24:39.662] [Render thread/INFO] [Photonics/]: Photonics pass timing v73: group=photonics temporal reconstruction, passes=[reconstruct lighting], viewport=3373x1371, megapixels=4.624, cpuInvocations=299, cpuSubmitAvgMs=0.010, cpuSubmitMaxMs=0.059, gpuSamples=75, gpuAvgMs=0.619, gpuMaxMs=0.704, gpuAvgMsPerMP=0.134
[04Aug2026 05:24:40.912] [Render thread/INFO] [Photonics/]: Photonics world tracing v72: revision=121, settled=true, compiledSections=2012, trackedSections=2012, batchBuilt=1, batchUnloaded=0, pendingBuilds=0, pendingUnloads=0, ready=true, depth=6, blockBounds=( 4.800E+1  1.280E+2  4.800E+1)..( 3.840E+2  2.240E+2  3.840E+2), treeBounds=( 0.000E+0  0.000E+0  0.000E+0)..( 1.024E+3  1.024E+3  1.024E+3), origin=(-2.560E+2 -1.920E+2 -1.920E+2), boundsSource=compiled, compileMs=39.414
[04Aug2026 05:24:40.912] [Render thread/INFO] [Photonics/]: Photonics memory v72: jvmHeap={usedBytes=2960337328, committedBytes=3695181824, maxBytes=8589934592}, jvmGc={collections=116, timeMs=954}, worldHeap=GpuBufferHeapStats[capacityBytes=536870912, reservedBytes=138412628, liveBytes=135739828, peakLiveBytes=138393396, reusableBytes=2672800, allocations=203917, reusedAllocations=92426, frees=94670, failedAllocations=0], paletteHeap=GpuBufferHeapStats[capacityBytes=201326592, reservedBytes=96000, liveBytes=88800, peakLiveBytes=96000, reusableBytes=7200, allocations=1000, reusedAllocations=0, frees=75, failedAllocations=0], registries={lights=Stats[cachedObjects=1, pendingFreeObjects=0, allocatedObjects=1, failedAllocations=0], palettes=Stats[cachedObjects=925, pendingFreeObjects=0, allocatedObjects=1000, failedAllocations=0], blocks=Stats[cachedObjects=1265, pendingFreeObjects=0, allocatedObjects=1355, failedAllocations=0], models=Stats[cachedObjects=27, pendingFreeObjects=0, allocatedObjects=29, failedAllocations=0]}
[04Aug2026 05:24:44.492] [Render thread/INFO] [Photonics/]: Photonics pass timing v73: group=frag data, passes=[frag data], viewport=1686x685, megapixels=1.155, cpuInvocations=297, cpuSubmitAvgMs=0.029, cpuSubmitMaxMs=0.079, gpuSamples=75, gpuAvgMs=0.102, gpuMaxMs=0.104, gpuAvgMsPerMP=0.088
[04Aug2026 05:24:44.492] [Render thread/INFO] [Photonics/]: Photonics frame throughput v78: viewport=1686x685, windowSeconds=5.016, renderedFrames=297, fps=59.213, frameAvgMs=16.888
[04Aug2026 05:24:44.524] [Render thread/INFO] [Photonics/]: Photonics pass timing v73: group=restir direct, passes=[initial direct + visibility], viewport=1686x685, megapixels=1.155, cpuInvocations=297, cpuSubmitAvgMs=0.018, cpuSubmitMaxMs=0.052, gpuSamples=74, gpuAvgMs=0.290, gpuMaxMs=0.310, gpuAvgMsPerMP=0.251
[04Aug2026 05:24:44.542] [Render thread/INFO] [Photonics/]: Photonics pass timing v73: group=restir gi initial, passes=[initial indirect], viewport=1686x685, megapixels=1.155, cpuInvocations=297, cpuSubmitAvgMs=0.010, cpuSubmitMaxMs=0.031, gpuSamples=74, gpuAvgMs=0.778, gpuMaxMs=0.802, gpuAvgMsPerMP=0.674
[04Aug2026 05:24:44.559] [Render thread/INFO] [Photonics/]: Photonics pass timing v73: group=restir temporal, passes=[temporal reuse + tri-state GI classification], viewport=1686x685, megapixels=1.155, cpuInvocations=297, cpuSubmitAvgMs=0.010, cpuSubmitMaxMs=0.024, gpuSamples=75, gpuAvgMs=0.455, gpuMaxMs=0.559, gpuAvgMsPerMP=0.394
[04Aug2026 05:24:44.559] [Render thread/INFO] [Photonics/]: Photonics pass timing v73: group=restir spatial copy, passes=[copy spatial input], viewport=1686x685, megapixels=1.155, cpuInvocations=297, cpuSubmitAvgMs=0.009, cpuSubmitMaxMs=0.091, gpuSamples=75, gpuAvgMs=0.229, gpuMaxMs=0.269, gpuAvgMsPerMP=0.198
[04Aug2026 05:24:44.579] [Render thread/INFO] [Photonics/]: Photonics pass timing v73: group=restir spatial, passes=[spatial reuse/clamp + tri-state GI classification], viewport=1686x685, megapixels=1.155, cpuInvocations=296, cpuSubmitAvgMs=0.007, cpuSubmitMaxMs=0.015, gpuSamples=74, gpuAvgMs=0.437, gpuMaxMs=0.542, gpuAvgMsPerMP=0.378
[04Aug2026 05:24:44.579] [Render thread/INFO] [Photonics/]: Photonics pass timing v73: group=restir diffuse, passes=[diffuse], viewport=1686x685, megapixels=1.155, cpuInvocations=296, cpuSubmitAvgMs=0.010, cpuSubmitMaxMs=0.024, gpuSamples=74, gpuAvgMs=0.346, gpuMaxMs=0.365, gpuAvgMsPerMP=0.300
[04Aug2026 05:24:44.579] [Render thread/INFO] [Photonics/]: Photonics pass timing v73: group=restir accumulation, passes=[accumulation], viewport=1686x685, megapixels=1.155, cpuInvocations=296, cpuSubmitAvgMs=0.011, cpuSubmitMaxMs=0.029, gpuSamples=74, gpuAvgMs=0.538, gpuMaxMs=0.593, gpuAvgMsPerMP=0.466
[04Aug2026 05:24:44.596] [Render thread/INFO] [Photonics/]: Photonics pass timing v73: group=svgf variance, passes=[variance prefilter], viewport=1686x685, megapixels=1.155, cpuInvocations=296, cpuSubmitAvgMs=0.007, cpuSubmitMaxMs=0.023, gpuSamples=74, gpuAvgMs=0.378, gpuMaxMs=0.435, gpuAvgMsPerMP=0.328
[04Aug2026 05:24:44.630] [Render thread/INFO] [Photonics/]: Photonics pass timing v73: group=svgf atrous, passes=[atrous iteration], viewport=1686x685, megapixels=1.155, cpuInvocations=1480, cpuSubmitAvgMs=0.003, cpuSubmitMaxMs=0.012, gpuSamples=370, gpuAvgMs=0.199, gpuMaxMs=0.270, gpuAvgMsPerMP=0.173
[04Aug2026 05:24:44.647] [Render thread/INFO] [Photonics/]: Photonics direct reservoir sample v64: samples=120, populated=0, emptyOrBackground=46, visibilityRejected=72, invalid=2, overLegacyCap=0, overTemporalCap=0, totalSamplesRange=0.0..32.0, viewport=1686x685
[04Aug2026 05:24:44.647] [Render thread/INFO] [Photonics/]: Photonics pass timing v73: group=restir local, passes=[exact local direct], viewport=1686x685, megapixels=1.155, cpuInvocations=296, cpuSubmitAvgMs=0.009, cpuSubmitMaxMs=0.020, gpuSamples=74, gpuAvgMs=0.008, gpuMaxMs=0.008, gpuAvgMsPerMP=0.007
[04Aug2026 05:24:44.647] [Render thread/INFO] [Photonics/]: Photonics pass timing v73: group=restir handheld, passes=[handheld], viewport=1686x685, megapixels=1.155, cpuInvocations=296, cpuSubmitAvgMs=0.010, cpuSubmitMaxMs=0.026, gpuSamples=74, gpuAvgMs=0.013, gpuMaxMs=0.013, gpuAvgMsPerMP=0.011
[04Aug2026 05:24:44.647] [Render thread/INFO] [Photonics/]: Photonics pass timing v73: group=photonics temporal source, passes=[compose low-resolution lighting], viewport=1686x685, megapixels=1.155, cpuInvocations=296, cpuSubmitAvgMs=0.004, cpuSubmitMaxMs=0.010, gpuSamples=74, gpuAvgMs=0.014, gpuMaxMs=0.014, gpuAvgMsPerMP=0.012
[04Aug2026 05:24:44.663] [Render thread/INFO] [Photonics/]: Photonics pass timing v73: group=photonics temporal reconstruction, passes=[reconstruct lighting], viewport=3373x1371, megapixels=4.624, cpuInvocations=296, cpuSubmitAvgMs=0.009, cpuSubmitMaxMs=0.020, gpuSamples=74, gpuAvgMs=0.667, gpuMaxMs=0.672, gpuAvgMsPerMP=0.144
[04Aug2026 05:24:49.508] [Render thread/INFO] [Photonics/]: Photonics pass timing v73: group=frag data, passes=[frag data], viewport=1686x685, megapixels=1.155, cpuInvocations=298, cpuSubmitAvgMs=0.028, cpuSubmitMaxMs=0.085, gpuSamples=74, gpuAvgMs=0.103, gpuMaxMs=0.153, gpuAvgMsPerMP=0.089
[04Aug2026 05:24:49.508] [Render thread/INFO] [Photonics/]: Photonics frame throughput v78: viewport=1686x685, windowSeconds=5.015, renderedFrames=298, fps=59.416, frameAvgMs=16.830
[04Aug2026 05:24:49.542] [Render thread/INFO] [Photonics/]: Photonics pass timing v73: group=restir direct, passes=[initial direct + visibility], viewport=1686x685, megapixels=1.155, cpuInvocations=298, cpuSubmitAvgMs=0.020, cpuSubmitMaxMs=0.055, gpuSamples=75, gpuAvgMs=0.295, gpuMaxMs=0.330, gpuAvgMsPerMP=0.256
[04Aug2026 05:24:49.543] [Render thread/INFO] [Photonics/]: Photonics pass timing v73: group=restir gi initial, passes=[initial indirect], viewport=1686x685, megapixels=1.155, cpuInvocations=297, cpuSubmitAvgMs=0.010, cpuSubmitMaxMs=0.022, gpuSamples=75, gpuAvgMs=0.780, gpuMaxMs=0.820, gpuAvgMsPerMP=0.676
[04Aug2026 05:24:49.580] [Render thread/INFO] [Photonics/]: Photonics pass timing v73: group=restir temporal, passes=[temporal reuse + tri-state GI classification], viewport=1686x685, megapixels=1.155, cpuInvocations=298, cpuSubmitAvgMs=0.011, cpuSubmitMaxMs=0.028, gpuSamples=74, gpuAvgMs=0.430, gpuMaxMs=0.468, gpuAvgMsPerMP=0.373
[04Aug2026 05:24:49.580] [Render thread/INFO] [Photonics/]: Photonics pass timing v73: group=restir spatial copy, passes=[copy spatial input], viewport=1686x685, megapixels=1.155, cpuInvocations=298, cpuSubmitAvgMs=0.010, cpuSubmitMaxMs=0.084, gpuSamples=74, gpuAvgMs=0.227, gpuMaxMs=0.232, gpuAvgMsPerMP=0.197
[04Aug2026 05:24:49.580] [Render thread/INFO] [Photonics/]: Photonics pass timing v73: group=restir spatial, passes=[spatial reuse/clamp + tri-state GI classification], viewport=1686x685, megapixels=1.155, cpuInvocations=297, cpuSubmitAvgMs=0.007, cpuSubmitMaxMs=0.018, gpuSamples=74, gpuAvgMs=0.407, gpuMaxMs=0.469, gpuAvgMsPerMP=0.353
[04Aug2026 05:24:49.580] [Render thread/INFO] [Photonics/]: Photonics pass timing v73: group=restir diffuse, passes=[diffuse], viewport=1686x685, megapixels=1.155, cpuInvocations=297, cpuSubmitAvgMs=0.010, cpuSubmitMaxMs=0.023, gpuSamples=74, gpuAvgMs=0.354, gpuMaxMs=0.396, gpuAvgMsPerMP=0.306
[04Aug2026 05:24:49.580] [Render thread/INFO] [Photonics/]: Photonics pass timing v73: group=restir accumulation, passes=[accumulation], viewport=1686x685, megapixels=1.155, cpuInvocations=297, cpuSubmitAvgMs=0.011, cpuSubmitMaxMs=0.025, gpuSamples=74, gpuAvgMs=0.537, gpuMaxMs=0.590, gpuAvgMsPerMP=0.465
[04Aug2026 05:24:49.598] [Render thread/INFO] [Photonics/]: Photonics pass timing v73: group=svgf variance, passes=[variance prefilter], viewport=1686x685, megapixels=1.155, cpuInvocations=297, cpuSubmitAvgMs=0.008, cpuSubmitMaxMs=0.022, gpuSamples=74, gpuAvgMs=0.379, gpuMaxMs=0.400, gpuAvgMsPerMP=0.328
[04Aug2026 05:24:49.647] [Render thread/INFO] [Photonics/]: Photonics pass timing v73: group=svgf atrous, passes=[atrous iteration], viewport=1686x685, megapixels=1.155, cpuInvocations=1490, cpuSubmitAvgMs=0.003, cpuSubmitMaxMs=0.012, gpuSamples=372, gpuAvgMs=0.203, gpuMaxMs=0.285, gpuAvgMsPerMP=0.176
[04Aug2026 05:24:49.663] [Render thread/INFO] [Photonics/]: Photonics pass timing v73: group=restir local, passes=[exact local direct], viewport=1686x685, megapixels=1.155, cpuInvocations=298, cpuSubmitAvgMs=0.009, cpuSubmitMaxMs=0.019, gpuSamples=74, gpuAvgMs=0.008, gpuMaxMs=0.008, gpuAvgMsPerMP=0.007
[04Aug2026 05:24:49.663] [Render thread/INFO] [Photonics/]: Photonics pass timing v73: group=restir handheld, passes=[handheld], viewport=1686x685, megapixels=1.155, cpuInvocations=298, cpuSubmitAvgMs=0.010, cpuSubmitMaxMs=0.028, gpuSamples=74, gpuAvgMs=0.013, gpuMaxMs=0.042, gpuAvgMsPerMP=0.011
[04Aug2026 05:24:49.663] [Render thread/INFO] [Photonics/]: Photonics pass timing v73: group=photonics temporal source, passes=[compose low-resolution lighting], viewport=1686x685, megapixels=1.155, cpuInvocations=298, cpuSubmitAvgMs=0.004, cpuSubmitMaxMs=0.027, gpuSamples=74, gpuAvgMs=0.014, gpuMaxMs=0.038, gpuAvgMsPerMP=0.013
[04Aug2026 05:24:49.663] [Render thread/INFO] [Photonics/]: Photonics pass timing v73: group=photonics temporal reconstruction, passes=[reconstruct lighting], viewport=3373x1371, megapixels=4.624, cpuInvocations=297, cpuSubmitAvgMs=0.009, cpuSubmitMaxMs=0.022, gpuSamples=74, gpuAvgMs=0.667, gpuMaxMs=0.674, gpuAvgMsPerMP=0.144
[04Aug2026 05:24:50.872] [Photonics Light List Compiler/INFO] [Photonics/]: Photonics light-list publication v88: coalescedBatches=6, peakPendingSections=117, remainingSections=0, deferredMs=24.884
[04Aug2026 05:24:50.897] [Render thread/INFO] [Photonics/]: Photonics world tracing v72: revision=122, settled=false, compiledSections=1908, trackedSections=2013, batchBuilt=0, batchUnloaded=104, pendingBuilds=39, pendingUnloads=0, ready=true, depth=6, blockBounds=( 6.400E+1  1.280E+2  4.800E+1)..( 3.840E+2  2.240E+2  3.840E+2), treeBounds=( 0.000E+0  0.000E+0  0.000E+0)..( 1.024E+3  1.024E+3  1.024E+3), origin=(-2.560E+2 -1.920E+2 -1.920E+2), boundsSource=compiled, compileMs=56.135
[04Aug2026 05:24:52.715] [Render thread/INFO] [Photonics/]: Photonics direct reservoir sample v64: samples=120, populated=0, emptyOrBackground=46, visibilityRejected=74, invalid=0, overLegacyCap=0, overTemporalCap=0, totalSamplesRange=32.0..32.0, viewport=1686x685
[04Aug2026 05:24:53.132] [Render thread/INFO] [Photonics/]: Photonics world tracing v72: revision=125, settled=true, compiledSections=2013, trackedSections=2013, batchBuilt=13, batchUnloaded=0, pendingBuilds=0, pendingUnloads=0, ready=true, depth=6, blockBounds=( 6.400E+1  1.280E+2  4.800E+1)..( 4.000E+2  2.240E+2  3.840E+2), treeBounds=( 0.000E+0  0.000E+0  0.000E+0)..( 1.024E+3  1.024E+3  1.024E+3), origin=(-2.560E+2 -1.920E+2 -1.920E+2), boundsSource=compiled, compileMs=51.650
[04Aug2026 05:24:53.133] [Render thread/INFO] [Photonics/]: Photonics memory v72: jvmHeap={usedBytes=3448925232, committedBytes=3695181824, maxBytes=8589934592}, jvmGc={collections=119, timeMs=982}, worldHeap=GpuBufferHeapStats[capacityBytes=536870912, reservedBytes=138412628, liveBytes=135741236, peakLiveBytes=138393396, reusableBytes=2671392, allocations=209471, reusedAllocations=97980, frees=100216, failedAllocations=0], paletteHeap=GpuBufferHeapStats[capacityBytes=201326592, reservedBytes=96000, liveBytes=88800, peakLiveBytes=96000, reusableBytes=7200, allocations=1000, reusedAllocations=0, frees=75, failedAllocations=0], registries={lights=Stats[cachedObjects=1, pendingFreeObjects=0, allocatedObjects=1, failedAllocations=0], palettes=Stats[cachedObjects=925, pendingFreeObjects=0, allocatedObjects=1000, failedAllocations=0], blocks=Stats[cachedObjects=1265, pendingFreeObjects=0, allocatedObjects=1355, failedAllocations=0], models=Stats[cachedObjects=27, pendingFreeObjects=0, allocatedObjects=29, failedAllocations=0]}
[04Aug2026 05:24:54.518] [Render thread/INFO] [Photonics/]: Photonics pass timing v73: group=frag data, passes=[frag data], viewport=1686x685, megapixels=1.155, cpuInvocations=298, cpuSubmitAvgMs=0.027, cpuSubmitMaxMs=0.075, gpuSamples=75, gpuAvgMs=0.103, gpuMaxMs=0.115, gpuAvgMsPerMP=0.089
[04Aug2026 05:24:54.518] [Render thread/INFO] [Photonics/]: Photonics frame throughput v78: viewport=1686x685, windowSeconds=5.010, renderedFrames=298, fps=59.483, frameAvgMs=16.811
[04Aug2026 05:24:54.551] [Render thread/INFO] [Photonics/]: Photonics pass timing v73: group=restir direct, passes=[initial direct + visibility], viewport=1686x685, megapixels=1.155, cpuInvocations=298, cpuSubmitAvgMs=0.019, cpuSubmitMaxMs=0.045, gpuSamples=74, gpuAvgMs=0.327, gpuMaxMs=0.344, gpuAvgMsPerMP=0.283
[04Aug2026 05:24:54.551] [Render thread/INFO] [Photonics/]: Photonics pass timing v73: group=restir gi initial, passes=[initial indirect], viewport=1686x685, megapixels=1.155, cpuInvocations=298, cpuSubmitAvgMs=0.010, cpuSubmitMaxMs=0.072, gpuSamples=74, gpuAvgMs=0.706, gpuMaxMs=0.879, gpuAvgMsPerMP=0.611
[04Aug2026 05:24:54.586] [Render thread/INFO] [Photonics/]: Photonics pass timing v73: group=restir temporal, passes=[temporal reuse + tri-state GI classification], viewport=1686x685, megapixels=1.155, cpuInvocations=298, cpuSubmitAvgMs=0.010, cpuSubmitMaxMs=0.019, gpuSamples=75, gpuAvgMs=0.457, gpuMaxMs=0.545, gpuAvgMsPerMP=0.396
[04Aug2026 05:24:54.586] [Render thread/INFO] [Photonics/]: Photonics pass timing v73: group=restir spatial copy, passes=[copy spatial input], viewport=1686x685, megapixels=1.155, cpuInvocations=298, cpuSubmitAvgMs=0.009, cpuSubmitMaxMs=0.062, gpuSamples=75, gpuAvgMs=0.234, gpuMaxMs=0.265, gpuAvgMsPerMP=0.202
[04Aug2026 05:24:54.586] [Render thread/INFO] [Photonics/]: Photonics pass timing v73: group=restir spatial, passes=[spatial reuse/clamp + tri-state GI classification], viewport=1686x685, megapixels=1.155, cpuInvocations=298, cpuSubmitAvgMs=0.007, cpuSubmitMaxMs=0.015, gpuSamples=75, gpuAvgMs=0.443, gpuMaxMs=0.581, gpuAvgMsPerMP=0.384
[04Aug2026 05:24:54.586] [Render thread/INFO] [Photonics/]: Photonics pass timing v73: group=restir diffuse, passes=[diffuse], viewport=1686x685, megapixels=1.155, cpuInvocations=298, cpuSubmitAvgMs=0.010, cpuSubmitMaxMs=0.045, gpuSamples=75, gpuAvgMs=0.381, gpuMaxMs=0.420, gpuAvgMsPerMP=0.330
[04Aug2026 05:24:54.586] [Render thread/INFO] [Photonics/]: Photonics pass timing v73: group=restir accumulation, passes=[accumulation], viewport=1686x685, megapixels=1.155, cpuInvocations=298, cpuSubmitAvgMs=0.011, cpuSubmitMaxMs=0.030, gpuSamples=75, gpuAvgMs=0.536, gpuMaxMs=0.603, gpuAvgMsPerMP=0.464
[04Aug2026 05:24:54.601] [Render thread/INFO] [Photonics/]: Photonics pass timing v73: group=svgf variance, passes=[variance prefilter], viewport=1686x685, megapixels=1.155, cpuInvocations=298, cpuSubmitAvgMs=0.008, cpuSubmitMaxMs=0.020, gpuSamples=75, gpuAvgMs=0.390, gpuMaxMs=0.455, gpuAvgMsPerMP=0.338
[04Aug2026 05:24:54.652] [Render thread/INFO] [Photonics/]: Photonics pass timing v73: group=svgf atrous, passes=[atrous iteration], viewport=1686x685, megapixels=1.155, cpuInvocations=1490, cpuSubmitAvgMs=0.003, cpuSubmitMaxMs=0.015, gpuSamples=373, gpuAvgMs=0.199, gpuMaxMs=0.269, gpuAvgMsPerMP=0.173
[04Aug2026 05:24:54.668] [Render thread/INFO] [Photonics/]: Photonics pass timing v73: group=restir local, passes=[exact local direct], viewport=1686x685, megapixels=1.155, cpuInvocations=298, cpuSubmitAvgMs=0.009, cpuSubmitMaxMs=0.018, gpuSamples=75, gpuAvgMs=0.008, gpuMaxMs=0.008, gpuAvgMsPerMP=0.007
[04Aug2026 05:24:54.668] [Render thread/INFO] [Photonics/]: Photonics pass timing v73: group=restir handheld, passes=[handheld], viewport=1686x685, megapixels=1.155, cpuInvocations=298, cpuSubmitAvgMs=0.011, cpuSubmitMaxMs=0.232, gpuSamples=75, gpuAvgMs=0.014, gpuMaxMs=0.052, gpuAvgMsPerMP=0.012
[04Aug2026 05:24:54.668] [Render thread/INFO] [Photonics/]: Photonics pass timing v73: group=photonics temporal source, passes=[compose low-resolution lighting], viewport=1686x685, megapixels=1.155, cpuInvocations=298, cpuSubmitAvgMs=0.004, cpuSubmitMaxMs=0.019, gpuSamples=75, gpuAvgMs=0.014, gpuMaxMs=0.016, gpuAvgMsPerMP=0.012
[04Aug2026 05:24:54.668] [Render thread/INFO] [Photonics/]: Photonics pass timing v73: group=photonics temporal reconstruction, passes=[reconstruct lighting], viewport=3373x1371, megapixels=4.624, cpuInvocations=298, cpuSubmitAvgMs=0.009, cpuSubmitMaxMs=0.029, gpuSamples=75, gpuAvgMs=0.666, gpuMaxMs=0.715, gpuAvgMsPerMP=0.144
[04Aug2026 05:24:56.420] [Photonics Light List Compiler/INFO] [Photonics/]: Photonics light-list publication v88: coalescedBatches=4, peakPendingSections=96, remainingSections=0, deferredMs=24.318
[04Aug2026 05:24:56.447] [Render thread/INFO] [Photonics/]: Photonics world tracing v72: revision=126, settled=false, compiledSections=1912, trackedSections=2017, batchBuilt=0, batchUnloaded=101, pendingBuilds=35, pendingUnloads=0, ready=true, depth=6, blockBounds=( 6.400E+1  1.280E+2  6.400E+1)..( 4.000E+2  2.240E+2  3.840E+2), treeBounds=( 0.000E+0  0.000E+0  0.000E+0)..( 1.024E+3  1.024E+3  1.024E+3), origin=(-2.560E+2 -1.920E+2 -1.920E+2), boundsSource=compiled, compileMs=52.030
[04Aug2026 05:24:58.687] [Render thread/INFO] [Photonics/]: Photonics world tracing v72: revision=129, settled=true, compiledSections=2017, trackedSections=2017, batchBuilt=16, batchUnloaded=0, pendingBuilds=0, pendingUnloads=0, ready=true, depth=6, blockBounds=( 6.400E+1  1.280E+2  6.400E+1)..( 4.000E+2  2.240E+2  4.000E+2), treeBounds=( 0.000E+0  0.000E+0  0.000E+0)..( 1.024E+3  1.024E+3  1.024E+3), origin=(-2.560E+2 -1.920E+2 -1.920E+2), boundsSource=compiled, compileMs=54.436
[04Aug2026 05:24:58.687] [Render thread/INFO] [Photonics/]: Photonics memory v72: jvmHeap={usedBytes=3286531392, committedBytes=3695181824, maxBytes=8589934592}, jvmGc={collections=120, timeMs=996}, worldHeap=GpuBufferHeapStats[capacityBytes=536870912, reservedBytes=138412628, liveBytes=135742388, peakLiveBytes=138393396, reusableBytes=2670240, allocations=215012, reusedAllocations=103521, frees=105747, failedAllocations=0], paletteHeap=GpuBufferHeapStats[capacityBytes=201326592, reservedBytes=96000, liveBytes=88800, peakLiveBytes=96000, reusableBytes=7200, allocations=1000, reusedAllocations=0, frees=75, failedAllocations=0], registries={lights=Stats[cachedObjects=1, pendingFreeObjects=0, allocatedObjects=1, failedAllocations=0], palettes=Stats[cachedObjects=925, pendingFreeObjects=0, allocatedObjects=1000, failedAllocations=0], blocks=Stats[cachedObjects=1265, pendingFreeObjects=0, allocatedObjects=1355, failedAllocations=0], models=Stats[cachedObjects=27, pendingFreeObjects=0, allocatedObjects=29, failedAllocations=0]}
[04Aug2026 05:24:59.521] [Render thread/INFO] [Photonics/]: Photonics pass timing v73: group=frag data, passes=[frag data], viewport=1686x685, megapixels=1.155, cpuInvocations=299, cpuSubmitAvgMs=0.028, cpuSubmitMaxMs=0.092, gpuSamples=74, gpuAvgMs=0.098, gpuMaxMs=0.108, gpuAvgMsPerMP=0.085
[04Aug2026 05:24:59.521] [Render thread/INFO] [Photonics/]: Photonics frame throughput v78: viewport=1686x685, windowSeconds=5.003, renderedFrames=299, fps=59.760, frameAvgMs=16.734
[04Aug2026 05:24:59.555] [Render thread/INFO] [Photonics/]: Photonics pass timing v73: group=restir direct, passes=[initial direct + visibility], viewport=1686x685, megapixels=1.155, cpuInvocations=299, cpuSubmitAvgMs=0.019, cpuSubmitMaxMs=0.038, gpuSamples=75, gpuAvgMs=0.296, gpuMaxMs=0.335, gpuAvgMsPerMP=0.256
[04Aug2026 05:24:59.555] [Render thread/INFO] [Photonics/]: Photonics pass timing v73: group=restir gi initial, passes=[initial indirect], viewport=1686x685, megapixels=1.155, cpuInvocations=299, cpuSubmitAvgMs=0.010, cpuSubmitMaxMs=0.056, gpuSamples=75, gpuAvgMs=0.723, gpuMaxMs=0.977, gpuAvgMsPerMP=0.626
[04Aug2026 05:24:59.589] [Render thread/INFO] [Photonics/]: Photonics pass timing v73: group=restir temporal, passes=[temporal reuse + tri-state GI classification], viewport=1686x685, megapixels=1.155, cpuInvocations=299, cpuSubmitAvgMs=0.011, cpuSubmitMaxMs=0.024, gpuSamples=74, gpuAvgMs=0.454, gpuMaxMs=0.544, gpuAvgMsPerMP=0.393
[04Aug2026 05:24:59.589] [Render thread/INFO] [Photonics/]: Photonics pass timing v73: group=restir spatial copy, passes=[copy spatial input], viewport=1686x685, megapixels=1.155, cpuInvocations=299, cpuSubmitAvgMs=0.009, cpuSubmitMaxMs=0.027, gpuSamples=74, gpuAvgMs=0.227, gpuMaxMs=0.260, gpuAvgMsPerMP=0.196
[04Aug2026 05:24:59.590] [Render thread/INFO] [Photonics/]: Photonics pass timing v73: group=restir spatial, passes=[spatial reuse/clamp + tri-state GI classification], viewport=1686x685, megapixels=1.155, cpuInvocations=299, cpuSubmitAvgMs=0.008, cpuSubmitMaxMs=0.016, gpuSamples=74, gpuAvgMs=0.443, gpuMaxMs=0.638, gpuAvgMsPerMP=0.384
[04Aug2026 05:24:59.590] [Render thread/INFO] [Photonics/]: Photonics pass timing v73: group=restir diffuse, passes=[diffuse], viewport=1686x685, megapixels=1.155, cpuInvocations=299, cpuSubmitAvgMs=0.010, cpuSubmitMaxMs=0.026, gpuSamples=74, gpuAvgMs=0.356, gpuMaxMs=0.395, gpuAvgMsPerMP=0.309
[04Aug2026 05:24:59.590] [Render thread/INFO] [Photonics/]: Photonics pass timing v73: group=restir accumulation, passes=[accumulation], viewport=1686x685, megapixels=1.155, cpuInvocations=299, cpuSubmitAvgMs=0.012, cpuSubmitMaxMs=0.028, gpuSamples=74, gpuAvgMs=0.541, gpuMaxMs=0.601, gpuAvgMsPerMP=0.469
[04Aug2026 05:24:59.606] [Render thread/INFO] [Photonics/]: Photonics pass timing v73: group=svgf variance, passes=[variance prefilter], viewport=1686x685, megapixels=1.155, cpuInvocations=299, cpuSubmitAvgMs=0.008, cpuSubmitMaxMs=0.025, gpuSamples=75, gpuAvgMs=0.366, gpuMaxMs=0.445, gpuAvgMsPerMP=0.317
[04Aug2026 05:24:59.655] [Render thread/INFO] [Photonics/]: Photonics pass timing v73: group=svgf atrous, passes=[atrous iteration], viewport=1686x685, megapixels=1.155, cpuInvocations=1495, cpuSubmitAvgMs=0.003, cpuSubmitMaxMs=0.015, gpuSamples=373, gpuAvgMs=0.191, gpuMaxMs=0.269, gpuAvgMsPerMP=0.165
[04Aug2026 05:24:59.672] [Render thread/INFO] [Photonics/]: Photonics pass timing v73: group=restir local, passes=[exact local direct], viewport=1686x685, megapixels=1.155, cpuInvocations=299, cpuSubmitAvgMs=0.009, cpuSubmitMaxMs=0.035, gpuSamples=75, gpuAvgMs=0.008, gpuMaxMs=0.008, gpuAvgMsPerMP=0.007
[04Aug2026 05:24:59.673] [Render thread/INFO] [Photonics/]: Photonics pass timing v73: group=restir handheld, passes=[handheld], viewport=1686x685, megapixels=1.155, cpuInvocations=299, cpuSubmitAvgMs=0.011, cpuSubmitMaxMs=0.041, gpuSamples=75, gpuAvgMs=0.013, gpuMaxMs=0.013, gpuAvgMsPerMP=0.011
[04Aug2026 05:24:59.673] [Render thread/INFO] [Photonics/]: Photonics pass timing v73: group=photonics temporal source, passes=[compose low-resolution lighting], viewport=1686x685, megapixels=1.155, cpuInvocations=299, cpuSubmitAvgMs=0.004, cpuSubmitMaxMs=0.020, gpuSamples=75, gpuAvgMs=0.014, gpuMaxMs=0.016, gpuAvgMsPerMP=0.012
[04Aug2026 05:24:59.673] [Render thread/INFO] [Photonics/]: Photonics pass timing v73: group=photonics temporal reconstruction, passes=[reconstruct lighting], viewport=3373x1371, megapixels=4.624, cpuInvocations=299, cpuSubmitAvgMs=0.010, cpuSubmitMaxMs=0.037, gpuSamples=75, gpuAvgMs=0.653, gpuMaxMs=0.699, gpuAvgMsPerMP=0.141
[04Aug2026 05:25:00.568] [Photonics Light List Compiler/INFO] [Photonics/]: Photonics light-list publication v88: coalescedBatches=3, peakPendingSections=111, remainingSections=0, deferredMs=21.224
[04Aug2026 05:25:00.601] [Render thread/INFO] [Photonics/]: Photonics world tracing v72: revision=130, settled=false, compiledSections=1915, trackedSections=2016, batchBuilt=0, batchUnloaded=102, pendingBuilds=36, pendingUnloads=0, ready=true, depth=6, blockBounds=( 8.000E+1  1.280E+2  6.400E+1)..( 4.000E+2  2.240E+2  4.000E+2), treeBounds=( 0.000E+0  0.000E+0  0.000E+0)..( 1.024E+3  1.024E+3  1.024E+3), origin=(-2.560E+2 -1.920E+2 -1.920E+2), boundsSource=compiled, compileMs=55.288
[04Aug2026 05:25:00.787] [Render thread/INFO] [Photonics/]: Photonics direct reservoir sample v64: samples=120, populated=1, emptyOrBackground=48, visibilityRejected=67, invalid=4, overLegacyCap=0, overTemporalCap=0, totalSamplesRange=0.0..128.0, viewport=1686x685
[04Aug2026 05:25:01.666] [Photonics Light List Compiler/INFO] [Photonics/]: Photonics light candidates v18: eligible=152, selected=152, maxLights=4000, lightSections=11, capped=false
[04Aug2026 05:25:01.666] [Photonics Light List Compiler/INFO] [Photonics/]: Photonics light-list publication v88: coalescedBatches=4, peakPendingSections=108, remainingSections=0, deferredMs=20.557
[04Aug2026 05:25:01.668] [Render thread/INFO] [Photonics/]: Photonics light list pending: 87 -> 152
[04Aug2026 05:25:01.701] [Render thread/INFO] [Photonics/]: Photonics world tracing v72: revision=134, settled=false, compiledSections=1911, trackedSections=2012, batchBuilt=0, batchUnloaded=105, pendingBuilds=45, pendingUnloads=0, ready=true, depth=6, blockBounds=( 8.000E+1  1.280E+2  6.400E+1)..( 4.160E+2  2.240E+2  3.840E+2), treeBounds=( 0.000E+0  0.000E+0  0.000E+0)..( 1.024E+3  1.024E+3  1.024E+3), origin=(-2.560E+2 -1.920E+2 -1.920E+2), boundsSource=compiled, compileMs=61.756
[04Aug2026 05:25:03.719] [Photonics Light List Compiler/INFO] [Photonics/]: Photonics light candidates v18: eligible=87, selected=87, maxLights=4000, lightSections=10, capped=false
[04Aug2026 05:25:03.720] [Photonics Light List Compiler/INFO] [Photonics/]: Photonics light-list publication v88: coalescedBatches=4, peakPendingSections=114, remainingSections=0, deferredMs=21.487
[04Aug2026 05:25:03.738] [Render thread/INFO] [Photonics/]: Photonics light list pending: 152 -> 87
[04Aug2026 05:25:03.753] [Render thread/INFO] [Photonics/]: Photonics world tracing v72: revision=138, settled=false, compiledSections=1911, trackedSections=2016, batchBuilt=0, batchUnloaded=101, pendingBuilds=35, pendingUnloads=0, ready=true, depth=6, blockBounds=( 8.000E+1  1.280E+2  6.400E+1)..( 4.160E+2  2.240E+2  3.840E+2), treeBounds=( 0.000E+0  0.000E+0  0.000E+0)..( 1.024E+3  1.024E+3  1.024E+3), origin=(-2.560E+2 -1.920E+2 -1.920E+2), boundsSource=compiled, compileMs=61.035
[04Aug2026 05:25:04.538] [Render thread/INFO] [Photonics/]: Photonics pass timing v73: group=frag data, passes=[frag data], viewport=1686x685, megapixels=1.155, cpuInvocations=298, cpuSubmitAvgMs=0.029, cpuSubmitMaxMs=0.080, gpuSamples=75, gpuAvgMs=0.083, gpuMaxMs=0.096, gpuAvgMsPerMP=0.071
[04Aug2026 05:25:04.539] [Render thread/INFO] [Photonics/]: Photonics frame throughput v78: viewport=1686x685, windowSeconds=5.017, renderedFrames=298, fps=59.393, frameAvgMs=16.837
[04Aug2026 05:25:04.571] [Render thread/INFO] [Photonics/]: Photonics pass timing v73: group=restir direct, passes=[initial direct + visibility], viewport=1686x685, megapixels=1.155, cpuInvocations=298, cpuSubmitAvgMs=0.020, cpuSubmitMaxMs=0.094, gpuSamples=74, gpuAvgMs=0.250, gpuMaxMs=0.317, gpuAvgMsPerMP=0.217
[04Aug2026 05:25:04.571] [Render thread/INFO] [Photonics/]: Photonics pass timing v73: group=restir gi initial, passes=[initial indirect], viewport=1686x685, megapixels=1.155, cpuInvocations=298, cpuSubmitAvgMs=0.010, cpuSubmitMaxMs=0.023, gpuSamples=74, gpuAvgMs=0.685, gpuMaxMs=1.111, gpuAvgMsPerMP=0.593
[04Aug2026 05:25:04.590] [Render thread/INFO] [Photonics/]: Photonics pass timing v73: group=restir temporal, passes=[temporal reuse + tri-state GI classification], viewport=1686x685, megapixels=1.155, cpuInvocations=297, cpuSubmitAvgMs=0.011, cpuSubmitMaxMs=0.023, gpuSamples=75, gpuAvgMs=0.419, gpuMaxMs=0.644, gpuAvgMsPerMP=0.363
[04Aug2026 05:25:04.590] [Render thread/INFO] [Photonics/]: Photonics pass timing v73: group=restir spatial copy, passes=[copy spatial input], viewport=1686x685, megapixels=1.155, cpuInvocations=297, cpuSubmitAvgMs=0.009, cpuSubmitMaxMs=0.029, gpuSamples=75, gpuAvgMs=0.203, gpuMaxMs=0.247, gpuAvgMsPerMP=0.176
[04Aug2026 05:25:04.590] [Render thread/INFO] [Photonics/]: Photonics pass timing v73: group=restir spatial, passes=[spatial reuse/clamp + tri-state GI classification], viewport=1686x685, megapixels=1.155, cpuInvocations=297, cpuSubmitAvgMs=0.008, cpuSubmitMaxMs=0.014, gpuSamples=75, gpuAvgMs=0.466, gpuMaxMs=0.789, gpuAvgMsPerMP=0.403
[04Aug2026 05:25:04.590] [Render thread/INFO] [Photonics/]: Photonics pass timing v73: group=restir diffuse, passes=[diffuse], viewport=1686x685, megapixels=1.155, cpuInvocations=297, cpuSubmitAvgMs=0.010, cpuSubmitMaxMs=0.026, gpuSamples=75, gpuAvgMs=0.312, gpuMaxMs=0.384, gpuAvgMsPerMP=0.270
[04Aug2026 05:25:04.590] [Render thread/INFO] [Photonics/]: Photonics pass timing v73: group=restir accumulation, passes=[accumulation], viewport=1686x685, megapixels=1.155, cpuInvocations=297, cpuSubmitAvgMs=0.012, cpuSubmitMaxMs=0.027, gpuSamples=75, gpuAvgMs=0.482, gpuMaxMs=0.551, gpuAvgMsPerMP=0.417
[04Aug2026 05:25:04.621] [Render thread/INFO] [Photonics/]: Photonics pass timing v73: group=svgf variance, passes=[variance prefilter], viewport=1686x685, megapixels=1.155, cpuInvocations=298, cpuSubmitAvgMs=0.008, cpuSubmitMaxMs=0.022, gpuSamples=74, gpuAvgMs=0.303, gpuMaxMs=0.367, gpuAvgMsPerMP=0.262
[04Aug2026 05:25:04.657] [Render thread/INFO] [Photonics/]: Photonics pass timing v73: group=svgf atrous, passes=[atrous iteration], viewport=1686x685, megapixels=1.155, cpuInvocations=1485, cpuSubmitAvgMs=0.003, cpuSubmitMaxMs=0.012, gpuSamples=372, gpuAvgMs=0.157, gpuMaxMs=0.202, gpuAvgMsPerMP=0.136
[04Aug2026 05:25:04.689] [Render thread/INFO] [Photonics/]: Photonics pass timing v73: group=restir local, passes=[exact local direct], viewport=1686x685, megapixels=1.155, cpuInvocations=298, cpuSubmitAvgMs=0.010, cpuSubmitMaxMs=0.025, gpuSamples=74, gpuAvgMs=0.008, gpuMaxMs=0.008, gpuAvgMsPerMP=0.007
[04Aug2026 05:25:04.689] [Render thread/INFO] [Photonics/]: Photonics pass timing v73: group=restir handheld, passes=[handheld], viewport=1686x685, megapixels=1.155, cpuInvocations=298, cpuSubmitAvgMs=0.012, cpuSubmitMaxMs=0.095, gpuSamples=74, gpuAvgMs=0.012, gpuMaxMs=0.017, gpuAvgMsPerMP=0.011
[04Aug2026 05:25:04.689] [Render thread/INFO] [Photonics/]: Photonics pass timing v73: group=photonics temporal source, passes=[compose low-resolution lighting], viewport=1686x685, megapixels=1.155, cpuInvocations=298, cpuSubmitAvgMs=0.004, cpuSubmitMaxMs=0.024, gpuSamples=74, gpuAvgMs=0.014, gpuMaxMs=0.034, gpuAvgMsPerMP=0.012
[04Aug2026 05:25:04.690] [Render thread/INFO] [Photonics/]: Photonics pass timing v73: group=photonics temporal reconstruction, passes=[reconstruct lighting], viewport=3373x1371, megapixels=4.624, cpuInvocations=298, cpuSubmitAvgMs=0.010, cpuSubmitMaxMs=0.023, gpuSamples=74, gpuAvgMs=0.567, gpuMaxMs=0.710, gpuAvgMsPerMP=0.123
[04Aug2026 05:25:06.023] [Render thread/INFO] [Photonics/]: Photonics world tracing v72: revision=141, settled=true, compiledSections=2016, trackedSections=2016, batchBuilt=19, batchUnloaded=0, pendingBuilds=0, pendingUnloads=0, ready=true, depth=6, blockBounds=( 8.000E+1  1.280E+2  6.400E+1)..( 4.160E+2  2.240E+2  4.000E+2), treeBounds=( 0.000E+0  0.000E+0  0.000E+0)..( 1.024E+3  1.024E+3  1.024E+3), origin=(-2.560E+2 -1.920E+2 -1.920E+2), boundsSource=compiled, compileMs=61.129
[04Aug2026 05:25:06.023] [Render thread/INFO] [Photonics/]: Photonics memory v72: jvmHeap={usedBytes=2917918592, committedBytes=3695181824, maxBytes=8589934592}, jvmGc={collections=124, timeMs=1032}, worldHeap=GpuBufferHeapStats[capacityBytes=536870912, reservedBytes=138412628, liveBytes=135742708, peakLiveBytes=138393396, reusableBytes=2669920, allocations=231614, reusedAllocations=120123, frees=122349, failedAllocations=0], paletteHeap=GpuBufferHeapStats[capacityBytes=201326592, reservedBytes=96000, liveBytes=88800, peakLiveBytes=96000, reusableBytes=7200, allocations=1000, reusedAllocations=0, frees=75, failedAllocations=0], registries={lights=Stats[cachedObjects=1, pendingFreeObjects=0, allocatedObjects=1, failedAllocations=0], palettes=Stats[cachedObjects=925, pendingFreeObjects=0, allocatedObjects=1000, failedAllocations=0], blocks=Stats[cachedObjects=1265, pendingFreeObjects=0, allocatedObjects=1355, failedAllocations=0], models=Stats[cachedObjects=27, pendingFreeObjects=0, allocatedObjects=29, failedAllocations=0]}
[04Aug2026 05:25:06.346] [Photonics Light List Compiler/INFO] [Photonics/]: Photonics light-list publication v88: coalescedBatches=2, peakPendingSections=30, remainingSections=0, deferredMs=1.909
[04Aug2026 05:25:06.369] [Photonics Light List Compiler/INFO] [Photonics/]: Photonics light-list publication v88: coalescedBatches=7, peakPendingSections=52, remainingSections=0, deferredMs=11.419
[04Aug2026 05:25:06.405] [Render thread/INFO] [Photonics/]: Photonics world tracing v72: revision=142, settled=false, compiledSections=2017, trackedSections=2055, batchBuilt=1, batchUnloaded=0, pendingBuilds=21, pendingUnloads=0, ready=true, depth=6, blockBounds=( 8.000E+1  1.280E+2  6.400E+1)..( 4.160E+2  2.240E+2  4.000E+2), treeBounds=( 0.000E+0  0.000E+0  0.000E+0)..( 1.024E+3  1.024E+3  1.024E+3), origin=(-2.560E+2 -1.920E+2 -1.920E+2), boundsSource=compiled, compileMs=47.998
[04Aug2026 05:25:06.920] [Photonics Light List Compiler/INFO] [Photonics/]: Photonics light-list publication v88: coalescedBatches=7, peakPendingSections=160, remainingSections=0, deferredMs=21.525
[04Aug2026 05:25:08.855] [Render thread/INFO] [Photonics/]: Photonics direct reservoir sample v64: samples=120, populated=1, emptyOrBackground=64, visibilityRejected=41, invalid=14, overLegacyCap=0, overTemporalCap=0, totalSamplesRange=0.0..128.0, viewport=1686x685
[04Aug2026 05:25:08.873] [Photonics Light List Compiler/INFO] [Photonics/]: Photonics light candidates v18: eligible=152, selected=152, maxLights=4000, lightSections=11, capped=false
[04Aug2026 05:25:08.873] [Photonics Light List Compiler/INFO] [Photonics/]: Photonics light-list publication v88: coalescedBatches=4, peakPendingSections=132, remainingSections=0, deferredMs=22.220
[04Aug2026 05:25:08.876] [Render thread/INFO] [Photonics/]: Photonics light list pending: 87 -> 152
[04Aug2026 05:25:08.907] [Render thread/INFO] [Photonics/]: Photonics world tracing v72: revision=149, settled=false, compiledSections=1909, trackedSections=2013, batchBuilt=0, batchUnloaded=104, pendingBuilds=39, pendingUnloads=0, ready=true, depth=6, blockBounds=( 6.400E+1  1.280E+2  4.800E+1)..( 4.000E+2  2.240E+2  3.680E+2), treeBounds=( 0.000E+0  0.000E+0  0.000E+0)..( 1.024E+3  1.024E+3  1.024E+3), origin=(-2.560E+2 -1.920E+2 -1.920E+2), boundsSource=compiled, compileMs=57.472
[04Aug2026 05:25:09.395] [Photonics Light List Compiler/INFO] [Photonics/]: Photonics light-list publication v88: coalescedBatches=3, peakPendingSections=30, remainingSections=0, deferredMs=2.727
[04Aug2026 05:25:09.420] [Photonics Light List Compiler/INFO] [Photonics/]: Photonics light-list publication v88: coalescedBatches=6, peakPendingSections=40, remainingSections=0, deferredMs=12.196
[04Aug2026 05:25:09.430] [Photonics Light List Compiler/INFO] [Photonics/]: Photonics light-list publication v88: coalescedBatches=2, peakPendingSections=33, remainingSections=0, deferredMs=5.325
[04Aug2026 05:25:09.544] [Render thread/INFO] [Photonics/]: Photonics pass timing v73: group=frag data, passes=[frag data], viewport=1686x685, megapixels=1.155, cpuInvocations=298, cpuSubmitAvgMs=0.029, cpuSubmitMaxMs=0.081, gpuSamples=74, gpuAvgMs=0.076, gpuMaxMs=0.107, gpuAvgMsPerMP=0.066
[04Aug2026 05:25:09.544] [Render thread/INFO] [Photonics/]: Photonics frame throughput v78: viewport=1686x685, windowSeconds=5.006, renderedFrames=298, fps=59.528, frameAvgMs=16.799
[04Aug2026 05:25:09.576] [Render thread/INFO] [Photonics/]: Photonics pass timing v73: group=restir direct, passes=[initial direct + visibility], viewport=1686x685, megapixels=1.155, cpuInvocations=298, cpuSubmitAvgMs=0.020, cpuSubmitMaxMs=0.046, gpuSamples=75, gpuAvgMs=0.245, gpuMaxMs=0.287, gpuAvgMsPerMP=0.212
[04Aug2026 05:25:09.576] [Render thread/INFO] [Photonics/]: Photonics pass timing v73: group=restir gi initial, passes=[initial indirect], viewport=1686x685, megapixels=1.155, cpuInvocations=298, cpuSubmitAvgMs=0.010, cpuSubmitMaxMs=0.024, gpuSamples=75, gpuAvgMs=0.476, gpuMaxMs=1.029, gpuAvgMsPerMP=0.412
[04Aug2026 05:25:09.593] [Render thread/INFO] [Photonics/]: Photonics pass timing v73: group=restir temporal, passes=[temporal reuse + tri-state GI classification], viewport=1686x685, megapixels=1.155, cpuInvocations=298, cpuSubmitAvgMs=0.010, cpuSubmitMaxMs=0.023, gpuSamples=74, gpuAvgMs=0.313, gpuMaxMs=0.537, gpuAvgMsPerMP=0.271
[04Aug2026 05:25:09.593] [Render thread/INFO] [Photonics/]: Photonics pass timing v73: group=restir spatial copy, passes=[copy spatial input], viewport=1686x685, megapixels=1.155, cpuInvocations=298, cpuSubmitAvgMs=0.010, cpuSubmitMaxMs=0.029, gpuSamples=74, gpuAvgMs=0.205, gpuMaxMs=0.229, gpuAvgMsPerMP=0.178
[04Aug2026 05:25:09.593] [Render thread/INFO] [Photonics/]: Photonics pass timing v73: group=restir spatial, passes=[spatial reuse/clamp + tri-state GI classification], viewport=1686x685, megapixels=1.155, cpuInvocations=298, cpuSubmitAvgMs=0.007, cpuSubmitMaxMs=0.022, gpuSamples=74, gpuAvgMs=0.330, gpuMaxMs=0.712, gpuAvgMsPerMP=0.286
[04Aug2026 05:25:09.593] [Render thread/INFO] [Photonics/]: Photonics pass timing v73: group=restir diffuse, passes=[diffuse], viewport=1686x685, megapixels=1.155, cpuInvocations=298, cpuSubmitAvgMs=0.010, cpuSubmitMaxMs=0.029, gpuSamples=74, gpuAvgMs=0.306, gpuMaxMs=0.367, gpuAvgMsPerMP=0.265
[04Aug2026 05:25:09.593] [Render thread/INFO] [Photonics/]: Photonics pass timing v73: group=restir accumulation, passes=[accumulation], viewport=1686x685, megapixels=1.155, cpuInvocations=298, cpuSubmitAvgMs=0.012, cpuSubmitMaxMs=0.032, gpuSamples=74, gpuAvgMs=0.438, gpuMaxMs=0.565, gpuAvgMsPerMP=0.379
[04Aug2026 05:25:09.626] [Render thread/INFO] [Photonics/]: Photonics pass timing v73: group=svgf variance, passes=[variance prefilter], viewport=1686x685, megapixels=1.155, cpuInvocations=298, cpuSubmitAvgMs=0.008, cpuSubmitMaxMs=0.021, gpuSamples=75, gpuAvgMs=0.292, gpuMaxMs=0.364, gpuAvgMsPerMP=0.253
[04Aug2026 05:25:09.658] [Render thread/INFO] [Photonics/]: Photonics pass timing v73: group=svgf atrous, passes=[atrous iteration], viewport=1686x685, megapixels=1.155, cpuInvocations=1490, cpuSubmitAvgMs=0.003, cpuSubmitMaxMs=0.048, gpuSamples=372, gpuAvgMs=0.152, gpuMaxMs=0.217, gpuAvgMsPerMP=0.132
[04Aug2026 05:25:09.694] [Render thread/INFO] [Photonics/]: Photonics pass timing v73: group=restir local, passes=[exact local direct], viewport=1686x685, megapixels=1.155, cpuInvocations=298, cpuSubmitAvgMs=0.010, cpuSubmitMaxMs=0.023, gpuSamples=75, gpuAvgMs=0.008, gpuMaxMs=0.008, gpuAvgMsPerMP=0.007
[04Aug2026 05:25:09.694] [Render thread/INFO] [Photonics/]: Photonics pass timing v73: group=restir handheld, passes=[handheld], viewport=1686x685, megapixels=1.155, cpuInvocations=298, cpuSubmitAvgMs=0.011, cpuSubmitMaxMs=0.028, gpuSamples=75, gpuAvgMs=0.013, gpuMaxMs=0.013, gpuAvgMsPerMP=0.011
[04Aug2026 05:25:09.694] [Render thread/INFO] [Photonics/]: Photonics pass timing v73: group=photonics temporal source, passes=[compose low-resolution lighting], viewport=1686x685, megapixels=1.155, cpuInvocations=298, cpuSubmitAvgMs=0.005, cpuSubmitMaxMs=0.089, gpuSamples=75, gpuAvgMs=0.013, gpuMaxMs=0.015, gpuAvgMsPerMP=0.012
[04Aug2026 05:25:09.694] [Render thread/INFO] [Photonics/]: Photonics pass timing v73: group=photonics temporal reconstruction, passes=[reconstruct lighting], viewport=3373x1371, megapixels=4.624, cpuInvocations=298, cpuSubmitAvgMs=0.010, cpuSubmitMaxMs=0.022, gpuSamples=75, gpuAvgMs=0.482, gpuMaxMs=0.633, gpuAvgMsPerMP=0.104
[04Aug2026 05:25:09.925] [Render thread/INFO] [Photonics/]: Photonics world tracing v72: revision=156, settled=false, compiledSections=2052, trackedSections=2052, batchBuilt=1, batchUnloaded=0, pendingBuilds=0, pendingUnloads=0, ready=true, depth=6, blockBounds=( 6.400E+1  1.280E+2  3.200E+1)..( 4.000E+2  2.240E+2  3.680E+2), treeBounds=( 0.000E+0  0.000E+0  0.000E+0)..( 1.024E+3  1.024E+3  1.024E+3), origin=(-2.560E+2 -1.920E+2 -1.920E+2), boundsSource=compiled, compileMs=38.560
[04Aug2026 05:25:11.927] [Render thread/INFO] [Photonics/]: Photonics world tracing v72: revision=156, settled=true, compiledSections=2052, trackedSections=2052, batchBuilt=1, batchUnloaded=0, pendingBuilds=0, pendingUnloads=0, ready=true, depth=6, blockBounds=( 6.400E+1  1.280E+2  3.200E+1)..( 4.000E+2  2.240E+2  3.680E+2), treeBounds=( 0.000E+0  0.000E+0  0.000E+0)..( 1.024E+3  1.024E+3  1.024E+3), origin=(-2.560E+2 -1.920E+2 -1.920E+2), boundsSource=compiled, compileMs=38.560
[04Aug2026 05:25:11.927] [Render thread/INFO] [Photonics/]: Photonics memory v72: jvmHeap={usedBytes=2363193056, committedBytes=3695181824, maxBytes=8589934592}, jvmGc={collections=126, timeMs=1065}, worldHeap=GpuBufferHeapStats[capacityBytes=536870912, reservedBytes=138412628, liveBytes=138385524, peakLiveBytes=138393396, reusableBytes=27104, allocations=249250, reusedAllocations=137759, frees=137920, failedAllocations=0], paletteHeap=GpuBufferHeapStats[capacityBytes=201326592, reservedBytes=96000, liveBytes=88800, peakLiveBytes=96000, reusableBytes=7200, allocations=1000, reusedAllocations=0, frees=75, failedAllocations=0], registries={lights=Stats[cachedObjects=1, pendingFreeObjects=0, allocatedObjects=1, failedAllocations=0], palettes=Stats[cachedObjects=925, pendingFreeObjects=0, allocatedObjects=1000, failedAllocations=0], blocks=Stats[cachedObjects=1265, pendingFreeObjects=0, allocatedObjects=1355, failedAllocations=0], models=Stats[cachedObjects=27, pendingFreeObjects=0, allocatedObjects=29, failedAllocations=0]}
[04Aug2026 05:25:12.786] [Photonics Light List Compiler/INFO] [Photonics/]: Photonics light candidates v18: eligible=87, selected=87, maxLights=4000, lightSections=10, capped=false
[04Aug2026 05:25:12.786] [Photonics Light List Compiler/INFO] [Photonics/]: Photonics light-list publication v88: coalescedBatches=7, peakPendingSections=156, remainingSections=0, deferredMs=28.040
[04Aug2026 05:25:12.790] [Render thread/INFO] [Photonics/]: Photonics light list pending: 152 -> 87
[04Aug2026 05:25:12.840] [Render thread/INFO] [Photonics/]: Photonics world tracing v72: revision=157, settled=false, compiledSections=1863, trackedSections=2012, batchBuilt=0, batchUnloaded=189, pendingBuilds=81, pendingUnloads=0, ready=true, depth=6, blockBounds=( 6.400E+1  1.280E+2  4.800E+1)..( 3.840E+2  2.240E+2  3.680E+2), treeBounds=( 0.000E+0  0.000E+0  0.000E+0)..( 1.024E+3  1.024E+3  1.024E+3), origin=(-2.560E+2 -1.920E+2 -1.920E+2), boundsSource=compiled, compileMs=84.136
[04Aug2026 05:25:12.971] [Server thread/INFO] [net.minecraft.client.server.IntegratedServer/]: Saving and pausing game...
[04Aug2026 05:25:12.982] [Server thread/INFO] [net.minecraft.server.MinecraftServer/]: Saving chunks for level 'ServerLevel[New World1]'/minecraft:overworld
[04Aug2026 05:25:12.982] [Server thread/INFO] [dev.ryanhcode.sable.Sable/]: Saving sub-levels for level 'ServerLevel[New World1]'/minecraft:overworld
[04Aug2026 05:25:12.987] [Server thread/INFO] [net.minecraft.server.MinecraftServer/]: Saving chunks for level 'ServerLevel[New World1]'/minecraft:the_end
[04Aug2026 05:25:12.987] [Server thread/INFO] [dev.ryanhcode.sable.Sable/]: Saving sub-levels for level 'ServerLevel[New World1]'/minecraft:the_end
[04Aug2026 05:25:12.987] [Server thread/INFO] [net.minecraft.server.MinecraftServer/]: Saving chunks for level 'ServerLevel[New World1]'/minecraft:the_nether
[04Aug2026 05:25:12.987] [Server thread/INFO] [dev.ryanhcode.sable.Sable/]: Saving sub-levels for level 'ServerLevel[New World1]'/minecraft:the_nether
[04Aug2026 05:25:14.558] [Render thread/INFO] [Photonics/]: Photonics pass timing v73: group=frag data, passes=[frag data], viewport=1686x685, megapixels=1.155, cpuInvocations=298, cpuSubmitAvgMs=0.029, cpuSubmitMaxMs=0.073, gpuSamples=75, gpuAvgMs=0.099, gpuMaxMs=0.135, gpuAvgMsPerMP=0.086
[04Aug2026 05:25:14.558] [Render thread/INFO] [Photonics/]: Photonics frame throughput v78: viewport=1686x685, windowSeconds=5.013, renderedFrames=298, fps=59.441, frameAvgMs=16.823
[04Aug2026 05:25:14.591] [Render thread/INFO] [Photonics/]: Photonics pass timing v73: group=restir direct, passes=[initial direct + visibility], viewport=1686x685, megapixels=1.155, cpuInvocations=298, cpuSubmitAvgMs=0.020, cpuSubmitMaxMs=0.043, gpuSamples=74, gpuAvgMs=0.274, gpuMaxMs=0.337, gpuAvgMsPerMP=0.237
[04Aug2026 05:25:14.592] [Render thread/INFO] [Photonics/]: Photonics pass timing v73: group=restir gi initial, passes=[initial indirect], viewport=1686x685, megapixels=1.155, cpuInvocations=298, cpuSubmitAvgMs=0.010, cpuSubmitMaxMs=0.026, gpuSamples=74, gpuAvgMs=0.594, gpuMaxMs=0.805, gpuAvgMsPerMP=0.515
[04Aug2026 05:25:14.609] [Render thread/INFO] [Photonics/]: Photonics pass timing v73: group=restir temporal, passes=[temporal reuse + tri-state GI classification], viewport=1686x685, megapixels=1.155, cpuInvocations=298, cpuSubmitAvgMs=0.010, cpuSubmitMaxMs=0.023, gpuSamples=75, gpuAvgMs=0.413, gpuMaxMs=0.561, gpuAvgMsPerMP=0.358
[04Aug2026 05:25:14.609] [Render thread/INFO] [Photonics/]: Photonics pass timing v73: group=restir spatial copy, passes=[copy spatial input], viewport=1686x685, megapixels=1.155, cpuInvocations=298, cpuSubmitAvgMs=0.010, cpuSubmitMaxMs=0.031, gpuSamples=75, gpuAvgMs=0.200, gpuMaxMs=0.232, gpuAvgMsPerMP=0.173
[04Aug2026 05:25:14.609] [Render thread/INFO] [Photonics/]: Photonics pass timing v73: group=restir spatial, passes=[spatial reuse/clamp + tri-state GI classification], viewport=1686x685, megapixels=1.155, cpuInvocations=298, cpuSubmitAvgMs=0.008, cpuSubmitMaxMs=0.014, gpuSamples=75, gpuAvgMs=0.435, gpuMaxMs=0.645, gpuAvgMsPerMP=0.377
[04Aug2026 05:25:14.609] [Render thread/INFO] [Photonics/]: Photonics pass timing v73: group=restir diffuse, passes=[diffuse], viewport=1686x685, megapixels=1.155, cpuInvocations=298, cpuSubmitAvgMs=0.010, cpuSubmitMaxMs=0.026, gpuSamples=75, gpuAvgMs=0.321, gpuMaxMs=0.370, gpuAvgMsPerMP=0.278
[04Aug2026 05:25:14.609] [Render thread/INFO] [Photonics/]: Photonics pass timing v73: group=restir accumulation, passes=[accumulation], viewport=1686x685, megapixels=1.155, cpuInvocations=298, cpuSubmitAvgMs=0.012, cpuSubmitMaxMs=0.025, gpuSamples=75, gpuAvgMs=0.496, gpuMaxMs=0.548, gpuAvgMsPerMP=0.430
[04Aug2026 05:25:14.641] [Render thread/INFO] [Photonics/]: Photonics pass timing v73: group=svgf variance, passes=[variance prefilter], viewport=1686x685, megapixels=1.155, cpuInvocations=298, cpuSubmitAvgMs=0.008, cpuSubmitMaxMs=0.029, gpuSamples=74, gpuAvgMs=0.327, gpuMaxMs=0.368, gpuAvgMsPerMP=0.283
[04Aug2026 05:25:14.658] [Render thread/INFO] [Photonics/]: Photonics pass timing v73: group=svgf atrous, passes=[atrous iteration], viewport=1686x685, megapixels=1.155, cpuInvocations=1486, cpuSubmitAvgMs=0.003, cpuSubmitMaxMs=0.046, gpuSamples=371, gpuAvgMs=0.179, gpuMaxMs=0.230, gpuAvgMsPerMP=0.155
[04Aug2026 05:25:14.709] [Render thread/INFO] [Photonics/]: Photonics pass timing v73: group=restir local, passes=[exact local direct], viewport=1686x685, megapixels=1.155, cpuInvocations=298, cpuSubmitAvgMs=0.010, cpuSubmitMaxMs=0.070, gpuSamples=74, gpuAvgMs=0.008, gpuMaxMs=0.008, gpuAvgMsPerMP=0.007
[04Aug2026 05:25:14.709] [Render thread/INFO] [Photonics/]: Photonics pass timing v73: group=restir handheld, passes=[handheld], viewport=1686x685, megapixels=1.155, cpuInvocations=298, cpuSubmitAvgMs=0.011, cpuSubmitMaxMs=0.075, gpuSamples=74, gpuAvgMs=0.012, gpuMaxMs=0.013, gpuAvgMsPerMP=0.011
[04Aug2026 05:25:14.709] [Render thread/INFO] [Photonics/]: Photonics pass timing v73: group=photonics temporal source, passes=[compose low-resolution lighting], viewport=1686x685, megapixels=1.155, cpuInvocations=298, cpuSubmitAvgMs=0.004, cpuSubmitMaxMs=0.012, gpuSamples=74, gpuAvgMs=0.013, gpuMaxMs=0.015, gpuAvgMsPerMP=0.011
[04Aug2026 05:25:14.709] [Render thread/INFO] [Photonics/]: Photonics pass timing v73: group=photonics temporal reconstruction, passes=[reconstruct lighting], viewport=3373x1371, megapixels=4.624, cpuInvocations=298, cpuSubmitAvgMs=0.010, cpuSubmitMaxMs=0.022, gpuSamples=74, gpuAvgMs=0.599, gpuMaxMs=0.636, gpuAvgMsPerMP=0.130
[04Aug2026 05:25:14.891] [Netty Local Client IO #1/INFO] [dev.ryanhcode.sable.Sable/]: Client UDP channel inactive
[04Aug2026 05:25:14.891] [Netty Local Client IO #1/INFO] [dev.ryanhcode.sable.Sable/]: Closed UDP channel!
[04Aug2026 05:25:14.891] [Render thread/INFO] [DistantHorizons-DistantHorizons-com.seibel.distanthorizons.core.api.internal.ClientApi/]: Client on ClientOnly mode disconnecting.
[04Aug2026 05:25:14.892] [level shutdown/INFO] [DistantHorizons-DistantHorizons-com.seibel.distanthorizons.core.generation.queues.WorldGenerationQueue/]: Closing world gen queue
[04Aug2026 05:25:14.892] [level shutdown/INFO] [DistantHorizons-DistantHorizons-com.seibel.distanthorizons.core.generation.queues.WorldGenerationQueue/]: Closing world gen queue
[04Aug2026 05:25:14.892] [level shutdown/INFO] [DistantHorizons-DistantHorizons-com.seibel.distanthorizons.core.generation.queues.WorldGenerationQueue/]: Closing world gen queue
[04Aug2026 05:25:14.893] [level shutdown/INFO] [DistantHorizons-DistantHorizons-com.seibel.distanthorizons.core.generation.queues.WorldGenerationQueue/]: Closing WorldGenerationQueue...
[04Aug2026 05:25:14.893] [level shutdown/INFO] [DistantHorizons-DistantHorizons-com.seibel.distanthorizons.core.generation.queues.WorldGenerationQueue/]: Closing WorldGenerationQueue...
[04Aug2026 05:25:14.893] [level shutdown/INFO] [DistantHorizons-DistantHorizons-com.seibel.distanthorizons.core.generation.queues.WorldGenerationQueue/]: Closing WorldGenerationQueue...
[04Aug2026 05:25:14.893] [level shutdown/INFO] [DistantHorizons-DistantHorizons-com.seibel.distanthorizons.core.generation.queues.WorldGenerationQueue/]: Shutting down world generator thread pool...
[04Aug2026 05:25:14.893] [level shutdown/INFO] [DistantHorizons-DistantHorizons-com.seibel.distanthorizons.core.generation.queues.WorldGenerationQueue/]: Shutting down world generator thread pool...
[04Aug2026 05:25:14.893] [level shutdown/INFO] [DistantHorizons-DistantHorizons-com.seibel.distanthorizons.core.generation.queues.WorldGenerationQueue/]: Shutting down world generator thread pool...
[04Aug2026 05:25:14.893] [level shutdown/INFO] [DistantHorizons-DistantHorizons-com.seibel.distanthorizons.core.generation.queues.WorldGenerationQueue/]: World generator thread pool shutdown with [0] incomplete tasks.
[04Aug2026 05:25:14.893] [level shutdown/INFO] [DistantHorizons-DistantHorizons-com.seibel.distanthorizons.core.generation.queues.WorldGenerationQueue/]: World generator thread pool shutdown with [0] incomplete tasks.
[04Aug2026 05:25:14.893] [level shutdown/INFO] [DistantHorizons-DistantHorizons-com.seibel.distanthorizons.core.generation.queues.WorldGenerationQueue/]: World generator thread pool shutdown with [0] incomplete tasks.
[04Aug2026 05:25:14.893] [level shutdown/INFO] [DistantHorizons-DistantHorizons-com.seibel.distanthorizons.core.generation.BatchGenerator/]: [BatchGenerator] shutting down...
[04Aug2026 05:25:14.893] [level shutdown/INFO] [DistantHorizons-DistantHorizons-com.seibel.distanthorizons.core.generation.BatchGenerator/]: [BatchGenerator] shutting down...
[04Aug2026 05:25:14.893] [level shutdown/INFO] [DistantHorizons-DistantHorizons-com.seibel.distanthorizons.core.generation.BatchGenerator/]: [BatchGenerator] shutting down...
[04Aug2026 05:25:14.894] [level shutdown/INFO] [DistantHorizons-LOD World Gen/]: Closing [BatchGenerationEnvironment_neoforge]
[04Aug2026 05:25:14.894] [level shutdown/INFO] [DistantHorizons-LOD World Gen/]: Closing [BatchGenerationEnvironment_neoforge]
[04Aug2026 05:25:14.894] [level shutdown/INFO] [DistantHorizons-LOD World Gen/]: Closing [BatchGenerationEnvironment_neoforge]
[04Aug2026 05:25:14.894] [level shutdown/INFO] [DistantHorizons-DistantHorizons-com.seibel.distanthorizons.core.generation.queues.WorldGenerationQueue/]: Finished closing WorldGenerationQueue
[04Aug2026 05:25:14.894] [level shutdown/INFO] [DistantHorizons-DistantHorizons-com.seibel.distanthorizons.core.generation.queues.WorldGenerationQueue/]: Finished closing WorldGenerationQueue
[04Aug2026 05:25:14.894] [level shutdown/INFO] [DistantHorizons-DistantHorizons-com.seibel.distanthorizons.core.level.AbstractDhServerLevel/]: Closed DHLevel for [Wrapped{ServerLevel[New World1]@minecraft:the_nether}].
[04Aug2026 05:25:14.894] [level shutdown/INFO] [DistantHorizons-DistantHorizons-com.seibel.distanthorizons.core.level.AbstractDhServerLevel/]: Closed DHLevel for [Wrapped{ServerLevel[New World1]@minecraft:the_end}].
[04Aug2026 05:25:14.894] [level shutdown/INFO] [DistantHorizons-DistantHorizons-com.seibel.distanthorizons.core.level.AbstractDhServerLevel/]: Closed DhClientServerLevel for Wrapped{ServerLevel[New World1]@minecraft:the_nether}
[04Aug2026 05:25:14.894] [level shutdown/INFO] [DistantHorizons-DistantHorizons-com.seibel.distanthorizons.core.level.AbstractDhServerLevel/]: Closed DhClientServerLevel for Wrapped{ServerLevel[New World1]@minecraft:the_end}
[04Aug2026 05:25:14.896] [level shutdown/INFO] [DistantHorizons-DistantHorizons-com.seibel.distanthorizons.core.generation.queues.WorldGenerationQueue/]: Finished closing WorldGenerationQueue
[04Aug2026 05:25:14.897] [level shutdown/INFO] [DistantHorizons-DistantHorizons-com.seibel.distanthorizons.core.level.AbstractDhServerLevel/]: Closed DHLevel for [Wrapped{ServerLevel[New World1]@minecraft:overworld}].
[04Aug2026 05:25:14.897] [level shutdown/INFO] [DistantHorizons-DistantHorizons-com.seibel.distanthorizons.core.level.AbstractDhServerLevel/]: Closed DhClientServerLevel for Wrapped{ServerLevel[New World1]@minecraft:overworld}
[04Aug2026 05:25:14.897] [Render thread/INFO] [DistantHorizons-DistantHorizons-com.seibel.distanthorizons.core.world.AbstractDhWorld/]: Closed DhWorld of type [CLIENT_SERVER].
[04Aug2026 05:25:14.897] [level shutdown/INFO] [DistantHorizons-DistantHorizons-com.seibel.distanthorizons.core.level.AbstractDhServerLevel/]: Closed DHLevel for [Wrapped{ServerLevel[New World1]@minecraft:the_nether}].
[04Aug2026 05:25:14.897] [level shutdown/INFO] [DistantHorizons-DistantHorizons-com.seibel.distanthorizons.core.level.AbstractDhServerLevel/]: Closed DHLevel for [Wrapped{ServerLevel[New World1]@minecraft:the_end}].
[04Aug2026 05:25:14.897] [level shutdown/INFO] [DistantHorizons-DistantHorizons-com.seibel.distanthorizons.core.level.AbstractDhServerLevel/]: Closed DhClientServerLevel for Wrapped{ServerLevel[New World1]@minecraft:the_nether}
[04Aug2026 05:25:14.897] [level shutdown/INFO] [DistantHorizons-DistantHorizons-com.seibel.distanthorizons.core.level.AbstractDhServerLevel/]: Closed DhClientServerLevel for Wrapped{ServerLevel[New World1]@minecraft:the_end}
[04Aug2026 05:25:14.897] [level shutdown/INFO] [DistantHorizons-DistantHorizons-com.seibel.distanthorizons.core.level.AbstractDhServerLevel/]: Closed DHLevel for [Wrapped{ServerLevel[New World1]@minecraft:overworld}].
[04Aug2026 05:25:14.897] [level shutdown/INFO] [DistantHorizons-DistantHorizons-com.seibel.distanthorizons.core.level.AbstractDhServerLevel/]: Closed DhClientServerLevel for Wrapped{ServerLevel[New World1]@minecraft:overworld}
[04Aug2026 05:25:14.897] [Render thread/INFO] [DistantHorizons-DistantHorizons-com.seibel.distanthorizons.core.world.AbstractDhWorld/]: Closed DhWorld of type [CLIENT_SERVER].
[04Aug2026 05:25:14.897] [Render thread/INFO] [DistantHorizons-DistantHorizons-com.seibel.distanthorizons.core.util.threading.PriorityTaskPicker/]: Shutting down PriorityTaskPicker thread pool...
[04Aug2026 05:25:22.525] [Render thread/INFO] [DistantHorizons-DistantHorizons-com.seibel.distanthorizons.core.sql.repo.AbstractDhRepo/]: Closing all [3] database connections...
[04Aug2026 05:25:22.525] [Render thread/INFO] [DistantHorizons-DistantHorizons-com.seibel.distanthorizons.core.sql.repo.AbstractDhRepo/]: Closing database connection: [jdbc:dh_sqlite:/home/krzysztofkalisiak/.local/share/ModrinthApp/profiles/Create Aeronautics (1)/saves/New World1/DIM1/data/DistantHorizons.sqlite]
[04Aug2026 05:25:22.525] [Render thread/INFO] [DistantHorizons-DistantHorizons-com.seibel.distanthorizons.core.sql.repo.AbstractDhRepo/]: Closing database connection: [jdbc:dh_sqlite:/home/krzysztofkalisiak/.local/share/ModrinthApp/profiles/Create Aeronautics (1)/saves/New World1/DIM-1/data/DistantHorizons.sqlite]
[04Aug2026 05:25:22.525] [Render thread/INFO] [DistantHorizons-DistantHorizons-com.seibel.distanthorizons.core.sql.repo.AbstractDhRepo/]: Closing database connection: [jdbc:dh_sqlite:/home/krzysztofkalisiak/.local/share/ModrinthApp/profiles/Create Aeronautics (1)/saves/New World1/data/DistantHorizons.sqlite]
[04Aug2026 05:25:22.714] [Render thread/INFO] [xaero.hud.minimap.MinimapLogs/]: Xaero hud session finalized.
[04Aug2026 05:25:22.776] [Server thread/INFO] [net.minecraft.server.network.ServerGamePacketListenerImpl/]: Eutio lost connection: Disconnected
[04Aug2026 05:25:22.776] [Server thread/INFO] [net.minecraft.server.MinecraftServer/]: Eutio left the game
[04Aug2026 05:25:22.777] [Server thread/INFO] [DistantHorizons-DistantHorizons-com.seibel.distanthorizons.core.api.internal.ServerApi/]: Player [Eutio] disconnected.
[04Aug2026 05:25:22.787] [Server thread/INFO] [net.minecraft.server.network.ServerCommonPacketListenerImpl/]: Stopping singleplayer server as player logged out
[04Aug2026 05:25:22.822] [Server thread/INFO] [net.minecraft.server.MinecraftServer/]: Stopping server
[04Aug2026 05:25:22.822] [Server thread/INFO] [net.minecraft.server.MinecraftServer/]: Saving players
[04Aug2026 05:25:22.822] [Server thread/INFO] [net.minecraft.server.MinecraftServer/]: Saving worlds
[04Aug2026 05:25:22.878] [Server thread/INFO] [net.minecraft.server.MinecraftServer/]: Saving chunks for level 'ServerLevel[New World1]'/minecraft:overworld
[04Aug2026 05:25:22.878] [Server thread/INFO] [dev.ryanhcode.sable.Sable/]: Saving sub-levels for level 'ServerLevel[New World1]'/minecraft:overworld
[04Aug2026 05:25:22.914] [Server thread/INFO] [net.minecraft.server.MinecraftServer/]: Saving chunks for level 'ServerLevel[New World1]'/minecraft:the_end
[04Aug2026 05:25:22.914] [Server thread/INFO] [dev.ryanhcode.sable.Sable/]: Saving sub-levels for level 'ServerLevel[New World1]'/minecraft:the_end
[04Aug2026 05:25:22.923] [Server thread/INFO] [net.minecraft.server.MinecraftServer/]: Saving chunks for level 'ServerLevel[New World1]'/minecraft:the_nether
[04Aug2026 05:25:22.923] [Server thread/INFO] [dev.ryanhcode.sable.Sable/]: Saving sub-levels for level 'ServerLevel[New World1]'/minecraft:the_nether
[04Aug2026 05:25:22.937] [Server thread/INFO] [net.minecraft.server.MinecraftServer/]: ThreadedAnvilChunkStorage (New World1): All chunks are saved
[04Aug2026 05:25:22.937] [Server thread/INFO] [net.minecraft.server.MinecraftServer/]: ThreadedAnvilChunkStorage (DIM1): All chunks are saved
[04Aug2026 05:25:22.937] [Server thread/INFO] [net.minecraft.server.MinecraftServer/]: ThreadedAnvilChunkStorage (DIM-1): All chunks are saved
[04Aug2026 05:25:22.937] [Server thread/INFO] [net.minecraft.server.MinecraftServer/]: ThreadedAnvilChunkStorage: All dimensions are saved
[04Aug2026 05:25:22.953] [Render thread/INFO] [ChunkBuilder/]: Stopping worker threads
