[11:25:16] [main/INFO]: ModLauncher running: args [--username, Eutio, --version, 1.21.1, --gameDir, /home/krzysztofkalisiak/.local/share/ModrinthApp/profiles/Create Aeronautics (1), --assetsDir, /home/krzysztofkalisiak/.local/share/ModrinthApp/meta/assets, --assetIndex, 17, --uuid, daa1735b3ea84b2a94748a7aa356e30b, --accessToken, ❄❄❄❄❄❄❄❄, --clientId, c4502edb-87c6-40cb-b595-64a280cf8906, --xuid, 0, --userType, msa, --versionType, release, --width, 854, --height, 480, --fml.neoForgeVersion, 21.1.235, --fml.fmlVersion, 4.0.42, --fml.mcVersion, 1.21.1, --fml.neoFormVersion, 20240808.144430, --launchTarget, forgeclient]
[11:25:16] [main/INFO]: JVM identified as Azul Systems, Inc. OpenJDK 64-Bit Server VM 21.0.9+10-LTS
[11:25:16] [main/INFO]: ModLauncher 11.0.5+main.901c6ea8 starting: java version 21.0.9 by Azul Systems, Inc.; OS Linux arch amd64 version 7.0.0-29-generic
[11:25:16] [main/INFO]: Searching for graphics cards...
[11:25:16] [main/INFO]: Found graphics adapter: LinuxPciAdapterInfo[vendor=AMD, name=Navi 31 [Radeon RX 7900 XT/7900 XTX/7900 GRE/7900M], pciVendorId=0x1002, pciDeviceId=0x744c]
[11:25:16] [main/WARN]: Sodium has applied one or more workarounds to prevent crashes or other issues on your system: [NO_ERROR_CONTEXT_UNSUPPORTED]
[11:25:16] [main/WARN]: This is not necessarily an issue, but it may result in certain features or optimizations being disabled. You can sometimes fix these issues by upgrading your graphics driver.
[11:25:16] [main/INFO]: Loading ImmediateWindowProvider fmlearlywindow
[11:25:16] [main/INFO]: Trying GL version 4.6
[11:25:16] [main/INFO]: Requested GL version 4.6 got version 4.6
[11:25:16] [pool-2-thread-1/INFO]: GL info: AMD Radeon RX 7900 GRE (radeonsi, navi31, ACO, DRM 3.64, 7.0.0-29-generic) GL version 4.6 (Core Profile) Mesa 26.1.2 - kisak-mesa PPA, AMD
[11:25:16] [main/INFO]: SpongePowered MIXIN Subsystem Version=0.8.7 Source=union:/home/krzysztofkalisiak/.local/share/ModrinthApp/meta/libraries/net/fabricmc/sponge-mixin/0.15.2+mixin.0.8.7/sponge-mixin-0.15.2+mixin.0.8.7.jar%23170!/ Service=ModLauncher Env=CLIENT
[11:25:16] [main/INFO]: Found mod file "client-1.21.1-20240808.144430-srg.jar" [locator: production client provider +net.neoforged:neoforge:21.1.235:client]
[11:25:16] [main/INFO]: Found mod file "neoforge-21.1.235-universal.jar" [locator: PathBasedLocator[name=neoforge, paths=[/home/krzysztofkalisiak/.local/share/ModrinthApp/meta/libraries/net/neoforged/neoforge/21.1.235/neoforge-21.1.235-universal.jar]], reader: mod manifest]
[11:25:16] [main/INFO]: Found mod file "net.caffeinemc.sodium-neoforge-0.8.12+mc1.21.1-mod.jar" [locator: net.caffeinemc.mods.sodium.service.SodiumServiceModLocator@b09fac1, reader: mod manifest]
[11:25:16] [main/INFO]: Found mod file "fabric-rendering-data-attachment-v1-0.3.48+73761d2e19.jar" [locator: net.caffeinemc.mods.sodium.service.SodiumServiceModLocator@b09fac1, reader: mod manifest]
[11:25:16] [main/INFO]: Found mod file "fabric-renderer-api-v1-3.4.1+9125b6dc19.jar" [locator: net.caffeinemc.mods.sodium.service.SodiumServiceModLocator@b09fac1, reader: mod manifest]
[11:25:16] [main/INFO]: Found mod file "fabric-block-view-api-v2-1.0.10+9afaaf8c19.jar" [locator: net.caffeinemc.mods.sodium.service.SodiumServiceModLocator@b09fac1, reader: mod manifest]
[11:25:16] [main/INFO]: Found mod file "fabric-api-base-0.4.42+d1308ded19.jar" [locator: net.caffeinemc.mods.sodium.service.SodiumServiceModLocator@b09fac1, reader: mod manifest]
[11:25:16] [main/INFO]: Found library file "~nonexistent" [locator: org.sinytra.connector.locator.ConnectorEarlyLocatorBootstrap@3c49fab6]
[11:25:16] [main/INFO]: Found mod file "contraption-lights-neoforge-1.21.1-1.2.0.jar" [locator: {mods folder locator at /home/krzysztofkalisiak/.local/share/ModrinthApp/profiles/Create Aeronautics (1)/mods}, reader: mod manifest]
[11:25:16] [main/INFO]: Found mod file "create-1.21.1-6.0.10.jar" [locator: {mods folder locator at /home/krzysztofkalisiak/.local/share/ModrinthApp/profiles/Create Aeronautics (1)/mods}, reader: mod manifest]
[11:25:16] [main/INFO]: Found mod file "create-aeronautics-bundled-1.21.1-1.3.0.jar" [locator: {mods folder locator at /home/krzysztofkalisiak/.local/share/ModrinthApp/profiles/Create Aeronautics (1)/mods}, reader: mod manifest]
[11:25:16] [main/INFO]: Found mod file "DistantHorizons-3.2.0-b-1.21.1-fabric-neoforge.jar" [locator: {mods folder locator at /home/krzysztofkalisiak/.local/share/ModrinthApp/profiles/Create Aeronautics (1)/mods}, reader: mod manifest]
[11:25:16] [main/INFO]: Found mod file "entityculling-neoforge-1.10.5-mc1.21.1.jar" [locator: {mods folder locator at /home/krzysztofkalisiak/.local/share/ModrinthApp/profiles/Create Aeronautics (1)/mods}, reader: mod manifest]
[11:25:16] [main/INFO]: Found mod file "ferritecore-7.0.3-neoforge.jar" [locator: {mods folder locator at /home/krzysztofkalisiak/.local/share/ModrinthApp/profiles/Create Aeronautics (1)/mods}, reader: mod manifest]
[11:25:16] [main/INFO]: Found mod file "forgified-fabric-api-0.116.14+2.3.0+1.21.1.jar" [locator: {mods folder locator at /home/krzysztofkalisiak/.local/share/ModrinthApp/profiles/Create Aeronautics (1)/mods}, reader: mod manifest]
[11:25:16] [main/INFO]: Found mod file "ImmediatelyFast-NeoForge-1.6.11+1.21.1.jar" [locator: {mods folder locator at /home/krzysztofkalisiak/.local/share/ModrinthApp/profiles/Create Aeronautics (1)/mods}, reader: mod manifest]
[11:25:16] [main/INFO]: Found mod file "iris-neoforge-1.8.14-beta.1+mc1.21.1.jar" [locator: {mods folder locator at /home/krzysztofkalisiak/.local/share/ModrinthApp/profiles/Create Aeronautics (1)/mods}, reader: mod manifest]
[11:25:16] [main/INFO]: Found mod file "irisveil-0.3.0.jar" [locator: {mods folder locator at /home/krzysztofkalisiak/.local/share/ModrinthApp/profiles/Create Aeronautics (1)/mods}, reader: mod manifest]
[11:25:16] [main/INFO]: Found mod file "lithium-neoforge-0.15.4+mc1.21.1.jar" [locator: {mods folder locator at /home/krzysztofkalisiak/.local/share/ModrinthApp/profiles/Create Aeronautics (1)/mods}, reader: mod manifest]
[11:25:16] [main/WARN]: Skipping jar. File mods/photonics-0.4.0-fabric+MC-1.21.1.jar is a Fabric mod and cannot be loaded
[11:25:16] [main/INFO]: Found mod file "sable-neoforge-1.21.1-2.0.3.jar" [locator: {mods folder locator at /home/krzysztofkalisiak/.local/share/ModrinthApp/profiles/Create Aeronautics (1)/mods}, reader: mod manifest]
[11:25:16] [main/INFO]: Found mod file "searchlights-1.3.1.jar" [locator: {mods folder locator at /home/krzysztofkalisiak/.local/share/ModrinthApp/profiles/Create Aeronautics (1)/mods}, reader: mod manifest]
[11:25:16] [main/INFO]: Found mod file "simulatedcoasters-0.1.1.jar" [locator: {mods folder locator at /home/krzysztofkalisiak/.local/share/ModrinthApp/profiles/Create Aeronautics (1)/mods}, reader: mod manifest]
[11:25:16] [main/INFO]: Found mod file "simurail-1.21.1-0.0.0-a+b18d457.jar" [locator: {mods folder locator at /home/krzysztofkalisiak/.local/share/ModrinthApp/profiles/Create Aeronautics (1)/mods}, reader: mod manifest]
[11:25:16] [main/INFO]: Found mod file "xaerominimap-neoforge-1.21.1-26.4.2.jar" [locator: {mods folder locator at /home/krzysztofkalisiak/.local/share/ModrinthApp/profiles/Create Aeronautics (1)/mods}, reader: mod manifest]
[11:25:17] [main/WARN]: Attempted to select a dependency jar for JarJar which was passed in as source: fabric_renderer_api_v1. Using Mod File: 
[11:25:17] [main/WARN]: Attempted to select a dependency jar for JarJar which was passed in as source: fabric_block_view_api_v2. Using Mod File: 
[11:25:17] [main/WARN]: Attempted to select a dependency jar for JarJar which was passed in as source: library:net.fabricmc.loader. Using Mod File: /~nonexistent
[11:25:17] [main/WARN]: Attempted to select a dependency jar for JarJar which was passed in as source: fabric_api_base. Using Mod File: 
[11:25:17] [main/WARN]: Attempted to select a dependency jar for JarJar which was passed in as source: fabric_rendering_data_attachment_v1. Using Mod File: 
[11:25:17] [main/INFO]: Found 62 dependencies adding them to mods collection
[11:25:17] [main/INFO]: Found mod file "fabric-transfer-api-v1-5.4.4+6244b11119.jar" [parent: forgified-fabric-api-0.116.14+2.3.0+1.21.1.jar, locator: jarinjar, reader: mod manifest]
[11:25:17] [main/INFO]: Found library file "glsl-processor-0.2.3.jar" [parent: veil-neoforge-1.21.1-4.1.4.jar, locator: jarinjar]
[11:25:17] [main/INFO]: Found mod file "ponder-neoforge-1.0.82+mc1.21.1.jar" [parent: create-1.21.1-6.0.10.jar, locator: jarinjar, reader: mod manifest]
[11:25:17] [main/INFO]: Found mod file "fabric-item-api-v1-11.2.0+0c57911319.jar" [parent: forgified-fabric-api-0.116.14+2.3.0+1.21.1.jar, locator: jarinjar, reader: mod manifest]
[11:25:17] [main/INFO]: Found mod file "fabric-model-loading-api-v1-2.1.0+6e8f52c719.jar" [parent: forgified-fabric-api-0.116.14+2.3.0+1.21.1.jar, locator: jarinjar, reader: mod manifest]
[11:25:17] [main/INFO]: Found library file "net.neoforged.neoforge-coremods-21.1.235.jar" [parent: neoforge-21.1.235-universal.jar, locator: jarinjar, reader: mod manifest]
[11:25:17] [main/INFO]: Found mod file "fabric-rendering-fluids-v1-3.1.6+a51883b219.jar" [parent: forgified-fabric-api-0.116.14+2.3.0+1.21.1.jar, locator: jarinjar, reader: mod manifest]
[11:25:17] [main/INFO]: Found mod file "dev.eriksonn.aeronautics.aeronautics-neoforge-1.21.1-1.3.0.jar" [parent: create-aeronautics-bundled-1.21.1-1.3.0.jar, locator: jarinjar, reader: mod manifest]
[11:25:17] [main/INFO]: Found mod file "xaerolib-neoforge-1.21.1-1.7.1.jar" [parent: xaerominimap-neoforge-1.21.1-26.4.2.jar, locator: jarinjar, reader: mod manifest]
[11:25:17] [main/INFO]: Found mod file "fabric-screen-handler-api-v1-1.3.91+8dbc56dd19.jar" [parent: forgified-fabric-api-0.116.14+2.3.0+1.21.1.jar, locator: jarinjar, reader: mod manifest]
[11:25:17] [main/INFO]: Found mod file "fabric-resource-loader-v0-1.3.1+4ea8954419.jar" [parent: forgified-fabric-api-0.116.14+2.3.0+1.21.1.jar, locator: jarinjar, reader: mod manifest]
[11:25:17] [main/INFO]: Found mod file "TRender-1.0.15-1.21.1-neoforge-SNAPSHOT.jar" [parent: entityculling-neoforge-1.10.5-mc1.21.1.jar, locator: jarinjar, reader: mod manifest]
[11:25:17] [main/INFO]: Found gamelibrary file "yumi-commons-collections-1.0.0.jar" [parent: lambdynamiclights-api-4.8.8+1.21.1-mojmap.jar, locator: jarinjar, reader: mod manifest]
[11:25:17] [main/INFO]: Found mod file "fabric-rendering-v1-5.1.0+1a09bd5a19.jar" [parent: forgified-fabric-api-0.116.14+2.3.0+1.21.1.jar, locator: jarinjar, reader: mod manifest]
[11:25:17] [main/INFO]: Found mod file "fabric-renderer-indigo-1.7.1+9125b6dc19.jar" [parent: forgified-fabric-api-0.116.14+2.3.0+1.21.1.jar, locator: jarinjar, reader: mod manifest]
[11:25:17] [main/INFO]: Found mod file "fabric-convention-tags-v1-2.1.7+7f945d5b19.jar" [parent: forgified-fabric-api-0.116.14+2.3.0+1.21.1.jar, locator: jarinjar, reader: mod manifest]
[11:25:17] [main/INFO]: Found mod file "fabric-command-api-v2-2.2.28+36d727be19.jar" [parent: forgified-fabric-api-0.116.14+2.3.0+1.21.1.jar, locator: jarinjar, reader: mod manifest]
[11:25:17] [main/INFO]: Found mod file "fabric-convention-tags-v2-2.12.0+75d3639619.jar" [parent: forgified-fabric-api-0.116.14+2.3.0+1.21.1.jar, locator: jarinjar, reader: mod manifest]
[11:25:17] [main/INFO]: Found mod file "fabric-data-attachment-api-v1-1.4.7+26d408aa19.jar" [parent: forgified-fabric-api-0.116.14+2.3.0+1.21.1.jar, locator: jarinjar, reader: mod manifest]
[11:25:17] [main/INFO]: Found mod file "veil-neoforge-1.21.1-4.2.1.jar" [parent: searchlights-1.3.1.jar, locator: jarinjar, reader: mod manifest]
[11:25:17] [main/INFO]: Found mod file "dev.simulated_team.simulated.simulated-neoforge-1.21.1-1.3.0.jar" [parent: create-aeronautics-bundled-1.21.1-1.3.0.jar, locator: jarinjar, reader: mod manifest]
[11:25:17] [main/INFO]: Found gamelibrary file "yumi-commons-event-1.0.0.jar" [parent: lambdynamiclights-api-4.8.8+1.21.1-mojmap.jar, locator: jarinjar, reader: mod manifest]
[11:25:17] [main/INFO]: Found mod file "fabric-screen-api-v1-2.0.26+b4953c7419.jar" [parent: forgified-fabric-api-0.116.14+2.3.0+1.21.1.jar, locator: jarinjar, reader: mod manifest]
[11:25:17] [main/INFO]: Found library file "molang-compiler-3.1.1.19.jar" [parent: veil-neoforge-1.21.1-4.1.4.jar, locator: jarinjar]
[11:25:17] [main/INFO]: Found library file "Reflect-1.6.2.jar" [parent: ImmediatelyFast-NeoForge-1.6.11+1.21.1.jar, locator: jarinjar]
[11:25:17] [main/INFO]: Found mod file "fabric-particles-v1-4.0.2+824f924c19.jar" [parent: forgified-fabric-api-0.116.14+2.3.0+1.21.1.jar, locator: jarinjar, reader: mod manifest]
[11:25:17] [main/INFO]: Found mod file "fabric-content-registries-v0-8.0.19+5e0d320019.jar" [parent: forgified-fabric-api-0.116.14+2.3.0+1.21.1.jar, locator: jarinjar, reader: mod manifest]
[11:25:17] [main/INFO]: Found mod file "fabric-transitive-access-wideners-v1-6.2.0+6c854b6f19.jar" [parent: forgified-fabric-api-0.116.14+2.3.0+1.21.1.jar, locator: jarinjar, reader: mod manifest]
[11:25:17] [main/INFO]: Found mod file "dev.ryanhcode.offroad.offroad-neoforge-1.21.1-1.3.0.jar" [parent: create-aeronautics-bundled-1.21.1-1.3.0.jar, locator: jarinjar, reader: mod manifest]
[11:25:17] [main/INFO]: Found gamelibrary file "mixinextras-neoforge-0.5.3.jar" [parent: neoforge-21.1.235-universal.jar, locator: jarinjar, reader: mod manifest]
[11:25:17] [main/INFO]: Found gamelibrary file "yumi-commons-core-1.0.0.jar" [parent: lambdynamiclights-api-4.8.8+1.21.1-mojmap.jar, locator: jarinjar, reader: mod manifest]
[11:25:17] [main/INFO]: Found mod file "fabric-game-rule-api-v1-1.0.53+36d727be19.jar" [parent: forgified-fabric-api-0.116.14+2.3.0+1.21.1.jar, locator: jarinjar, reader: mod manifest]
[11:25:17] [main/INFO]: Found mod file "fabric-api-lookup-api-v1-1.6.72+6244b11119.jar" [parent: forgified-fabric-api-0.116.14+2.3.0+1.21.1.jar, locator: jarinjar, reader: mod manifest]
[11:25:17] [main/INFO]: Found mod file "fabric-blockrenderlayer-v1-1.1.52+c290471319.jar" [parent: forgified-fabric-api-0.116.14+2.3.0+1.21.1.jar, locator: jarinjar, reader: mod manifest]
[11:25:17] [main/INFO]: Found gamelibrary file "dev.ryanhcode.sable.sable-sable_rapier-1.21.1-2.0.3.jar" [parent: sable-neoforge-1.21.1-2.0.3.jar, locator: jarinjar, reader: mod manifest]
[11:25:17] [main/INFO]: Found mod file "fabric-block-api-v1-1.1.0+b0c22bb819.jar" [parent: forgified-fabric-api-0.116.14+2.3.0+1.21.1.jar, locator: jarinjar, reader: mod manifest]
[11:25:17] [main/INFO]: Found mod file "fabric-resource-conditions-api-v1-4.3.0+5bdd099819.jar" [parent: forgified-fabric-api-0.116.14+2.3.0+1.21.1.jar, locator: jarinjar, reader: mod manifest]
[11:25:17] [main/INFO]: Found library file "jcpp-1.4.14.jar" [parent: iris-neoforge-1.8.14-beta.1+mc1.21.1.jar, locator: jarinjar]
[11:25:17] [main/INFO]: Found library file "glsl-transformer-3.0.0-pre3.jar" [parent: iris-neoforge-1.8.14-beta.1+mc1.21.1.jar, locator: jarinjar]
[11:25:17] [main/INFO]: Found mod file "sable-companion-common-1.21.1-1.6.0.jar" [parent: sable-neoforge-1.21.1-2.0.3.jar, locator: jarinjar, reader: mod manifest]
[11:25:17] [main/INFO]: Found mod file "flywheel-neoforge-1.21.1-1.0.6.jar" [parent: create-1.21.1-6.0.10.jar, locator: jarinjar, reader: mod manifest]
[11:25:17] [main/INFO]: Found mod file "fabric-item-group-api-v1-4.1.7+e324903319.jar" [parent: forgified-fabric-api-0.116.14+2.3.0+1.21.1.jar, locator: jarinjar, reader: mod manifest]
[11:25:17] [main/INFO]: Found mod file "fabric-gametest-api-v1-2.0.5+29f188ce19.jar" [parent: forgified-fabric-api-0.116.14+2.3.0+1.21.1.jar, locator: jarinjar, reader: mod manifest]
[11:25:17] [main/INFO]: Found mod file "fabric-biome-api-v1-13.0.31+1e62d33c19.jar" [parent: forgified-fabric-api-0.116.14+2.3.0+1.21.1.jar, locator: jarinjar, reader: mod manifest]
[11:25:17] [main/INFO]: Found mod file "fabric-entity-events-v1-1.8.0+e46a02ca19.jar" [parent: forgified-fabric-api-0.116.14+2.3.0+1.21.1.jar, locator: jarinjar, reader: mod manifest]
[11:25:17] [main/INFO]: Found mod file "fabric-registry-sync-v0-5.3.2+f9aace1619.jar" [parent: forgified-fabric-api-0.116.14+2.3.0+1.21.1.jar, locator: jarinjar, reader: mod manifest]
[11:25:17] [main/INFO]: Found mod file "lambdynamiclights-api-4.8.8+1.21.1-mojmap.jar" [parent: searchlights-1.3.1.jar, locator: jarinjar, reader: mod manifest]
[11:25:17] [main/INFO]: Found mod file "fabric-recipe-api-v1-5.0.16+59440bcc19.jar" [parent: forgified-fabric-api-0.116.14+2.3.0+1.21.1.jar, locator: jarinjar, reader: mod manifest]
[11:25:17] [main/INFO]: Found mod file "fabric-object-builder-api-v1-15.2.1+cc242efd19.jar" [parent: forgified-fabric-api-0.116.14+2.3.0+1.21.1.jar, locator: jarinjar, reader: mod manifest]
[11:25:17] [main/INFO]: Found mod file "fabric-loot-api-v2-3.0.15+a3ee712d19.jar" [parent: forgified-fabric-api-0.116.14+2.3.0+1.21.1.jar, locator: jarinjar, reader: mod manifest]
[11:25:17] [main/INFO]: Found mod file "fabric-loot-api-v3-1.0.3+333dfad919.jar" [parent: forgified-fabric-api-0.116.14+2.3.0+1.21.1.jar, locator: jarinjar, reader: mod manifest]
[11:25:17] [main/INFO]: Found mod file "TRansition-1.0.21-1.21.1-neoforge-SNAPSHOT.jar" [parent: entityculling-neoforge-1.10.5-mc1.21.1.jar, locator: jarinjar, reader: mod manifest]
[11:25:17] [main/INFO]: Found mod file "fabric-networking-api-v1-4.3.1+30a980d919.jar" [parent: forgified-fabric-api-0.116.14+2.3.0+1.21.1.jar, locator: jarinjar, reader: mod manifest]
[11:25:17] [main/INFO]: Found gamelibrary file "Registrate-MC1.21-1.3.0+67.jar" [parent: create-1.21.1-6.0.10.jar, locator: jarinjar, reader: mod manifest]
[11:25:17] [main/INFO]: Found mod file "fabric-sound-api-v1-1.0.23+10b84f8419.jar" [parent: forgified-fabric-api-0.116.14+2.3.0+1.21.1.jar, locator: jarinjar, reader: mod manifest]
[11:25:17] [main/INFO]: Found mod file "fabric-message-api-v1-6.0.14+6a754fce19.jar" [parent: forgified-fabric-api-0.116.14+2.3.0+1.21.1.jar, locator: jarinjar, reader: mod manifest]
[11:25:17] [main/INFO]: Found mod file "fabric-lifecycle-events-v1-2.6.0+e40d8add19.jar" [parent: forgified-fabric-api-0.116.14+2.3.0+1.21.1.jar, locator: jarinjar, reader: mod manifest]
[11:25:17] [main/INFO]: Found mod file "fabric-tag-api-v1-1.3.0+3e2bcb4b19.jar" [parent: forgified-fabric-api-0.116.14+2.3.0+1.21.1.jar, locator: jarinjar, reader: mod manifest]
[11:25:17] [main/INFO]: Found mod file "fabric-data-generation-api-v1-20.3.0+3e2bcb4b19.jar" [parent: forgified-fabric-api-0.116.14+2.3.0+1.21.1.jar, locator: jarinjar, reader: mod manifest]
[11:25:17] [main/INFO]: Found mod file "fabric-events-interaction-v0-0.7.14+86e0887119.jar" [parent: forgified-fabric-api-0.116.14+2.3.0+1.21.1.jar, locator: jarinjar, reader: mod manifest]
[11:25:17] [main/INFO]: Found mod file "fabric-key-binding-api-v1-1.0.47+62cc7ce119.jar" [parent: forgified-fabric-api-0.116.14+2.3.0+1.21.1.jar, locator: jarinjar, reader: mod manifest]
[11:25:17] [main/INFO]: Found mod file "fabric-client-tags-api-v1-1.2.0+5adff2d719.jar" [parent: forgified-fabric-api-0.116.14+2.3.0+1.21.1.jar, locator: jarinjar, reader: mod manifest]
[11:25:17] [main/INFO]: Dependency resolution found 1 candidates to load
[11:25:17] [main/INFO]: Found mod file "photonics-0.4.0-fabric+MC-1.21.1_mapped_moj_1.21.1.jar" [locator: org.sinytra.connector.locator.ConnectorLocator@66f66866]
[11:25:17] [main/INFO]: Found 2 dependencies adding them to mods collection
[11:25:17] [main/INFO]: Found mod file "org.sinytra.connector-2.0.0-beta.15+1.21.1-mod.jar" [parent: , locator: org.sinytra.connector.locator.ConnectorLocator@66f66866, reader: mod manifest]
[11:25:17] [main/INFO]: Found gamelibrary file "runtime-1.0.0+1.21.1.jar" [parent: , locator: org.sinytra.connector.locator.ConnectorLocator@66f66866, reader: mod manifest]
[11:25:17] [main/INFO]: 
     Mod List:
		Name Version (Mod Id)

		Contraption Lights 1.2.0 (contraptionlights)
		Create 6.0.10 (create)
		Create Aeronautics 1.3.0 (aeronautics)
		Create Aeronautics 1.3.0 (aeronautics_bundled)
		Create Offroad 1.3.0 (offroad)
		Create Simulated 1.3.0 (simulated)
		Create Simurail 0.0.0-a+b18d457 (simurail)
		Create: Coasters Simulated 0.1.1 (simulatedcoasters)
		Distant Horizons 3.2.0-b (distanthorizons)
		EntityCulling 1.10.5 (entityculling)
		Ferrite Core 7.0.3 (ferritecore)
		Flywheel 1.0.6 (flywheel)
		Forgified Fabric API 0.116.14+2.3.0+1.21.1 (fabric_api)
		Forgified Fabric API Base 0.4.42+d1308ded19 (fabric_api_base)
		Forgified Fabric API Lookup API (v1) 1.6.72+6244b11119 (fabric_api_lookup_api_v1)
		Forgified Fabric Biome API (v1) 13.0.31+1e62d33c19 (fabric_biome_api_v1)
		Forgified Fabric Block API (v1) 1.1.0+b0c22bb819 (fabric_block_api_v1)
		Forgified Fabric BlockRenderLayer Registration (v1) 1.1.52+c290471319 (fabric_blockrenderlayer_v1)
		Forgified Fabric BlockView API (v2) 1.0.10+9afaaf8c19 (fabric_block_view_api_v2)
		Forgified Fabric Client Tags 1.2.0+5adff2d719 (fabric_client_tags_api_v1)
		Forgified Fabric Command API (v2) 2.2.28+36d727be19 (fabric_command_api_v2)
		Forgified Fabric Content Registries (v0) 8.0.19+5e0d320019 (fabric_content_registries_v0)
		Forgified Fabric Convention Tags 2.1.7+7f945d5b19 (fabric_convention_tags_v1)
		Forgified Fabric Convention Tags (v2) 2.12.0+75d3639619 (fabric_convention_tags_v2)
		Forgified Fabric Data Attachment API (v1) 1.4.7+26d408aa19 (fabric_data_attachment_api_v1)
		Forgified Fabric Data Generation API (v1) 20.3.0+3e2bcb4b19 (fabric_data_generation_api_v1)
		Forgified Fabric Entity Events (v1) 1.8.0+e46a02ca19 (fabric_entity_events_v1)
		Forgified Fabric Events Interaction (v0) 0.7.14+86e0887119 (fabric_events_interaction_v0)
		Forgified Fabric Game Rule API (v1) 1.0.53+36d727be19 (fabric_game_rule_api_v1)
		Forgified Fabric Game Test API (v1) 2.0.5+29f188ce19 (fabric_gametest_api_v1)
		Forgified Fabric Item API (v1) 11.2.0+0c57911319 (fabric_item_api_v1)
		Forgified Fabric Item Group API (v1) 4.1.7+e324903319 (fabric_item_group_api_v1)
		Forgified Fabric Key Binding API (v1) 1.0.47+62cc7ce119 (fabric_key_binding_api_v1)
		Forgified Fabric Lifecycle Events (v1) 2.6.0+e40d8add19 (fabric_lifecycle_events_v1)
		Forgified Fabric Loot API (v2) 3.0.15+a3ee712d19 (fabric_loot_api_v2)
		Forgified Fabric Loot API (v3) 1.0.3+333dfad919 (fabric_loot_api_v3)
		Forgified Fabric Message API (v1) 6.0.14+6a754fce19 (fabric_message_api_v1)
		Forgified Fabric Model Loading API (v1) 2.1.0+6e8f52c719 (fabric_model_loading_api_v1)
		Forgified Fabric Networking API (v1) 4.3.1+30a980d919 (fabric_networking_api_v1)
		Forgified Fabric Object Builder API (v1) 15.2.1+cc242efd19 (fabric_object_builder_api_v1)
		Forgified Fabric Particles (v1) 4.0.2+824f924c19 (fabric_particles_v1)
		Forgified Fabric Recipe API (v1) 5.0.16+59440bcc19 (fabric_recipe_api_v1)
		Forgified Fabric Registry Sync (v0) 5.3.2+f9aace1619 (fabric_registry_sync_v0)
		Forgified Fabric Renderer - Indigo 1.7.1+9125b6dc19 (fabric_renderer_indigo)
		Forgified Fabric Renderer API (v1) 3.4.1+9125b6dc19 (fabric_renderer_api_v1)
		Forgified Fabric Rendering (v1) 5.1.0+1a09bd5a19 (fabric_rendering_v1)
		Forgified Fabric Rendering Data Attachment (v1) 0.3.48+73761d2e19 (fabric_rendering_data_attachment_v1)
		Forgified Fabric Rendering Fluids (v1) 3.1.6+a51883b219 (fabric_rendering_fluids_v1)
		Forgified Fabric Resource Conditions API (v1) 4.3.0+5bdd099819 (fabric_resource_conditions_api_v1)
		Forgified Fabric Resource Loader (v0) 1.3.1+4ea8954419 (fabric_resource_loader_v0)
		Forgified Fabric Screen API (v1) 2.0.26+b4953c7419 (fabric_screen_api_v1)
		Forgified Fabric Screen Handler API (v1) 1.3.91+8dbc56dd19 (fabric_screen_handler_api_v1)
		Forgified Fabric Sound API (v1) 1.0.23+10b84f8419 (fabric_sound_api_v1)
		Forgified Fabric Tag API (v1) 1.3.0+3e2bcb4b19 (fabric_tag_api_v1)
		Forgified Fabric Transfer API (v1) 5.4.4+6244b11119 (fabric_transfer_api_v1)
		Forgified Fabric Transitive Access Wideners (v1) 6.2.0+6c854b6f19 (fabric_transitive_access_wideners_v1)
		ImmediatelyFast 1.6.11+1.21.1 (immediatelyfast)
		Iris 1.8.14-beta.1+mc1.21.1 (iris)
		Iris Veil Compat 0.3.0 (irisveil)
		LambDynamicLights (API) 4.8.8+1.21.1 (lambdynlights_api)
		Lithium 0.15.4+mc1.21.1 (lithium)
		Minecraft 1.21.1 (minecraft)
		NeoForge 21.1.235 (neoforge)
		Photonics 0.4.0_1.21.1 (photonics)
		Ponder 1.0.82+mc1.21.1 (ponder)
		Sable 2.0.3 (sable)
		Sable Companion 1.6.0 (sablecompanion)
		SearchLights 1.3.1 (searchlights)
		Sinytra Connector 2.0.0-beta.15+1.21.1 (connector)
		Sodium 0.8.12+mc1.21.1 (sodium)
		TRansition 1.0.21 (transition)
		TRender 1.0.15 (trender)
		Veil 4.2.1 (veil)
		Xaero's Minimap 26.4.2 (xaerominimap)
		XaeroLib 1.7.1 (xaerolib)
[11:25:17] [main/INFO]: Successfully made module authlib transformable
[11:25:17] [main/INFO]: Successfully made module brigadier transformable
[11:25:17] [main/INFO]: Loading coremod script-engine for [xaerominimap]
[11:25:17] [main/INFO]: Compatibility level set to JAVA_17
[11:25:17] [main/INFO]: Compatibility level set to JAVA_21
[11:25:17] [main/INFO]: Launching target 'forgeclient' with arguments [--version, 1.21.1, --gameDir, /home/krzysztofkalisiak/.local/share/ModrinthApp/profiles/Create Aeronautics (1), --assetsDir, /home/krzysztofkalisiak/.local/share/ModrinthApp/meta/assets, --uuid, daa1735b3ea84b2a94748a7aa356e30b, --username, Eutio, --assetIndex, 17, --accessToken, ❄❄❄❄❄❄❄❄, --clientId, c4502edb-87c6-40cb-b595-64a280cf8906, --xuid, 0, --userType, msa, --versionType, release, --width, 854, --height, 480]
[11:25:17] [main/INFO]: Option 'mixin.experimental.entity.block_caching.suffocation' requires 'mixin.util.block_tracking=true' but found 'false'. Setting 'mixin.experimental.entity.block_caching.suffocation=false'.
[11:25:17] [main/INFO]: Option 'mixin.experimental.entity.block_caching.block_support' requires 'mixin.util.block_tracking=true' but found 'false'. Setting 'mixin.experimental.entity.block_caching.block_support=false'.
[11:25:17] [main/INFO]: Option 'mixin.experimental.entity.block_caching.block_touching' requires 'mixin.util.block_tracking=true' but found 'false'. Setting 'mixin.experimental.entity.block_caching.block_touching=false'.
[11:25:17] [main/INFO]: Option 'mixin.experimental.entity.block_caching' requires 'mixin.util.block_tracking=true' but found 'false'. Setting 'mixin.experimental.entity.block_caching=false'.
[11:25:17] [main/INFO]: Loaded configuration file for Lithium: 148 options available, 4 override(s) found
[11:25:18] [main/WARN]: Reference map 'aeronautics.refmap.json' for aeronautics.mixins.json could not be read. If this is a development environment you can ignore this message
[11:25:18] [main/WARN]: Reference map 'xaerolib.refmap.json' for xaerolib.mixins.json could not be read. If this is a development environment you can ignore this message
[11:25:18] [main/WARN]: Reference map 'iris.refmap.json' for mixins.iris.json could not be read. If this is a development environment you can ignore this message
[11:25:18] [main/WARN]: Reference map 'iris.refmap.json' for mixins.iris.fantastic.json could not be read. If this is a development environment you can ignore this message
[11:25:18] [main/WARN]: Reference map 'iris.refmap.json' for mixins.iris.vertexformat.json could not be read. If this is a development environment you can ignore this message
[11:25:18] [main/WARN]: Reference map 'iris.refmap.json' for iris-batched-entity-rendering.mixins.json could not be read. If this is a development environment you can ignore this message
[11:25:18] [main/WARN]: Reference map 'iris.refmap.json' for mixins.iris.compat.sodium.json could not be read. If this is a development environment you can ignore this message
[11:25:18] [main/WARN]: Reference map 'simulated.refmap.json' for simulated.mixins.json could not be read. If this is a development environment you can ignore this message
[11:25:18] [main/INFO]: Loaded configuration file for Sodium: 45 options available, 1 override(s) found
[11:25:18] [main/WARN]: Reference map 'offroad.refmap.json' for offroad.mixins.json could not be read. If this is a development environment you can ignore this message
[11:25:18] [main/WARN]: Reference map 'ponder.refmap.json' for ponder-common.mixins.json could not be read. If this is a development environment you can ignore this message
[11:25:18] [main/INFO]: Using Sodium renderer mixins
[11:25:18] [main/INFO]: Using Sodium renderer mixins
[11:25:18] [main/WARN]: Reference map 'xaerominimap.refmap.json' for xaerohud.mixins.json could not be read. If this is a development environment you can ignore this message
[11:25:18] [main/WARN]: Reference map 'xaerominimap.refmap.json' for xaerominimap.mixins.json could not be read. If this is a development environment you can ignore this message
[11:25:18] [main/WARN]: Reference map 'entityculling.refmap.mixins.json' for entityculling.mixins.json could not be read. If this is a development environment you can ignore this message
[11:25:18] [main/WARN]: Reference map '${refmap_target}refmap.json' for ferritecore.predicates.mixin.json could not be read. If this is a development environment you can ignore this message
[11:25:18] [main/WARN]: Reference map '${refmap_target}refmap.json' for ferritecore.fastmap.mixin.json could not be read. If this is a development environment you can ignore this message
[11:25:18] [main/WARN]: Reference map '${refmap_target}refmap.json' for ferritecore.mrl.mixin.json could not be read. If this is a development environment you can ignore this message
[11:25:18] [main/WARN]: Reference map '${refmap_target}refmap.json' for ferritecore.dedupmultipart.mixin.json could not be read. If this is a development environment you can ignore this message
[11:25:18] [main/WARN]: Reference map '${refmap_target}refmap.json' for ferritecore.blockstatecache.mixin.json could not be read. If this is a development environment you can ignore this message
[11:25:18] [main/WARN]: Reference map '${refmap_target}refmap.json' for ferritecore.dedupbakedquad.mixin.json could not be read. If this is a development environment you can ignore this message
[11:25:18] [main/WARN]: Reference map '${refmap_target}refmap.json' for ferritecore.threaddetec.mixin.json could not be read. If this is a development environment you can ignore this message
[11:25:18] [main/WARN]: Reference map '${refmap_target}refmap.json' for ferritecore.modelsides.mixin.json could not be read. If this is a development environment you can ignore this message
[11:25:18] [main/WARN]: Reference map '${refmap_target}refmap.json' for ferritecore.datacomponents.mixin.json could not be read. If this is a development environment you can ignore this message
[11:25:18] [main/WARN]: Reference map '${refmap_target}refmap.json' for ferritecore.accessors.mixin.json could not be read. If this is a development environment you can ignore this message
[11:25:18] [main/WARN]: Reference map '' for adapter.init.mixins.json could not be read. If this is a development environment you can ignore this message
[11:25:18] [main/INFO]: Force-disabling mixin 'entity.collisions.unpushable_cramming.EntityMixin' as rule 'mixin.entity.collisions.unpushable_cramming' (added by mods [sable]) disables it and children
[11:25:18] [main/INFO]: Force-disabling mixin 'entity.collisions.unpushable_cramming.EntitySectionMixin' as rule 'mixin.entity.collisions.unpushable_cramming' (added by mods [sable]) disables it and children
[11:25:18] [main/INFO]: Force-disabling mixin 'entity.collisions.unpushable_cramming.EntitySelectorMixin' as rule 'mixin.entity.collisions.unpushable_cramming' (added by mods [sable]) disables it and children
[11:25:18] [main/INFO]: Force-disabling mixin 'entity.collisions.unpushable_cramming.LivingEntityMixin' as rule 'mixin.entity.collisions.unpushable_cramming' (added by mods [sable]) disables it and children
[11:25:18] [main/INFO]: Force-disabling mixin 'world.chunk_access.ChunkHolderMixin' as rule 'mixin.world.chunk_access' (added by mods [sable]) disables it and children
[11:25:18] [main/INFO]: Force-disabling mixin 'world.chunk_access.GenerationChunkHolderAccessor' as rule 'mixin.world.chunk_access' (added by mods [sable]) disables it and children
[11:25:18] [main/INFO]: Force-disabling mixin 'world.chunk_access.LevelMixin' as rule 'mixin.world.chunk_access' (added by mods [sable]) disables it and children
[11:25:18] [main/INFO]: Force-disabling mixin 'world.chunk_access.ServerChunkCacheMixin' as rule 'mixin.world.chunk_access' (added by mods [sable]) disables it and children
[11:25:18] [main/INFO]: Force-disabling mixin 'world.chunk_ticking.spread_ice.BiomeMixin' as rule 'mixin.world.chunk_ticking' (added by mods [sable]) disables it and children
[11:25:18] [main/INFO]: Force-disabling mixin 'world.tick_scheduler.LevelChunkTicksMixin' as rule 'mixin.world.tick_scheduler' (added by mods [sable]) disables it and children
[11:25:18] [main/WARN]: Error loading class: com/portingdeadmods/cable_facades/events/GameClientEvents$2 (java.lang.ClassNotFoundException: com.portingdeadmods.cable_facades.events.GameClientEvents$2)
[11:25:18] [main/WARN]: Error loading class: com/direwolf20/justdirethings/client/renderers/OurRenderTypes (java.lang.ClassNotFoundException: com.direwolf20.justdirethings.client.renderers.OurRenderTypes)
[11:25:18] [main/WARN]: Error loading class: mekanism/client/render/entity/RenderFlame (java.lang.ClassNotFoundException: mekanism.client.render.entity.RenderFlame)
[11:25:18] [main/WARN]: Error loading class: mekanism/client/render/armor/MekaSuitArmor (java.lang.ClassNotFoundException: mekanism.client.render.armor.MekaSuitArmor)
[11:25:18] [main/WARN]: Error loading class: mekanism/client/render/lib/effect/BillboardingEffectRenderer (java.lang.ClassNotFoundException: mekanism.client.render.lib.effect.BillboardingEffectRenderer)
[11:25:18] [main/WARN]: Error loading class: blusunrize/immersiveengineering/client/utils/IEGLShaders (java.lang.ClassNotFoundException: blusunrize.immersiveengineering.client.utils.IEGLShaders)
[11:25:18] [main/WARN]: Error loading class: mezz/jei/library/plugins/vanilla/ingredients/ItemStackListFactory (java.lang.ClassNotFoundException: mezz.jei.library.plugins.vanilla.ingredients.ItemStackListFactory)
[11:25:18] [main/INFO]: Immersive Portals not present, skipping DH compatibility mixin.
[11:25:18] [main/WARN]: Force-disabling mixin 'features.render.world.sky.ClientLevelMixin' as rule 'mixin.features.render.world.sky' (added by mods [iris]) disables it and children
[11:25:18] [main/WARN]: Force-disabling mixin 'features.render.world.sky.FogRendererMixin' as rule 'mixin.features.render.world.sky' (added by mods [iris]) disables it and children
[11:25:18] [main/WARN]: Force-disabling mixin 'features.render.world.sky.LevelRendererMixin' as rule 'mixin.features.render.world.sky' (added by mods [iris]) disables it and children
[11:25:18] [main/WARN]: Error loading class: org/jetbrains/annotations/ApiStatus$ScheduledForRemoval (java.lang.ClassNotFoundException: org.jetbrains.annotations.ApiStatus$ScheduledForRemoval)
[11:25:18] [main/INFO]: Initializing MixinExtras via com.llamalad7.mixinextras.service.MixinExtrasServiceImpl(version=0.5.3).
[11Aug2026 11:25:19.611] [Datafixer Bootstrap/INFO] [com.mojang.datafixers.DataFixerBuilder/]: 229 Datafixer optimizations took 108 milliseconds
[11Aug2026 11:25:22.160] [Render thread/WARN] [net.minecraft.server.packs.VanillaPackResourcesBuilder/]: Assets URL 'union:/home/krzysztofkalisiak/.local/share/ModrinthApp/meta/libraries/net/minecraft/client/1.21.1-20240808.144430/client-1.21.1-20240808.144430-srg.jar%23215!/assets/.mcassetsroot' uses unexpected schema
[11Aug2026 11:25:22.161] [Render thread/WARN] [net.minecraft.server.packs.VanillaPackResourcesBuilder/]: Assets URL 'union:/home/krzysztofkalisiak/.local/share/ModrinthApp/meta/libraries/net/minecraft/client/1.21.1-20240808.144430/client-1.21.1-20240808.144430-srg.jar%23215!/data/.mcassetsroot' uses unexpected schema
[11Aug2026 11:25:22.175] [Render thread/INFO] [com.mojang.authlib.yggdrasil.YggdrasilAuthenticationService/]: Environment: Environment[sessionHost=https://sessionserver.mojang.com, servicesHost=https://api.minecraftservices.com, name=PROD]
[11Aug2026 11:25:22.180] [Render thread/INFO] [net.minecraft.client.Minecraft/]: Setting user: Eutio
[11Aug2026 11:25:22.192] [Render thread/INFO] [Photonics/]: Reloading config
[11Aug2026 11:25:22.207] [Render thread/INFO] [Photonics/]: Photonics light registry contains 127 light definitions for 98 blocks
[11Aug2026 11:25:22.248] [Render thread/INFO] [Iris/]: Queuing DH event binding...
[11Aug2026 11:25:22.308] [Render thread/INFO] [net.minecraft.client.Minecraft/]: Backend library: LWJGL version 3.3.3+5
[11Aug2026 11:25:22.332] [Render thread/INFO] [com.mojang.blaze3d.platform.Window/]: OpenGL Vendor: AMD
[11Aug2026 11:25:22.332] [Render thread/INFO] [com.mojang.blaze3d.platform.Window/]: OpenGL Renderer: AMD Radeon RX 7900 GRE (radeonsi, navi31, ACO, DRM 3.64, 7.0.0-29-generic)
[11Aug2026 11:25:22.332] [Render thread/INFO] [com.mojang.blaze3d.platform.Window/]: OpenGL Version: 4.6 (Core Profile) Mesa 26.1.2 - kisak-mesa PPA
[11Aug2026 11:25:22.357] [Render thread/INFO] [ImmediatelyFast/]: Initializing ImmediatelyFast 1.6.11+1.21.1 on AMD Radeon RX 7900 GRE (radeonsi, navi31, ACO, DRM 3.64, 7.0.0-29-generic) (AMD) with OpenGL 4.6 (Core Profile) Mesa 26.1.2 - kisak-mesa PPA
[11Aug2026 11:25:22.358] [Render thread/INFO] [ImmediatelyFast/]: Found Iris 1.8.14-beta.1+mc1.21.1. Enabling compatibility.
[11Aug2026 11:25:22.655] [ForkJoinPool.commonPool-worker-12/WARN] [Iris/]: [Iris Update Check] This version doesn't have an update index, skipping.
[11Aug2026 11:25:22.676] [Render thread/INFO] [Iris/]: Debug functionality is disabled.
[11Aug2026 11:25:22.677] [Render thread/INFO] [Iris/]: OpenGL 4.5 detected, enabling DSA.
[11Aug2026 11:25:22.823] [modloading-worker-0/INFO] [Veil/]: Veil is initializing.
[11Aug2026 11:25:22.825] [modloading-worker-0/INFO] [net.fabricmc.fabric.impl.client.indigo.Indigo/]: [Indigo] Different rendering plugin detected; not applying Indigo.
[11Aug2026 11:25:22.837] [modloading-worker-0/INFO] [net.neoforged.neoforge.common.NeoForgeMod/NEOFORGE-MOD]: NeoForge mod loading, version 21.1.235, for MC 1.21.1
[11Aug2026 11:25:22.896] [modloading-worker-0/INFO] [xaero.hud.minimap.MinimapLogs/]: No Optifine!
[11Aug2026 11:25:22.896] [modloading-worker-0/INFO] [xaero.hud.minimap.MinimapLogs/]: Xaero's Minimap: No Vivecraft!
[11Aug2026 11:25:22.896] [modloading-worker-0/INFO] [xaero.hud.minimap.MinimapLogs/]: Xaero's Minimap: Iris found!
[11Aug2026 11:25:23.009] [modloading-worker-0/INFO] [xaero.lib.XaeroLib/]: Registering common data for channel xaerolib:main!
[11Aug2026 11:25:23.013] [modloading-worker-0/INFO] [xaero.lib.XaeroLib/]: Registering client data for channel xaerolib:main!
[11Aug2026 11:25:23.029] [modloading-worker-0/INFO] [xaero.lib.XaeroLib/]: Loading primary common config for channel xaerolib:main!
[11Aug2026 11:25:23.031] [modloading-worker-0/INFO] [xaero.lib.XaeroLib/]: Loading server config profiles for channel xaerolib:main!
[11Aug2026 11:25:23.031] [modloading-worker-0/INFO] [com.simibubi.create.Create/]: Create 6.0.10 initializing! Commit hash: ac0c444d9828da3453ae8cc65338e8de063286fb
[11Aug2026 11:25:23.032] [modloading-worker-0/INFO] [xaero.lib.XaeroLib/]: Loading primary client config for channel xaerolib:main!
[11Aug2026 11:25:23.032] [modloading-worker-0/INFO] [xaero.lib.XaeroLib/]: Loading client config profiles for channel xaerolib:main!
[11Aug2026 11:25:23.033] [modloading-worker-0/INFO] [xaero.common.HudMod/]: Registering common data for channel xaerominimap:main!
[11Aug2026 11:25:23.064] [modloading-worker-0/INFO] [xaero.common.HudMod/]: Registering client data for channel xaerominimap:main!
[11Aug2026 11:25:23.073] [modloading-worker-0/INFO] [xaero.common.HudMod/]: Loading primary common config for channel xaerominimap:main!
[11Aug2026 11:25:23.074] [modloading-worker-0/INFO] [xaero.common.HudMod/]: Loading server config profiles for channel xaerominimap:main!
[11Aug2026 11:25:23.074] [modloading-worker-0/INFO] [xaero.common.HudMod/]: Loading primary client config for channel xaerominimap:main!
[11Aug2026 11:25:23.075] [modloading-worker-0/INFO] [xaero.common.HudMod/]: Loading client config profiles for channel xaerominimap:main!
[11Aug2026 11:25:23.829] [modloading-worker-0/INFO] [dev.ryanhcode.sable.Sable/]: Sable loaded!
[11Aug2026 11:25:23.837] [modloading-worker-0/WARN] [dev.ryanhcode.sable.Sable/]: NOTE: Sable is loaded with Flywheel. Sable contains extensive shader overrides and a full light-storage replacement. Expect this to cause compatibility issues. If issues arise, please report them to the Sable issue tracker (https://github.com/ryanhcode/sable/issues) instead of the Flywheel issue tracker.
[11Aug2026 11:25:24.629] [Render thread/INFO] [Veil/]: GL Debug supported
[11Aug2026 11:25:24.817] [Render thread/INFO] [Iris/]: Hardware information:
[11Aug2026 11:25:24.817] [Render thread/INFO] [Iris/]: CPU: 16x AMD Ryzen 7 7700 8-Core Processor
[11Aug2026 11:25:24.817] [Render thread/INFO] [Iris/]: GPU: AMD Radeon RX 7900 GRE (radeonsi, navi31, ACO, DRM 3.64, 7.0.0-29-generic) (Supports OpenGL 4.6 (Core Profile) Mesa 26.1.2 - kisak-mesa PPA)
[11Aug2026 11:25:24.817] [Render thread/INFO] [Iris/]: OS: Linux (7.0.0-29-generic)
[11Aug2026 11:25:25.151] [Render thread/INFO] [net.minecraft.server.packs.resources.ReloadableResourceManager/]: Reloading ResourceManager: vanilla, fabric, mod_resources, mod/sodium, mod/fabric_transfer_api_v1, mod/simulatedcoasters, mod/fabric_renderer_api_v1, mod/fabric_item_api_v1, mod/fabric_model_loading_api_v1, mod/fabric_rendering_fluids_v1, mod/lithium, mod/aeronautics, mod/xaerolib, mod/aeronautics_bundled, mod/fabric_screen_handler_api_v1, mod/fabric_resource_loader_v0, mod/trender, mod/fabric_rendering_v1, mod/fabric_renderer_indigo, mod/fabric_convention_tags_v1, mod/neoforge, mod/photonics, mod/fabric_block_view_api_v2, mod/fabric_command_api_v2, mod/fabric_convention_tags_v2, mod/fabric_data_attachment_api_v1, mod/iris, mod/veil, mod/simulated, mod/simurail, mod/distanthorizons, mod/fabric_screen_api_v1, mod/fabric_particles_v1, mod/connector, mod/fabric_api,forgified_fabric_api, mod/fabric_content_registries_v0, mod/fabric_transitive_access_wideners_v1, mod/offroad, mod/irisveil, mod/fabric_game_rule_api_v1, mod/fabric_api_base, mod/fabric_api_lookup_api_v1, mod/fabric_blockrenderlayer_v1, mod/fabric_block_api_v1, mod/fabric_resource_conditions_api_v1, mod/sablecompanion, mod/flywheel, mod/ponder, mod/create, mod/sable, mod/contraptionlights, mod/xaerominimap, mod/fabric_item_group_api_v1, mod/fabric_gametest_api_v1, mod/entityculling, mod/fabric_biome_api_v1, mod/fabric_entity_events_v1, mod/fabric_registry_sync_v0, mod/immediatelyfast, mod/lambdynlights_api, mod/fabric_recipe_api_v1, mod/ferritecore, mod/fabric_object_builder_api_v1, mod/fabric_loot_api_v2, mod/fabric_loot_api_v3, mod/transition, mod/fabric_rendering_data_attachment_v1, mod/searchlights, mod/fabric_networking_api_v1, mod/fabric_sound_api_v1, mod/fabric_message_api_v1, mod/fabric_lifecycle_events_v1, mod/fabric_tag_api_v1, mod/fabric_data_generation_api_v1, mod/fabric_events_interaction_v0, mod/fabric_key_binding_api_v1, mod/fabric_client_tags_api_v1, file/Create-LabPBR-v12.zip
[11Aug2026 11:25:25.163] [Worker-Main-5/INFO] [xaero.lib.XaeroLib/]: Loading XaeroLib common 1/2!
[11Aug2026 11:25:25.164] [Worker-Main-4/INFO] [me.yurtema.searchlights.Searchlights/]: HELLO FROM COMMON SETUP
[11Aug2026 11:25:25.186] [NeoForge Version Check/INFO] [net.neoforged.fml.VersionChecker/]: [create] Starting version check at https://api.modrinth.com/updates/create/forge_updates.json?neoforge=only
[11Aug2026 11:25:25.216] [Worker-Main-6/INFO] [net.minecraft.client.gui.font.providers.UnihexProvider/]: Found unifont_all_no_pua-15.1.05.hex, loading
[11Aug2026 11:25:25.335] [Worker-Main-9/INFO] [net.minecraft.client.gui.font.providers.UnihexProvider/]: Found unifont_jp_patch-15.1.05.hex, loading
[11Aug2026 11:25:25.371] [Worker-Main-11/INFO] [xaero.lib.XaeroLib/]: Loading XaeroLib client 1/2!
[11Aug2026 11:25:25.399] [Worker-Main-2/ERROR] [net.minecraft.client.resources.model.ModelManager/]: Failed to load model createdeco:models/block/catwalk_top-x.json
com.google.gson.JsonParseException: Unknown facing: cullface
	at TRANSFORMER/minecraft@1.21.1/net.minecraft.client.renderer.block.model.BlockElement$Deserializer.getFacing(BlockElement.java:155) ~[client-1.21.1-20240808.144430-srg.jar%23215!/:?]
	at TRANSFORMER/minecraft@1.21.1/net.minecraft.client.renderer.block.model.BlockElement$Deserializer.filterNullFromFaces(BlockElement.java:145) ~[client-1.21.1-20240808.144430-srg.jar%23215!/:?]
	at TRANSFORMER/minecraft@1.21.1/net.minecraft.client.renderer.block.model.BlockElement$Deserializer.getFaces(BlockElement.java:132) ~[client-1.21.1-20240808.144430-srg.jar%23215!/:?]
	at TRANSFORMER/minecraft@1.21.1/net.minecraft.client.renderer.block.model.BlockElement$Deserializer.deserialize(BlockElement.java:85) ~[client-1.21.1-20240808.144430-srg.jar%23215!/:?]
	at TRANSFORMER/minecraft@1.21.1/net.minecraft.client.renderer.block.model.BlockElement$Deserializer.deserialize(BlockElement.java:76) ~[client-1.21.1-20240808.144430-srg.jar%23215!/:?]
	at MC-BOOTSTRAP/com.google.gson@2.10.1/com.google.gson.internal.bind.TreeTypeAdapter.read(TreeTypeAdapter.java:76) ~[gson-2.10.1.jar%23191!/:?]
	at MC-BOOTSTRAP/com.google.gson@2.10.1/com.google.gson.Gson.fromJson(Gson.java:1227) ~[gson-2.10.1.jar%23191!/:?]
	at MC-BOOTSTRAP/com.google.gson@2.10.1/com.google.gson.Gson.fromJson(Gson.java:1329) ~[gson-2.10.1.jar%23191!/:?]
	at MC-BOOTSTRAP/com.google.gson@2.10.1/com.google.gson.Gson.fromJson(Gson.java:1300) ~[gson-2.10.1.jar%23191!/:?]
	at MC-BOOTSTRAP/com.google.gson@2.10.1/com.google.gson.internal.bind.TreeTypeAdapter$GsonContextImpl.deserialize(TreeTypeAdapter.java:179) ~[gson-2.10.1.jar%23191!/:?]
	at TRANSFORMER/minecraft@1.21.1/net.minecraft.client.renderer.block.model.BlockModel$Deserializer.getElements(BlockModel.java:409) ~[client-1.21.1-20240808.144430-srg.jar%23215!/:?]
	at TRANSFORMER/minecraft@1.21.1/net.minecraft.client.renderer.block.model.BlockModel$Deserializer.deserialize(BlockModel.java:338) ~[client-1.21.1-20240808.144430-srg.jar%23215!/:?]
	at TRANSFORMER/neoforge@21.1.235/net.neoforged.neoforge.client.model.ExtendedBlockModelDeserializer.deserialize(ExtendedBlockModelDeserializer.java:51) ~[neoforge-21.1.235-universal.jar%23216!/:?]
	at TRANSFORMER/neoforge@21.1.235/net.neoforged.neoforge.client.model.ExtendedBlockModelDeserializer.deserialize(ExtendedBlockModelDeserializer.java:37) ~[neoforge-21.1.235-universal.jar%23216!/:?]
	at MC-BOOTSTRAP/com.google.gson@2.10.1/com.google.gson.internal.bind.TreeTypeAdapter.read(TreeTypeAdapter.java:76) ~[gson-2.10.1.jar%23191!/:?]
	at TRANSFORMER/minecraft@1.21.1/net.minecraft.util.GsonHelper.fromNullableJson(GsonHelper.java:525) ~[client-1.21.1-20240808.144430-srg.jar%23215!/:?]
	at TRANSFORMER/minecraft@1.21.1/net.minecraft.util.GsonHelper.fromJson(GsonHelper.java:532) ~[client-1.21.1-20240808.144430-srg.jar%23215!/:?]
	at TRANSFORMER/minecraft@1.21.1/net.minecraft.util.GsonHelper.fromJson(GsonHelper.java:582) ~[client-1.21.1-20240808.144430-srg.jar%23215!/:?]
	at TRANSFORMER/minecraft@1.21.1/net.minecraft.client.renderer.block.model.BlockModel.fromStream(BlockModel.java:83) ~[client-1.21.1-20240808.144430-srg.jar%23215!/:?]
	at TRANSFORMER/minecraft@1.21.1/net.minecraft.client.resources.model.ModelManager.lambda$loadBlockModels$8(ModelManager.java:144) ~[client-1.21.1-20240808.144430-srg.jar%23215!/:?]
	at java.base/java.util.concurrent.CompletableFuture$AsyncSupply.run(Unknown Source) [?:?]
	at java.base/java.util.concurrent.CompletableFuture$AsyncSupply.exec(Unknown Source) [?:?]
	at java.base/java.util.concurrent.ForkJoinTask.doExec(Unknown Source) [?:?]
	at java.base/java.util.concurrent.ForkJoinPool$WorkQueue.topLevelExec(Unknown Source) [?:?]
	at java.base/java.util.concurrent.ForkJoinPool.scan(Unknown Source) [?:?]
	at java.base/java.util.concurrent.ForkJoinPool.runWorker(Unknown Source) [?:?]
	at java.base/java.util.concurrent.ForkJoinWorkerThread.run(Unknown Source) [?:?]
[11Aug2026 11:25:25.428] [Worker-Main-15/INFO] [top.leonx.irisveil.IrisVeilCompat/]: HELLO FROM CLIENT SETUP
[11Aug2026 11:25:25.428] [Worker-Main-15/INFO] [top.leonx.irisveil.IrisVeilCompat/]: MINECRAFT NAME >> Eutio
[11Aug2026 11:25:25.438] [Worker-Main-15/INFO] [xaero.minimap.XaeroMinimap/]: Loading Xaero's Minimap - Stage 1/2
[11Aug2026 11:25:25.441] [Worker-Main-7/INFO] [me.yurtema.searchlights.Searchlights/]: HELLO FROM CLIENT SETUP
[11Aug2026 11:25:25.442] [Worker-Main-7/INFO] [me.yurtema.searchlights.Searchlights/]: MINECRAFT NAME >> Eutio
[11Aug2026 11:25:25.450] [Worker-Main-13/INFO] [DistantHorizons-DistantHorizons-com.seibel.distanthorizons.common.AbstractModInitializer_neoforge/]: Initializing Distant Horizons client, firing DhApiBeforeDhInitEvent...
[11Aug2026 11:25:25.500] [Worker-Main-13/INFO] [DistantHorizons-DistantHorizons-com.seibel.distanthorizons.core.Initializer/]: Running library validation...
[11Aug2026 11:25:25.613] [NeoForge Version Check/INFO] [net.neoforged.fml.VersionChecker/]: [create] Found status: OUTDATED Current: 6.0.10 Target: 6.0.10+mc1.21.1
[11Aug2026 11:25:25.639] [Worker-Main-13/INFO] [DistantHorizons-DistantHorizons-com.seibel.distanthorizons.common.AbstractModInitializer_neoforge/]: Distant Horizons, Version: 3.2.0-b
[11Aug2026 11:25:25.639] [Worker-Main-9/WARN] [net.minecraft.client.renderer.texture.SpriteLoader/]: Texture simulatedcoasters:block/chain_lift/chain with size 8x10 limits mip level from 4 to 1
[11Aug2026 11:25:25.646] [Worker-Main-13/INFO] [DistantHorizons-DistantHorizons-com.seibel.distanthorizons.common.AbstractModInitializer_neoforge/]: Skipping mod compatibility accessor for: [optifine]
[11Aug2026 11:25:25.646] [Worker-Main-13/INFO] [DistantHorizons-DistantHorizons-com.seibel.distanthorizons.common.AbstractModInitializer_neoforge/]: Skipping mod compatibility accessor for: [c2me]
[11Aug2026 11:25:25.647] [Worker-Main-13/INFO] [DistantHorizons-DistantHorizons-com.seibel.distanthorizons.common.AbstractModInitializer_neoforge/]: Skipping mod compatibility accessor for: [immersive_portals]
[11Aug2026 11:25:25.647] [Worker-Main-13/INFO] [DistantHorizons-DistantHorizons-com.seibel.distanthorizons.core.dependencyInjection.ModAccessorInjector/]: Registered mod compatibility accessor for: [iris].
[11Aug2026 11:25:25.666] [Worker-Main-13/INFO] [DistantHorizons-DistantHorizons-com.seibel.distanthorizons.core.config.ConfigHandler/]: Initialising config for [DistantHorizons]
[11Aug2026 11:25:25.721] [Worker-Main-13/INFO] [DistantHorizons-DistantHorizons-com.seibel.distanthorizons.core.config.ConfigHandler/]: [DistantHorizons] Config initialised
[11Aug2026 11:25:25.728] [Worker-Main-13/INFO] [DistantHorizons-DistantHorizons-com.seibel.distanthorizons.core.config.eventHandlers.IgnoredDimensionCsvHandler/]: Dimension ignoring disabled, DH will render all dimensions.
[11Aug2026 11:25:25.728] [Worker-Main-13/INFO] [com.seibel.distanthorizons.core.logging.DhLogger/]: Applying config to loggers
[11Aug2026 11:25:25.729] [Worker-Main-13/INFO] [DistantHorizons-DistantHorizons-com.seibel.distanthorizons.core.Initializer/]: Garbage collectors: [G1 Young Generation, G1 Concurrent GC, G1 Old Generation]
[11Aug2026 11:25:25.729] [Worker-Main-13/WARN] [DistantHorizons-DistantHorizons-com.seibel.distanthorizons.core.Initializer/]: Distant Horizons: G1 Garbage collector detected.
This can cause FPS stuttering. 
It's recommended to use a concurrent garbage collector 
like ZGC (Java 21+) or Shenandoah (Java 8 through 17) 
for a smoother experience. 
This warning can be disabled in the DH config.
[11Aug2026 11:25:25.733] [Worker-Main-13/INFO] [DistantHorizons-DistantHorizons-com.seibel.distanthorizons.core.Initializer/]: Explicit Garbage Collection: [Enabled]
[11Aug2026 11:25:25.733] [Worker-Main-13/INFO] [DistantHorizons-DistantHorizons-com.seibel.distanthorizons.common.AbstractModInitializer_neoforge/]: Distant Horizons client Initialized.
[11Aug2026 11:25:25.734] [Worker-Main-13/INFO] [DistantHorizons-DistantHorizons-com.seibel.distanthorizons.common.AbstractModInitializer_neoforge/]: Running Delayed setup...
[11Aug2026 11:25:25.734] [Worker-Main-13/INFO] [DistantHorizons-DistantHorizons-com.seibel.distanthorizons.common.AbstractModInitializer_neoforge/]: Delayed setup complete, firing DhApiAfterDhInitEvent event...
[11Aug2026 11:25:25.734] [Worker-Main-13/INFO] [Iris/]: DH Ready, binding Iris event handlers...
[11Aug2026 11:25:25.738] [Worker-Main-13/INFO] [Iris/]: DH Iris events bound.
[11Aug2026 11:25:25.739] [DH-PostClientInit Thread/INFO] [DistantHorizons-DistantHorizons-com.seibel.distanthorizons.common.wrappers.DependencySetup_neoforge/]: Setting DH Rendering API to: [OPEN_GL]...
[11Aug2026 11:25:25.753] [DH-PostClientInit Thread/INFO] [DistantHorizons-DistantHorizons-com.seibel.distanthorizons.common.wrappers.DependencySetup_neoforge/]: DH Rendering successfully bound to: [OpenGL]...
[11Aug2026 11:25:25.761] [Render thread/INFO] [Photonics/]: Photonics ReSTIR GI v70: forcing PHOTONICS_RESTIR_COMBINED_GI on for the geometry-guided spatial-reuse test (configured=true)
[11Aug2026 11:25:25.762] [Render thread/INFO] [Photonics/]: Photonics performance overrides: renderScale=shader-pack, giRenderScale=1.0, temporalUpscaler=false, temporalUpscalerSourceScale=1.0, temporalUpscalerHistoryFrames=shader-pack, restirInitialSamples=shader-pack, restirDenoiserPasses=shader-pack, restirGiDenoiserPasses=shader-pack (shader-pack means no JVM override)
[11Aug2026 11:25:25.783] [Render thread/INFO] [Photonics/]: Photonics shader source: path=/photonics/deprecated/shader_interface.glsl origin=photonics-jar sha256=5dfda62a6095f3b51553fc5ab09f6a103ffc712dc085e945dcf4d77fd79ca35d
[11Aug2026 11:25:25.783] [Render thread/INFO] [Photonics/]: Photonics shader source: path=/photonics/interface/lighting_interface.glsl origin=photonics-jar sha256=9a4d8485bce1dad2f12e2b328cd7e2ac4d590f4e9012b6df7fb0fd9835853e07
[11Aug2026 11:25:25.784] [Render thread/INFO] [Photonics/]: Photonics shader source: path=/photonics/interface/world_interface.glsl origin=photonics-jar sha256=824e3242f9613ce90af16908fe249e1ec8d7cdbc055edd991a9a62ef78a0ca37
[11Aug2026 11:25:25.784] [Render thread/INFO] [Photonics/]: Photonics shader source: path=/photonics/internal/impl/attenuation.glsl origin=photonics-jar sha256=8bde0c29d33d681517727a682d42a9611fae9588b253436da3cc1d6a186d740c
[11Aug2026 11:25:25.784] [Render thread/INFO] [Photonics/]: Photonics shader source: path=/photonics/internal/impl/is_hand.glsl origin=photonics-jar sha256=bbf92ac96d62c64d0aca3cd4f24823fecaa2f83e83548163c48ccda3635362d4
[11Aug2026 11:25:25.784] [Render thread/INFO] [Photonics/]: Photonics shader source: path=/photonics/internal/tracing/common.glsl origin=photonics-jar sha256=76620f1a6ad8a77e04c12e2e7350c1d9bff5b6ee12e8e45232ed76b87eae9b93
[11Aug2026 11:25:25.784] [Render thread/INFO] [Photonics/]: Photonics shader source: path=/photonics/internal/tracing/iterator.glsl origin=photonics-jar sha256=72e9cf28f92ecf4cd798e5a46ec40ae6050b9f8151a99a817dc6a66c9961f762
[11Aug2026 11:25:25.784] [Render thread/INFO] [Photonics/]: Photonics shader source: path=/photonics/internal/tracing/simple.glsl origin=photonics-jar sha256=00fff4fbf021ef1be9e94e1c3ce9b767519d517ec9b8b53ff95553342fcd5f7c
[11Aug2026 11:25:25.784] [Render thread/INFO] [Photonics/]: Photonics shader source: path=/photonics/internal/tracing/types.glsl origin=photonics-jar sha256=bc0b77ef28fa9c10319adeddb1e6d6dac7ac5788a1c356ad6ae3580b614aaba6
[11Aug2026 11:25:25.784] [Render thread/INFO] [Photonics/]: Photonics shader source: path=/photonics/light.glsl origin=photonics-jar sha256=45643f8c5db7777ea0f020e083ad35a4557f81f1e88aa1e3559d897bfd3d516d
[11Aug2026 11:25:25.784] [Render thread/INFO] [Photonics/]: Photonics shader source: path=/photonics/light_list.glsl origin=photonics-jar sha256=68bff9e0579d9ee6049376dbfc2fa10a38648f6ea679f53a1b0008a7aedd965d
[11Aug2026 11:25:25.784] [Render thread/INFO] [Photonics/]: Photonics shader source: path=/photonics/modifiers/attenuation_modifier.glsl origin=photonics-jar sha256=d842468d67ecb27a1778c6f6edd07051aea88f8604391e10481498bb9dbc23b4
[11Aug2026 11:25:25.785] [Render thread/INFO] [Photonics/]: Photonics shader source: path=/photonics/modifiers/handheld_light_pulse_modifier.glsl origin=photonics-jar sha256=2af6c839c63a2f3f6d783338518319cbb0212a7423889e1382b92a5a17b2af32
[11Aug2026 11:25:25.785] [Render thread/INFO] [Photonics/]: Photonics shader source: path=/photonics/modifiers/indirect_environment_modifier.glsl origin=photonics-jar sha256=d540b3d047b4f4fac57a93e3b3c25ea4f4c65d02b4e13fda8e591c724d8379d5
[11Aug2026 11:25:25.785] [Render thread/INFO] [Photonics/]: Photonics shader source: path=/photonics/modifiers/indirect_surface_sample_modifier.glsl origin=photonics-jar sha256=789b7f1e30af62ec9fb805524f6d46ef29166a3645f83b3c6b8e1b0595169831
[11Aug2026 11:25:25.785] [Render thread/INFO] [Photonics/]: Photonics shader source: path=/photonics/modifiers/is_hand_modifier.glsl origin=shader-pack sha256=d43b622fb771dfcb68d6980026dde741e4e47eb7d43847eea2632dcd5c1401dd
[11Aug2026 11:25:25.785] [Render thread/INFO] [Photonics/]: Photonics shader source: path=/photonics/modifiers/light_modifier.glsl origin=shader-pack sha256=3e287296dea097eb9baf73693316dde656eaeedead165120ed6c334e5cc4597f
[11Aug2026 11:25:25.785] [Render thread/INFO] [Photonics/]: Photonics shader source: path=/photonics/modifiers/restir_denoiser_depth_fetch_modifier.glsl origin=photonics-jar sha256=ced59a4690918514cbe2a90ee4d67782487c5c0b397b85d86a174eec4032a5e6
[11Aug2026 11:25:25.785] [Render thread/INFO] [Photonics/]: Photonics shader source: path=/photonics/modifiers/restir_gi_modifier.glsl origin=shader-pack sha256=87a3104b173d03c00f97a84f46e5f3e768ae3496334a812d4b07b791620bf699
[11Aug2026 11:25:25.785] [Render thread/INFO] [Photonics/]: Photonics shader source: path=/photonics/modifiers/voxel_color_modifier.glsl origin=photonics-jar sha256=637762f7d52cc5eb3b56f9ad97852ebe01d7ad2fd0f567649118bf7c107ea641
[11Aug2026 11:25:25.785] [Render thread/INFO] [Photonics/]: Photonics shader source: path=/photonics/palette.glsl origin=photonics-jar sha256=8a08c4fd9b044349da5e37ae631d18cabe5cb448bbfca6853f57b9a954f1f1f9
[11Aug2026 11:25:25.785] [Render thread/INFO] [Photonics/]: Photonics shader source: path=/photonics/ph_samplers.glsl origin=photonics-jar sha256=2c8c0f766adf3db913ee14ba798a9ce7fbcf81277a64f2ae1ab8f750d2caac35
[11Aug2026 11:25:25.785] [Render thread/INFO] [Photonics/]: Photonics shader source: path=/photonics/photonics.glsl origin=photonics-jar sha256=e3b0c44298fc1c149afbf4c8996fb92427ae41e4649b934ca495991b7852b855
[11Aug2026 11:25:25.785] [Render thread/INFO] [Photonics/]: Photonics shader source: path=/photonics/rendering/basic/samplers.glsl origin=photonics-jar sha256=b4bbf9746a62a1fa9ad01fbdbfaf471aaf4da874ca10727ec38c924ac3990675
[11Aug2026 11:25:25.785] [Render thread/INFO] [Photonics/]: Photonics shader source: path=/photonics/rendering/common.glsl origin=photonics-jar sha256=da5ce930f1552a62bfba73edf78c153c4ffa536cd10ed0b6c21cb39567225586
[11Aug2026 11:25:25.785] [Render thread/INFO] [Photonics/]: Photonics shader source: path=/photonics/rendering/frag/common.glsl origin=photonics-jar sha256=b2b6b769c6994d3ab973ad2bcddd386fdf2d8983a94d96ac989577c016726a2a
[11Aug2026 11:25:25.786] [Render thread/INFO] [Photonics/]: Photonics shader source: path=/photonics/rendering/frag/f0_load_frag.fsh origin=photonics-jar sha256=91ee71964a8139faefd01800e99133b5bdd7159cac89ac2686895ad8ac3d0e9d
[11Aug2026 11:25:25.786] [Render thread/INFO] [Photonics/]: Photonics shader source: path=/photonics/rendering/frag/f0_load_frag_gi.fsh origin=photonics-jar sha256=c4628ddca910c75924b79631cf208cdedad1b73ee817d6c73adb5a03167d74e4
[11Aug2026 11:25:25.786] [Render thread/INFO] [Photonics/]: Photonics shader source: path=/photonics/rendering/frag/f0_load_frag_impl.glsl origin=photonics-jar sha256=2914f4a5b3ca199ed2a4a33bfd972d919b571a43235ae14428d3830a05fcff03
[11Aug2026 11:25:25.786] [Render thread/INFO] [Photonics/]: Photonics shader source: path=/photonics/rendering/frag/frag_data.glsl origin=photonics-jar sha256=b531a3c63c98e8aa42169605930ba2825227ab8fb33b5c9e471cbe3ad7ead921
[11Aug2026 11:25:25.786] [Render thread/INFO] [Photonics/]: Photonics shader source: path=/photonics/rendering/frag/frag_motion.glsl origin=photonics-jar sha256=129d109cca0287e3fe33fca0b0bba1218b6bdf0b73a8248e17d454727e1635a8
[11Aug2026 11:25:25.786] [Render thread/INFO] [Photonics/]: Photonics shader source: path=/photonics/rendering/frag/sable_motion.glsl origin=photonics-jar sha256=214eecc4bb9927b35d1add0525c507796cc52e8da95f60429edfc5c2b2511837
[11Aug2026 11:25:25.786] [Render thread/INFO] [Photonics/]: Photonics shader source: path=/photonics/rendering/frag/world_interface.glsl origin=photonics-jar sha256=cd9fa7ad81b2a6d00baebdde7f260967e9b6e2c28b36e5822fb1fa980cc3b19e
[11Aug2026 11:25:25.786] [Render thread/INFO] [Photonics/]: Photonics shader source: path=/photonics/rendering/handheld_lighting.glsl origin=photonics-jar sha256=7d7b9c3503c53f020250fd03cbf1f7e72c5fcd9d869d5fad1ea59570a8c0df11
[11Aug2026 11:25:25.786] [Render thread/INFO] [Photonics/]: Photonics shader source: path=/photonics/rendering/indirect_lighting.glsl origin=photonics-jar sha256=f857ca80a638dc915c0d754dc85f69c670d6f0d0bc0d2d7e627f31aeafcbd96e
[11Aug2026 11:25:25.787] [Render thread/INFO] [Photonics/]: Photonics shader source: path=/photonics/rendering/off/samplers.glsl origin=photonics-jar sha256=b4bbf9746a62a1fa9ad01fbdbfaf471aaf4da874ca10727ec38c924ac3990675
[11Aug2026 11:25:25.787] [Render thread/INFO] [Photonics/]: Photonics shader source: path=/photonics/rendering/restir/direct/reservoir.glsl origin=photonics-jar sha256=30b0eff0d8df1b854e1230a6435bb133cc206a1a1b2a93f5527b8130edb155d3
[11Aug2026 11:25:25.787] [Render thread/INFO] [Photonics/]: Photonics shader source: path=/photonics/rendering/restir/direct/sample.glsl origin=photonics-jar sha256=eae45dc41a798dcfda462a999e54ae931d2061866decfce5dd0558a2e31c576b
[11Aug2026 11:25:25.787] [Render thread/INFO] [Photonics/]: Photonics shader source: path=/photonics/rendering/restir/indirect/reservoir.glsl origin=photonics-jar sha256=801689a4fad030ccbd33bea41d7c5f0ff6175f89ea51af5e6fa0485901fd217e
[11Aug2026 11:25:25.787] [Render thread/INFO] [Photonics/]: Photonics shader source: path=/photonics/rendering/restir/indirect/sample.glsl origin=photonics-jar sha256=dab16fc0478ada44bf71e70b3a38c2268d2f089bdc6b06717013c392eacaf211
[11Aug2026 11:25:25.788] [Render thread/INFO] [Photonics/]: Photonics shader source: path=/photonics/rendering/restir/pass_mode.glsl origin=photonics-jar sha256=0bf5825204a620ae77d33fa4169eaa8fa3e061875e6d030859065e4249b4d2b1
[11Aug2026 11:25:25.788] [Render thread/INFO] [Photonics/]: Photonics shader source: path=/photonics/rendering/restir/passes/r10_handheld.fsh origin=photonics-jar sha256=5a76ead421d3b886a2fe7ba8a8f2bf2f1831fb8a76a094ce0ec5764b8f08a681
[11Aug2026 11:25:25.788] [Render thread/INFO] [Photonics/]: Photonics shader source: path=/photonics/rendering/restir/passes/r10_local_direct.fsh origin=photonics-jar sha256=6eb04dadf51ab161d0648a328618f205f39cff2c7dd5f871103ccc933027bbe8
[11Aug2026 11:25:25.788] [Render thread/INFO] [Photonics/]: Photonics shader source: path=/photonics/rendering/restir/passes/r10_source_history_diagnostic.fsh origin=photonics-jar sha256=663341f7cc1491e061b30bf18c463d7a699559e00029a9216283c0fdae0a6d91
[11Aug2026 11:25:25.788] [Render thread/INFO] [Photonics/]: Photonics shader source: path=/photonics/rendering/restir/passes/r1_initial_direct.fsh origin=photonics-jar sha256=dd82fa9d0f5b54fc2bac969100d75ac4206ae67826ebf92fce7930992e90c8ad
[11Aug2026 11:25:25.788] [Render thread/INFO] [Photonics/]: Photonics shader source: path=/photonics/rendering/restir/passes/r2_validate_initial_direct.fsh origin=photonics-jar sha256=38c7af27bc60c78aea3ba2d8b2508a5c3355861b3872483ae454b7a3578dac20
[11Aug2026 11:25:25.788] [Render thread/INFO] [Photonics/]: Photonics shader source: path=/photonics/rendering/restir/passes/r3_initial_indirect.fsh origin=photonics-jar sha256=438d19ad024fa3bea80fd4235772c8c7ed0726a7686c3566f72cfe67e911dcb8
[11Aug2026 11:25:25.788] [Render thread/INFO] [Photonics/]: Photonics shader source: path=/photonics/rendering/restir/passes/r4_temporal_reuse.fsh origin=photonics-jar sha256=2a62eeb8d34f65725d3243535a657a7f31c486ee54482f2fef20a39d0a55fbea
[11Aug2026 11:25:25.788] [Render thread/INFO] [Photonics/]: Photonics shader source: path=/photonics/rendering/restir/passes/r4_temporal_reuse_gi.fsh origin=photonics-jar sha256=e87b9286bd28c1a1be2cab077f180cf5268ba2a0c04e24fd6bbcae3096845e80
[11Aug2026 11:25:25.788] [Render thread/INFO] [Photonics/]: Photonics shader source: path=/photonics/rendering/restir/passes/r4_temporal_reuse_impl.glsl origin=photonics-jar sha256=0ca2c29bcb6e604b86406dc748d5a8d7eb7b6e2369783395fb15c5f5adcc1579
[11Aug2026 11:25:25.788] [Render thread/INFO] [Photonics/]: Photonics shader source: path=/photonics/rendering/restir/passes/r5_copy_spatial_input.fsh origin=photonics-jar sha256=c7bef63c7e880f21ff67ad8387bfd4dc45d614e2b70ea1eeb968a7a11a6a8410
[11Aug2026 11:25:25.788] [Render thread/INFO] [Photonics/]: Photonics shader source: path=/photonics/rendering/restir/passes/r5_copy_spatial_input_gi.fsh origin=photonics-jar sha256=8104121d4703dbd3904e6ebd3d1aca72546fc8640b7e02665756c166e6fdea9a
[11Aug2026 11:25:25.788] [Render thread/INFO] [Photonics/]: Photonics shader source: path=/photonics/rendering/restir/passes/r5_copy_spatial_input_impl.glsl origin=photonics-jar sha256=b473deb2db0f736dc32c0ca166fc6ebdba8c1de821e5013601058f6ceb1ee9a5
[11Aug2026 11:25:25.788] [Render thread/INFO] [Photonics/]: Photonics shader source: path=/photonics/rendering/restir/passes/r5_spatial_reuse.fsh origin=photonics-jar sha256=3afbaf39567bdef33cde54defaff37e4521414613c181d3e707360b1922c8ee7
[11Aug2026 11:25:25.788] [Render thread/INFO] [Photonics/]: Photonics shader source: path=/photonics/rendering/restir/passes/r5_spatial_reuse_gi.fsh origin=photonics-jar sha256=fdf62149d097da640748e5c3bf70cc0df0546cd778503d13ff404fcb458d8529
[11Aug2026 11:25:25.789] [Render thread/INFO] [Photonics/]: Photonics shader source: path=/photonics/rendering/restir/passes/r5_spatial_reuse_impl.glsl origin=photonics-jar sha256=a10a366ca2dc4f30672871c4921058bfdd74bd25430ae66553c8d0855f4117b9
[11Aug2026 11:25:25.789] [Render thread/INFO] [Photonics/]: Photonics shader source: path=/photonics/rendering/restir/passes/r6_diffuse.fsh origin=photonics-jar sha256=d4836ef683048e627de02c30d0cf1f53dca2660fcda48aac023bff09db70ac03
[11Aug2026 11:25:25.789] [Render thread/INFO] [Photonics/]: Photonics shader source: path=/photonics/rendering/restir/passes/r6_diffuse_gi.fsh origin=photonics-jar sha256=7f2aa272a4c819112f4afa232fd093950362a88079cf094716124afed298a1f0
[11Aug2026 11:25:25.789] [Render thread/INFO] [Photonics/]: Photonics shader source: path=/photonics/rendering/restir/passes/r6_diffuse_impl.glsl origin=photonics-jar sha256=8f4ddac8efd9fe867ad0ff9ff5bbc4dcd8a36e144560c4d39556422136595878
[11Aug2026 11:25:25.789] [Render thread/INFO] [Photonics/]: Photonics shader source: path=/photonics/rendering/restir/passes/r6_validate_indirect.fsh origin=photonics-jar sha256=926bec667c02867283b13b1d308cab73f7200233573abec27a30e81bd6e0441c
[11Aug2026 11:25:25.789] [Render thread/INFO] [Photonics/]: Photonics shader source: path=/photonics/rendering/restir/passes/r7_accumulation.fsh origin=photonics-jar sha256=f67e0c4be3d0113c07818e8dac990f7d6682467627fede4b4ed4369960f0f69b
[11Aug2026 11:25:25.789] [Render thread/INFO] [Photonics/]: Photonics shader source: path=/photonics/rendering/restir/passes/r7_accumulation_gi.fsh origin=photonics-jar sha256=0cc2f264ba1e91fb378670842f4481a474e3331c984ee36e171fd5077aaa12dc
[11Aug2026 11:25:25.789] [Render thread/INFO] [Photonics/]: Photonics shader source: path=/photonics/rendering/restir/passes/r7_accumulation_impl.glsl origin=photonics-jar sha256=2c909b994676b0d766ce3b48f68f05fa98d8cc0b75eef20ed825b8a51b9030f3
[11Aug2026 11:25:25.789] [Render thread/INFO] [Photonics/]: Photonics shader source: path=/photonics/rendering/restir/passes/r8_variance_prefilter.fsh origin=photonics-jar sha256=f3b5088fad73b3289c9c4cc0455ce4a37821d92397571e4e32a01244520b5eb4
[11Aug2026 11:25:25.789] [Render thread/INFO] [Photonics/]: Photonics shader source: path=/photonics/rendering/restir/passes/r8_variance_prefilter_gi.fsh origin=photonics-jar sha256=94cb9c94647286e425b901aa41bd5d5d90dccda97336fff3d80122d492832e10
[11Aug2026 11:25:25.789] [Render thread/INFO] [Photonics/]: Photonics shader source: path=/photonics/rendering/restir/passes/r8_variance_prefilter_impl.glsl origin=photonics-jar sha256=4a04e1ce596da68fa5656e26099de6881e4871aa90f16e59654ef25a3c46b941
[11Aug2026 11:25:25.789] [Render thread/INFO] [Photonics/]: Photonics shader source: path=/photonics/rendering/restir/passes/r9_denoising.fsh origin=photonics-jar sha256=5b7dad4cd0fb06eea60102c8cc536d7b26138fd1bd27c94bff03ec3453885512
[11Aug2026 11:25:25.789] [Render thread/INFO] [Photonics/]: Photonics shader source: path=/photonics/rendering/restir/passes/r9_denoising_gi.fsh origin=photonics-jar sha256=544bde21964b72bf620afab175cdcc28ea3610550821c23737afd4b150f1ea7f
[11Aug2026 11:25:25.790] [Render thread/INFO] [Photonics/]: Photonics shader source: path=/photonics/rendering/restir/passes/r9_denoising_impl.glsl origin=photonics-jar sha256=a72043018da9c66d788623fe17615c55018c6a5c5dc26124613e16ea2f4890e1
[11Aug2026 11:25:25.791] [Render thread/INFO] [Photonics/]: Photonics shader source: path=/photonics/rendering/restir/restir.glsl origin=photonics-jar sha256=7f2b4469b69d6f4a68bb2b7aae879d90cb7030be83f514bd46a72f4754c4cf88
[11Aug2026 11:25:25.792] [Render thread/INFO] [Photonics/]: Photonics shader source: path=/photonics/rendering/restir/samplers.glsl origin=photonics-jar sha256=d485e8c052e548ac5aac3ccd43fada4892faf98845650d9324d1fa6b9690aad4
[11Aug2026 11:25:25.792] [Render thread/INFO] [Photonics/]: Photonics shader source: path=/photonics/rendering/restir/svgf.glsl origin=photonics-jar sha256=e7d4ec9cc60c758f600f874beea6dd496b7f4af47f011f62ec9cefa60c04a95a
[11Aug2026 11:25:25.792] [Render thread/INFO] [Photonics/]: Photonics shader source: path=/photonics/rendering/screen.vsh origin=photonics-jar sha256=78a87c7284546194336a3d0b8aa30f36385d52165dbe7c30f083bc572ba65b55
[11Aug2026 11:25:25.792] [Render thread/INFO] [Photonics/]: Photonics shader source: path=/photonics/rendering/temporal_upscaler/reconstruct.fsh origin=photonics-jar sha256=300d73f833d4759f48e8f1b791172a116149d3e826babd43afb4cb366b6a62ca
[11Aug2026 11:25:25.793] [Render thread/INFO] [Photonics/]: Photonics shader source: path=/photonics/rendering/temporal_upscaler/source.fsh origin=photonics-jar sha256=9abe45d83ce43a3e04e7b09fbe5bd60a4263904a6ed88afbb89632ba6cb23a62
[11Aug2026 11:25:25.793] [Render thread/INFO] [Photonics/]: Photonics shader source: path=/photonics/samplers.glsl origin=photonics-jar sha256=decded47d4ccd99779d96399df3c37f0209e6911576642ff3c6528bd2f9e4ccd
[11Aug2026 11:25:25.793] [Render thread/INFO] [Photonics/]: Photonics shader source: path=/photonics/shader_interface.glsl origin=shader-pack sha256=58fc0a1dafa8d21379effac55bbe6a2c8a21cca6d3c7fc947ea5aff3c9b19f1f
[11Aug2026 11:25:25.797] [Render thread/INFO] [Photonics/]: Photonics shader source: path=/photonics/tracing.glsl origin=photonics-jar sha256=cc7c79c35df4e28240732b99ad9970ffd1a2412e7fe5a0b22b8454283314aec0
[11Aug2026 11:25:25.797] [Render thread/INFO] [Photonics/]: Photonics shader source: path=/photonics/uniforms.glsl origin=photonics-jar sha256=c71032786d6ec57be940a7795dc074bfed83c29b52135ada50e086e53c32aeac
[11Aug2026 11:25:25.797] [Render thread/INFO] [Photonics/]: Photonics shader source: path=/photonics/utility/color.glsl origin=photonics-jar sha256=fb0a76ebeb7d8dc8599b2ccd56108210077ea821a3a16cf6486318a87c6c389d
[11Aug2026 11:25:25.797] [Render thread/INFO] [Photonics/]: Photonics shader source: path=/photonics/utility/normal_encoding.glsl origin=photonics-jar sha256=025419de62a1513a0eb196416c6200f5fd1f9535c92d08ff11fbeac53c362775
[11Aug2026 11:25:25.797] [Render thread/INFO] [Photonics/]: Photonics shader source: path=/photonics/utility/projection.glsl origin=photonics-jar sha256=99b46f0f8a8602987cb3265806e7c47b74e044c92ee80724f3a3f2d7af5d8d1d
[11Aug2026 11:25:25.797] [Render thread/INFO] [Photonics/]: Photonics shader source: path=/photonics/utility/random.glsl origin=photonics-jar sha256=e75a328d72ec1055938195070ff95a6d91abc206c03a57202be52ef757ebb495
[11Aug2026 11:25:25.804] [Render thread/INFO] [Photonics/]: Photon compatibility v119 applied to /include/lighting/diffuse_lighting.glsl: sourceSha256=dec317d851dfa22d3d44275efd0817fbae25291f78ef412295df8f380fd75eed, patchedSha256=8034cf96146ef4c2ebb1a4a3c22dd0677d5623752d61d2ddb9597994610a1c1e, disableDhCaveFallback=true; native Photonics receivers use traced GI and DH cave fallback defaults to enabled
[11Aug2026 11:25:25.810] [Render thread/INFO] [Photonics/]: Photon shadow diagnostic v119 disabled Photon TAA history for /program/c4_taa_exposure.fsh: sourceSha256=549a1057782288908644c400ac3e3c4d22737fd2685f2d5ac9f62d6214b1f188, patchedSha256=a9c1ddaa4d7a2907144eac3bc1cfbe3d040646860024b559beb19b14834e8078
[11Aug2026 11:25:25.813] [Render thread/INFO] [Photonics/]: Photon shadow diagnostic v119 skipped for /program/d4_deferred_shading.fsh: unsupported sha256=6670bd95f36f09ebabecf59a0b63bd3373ccdab13e4b9a71dbc1daca8c1e16e0
[11Aug2026 11:25:25.903] [Worker-Main-2/WARN] [net.minecraft.client.resources.model.BlockStateModelLoader/]: Exception loading blockstate definition: 'simulatedcoasters:blockstates/coaster_track_material.json' missing model for variant: 'simulatedcoasters:coaster_track_material#shape=an,turn=false,waterlogged=false'
[11Aug2026 11:25:25.903] [Worker-Main-2/WARN] [net.minecraft.client.resources.model.BlockStateModelLoader/]: Exception loading blockstate definition: 'simulatedcoasters:blockstates/coaster_track_material.json' missing model for variant: 'simulatedcoasters:coaster_track_material#shape=cr_d,turn=false,waterlogged=false'
[11Aug2026 11:25:25.903] [Worker-Main-2/WARN] [net.minecraft.client.resources.model.BlockStateModelLoader/]: Exception loading blockstate definition: 'simulatedcoasters:blockstates/coaster_track_material.json' missing model for variant: 'simulatedcoasters:coaster_track_material#shape=zo,turn=true,waterlogged=false'
[11Aug2026 11:25:25.903] [Worker-Main-2/WARN] [net.minecraft.client.resources.model.BlockStateModelLoader/]: Exception loading blockstate definition: 'simulatedcoasters:blockstates/coaster_track_material.json' missing model for variant: 'simulatedcoasters:coaster_track_material#shape=ae,turn=false,waterlogged=false'
[11Aug2026 11:25:25.904] [Worker-Main-2/WARN] [net.minecraft.client.resources.model.BlockStateModelLoader/]: Exception loading blockstate definition: 'simulatedcoasters:blockstates/coaster_track_material.json' missing model for variant: 'simulatedcoasters:coaster_track_material#shape=tw,turn=true,waterlogged=true'
[11Aug2026 11:25:25.904] [Worker-Main-2/WARN] [net.minecraft.client.resources.model.BlockStateModelLoader/]: Exception loading blockstate definition: 'simulatedcoasters:blockstates/coaster_track_material.json' missing model for variant: 'simulatedcoasters:coaster_track_material#shape=tn,turn=true,waterlogged=true'
[11Aug2026 11:25:25.904] [Worker-Main-2/WARN] [net.minecraft.client.resources.model.BlockStateModelLoader/]: Exception loading blockstate definition: 'simulatedcoasters:blockstates/coaster_track_material.json' missing model for variant: 'simulatedcoasters:coaster_track_material#shape=te,turn=true,waterlogged=true'
[11Aug2026 11:25:25.904] [Worker-Main-2/WARN] [net.minecraft.client.resources.model.BlockStateModelLoader/]: Exception loading blockstate definition: 'simulatedcoasters:blockstates/coaster_track_material.json' missing model for variant: 'simulatedcoasters:coaster_track_material#shape=nd,turn=false,waterlogged=false'
[11Aug2026 11:25:25.904] [Worker-Main-2/WARN] [net.minecraft.client.resources.model.BlockStateModelLoader/]: Exception loading blockstate definition: 'simulatedcoasters:blockstates/coaster_track_material.json' missing model for variant: 'simulatedcoasters:coaster_track_material#shape=aw,turn=false,waterlogged=false'
[11Aug2026 11:25:25.904] [Worker-Main-2/WARN] [net.minecraft.client.resources.model.BlockStateModelLoader/]: Exception loading blockstate definition: 'simulatedcoasters:blockstates/coaster_track_material.json' missing model for variant: 'simulatedcoasters:coaster_track_material#shape=te,turn=false,waterlogged=false'
[11Aug2026 11:25:25.904] [Worker-Main-2/WARN] [net.minecraft.client.resources.model.BlockStateModelLoader/]: Exception loading blockstate definition: 'simulatedcoasters:blockstates/coaster_track_material.json' missing model for variant: 'simulatedcoasters:coaster_track_material#shape=ae,turn=true,waterlogged=false'
[11Aug2026 11:25:25.904] [Worker-Main-2/WARN] [net.minecraft.client.resources.model.BlockStateModelLoader/]: Exception loading blockstate definition: 'simulatedcoasters:blockstates/coaster_track_material.json' missing model for variant: 'simulatedcoasters:coaster_track_material#shape=none,turn=true,waterlogged=false'
[11Aug2026 11:25:25.904] [Worker-Main-2/WARN] [net.minecraft.client.resources.model.BlockStateModelLoader/]: Exception loading blockstate definition: 'simulatedcoasters:blockstates/coaster_track_material.json' missing model for variant: 'simulatedcoasters:coaster_track_material#shape=cr_o,turn=false,waterlogged=false'
[11Aug2026 11:25:25.904] [Worker-Main-2/WARN] [net.minecraft.client.resources.model.BlockStateModelLoader/]: Exception loading blockstate definition: 'simulatedcoasters:blockstates/coaster_track_material.json' missing model for variant: 'simulatedcoasters:coaster_track_material#shape=cr_d,turn=true,waterlogged=false'
[11Aug2026 11:25:25.904] [Worker-Main-2/WARN] [net.minecraft.client.resources.model.BlockStateModelLoader/]: Exception loading blockstate definition: 'simulatedcoasters:blockstates/coaster_track_material.json' missing model for variant: 'simulatedcoasters:coaster_track_material#shape=cr_pdz,turn=true,waterlogged=true'
[11Aug2026 11:25:25.904] [Worker-Main-2/WARN] [net.minecraft.client.resources.model.BlockStateModelLoader/]: Exception loading blockstate definition: 'simulatedcoasters:blockstates/coaster_track_material.json' missing model for variant: 'simulatedcoasters:coaster_track_material#shape=tw,turn=false,waterlogged=false'
[11Aug2026 11:25:25.904] [Worker-Main-2/WARN] [net.minecraft.client.resources.model.BlockStateModelLoader/]: Exception loading blockstate definition: 'simulatedcoasters:blockstates/coaster_track_material.json' missing model for variant: 'simulatedcoasters:coaster_track_material#shape=cr_o,turn=false,waterlogged=true'
[11Aug2026 11:25:25.904] [Worker-Main-2/WARN] [net.minecraft.client.resources.model.BlockStateModelLoader/]: Exception loading blockstate definition: 'simulatedcoasters:blockstates/coaster_track_material.json' missing model for variant: 'simulatedcoasters:coaster_track_material#shape=cr_ndx,turn=true,waterlogged=true'
[11Aug2026 11:25:25.904] [Worker-Main-2/WARN] [net.minecraft.client.resources.model.BlockStateModelLoader/]: Exception loading blockstate definition: 'simulatedcoasters:blockstates/coaster_track_material.json' missing model for variant: 'simulatedcoasters:coaster_track_material#shape=cr_pdz,turn=false,waterlogged=false'
[11Aug2026 11:25:25.904] [Worker-Main-2/WARN] [net.minecraft.client.resources.model.BlockStateModelLoader/]: Exception loading blockstate definition: 'simulatedcoasters:blockstates/coaster_track_material.json' missing model for variant: 'simulatedcoasters:coaster_track_material#shape=aw,turn=true,waterlogged=false'
[11Aug2026 11:25:25.904] [Worker-Main-2/WARN] [net.minecraft.client.resources.model.BlockStateModelLoader/]: Exception loading blockstate definition: 'simulatedcoasters:blockstates/coaster_track_material.json' missing model for variant: 'simulatedcoasters:coaster_track_material#shape=an,turn=true,waterlogged=true'
[11Aug2026 11:25:25.904] [Worker-Main-2/WARN] [net.minecraft.client.resources.model.BlockStateModelLoader/]: Exception loading blockstate definition: 'simulatedcoasters:blockstates/coaster_track_material.json' missing model for variant: 'simulatedcoasters:coaster_track_material#shape=cr_d,turn=true,waterlogged=true'
[11Aug2026 11:25:25.904] [Worker-Main-2/WARN] [net.minecraft.client.resources.model.BlockStateModelLoader/]: Exception loading blockstate definition: 'simulatedcoasters:blockstates/coaster_track_material.json' missing model for variant: 'simulatedcoasters:coaster_track_material#shape=as,turn=true,waterlogged=false'
[11Aug2026 11:25:25.904] [Worker-Main-2/WARN] [net.minecraft.client.resources.model.BlockStateModelLoader/]: Exception loading blockstate definition: 'simulatedcoasters:blockstates/coaster_track_material.json' missing model for variant: 'simulatedcoasters:coaster_track_material#shape=aw,turn=false,waterlogged=true'
[11Aug2026 11:25:25.904] [Worker-Main-2/WARN] [net.minecraft.client.resources.model.BlockStateModelLoader/]: Exception loading blockstate definition: 'simulatedcoasters:blockstates/coaster_track_material.json' missing model for variant: 'simulatedcoasters:coaster_track_material#shape=tw,turn=true,waterlogged=false'
[11Aug2026 11:25:25.904] [Worker-Main-2/WARN] [net.minecraft.client.resources.model.BlockStateModelLoader/]: Exception loading blockstate definition: 'simulatedcoasters:blockstates/coaster_track_material.json' missing model for variant: 'simulatedcoasters:coaster_track_material#shape=as,turn=true,waterlogged=true'
[11Aug2026 11:25:25.904] [Worker-Main-2/WARN] [net.minecraft.client.resources.model.BlockStateModelLoader/]: Exception loading blockstate definition: 'simulatedcoasters:blockstates/coaster_track_material.json' missing model for variant: 'simulatedcoasters:coaster_track_material#shape=cr_ndz,turn=false,waterlogged=true'
[11Aug2026 11:25:25.904] [Worker-Main-2/WARN] [net.minecraft.client.resources.model.BlockStateModelLoader/]: Exception loading blockstate definition: 'simulatedcoasters:blockstates/coaster_track_material.json' missing model for variant: 'simulatedcoasters:coaster_track_material#shape=xo,turn=true,waterlogged=true'
[11Aug2026 11:25:25.904] [Worker-Main-2/WARN] [net.minecraft.client.resources.model.BlockStateModelLoader/]: Exception loading blockstate definition: 'simulatedcoasters:blockstates/coaster_track_material.json' missing model for variant: 'simulatedcoasters:coaster_track_material#shape=ts,turn=false,waterlogged=true'
[11Aug2026 11:25:25.904] [Worker-Main-2/WARN] [net.minecraft.client.resources.model.BlockStateModelLoader/]: Exception loading blockstate definition: 'simulatedcoasters:blockstates/coaster_track_material.json' missing model for variant: 'simulatedcoasters:coaster_track_material#shape=none,turn=false,waterlogged=false'
[11Aug2026 11:25:25.904] [Worker-Main-2/WARN] [net.minecraft.client.resources.model.BlockStateModelLoader/]: Exception loading blockstate definition: 'simulatedcoasters:blockstates/coaster_track_material.json' missing model for variant: 'simulatedcoasters:coaster_track_material#shape=cr_pdx,turn=true,waterlogged=false'
[11Aug2026 11:25:25.904] [Worker-Main-2/WARN] [net.minecraft.client.resources.model.BlockStateModelLoader/]: Exception loading blockstate definition: 'simulatedcoasters:blockstates/coaster_track_material.json' missing model for variant: 'simulatedcoasters:coaster_track_material#shape=pd,turn=false,waterlogged=true'
[11Aug2026 11:25:25.904] [Worker-Main-2/WARN] [net.minecraft.client.resources.model.BlockStateModelLoader/]: Exception loading blockstate definition: 'simulatedcoasters:blockstates/coaster_track_material.json' missing model for variant: 'simulatedcoasters:coaster_track_material#shape=none,turn=false,waterlogged=true'
[11Aug2026 11:25:25.904] [Worker-Main-2/WARN] [net.minecraft.client.resources.model.BlockStateModelLoader/]: Exception loading blockstate definition: 'simulatedcoasters:blockstates/coaster_track_material.json' missing model for variant: 'simulatedcoasters:coaster_track_material#shape=an,turn=true,waterlogged=false'
[11Aug2026 11:25:25.904] [Worker-Main-2/WARN] [net.minecraft.client.resources.model.BlockStateModelLoader/]: Exception loading blockstate definition: 'simulatedcoasters:blockstates/coaster_track_material.json' missing model for variant: 'simulatedcoasters:coaster_track_material#shape=cr_o,turn=true,waterlogged=true'
[11Aug2026 11:25:25.904] [Worker-Main-2/WARN] [net.minecraft.client.resources.model.BlockStateModelLoader/]: Exception loading blockstate definition: 'simulatedcoasters:blockstates/coaster_track_material.json' missing model for variant: 'simulatedcoasters:coaster_track_material#shape=cr_ndz,turn=true,waterlogged=true'
[11Aug2026 11:25:25.904] [Worker-Main-2/WARN] [net.minecraft.client.resources.model.BlockStateModelLoader/]: Exception loading blockstate definition: 'simulatedcoasters:blockstates/coaster_track_material.json' missing model for variant: 'simulatedcoasters:coaster_track_material#shape=te,turn=false,waterlogged=true'
[11Aug2026 11:25:25.904] [Worker-Main-2/WARN] [net.minecraft.client.resources.model.BlockStateModelLoader/]: Exception loading blockstate definition: 'simulatedcoasters:blockstates/coaster_track_material.json' missing model for variant: 'simulatedcoasters:coaster_track_material#shape=as,turn=false,waterlogged=false'
[11Aug2026 11:25:25.904] [Worker-Main-2/WARN] [net.minecraft.client.resources.model.BlockStateModelLoader/]: Exception loading blockstate definition: 'simulatedcoasters:blockstates/coaster_track_material.json' missing model for variant: 'simulatedcoasters:coaster_track_material#shape=cr_ndx,turn=false,waterlogged=true'
[11Aug2026 11:25:25.904] [Worker-Main-2/WARN] [net.minecraft.client.resources.model.BlockStateModelLoader/]: Exception loading blockstate definition: 'simulatedcoasters:blockstates/coaster_track_material.json' missing model for variant: 'simulatedcoasters:coaster_track_material#shape=cr_pdz,turn=false,waterlogged=true'
[11Aug2026 11:25:25.904] [Worker-Main-2/WARN] [net.minecraft.client.resources.model.BlockStateModelLoader/]: Exception loading blockstate definition: 'simulatedcoasters:blockstates/coaster_track_material.json' missing model for variant: 'simulatedcoasters:coaster_track_material#shape=zo,turn=true,waterlogged=true'
[11Aug2026 11:25:25.904] [Worker-Main-2/WARN] [net.minecraft.client.resources.model.BlockStateModelLoader/]: Exception loading blockstate definition: 'simulatedcoasters:blockstates/coaster_track_material.json' missing model for variant: 'simulatedcoasters:coaster_track_material#shape=zo,turn=false,waterlogged=true'
[11Aug2026 11:25:25.904] [Worker-Main-2/WARN] [net.minecraft.client.resources.model.BlockStateModelLoader/]: Exception loading blockstate definition: 'simulatedcoasters:blockstates/coaster_track_material.json' missing model for variant: 'simulatedcoasters:coaster_track_material#shape=cr_o,turn=true,waterlogged=false'
[11Aug2026 11:25:25.904] [Worker-Main-2/WARN] [net.minecraft.client.resources.model.BlockStateModelLoader/]: Exception loading blockstate definition: 'simulatedcoasters:blockstates/coaster_track_material.json' missing model for variant: 'simulatedcoasters:coaster_track_material#shape=ae,turn=false,waterlogged=true'
[11Aug2026 11:25:25.904] [Worker-Main-2/WARN] [net.minecraft.client.resources.model.BlockStateModelLoader/]: Exception loading blockstate definition: 'simulatedcoasters:blockstates/coaster_track_material.json' missing model for variant: 'simulatedcoasters:coaster_track_material#shape=pd,turn=true,waterlogged=true'
[11Aug2026 11:25:25.904] [Worker-Main-2/WARN] [net.minecraft.client.resources.model.BlockStateModelLoader/]: Exception loading blockstate definition: 'simulatedcoasters:blockstates/coaster_track_material.json' missing model for variant: 'simulatedcoasters:coaster_track_material#shape=nd,turn=false,waterlogged=true'
[11Aug2026 11:25:25.904] [Worker-Main-2/WARN] [net.minecraft.client.resources.model.BlockStateModelLoader/]: Exception loading blockstate definition: 'simulatedcoasters:blockstates/coaster_track_material.json' missing model for variant: 'simulatedcoasters:coaster_track_material#shape=ts,turn=true,waterlogged=true'
[11Aug2026 11:25:25.904] [Worker-Main-2/WARN] [net.minecraft.client.resources.model.BlockStateModelLoader/]: Exception loading blockstate definition: 'simulatedcoasters:blockstates/coaster_track_material.json' missing model for variant: 'simulatedcoasters:coaster_track_material#shape=cr_ndx,turn=false,waterlogged=false'
[11Aug2026 11:25:25.904] [Worker-Main-2/WARN] [net.minecraft.client.resources.model.BlockStateModelLoader/]: Exception loading blockstate definition: 'simulatedcoasters:blockstates/coaster_track_material.json' missing model for variant: 'simulatedcoasters:coaster_track_material#shape=tn,turn=true,waterlogged=false'
[11Aug2026 11:25:25.904] [Worker-Main-2/WARN] [net.minecraft.client.resources.model.BlockStateModelLoader/]: Exception loading blockstate definition: 'simulatedcoasters:blockstates/coaster_track_material.json' missing model for variant: 'simulatedcoasters:coaster_track_material#shape=cr_d,turn=false,waterlogged=true'
[11Aug2026 11:25:25.904] [Worker-Main-2/WARN] [net.minecraft.client.resources.model.BlockStateModelLoader/]: Exception loading blockstate definition: 'simulatedcoasters:blockstates/coaster_track_material.json' missing model for variant: 'simulatedcoasters:coaster_track_material#shape=cr_ndz,turn=true,waterlogged=false'
[11Aug2026 11:25:25.904] [Worker-Main-2/WARN] [net.minecraft.client.resources.model.BlockStateModelLoader/]: Exception loading blockstate definition: 'simulatedcoasters:blockstates/coaster_track_material.json' missing model for variant: 'simulatedcoasters:coaster_track_material#shape=pd,turn=false,waterlogged=false'
[11Aug2026 11:25:25.904] [Worker-Main-2/WARN] [net.minecraft.client.resources.model.BlockStateModelLoader/]: Exception loading blockstate definition: 'simulatedcoasters:blockstates/coaster_track_material.json' missing model for variant: 'simulatedcoasters:coaster_track_material#shape=xo,turn=true,waterlogged=false'
[11Aug2026 11:25:25.904] [Worker-Main-2/WARN] [net.minecraft.client.resources.model.BlockStateModelLoader/]: Exception loading blockstate definition: 'simulatedcoasters:blockstates/coaster_track_material.json' missing model for variant: 'simulatedcoasters:coaster_track_material#shape=tn,turn=false,waterlogged=true'
[11Aug2026 11:25:25.905] [Worker-Main-2/WARN] [net.minecraft.client.resources.model.BlockStateModelLoader/]: Exception loading blockstate definition: 'simulatedcoasters:blockstates/coaster_track_material.json' missing model for variant: 'simulatedcoasters:coaster_track_material#shape=xo,turn=false,waterlogged=true'
[11Aug2026 11:25:25.905] [Worker-Main-2/WARN] [net.minecraft.client.resources.model.BlockStateModelLoader/]: Exception loading blockstate definition: 'simulatedcoasters:blockstates/coaster_track_material.json' missing model for variant: 'simulatedcoasters:coaster_track_material#shape=aw,turn=true,waterlogged=true'
[11Aug2026 11:25:25.905] [Worker-Main-2/WARN] [net.minecraft.client.resources.model.BlockStateModelLoader/]: Exception loading blockstate definition: 'simulatedcoasters:blockstates/coaster_track_material.json' missing model for variant: 'simulatedcoasters:coaster_track_material#shape=ts,turn=true,waterlogged=false'
[11Aug2026 11:25:25.905] [Worker-Main-2/WARN] [net.minecraft.client.resources.model.BlockStateModelLoader/]: Exception loading blockstate definition: 'simulatedcoasters:blockstates/coaster_track_material.json' missing model for variant: 'simulatedcoasters:coaster_track_material#shape=ae,turn=true,waterlogged=true'
[11Aug2026 11:25:25.905] [Worker-Main-2/WARN] [net.minecraft.client.resources.model.BlockStateModelLoader/]: Exception loading blockstate definition: 'simulatedcoasters:blockstates/coaster_track_material.json' missing model for variant: 'simulatedcoasters:coaster_track_material#shape=cr_pdx,turn=false,waterlogged=true'
[11Aug2026 11:25:25.905] [Worker-Main-2/WARN] [net.minecraft.client.resources.model.BlockStateModelLoader/]: Exception loading blockstate definition: 'simulatedcoasters:blockstates/coaster_track_material.json' missing model for variant: 'simulatedcoasters:coaster_track_material#shape=te,turn=true,waterlogged=false'
[11Aug2026 11:25:25.905] [Worker-Main-2/WARN] [net.minecraft.client.resources.model.BlockStateModelLoader/]: Exception loading blockstate definition: 'simulatedcoasters:blockstates/coaster_track_material.json' missing model for variant: 'simulatedcoasters:coaster_track_material#shape=tw,turn=false,waterlogged=true'
[11Aug2026 11:25:25.905] [Worker-Main-2/WARN] [net.minecraft.client.resources.model.BlockStateModelLoader/]: Exception loading blockstate definition: 'simulatedcoasters:blockstates/coaster_track_material.json' missing model for variant: 'simulatedcoasters:coaster_track_material#shape=xo,turn=false,waterlogged=false'
[11Aug2026 11:25:25.905] [Worker-Main-2/WARN] [net.minecraft.client.resources.model.BlockStateModelLoader/]: Exception loading blockstate definition: 'simulatedcoasters:blockstates/coaster_track_material.json' missing model for variant: 'simulatedcoasters:coaster_track_material#shape=as,turn=false,waterlogged=true'
[11Aug2026 11:25:25.905] [Worker-Main-2/WARN] [net.minecraft.client.resources.model.BlockStateModelLoader/]: Exception loading blockstate definition: 'simulatedcoasters:blockstates/coaster_track_material.json' missing model for variant: 'simulatedcoasters:coaster_track_material#shape=pd,turn=true,waterlogged=false'
[11Aug2026 11:25:25.905] [Worker-Main-2/WARN] [net.minecraft.client.resources.model.BlockStateModelLoader/]: Exception loading blockstate definition: 'simulatedcoasters:blockstates/coaster_track_material.json' missing model for variant: 'simulatedcoasters:coaster_track_material#shape=cr_pdx,turn=true,waterlogged=true'
[11Aug2026 11:25:25.905] [Worker-Main-2/WARN] [net.minecraft.client.resources.model.BlockStateModelLoader/]: Exception loading blockstate definition: 'simulatedcoasters:blockstates/coaster_track_material.json' missing model for variant: 'simulatedcoasters:coaster_track_material#shape=tn,turn=false,waterlogged=false'
[11Aug2026 11:25:25.905] [Worker-Main-2/WARN] [net.minecraft.client.resources.model.BlockStateModelLoader/]: Exception loading blockstate definition: 'simulatedcoasters:blockstates/coaster_track_material.json' missing model for variant: 'simulatedcoasters:coaster_track_material#shape=nd,turn=true,waterlogged=true'
[11Aug2026 11:25:25.905] [Worker-Main-2/WARN] [net.minecraft.client.resources.model.BlockStateModelLoader/]: Exception loading blockstate definition: 'simulatedcoasters:blockstates/coaster_track_material.json' missing model for variant: 'simulatedcoasters:coaster_track_material#shape=nd,turn=true,waterlogged=false'
[11Aug2026 11:25:25.905] [Worker-Main-2/WARN] [net.minecraft.client.resources.model.BlockStateModelLoader/]: Exception loading blockstate definition: 'simulatedcoasters:blockstates/coaster_track_material.json' missing model for variant: 'simulatedcoasters:coaster_track_material#shape=cr_pdz,turn=true,waterlogged=false'
[11Aug2026 11:25:25.905] [Worker-Main-2/WARN] [net.minecraft.client.resources.model.BlockStateModelLoader/]: Exception loading blockstate definition: 'simulatedcoasters:blockstates/coaster_track_material.json' missing model for variant: 'simulatedcoasters:coaster_track_material#shape=ts,turn=false,waterlogged=false'
[11Aug2026 11:25:25.905] [Worker-Main-2/WARN] [net.minecraft.client.resources.model.BlockStateModelLoader/]: Exception loading blockstate definition: 'simulatedcoasters:blockstates/coaster_track_material.json' missing model for variant: 'simulatedcoasters:coaster_track_material#shape=cr_pdx,turn=false,waterlogged=false'
[11Aug2026 11:25:25.905] [Worker-Main-2/WARN] [net.minecraft.client.resources.model.BlockStateModelLoader/]: Exception loading blockstate definition: 'simulatedcoasters:blockstates/coaster_track_material.json' missing model for variant: 'simulatedcoasters:coaster_track_material#shape=an,turn=false,waterlogged=true'
[11Aug2026 11:25:25.905] [Worker-Main-2/WARN] [net.minecraft.client.resources.model.BlockStateModelLoader/]: Exception loading blockstate definition: 'simulatedcoasters:blockstates/coaster_track_material.json' missing model for variant: 'simulatedcoasters:coaster_track_material#shape=none,turn=true,waterlogged=true'
[11Aug2026 11:25:25.905] [Worker-Main-2/WARN] [net.minecraft.client.resources.model.BlockStateModelLoader/]: Exception loading blockstate definition: 'simulatedcoasters:blockstates/coaster_track_material.json' missing model for variant: 'simulatedcoasters:coaster_track_material#shape=cr_ndz,turn=false,waterlogged=false'
[11Aug2026 11:25:25.905] [Worker-Main-2/WARN] [net.minecraft.client.resources.model.BlockStateModelLoader/]: Exception loading blockstate definition: 'simulatedcoasters:blockstates/coaster_track_material.json' missing model for variant: 'simulatedcoasters:coaster_track_material#shape=cr_ndx,turn=true,waterlogged=false'
[11Aug2026 11:25:25.953] [Render thread/WARN] [Iris/]: Invalid pack option: GTAO
[11Aug2026 11:25:25.953] [Render thread/WARN] [Iris/]: Invalid pack option: GTAO
[11Aug2026 11:25:25.956] [Render thread/WARN] [Iris/]: Unable to resolve shader pack option menu element "WATER_REFRACTION" defined in shaders.properties
[11Aug2026 11:25:25.956] [Render thread/WARN] [Iris/]: Unable to resolve shader pack option menu element "WATER_REFRACTION_INTENSITY" defined in shaders.properties
[11Aug2026 11:25:25.956] [Render thread/WARN] [Iris/]: Unable to resolve shader pack option menu element "CLOUDS_DAILY_WEATHER" defined in shaders.properties
[11Aug2026 11:25:25.956] [Render thread/WARN] [Iris/]: Unable to resolve shader pack option menu element "CLOUDS_CUMULUS_CONGESTUS_PRIMARY_STEPS_H" defined in shaders.properties
[11Aug2026 11:25:25.956] [Render thread/WARN] [Iris/]: Unable to resolve shader pack option menu element "CLOUDS_CUMULUS_CONGESTUS_PRIMARY_STEPS_Z" defined in shaders.properties
[11Aug2026 11:25:25.957] [Render thread/INFO] [Iris/]: Profile: ultra (+9 options changed by user)
[11Aug2026 11:25:26.696] [Render thread/WARN] [Iris/]: Failed to parse an ResourceLocation in item.properties for the key item.10056: state properties are currently not supported: calibrated_sculk_sensor:sculk_sensor_phase=inactive
[11Aug2026 11:25:26.696] [Render thread/WARN] [Iris/]: Failed to parse an ResourceLocation in item.properties for the key item.10056: state properties are currently not supported: calibrated_sculk_sensor:sculk_sensor_phase=cooldown
[11Aug2026 11:25:26.696] [Render thread/WARN] [Iris/]: Failed to parse an ResourceLocation in item.properties for the key item.10057: state properties are currently not supported: calibrated_sculk_sensor:sculk_sensor_phase=active
[11Aug2026 11:25:26.696] [Render thread/WARN] [Iris/]: Failed to parse an ResourceLocation in item.properties for the key item.10057: state properties are currently not supported: sculk_sensor:sculk_sensor_phase=active
[11Aug2026 11:25:26.696] [Render thread/WARN] [Iris/]: Failed to parse an ResourceLocation in item.properties for the key item.10061: state properties are currently not supported: weathered_copper_bulb:lit=true
[11Aug2026 11:25:26.696] [Render thread/WARN] [Iris/]: Failed to parse an ResourceLocation in item.properties for the key item.10061: state properties are currently not supported: oxidized_copper_bulb:lit=true
[11Aug2026 11:25:26.697] [Render thread/WARN] [Iris/]: Failed to parse an ResourceLocation in item.properties for the key item.10061: state properties are currently not supported: waxed_weathered_copper_bulb:lit=true
[11Aug2026 11:25:26.697] [Render thread/WARN] [Iris/]: Failed to parse an ResourceLocation in item.properties for the key item.10061: state properties are currently not supported: waxed_oxidized_copper_bulb:lit=true
[11Aug2026 11:25:26.697] [Render thread/WARN] [Iris/]: Failed to parse an ResourceLocation in item.properties for the key item.10061: state properties are currently not supported: copper_bulb:lit=true
[11Aug2026 11:25:26.697] [Render thread/WARN] [Iris/]: Failed to parse an ResourceLocation in item.properties for the key item.10061: state properties are currently not supported: exposed_copper_bulb:lit=true
[11Aug2026 11:25:26.697] [Render thread/WARN] [Iris/]: Failed to parse an ResourceLocation in item.properties for the key item.10061: state properties are currently not supported: waxed_copper_bulb:lit=true
[11Aug2026 11:25:26.697] [Render thread/WARN] [Iris/]: Failed to parse an ResourceLocation in item.properties for the key item.10061: state properties are currently not supported: waxed_exposed_copper_bulb:lit=true
[11Aug2026 11:25:26.731] [Render thread/INFO] [Iris/]: Using shaderpack: photon-main (1).zip
[11Aug2026 11:25:26.973] [Worker-Main-11/WARN] [xaero.lib.XaeroLib/]: io exception while checking patreon: Online mod data expired! Date: Tue Aug 11 09:34:42 CEST 2026
[11Aug2026 11:25:26.990] [Render thread/INFO] [xaero.minimap.XaeroMinimap/]: Loading Xaero's Minimap - Stage 2/2
[11Aug2026 11:25:27.026] [Worker-Main-2/WARN] [net.minecraft.client.resources.model.ModelManager/]: Missing textures in model create:cut_limestone_slab#type=double,waterlogged=true:
    minecraft:textures/atlas/blocks.png:minecraft:block/cut_limestone
[11Aug2026 11:25:28.406] [Render thread/WARN] [xaero.hud.minimap.MinimapLogs/]: io exception while checking versions: Online mod data expired! Date: Tue Aug 11 09:34:42 CEST 2026
[11Aug2026 11:25:28.407] [Render thread/INFO] [xaero.hud.minimap.MinimapLogs/]: Registered player tracker system: minimap_synced
[11Aug2026 11:25:28.407] [Render thread/WARN] [net.neoforged.fml.DeferredWorkQueue/LOADING]: Mod 'xaerominimap' took 1.417 s to run a deferred task.
[11Aug2026 11:25:28.408] [Render thread/INFO] [xaero.lib.XaeroLib/]: Loading XaeroLib common 2/2!
[11Aug2026 11:25:28.408] [Render thread/INFO] [xaero.lib.XaeroLib/]: Loading XaeroLib client 2/2!
[11Aug2026 11:25:28.425] [Render thread/INFO] [Veil/]: Loaded 0 shader redirects, 0 replacements
[11Aug2026 11:25:28.431] [Render thread/INFO] [top.leonx.irisveil.IrisVeilCompat/]: [VeilHook] Captured vertex source for 'veil:necromancer/skinned_mesh': 5049 chars, hasGetVelocity=false, hasOffset=false
[11Aug2026 11:25:28.474] [Render thread/INFO] [top.leonx.irisveil.IrisVeilCompat/]: [VeilHook] Captured fragment source for 'veil:necromancer/skinned_mesh': 2073 chars
[11Aug2026 11:25:28.486] [Render thread/INFO] [top.leonx.irisveil.IrisVeilCompat/]: [VeilHook] Captured vertex source for 'veil:blit_screen': 542 chars, hasGetVelocity=false, hasOffset=false
[11Aug2026 11:25:28.486] [Render thread/INFO] [top.leonx.irisveil.IrisVeilCompat/]: [VeilHook] Captured fragment source for 'veil:blit_depth': 532 chars
[11Aug2026 11:25:28.486] [Render thread/INFO] [top.leonx.irisveil.IrisVeilCompat/]: [VeilHook] Captured vertex source for 'veil:blit_screen': 542 chars, hasGetVelocity=false, hasOffset=false
[11Aug2026 11:25:28.486] [Render thread/INFO] [top.leonx.irisveil.IrisVeilCompat/]: [VeilHook] Captured fragment source for 'veil:blit_screen': 495 chars
[11Aug2026 11:25:28.489] [Render thread/INFO] [top.leonx.irisveil.IrisVeilCompat/]: [VeilHook] Captured vertex source for 'veil:core/blit_screen_effect': 600 chars, hasGetVelocity=false, hasOffset=false
[11Aug2026 11:25:28.489] [Render thread/INFO] [top.leonx.irisveil.IrisVeilCompat/]: [VeilHook] Captured fragment source for 'veil:core/blit_screen_effect': 543 chars
[11Aug2026 11:25:28.490] [Render thread/INFO] [top.leonx.irisveil.IrisVeilCompat/]: [VeilHook] Captured vertex source for 'veil:light/area': 1703 chars, hasGetVelocity=false, hasOffset=false
[11Aug2026 11:25:28.490] [Render thread/INFO] [top.leonx.irisveil.IrisVeilCompat/]: [VeilHook] Captured fragment source for 'veil:light/area': 14130 chars
[11Aug2026 11:25:28.499] [Render thread/INFO] [top.leonx.irisveil.IrisVeilCompat/]: [VeilHook] Captured vertex source for 'veil:blit_screen': 542 chars, hasGetVelocity=false, hasOffset=false
[11Aug2026 11:25:28.499] [Render thread/INFO] [top.leonx.irisveil.IrisVeilCompat/]: [VeilHook] Captured fragment source for 'veil:debug/cubemap': 1758 chars
[11Aug2026 11:25:28.500] [Render thread/INFO] [top.leonx.irisveil.IrisVeilCompat/]: [VeilHook] Captured vertex source for 'simulated:end_sea': 1127 chars, hasGetVelocity=false, hasOffset=false
[11Aug2026 11:25:28.500] [Render thread/INFO] [top.leonx.irisveil.IrisVeilCompat/]: [VeilHook] Captured fragment source for 'simulated:end_sea': 1278 chars
[11Aug2026 11:25:28.502] [Render thread/INFO] [top.leonx.irisveil.IrisVeilCompat/]: [VeilHook] Captured vertex source for 'simulated:rope/rope': 4214 chars, hasGetVelocity=false, hasOffset=false
[11Aug2026 11:25:28.502] [Render thread/INFO] [top.leonx.irisveil.IrisVeilCompat/]: [VeilHook] Captured fragment source for 'simulated:rope/rope': 1948 chars
[11Aug2026 11:25:28.503] [Render thread/INFO] [top.leonx.irisveil.IrisVeilCompat/]: [VeilHook] Captured vertex source for 'veil:quasar/particle_additive': 1985 chars, hasGetVelocity=false, hasOffset=false
[11Aug2026 11:25:28.503] [Render thread/INFO] [top.leonx.irisveil.IrisVeilCompat/]: [VeilHook] Captured fragment source for 'veil:quasar/particle_additive': 1874 chars
[11Aug2026 11:25:28.504] [Render thread/INFO] [top.leonx.irisveil.IrisVeilCompat/]: [VeilHook] Captured vertex source for 'simulated:redstone_accumulator/diode': 4070 chars, hasGetVelocity=false, hasOffset=false
[11Aug2026 11:25:28.504] [Render thread/INFO] [top.leonx.irisveil.IrisVeilCompat/]: [VeilHook] Captured fragment source for 'simulated:redstone_accumulator/diode': 3788 chars
[11Aug2026 11:25:28.504] [Render thread/INFO] [top.leonx.irisveil.IrisVeilCompat/]: [VeilHook] Captured vertex source for 'contraptionlights:light/sublevel_point': 1054 chars, hasGetVelocity=false, hasOffset=false
[11Aug2026 11:25:28.504] [Render thread/INFO] [top.leonx.irisveil.IrisVeilCompat/]: [VeilHook] Captured fragment source for 'contraptionlights:light/sublevel_point': 15830 chars
[11Aug2026 11:25:28.512] [Render thread/INFO] [top.leonx.irisveil.IrisVeilCompat/]: [VeilHook] Captured vertex source for 'veil:debug/shell': 629 chars, hasGetVelocity=false, hasOffset=false
[11Aug2026 11:25:28.512] [Render thread/INFO] [top.leonx.irisveil.IrisVeilCompat/]: [VeilHook] Captured fragment source for 'veil:debug/shell': 605 chars
[11Aug2026 11:25:28.512] [Render thread/INFO] [top.leonx.irisveil.IrisVeilCompat/]: [VeilHook] Captured vertex source for 'veil:blit_screen': 542 chars, hasGetVelocity=false, hasOffset=false
[11Aug2026 11:25:28.512] [Render thread/INFO] [top.leonx.irisveil.IrisVeilCompat/]: [VeilHook] Captured fragment source for 'veil:light/directional': 9064 chars
[11Aug2026 11:25:28.515] [Render thread/INFO] [top.leonx.irisveil.IrisVeilCompat/]: [VeilHook] Captured vertex source for 'veil:quasar/particle': 1985 chars, hasGetVelocity=false, hasOffset=false
[11Aug2026 11:25:28.515] [Render thread/INFO] [top.leonx.irisveil.IrisVeilCompat/]: [VeilHook] Captured fragment source for 'veil:quasar/particle': 1898 chars
[11Aug2026 11:25:28.515] [Render thread/INFO] [top.leonx.irisveil.IrisVeilCompat/]: [VeilHook] Captured vertex source for 'contraptionlights:light/world_light': 1054 chars, hasGetVelocity=false, hasOffset=false
[11Aug2026 11:25:28.515] [Render thread/INFO] [top.leonx.irisveil.IrisVeilCompat/]: [VeilHook] Captured fragment source for 'contraptionlights:light/world_light': 14744 chars
[11Aug2026 11:25:28.521] [Render thread/INFO] [top.leonx.irisveil.IrisVeilCompat/]: [VeilHook] Captured vertex source for 'aeronautics:levitite/levitite': 5585 chars, hasGetVelocity=true, hasOffset=true
[11Aug2026 11:25:28.521] [Render thread/INFO] [top.leonx.irisveil.IrisVeilCompat/]: [VeilHook] Captured fragment source for 'aeronautics:levitite/levitite': 3656 chars
[11Aug2026 11:25:28.523] [Render thread/INFO] [top.leonx.irisveil.IrisVeilCompat/]: [VeilHook] Captured vertex source for 'simulated:spring/spring': 4196 chars, hasGetVelocity=false, hasOffset=false
[11Aug2026 11:25:28.523] [Render thread/INFO] [top.leonx.irisveil.IrisVeilCompat/]: [VeilHook] Captured fragment source for 'simulated:spring/spring': 1972 chars
[11Aug2026 11:25:28.524] [Render thread/INFO] [top.leonx.irisveil.IrisVeilCompat/]: [VeilHook] Captured vertex source for 'veil:blit_screen': 542 chars, hasGetVelocity=false, hasOffset=false
[11Aug2026 11:25:28.524] [Render thread/INFO] [top.leonx.irisveil.IrisVeilCompat/]: [VeilHook] Captured fragment source for 'veil:core/composite': 783 chars
[11Aug2026 11:25:28.524] [Render thread/INFO] [top.leonx.irisveil.IrisVeilCompat/]: [VeilHook] Captured vertex source for 'aeronautics:hot_air_overlay': 1167 chars, hasGetVelocity=false, hasOffset=false
[11Aug2026 11:25:28.524] [Render thread/INFO] [top.leonx.irisveil.IrisVeilCompat/]: [VeilHook] Captured fragment source for 'aeronautics:hot_air_overlay': 907 chars
[11Aug2026 11:25:28.525] [Render thread/INFO] [top.leonx.irisveil.IrisVeilCompat/]: [VeilHook] Captured vertex source for 'aeronautics:burner_flame': 1770 chars, hasGetVelocity=false, hasOffset=false
[11Aug2026 11:25:28.525] [Render thread/INFO] [top.leonx.irisveil.IrisVeilCompat/]: [VeilHook] Captured fragment source for 'aeronautics:burner_flame': 5298 chars
[11Aug2026 11:25:28.525] [Render thread/INFO] [top.leonx.irisveil.IrisVeilCompat/]: [VeilHook] Captured vertex source for 'veil:blit_screen': 542 chars, hasGetVelocity=false, hasOffset=false
[11Aug2026 11:25:28.525] [Render thread/INFO] [top.leonx.irisveil.IrisVeilCompat/]: [VeilHook] Captured fragment source for 'veil:core/blur': 937 chars
[11Aug2026 11:25:28.526] [Render thread/INFO] [top.leonx.irisveil.IrisVeilCompat/]: [VeilHook] Captured vertex source for 'veil:blit_screen': 542 chars, hasGetVelocity=false, hasOffset=false
[11Aug2026 11:25:28.526] [Render thread/INFO] [top.leonx.irisveil.IrisVeilCompat/]: [VeilHook] Captured fragment source for 'veil:core/bloom': 2631 chars
[11Aug2026 11:25:28.526] [Render thread/INFO] [top.leonx.irisveil.IrisVeilCompat/]: [VeilHook] Captured vertex source for 'veil:blit_screen': 542 chars, hasGetVelocity=false, hasOffset=false
[11Aug2026 11:25:28.526] [Render thread/INFO] [top.leonx.irisveil.IrisVeilCompat/]: [VeilHook] Captured fragment source for 'aeronautics:soft_light': 1108 chars
[11Aug2026 11:25:28.526] [Render thread/INFO] [top.leonx.irisveil.IrisVeilCompat/]: [VeilHook] Captured vertex source for 'veil:blit_screen': 542 chars, hasGetVelocity=false, hasOffset=false
[11Aug2026 11:25:28.526] [Render thread/INFO] [top.leonx.irisveil.IrisVeilCompat/]: [VeilHook] Captured fragment source for 'veil:debug/array': 539 chars
[11Aug2026 11:25:28.527] [Render thread/INFO] [top.leonx.irisveil.IrisVeilCompat/]: [VeilHook] Captured vertex source for 'veil:blit_screen': 542 chars, hasGetVelocity=false, hasOffset=false
[11Aug2026 11:25:28.527] [Render thread/INFO] [top.leonx.irisveil.IrisVeilCompat/]: [VeilHook] Captured fragment source for 'veil:core/unblur': 1318 chars
[11Aug2026 11:25:28.528] [Render thread/INFO] [top.leonx.irisveil.IrisVeilCompat/]: [VeilHook] Captured vertex source for 'veil:light/point': 1136 chars, hasGetVelocity=false, hasOffset=false
[11Aug2026 11:25:28.528] [Render thread/INFO] [top.leonx.irisveil.IrisVeilCompat/]: [VeilHook] Captured fragment source for 'veil:light/point': 13059 chars
[11Aug2026 11:25:28.534] [Render thread/INFO] [top.leonx.irisveil.IrisVeilCompat/]: [VeilHook] Captured vertex source for 'simulated:laser_pointer/lens': 4016 chars, hasGetVelocity=false, hasOffset=false
[11Aug2026 11:25:28.534] [Render thread/INFO] [top.leonx.irisveil.IrisVeilCompat/]: [VeilHook] Captured fragment source for 'simulated:laser_pointer/lens': 4048 chars
[11Aug2026 11:25:28.535] [Render thread/INFO] [top.leonx.irisveil.IrisVeilCompat/]: [VeilHook] Captured vertex source for 'simulated:laser/laser': 774 chars, hasGetVelocity=false, hasOffset=false
[11Aug2026 11:25:28.535] [Render thread/INFO] [top.leonx.irisveil.IrisVeilCompat/]: [VeilHook] Captured fragment source for 'simulated:laser/laser': 1878 chars
[11Aug2026 11:25:28.536] [Render thread/INFO] [top.leonx.irisveil.IrisVeilCompat/]: [VeilHook] Captured vertex source for 'simulated:contraption_diagram/outline_diagram': 610 chars, hasGetVelocity=false, hasOffset=false
[11Aug2026 11:25:28.536] [Render thread/INFO] [top.leonx.irisveil.IrisVeilCompat/]: [VeilHook] Captured fragment source for 'simulated:contraption_diagram/outline_diagram': 5629 chars
[11Aug2026 11:25:28.536] [Render thread/INFO] [top.leonx.irisveil.IrisVeilCompat/]: [VeilHook] Captured vertex source for 'veil:blit_screen': 542 chars, hasGetVelocity=false, hasOffset=false
[11Aug2026 11:25:28.536] [Render thread/INFO] [top.leonx.irisveil.IrisVeilCompat/]: [VeilHook] Captured fragment source for 'simulated:spread_end_sea': 2427 chars
[11Aug2026 11:25:28.539] [Render thread/INFO] [Veil/]: Loaded 31 shaders from: pinwheel/shaders/program
[11Aug2026 11:25:28.621] [Worker-Main-5/INFO] [PonderIndex/]: Registering Ponder Scenes took 62.07 ms
[11Aug2026 11:25:28.624] [Worker-Main-5/INFO] [PonderIndex/]: Registering Ponder Tags took 2.501 ms
[11Aug2026 11:25:28.708] [Render thread/INFO] [Photonics/]: Photonics ReSTIR GI v70: forcing PHOTONICS_RESTIR_COMBINED_GI on for the geometry-guided spatial-reuse test (configured=true)
[11Aug2026 11:25:28.709] [Render thread/INFO] [Photonics/]: Photonics performance overrides: renderScale=shader-pack, giRenderScale=1.0, temporalUpscaler=false, temporalUpscalerSourceScale=1.0, temporalUpscalerHistoryFrames=shader-pack, restirInitialSamples=shader-pack, restirDenoiserPasses=shader-pack, restirGiDenoiserPasses=shader-pack (shader-pack means no JVM override)
[11Aug2026 11:25:28.752] [Render thread/WARN] [Iris/]: Invalid pack option: GTAO
[11Aug2026 11:25:28.752] [Render thread/WARN] [Iris/]: Invalid pack option: GTAO
[11Aug2026 11:25:28.753] [Render thread/WARN] [Iris/]: Unable to resolve shader pack option menu element "WATER_REFRACTION" defined in shaders.properties
[11Aug2026 11:25:28.753] [Render thread/WARN] [Iris/]: Unable to resolve shader pack option menu element "WATER_REFRACTION_INTENSITY" defined in shaders.properties
[11Aug2026 11:25:28.753] [Render thread/WARN] [Iris/]: Unable to resolve shader pack option menu element "CLOUDS_DAILY_WEATHER" defined in shaders.properties
[11Aug2026 11:25:28.753] [Render thread/WARN] [Iris/]: Unable to resolve shader pack option menu element "CLOUDS_CUMULUS_CONGESTUS_PRIMARY_STEPS_H" defined in shaders.properties
[11Aug2026 11:25:28.753] [Render thread/WARN] [Iris/]: Unable to resolve shader pack option menu element "CLOUDS_CUMULUS_CONGESTUS_PRIMARY_STEPS_Z" defined in shaders.properties
[11Aug2026 11:25:28.753] [Render thread/INFO] [Iris/]: Profile: ultra (+9 options changed by user)
[11Aug2026 11:25:29.119] [Render thread/WARN] [Iris/]: Failed to parse an ResourceLocation in item.properties for the key item.10056: state properties are currently not supported: calibrated_sculk_sensor:sculk_sensor_phase=inactive
[11Aug2026 11:25:29.119] [Render thread/WARN] [Iris/]: Failed to parse an ResourceLocation in item.properties for the key item.10056: state properties are currently not supported: calibrated_sculk_sensor:sculk_sensor_phase=cooldown
[11Aug2026 11:25:29.119] [Render thread/WARN] [Iris/]: Failed to parse an ResourceLocation in item.properties for the key item.10057: state properties are currently not supported: calibrated_sculk_sensor:sculk_sensor_phase=active
[11Aug2026 11:25:29.119] [Render thread/WARN] [Iris/]: Failed to parse an ResourceLocation in item.properties for the key item.10057: state properties are currently not supported: sculk_sensor:sculk_sensor_phase=active
[11Aug2026 11:25:29.119] [Render thread/WARN] [Iris/]: Failed to parse an ResourceLocation in item.properties for the key item.10061: state properties are currently not supported: weathered_copper_bulb:lit=true
[11Aug2026 11:25:29.119] [Render thread/WARN] [Iris/]: Failed to parse an ResourceLocation in item.properties for the key item.10061: state properties are currently not supported: oxidized_copper_bulb:lit=true
[11Aug2026 11:25:29.119] [Render thread/WARN] [Iris/]: Failed to parse an ResourceLocation in item.properties for the key item.10061: state properties are currently not supported: waxed_weathered_copper_bulb:lit=true
[11Aug2026 11:25:29.119] [Render thread/WARN] [Iris/]: Failed to parse an ResourceLocation in item.properties for the key item.10061: state properties are currently not supported: waxed_oxidized_copper_bulb:lit=true
[11Aug2026 11:25:29.119] [Render thread/WARN] [Iris/]: Failed to parse an ResourceLocation in item.properties for the key item.10061: state properties are currently not supported: copper_bulb:lit=true
[11Aug2026 11:25:29.119] [Render thread/WARN] [Iris/]: Failed to parse an ResourceLocation in item.properties for the key item.10061: state properties are currently not supported: exposed_copper_bulb:lit=true
[11Aug2026 11:25:29.119] [Render thread/WARN] [Iris/]: Failed to parse an ResourceLocation in item.properties for the key item.10061: state properties are currently not supported: waxed_copper_bulb:lit=true
[11Aug2026 11:25:29.119] [Render thread/WARN] [Iris/]: Failed to parse an ResourceLocation in item.properties for the key item.10061: state properties are currently not supported: waxed_exposed_copper_bulb:lit=true
[11Aug2026 11:25:29.127] [Render thread/INFO] [Iris/]: Using shaderpack: photon-main (1).zip
[11Aug2026 11:25:29.129] [Render thread/WARN] [net.minecraft.client.sounds.SoundEngine/]: Missing sound for event: minecraft:item.goat_horn.play
[11Aug2026 11:25:29.129] [Render thread/WARN] [net.minecraft.client.sounds.SoundEngine/]: Missing sound for event: minecraft:entity.goat.screaming.horn_break
[11Aug2026 11:25:29.152] [Render thread/INFO] [com.mojang.blaze3d.audio.Library/]: OpenAL initialized on device Navi 31 HDMI/DP Audio Digital Stereo (HDMI 2)
[11Aug2026 11:25:29.152] [Render thread/INFO] [net.minecraft.client.sounds.SoundEngine/SOUNDS]: Sound engine started
[11Aug2026 11:25:29.209] [Render thread/INFO] [net.minecraft.client.renderer.texture.TextureAtlas/]: Created: 2048x2048x4 minecraft:textures/atlas/blocks.png-atlas
[11Aug2026 11:25:29.250] [Render thread/INFO] [net.minecraft.client.renderer.texture.TextureAtlas/]: Created: 256x256x4 minecraft:textures/atlas/signs.png-atlas
[11Aug2026 11:25:29.251] [Render thread/INFO] [net.minecraft.client.renderer.texture.TextureAtlas/]: Created: 512x512x4 minecraft:textures/atlas/shield_patterns.png-atlas
[11Aug2026 11:25:29.252] [Render thread/INFO] [net.minecraft.client.renderer.texture.TextureAtlas/]: Created: 512x512x4 minecraft:textures/atlas/banner_patterns.png-atlas
[11Aug2026 11:25:29.252] [Render thread/INFO] [net.minecraft.client.renderer.texture.TextureAtlas/]: Created: 2048x1024x4 minecraft:textures/atlas/armor_trims.png-atlas
[11Aug2026 11:25:29.261] [Render thread/INFO] [net.minecraft.client.renderer.texture.TextureAtlas/]: Created: 256x256x4 minecraft:textures/atlas/chest.png-atlas
[11Aug2026 11:25:29.262] [Render thread/INFO] [net.minecraft.client.renderer.texture.TextureAtlas/]: Created: 128x64x4 minecraft:textures/atlas/decorated_pot.png-atlas
[11Aug2026 11:25:29.262] [Render thread/INFO] [net.minecraft.client.renderer.texture.TextureAtlas/]: Created: 512x256x4 minecraft:textures/atlas/beds.png-atlas
[11Aug2026 11:25:29.263] [Render thread/INFO] [net.minecraft.client.renderer.texture.TextureAtlas/]: Created: 512x256x4 minecraft:textures/atlas/shulker_boxes.png-atlas
[11Aug2026 11:25:29.306] [Render thread/INFO] [net.minecraft.client.renderer.texture.TextureAtlas/]: Created: 512x512x0 minecraft:textures/atlas/particles.png-atlas
[11Aug2026 11:25:29.309] [Render thread/INFO] [net.minecraft.client.renderer.texture.TextureAtlas/]: Created: 512x256x0 minecraft:textures/atlas/paintings.png-atlas
[11Aug2026 11:25:29.310] [Render thread/INFO] [net.minecraft.client.renderer.texture.TextureAtlas/]: Created: 256x128x0 minecraft:textures/atlas/mob_effects.png-atlas
[11Aug2026 11:25:29.310] [Render thread/INFO] [net.minecraft.client.renderer.texture.TextureAtlas/]: Created: 64x64x0 minecraft:textures/atlas/map_decorations.png-atlas
[11Aug2026 11:25:29.310] [Render thread/INFO] [net.minecraft.client.renderer.texture.TextureAtlas/]: Created: 1024x1024x0 minecraft:textures/atlas/gui.png-atlas
[11Aug2026 11:25:29.333] [Render thread/WARN] [net.minecraft.client.renderer.ShaderInstance/]: Shader rendertype_entity_translucent_emissive could not find sampler named Sampler2 in the specified shader program.
[11Aug2026 11:25:29.396] [Render thread/INFO] [xaero.lib.XaeroLib/]: Successfully reloaded the XaeroLib shaders!
[11Aug2026 11:25:29.396] [Render thread/INFO] [net.neoforged.neoforge.client.entity.animation.json.AnimationLoader/]: Loaded 0 entity animations
[11Aug2026 11:25:29.396] [Render thread/INFO] [Veil/]: Loaded 3 framebuffers
[11Aug2026 11:25:29.404] [Render thread/INFO] [Veil/]: Loaded 6 post pipelines
[11Aug2026 11:25:29.406] [Render thread/INFO] [Veil/]: Loaded 6 render types
[11Aug2026 11:25:29.406] [Render thread/INFO] [Veil/]: Enabled bloom pipeline
[11Aug2026 11:25:29.406] [Render thread/INFO] [Veil/]: Loaded 0 quasar particles
[11Aug2026 11:25:29.407] [Render thread/INFO] [Veil/]: Loaded 0 templates
[11Aug2026 11:25:29.407] [Render thread/INFO] [Veil/]: Loaded 0 modules
[11Aug2026 11:25:29.422] [Render thread/INFO] [flywheel/backend/shaders/]: Loaded 79 shader sources in 12.878 ms
[11Aug2026 11:25:29.432] [Render thread/INFO] [com.simibubi.create.Create/]: Loaded 58 train hat configurations.
[11Aug2026 11:25:29.465] [Render thread/INFO] [DistantHorizons-DistantHorizons-com.seibel.distanthorizons.core.jar.updater.SelfUpdater/]: Checking for Distant Horizons [STABLE] update for MC [1.21.1]...
[11Aug2026 11:25:29.917] [Render thread/INFO] [DistantHorizons-DistantHorizons-com.seibel.distanthorizons.core.jar.updater.SelfUpdater/]: Distant Horizons already up to date.
[11Aug2026 11:25:29.927] [Render thread/INFO] [Photonics/]: Loaded ph_lights.json for shader pack 'photon-main (1).zip'
[11Aug2026 11:25:29.931] [Render thread/INFO] [Photonics/]: Photonics light registry contains 231 light definitions for 115 blocks
[11Aug2026 11:25:29.931] [Render thread/INFO] [Photonics/]: Photonics pipeline for 'photon-main (1).zip': enabled=true, mode=RESTIR, blockLight=true, gi=true, blockLightGi=false, handheld=true, shaderPackRenderScale=1.0, renderScale=1.0, giRenderScale=1.0, temporalUpscalerRequested=false, temporalUpscalerSourceScale=1.0, temporalUpscalerActive=false, temporalUpscalerHistoryFrames=8, maxLights=4000, maxSamples=20, restirInitial=32, restirSpatial=0, restirDenoiser=5, restirGiDenoiser=3, restirSoftShadows=false, restirCombinedGi=true
[11Aug2026 11:25:30.156] [Render thread/INFO] [Photonics/]: Photonics feature increment: v65 upstream traversal guard, hand texture-normal evaluation, immature-history edge variance, and variance-guided full SVGF passes; direct-light-v64 proxy ownership retained
[11Aug2026 11:25:30.156] [Render thread/INFO] [Photonics/]: Photonics GI foundation v99: finite full-position indirect reservoirs, corrected primary-ray origin/origin rebasing/explicit sky hits, Jacobian-weighted world-hit temporal reuse for world and Sable receivers, geometric-normal-consistent indirect energy, explicit empty non-world reservoirs, hand temporal isolation, and selected-reservoir visibility validation
[11Aug2026 11:25:30.156] [Render thread/INFO] [Photonics/]: Photonics ReSTIR GI v79: combinedGi=true, splitGi=false, directScale=1.0, giScale=1.0, directDenoiserPasses=5, giDenoiserPasses=3, giPipeline=independent-frag-grid+reservoirs+history+svgf, composition=post-estimator-screen-space
[11Aug2026 11:25:30.156] [Render thread/INFO] [Photonics/]: Photonics split-GI reconstruction v81: receiver-aware four-tap interpolation with unsupported-pixel nearest-compatible fallback
[11Aug2026 11:25:30.156] [Render thread/INFO] [Photonics/]: Photonics GI stability v82: world-hit temporal reservoir reuse enabled for rigidly reprojected Sable receivers; hand history remains isolated
[11Aug2026 11:25:30.156] [Render thread/INFO] [Photonics/]: Photonics GI stability v128: radiance history follows stable block-state changes; initial loads, skylight settling, copied-state identity changes, and streamed voxel layout revisions remain path-validation-only; GI history stays eligible while voxel layout is unsettled and changed paths are rejected locally
[11Aug2026 11:25:30.156] [Render thread/INFO] [Photonics/]: Photonics direct startup v100: unbiased logarithmic camera-rank strata for large light lists with exact compact-list prefix proposals
[11Aug2026 11:25:30.156] [Render thread/INFO] [Photonics/]: Photonics direct visibility v107: requestedLanes=1, effectiveLanes=1, policy=disjoint-proposal-lanes/exact-original-pdf/visibility-before-unbiased-lane-merge
[11Aug2026 11:25:30.156] [Render thread/INFO] [Photonics/]: Photonics ReSTIR GI transport v85+: stochastic tinted-glass traversal and endpoint-first transparent-hit validation
[11Aug2026 11:25:30.156] [Render thread/INFO] [Photonics/]: Photonics GI environment v115: initialized independently in the indirect pass; native Photon reads direct sun and hemispherical skylight from colortex4; sunProposalDiagnostic=false
[11Aug2026 11:25:30.156] [Render thread/INFO] [Photonics/]: Photonics GI environment v117: environment proposals remain active during section streaming; the v116 global pause was removed because it created camera-dependent dark fill
[11Aug2026 11:25:30.156] [Render thread/INFO] [Photonics/]: Photonics world upload v117: voxel-tree mutation is fenced before allocator reuse; tree-dependent uniforms remain published after the completed upload
[11Aug2026 11:25:30.156] [Render thread/WARN] [Photonics/]: Photonics ReSTIR history split diagnostic enabled: mode=1 via -Dphotonics.restirHistorySplitMode (1=radiance accumulation only, 2=GI reservoir reuse only, 3=both); left half keeps the selected history, right half bypasses it
[11Aug2026 11:25:30.156] [Render thread/INFO] [Photonics/]: Photonics stability v86: deterministic thin-cutout GI coverage and bounded palette-heap compiler recovery probes
[11Aug2026 11:25:30.156] [Render thread/INFO] [Photonics/]: Photonics ReSTIR GI validation v88: triState=valid/blocked-current-receiver/stale, blockedHistoryM=preserved-once-with-zero-energy, staleHistoryM=excluded, maxTemporalCandidates=1, maxSpatialCandidates=1, maxTraversalSteps=128
[11Aug2026 11:25:30.157] [Render thread/INFO] [Photonics/]: Photonics feature set: direct-light-v64 expiring Contraption Lights proxy ownership with a conservative nearby unmatched-proxy quarantine, position-matched Sable light alias trail with registry/profile diagnostics and render-thread-owned external merge, full-precision motion-grid Sable receiver visibility and endpoint-safe conservative traversal, dual-space Sable light de-duplication, production composite restored after v57 reservoir diagnostics, corrected indirect hit-normal decoding, full temporal reservoir retention for Sable external lighting, randomized systematic world-light proposals, Sable skylight-transition diagnostics with opt-in getter freeze, post-denoise exact Sable-local direct stream and fail-closed same-domain visibility, camera-relative double-composed Sable reprojection, normal-guided receiver classification, tri-state same-sublevel visibility and conservative supercover voxel traversal, sampling-time receiver-domain partition with exact same-sublevel direct lighting, external-only Sable reservoirs and soft-shadow local-visibility-signature-guided Sable SVGF support, preserved all-zero current proposal batches, elapsed-time moving-light hysteresis and unsnapped render-pose positions, rejected spatial-batch accounting, receiver-domain-complete stable/external history partition and rigid-motion Sable spatial reuse, bounded visibility-rejected reservoirs and representative-scoped external reactivity, split stable/external accumulation histories and stale Sable material recovery, explicit emitter motion-domain identity, motion-domain-stable receiver-relative light-history limits, previous-light position metadata, rotation-correct cross-sublevel motion, guarded ordinary-world all-light and external-only Sable single-neighbor spatial reuse, immutable spatial input, current-receiver visibility validation, bounded spatial history, independent spatial random stream, bounded reservoirs, zero-contribution batch accounting, actual-motion reactive lights, stable-anchor Sable reprojection, surface-plane SVGF, visibility-transition provenance, stable Sable identity, current-visible temporal reuse, Sable plot-section isolation, deterministic diagonal cutouts, generation-aligned adaptive stratified ReSTIR proposals, exposed-face Sable local visibility, duplicate Veil point-light suppression, moving-light and Iris material bridges; finite-segment OOB visibility and tree-origin tracing, masked passes, texture barriers, accumulation, denoising, handheld; Sable-receiver world/cross-sublevel spatial reuse and combined GI compatibility gates active
[11Aug2026 11:25:30.157] [Render thread/INFO] [Photonics/]: Photonics ReSTIR configuration v107: directCandidatesPerPixel=32, directTemporalSampleCap=640, directVisibilityLanes=1, directOutputSampleCap=world-128/sable-temporal-cap, spatialCandidates=0, spatialRadiusPixels=5.0, output=split-direct-and-gi-radiance-plus-exact-sable-local, samplingPolicy=large-list-logarithmic-rank-strata+compact-list-systematic-prefix-tail+distinct-priority-prefix/sable-external-reservoir/exact-all-same-token-lights/fail-closed-tri-state-conservative-local-dda/full-precision-motion-grid-receiver/normal-biased-endpoint/preserved-zero-current-batches, spatialPolicy=receiver-matched-current-frame/external-only-sable/current-rejection-accounting/immutable-input/initial-batch-cap+rejected-fallback-cap+background-finalization, historyPolicy=receiver-domain-complete-split-stable-external/direct-only-full-rigid-local-history/camera-relative-double-compose/normal-guided-receiver/soft-local-signature-reset/visibility-transition-reset/representative-scoped-external-reactivity/explicit-emitter-domain/0.15-block-trail/2-frame-floor, lightListPolicy=position-matched-250ms-alias-trail/250ms-after-loss-minecraft-light-proxy-ownership/125ms+2-frame-unmatched-proxy-quarantine/3-cell-alias-radius/render-thread-owned-merge, motionHoldMs=250, denoiserPolicy=post-denoise-exact-local-hard-shadow+representative-gated-world+soft-local-signature-sable, sableSkyLightDiagnostic=transition-log/optional-freeze-getter, directDenoiserPasses=5, giDenoiserPasses=3, softShadows=false, combinedGi=true, splitGi=false
[11Aug2026 11:25:30.168] [Render thread/INFO] [Photonics/]: Photonics framebuffer capacity v68: buffer=side-a, attachments=8, maxDrawBuffers=8, maxColorAttachments=8
[11Aug2026 11:25:30.168] [Render thread/INFO] [Photonics/]: Photonics framebuffer capacity v68: buffer=side-b, attachments=8, maxDrawBuffers=8, maxColorAttachments=8
[11Aug2026 11:25:30.170] [Render thread/INFO] [Photonics/]: Photonics history reset v18: reason=pipeline-created, generation=1, dimension=minecraft:overworld
[11Aug2026 11:25:30.170] [Render thread/INFO] [Iris/]: Creating pipeline for dimension minecraft:overworld
[11Aug2026 11:25:30.667] [Render thread/INFO] [org.anarres.cpp.DefaultPreprocessorListener/]: null:0:0: error: #endif without #if
[11Aug2026 11:25:30.780] [Render thread/INFO] [org.anarres.cpp.DefaultPreprocessorListener/]: null:0:0: error: #endif without #if
[11Aug2026 11:25:30.956] [Render thread/INFO] [org.anarres.cpp.DefaultPreprocessorListener/]: null:0:0: error: #endif without #if
[11Aug2026 11:25:31.047] [Render thread/INFO] [org.anarres.cpp.DefaultPreprocessorListener/]: null:0:0: error: #endif without #if
[11Aug2026 11:25:31.178] [Render thread/INFO] [org.anarres.cpp.DefaultPreprocessorListener/]: null:0:0: error: #endif without #if
[11Aug2026 11:25:31.255] [Render thread/INFO] [org.anarres.cpp.DefaultPreprocessorListener/]: null:0:0: error: #endif without #if
[11Aug2026 11:25:31.345] [Render thread/INFO] [org.anarres.cpp.DefaultPreprocessorListener/]: null:0:0: error: #endif without #if
[11Aug2026 11:25:31.425] [Render thread/INFO] [org.anarres.cpp.DefaultPreprocessorListener/]: null:0:0: error: #endif without #if
[11Aug2026 11:25:31.488] [Render thread/INFO] [org.anarres.cpp.DefaultPreprocessorListener/]: null:0:0: error: #endif without #if
[11Aug2026 11:25:31.554] [Render thread/INFO] [org.anarres.cpp.DefaultPreprocessorListener/]: null:0:0: error: #endif without #if
[11Aug2026 11:25:31.691] [Render thread/INFO] [org.anarres.cpp.DefaultPreprocessorListener/]: null:0:0: error: #endif without #if
[11Aug2026 11:25:31.978] [Render thread/WARN] [Iris/]: Type is VERTEX
[11Aug2026 11:25:31.979] [Render thread/WARN] [Iris/]: Type is FRAGMENT
[11Aug2026 11:25:31.985] [Render thread/WARN] [Iris/]: Type is VERTEX
[11Aug2026 11:25:31.986] [Render thread/WARN] [Iris/]: Type is FRAGMENT
[11Aug2026 11:25:32.003] [Render thread/WARN] [Iris/]: Type is VERTEX
[11Aug2026 11:25:32.004] [Render thread/WARN] [Iris/]: Type is FRAGMENT
[11Aug2026 11:25:37.086] [Render thread/INFO] [com.simibubi.create.Create/]: Created 157 recipes which will be injected into the game
[11Aug2026 11:25:37.089] [Render thread/INFO] [com.simibubi.create.Create/]: Created 0 tags which will be injected into the game
[11Aug2026 11:25:37.400] [Worker-Main-2/ERROR] [net.minecraft.world.level.storage.loot.LootDataType/]: Couldn't parse element ResourceKey[minecraft:root / minecraft:loot_table]:simurail:blocks/automatic_coupler - Not a valid resource location: simurail:blocks/simurail:automatic_coupler Non [a-z0-9/._-] character in path of location: simurail:blocks/simurail:automatic_coupler
[11Aug2026 11:25:37.687] [Render thread/INFO] [net.minecraft.world.item.crafting.RecipeManager/]: Loaded 2948 recipes
[11Aug2026 11:25:37.773] [Render thread/INFO] [net.minecraft.advancements.AdvancementTree/]: Loaded 2644 advancements
[11Aug2026 11:25:38.196] [Server thread/INFO] [net.minecraft.client.server.IntegratedServer/]: Starting integrated minecraft server version 1.21.1
[11Aug2026 11:25:38.196] [Server thread/INFO] [net.minecraft.server.MinecraftServer/]: Generating keypair
[11Aug2026 11:25:38.238] [Server thread/INFO] [DistantHorizons-DistantHorizons-com.seibel.distanthorizons.core.world.AbstractDhWorld/]: Started DhWorld of type [CLIENT_SERVER].
[11Aug2026 11:25:38.269] [Server thread/INFO] [dev.ryanhcode.sable.Sable/]: Creating physics pipeline for ResourceKey[minecraft:dimension / minecraft:overworld] using RapierPhysicsPipelineProvider
[11Aug2026 11:25:38.539] [DH-Full Data Migration Thread[0]/INFO] [DistantHorizons-DistantHorizons-com.seibel.distanthorizons.core.file.fullDatafile.V2.DataMigratorV1/]: No migration necessary.
[11Aug2026 11:25:38.540] [Server thread/INFO] [DistantHorizons-DistantHorizons-com.seibel.distanthorizons.core.level.AbstractDhServerLevel/]: Started DhClientServerLevel for [Wrapped{ServerLevel[New World1]@minecraft:overworld}] at [[LocalSaveStructure@(/home/krzysztofkalisiak/.local/share/ModrinthApp/profiles/Create Aeronautics (1)/saves/New World1/data)]].
[11Aug2026 11:25:38.578] [Server thread/INFO] [dev.ryanhcode.sable.Sable/]: Creating physics pipeline for ResourceKey[minecraft:dimension / minecraft:the_nether] using RapierPhysicsPipelineProvider
[11Aug2026 11:25:38.599] [DH-Full Data Migration Thread[0]/INFO] [DistantHorizons-DistantHorizons-com.seibel.distanthorizons.core.file.fullDatafile.V2.DataMigratorV1/]: No migration necessary.
[11Aug2026 11:25:38.601] [Server thread/INFO] [DistantHorizons-DistantHorizons-com.seibel.distanthorizons.core.level.AbstractDhServerLevel/]: Started DhClientServerLevel for [Wrapped{ServerLevel[New World1]@minecraft:the_nether}] at [[LocalSaveStructure@(/home/krzysztofkalisiak/.local/share/ModrinthApp/profiles/Create Aeronautics (1)/saves/New World1/data;/home/krzysztofkalisiak/.local/share/ModrinthApp/profiles/Create Aeronautics (1)/saves/New World1/DIM-1/data)]].
[11Aug2026 11:25:38.602] [Server thread/INFO] [dev.ryanhcode.sable.Sable/]: Creating physics pipeline for ResourceKey[minecraft:dimension / minecraft:the_end] using RapierPhysicsPipelineProvider
[11Aug2026 11:25:38.617] [DH-Full Data Migration Thread[0]/INFO] [DistantHorizons-DistantHorizons-com.seibel.distanthorizons.core.file.fullDatafile.V2.DataMigratorV1/]: No migration necessary.
[11Aug2026 11:25:38.619] [Server thread/INFO] [DistantHorizons-DistantHorizons-com.seibel.distanthorizons.core.level.AbstractDhServerLevel/]: Started DhClientServerLevel for [Wrapped{ServerLevel[New World1]@minecraft:the_end}] at [[LocalSaveStructure@(/home/krzysztofkalisiak/.local/share/ModrinthApp/profiles/Create Aeronautics (1)/saves/New World1/data;/home/krzysztofkalisiak/.local/share/ModrinthApp/profiles/Create Aeronautics (1)/saves/New World1/DIM-1/data;/home/krzysztofkalisiak/.local/share/ModrinthApp/profiles/Create Aeronautics (1)/saves/New World1/DIM1/data)]].
[11Aug2026 11:25:38.620] [Server thread/INFO] [net.minecraft.server.MinecraftServer/]: Preparing start region for dimension minecraft:overworld
[11Aug2026 11:25:38.706] [Render thread/INFO] [net.minecraft.server.level.progress.LoggerChunkProgressListener/]: Preparing spawn area: 0%
[11Aug2026 11:25:38.739] [Server thread/INFO] [net.neoforged.neoforge.server.permission.PermissionAPI/]: Successfully initialized permission handler neoforge:default_handler
[11Aug2026 11:25:38.739] [Server thread/INFO] [me.yurtema.searchlights.Searchlights/]: HELLO from server starting
[11Aug2026 11:25:38.741] [Render thread/INFO] [net.minecraft.server.level.progress.LoggerChunkProgressListener/]: Time elapsed: 119 ms
[11Aug2026 11:25:38.793] [Server thread/INFO] [net.minecraft.client.server.IntegratedServer/]: Changing simulation distance to 10, from 0
[11Aug2026 11:25:38.850] [Render thread/INFO] [dev.ryanhcode.sable.Sable/]: Adding local UDP server channel future
[11Aug2026 11:25:38.858] [Render thread/WARN] [io.netty.bootstrap.Bootstrap/]: Unknown channel option 'SO_BROADCAST' for channel '[id: 0xa51168f1]'
[11Aug2026 11:25:38.863] [Netty Server IO #1/INFO] [dev.ryanhcode.sable.Sable/]: Server UDP channel active
[11Aug2026 11:25:38.873] [Render thread/INFO] [dev.ryanhcode.sable.Sable/]: Starting local client UDP channel future
[11Aug2026 11:25:38.874] [Netty Local Client IO #1/INFO] [dev.ryanhcode.sable.Sable/]: Client UDP channel active
[11Aug2026 11:25:39.068] [DH-Request Module Ticker [minecraft:overworld] Thread[0]/INFO] [DistantHorizons-DistantHorizons-com.seibel.distanthorizons.core.generation.BatchGenerator/]: Batch Chunk Generator initialized
[11Aug2026 11:25:39.070] [DH-Request Module Ticker [minecraft:overworld] Thread[0]/INFO] [DistantHorizons-DistantHorizons-com.seibel.distanthorizons.core.generation.queues.WorldGenerationQueue/]: Creating world gen queue
[11Aug2026 11:25:39.070] [DH-Request Module Ticker [minecraft:overworld] Thread[0]/INFO] [DistantHorizons-DistantHorizons-com.seibel.distanthorizons.core.generation.queues.WorldGenerationQueue/]: Created world gen queue
[11Aug2026 11:25:39.070] [DH-Request Module Ticker [minecraft:overworld] Thread[0]/INFO] [DistantHorizons-DistantHorizons-com.seibel.distanthorizons.core.file.fullDatafile.GeneratedFullDataSourceProvider/]: Set world gen queue for level [minecraft:overworld].
[11Aug2026 11:25:39.120] [DH-Request Module Ticker [minecraft:the_nether] Thread[0]/INFO] [DistantHorizons-DistantHorizons-com.seibel.distanthorizons.core.generation.BatchGenerator/]: Batch Chunk Generator initialized
[11Aug2026 11:25:39.120] [DH-Request Module Ticker [minecraft:the_nether] Thread[0]/INFO] [DistantHorizons-DistantHorizons-com.seibel.distanthorizons.core.generation.queues.WorldGenerationQueue/]: Creating world gen queue
[11Aug2026 11:25:39.120] [DH-Request Module Ticker [minecraft:the_nether] Thread[0]/INFO] [DistantHorizons-DistantHorizons-com.seibel.distanthorizons.core.generation.queues.WorldGenerationQueue/]: Created world gen queue
[11Aug2026 11:25:39.120] [DH-Request Module Ticker [minecraft:the_nether] Thread[0]/INFO] [DistantHorizons-DistantHorizons-com.seibel.distanthorizons.core.file.fullDatafile.GeneratedFullDataSourceProvider/]: Set world gen queue for level [minecraft:the_nether].
[11Aug2026 11:25:39.137] [DH-Request Module Ticker [minecraft:the_end] Thread[0]/INFO] [DistantHorizons-DistantHorizons-com.seibel.distanthorizons.core.generation.BatchGenerator/]: Batch Chunk Generator initialized
[11Aug2026 11:25:39.138] [DH-Request Module Ticker [minecraft:the_end] Thread[0]/INFO] [DistantHorizons-DistantHorizons-com.seibel.distanthorizons.core.generation.queues.WorldGenerationQueue/]: Creating world gen queue
[11Aug2026 11:25:39.138] [DH-Request Module Ticker [minecraft:the_end] Thread[0]/INFO] [DistantHorizons-DistantHorizons-com.seibel.distanthorizons.core.generation.queues.WorldGenerationQueue/]: Created world gen queue
[11Aug2026 11:25:39.138] [DH-Request Module Ticker [minecraft:the_end] Thread[0]/INFO] [DistantHorizons-DistantHorizons-com.seibel.distanthorizons.core.file.fullDatafile.GeneratedFullDataSourceProvider/]: Set world gen queue for level [minecraft:the_end].
[11Aug2026 11:25:39.179] [Server thread/INFO] [net.minecraft.server.players.PlayerList/]: Eutio[local:E:996f0a1d] logged in with entity id 3 at (-17.229599609644147, 0.0, 94.58267899617374)
[11Aug2026 11:25:39.182] [Server thread/INFO] [dev.ryanhcode.sable.Sable/]: Beginning attempted authentication with player Eutio
[11Aug2026 11:25:39.208] [Server thread/INFO] [net.minecraft.server.MinecraftServer/]: Eutio joined the game
[11Aug2026 11:25:39.218] [Render thread/INFO] [xaero.hud.minimap.MinimapLogs/]: Minimap required item set to nothing.
[11Aug2026 11:25:39.218] [Render thread/INFO] [xaero.hud.minimap.MinimapLogs/]: New Xaero hud session initialized!
[11Aug2026 11:25:39.251] [Server thread/INFO] [DistantHorizons-DistantHorizons-com.seibel.distanthorizons.core.api.internal.ServerApi/]: Player [Eutio] joined.
[11Aug2026 11:25:39.286] [Render thread/INFO] [Iris/]: Reloading pipeline on dimension change: minecraft:overworld => minecraft:overworld
[11Aug2026 11:25:39.286] [Render thread/INFO] [Photonics/]: Photonics history reset v72: reason=pipeline-destroyed, generation=1
[11Aug2026 11:25:39.295] [Render thread/INFO] [Photonics/]: Photonics chunk compiler v72 stopped: pendingSections=0, memory=jvmHeap={usedBytes=1564629840, committedBytes=2432696320, maxBytes=8589934592}, jvmGc={collections=73, timeMs=403}, worldHeap=GpuBufferHeapStats[capacityBytes=536870912, reservedBytes=12, liveBytes=12, peakLiveBytes=12, reusableBytes=0, allocations=1, reusedAllocations=0, frees=0, failedAllocations=0], paletteHeap=GpuBufferHeapStats[capacityBytes=201326592, reservedBytes=0, liveBytes=0, peakLiveBytes=0, reusableBytes=0, allocations=0, reusedAllocations=0, frees=0, failedAllocations=0], registries={lights=Stats[cachedObjects=0, pendingFreeObjects=0, allocatedObjects=0, failedAllocations=0], palettes=Stats[cachedObjects=0, pendingFreeObjects=0, allocatedObjects=0, failedAllocations=0], blocks=Stats[cachedObjects=0, pendingFreeObjects=0, allocatedObjects=0, failedAllocations=0], models=Stats[cachedObjects=0, pendingFreeObjects=0, allocatedObjects=0, failedAllocations=0]}
[11Aug2026 11:25:39.297] [Render thread/INFO] [Photonics/]: Photonics light registry contains 127 light definitions for 98 blocks
[11Aug2026 11:25:39.297] [Render thread/INFO] [Iris/]: Destroying pipeline minecraft:overworld
[11Aug2026 11:25:39.303] [Render thread/INFO] [Photonics/]: Loaded ph_lights.json for shader pack 'photon-main (1).zip'
[11Aug2026 11:25:39.305] [Render thread/INFO] [Photonics/]: Photonics light registry contains 231 light definitions for 115 blocks
[11Aug2026 11:25:39.306] [Render thread/INFO] [Photonics/]: Photonics pipeline for 'photon-main (1).zip': enabled=true, mode=RESTIR, blockLight=true, gi=true, blockLightGi=false, handheld=true, shaderPackRenderScale=1.0, renderScale=1.0, giRenderScale=1.0, temporalUpscalerRequested=false, temporalUpscalerSourceScale=1.0, temporalUpscalerActive=false, temporalUpscalerHistoryFrames=8, maxLights=4000, maxSamples=20, restirInitial=32, restirSpatial=0, restirDenoiser=5, restirGiDenoiser=3, restirSoftShadows=false, restirCombinedGi=true
[11Aug2026 11:25:39.541] [Render thread/INFO] [Photonics/]: Photonics feature increment: v65 upstream traversal guard, hand texture-normal evaluation, immature-history edge variance, and variance-guided full SVGF passes; direct-light-v64 proxy ownership retained
[11Aug2026 11:25:39.541] [Render thread/INFO] [Photonics/]: Photonics GI foundation v99: finite full-position indirect reservoirs, corrected primary-ray origin/origin rebasing/explicit sky hits, Jacobian-weighted world-hit temporal reuse for world and Sable receivers, geometric-normal-consistent indirect energy, explicit empty non-world reservoirs, hand temporal isolation, and selected-reservoir visibility validation
[11Aug2026 11:25:39.541] [Render thread/INFO] [Photonics/]: Photonics ReSTIR GI v79: combinedGi=true, splitGi=false, directScale=1.0, giScale=1.0, directDenoiserPasses=5, giDenoiserPasses=3, giPipeline=independent-frag-grid+reservoirs+history+svgf, composition=post-estimator-screen-space
[11Aug2026 11:25:39.541] [Render thread/INFO] [Photonics/]: Photonics split-GI reconstruction v81: receiver-aware four-tap interpolation with unsupported-pixel nearest-compatible fallback
[11Aug2026 11:25:39.541] [Render thread/INFO] [Photonics/]: Photonics GI stability v82: world-hit temporal reservoir reuse enabled for rigidly reprojected Sable receivers; hand history remains isolated
[11Aug2026 11:25:39.541] [Render thread/INFO] [Photonics/]: Photonics GI stability v128: radiance history follows stable block-state changes; initial loads, skylight settling, copied-state identity changes, and streamed voxel layout revisions remain path-validation-only; GI history stays eligible while voxel layout is unsettled and changed paths are rejected locally
[11Aug2026 11:25:39.541] [Render thread/INFO] [Photonics/]: Photonics direct startup v100: unbiased logarithmic camera-rank strata for large light lists with exact compact-list prefix proposals
[11Aug2026 11:25:39.541] [Render thread/INFO] [Photonics/]: Photonics direct visibility v107: requestedLanes=1, effectiveLanes=1, policy=disjoint-proposal-lanes/exact-original-pdf/visibility-before-unbiased-lane-merge
[11Aug2026 11:25:39.541] [Render thread/INFO] [Photonics/]: Photonics ReSTIR GI transport v85+: stochastic tinted-glass traversal and endpoint-first transparent-hit validation
[11Aug2026 11:25:39.541] [Render thread/INFO] [Photonics/]: Photonics GI environment v115: initialized independently in the indirect pass; native Photon reads direct sun and hemispherical skylight from colortex4; sunProposalDiagnostic=false
[11Aug2026 11:25:39.541] [Render thread/INFO] [Photonics/]: Photonics GI environment v117: environment proposals remain active during section streaming; the v116 global pause was removed because it created camera-dependent dark fill
[11Aug2026 11:25:39.541] [Render thread/INFO] [Photonics/]: Photonics world upload v117: voxel-tree mutation is fenced before allocator reuse; tree-dependent uniforms remain published after the completed upload
[11Aug2026 11:25:39.541] [Render thread/WARN] [Photonics/]: Photonics ReSTIR history split diagnostic enabled: mode=1 via -Dphotonics.restirHistorySplitMode (1=radiance accumulation only, 2=GI reservoir reuse only, 3=both); left half keeps the selected history, right half bypasses it
[11Aug2026 11:25:39.541] [Render thread/INFO] [Photonics/]: Photonics stability v86: deterministic thin-cutout GI coverage and bounded palette-heap compiler recovery probes
[11Aug2026 11:25:39.541] [Render thread/INFO] [Photonics/]: Photonics ReSTIR GI validation v88: triState=valid/blocked-current-receiver/stale, blockedHistoryM=preserved-once-with-zero-energy, staleHistoryM=excluded, maxTemporalCandidates=1, maxSpatialCandidates=1, maxTraversalSteps=128
[11Aug2026 11:25:39.541] [Render thread/INFO] [Photonics/]: Photonics feature set: direct-light-v64 expiring Contraption Lights proxy ownership with a conservative nearby unmatched-proxy quarantine, position-matched Sable light alias trail with registry/profile diagnostics and render-thread-owned external merge, full-precision motion-grid Sable receiver visibility and endpoint-safe conservative traversal, dual-space Sable light de-duplication, production composite restored after v57 reservoir diagnostics, corrected indirect hit-normal decoding, full temporal reservoir retention for Sable external lighting, randomized systematic world-light proposals, Sable skylight-transition diagnostics with opt-in getter freeze, post-denoise exact Sable-local direct stream and fail-closed same-domain visibility, camera-relative double-composed Sable reprojection, normal-guided receiver classification, tri-state same-sublevel visibility and conservative supercover voxel traversal, sampling-time receiver-domain partition with exact same-sublevel direct lighting, external-only Sable reservoirs and soft-shadow local-visibility-signature-guided Sable SVGF support, preserved all-zero current proposal batches, elapsed-time moving-light hysteresis and unsnapped render-pose positions, rejected spatial-batch accounting, receiver-domain-complete stable/external history partition and rigid-motion Sable spatial reuse, bounded visibility-rejected reservoirs and representative-scoped external reactivity, split stable/external accumulation histories and stale Sable material recovery, explicit emitter motion-domain identity, motion-domain-stable receiver-relative light-history limits, previous-light position metadata, rotation-correct cross-sublevel motion, guarded ordinary-world all-light and external-only Sable single-neighbor spatial reuse, immutable spatial input, current-receiver visibility validation, bounded spatial history, independent spatial random stream, bounded reservoirs, zero-contribution batch accounting, actual-motion reactive lights, stable-anchor Sable reprojection, surface-plane SVGF, visibility-transition provenance, stable Sable identity, current-visible temporal reuse, Sable plot-section isolation, deterministic diagonal cutouts, generation-aligned adaptive stratified ReSTIR proposals, exposed-face Sable local visibility, duplicate Veil point-light suppression, moving-light and Iris material bridges; finite-segment OOB visibility and tree-origin tracing, masked passes, texture barriers, accumulation, denoising, handheld; Sable-receiver world/cross-sublevel spatial reuse and combined GI compatibility gates active
[11Aug2026 11:25:39.541] [Render thread/INFO] [Photonics/]: Photonics ReSTIR configuration v107: directCandidatesPerPixel=32, directTemporalSampleCap=640, directVisibilityLanes=1, directOutputSampleCap=world-128/sable-temporal-cap, spatialCandidates=0, spatialRadiusPixels=5.0, output=split-direct-and-gi-radiance-plus-exact-sable-local, samplingPolicy=large-list-logarithmic-rank-strata+compact-list-systematic-prefix-tail+distinct-priority-prefix/sable-external-reservoir/exact-all-same-token-lights/fail-closed-tri-state-conservative-local-dda/full-precision-motion-grid-receiver/normal-biased-endpoint/preserved-zero-current-batches, spatialPolicy=receiver-matched-current-frame/external-only-sable/current-rejection-accounting/immutable-input/initial-batch-cap+rejected-fallback-cap+background-finalization, historyPolicy=receiver-domain-complete-split-stable-external/direct-only-full-rigid-local-history/camera-relative-double-compose/normal-guided-receiver/soft-local-signature-reset/visibility-transition-reset/representative-scoped-external-reactivity/explicit-emitter-domain/0.15-block-trail/2-frame-floor, lightListPolicy=position-matched-250ms-alias-trail/250ms-after-loss-minecraft-light-proxy-ownership/125ms+2-frame-unmatched-proxy-quarantine/3-cell-alias-radius/render-thread-owned-merge, motionHoldMs=250, denoiserPolicy=post-denoise-exact-local-hard-shadow+representative-gated-world+soft-local-signature-sable, sableSkyLightDiagnostic=transition-log/optional-freeze-getter, directDenoiserPasses=5, giDenoiserPasses=3, softShadows=false, combinedGi=true, splitGi=false
[11Aug2026 11:25:39.544] [Render thread/INFO] [Photonics/]: Photonics framebuffer capacity v68: buffer=side-a, attachments=8, maxDrawBuffers=8, maxColorAttachments=8
[11Aug2026 11:25:39.544] [Render thread/INFO] [Photonics/]: Photonics framebuffer capacity v68: buffer=side-b, attachments=8, maxDrawBuffers=8, maxColorAttachments=8
[11Aug2026 11:25:39.545] [Render thread/INFO] [Photonics/]: Photonics history reset v18: reason=pipeline-created, generation=2, dimension=minecraft:overworld
[11Aug2026 11:25:39.545] [Render thread/INFO] [Iris/]: Creating pipeline for dimension minecraft:overworld
[11Aug2026 11:25:39.609] [Render thread/INFO] [org.anarres.cpp.DefaultPreprocessorListener/]: null:0:0: error: #endif without #if
[11Aug2026 11:25:39.620] [Render thread/INFO] [org.anarres.cpp.DefaultPreprocessorListener/]: null:0:0: error: #endif without #if
[11Aug2026 11:25:39.640] [Render thread/INFO] [org.anarres.cpp.DefaultPreprocessorListener/]: null:0:0: error: #endif without #if
[11Aug2026 11:25:39.656] [Render thread/INFO] [org.anarres.cpp.DefaultPreprocessorListener/]: null:0:0: error: #endif without #if
[11Aug2026 11:25:39.674] [Render thread/INFO] [org.anarres.cpp.DefaultPreprocessorListener/]: null:0:0: error: #endif without #if
[11Aug2026 11:25:39.689] [Render thread/INFO] [org.anarres.cpp.DefaultPreprocessorListener/]: null:0:0: error: #endif without #if
[11Aug2026 11:25:39.702] [Render thread/INFO] [org.anarres.cpp.DefaultPreprocessorListener/]: null:0:0: error: #endif without #if
[11Aug2026 11:25:39.717] [Render thread/INFO] [org.anarres.cpp.DefaultPreprocessorListener/]: null:0:0: error: #endif without #if
[11Aug2026 11:25:39.731] [Render thread/INFO] [org.anarres.cpp.DefaultPreprocessorListener/]: null:0:0: error: #endif without #if
[11Aug2026 11:25:39.748] [Render thread/INFO] [org.anarres.cpp.DefaultPreprocessorListener/]: null:0:0: error: #endif without #if
[11Aug2026 11:25:39.762] [Render thread/INFO] [org.anarres.cpp.DefaultPreprocessorListener/]: null:0:0: error: #endif without #if
[11Aug2026 11:25:39.930] [Render thread/WARN] [flywheel/]: Flywheel backend fell back from 'flywheel:indirect' to 'flywheel:off'
[11Aug2026 11:25:39.988] [Render thread/INFO] [ChunkBuilder/]: Started 10 worker threads
[11Aug2026 11:25:40.050] [Render thread/INFO] [xaero.hud.minimap.MinimapLogs/]: Minimap updated server level id: -1668003663 for world ResourceKey[minecraft:dimension / minecraft:overworld]
[11Aug2026 11:25:40.053] [Render thread/INFO] [net.minecraft.advancements.AdvancementTree/]: Loaded 24 advancements
[11Aug2026 11:25:40.172] [Render thread/INFO] [Photonics/]: Photonics v43 Sable source validation: zeroLuminanceButTraced=0, rejectedMaterial=0, recoveredStaleMaterial=0, firstIssue=none
[11Aug2026 11:25:40.187] [Render thread/INFO] [Photonics/]: Photonics world tracing v127: layoutRevision=0, sceneRevision=0, settled=false, compiledSections=0, trackedSections=0, batchBuilt=0, batchUnloaded=0, pendingBuilds=0, pendingUnloads=0, ready=false, depth=0, blockBounds=( 0.000E+0  0.000E+0  0.000E+0)..( 0.000E+0  0.000E+0  0.000E+0), treeBounds=( 0.000E+0  0.000E+0  0.000E+0)..( 0.000E+0  0.000E+0  0.000E+0), origin=( 0.000E+0  0.000E+0  0.000E+0), boundsSource=tree, compileMs=0.000
[11Aug2026 11:25:40.188] [Render thread/INFO] [Photonics/]: Photonics v35 direct-light prefixes: movingLights=0, externalLights=0, totalLights=0, proposalBudget=adaptive-half-candidates
[11Aug2026 11:25:40.220] [Photonics Light List Compiler/INFO] [Photonics/]: Photonics light candidates v18: eligible=6, selected=6, maxLights=4000, lightSections=4, capped=false
[11Aug2026 11:25:40.349] [Render thread/INFO] [ChunkBuilder/]: Stopping worker threads
[11Aug2026 11:25:40.353] [Render thread/INFO] [ChunkBuilder/]: Started 10 worker threads
[11Aug2026 11:25:40.357] [Render thread/WARN] [flywheel/]: Flywheel backend fell back from 'flywheel:indirect' to 'flywheel:off'
[11Aug2026 11:25:40.397] [Render thread/WARN] [Sodium-VertexConsumerTracker/]: Class com.mojang.blaze3d.vertex.BufferBuilder does not support optimized vertex writing code paths, which may cause reduced rendering performance
[11Aug2026 11:25:40.442] [Render thread/INFO] [DistantHorizons-DistantHorizons-com.seibel.distanthorizons.common.render.openGl.glObject.GLProxy/]: Iris detected, Distant Horizons OpenGL error logging won't be sent in the chat due to Iris throwing known (harmless) OpenGL errors. This is a bug with Iris, not Distant Horizons.
[11Aug2026 11:25:40.443] [Render thread/INFO] [DistantHorizons-DistantHorizons-com.seibel.distanthorizons.common.render.openGl.glObject.GLProxy/]: Creating [GLProxy]... If this is the last message you see there must have been an OpenGL error.
[11Aug2026 11:25:40.444] [Render thread/INFO] [DistantHorizons-DistantHorizons-com.seibel.distanthorizons.common.render.openGl.glObject.GLProxy/]: Lod Render OpenGL version [4.6 (Core Profile) Mesa 26.1.2 - kisak-mesa PPA].
[11Aug2026 11:25:40.445] [Render thread/INFO] [DistantHorizons-DistantHorizons-com.seibel.distanthorizons.common.render.openGl.glObject.GLProxy/]: minecraftGlCapabilities:
Your OpenGL support:
openGL version 3.3+: [true] <- REQUIRED
Vertex Attribute Buffer Binding: [true] <- optional improvement
Buffer Storage: [true] <- optional improvement

[11Aug2026 11:25:40.451] [Render thread/INFO] [DistantHorizons-DistantHorizons-com.seibel.distanthorizons.common.render.openGl.glObject.GLProxy/]: GPU Vendor [AMD] with OS [Linux], Preferred upload method is [BUFFER_STORAGE].
[11Aug2026 11:25:40.451] [Render thread/INFO] [DistantHorizons-DistantHorizons-com.seibel.distanthorizons.common.render.openGl.glObject.GLProxy/]: GLProxy creation successful. OpenGL smiles upon you this day.
[11Aug2026 11:25:40.451] [Render thread/INFO] [DistantHorizons-DistantHorizons-com.seibel.distanthorizons.common.render.openGl.GlDhMetaRenderer_neoforge/]: Setting up renderer
[11Aug2026 11:25:40.456] [Render thread/INFO] [DistantHorizons-DistantHorizons-com.seibel.distanthorizons.common.render.openGl.GlDhMetaRenderer_neoforge/]: Renderer setup complete
[11Aug2026 11:25:40.459] [Render thread/INFO] [DistantHorizons-DistantHorizons-com.seibel.distanthorizons.common.render.openGl.glObject.shader.GlShader/]: Loading shader with type: [35633]
[11Aug2026 11:25:40.459] [Render thread/INFO] [DistantHorizons-DistantHorizons-com.seibel.distanthorizons.common.render.openGl.glObject.shader.GlShader/]: Shader loaded sucessfully.
[11Aug2026 11:25:40.459] [Render thread/INFO] [DistantHorizons-DistantHorizons-com.seibel.distanthorizons.common.render.openGl.glObject.shader.GlShader/]: Loading shader with type: [35632]
[11Aug2026 11:25:40.459] [Render thread/INFO] [DistantHorizons-DistantHorizons-com.seibel.distanthorizons.common.render.openGl.glObject.shader.GlShader/]: Shader loaded sucessfully.
[11Aug2026 11:25:40.464] [Render thread/INFO] [DistantHorizons-DistantHorizons-com.seibel.distanthorizons.common.render.openGl.glObject.vertexAttribute.GlVertexAttributePostGL43/]: Vertex Attribute (GL43+) completed. It contains 1 binding points and a stride size of 16
[11Aug2026 11:25:40.465] [Render thread/INFO] [DistantHorizons-DistantHorizons-com.seibel.distanthorizons.core.render.renderer.LodRenderer/]: Overriding vanilla MC settings to better fit Distant Horizons... This behavior can be disabled in the Distant Horizons config.
[11Aug2026 11:25:40.465] [Render thread/INFO] [DistantHorizons-DistantHorizons-com.seibel.distanthorizons.common.wrappers.minecraft.MinecraftClientWrapper_neoforge/]: Disabling vanilla clouds... This is done to prevent vanilla clouds from rendering on top of Distant Horizons LODs.
[11Aug2026 11:25:40.465] [Render thread/INFO] [DistantHorizons-DistantHorizons-com.seibel.distanthorizons.common.wrappers.minecraft.MinecraftClientWrapper_neoforge/]: Disabling fabulous graphics... This is done to fix vanilla chunks (specifically water blocks) not fading into Distant Horizons LODs when DH's 'Vanilla Fade' option is enabled.
[11Aug2026 11:25:40.471] [Render thread/INFO] [DistantHorizons-DistantHorizons-com.seibel.distanthorizons.common.render.openGl.glObject.shader.GlShader/]: Loading shader with type: [35633]
[11Aug2026 11:25:40.471] [Render thread/INFO] [DistantHorizons-DistantHorizons-com.seibel.distanthorizons.common.render.openGl.glObject.shader.GlShader/]: Shader loaded sucessfully.
[11Aug2026 11:25:40.471] [Render thread/INFO] [DistantHorizons-DistantHorizons-com.seibel.distanthorizons.common.render.openGl.glObject.shader.GlShader/]: Loading shader with type: [35632]
[11Aug2026 11:25:40.471] [Render thread/INFO] [DistantHorizons-DistantHorizons-com.seibel.distanthorizons.common.render.openGl.glObject.shader.GlShader/]: Shader loaded sucessfully.
[11Aug2026 11:25:40.475] [Render thread/INFO] [DistantHorizons-DistantHorizons-com.seibel.distanthorizons.common.render.openGl.glObject.vertexAttribute.GlVertexAttributePostGL43/]: Vertex Attribute (GL43+) completed. It contains 1 binding points and a stride size of 12
[11Aug2026 11:25:40.475] [Render thread/INFO] [DistantHorizons-DistantHorizons-com.seibel.distanthorizons.common.render.openGl.glObject.shader.GlShader/]: Loading shader with type: [35633]
[11Aug2026 11:25:40.475] [Render thread/INFO] [DistantHorizons-DistantHorizons-com.seibel.distanthorizons.common.render.openGl.glObject.shader.GlShader/]: Shader loaded sucessfully.
[11Aug2026 11:25:40.475] [Render thread/INFO] [DistantHorizons-DistantHorizons-com.seibel.distanthorizons.common.render.openGl.glObject.shader.GlShader/]: Loading shader with type: [35632]
[11Aug2026 11:25:40.475] [Render thread/INFO] [DistantHorizons-DistantHorizons-com.seibel.distanthorizons.common.render.openGl.glObject.shader.GlShader/]: Shader loaded sucessfully.
[11Aug2026 11:25:40.486] [Render thread/INFO] [DistantHorizons-DistantHorizons-com.seibel.distanthorizons.common.render.openGl.glObject.vertexAttribute.GlVertexAttributePostGL43/]: Vertex Attribute (GL43+) completed. It contains 1 binding points and a stride size of 12
[11Aug2026 11:25:40.494] [Photonics Light List Compiler/INFO] [Photonics/]: Photonics light candidates v18: eligible=22, selected=22, maxLights=4000, lightSections=10, capped=false
[11Aug2026 11:25:40.494] [Photonics Light List Compiler/INFO] [Photonics/]: Photonics light-list publication v88: coalescedBatches=22, peakPendingSections=1929, remainingSections=950, deferredMs=264.185
[11Aug2026 11:25:40.533] [Render thread/INFO] [top.leonx.irisveil.IrisVeilCompat/]: IrisVeilCompat: using Block program with dithering for translucent 'aeronautics:levitite/levitite'
[11Aug2026 11:25:40.592] [Render thread/WARN] [net.irisshaders.iris.pipeline.transform.transformer.CompatibilityTransformer/]: The in declaration '_veil_depth' in the gbuffers_veil_aeronautics_levitite_levitite FRAGMENT shader is missing a corresponding out declaration in the previous stage VERTEX and has been compatibility-patched. See debugging.md for more information.
[11Aug2026 11:25:40.592] [Render thread/WARN] [net.irisshaders.iris.pipeline.transform.transformer.CompatibilityTransformer/]: The in declaration '_veil_ghostNoiseMagnitude' in the gbuffers_veil_aeronautics_levitite_levitite FRAGMENT shader is missing a corresponding out declaration in the previous stage VERTEX and has been compatibility-patched. See debugging.md for more information.
[11Aug2026 11:25:40.592] [Render thread/WARN] [net.irisshaders.iris.pipeline.transform.transformer.CompatibilityTransformer/]: The in declaration '_veil_ghostLayerFullness' in the gbuffers_veil_aeronautics_levitite_levitite FRAGMENT shader is missing a corresponding out declaration in the previous stage VERTEX and has been compatibility-patched. See debugging.md for more information.
[11Aug2026 11:25:40.597] [Render thread/INFO] [top.leonx.irisveil.IrisVeilCompat/]: IrisVeilCompat: created Iris ShaderInstance for 'aeronautics:levitite/levitite'
[11Aug2026 11:25:40.610] [Render thread/INFO] [Photonics/]: Photonics history reset v18: reason=initial-clear, buffer=side-b, attachments=[ph_frag_data0, ph_frag_data1], size=-1x-1 -> 1696x677
[11Aug2026 11:25:40.610] [Render thread/INFO] [Photonics/]: Photonics history reset v18: reason=initial-clear, buffer=side-a, attachments=[ph_frag_data0, ph_frag_data1], size=-1x-1 -> 1696x677
[11Aug2026 11:25:40.613] [Render thread/INFO] [Photonics/]: Photonics history reset v18: reason=initial-clear, buffer=side-b, attachments=[restir_lighting, restir_lighting_variance, restir_direct_reservoirs0, restir_direct_state, restir_indirect_reservoirs0, restir_indirect_reservoirs1, restir_gi_history_epoch, restir_external_lighting], size=-1x-1 -> 1696x677
[11Aug2026 11:25:40.614] [Render thread/INFO] [Photonics/]: Photonics history reset v18: reason=initial-clear, buffer=side-a, attachments=[restir_lighting, restir_lighting_variance, restir_direct_reservoirs0, restir_direct_state, restir_indirect_reservoirs0, restir_indirect_reservoirs1, restir_gi_history_epoch, restir_external_lighting], size=-1x-1 -> 1696x677
[11Aug2026 11:25:40.617] [Render thread/INFO] [Photonics/]: Photonics history reset v18: reason=initial-clear, buffer=side-a, attachments=[denoise_result], size=-1x-1 -> 1696x677
[11Aug2026 11:25:40.617] [Render thread/INFO] [Photonics/]: Photonics history reset v18: reason=initial-clear, buffer=side-b, attachments=[denoise_result], size=-1x-1 -> 1696x677
[11Aug2026 11:25:40.644] [Render thread/INFO] [Veil/]: Multi-Bind supported, using core
[11Aug2026 11:25:40.696] [Photonics Light List Compiler/INFO] [Photonics/]: Photonics light candidates v18: eligible=88, selected=88, maxLights=4000, lightSections=11, capped=false
[11Aug2026 11:25:40.696] [Photonics Light List Compiler/INFO] [Photonics/]: Photonics light-list publication v88: coalescedBatches=20, peakPendingSections=902, remainingSections=0, deferredMs=178.489
[11Aug2026 11:25:40.702] [Render thread/INFO] [xaero.hud.minimap.MinimapLogs/]: Reloading radar icon resources...
[11Aug2026 11:25:40.714] [Render thread/INFO] [xaero.hud.minimap.MinimapLogs/]: Reloaded radar icon resources!
[11Aug2026 11:25:40.935] [Render thread/INFO] [Photonics/]: Photonics light list pending: 0 -> 88
[11Aug2026 11:25:40.953] [Photonic Chunk Compiler #0/INFO] [Photonics/]: Photonics voxel diagnostic: state=Block{minecraft:verdant_froglight}[axis=x] vertexHash=ec6e76b13368ce7c complete=true samples=1600 alphaZero=0 alphaPartial=0 alphaOpaque=1600 alphaMean=255.0 alphaRange=255-255 rgbMean=[217.2,237.8,214.8] rgbRange=[120-248,166-253,92-248] voxels=1352 aabb=[0,0,0]-[15,15,15] parts=[( 0.000E+0  0.000E+0  0.000E+0)]
[11Aug2026 11:25:40.954] [Photonic Chunk Compiler #0/INFO] [Photonics/]: Photonics voxel occupancy: state=Block{minecraft:verdant_froglight}[axis=x] part=( 0.000E+0  0.000E+0  0.000E+0) slices=y0=ffff/ffff/ffff/ffff/ffff/ffff/ffff/ffff/ffff/ffff/ffff/ffff/ffff/ffff/ffff/ffff;y1=ffff/8001/8001/8001/8001/8001/8001/8001/8001/8001/8001/8001/8001/8001/8001/ffff;y2=ffff/8001/8001/8001/8001/8001/8001/8001/8001/8001/8001/8001/8001/8001/8001/ffff;y3=ffff/8001/8001/8001/8001/8001/8001/8001/8001/8001/8001/8001/8001/8001/8001/ffff;y4=ffff/8001/8001/8001/8001/8001/8001/8001/8001/8001/8001/8001/8001/8001/8001/ffff;y5=ffff/8001/8001/8001/8001/8001/8001/8001/8001/8001/8001/8001/8001/8001/8001/ffff;y6=ffff/8001/8001/8001/8001/8001/8001/8001/8001/8001/8001/8001/8001/8001/8001/ffff;y7=ffff/8001/8001/8001/8001/8001/8001/8001/8001/8001/8001/8001/8001/8001/8001/ffff;y8=ffff/8001/8001/8001/8001/8001/8001/8001/8001/8001/8001/8001/8001/8001/8001/ffff;y9=ffff/8001/8001/8001/8001/8001/8001/8001/8001/8001/8001/8001/8001/8001/8001/ffff;y10=ffff/8001/8001/8001/8001/8001/8001/8001/8001/8001/8001/8001/8001/8001/8001/ffff;y11=ffff/8001/8001/8001/8001/8001/8001/8001/8001/8001/8001/8001/8001/8001/8001/ffff;y12=ffff/8001/8001/8001/8001/8001/8001/8001/8001/8001/8001/8001/8001/8001/8001/ffff;y13=ffff/8001/8001/8001/8001/8001/8001/8001/8001/8001/8001/8001/8001/8001/8001/ffff;y14=ffff/8001/8001/8001/8001/8001/8001/8001/8001/8001/8001/8001/8001/8001/8001/ffff;y15=ffff/ffff/ffff/ffff/ffff/ffff/ffff/ffff/ffff/ffff/ffff/ffff/ffff/ffff/ffff/ffff
[11Aug2026 11:25:40.983] [Photonic Chunk Compiler #0/INFO] [Photonics/]: Photonics voxel diagnostic: state=Block{minecraft:red_stained_glass} vertexHash=355c69a4013af728 complete=true samples=1600 alphaZero=0 alphaPartial=1600 alphaOpaque=0 alphaMean=117.2 alphaRange=102-163 rgbMean=[153.0,51.0,51.0] rgbRange=[153-153,51-51,51-51] voxels=1352 aabb=[0,0,0]-[15,15,15] parts=[( 0.000E+0  0.000E+0  0.000E+0)]
[11Aug2026 11:25:40.995] [Photonic Chunk Compiler #0/INFO] [Photonics/]: Photonics voxel occupancy: state=Block{minecraft:red_stained_glass} part=( 0.000E+0  0.000E+0  0.000E+0) slices=y0=ffff/ffff/ffff/ffff/ffff/ffff/ffff/ffff/ffff/ffff/ffff/ffff/ffff/ffff/ffff/ffff;y1=ffff/8001/8001/8001/8001/8001/8001/8001/8001/8001/8001/8001/8001/8001/8001/ffff;y2=ffff/8001/8001/8001/8001/8001/8001/8001/8001/8001/8001/8001/8001/8001/8001/ffff;y3=ffff/8001/8001/8001/8001/8001/8001/8001/8001/8001/8001/8001/8001/8001/8001/ffff;y4=ffff/8001/8001/8001/8001/8001/8001/8001/8001/8001/8001/8001/8001/8001/8001/ffff;y5=ffff/8001/8001/8001/8001/8001/8001/8001/8001/8001/8001/8001/8001/8001/8001/ffff;y6=ffff/8001/8001/8001/8001/8001/8001/8001/8001/8001/8001/8001/8001/8001/8001/ffff;y7=ffff/8001/8001/8001/8001/8001/8001/8001/8001/8001/8001/8001/8001/8001/8001/ffff;y8=ffff/8001/8001/8001/8001/8001/8001/8001/8001/8001/8001/8001/8001/8001/8001/ffff;y9=ffff/8001/8001/8001/8001/8001/8001/8001/8001/8001/8001/8001/8001/8001/8001/ffff;y10=ffff/8001/8001/8001/8001/8001/8001/8001/8001/8001/8001/8001/8001/8001/8001/ffff;y11=ffff/8001/8001/8001/8001/8001/8001/8001/8001/8001/8001/8001/8001/8001/8001/ffff;y12=ffff/8001/8001/8001/8001/8001/8001/8001/8001/8001/8001/8001/8001/8001/8001/ffff;y13=ffff/8001/8001/8001/8001/8001/8001/8001/8001/8001/8001/8001/8001/8001/8001/ffff;y14=ffff/8001/8001/8001/8001/8001/8001/8001/8001/8001/8001/8001/8001/8001/8001/ffff;y15=ffff/ffff/ffff/ffff/ffff/ffff/ffff/ffff/ffff/ffff/ffff/ffff/ffff/ffff/ffff/ffff
[11Aug2026 11:25:41.293] [Render thread/INFO] [Photonics/]: Photonics world tracing v127: layoutRevision=2, sceneRevision=0, settled=false, compiledSections=48, trackedSections=2018, batchBuilt=48, batchUnloaded=0, pendingBuilds=88, pendingUnloads=0, ready=true, depth=6, blockBounds=( 1.760E+2  1.440E+2  1.600E+2)..( 2.880E+2  2.240E+2  2.720E+2), treeBounds=( 0.000E+0  0.000E+0  0.000E+0)..( 1.024E+3  1.024E+3  1.024E+3), origin=(-2.560E+2 -1.920E+2 -1.280E+2), boundsSource=compiled, compileMs=98.004
[11Aug2026 11:25:41.332] [Photonic Chunk Compiler #0/INFO] [Photonics/]: Photonics voxel diagnostic: state=Block{minecraft:verdant_froglight}[axis=y] vertexHash=84a70827ab486270 complete=true samples=1600 alphaZero=0 alphaPartial=0 alphaOpaque=1600 alphaMean=255.0 alphaRange=255-255 rgbMean=[217.1,237.8,214.6] rgbRange=[120-248,166-253,92-248] voxels=1352 aabb=[0,0,0]-[15,15,15] parts=[( 0.000E+0  0.000E+0  0.000E+0)]
[11Aug2026 11:25:41.333] [Photonic Chunk Compiler #0/INFO] [Photonics/]: Photonics voxel occupancy: state=Block{minecraft:verdant_froglight}[axis=y] part=( 0.000E+0  0.000E+0  0.000E+0) slices=y0=ffff/ffff/ffff/ffff/ffff/ffff/ffff/ffff/ffff/ffff/ffff/ffff/ffff/ffff/ffff/ffff;y1=ffff/8001/8001/8001/8001/8001/8001/8001/8001/8001/8001/8001/8001/8001/8001/ffff;y2=ffff/8001/8001/8001/8001/8001/8001/8001/8001/8001/8001/8001/8001/8001/8001/ffff;y3=ffff/8001/8001/8001/8001/8001/8001/8001/8001/8001/8001/8001/8001/8001/8001/ffff;y4=ffff/8001/8001/8001/8001/8001/8001/8001/8001/8001/8001/8001/8001/8001/8001/ffff;y5=ffff/8001/8001/8001/8001/8001/8001/8001/8001/8001/8001/8001/8001/8001/8001/ffff;y6=ffff/8001/8001/8001/8001/8001/8001/8001/8001/8001/8001/8001/8001/8001/8001/ffff;y7=ffff/8001/8001/8001/8001/8001/8001/8001/8001/8001/8001/8001/8001/8001/8001/ffff;y8=ffff/8001/8001/8001/8001/8001/8001/8001/8001/8001/8001/8001/8001/8001/8001/ffff;y9=ffff/8001/8001/8001/8001/8001/8001/8001/8001/8001/8001/8001/8001/8001/8001/ffff;y10=ffff/8001/8001/8001/8001/8001/8001/8001/8001/8001/8001/8001/8001/8001/8001/ffff;y11=ffff/8001/8001/8001/8001/8001/8001/8001/8001/8001/8001/8001/8001/8001/8001/ffff;y12=ffff/8001/8001/8001/8001/8001/8001/8001/8001/8001/8001/8001/8001/8001/8001/ffff;y13=ffff/8001/8001/8001/8001/8001/8001/8001/8001/8001/8001/8001/8001/8001/8001/ffff;y14=ffff/8001/8001/8001/8001/8001/8001/8001/8001/8001/8001/8001/8001/8001/8001/ffff;y15=ffff/ffff/ffff/ffff/ffff/ffff/ffff/ffff/ffff/ffff/ffff/ffff/ffff/ffff/ffff/ffff
[11Aug2026 11:25:42.338] [Render thread/INFO] [Photonics/]: Photonics world tracing v127: layoutRevision=13, sceneRevision=0, settled=false, compiledSections=576, trackedSections=2018, batchBuilt=48, batchUnloaded=0, pendingBuilds=96, pendingUnloads=0, ready=true, depth=6, blockBounds=( 8.000E+1  1.280E+2  8.000E+1)..( 3.680E+2  2.240E+2  3.680E+2), treeBounds=( 0.000E+0  0.000E+0  0.000E+0)..( 1.024E+3  1.024E+3  1.024E+3), origin=(-2.560E+2 -1.920E+2 -1.280E+2), boundsSource=compiled, compileMs=70.100
[11Aug2026 11:25:43.415] [Render thread/INFO] [Photonics/]: Photonics world tracing v127: layoutRevision=27, sceneRevision=0, settled=false, compiledSections=1248, trackedSections=2018, batchBuilt=48, batchUnloaded=0, pendingBuilds=96, pendingUnloads=0, ready=true, depth=6, blockBounds=( 6.400E+1  1.280E+2  4.800E+1)..( 4.000E+2  2.240E+2  3.840E+2), treeBounds=( 0.000E+0  0.000E+0  0.000E+0)..( 1.024E+3  1.024E+3  1.024E+3), origin=(-2.560E+2 -1.920E+2 -1.280E+2), boundsSource=compiled, compileMs=86.985
[11Aug2026 11:25:44.386] [Render thread/INFO] [net.minecraft.client.gui.components.ChatComponent/]: [System] [CHAT] Distant Horizons: G1 Garbage collector detected.\nThis can cause FPS stuttering. \nIt's recommended to use a concurrent garbage collector \nlike ZGC (Java 21+) or Shenandoah (Java 8 through 17) \nfor a smoother experience. \nThis warning can be disabled in the DH config.
[11Aug2026 11:25:44.499] [Render thread/INFO] [Photonics/]: Photonics world tracing v127: layoutRevision=39, sceneRevision=0, settled=false, compiledSections=1824, trackedSections=2018, batchBuilt=48, batchUnloaded=0, pendingBuilds=96, pendingUnloads=0, ready=true, depth=6, blockBounds=( 6.400E+1  1.280E+2  4.800E+1)..( 4.000E+2  2.240E+2  3.840E+2), treeBounds=( 0.000E+0  0.000E+0  0.000E+0)..( 1.024E+3  1.024E+3  1.024E+3), origin=(-2.560E+2 -1.920E+2 -1.280E+2), boundsSource=compiled, compileMs=83.477
[11Aug2026 11:25:44.619] [Render thread/INFO] [Photonics/]: Photonics pass timing v73: group=frag data, passes=[frag data], viewport=1696x677, megapixels=1.148, cpuInvocations=146, cpuSubmitAvgMs=0.069, cpuSubmitMaxMs=0.504, gpuSamples=37, gpuAvgMs=0.063, gpuMaxMs=0.111, gpuAvgMsPerMP=0.055
[11Aug2026 11:25:44.619] [Render thread/INFO] [Photonics/]: Photonics frame throughput v78: viewport=1696x677, windowSeconds=5.005, renderedFrames=146, fps=29.171, frameAvgMs=34.280
[11Aug2026 11:25:44.634] [Render thread/INFO] [Photonics/]: Photonics pass timing v73: group=restir direct, passes=[initial direct + visibility], viewport=1696x677, megapixels=1.148, cpuInvocations=147, cpuSubmitAvgMs=0.055, cpuSubmitMaxMs=0.570, gpuSamples=37, gpuAvgMs=0.292, gpuMaxMs=0.450, gpuAvgMsPerMP=0.255
[11Aug2026 11:25:44.652] [Render thread/INFO] [Photonics/]: Photonics pass timing v73: group=restir gi initial, passes=[initial indirect], viewport=1696x677, megapixels=1.148, cpuInvocations=148, cpuSubmitAvgMs=0.020, cpuSubmitMaxMs=0.117, gpuSamples=37, gpuAvgMs=0.934, gpuMaxMs=1.040, gpuAvgMsPerMP=0.814
[11Aug2026 11:25:44.685] [Render thread/INFO] [Photonics/]: Photonics pass timing v73: group=restir temporal, passes=[temporal reuse + tri-state GI classification], viewport=1696x677, megapixels=1.148, cpuInvocations=150, cpuSubmitAvgMs=0.025, cpuSubmitMaxMs=0.109, gpuSamples=38, gpuAvgMs=0.544, gpuMaxMs=0.701, gpuAvgMsPerMP=0.474
[11Aug2026 11:25:44.685] [Render thread/INFO] [Photonics/]: Photonics pass timing v73: group=restir spatial, passes=[spatial reuse/clamp + tri-state GI classification], viewport=1696x677, megapixels=1.148, cpuInvocations=150, cpuSubmitAvgMs=0.018, cpuSubmitMaxMs=0.113, gpuSamples=38, gpuAvgMs=0.153, gpuMaxMs=0.172, gpuAvgMsPerMP=0.133
[11Aug2026 11:25:44.704] [Render thread/INFO] [Photonics/]: Photonics pass timing v73: group=restir diffuse, passes=[diffuse], viewport=1696x677, megapixels=1.148, cpuInvocations=151, cpuSubmitAvgMs=0.016, cpuSubmitMaxMs=0.128, gpuSamples=38, gpuAvgMs=0.252, gpuMaxMs=0.418, gpuAvgMsPerMP=0.220
[11Aug2026 11:25:44.717] [Render thread/INFO] [Photonics/]: Photonics pass timing v73: group=restir accumulation, passes=[accumulation], viewport=1696x677, megapixels=1.148, cpuInvocations=152, cpuSubmitAvgMs=0.024, cpuSubmitMaxMs=0.278, gpuSamples=38, gpuAvgMs=0.399, gpuMaxMs=0.441, gpuAvgMsPerMP=0.348
[11Aug2026 11:25:44.733] [Render thread/INFO] [Photonics/]: Photonics pass timing v73: group=svgf variance, passes=[variance prefilter], viewport=1696x677, megapixels=1.148, cpuInvocations=153, cpuSubmitAvgMs=0.014, cpuSubmitMaxMs=0.077, gpuSamples=38, gpuAvgMs=0.445, gpuMaxMs=0.501, gpuAvgMsPerMP=0.388
[11Aug2026 11:25:44.753] [Render thread/INFO] [Photonics/]: Photonics pass timing v73: group=svgf atrous, passes=[atrous iteration], viewport=1696x677, megapixels=1.148, cpuInvocations=766, cpuSubmitAvgMs=0.032, cpuSubmitMaxMs=18.932, gpuSamples=192, gpuAvgMs=0.176, gpuMaxMs=0.202, gpuAvgMsPerMP=0.153
[11Aug2026 11:25:44.767] [Render thread/INFO] [Photonics/]: Photonics pass timing v73: group=restir local, passes=[exact local direct], viewport=1696x677, megapixels=1.148, cpuInvocations=155, cpuSubmitAvgMs=0.021, cpuSubmitMaxMs=0.165, gpuSamples=39, gpuAvgMs=0.008, gpuMaxMs=0.014, gpuAvgMsPerMP=0.007
[11Aug2026 11:25:44.767] [Render thread/INFO] [Photonics/]: Photonics pass timing v73: group=restir handheld, passes=[handheld], viewport=1696x677, megapixels=1.148, cpuInvocations=155, cpuSubmitAvgMs=0.027, cpuSubmitMaxMs=0.225, gpuSamples=39, gpuAvgMs=0.012, gpuMaxMs=0.013, gpuAvgMsPerMP=0.010
[11Aug2026 11:25:46.934] [Render thread/INFO] [Photonics/]: Photonics world tracing v127: layoutRevision=44, sceneRevision=0, settled=true, compiledSections=2018, trackedSections=2018, batchBuilt=2, batchUnloaded=0, pendingBuilds=0, pendingUnloads=0, ready=true, depth=6, blockBounds=( 6.400E+1  1.280E+2  4.800E+1)..( 4.000E+2  2.240E+2  3.840E+2), treeBounds=( 0.000E+0  0.000E+0  0.000E+0)..( 1.024E+3  1.024E+3  1.024E+3), origin=(-2.560E+2 -1.920E+2 -1.280E+2), boundsSource=compiled, compileMs=40.330
[11Aug2026 11:25:46.935] [Render thread/INFO] [Photonics/]: Photonics memory v72: jvmHeap={usedBytes=1954412048, committedBytes=2575302656, maxBytes=8589934592}, jvmGc={collections=94, timeMs=655}, worldHeap=GpuBufferHeapStats[capacityBytes=536870912, reservedBytes=135752500, liveBytes=135747668, peakLiveBytes=135747668, reusableBytes=4832, allocations=109446, reusedAllocations=137, frees=164, failedAllocations=0], paletteHeap=GpuBufferHeapStats[capacityBytes=201326592, reservedBytes=89088, liveBytes=89088, peakLiveBytes=89088, reusableBytes=0, allocations=956, reusedAllocations=28, frees=28, failedAllocations=0], registries={lights=Stats[cachedObjects=1, pendingFreeObjects=0, allocatedObjects=1, failedAllocations=0], palettes=Stats[cachedObjects=928, pendingFreeObjects=0, allocatedObjects=956, failedAllocations=0], blocks=Stats[cachedObjects=1302, pendingFreeObjects=0, allocatedObjects=1335, failedAllocations=0], models=Stats[cachedObjects=28, pendingFreeObjects=0, allocatedObjects=29, failedAllocations=0]}
[11Aug2026 11:25:49.623] [Render thread/INFO] [Photonics/]: Photonics pass timing v73: group=frag data, passes=[frag data], viewport=1696x677, megapixels=1.148, cpuInvocations=300, cpuSubmitAvgMs=0.040, cpuSubmitMaxMs=0.126, gpuSamples=75, gpuAvgMs=0.060, gpuMaxMs=0.096, gpuAvgMsPerMP=0.052
[11Aug2026 11:25:49.623] [Render thread/INFO] [Photonics/]: Photonics frame throughput v78: viewport=1696x677, windowSeconds=5.004, renderedFrames=300, fps=59.952, frameAvgMs=16.680
[11Aug2026 11:25:49.640] [Render thread/INFO] [Photonics/]: Photonics pass timing v73: group=restir direct, passes=[initial direct + visibility], viewport=1696x677, megapixels=1.148, cpuInvocations=300, cpuSubmitAvgMs=0.026, cpuSubmitMaxMs=0.086, gpuSamples=75, gpuAvgMs=0.290, gpuMaxMs=0.339, gpuAvgMsPerMP=0.253
[11Aug2026 11:25:49.655] [Render thread/INFO] [Photonics/]: Photonics pass timing v73: group=restir gi initial, passes=[initial indirect], viewport=1696x677, megapixels=1.148, cpuInvocations=300, cpuSubmitAvgMs=0.012, cpuSubmitMaxMs=0.041, gpuSamples=75, gpuAvgMs=0.802, gpuMaxMs=1.031, gpuAvgMsPerMP=0.698
[11Aug2026 11:25:49.690] [Render thread/INFO] [Photonics/]: Photonics pass timing v73: group=restir temporal, passes=[temporal reuse + tri-state GI classification], viewport=1696x677, megapixels=1.148, cpuInvocations=300, cpuSubmitAvgMs=0.016, cpuSubmitMaxMs=0.035, gpuSamples=75, gpuAvgMs=0.447, gpuMaxMs=0.590, gpuAvgMsPerMP=0.389
[11Aug2026 11:25:49.690] [Render thread/INFO] [Photonics/]: Photonics pass timing v73: group=restir spatial, passes=[spatial reuse/clamp + tri-state GI classification], viewport=1696x677, megapixels=1.148, cpuInvocations=300, cpuSubmitAvgMs=0.011, cpuSubmitMaxMs=0.032, gpuSamples=75, gpuAvgMs=0.106, gpuMaxMs=0.199, gpuAvgMsPerMP=0.093
[11Aug2026 11:25:49.705] [Render thread/INFO] [Photonics/]: Photonics pass timing v73: group=restir diffuse, passes=[diffuse], viewport=1696x677, megapixels=1.148, cpuInvocations=300, cpuSubmitAvgMs=0.009, cpuSubmitMaxMs=0.018, gpuSamples=75, gpuAvgMs=0.246, gpuMaxMs=0.279, gpuAvgMsPerMP=0.214
[11Aug2026 11:25:49.721] [Render thread/INFO] [Photonics/]: Photonics pass timing v73: group=restir accumulation, passes=[accumulation], viewport=1696x677, megapixels=1.148, cpuInvocations=300, cpuSubmitAvgMs=0.016, cpuSubmitMaxMs=0.031, gpuSamples=75, gpuAvgMs=0.358, gpuMaxMs=0.459, gpuAvgMsPerMP=0.312
[11Aug2026 11:25:49.739] [Render thread/INFO] [Photonics/]: Photonics pass timing v73: group=svgf variance, passes=[variance prefilter], viewport=1696x677, megapixels=1.148, cpuInvocations=300, cpuSubmitAvgMs=0.009, cpuSubmitMaxMs=0.022, gpuSamples=75, gpuAvgMs=0.378, gpuMaxMs=0.491, gpuAvgMsPerMP=0.329
[11Aug2026 11:25:49.756] [Render thread/INFO] [Photonics/]: Photonics pass timing v73: group=svgf atrous, passes=[atrous iteration], viewport=1696x677, megapixels=1.148, cpuInvocations=1500, cpuSubmitAvgMs=0.003, cpuSubmitMaxMs=0.027, gpuSamples=375, gpuAvgMs=0.145, gpuMaxMs=0.251, gpuAvgMsPerMP=0.127
[11Aug2026 11:25:49.772] [Render thread/INFO] [Photonics/]: Photonics pass timing v73: group=restir local, passes=[exact local direct], viewport=1696x677, megapixels=1.148, cpuInvocations=300, cpuSubmitAvgMs=0.011, cpuSubmitMaxMs=0.029, gpuSamples=75, gpuAvgMs=0.008, gpuMaxMs=0.008, gpuAvgMsPerMP=0.007
[11Aug2026 11:25:49.772] [Render thread/INFO] [Photonics/]: Photonics pass timing v73: group=restir handheld, passes=[handheld], viewport=1696x677, megapixels=1.148, cpuInvocations=300, cpuSubmitAvgMs=0.017, cpuSubmitMaxMs=0.079, gpuSamples=75, gpuAvgMs=0.011, gpuMaxMs=0.012, gpuAvgMsPerMP=0.010
[11Aug2026 11:25:50.172] [Render thread/INFO] [Photonics/]: Photonics direct reservoir sample v64: samples=120, populated=0, emptyOrBackground=1, visibilityRejected=119, invalid=0, overLegacyCap=29, overTemporalCap=5, totalSamplesRange=32.0..667.5, viewport=1696x677
[11Aug2026 11:25:54.641] [Render thread/INFO] [Photonics/]: Photonics pass timing v73: group=frag data, passes=[frag data], viewport=1696x677, megapixels=1.148, cpuInvocations=300, cpuSubmitAvgMs=0.039, cpuSubmitMaxMs=0.199, gpuSamples=75, gpuAvgMs=0.059, gpuMaxMs=0.107, gpuAvgMsPerMP=0.052
[11Aug2026 11:25:54.641] [Render thread/INFO] [Photonics/]: Photonics frame throughput v78: viewport=1696x677, windowSeconds=5.019, renderedFrames=300, fps=59.778, frameAvgMs=16.728
[11Aug2026 11:25:54.642] [Render thread/INFO] [Photonics/]: Photonics pass timing v73: group=restir direct, passes=[initial direct + visibility], viewport=1696x677, megapixels=1.148, cpuInvocations=299, cpuSubmitAvgMs=0.025, cpuSubmitMaxMs=0.058, gpuSamples=75, gpuAvgMs=0.322, gpuMaxMs=0.352, gpuAvgMsPerMP=0.281
[11Aug2026 11:25:54.657] [Render thread/INFO] [Photonics/]: Photonics pass timing v73: group=restir gi initial, passes=[initial indirect], viewport=1696x677, megapixels=1.148, cpuInvocations=299, cpuSubmitAvgMs=0.012, cpuSubmitMaxMs=0.031, gpuSamples=75, gpuAvgMs=0.887, gpuMaxMs=1.009, gpuAvgMsPerMP=0.772
[11Aug2026 11:25:54.691] [Render thread/INFO] [Photonics/]: Photonics pass timing v73: group=restir temporal, passes=[temporal reuse + tri-state GI classification], viewport=1696x677, megapixels=1.148, cpuInvocations=299, cpuSubmitAvgMs=0.013, cpuSubmitMaxMs=0.046, gpuSamples=74, gpuAvgMs=0.506, gpuMaxMs=0.578, gpuAvgMsPerMP=0.441
[11Aug2026 11:25:54.691] [Render thread/INFO] [Photonics/]: Photonics pass timing v73: group=restir spatial, passes=[spatial reuse/clamp + tri-state GI classification], viewport=1696x677, megapixels=1.148, cpuInvocations=299, cpuSubmitAvgMs=0.011, cpuSubmitMaxMs=0.029, gpuSamples=74, gpuAvgMs=0.123, gpuMaxMs=0.153, gpuAvgMsPerMP=0.107
[11Aug2026 11:25:54.708] [Render thread/INFO] [Photonics/]: Photonics pass timing v73: group=restir diffuse, passes=[diffuse], viewport=1696x677, megapixels=1.148, cpuInvocations=299, cpuSubmitAvgMs=0.009, cpuSubmitMaxMs=0.020, gpuSamples=75, gpuAvgMs=0.270, gpuMaxMs=0.304, gpuAvgMsPerMP=0.235
[11Aug2026 11:25:54.723] [Render thread/INFO] [Photonics/]: Photonics pass timing v73: group=restir accumulation, passes=[accumulation], viewport=1696x677, megapixels=1.148, cpuInvocations=299, cpuSubmitAvgMs=0.014, cpuSubmitMaxMs=0.054, gpuSamples=75, gpuAvgMs=0.384, gpuMaxMs=0.477, gpuAvgMsPerMP=0.335
[11Aug2026 11:25:54.741] [Render thread/INFO] [Photonics/]: Photonics pass timing v73: group=svgf variance, passes=[variance prefilter], viewport=1696x677, megapixels=1.148, cpuInvocations=299, cpuSubmitAvgMs=0.009, cpuSubmitMaxMs=0.024, gpuSamples=75, gpuAvgMs=0.409, gpuMaxMs=0.506, gpuAvgMsPerMP=0.357
[11Aug2026 11:25:54.756] [Render thread/INFO] [Photonics/]: Photonics pass timing v73: group=svgf atrous, passes=[atrous iteration], viewport=1696x677, megapixels=1.148, cpuInvocations=1495, cpuSubmitAvgMs=0.003, cpuSubmitMaxMs=0.026, gpuSamples=373, gpuAvgMs=0.158, gpuMaxMs=0.238, gpuAvgMsPerMP=0.137
[11Aug2026 11:25:54.773] [Render thread/INFO] [Photonics/]: Photonics pass timing v73: group=restir local, passes=[exact local direct], viewport=1696x677, megapixels=1.148, cpuInvocations=299, cpuSubmitAvgMs=0.010, cpuSubmitMaxMs=0.022, gpuSamples=75, gpuAvgMs=0.008, gpuMaxMs=0.008, gpuAvgMsPerMP=0.007
[11Aug2026 11:25:54.773] [Render thread/INFO] [Photonics/]: Photonics pass timing v73: group=restir handheld, passes=[handheld], viewport=1696x677, megapixels=1.148, cpuInvocations=299, cpuSubmitAvgMs=0.015, cpuSubmitMaxMs=0.109, gpuSamples=75, gpuAvgMs=0.011, gpuMaxMs=0.012, gpuAvgMsPerMP=0.010
[11Aug2026 11:25:57.161] [Photonic Chunk Compiler #1/INFO] [Photonics/]: Photonics scene content change v127: section=( 2.000E+0  0.000E+0  1.000E+1), previousSceneHash=2615250702929895644, sceneHash=-7154954736500720250, fullHash=-1255520699622081146
[11Aug2026 11:25:57.203] [Render thread/INFO] [Photonics/]: Photonics world tracing v127: layoutRevision=45, sceneRevision=1, settled=false, compiledSections=2018, trackedSections=2018, batchBuilt=1, batchUnloaded=0, pendingBuilds=0, pendingUnloads=0, ready=true, depth=6, blockBounds=( 6.400E+1  1.280E+2  4.800E+1)..( 4.000E+2  2.240E+2  3.840E+2), treeBounds=( 0.000E+0  0.000E+0  0.000E+0)..( 1.024E+3  1.024E+3  1.024E+3), origin=(-2.560E+2 -1.920E+2 -1.280E+2), boundsSource=compiled, compileMs=36.723
[11Aug2026 11:25:58.207] [Render thread/INFO] [Photonics/]: Photonics direct reservoir sample v64: samples=120, populated=0, emptyOrBackground=0, visibilityRejected=120, invalid=0, overLegacyCap=28, overTemporalCap=6, totalSamplesRange=32.0..667.5, viewport=1696x677
[11Aug2026 11:25:59.207] [Render thread/INFO] [Photonics/]: Photonics world tracing v127: layoutRevision=45, sceneRevision=1, settled=true, compiledSections=2018, trackedSections=2018, batchBuilt=1, batchUnloaded=0, pendingBuilds=0, pendingUnloads=0, ready=true, depth=6, blockBounds=( 6.400E+1  1.280E+2  4.800E+1)..( 4.000E+2  2.240E+2  3.840E+2), treeBounds=( 0.000E+0  0.000E+0  0.000E+0)..( 1.024E+3  1.024E+3  1.024E+3), origin=(-2.560E+2 -1.920E+2 -1.280E+2), boundsSource=compiled, compileMs=36.723
[11Aug2026 11:25:59.207] [Render thread/INFO] [Photonics/]: Photonics memory v72: jvmHeap={usedBytes=1465144160, committedBytes=3250585600, maxBytes=8589934592}, jvmGc={collections=98, timeMs=684}, worldHeap=GpuBufferHeapStats[capacityBytes=536870912, reservedBytes=135752500, liveBytes=135747668, peakLiveBytes=135747668, reusableBytes=4832, allocations=109446, reusedAllocations=137, frees=164, failedAllocations=0], paletteHeap=GpuBufferHeapStats[capacityBytes=201326592, reservedBytes=89088, liveBytes=89088, peakLiveBytes=89088, reusableBytes=0, allocations=956, reusedAllocations=28, frees=28, failedAllocations=0], registries={lights=Stats[cachedObjects=1, pendingFreeObjects=0, allocatedObjects=1, failedAllocations=0], palettes=Stats[cachedObjects=928, pendingFreeObjects=0, allocatedObjects=956, failedAllocations=0], blocks=Stats[cachedObjects=1302, pendingFreeObjects=0, allocatedObjects=1335, failedAllocations=0], models=Stats[cachedObjects=28, pendingFreeObjects=0, allocatedObjects=29, failedAllocations=0]}
[11Aug2026 11:25:59.643] [Render thread/INFO] [Photonics/]: Photonics pass timing v73: group=frag data, passes=[frag data], viewport=1696x677, megapixels=1.148, cpuInvocations=299, cpuSubmitAvgMs=0.039, cpuSubmitMaxMs=0.104, gpuSamples=74, gpuAvgMs=0.056, gpuMaxMs=0.071, gpuAvgMsPerMP=0.049
[11Aug2026 11:25:59.643] [Render thread/INFO] [Photonics/]: Photonics frame throughput v78: viewport=1696x677, windowSeconds=5.002, renderedFrames=299, fps=59.775, frameAvgMs=16.729
[11Aug2026 11:25:59.643] [Render thread/INFO] [Photonics/]: Photonics pass timing v73: group=restir direct, passes=[initial direct + visibility], viewport=1696x677, megapixels=1.148, cpuInvocations=299, cpuSubmitAvgMs=0.024, cpuSubmitMaxMs=0.068, gpuSamples=74, gpuAvgMs=0.316, gpuMaxMs=0.362, gpuAvgMsPerMP=0.275
[11Aug2026 11:25:59.660] [Render thread/INFO] [Photonics/]: Photonics pass timing v73: group=restir gi initial, passes=[initial indirect], viewport=1696x677, megapixels=1.148, cpuInvocations=299, cpuSubmitAvgMs=0.011, cpuSubmitMaxMs=0.074, gpuSamples=75, gpuAvgMs=0.790, gpuMaxMs=0.935, gpuAvgMsPerMP=0.688
[11Aug2026 11:25:59.693] [Render thread/INFO] [Photonics/]: Photonics pass timing v73: group=restir temporal, passes=[temporal reuse + tri-state GI classification], viewport=1696x677, megapixels=1.148, cpuInvocations=299, cpuSubmitAvgMs=0.012, cpuSubmitMaxMs=0.026, gpuSamples=75, gpuAvgMs=0.459, gpuMaxMs=0.586, gpuAvgMsPerMP=0.400
[11Aug2026 11:25:59.693] [Render thread/INFO] [Photonics/]: Photonics pass timing v73: group=restir spatial, passes=[spatial reuse/clamp + tri-state GI classification], viewport=1696x677, megapixels=1.148, cpuInvocations=299, cpuSubmitAvgMs=0.011, cpuSubmitMaxMs=0.027, gpuSamples=75, gpuAvgMs=0.101, gpuMaxMs=0.141, gpuAvgMsPerMP=0.088
[11Aug2026 11:25:59.708] [Render thread/INFO] [Photonics/]: Photonics pass timing v73: group=restir diffuse, passes=[diffuse], viewport=1696x677, megapixels=1.148, cpuInvocations=299, cpuSubmitAvgMs=0.008, cpuSubmitMaxMs=0.016, gpuSamples=74, gpuAvgMs=0.265, gpuMaxMs=0.295, gpuAvgMsPerMP=0.231
[11Aug2026 11:25:59.725] [Render thread/INFO] [Photonics/]: Photonics pass timing v73: group=restir accumulation, passes=[accumulation], viewport=1696x677, megapixels=1.148, cpuInvocations=299, cpuSubmitAvgMs=0.013, cpuSubmitMaxMs=0.042, gpuSamples=75, gpuAvgMs=0.315, gpuMaxMs=0.418, gpuAvgMsPerMP=0.274
[11Aug2026 11:25:59.743] [Render thread/INFO] [Photonics/]: Photonics pass timing v73: group=svgf variance, passes=[variance prefilter], viewport=1696x677, megapixels=1.148, cpuInvocations=299, cpuSubmitAvgMs=0.009, cpuSubmitMaxMs=0.061, gpuSamples=75, gpuAvgMs=0.365, gpuMaxMs=0.458, gpuAvgMsPerMP=0.318
[11Aug2026 11:25:59.759] [Render thread/INFO] [Photonics/]: Photonics pass timing v73: group=svgf atrous, passes=[atrous iteration], viewport=1696x677, megapixels=1.148, cpuInvocations=1495, cpuSubmitAvgMs=0.003, cpuSubmitMaxMs=0.020, gpuSamples=374, gpuAvgMs=0.144, gpuMaxMs=0.228, gpuAvgMsPerMP=0.125
[11Aug2026 11:25:59.776] [Render thread/INFO] [Photonics/]: Photonics pass timing v73: group=restir local, passes=[exact local direct], viewport=1696x677, megapixels=1.148, cpuInvocations=299, cpuSubmitAvgMs=0.010, cpuSubmitMaxMs=0.024, gpuSamples=74, gpuAvgMs=0.008, gpuMaxMs=0.008, gpuAvgMsPerMP=0.007
[11Aug2026 11:25:59.776] [Render thread/INFO] [Photonics/]: Photonics pass timing v73: group=restir handheld, passes=[handheld], viewport=1696x677, megapixels=1.148, cpuInvocations=299, cpuSubmitAvgMs=0.013, cpuSubmitMaxMs=0.034, gpuSamples=74, gpuAvgMs=0.011, gpuMaxMs=0.023, gpuAvgMsPerMP=0.010
[11Aug2026 11:26:04.646] [Render thread/INFO] [Photonics/]: Photonics pass timing v73: group=frag data, passes=[frag data], viewport=1696x677, megapixels=1.148, cpuInvocations=300, cpuSubmitAvgMs=0.038, cpuSubmitMaxMs=0.092, gpuSamples=75, gpuAvgMs=0.059, gpuMaxMs=0.103, gpuAvgMsPerMP=0.052
[11Aug2026 11:26:04.646] [Render thread/INFO] [Photonics/]: Photonics frame throughput v78: viewport=1696x677, windowSeconds=5.003, renderedFrames=300, fps=59.962, frameAvgMs=16.677
[11Aug2026 11:26:04.646] [Render thread/INFO] [Photonics/]: Photonics pass timing v73: group=restir direct, passes=[initial direct + visibility], viewport=1696x677, megapixels=1.148, cpuInvocations=300, cpuSubmitAvgMs=0.023, cpuSubmitMaxMs=0.058, gpuSamples=75, gpuAvgMs=0.309, gpuMaxMs=0.350, gpuAvgMsPerMP=0.269
[11Aug2026 11:26:04.662] [Render thread/INFO] [Photonics/]: Photonics pass timing v73: group=restir gi initial, passes=[initial indirect], viewport=1696x677, megapixels=1.148, cpuInvocations=300, cpuSubmitAvgMs=0.011, cpuSubmitMaxMs=0.035, gpuSamples=75, gpuAvgMs=0.819, gpuMaxMs=1.020, gpuAvgMsPerMP=0.713
[11Aug2026 11:26:04.697] [Render thread/INFO] [Photonics/]: Photonics pass timing v73: group=restir temporal, passes=[temporal reuse + tri-state GI classification], viewport=1696x677, megapixels=1.148, cpuInvocations=300, cpuSubmitAvgMs=0.012, cpuSubmitMaxMs=0.022, gpuSamples=75, gpuAvgMs=0.474, gpuMaxMs=0.590, gpuAvgMsPerMP=0.413
[11Aug2026 11:26:04.697] [Render thread/INFO] [Photonics/]: Photonics pass timing v73: group=restir spatial, passes=[spatial reuse/clamp + tri-state GI classification], viewport=1696x677, megapixels=1.148, cpuInvocations=300, cpuSubmitAvgMs=0.011, cpuSubmitMaxMs=0.055, gpuSamples=75, gpuAvgMs=0.109, gpuMaxMs=0.169, gpuAvgMsPerMP=0.095
[11Aug2026 11:26:04.713] [Render thread/INFO] [Photonics/]: Photonics pass timing v73: group=restir diffuse, passes=[diffuse], viewport=1696x677, megapixels=1.148, cpuInvocations=300, cpuSubmitAvgMs=0.008, cpuSubmitMaxMs=0.020, gpuSamples=75, gpuAvgMs=0.255, gpuMaxMs=0.289, gpuAvgMsPerMP=0.222
[11Aug2026 11:26:04.730] [Render thread/INFO] [Photonics/]: Photonics pass timing v73: group=restir accumulation, passes=[accumulation], viewport=1696x677, megapixels=1.148, cpuInvocations=300, cpuSubmitAvgMs=0.013, cpuSubmitMaxMs=0.037, gpuSamples=75, gpuAvgMs=0.291, gpuMaxMs=0.342, gpuAvgMsPerMP=0.254
[11Aug2026 11:26:04.747] [Render thread/INFO] [Photonics/]: Photonics pass timing v73: group=svgf variance, passes=[variance prefilter], viewport=1696x677, megapixels=1.148, cpuInvocations=300, cpuSubmitAvgMs=0.009, cpuSubmitMaxMs=0.093, gpuSamples=75, gpuAvgMs=0.379, gpuMaxMs=0.474, gpuAvgMsPerMP=0.330
[11Aug2026 11:26:04.762] [Render thread/INFO] [Photonics/]: Photonics pass timing v73: group=svgf atrous, passes=[atrous iteration], viewport=1696x677, megapixels=1.148, cpuInvocations=1500, cpuSubmitAvgMs=0.003, cpuSubmitMaxMs=0.013, gpuSamples=375, gpuAvgMs=0.151, gpuMaxMs=0.188, gpuAvgMsPerMP=0.132
[11Aug2026 11:26:04.779] [Render thread/INFO] [Photonics/]: Photonics pass timing v73: group=restir local, passes=[exact local direct], viewport=1696x677, megapixels=1.148, cpuInvocations=300, cpuSubmitAvgMs=0.010, cpuSubmitMaxMs=0.023, gpuSamples=75, gpuAvgMs=0.008, gpuMaxMs=0.008, gpuAvgMsPerMP=0.007
[11Aug2026 11:26:04.779] [Render thread/INFO] [Photonics/]: Photonics pass timing v73: group=restir handheld, passes=[handheld], viewport=1696x677, megapixels=1.148, cpuInvocations=300, cpuSubmitAvgMs=0.013, cpuSubmitMaxMs=0.096, gpuSamples=75, gpuAvgMs=0.011, gpuMaxMs=0.012, gpuAvgMsPerMP=0.010
[11Aug2026 11:26:06.213] [Render thread/INFO] [Photonics/]: Photonics direct reservoir sample v64: samples=120, populated=0, emptyOrBackground=0, visibilityRejected=120, invalid=0, overLegacyCap=40, overTemporalCap=6, totalSamplesRange=32.0..667.5, viewport=1696x677
[11Aug2026 11:26:09.648] [Render thread/INFO] [Photonics/]: Photonics pass timing v73: group=frag data, passes=[frag data], viewport=1696x677, megapixels=1.148, cpuInvocations=300, cpuSubmitAvgMs=0.036, cpuSubmitMaxMs=0.091, gpuSamples=75, gpuAvgMs=0.059, gpuMaxMs=0.104, gpuAvgMsPerMP=0.051
[11Aug2026 11:26:09.648] [Render thread/INFO] [Photonics/]: Photonics frame throughput v78: viewport=1696x677, windowSeconds=5.002, renderedFrames=300, fps=59.978, frameAvgMs=16.673
[11Aug2026 11:26:09.648] [Render thread/INFO] [Photonics/]: Photonics pass timing v73: group=restir direct, passes=[initial direct + visibility], viewport=1696x677, megapixels=1.148, cpuInvocations=300, cpuSubmitAvgMs=0.021, cpuSubmitMaxMs=0.043, gpuSamples=75, gpuAvgMs=0.290, gpuMaxMs=0.321, gpuAvgMsPerMP=0.252
[11Aug2026 11:26:09.664] [Render thread/INFO] [Photonics/]: Photonics pass timing v73: group=restir gi initial, passes=[initial indirect], viewport=1696x677, megapixels=1.148, cpuInvocations=300, cpuSubmitAvgMs=0.010, cpuSubmitMaxMs=0.036, gpuSamples=75, gpuAvgMs=0.778, gpuMaxMs=0.860, gpuAvgMsPerMP=0.677
[11Aug2026 11:26:09.698] [Render thread/INFO] [Photonics/]: Photonics pass timing v73: group=restir temporal, passes=[temporal reuse + tri-state GI classification], viewport=1696x677, megapixels=1.148, cpuInvocations=300, cpuSubmitAvgMs=0.011, cpuSubmitMaxMs=0.021, gpuSamples=75, gpuAvgMs=0.457, gpuMaxMs=0.569, gpuAvgMsPerMP=0.398
[11Aug2026 11:26:09.698] [Render thread/INFO] [Photonics/]: Photonics pass timing v73: group=restir spatial, passes=[spatial reuse/clamp + tri-state GI classification], viewport=1696x677, megapixels=1.148, cpuInvocations=300, cpuSubmitAvgMs=0.009, cpuSubmitMaxMs=0.027, gpuSamples=75, gpuAvgMs=0.098, gpuMaxMs=0.119, gpuAvgMsPerMP=0.085
[11Aug2026 11:26:09.714] [Render thread/INFO] [Photonics/]: Photonics pass timing v73: group=restir diffuse, passes=[diffuse], viewport=1696x677, megapixels=1.148, cpuInvocations=300, cpuSubmitAvgMs=0.008, cpuSubmitMaxMs=0.016, gpuSamples=75, gpuAvgMs=0.256, gpuMaxMs=0.288, gpuAvgMsPerMP=0.223
[11Aug2026 11:26:09.732] [Render thread/INFO] [Photonics/]: Photonics pass timing v73: group=restir accumulation, passes=[accumulation], viewport=1696x677, megapixels=1.148, cpuInvocations=300, cpuSubmitAvgMs=0.012, cpuSubmitMaxMs=0.024, gpuSamples=75, gpuAvgMs=0.290, gpuMaxMs=0.318, gpuAvgMsPerMP=0.253
[11Aug2026 11:26:09.748] [Render thread/INFO] [Photonics/]: Photonics pass timing v73: group=svgf variance, passes=[variance prefilter], viewport=1696x677, megapixels=1.148, cpuInvocations=300, cpuSubmitAvgMs=0.008, cpuSubmitMaxMs=0.024, gpuSamples=75, gpuAvgMs=0.364, gpuMaxMs=0.408, gpuAvgMsPerMP=0.317
[11Aug2026 11:26:09.764] [Render thread/INFO] [Photonics/]: Photonics pass timing v73: group=svgf atrous, passes=[atrous iteration], viewport=1696x677, megapixels=1.148, cpuInvocations=1500, cpuSubmitAvgMs=0.003, cpuSubmitMaxMs=0.038, gpuSamples=375, gpuAvgMs=0.147, gpuMaxMs=0.166, gpuAvgMsPerMP=0.128
[11Aug2026 11:26:09.781] [Render thread/INFO] [Photonics/]: Photonics pass timing v73: group=restir local, passes=[exact local direct], viewport=1696x677, megapixels=1.148, cpuInvocations=300, cpuSubmitAvgMs=0.009, cpuSubmitMaxMs=0.103, gpuSamples=75, gpuAvgMs=0.008, gpuMaxMs=0.008, gpuAvgMsPerMP=0.007
[11Aug2026 11:26:09.781] [Render thread/INFO] [Photonics/]: Photonics pass timing v73: group=restir handheld, passes=[handheld], viewport=1696x677, megapixels=1.148, cpuInvocations=300, cpuSubmitAvgMs=0.011, cpuSubmitMaxMs=0.025, gpuSamples=75, gpuAvgMs=0.011, gpuMaxMs=0.013, gpuAvgMsPerMP=0.010
[11Aug2026 11:26:10.738] [Photonics Light List Compiler/INFO] [Photonics/]: Photonics light-list publication v88: coalescedBatches=5, peakPendingSections=93, remainingSections=0, deferredMs=14.897
[11Aug2026 11:26:10.798] [Render thread/INFO] [Photonics/]: Photonics world tracing v127: layoutRevision=46, sceneRevision=1, settled=false, compiledSections=1916, trackedSections=2018, batchBuilt=0, batchUnloaded=102, pendingBuilds=48, pendingUnloads=0, ready=true, depth=6, blockBounds=( 6.400E+1  1.280E+2  6.400E+1)..( 4.000E+2  2.240E+2  3.840E+2), treeBounds=( 0.000E+0  0.000E+0  0.000E+0)..( 1.024E+3  1.024E+3  1.024E+3), origin=(-2.560E+2 -1.920E+2 -1.280E+2), boundsSource=compiled, compileMs=74.071
[11Aug2026 11:26:11.733] [Photonics Light List Compiler/INFO] [Photonics/]: Photonics light-list publication v88: coalescedBatches=4, peakPendingSections=127, remainingSections=0, deferredMs=24.097
[11Aug2026 11:26:11.799] [Render thread/INFO] [Photonics/]: Photonics world tracing v127: layoutRevision=50, sceneRevision=1, settled=false, compiledSections=1916, trackedSections=2018, batchBuilt=0, batchUnloaded=102, pendingBuilds=62, pendingUnloads=0, ready=true, depth=6, blockBounds=( 6.400E+1  1.280E+2  6.400E+1)..( 4.000E+2  2.240E+2  3.840E+2), treeBounds=( 0.000E+0  0.000E+0  0.000E+0)..( 1.024E+3  1.024E+3  1.024E+3), origin=(-2.560E+2 -1.920E+2 -1.280E+2), boundsSource=compiled, compileMs=95.378
[11Aug2026 11:26:13.428] [Photonics Light List Compiler/INFO] [Photonics/]: Photonics light-list publication v88: coalescedBatches=3, peakPendingSections=112, remainingSections=0, deferredMs=20.799
[11Aug2026 11:26:13.479] [Render thread/INFO] [Photonics/]: Photonics world tracing v127: layoutRevision=54, sceneRevision=1, settled=false, compiledSections=1915, trackedSections=2018, batchBuilt=0, batchUnloaded=103, pendingBuilds=49, pendingUnloads=0, ready=true, depth=6, blockBounds=( 8.000E+1  1.280E+2  4.800E+1)..( 4.000E+2  2.240E+2  3.840E+2), treeBounds=( 0.000E+0  0.000E+0  0.000E+0)..( 1.024E+3  1.024E+3  1.024E+3), origin=(-2.560E+2 -1.920E+2 -1.280E+2), boundsSource=compiled, compileMs=67.292
[11Aug2026 11:26:14.263] [Render thread/INFO] [Photonics/]: Photonics direct reservoir sample v64: samples=120, populated=0, emptyOrBackground=0, visibilityRejected=120, invalid=0, overLegacyCap=37, overTemporalCap=5, totalSamplesRange=32.0..667.5, viewport=1696x677
[11Aug2026 11:26:14.650] [Render thread/INFO] [Photonics/]: Photonics pass timing v73: group=frag data, passes=[frag data], viewport=1696x677, megapixels=1.148, cpuInvocations=297, cpuSubmitAvgMs=0.036, cpuSubmitMaxMs=0.196, gpuSamples=75, gpuAvgMs=0.059, gpuMaxMs=0.084, gpuAvgMsPerMP=0.052
[11Aug2026 11:26:14.650] [Render thread/INFO] [Photonics/]: Photonics frame throughput v78: viewport=1696x677, windowSeconds=5.002, renderedFrames=297, fps=59.381, frameAvgMs=16.840
[11Aug2026 11:26:14.651] [Render thread/INFO] [Photonics/]: Photonics pass timing v73: group=restir direct, passes=[initial direct + visibility], viewport=1696x677, megapixels=1.148, cpuInvocations=297, cpuSubmitAvgMs=0.023, cpuSubmitMaxMs=0.065, gpuSamples=75, gpuAvgMs=0.276, gpuMaxMs=0.325, gpuAvgMsPerMP=0.240
[11Aug2026 11:26:14.665] [Render thread/INFO] [Photonics/]: Photonics pass timing v73: group=restir gi initial, passes=[initial indirect], viewport=1696x677, megapixels=1.148, cpuInvocations=297, cpuSubmitAvgMs=0.011, cpuSubmitMaxMs=0.032, gpuSamples=74, gpuAvgMs=0.844, gpuMaxMs=1.003, gpuAvgMsPerMP=0.735
[11Aug2026 11:26:14.715] [Render thread/INFO] [Photonics/]: Photonics pass timing v73: group=restir temporal, passes=[temporal reuse + tri-state GI classification], viewport=1696x677, megapixels=1.148, cpuInvocations=298, cpuSubmitAvgMs=0.012, cpuSubmitMaxMs=0.078, gpuSamples=75, gpuAvgMs=0.481, gpuMaxMs=0.554, gpuAvgMsPerMP=0.419
[11Aug2026 11:26:14.715] [Render thread/INFO] [Photonics/]: Photonics pass timing v73: group=restir spatial, passes=[spatial reuse/clamp + tri-state GI classification], viewport=1696x677, megapixels=1.148, cpuInvocations=298, cpuSubmitAvgMs=0.011, cpuSubmitMaxMs=0.034, gpuSamples=75, gpuAvgMs=0.112, gpuMaxMs=0.146, gpuAvgMsPerMP=0.098
[11Aug2026 11:26:14.715] [Render thread/INFO] [Photonics/]: Photonics pass timing v73: group=restir diffuse, passes=[diffuse], viewport=1696x677, megapixels=1.148, cpuInvocations=297, cpuSubmitAvgMs=0.008, cpuSubmitMaxMs=0.019, gpuSamples=75, gpuAvgMs=0.247, gpuMaxMs=0.290, gpuAvgMsPerMP=0.215
[11Aug2026 11:26:14.748] [Render thread/INFO] [Photonics/]: Photonics pass timing v73: group=restir accumulation, passes=[accumulation], viewport=1696x677, megapixels=1.148, cpuInvocations=298, cpuSubmitAvgMs=0.013, cpuSubmitMaxMs=0.031, gpuSamples=74, gpuAvgMs=0.307, gpuMaxMs=0.372, gpuAvgMsPerMP=0.267
[11Aug2026 11:26:14.764] [Render thread/INFO] [Photonics/]: Photonics pass timing v73: group=svgf variance, passes=[variance prefilter], viewport=1696x677, megapixels=1.148, cpuInvocations=298, cpuSubmitAvgMs=0.009, cpuSubmitMaxMs=0.040, gpuSamples=74, gpuAvgMs=0.397, gpuMaxMs=0.503, gpuAvgMsPerMP=0.345
[11Aug2026 11:26:14.781] [Render thread/INFO] [Photonics/]: Photonics pass timing v73: group=svgf atrous, passes=[atrous iteration], viewport=1696x677, megapixels=1.148, cpuInvocations=1490, cpuSubmitAvgMs=0.003, cpuSubmitMaxMs=0.014, gpuSamples=373, gpuAvgMs=0.160, gpuMaxMs=0.247, gpuAvgMsPerMP=0.139
[11Aug2026 11:26:14.781] [Render thread/INFO] [Photonics/]: Photonics pass timing v73: group=restir local, passes=[exact local direct], viewport=1696x677, megapixels=1.148, cpuInvocations=297, cpuSubmitAvgMs=0.010, cpuSubmitMaxMs=0.024, gpuSamples=75, gpuAvgMs=0.008, gpuMaxMs=0.008, gpuAvgMsPerMP=0.007
[11Aug2026 11:26:14.801] [Render thread/INFO] [Photonics/]: Photonics pass timing v73: group=restir handheld, passes=[handheld], viewport=1696x677, megapixels=1.148, cpuInvocations=298, cpuSubmitAvgMs=0.013, cpuSubmitMaxMs=0.065, gpuSamples=75, gpuAvgMs=0.012, gpuMaxMs=0.048, gpuAvgMsPerMP=0.010
[11Aug2026 11:26:15.429] [Photonics Light List Compiler/INFO] [Photonics/]: Photonics light-list publication v88: coalescedBatches=3, peakPendingSections=93, remainingSections=0, deferredMs=21.638
[11Aug2026 11:26:15.464] [Render thread/INFO] [Photonics/]: Photonics world tracing v127: layoutRevision=58, sceneRevision=1, settled=false, compiledSections=1915, trackedSections=2018, batchBuilt=0, batchUnloaded=103, pendingBuilds=40, pendingUnloads=0, ready=true, depth=6, blockBounds=( 8.000E+1  1.280E+2  4.800E+1)..( 4.160E+2  2.240E+2  3.680E+2), treeBounds=( 0.000E+0  0.000E+0  0.000E+0)..( 1.024E+3  1.024E+3  1.024E+3), origin=(-2.560E+2 -1.920E+2 -1.280E+2), boundsSource=compiled, compileMs=55.945
[11Aug2026 11:26:17.045] [Photonics Light List Compiler/INFO] [Photonics/]: Photonics light-list publication v88: coalescedBatches=3, peakPendingSections=94, remainingSections=0, deferredMs=32.910
[11Aug2026 11:26:17.079] [Render thread/INFO] [Photonics/]: Photonics world tracing v127: layoutRevision=62, sceneRevision=1, settled=false, compiledSections=1915, trackedSections=2018, batchBuilt=0, batchUnloaded=103, pendingBuilds=34, pendingUnloads=0, ready=true, depth=6, blockBounds=( 8.000E+1  1.280E+2  3.200E+1)..( 4.160E+2  2.240E+2  3.520E+2), treeBounds=( 0.000E+0  0.000E+0  0.000E+0)..( 1.024E+3  1.024E+3  1.024E+3), origin=(-2.560E+2 -1.920E+2 -1.280E+2), boundsSource=compiled, compileMs=64.791
[11Aug2026 11:26:18.527] [Photonics Light List Compiler/INFO] [Photonics/]: Photonics light-list publication v88: coalescedBatches=3, peakPendingSections=127, remainingSections=0, deferredMs=21.765
[11Aug2026 11:26:18.563] [Render thread/INFO] [Photonics/]: Photonics world tracing v127: layoutRevision=66, sceneRevision=1, settled=false, compiledSections=1916, trackedSections=2016, batchBuilt=0, batchUnloaded=102, pendingBuilds=41, pendingUnloads=0, ready=true, depth=6, blockBounds=( 8.000E+1  1.280E+2  8.000E+1)..( 4.160E+2  2.240E+2  4.000E+2), treeBounds=( 0.000E+0  0.000E+0  0.000E+0)..( 1.024E+3  1.024E+3  1.024E+3), origin=(-2.560E+2 -1.920E+2 -1.920E+2), boundsSource=compiled, compileMs=59.788
[11Aug2026 11:26:19.664] [Render thread/INFO] [Photonics/]: Photonics pass timing v73: group=frag data, passes=[frag data], viewport=1696x677, megapixels=1.148, cpuInvocations=299, cpuSubmitAvgMs=0.034, cpuSubmitMaxMs=0.087, gpuSamples=74, gpuAvgMs=0.062, gpuMaxMs=0.089, gpuAvgMsPerMP=0.054
[11Aug2026 11:26:19.664] [Render thread/INFO] [Photonics/]: Photonics frame throughput v78: viewport=1696x677, windowSeconds=5.015, renderedFrames=299, fps=59.625, frameAvgMs=16.772
[11Aug2026 11:26:19.665] [Render thread/INFO] [Photonics/]: Photonics pass timing v73: group=restir direct, passes=[initial direct + visibility], viewport=1696x677, megapixels=1.148, cpuInvocations=299, cpuSubmitAvgMs=0.022, cpuSubmitMaxMs=0.054, gpuSamples=74, gpuAvgMs=0.246, gpuMaxMs=0.268, gpuAvgMsPerMP=0.214
[11Aug2026 11:26:19.665] [Render thread/INFO] [Photonics/]: Photonics pass timing v73: group=restir gi initial, passes=[initial indirect], viewport=1696x677, megapixels=1.148, cpuInvocations=298, cpuSubmitAvgMs=0.011, cpuSubmitMaxMs=0.028, gpuSamples=74, gpuAvgMs=1.087, gpuMaxMs=1.255, gpuAvgMsPerMP=0.947
[11Aug2026 11:26:19.731] [Render thread/INFO] [Photonics/]: Photonics pass timing v73: group=restir temporal, passes=[temporal reuse + tri-state GI classification], viewport=1696x677, megapixels=1.148, cpuInvocations=299, cpuSubmitAvgMs=0.012, cpuSubmitMaxMs=0.028, gpuSamples=74, gpuAvgMs=0.612, gpuMaxMs=0.858, gpuAvgMsPerMP=0.533
[11Aug2026 11:26:19.731] [Render thread/INFO] [Photonics/]: Photonics pass timing v73: group=restir spatial, passes=[spatial reuse/clamp + tri-state GI classification], viewport=1696x677, megapixels=1.148, cpuInvocations=299, cpuSubmitAvgMs=0.010, cpuSubmitMaxMs=0.027, gpuSamples=74, gpuAvgMs=0.163, gpuMaxMs=0.203, gpuAvgMsPerMP=0.142
[11Aug2026 11:26:19.731] [Render thread/INFO] [Photonics/]: Photonics pass timing v73: group=restir diffuse, passes=[diffuse], viewport=1696x677, megapixels=1.148, cpuInvocations=299, cpuSubmitAvgMs=0.008, cpuSubmitMaxMs=0.028, gpuSamples=74, gpuAvgMs=0.224, gpuMaxMs=0.262, gpuAvgMsPerMP=0.195
[11Aug2026 11:26:19.749] [Render thread/INFO] [Photonics/]: Photonics pass timing v73: group=restir accumulation, passes=[accumulation], viewport=1696x677, megapixels=1.148, cpuInvocations=298, cpuSubmitAvgMs=0.013, cpuSubmitMaxMs=0.028, gpuSamples=75, gpuAvgMs=0.355, gpuMaxMs=0.405, gpuAvgMsPerMP=0.309
[11Aug2026 11:26:19.764] [Render thread/INFO] [Photonics/]: Photonics pass timing v73: group=svgf variance, passes=[variance prefilter], viewport=1696x677, megapixels=1.148, cpuInvocations=298, cpuSubmitAvgMs=0.008, cpuSubmitMaxMs=0.022, gpuSamples=75, gpuAvgMs=0.472, gpuMaxMs=0.590, gpuAvgMsPerMP=0.411
[11Aug2026 11:26:19.801] [Render thread/INFO] [Photonics/]: Photonics pass timing v73: group=svgf atrous, passes=[atrous iteration], viewport=1696x677, megapixels=1.148, cpuInvocations=1495, cpuSubmitAvgMs=0.003, cpuSubmitMaxMs=0.014, gpuSamples=373, gpuAvgMs=0.192, gpuMaxMs=0.296, gpuAvgMsPerMP=0.167
[11Aug2026 11:26:19.801] [Render thread/INFO] [Photonics/]: Photonics pass timing v73: group=restir local, passes=[exact local direct], viewport=1696x677, megapixels=1.148, cpuInvocations=299, cpuSubmitAvgMs=0.009, cpuSubmitMaxMs=0.026, gpuSamples=74, gpuAvgMs=0.008, gpuMaxMs=0.008, gpuAvgMsPerMP=0.007
[11Aug2026 11:26:19.801] [Render thread/INFO] [Photonics/]: Photonics pass timing v73: group=restir handheld, passes=[handheld], viewport=1696x677, megapixels=1.148, cpuInvocations=298, cpuSubmitAvgMs=0.012, cpuSubmitMaxMs=0.043, gpuSamples=74, gpuAvgMs=0.012, gpuMaxMs=0.012, gpuAvgMsPerMP=0.010
[11Aug2026 11:26:20.079] [Photonics Light List Compiler/INFO] [Photonics/]: Photonics light candidates v18: eligible=153, selected=153, maxLights=4000, lightSections=12, capped=false
[11Aug2026 11:26:20.080] [Photonics Light List Compiler/INFO] [Photonics/]: Photonics light-list publication v88: coalescedBatches=6, peakPendingSections=108, remainingSections=0, deferredMs=19.403
[11Aug2026 11:26:20.098] [Render thread/INFO] [Photonics/]: Photonics light list pending: 88 -> 153
[11Aug2026 11:26:20.114] [Render thread/INFO] [Photonics/]: Photonics world tracing v127: layoutRevision=70, sceneRevision=1, settled=false, compiledSections=1911, trackedSections=2012, batchBuilt=0, batchUnloaded=105, pendingBuilds=32, pendingUnloads=0, ready=true, depth=6, blockBounds=( 8.000E+1  1.280E+2  6.400E+1)..( 4.160E+2  2.240E+2  3.840E+2), treeBounds=( 0.000E+0  0.000E+0  0.000E+0)..( 1.024E+3  1.024E+3  1.024E+3), origin=(-2.560E+2 -1.920E+2 -1.920E+2), boundsSource=compiled, compileMs=53.772
[11Aug2026 11:26:21.581] [Photonics Light List Compiler/INFO] [Photonics/]: Photonics light-list publication v88: coalescedBatches=4, peakPendingSections=114, remainingSections=0, deferredMs=24.054
[11Aug2026 11:26:21.630] [Render thread/INFO] [Photonics/]: Photonics world tracing v127: layoutRevision=74, sceneRevision=1, settled=false, compiledSections=1909, trackedSections=2013, batchBuilt=0, batchUnloaded=103, pendingBuilds=38, pendingUnloads=0, ready=true, depth=6, blockBounds=( 8.000E+1  1.280E+2  4.800E+1)..( 4.160E+2  2.240E+2  3.680E+2), treeBounds=( 0.000E+0  0.000E+0  0.000E+0)..( 1.024E+3  1.024E+3  1.024E+3), origin=(-2.560E+2 -1.920E+2 -1.920E+2), boundsSource=compiled, compileMs=56.765
[11Aug2026 11:26:22.316] [Render thread/INFO] [Photonics/]: Photonics direct reservoir sample v64: samples=120, populated=0, emptyOrBackground=23, visibilityRejected=97, invalid=0, overLegacyCap=6, overTemporalCap=2, totalSamplesRange=32.0..667.5, viewport=1696x677
[11Aug2026 11:26:23.110] [Photonics Light List Compiler/INFO] [Photonics/]: Photonics light-list publication v88: coalescedBatches=4, peakPendingSections=43, remainingSections=0, deferredMs=6.129
[11Aug2026 11:26:23.129] [Photonics Light List Compiler/INFO] [Photonics/]: Photonics light-list publication v88: coalescedBatches=8, peakPendingSections=47, remainingSections=0, deferredMs=10.242
[11Aug2026 11:26:23.166] [Render thread/INFO] [Photonics/]: Photonics world tracing v127: layoutRevision=78, sceneRevision=1, settled=false, compiledSections=2014, trackedSections=2053, batchBuilt=1, batchUnloaded=0, pendingBuilds=12, pendingUnloads=0, ready=true, depth=6, blockBounds=( 8.000E+1  1.280E+2  3.200E+1)..( 4.160E+2  2.240E+2  3.680E+2), treeBounds=( 0.000E+0  0.000E+0  0.000E+0)..( 1.024E+3  1.024E+3  1.024E+3), origin=(-2.560E+2 -1.920E+2 -1.920E+2), boundsSource=compiled, compileMs=43.424
[11Aug2026 11:26:24.668] [Render thread/INFO] [Photonics/]: Photonics pass timing v73: group=frag data, passes=[frag data], viewport=1696x677, megapixels=1.148, cpuInvocations=299, cpuSubmitAvgMs=0.034, cpuSubmitMaxMs=0.086, gpuSamples=75, gpuAvgMs=0.064, gpuMaxMs=0.065, gpuAvgMsPerMP=0.056
[11Aug2026 11:26:24.668] [Render thread/INFO] [Photonics/]: Photonics frame throughput v78: viewport=1696x677, windowSeconds=5.004, renderedFrames=299, fps=59.753, frameAvgMs=16.736
[11Aug2026 11:26:24.668] [Render thread/INFO] [Photonics/]: Photonics pass timing v73: group=restir direct, passes=[initial direct + visibility], viewport=1696x677, megapixels=1.148, cpuInvocations=299, cpuSubmitAvgMs=0.022, cpuSubmitMaxMs=0.050, gpuSamples=75, gpuAvgMs=0.269, gpuMaxMs=0.284, gpuAvgMsPerMP=0.234
[11Aug2026 11:26:24.668] [Render thread/INFO] [Photonics/]: Photonics pass timing v73: group=restir gi initial, passes=[initial indirect], viewport=1696x677, megapixels=1.148, cpuInvocations=299, cpuSubmitAvgMs=0.011, cpuSubmitMaxMs=0.033, gpuSamples=75, gpuAvgMs=1.198, gpuMaxMs=1.241, gpuAvgMsPerMP=1.044
[11Aug2026 11:26:24.735] [Render thread/INFO] [Photonics/]: Photonics pass timing v73: group=restir temporal, passes=[temporal reuse + tri-state GI classification], viewport=1696x677, megapixels=1.148, cpuInvocations=299, cpuSubmitAvgMs=0.012, cpuSubmitMaxMs=0.021, gpuSamples=75, gpuAvgMs=0.670, gpuMaxMs=0.795, gpuAvgMsPerMP=0.584
[11Aug2026 11:26:24.735] [Render thread/INFO] [Photonics/]: Photonics pass timing v73: group=restir spatial, passes=[spatial reuse/clamp + tri-state GI classification], viewport=1696x677, megapixels=1.148, cpuInvocations=299, cpuSubmitAvgMs=0.010, cpuSubmitMaxMs=0.029, gpuSamples=75, gpuAvgMs=0.195, gpuMaxMs=0.217, gpuAvgMsPerMP=0.169
[11Aug2026 11:26:24.735] [Render thread/INFO] [Photonics/]: Photonics pass timing v73: group=restir diffuse, passes=[diffuse], viewport=1696x677, megapixels=1.148, cpuInvocations=299, cpuSubmitAvgMs=0.008, cpuSubmitMaxMs=0.030, gpuSamples=75, gpuAvgMs=0.239, gpuMaxMs=0.269, gpuAvgMsPerMP=0.208
[11Aug2026 11:26:24.752] [Render thread/INFO] [Photonics/]: Photonics pass timing v73: group=restir accumulation, passes=[accumulation], viewport=1696x677, megapixels=1.148, cpuInvocations=299, cpuSubmitAvgMs=0.013, cpuSubmitMaxMs=0.063, gpuSamples=74, gpuAvgMs=0.364, gpuMaxMs=0.404, gpuAvgMsPerMP=0.317
[11Aug2026 11:26:24.769] [Render thread/INFO] [Photonics/]: Photonics pass timing v73: group=svgf variance, passes=[variance prefilter], viewport=1696x677, megapixels=1.148, cpuInvocations=299, cpuSubmitAvgMs=0.008, cpuSubmitMaxMs=0.024, gpuSamples=75, gpuAvgMs=0.477, gpuMaxMs=0.596, gpuAvgMsPerMP=0.415
[11Aug2026 11:26:24.804] [Render thread/INFO] [Photonics/]: Photonics pass timing v73: group=svgf atrous, passes=[atrous iteration], viewport=1696x677, megapixels=1.148, cpuInvocations=1495, cpuSubmitAvgMs=0.003, cpuSubmitMaxMs=0.015, gpuSamples=374, gpuAvgMs=0.193, gpuMaxMs=0.285, gpuAvgMsPerMP=0.168
[11Aug2026 11:26:24.804] [Render thread/INFO] [Photonics/]: Photonics pass timing v73: group=restir local, passes=[exact local direct], viewport=1696x677, megapixels=1.148, cpuInvocations=299, cpuSubmitAvgMs=0.009, cpuSubmitMaxMs=0.027, gpuSamples=75, gpuAvgMs=0.008, gpuMaxMs=0.008, gpuAvgMsPerMP=0.007
[11Aug2026 11:26:24.804] [Render thread/INFO] [Photonics/]: Photonics pass timing v73: group=restir handheld, passes=[handheld], viewport=1696x677, megapixels=1.148, cpuInvocations=299, cpuSubmitAvgMs=0.012, cpuSubmitMaxMs=0.035, gpuSamples=75, gpuAvgMs=0.012, gpuMaxMs=0.012, gpuAvgMsPerMP=0.010
[11Aug2026 11:26:25.303] [Render thread/INFO] [Photonics/]: Photonics world tracing v127: layoutRevision=80, sceneRevision=1, settled=true, compiledSections=2053, trackedSections=2053, batchBuilt=20, batchUnloaded=0, pendingBuilds=0, pendingUnloads=0, ready=true, depth=6, blockBounds=( 8.000E+1  1.280E+2  3.200E+1)..( 4.160E+2  2.240E+2  3.680E+2), treeBounds=( 0.000E+0  0.000E+0  0.000E+0)..( 1.024E+3  1.024E+3  1.024E+3), origin=(-2.560E+2 -1.920E+2 -1.920E+2), boundsSource=compiled, compileMs=60.410
[11Aug2026 11:26:25.303] [Render thread/INFO] [Photonics/]: Photonics memory v72: jvmHeap={usedBytes=2976110112, committedBytes=3250585600, maxBytes=8589934592}, jvmGc={collections=108, timeMs=777}, worldHeap=GpuBufferHeapStats[capacityBytes=536870912, reservedBytes=138401524, liveBytes=138395060, peakLiveBytes=138395156, reusableBytes=6464, allocations=155906, reusedAllocations=44484, frees=44531, failedAllocations=0], paletteHeap=GpuBufferHeapStats[capacityBytes=201326592, reservedBytes=89088, liveBytes=89088, peakLiveBytes=89088, reusableBytes=0, allocations=956, reusedAllocations=28, frees=28, failedAllocations=0], registries={lights=Stats[cachedObjects=1, pendingFreeObjects=0, allocatedObjects=1, failedAllocations=0], palettes=Stats[cachedObjects=928, pendingFreeObjects=0, allocatedObjects=956, failedAllocations=0], blocks=Stats[cachedObjects=1302, pendingFreeObjects=0, allocatedObjects=1335, failedAllocations=0], models=Stats[cachedObjects=28, pendingFreeObjects=0, allocatedObjects=29, failedAllocations=0]}
[11Aug2026 11:26:29.672] [Render thread/INFO] [Photonics/]: Photonics pass timing v73: group=frag data, passes=[frag data], viewport=1696x677, megapixels=1.148, cpuInvocations=300, cpuSubmitAvgMs=0.029, cpuSubmitMaxMs=0.073, gpuSamples=75, gpuAvgMs=0.065, gpuMaxMs=0.112, gpuAvgMsPerMP=0.057
[11Aug2026 11:26:29.672] [Render thread/INFO] [Photonics/]: Photonics frame throughput v78: viewport=1696x677, windowSeconds=5.004, renderedFrames=300, fps=59.951, frameAvgMs=16.680
[11Aug2026 11:26:29.673] [Render thread/INFO] [Photonics/]: Photonics pass timing v73: group=restir direct, passes=[initial direct + visibility], viewport=1696x677, megapixels=1.148, cpuInvocations=300, cpuSubmitAvgMs=0.019, cpuSubmitMaxMs=0.040, gpuSamples=75, gpuAvgMs=0.265, gpuMaxMs=0.278, gpuAvgMsPerMP=0.231
[11Aug2026 11:26:29.673] [Render thread/INFO] [Photonics/]: Photonics pass timing v73: group=restir gi initial, passes=[initial indirect], viewport=1696x677, megapixels=1.148, cpuInvocations=300, cpuSubmitAvgMs=0.010, cpuSubmitMaxMs=0.024, gpuSamples=75, gpuAvgMs=1.203, gpuMaxMs=1.241, gpuAvgMsPerMP=1.048
[11Aug2026 11:26:29.740] [Render thread/INFO] [Photonics/]: Photonics pass timing v73: group=restir temporal, passes=[temporal reuse + tri-state GI classification], viewport=1696x677, megapixels=1.148, cpuInvocations=300, cpuSubmitAvgMs=0.010, cpuSubmitMaxMs=0.029, gpuSamples=75, gpuAvgMs=0.742, gpuMaxMs=0.955, gpuAvgMsPerMP=0.646
[11Aug2026 11:26:29.740] [Render thread/INFO] [Photonics/]: Photonics pass timing v73: group=restir spatial, passes=[spatial reuse/clamp + tri-state GI classification], viewport=1696x677, megapixels=1.148, cpuInvocations=300, cpuSubmitAvgMs=0.009, cpuSubmitMaxMs=0.028, gpuSamples=75, gpuAvgMs=0.194, gpuMaxMs=0.242, gpuAvgMsPerMP=0.169
[11Aug2026 11:26:29.740] [Render thread/INFO] [Photonics/]: Photonics pass timing v73: group=restir diffuse, passes=[diffuse], viewport=1696x677, megapixels=1.148, cpuInvocations=300, cpuSubmitAvgMs=0.008, cpuSubmitMaxMs=0.015, gpuSamples=75, gpuAvgMs=0.231, gpuMaxMs=0.243, gpuAvgMsPerMP=0.201
[11Aug2026 11:26:29.756] [Render thread/INFO] [Photonics/]: Photonics pass timing v73: group=restir accumulation, passes=[accumulation], viewport=1696x677, megapixels=1.148, cpuInvocations=300, cpuSubmitAvgMs=0.012, cpuSubmitMaxMs=0.027, gpuSamples=75, gpuAvgMs=0.359, gpuMaxMs=0.389, gpuAvgMsPerMP=0.313
[11Aug2026 11:26:29.772] [Render thread/INFO] [Photonics/]: Photonics pass timing v73: group=svgf variance, passes=[variance prefilter], viewport=1696x677, megapixels=1.148, cpuInvocations=300, cpuSubmitAvgMs=0.007, cpuSubmitMaxMs=0.021, gpuSamples=75, gpuAvgMs=0.442, gpuMaxMs=0.458, gpuAvgMsPerMP=0.385
[11Aug2026 11:26:29.807] [Render thread/INFO] [Photonics/]: Photonics pass timing v73: group=svgf atrous, passes=[atrous iteration], viewport=1696x677, megapixels=1.148, cpuInvocations=1500, cpuSubmitAvgMs=0.003, cpuSubmitMaxMs=0.016, gpuSamples=375, gpuAvgMs=0.180, gpuMaxMs=0.207, gpuAvgMsPerMP=0.157
[11Aug2026 11:26:29.807] [Render thread/INFO] [Photonics/]: Photonics pass timing v73: group=restir local, passes=[exact local direct], viewport=1696x677, megapixels=1.148, cpuInvocations=300, cpuSubmitAvgMs=0.008, cpuSubmitMaxMs=0.022, gpuSamples=75, gpuAvgMs=0.008, gpuMaxMs=0.008, gpuAvgMsPerMP=0.007
[11Aug2026 11:26:29.807] [Render thread/INFO] [Photonics/]: Photonics pass timing v73: group=restir handheld, passes=[handheld], viewport=1696x677, megapixels=1.148, cpuInvocations=300, cpuSubmitAvgMs=0.010, cpuSubmitMaxMs=0.026, gpuSamples=75, gpuAvgMs=0.012, gpuMaxMs=0.012, gpuAvgMsPerMP=0.010
[11Aug2026 11:26:30.324] [Render thread/INFO] [Photonics/]: Photonics direct reservoir sample v64: samples=120, populated=0, emptyOrBackground=101, visibilityRejected=19, invalid=0, overLegacyCap=5, overTemporalCap=2, totalSamplesRange=32.0..32.0, viewport=1696x677
[11Aug2026 11:26:34.675] [Render thread/INFO] [Photonics/]: Photonics pass timing v73: group=frag data, passes=[frag data], viewport=1696x677, megapixels=1.148, cpuInvocations=300, cpuSubmitAvgMs=0.028, cpuSubmitMaxMs=0.077, gpuSamples=75, gpuAvgMs=0.064, gpuMaxMs=0.107, gpuAvgMsPerMP=0.056
[11Aug2026 11:26:34.675] [Render thread/INFO] [Photonics/]: Photonics frame throughput v78: viewport=1696x677, windowSeconds=5.003, renderedFrames=300, fps=59.964, frameAvgMs=16.677
[11Aug2026 11:26:34.676] [Render thread/INFO] [Photonics/]: Photonics pass timing v73: group=restir direct, passes=[initial direct + visibility], viewport=1696x677, megapixels=1.148, cpuInvocations=300, cpuSubmitAvgMs=0.019, cpuSubmitMaxMs=0.059, gpuSamples=75, gpuAvgMs=0.247, gpuMaxMs=0.269, gpuAvgMsPerMP=0.215
[11Aug2026 11:26:34.676] [Render thread/INFO] [Photonics/]: Photonics pass timing v73: group=restir gi initial, passes=[initial indirect], viewport=1696x677, megapixels=1.148, cpuInvocations=300, cpuSubmitAvgMs=0.010, cpuSubmitMaxMs=0.025, gpuSamples=75, gpuAvgMs=0.989, gpuMaxMs=1.225, gpuAvgMsPerMP=0.861
[11Aug2026 11:26:34.743] [Render thread/INFO] [Photonics/]: Photonics pass timing v73: group=restir temporal, passes=[temporal reuse + tri-state GI classification], viewport=1696x677, megapixels=1.148, cpuInvocations=300, cpuSubmitAvgMs=0.010, cpuSubmitMaxMs=0.022, gpuSamples=75, gpuAvgMs=0.488, gpuMaxMs=0.614, gpuAvgMsPerMP=0.425
[11Aug2026 11:26:34.743] [Render thread/INFO] [Photonics/]: Photonics pass timing v73: group=restir spatial, passes=[spatial reuse/clamp + tri-state GI classification], viewport=1696x677, megapixels=1.148, cpuInvocations=300, cpuSubmitAvgMs=0.009, cpuSubmitMaxMs=0.067, gpuSamples=75, gpuAvgMs=0.133, gpuMaxMs=0.201, gpuAvgMsPerMP=0.116
[11Aug2026 11:26:34.743] [Render thread/INFO] [Photonics/]: Photonics pass timing v73: group=restir diffuse, passes=[diffuse], viewport=1696x677, megapixels=1.148, cpuInvocations=300, cpuSubmitAvgMs=0.007, cpuSubmitMaxMs=0.016, gpuSamples=75, gpuAvgMs=0.233, gpuMaxMs=0.257, gpuAvgMsPerMP=0.203
[11Aug2026 11:26:34.759] [Render thread/INFO] [Photonics/]: Photonics pass timing v73: group=restir accumulation, passes=[accumulation], viewport=1696x677, megapixels=1.148, cpuInvocations=300, cpuSubmitAvgMs=0.012, cpuSubmitMaxMs=0.044, gpuSamples=75, gpuAvgMs=0.330, gpuMaxMs=0.366, gpuAvgMsPerMP=0.288
[11Aug2026 11:26:34.776] [Render thread/INFO] [Photonics/]: Photonics pass timing v73: group=svgf variance, passes=[variance prefilter], viewport=1696x677, megapixels=1.148, cpuInvocations=300, cpuSubmitAvgMs=0.007, cpuSubmitMaxMs=0.022, gpuSamples=75, gpuAvgMs=0.394, gpuMaxMs=0.443, gpuAvgMsPerMP=0.343
[11Aug2026 11:26:34.809] [Render thread/INFO] [Photonics/]: Photonics pass timing v73: group=svgf atrous, passes=[atrous iteration], viewport=1696x677, megapixels=1.148, cpuInvocations=1500, cpuSubmitAvgMs=0.003, cpuSubmitMaxMs=0.043, gpuSamples=375, gpuAvgMs=0.156, gpuMaxMs=0.204, gpuAvgMsPerMP=0.136
[11Aug2026 11:26:34.809] [Render thread/INFO] [Photonics/]: Photonics pass timing v73: group=restir local, passes=[exact local direct], viewport=1696x677, megapixels=1.148, cpuInvocations=300, cpuSubmitAvgMs=0.008, cpuSubmitMaxMs=0.018, gpuSamples=75, gpuAvgMs=0.008, gpuMaxMs=0.008, gpuAvgMsPerMP=0.007
[11Aug2026 11:26:34.809] [Render thread/INFO] [Photonics/]: Photonics pass timing v73: group=restir handheld, passes=[handheld], viewport=1696x677, megapixels=1.148, cpuInvocations=300, cpuSubmitAvgMs=0.011, cpuSubmitMaxMs=0.039, gpuSamples=75, gpuAvgMs=0.011, gpuMaxMs=0.012, gpuAvgMsPerMP=0.010
[11Aug2026 11:26:38.327] [Render thread/INFO] [Photonics/]: Photonics direct reservoir sample v64: samples=120, populated=0, emptyOrBackground=79, visibilityRejected=41, invalid=0, overLegacyCap=20, overTemporalCap=3, totalSamplesRange=32.0..573.5, viewport=1696x677
[11Aug2026 11:26:39.676] [Render thread/INFO] [Photonics/]: Photonics pass timing v73: group=frag data, passes=[frag data], viewport=1696x677, megapixels=1.148, cpuInvocations=299, cpuSubmitAvgMs=0.027, cpuSubmitMaxMs=0.064, gpuSamples=75, gpuAvgMs=0.062, gpuMaxMs=0.106, gpuAvgMsPerMP=0.054
[11Aug2026 11:26:39.676] [Render thread/INFO] [Photonics/]: Photonics frame throughput v78: viewport=1696x677, windowSeconds=5.001, renderedFrames=299, fps=59.790, frameAvgMs=16.725
[11Aug2026 11:26:39.676] [Render thread/INFO] [Photonics/]: Photonics pass timing v73: group=restir direct, passes=[initial direct + visibility], viewport=1696x677, megapixels=1.148, cpuInvocations=299, cpuSubmitAvgMs=0.019, cpuSubmitMaxMs=0.050, gpuSamples=75, gpuAvgMs=0.260, gpuMaxMs=0.288, gpuAvgMsPerMP=0.227
[11Aug2026 11:26:39.676] [Render thread/INFO] [Photonics/]: Photonics pass timing v73: group=restir gi initial, passes=[initial indirect], viewport=1696x677, megapixels=1.148, cpuInvocations=299, cpuSubmitAvgMs=0.010, cpuSubmitMaxMs=0.025, gpuSamples=75, gpuAvgMs=1.014, gpuMaxMs=1.128, gpuAvgMsPerMP=0.883
[11Aug2026 11:26:39.744] [Render thread/INFO] [Photonics/]: Photonics pass timing v73: group=restir temporal, passes=[temporal reuse + tri-state GI classification], viewport=1696x677, megapixels=1.148, cpuInvocations=299, cpuSubmitAvgMs=0.010, cpuSubmitMaxMs=0.026, gpuSamples=75, gpuAvgMs=0.515, gpuMaxMs=0.716, gpuAvgMsPerMP=0.448
[11Aug2026 11:26:39.744] [Render thread/INFO] [Photonics/]: Photonics pass timing v73: group=restir spatial, passes=[spatial reuse/clamp + tri-state GI classification], viewport=1696x677, megapixels=1.148, cpuInvocations=299, cpuSubmitAvgMs=0.009, cpuSubmitMaxMs=0.029, gpuSamples=75, gpuAvgMs=0.140, gpuMaxMs=0.177, gpuAvgMsPerMP=0.122
[11Aug2026 11:26:39.744] [Render thread/INFO] [Photonics/]: Photonics pass timing v73: group=restir diffuse, passes=[diffuse], viewport=1696x677, megapixels=1.148, cpuInvocations=299, cpuSubmitAvgMs=0.007, cpuSubmitMaxMs=0.039, gpuSamples=75, gpuAvgMs=0.248, gpuMaxMs=0.274, gpuAvgMsPerMP=0.216
[11Aug2026 11:26:39.760] [Render thread/INFO] [Photonics/]: Photonics pass timing v73: group=restir accumulation, passes=[accumulation], viewport=1696x677, megapixels=1.148, cpuInvocations=299, cpuSubmitAvgMs=0.011, cpuSubmitMaxMs=0.036, gpuSamples=75, gpuAvgMs=0.327, gpuMaxMs=0.382, gpuAvgMsPerMP=0.284
[11Aug2026 11:26:39.776] [Render thread/INFO] [Photonics/]: Photonics pass timing v73: group=svgf variance, passes=[variance prefilter], viewport=1696x677, megapixels=1.148, cpuInvocations=299, cpuSubmitAvgMs=0.007, cpuSubmitMaxMs=0.023, gpuSamples=74, gpuAvgMs=0.401, gpuMaxMs=0.434, gpuAvgMsPerMP=0.350
[11Aug2026 11:26:39.810] [Render thread/INFO] [Photonics/]: Photonics pass timing v73: group=svgf atrous, passes=[atrous iteration], viewport=1696x677, megapixels=1.148, cpuInvocations=1495, cpuSubmitAvgMs=0.003, cpuSubmitMaxMs=0.015, gpuSamples=374, gpuAvgMs=0.160, gpuMaxMs=0.186, gpuAvgMsPerMP=0.139
[11Aug2026 11:26:39.810] [Render thread/INFO] [Photonics/]: Photonics pass timing v73: group=restir local, passes=[exact local direct], viewport=1696x677, megapixels=1.148, cpuInvocations=299, cpuSubmitAvgMs=0.008, cpuSubmitMaxMs=0.018, gpuSamples=75, gpuAvgMs=0.008, gpuMaxMs=0.008, gpuAvgMsPerMP=0.007
[11Aug2026 11:26:39.810] [Render thread/INFO] [Photonics/]: Photonics pass timing v73: group=restir handheld, passes=[handheld], viewport=1696x677, megapixels=1.148, cpuInvocations=299, cpuSubmitAvgMs=0.010, cpuSubmitMaxMs=0.078, gpuSamples=75, gpuAvgMs=0.011, gpuMaxMs=0.012, gpuAvgMsPerMP=0.010
[11Aug2026 11:26:41.826] [Photonics Light List Compiler/INFO] [Photonics/]: Photonics light-list publication v88: coalescedBatches=3, peakPendingSections=113, remainingSections=0, deferredMs=22.060
[11Aug2026 11:26:41.894] [Render thread/INFO] [Photonics/]: Photonics world tracing v127: layoutRevision=81, sceneRevision=1, settled=false, compiledSections=1909, trackedSections=2012, batchBuilt=0, batchUnloaded=144, pendingBuilds=43, pendingUnloads=0, ready=true, depth=6, blockBounds=( 8.000E+1  1.280E+2  4.800E+1)..( 4.160E+2  2.240E+2  3.680E+2), treeBounds=( 0.000E+0  0.000E+0  0.000E+0)..( 1.024E+3  1.024E+3  1.024E+3), origin=(-2.560E+2 -1.920E+2 -1.920E+2), boundsSource=compiled, compileMs=89.600
[11Aug2026 11:26:43.540] [Photonics Light List Compiler/INFO] [Photonics/]: Photonics light candidates v18: eligible=88, selected=88, maxLights=4000, lightSections=11, capped=false
[11Aug2026 11:26:43.540] [Photonics Light List Compiler/INFO] [Photonics/]: Photonics light-list publication v88: coalescedBatches=4, peakPendingSections=117, remainingSections=0, deferredMs=21.807
[11Aug2026 11:26:43.544] [Render thread/INFO] [Photonics/]: Photonics light list pending: 153 -> 88
[11Aug2026 11:26:43.576] [Render thread/INFO] [Photonics/]: Photonics world tracing v127: layoutRevision=85, sceneRevision=1, settled=false, compiledSections=1911, trackedSections=2016, batchBuilt=0, batchUnloaded=101, pendingBuilds=38, pendingUnloads=0, ready=true, depth=6, blockBounds=( 8.000E+1  1.280E+2  6.400E+1)..( 4.160E+2  2.240E+2  3.840E+2), treeBounds=( 0.000E+0  0.000E+0  0.000E+0)..( 1.024E+3  1.024E+3  1.024E+3), origin=(-2.560E+2 -1.920E+2 -1.920E+2), boundsSource=compiled, compileMs=52.341
[11Aug2026 11:26:44.678] [Render thread/INFO] [Photonics/]: Photonics pass timing v73: group=frag data, passes=[frag data], viewport=1696x677, megapixels=1.148, cpuInvocations=299, cpuSubmitAvgMs=0.030, cpuSubmitMaxMs=0.085, gpuSamples=75, gpuAvgMs=0.059, gpuMaxMs=0.060, gpuAvgMsPerMP=0.052
[11Aug2026 11:26:44.678] [Render thread/INFO] [Photonics/]: Photonics frame throughput v78: viewport=1696x677, windowSeconds=5.001, renderedFrames=299, fps=59.783, frameAvgMs=16.727
[11Aug2026 11:26:44.679] [Render thread/INFO] [Photonics/]: Photonics pass timing v73: group=restir direct, passes=[initial direct + visibility], viewport=1696x677, megapixels=1.148, cpuInvocations=299, cpuSubmitAvgMs=0.020, cpuSubmitMaxMs=0.057, gpuSamples=75, gpuAvgMs=0.254, gpuMaxMs=0.277, gpuAvgMsPerMP=0.221
[11Aug2026 11:26:44.679] [Render thread/INFO] [Photonics/]: Photonics pass timing v73: group=restir gi initial, passes=[initial indirect], viewport=1696x677, megapixels=1.148, cpuInvocations=299, cpuSubmitAvgMs=0.010, cpuSubmitMaxMs=0.024, gpuSamples=75, gpuAvgMs=0.905, gpuMaxMs=0.961, gpuAvgMsPerMP=0.788
[11Aug2026 11:26:44.747] [Render thread/INFO] [Photonics/]: Photonics pass timing v73: group=restir temporal, passes=[temporal reuse + tri-state GI classification], viewport=1696x677, megapixels=1.148, cpuInvocations=299, cpuSubmitAvgMs=0.011, cpuSubmitMaxMs=0.024, gpuSamples=75, gpuAvgMs=0.433, gpuMaxMs=0.561, gpuAvgMsPerMP=0.377
[11Aug2026 11:26:44.747] [Render thread/INFO] [Photonics/]: Photonics pass timing v73: group=restir spatial, passes=[spatial reuse/clamp + tri-state GI classification], viewport=1696x677, megapixels=1.148, cpuInvocations=299, cpuSubmitAvgMs=0.009, cpuSubmitMaxMs=0.028, gpuSamples=75, gpuAvgMs=0.114, gpuMaxMs=0.164, gpuAvgMsPerMP=0.100
[11Aug2026 11:26:44.747] [Render thread/INFO] [Photonics/]: Photonics pass timing v73: group=restir diffuse, passes=[diffuse], viewport=1696x677, megapixels=1.148, cpuInvocations=299, cpuSubmitAvgMs=0.008, cpuSubmitMaxMs=0.030, gpuSamples=75, gpuAvgMs=0.238, gpuMaxMs=0.274, gpuAvgMsPerMP=0.207
[11Aug2026 11:26:44.761] [Render thread/INFO] [Photonics/]: Photonics pass timing v73: group=restir accumulation, passes=[accumulation], viewport=1696x677, megapixels=1.148, cpuInvocations=299, cpuSubmitAvgMs=0.012, cpuSubmitMaxMs=0.029, gpuSamples=75, gpuAvgMs=0.328, gpuMaxMs=0.365, gpuAvgMsPerMP=0.286
[11Aug2026 11:26:44.779] [Render thread/INFO] [Photonics/]: Photonics pass timing v73: group=svgf variance, passes=[variance prefilter], viewport=1696x677, megapixels=1.148, cpuInvocations=299, cpuSubmitAvgMs=0.008, cpuSubmitMaxMs=0.022, gpuSamples=75, gpuAvgMs=0.383, gpuMaxMs=0.456, gpuAvgMsPerMP=0.333
[11Aug2026 11:26:44.813] [Render thread/INFO] [Photonics/]: Photonics pass timing v73: group=svgf atrous, passes=[atrous iteration], viewport=1696x677, megapixels=1.148, cpuInvocations=1495, cpuSubmitAvgMs=0.003, cpuSubmitMaxMs=0.012, gpuSamples=374, gpuAvgMs=0.155, gpuMaxMs=0.235, gpuAvgMsPerMP=0.135
[11Aug2026 11:26:44.814] [Render thread/INFO] [Photonics/]: Photonics pass timing v73: group=restir local, passes=[exact local direct], viewport=1696x677, megapixels=1.148, cpuInvocations=299, cpuSubmitAvgMs=0.009, cpuSubmitMaxMs=0.022, gpuSamples=75, gpuAvgMs=0.008, gpuMaxMs=0.008, gpuAvgMsPerMP=0.007
[11Aug2026 11:26:44.814] [Render thread/INFO] [Photonics/]: Photonics pass timing v73: group=restir handheld, passes=[handheld], viewport=1696x677, megapixels=1.148, cpuInvocations=299, cpuSubmitAvgMs=0.011, cpuSubmitMaxMs=0.038, gpuSamples=75, gpuAvgMs=0.014, gpuMaxMs=0.063, gpuAvgMsPerMP=0.012
[11Aug2026 11:26:44.952] [Photonics Light List Compiler/INFO] [Photonics/]: Photonics light-list publication v88: coalescedBatches=2, peakPendingSections=30, remainingSections=0, deferredMs=3.174
[11Aug2026 11:26:44.976] [Photonics Light List Compiler/INFO] [Photonics/]: Photonics light-list publication v88: coalescedBatches=4, peakPendingSections=107, remainingSections=0, deferredMs=5.685
[11Aug2026 11:26:44.997] [Render thread/INFO] [Photonics/]: Photonics world tracing v127: layoutRevision=89, sceneRevision=1, settled=false, compiledSections=2017, trackedSections=1958, batchBuilt=1, batchUnloaded=0, pendingBuilds=41, pendingUnloads=135, ready=true, depth=6, blockBounds=( 8.000E+1  1.280E+2  6.400E+1)..( 4.160E+2  2.240E+2  4.000E+2), treeBounds=( 0.000E+0  0.000E+0  0.000E+0)..( 1.024E+3  1.024E+3  1.024E+3), origin=(-2.560E+2 -1.920E+2 -1.920E+2), boundsSource=compiled, compileMs=45.443
[11Aug2026 11:26:45.044] [Photonics Light List Compiler/INFO] [Photonics/]: Photonics light-list publication v88: coalescedBatches=5, peakPendingSections=84, remainingSections=0, deferredMs=8.228
[11Aug2026 11:26:45.060] [Photonics Light List Compiler/INFO] [Photonics/]: Photonics light-list publication v88: coalescedBatches=2, peakPendingSections=58, remainingSections=0, deferredMs=6.648
[11Aug2026 11:26:45.869] [Photonics Light List Compiler/INFO] [Photonics/]: Photonics light-list publication v88: coalescedBatches=2, peakPendingSections=49, remainingSections=0, deferredMs=1.623
[11Aug2026 11:26:45.886] [Photonics Light List Compiler/INFO] [Photonics/]: Photonics light-list publication v88: coalescedBatches=8, peakPendingSections=65, remainingSections=0, deferredMs=12.733
[11Aug2026 11:26:46.011] [Render thread/INFO] [Photonics/]: Photonics world tracing v127: layoutRevision=94, sceneRevision=1, settled=false, compiledSections=2039, trackedSections=2056, batchBuilt=30, batchUnloaded=0, pendingBuilds=17, pendingUnloads=0, ready=true, depth=6, blockBounds=( 8.000E+1  1.280E+2  8.000E+1)..( 4.160E+2  2.240E+2  4.160E+2), treeBounds=( 0.000E+0  0.000E+0  0.000E+0)..( 1.024E+3  1.024E+3  1.024E+3), origin=(-2.560E+2 -1.920E+2 -1.920E+2), boundsSource=compiled, compileMs=62.257
[11Aug2026 11:26:46.194] [Photonic Chunk Compiler #1/INFO] [Photonics/]: Photonics scene content change v127: section=(-1.000E+0  0.000E+0 -3.000E+0), previousSceneHash=-1628647614503365745, sceneHash=-6888552022534348999, fullHash=-6423836835985055943
[11Aug2026 11:26:46.378] [Render thread/INFO] [Photonics/]: Photonics direct reservoir sample v64: samples=120, populated=0, emptyOrBackground=42, visibilityRejected=78, invalid=0, overLegacyCap=26, overTemporalCap=2, totalSamplesRange=32.0..611.5, viewport=1696x677
[11Aug2026 11:26:46.611] [Photonics Light List Compiler/INFO] [Photonics/]: Photonics light-list publication v88: coalescedBatches=3, peakPendingSections=100, remainingSections=0, deferredMs=7.193
[11Aug2026 11:26:47.473] [Photonics Light List Compiler/INFO] [Photonics/]: Photonics light-list publication v88: coalescedBatches=4, peakPendingSections=44, remainingSections=0, deferredMs=6.421
[11Aug2026 11:26:47.493] [Photonics Light List Compiler/INFO] [Photonics/]: Photonics light-list publication v88: coalescedBatches=4, peakPendingSections=50, remainingSections=0, deferredMs=10.392
[11Aug2026 11:26:47.528] [Render thread/INFO] [Photonics/]: Photonics world tracing v127: layoutRevision=100, sceneRevision=2, settled=false, compiledSections=2019, trackedSections=2058, batchBuilt=1, batchUnloaded=0, pendingBuilds=16, pendingUnloads=0, ready=true, depth=6, blockBounds=( 8.000E+1  1.280E+2  3.200E+1)..( 4.160E+2  2.240E+2  3.680E+2), treeBounds=( 0.000E+0  0.000E+0  0.000E+0)..( 1.024E+3  1.024E+3  1.024E+3), origin=(-2.560E+2 -1.920E+2 -1.280E+2), boundsSource=compiled, compileMs=45.386
[11Aug2026 11:26:48.330] [Photonics Light List Compiler/INFO] [Photonics/]: Photonics light-list publication v88: coalescedBatches=7, peakPendingSections=122, remainingSections=0, deferredMs=24.480
[11Aug2026 11:26:48.546] [Render thread/INFO] [Photonics/]: Photonics world tracing v127: layoutRevision=105, sceneRevision=2, settled=false, compiledSections=1968, trackedSections=2018, batchBuilt=48, batchUnloaded=0, pendingBuilds=50, pendingUnloads=0, ready=true, depth=6, blockBounds=( 6.400E+1  1.280E+2  4.800E+1)..( 4.000E+2  2.240E+2  3.840E+2), treeBounds=( 0.000E+0  0.000E+0  0.000E+0)..( 1.024E+3  1.024E+3  1.024E+3), origin=(-2.560E+2 -1.920E+2 -1.280E+2), boundsSource=compiled, compileMs=83.496
[11Aug2026 11:26:49.680] [Render thread/INFO] [Photonics/]: Photonics pass timing v73: group=frag data, passes=[frag data], viewport=1696x677, megapixels=1.148, cpuInvocations=298, cpuSubmitAvgMs=0.034, cpuSubmitMaxMs=0.083, gpuSamples=74, gpuAvgMs=0.059, gpuMaxMs=0.061, gpuAvgMsPerMP=0.051
[11Aug2026 11:26:49.680] [Render thread/INFO] [Photonics/]: Photonics frame throughput v78: viewport=1696x677, windowSeconds=5.002, renderedFrames=298, fps=59.573, frameAvgMs=16.786
[11Aug2026 11:26:49.680] [Render thread/INFO] [Photonics/]: Photonics pass timing v73: group=restir direct, passes=[initial direct + visibility], viewport=1696x677, megapixels=1.148, cpuInvocations=298, cpuSubmitAvgMs=0.022, cpuSubmitMaxMs=0.061, gpuSamples=74, gpuAvgMs=0.284, gpuMaxMs=0.307, gpuAvgMsPerMP=0.247
[11Aug2026 11:26:49.680] [Render thread/INFO] [Photonics/]: Photonics pass timing v73: group=restir gi initial, passes=[initial indirect], viewport=1696x677, megapixels=1.148, cpuInvocations=298, cpuSubmitAvgMs=0.011, cpuSubmitMaxMs=0.038, gpuSamples=74, gpuAvgMs=0.838, gpuMaxMs=0.896, gpuAvgMsPerMP=0.730
[11Aug2026 11:26:49.748] [Render thread/INFO] [Photonics/]: Photonics pass timing v73: group=restir temporal, passes=[temporal reuse + tri-state GI classification], viewport=1696x677, megapixels=1.148, cpuInvocations=298, cpuSubmitAvgMs=0.012, cpuSubmitMaxMs=0.026, gpuSamples=74, gpuAvgMs=0.432, gpuMaxMs=0.467, gpuAvgMsPerMP=0.376
[11Aug2026 11:26:49.748] [Render thread/INFO] [Photonics/]: Photonics pass timing v73: group=restir spatial, passes=[spatial reuse/clamp + tri-state GI classification], viewport=1696x677, megapixels=1.148, cpuInvocations=298, cpuSubmitAvgMs=0.010, cpuSubmitMaxMs=0.034, gpuSamples=74, gpuAvgMs=0.106, gpuMaxMs=0.151, gpuAvgMsPerMP=0.092
[11Aug2026 11:26:49.748] [Render thread/INFO] [Photonics/]: Photonics pass timing v73: group=restir diffuse, passes=[diffuse], viewport=1696x677, megapixels=1.148, cpuInvocations=298, cpuSubmitAvgMs=0.008, cpuSubmitMaxMs=0.017, gpuSamples=74, gpuAvgMs=0.271, gpuMaxMs=0.305, gpuAvgMsPerMP=0.236
[11Aug2026 11:26:49.765] [Render thread/INFO] [Photonics/]: Photonics pass timing v73: group=restir accumulation, passes=[accumulation], viewport=1696x677, megapixels=1.148, cpuInvocations=298, cpuSubmitAvgMs=0.013, cpuSubmitMaxMs=0.034, gpuSamples=74, gpuAvgMs=0.311, gpuMaxMs=0.345, gpuAvgMsPerMP=0.271
[11Aug2026 11:26:49.783] [Render thread/INFO] [Photonics/]: Photonics pass timing v73: group=svgf variance, passes=[variance prefilter], viewport=1696x677, megapixels=1.148, cpuInvocations=298, cpuSubmitAvgMs=0.008, cpuSubmitMaxMs=0.036, gpuSamples=75, gpuAvgMs=0.392, gpuMaxMs=0.470, gpuAvgMsPerMP=0.341
[11Aug2026 11:26:49.815] [Render thread/INFO] [Photonics/]: Photonics pass timing v73: group=svgf atrous, passes=[atrous iteration], viewport=1696x677, megapixels=1.148, cpuInvocations=1490, cpuSubmitAvgMs=0.003, cpuSubmitMaxMs=0.012, gpuSamples=372, gpuAvgMs=0.158, gpuMaxMs=0.236, gpuAvgMsPerMP=0.138
[11Aug2026 11:26:49.815] [Render thread/INFO] [Photonics/]: Photonics pass timing v73: group=restir local, passes=[exact local direct], viewport=1696x677, megapixels=1.148, cpuInvocations=298, cpuSubmitAvgMs=0.010, cpuSubmitMaxMs=0.026, gpuSamples=74, gpuAvgMs=0.008, gpuMaxMs=0.008, gpuAvgMsPerMP=0.007
[11Aug2026 11:26:49.815] [Render thread/INFO] [Photonics/]: Photonics pass timing v73: group=restir handheld, passes=[handheld], viewport=1696x677, megapixels=1.148, cpuInvocations=298, cpuSubmitAvgMs=0.012, cpuSubmitMaxMs=0.033, gpuSamples=74, gpuAvgMs=0.013, gpuMaxMs=0.061, gpuAvgMsPerMP=0.011
[11Aug2026 11:26:50.698] [Render thread/INFO] [Photonics/]: Photonics world tracing v127: layoutRevision=107, sceneRevision=2, settled=true, compiledSections=2018, trackedSections=2018, batchBuilt=2, batchUnloaded=0, pendingBuilds=0, pendingUnloads=0, ready=true, depth=6, blockBounds=( 6.400E+1  1.280E+2  4.800E+1)..( 4.000E+2  2.240E+2  3.840E+2), treeBounds=( 0.000E+0  0.000E+0  0.000E+0)..( 1.024E+3  1.024E+3  1.024E+3), origin=(-2.560E+2 -1.920E+2 -1.280E+2), boundsSource=compiled, compileMs=38.569
[11Aug2026 11:26:50.698] [Render thread/INFO] [Photonics/]: Photonics memory v72: jvmHeap={usedBytes=1544797376, committedBytes=3250585600, maxBytes=8589934592}, jvmGc={collections=119, timeMs=881}, worldHeap=GpuBufferHeapStats[capacityBytes=536870912, reservedBytes=138406964, liveBytes=135747668, peakLiveBytes=138401268, reusableBytes=2659296, allocations=191297, reusedAllocations=79854, frees=82015, failedAllocations=0], paletteHeap=GpuBufferHeapStats[capacityBytes=201326592, reservedBytes=89088, liveBytes=89088, peakLiveBytes=89088, reusableBytes=0, allocations=956, reusedAllocations=28, frees=28, failedAllocations=0], registries={lights=Stats[cachedObjects=1, pendingFreeObjects=0, allocatedObjects=1, failedAllocations=0], palettes=Stats[cachedObjects=928, pendingFreeObjects=0, allocatedObjects=956, failedAllocations=0], blocks=Stats[cachedObjects=1302, pendingFreeObjects=0, allocatedObjects=1335, failedAllocations=0], models=Stats[cachedObjects=28, pendingFreeObjects=0, allocatedObjects=29, failedAllocations=0]}
[11Aug2026 11:26:54.466] [Render thread/INFO] [Photonics/]: Photonics direct reservoir sample v64: samples=120, populated=1, emptyOrBackground=0, visibilityRejected=119, invalid=0, overLegacyCap=42, overTemporalCap=5, totalSamplesRange=32.0..667.5, viewport=1696x677
[11Aug2026 11:26:54.682] [Render thread/INFO] [Photonics/]: Photonics pass timing v73: group=frag data, passes=[frag data], viewport=1696x677, megapixels=1.148, cpuInvocations=296, cpuSubmitAvgMs=0.032, cpuSubmitMaxMs=0.087, gpuSamples=74, gpuAvgMs=0.055, gpuMaxMs=0.058, gpuAvgMsPerMP=0.048
[11Aug2026 11:26:54.682] [Render thread/INFO] [Photonics/]: Photonics frame throughput v78: viewport=1696x677, windowSeconds=5.002, renderedFrames=296, fps=59.179, frameAvgMs=16.898
[11Aug2026 11:26:54.682] [Render thread/INFO] [Photonics/]: Photonics pass timing v73: group=restir direct, passes=[initial direct + visibility], viewport=1696x677, megapixels=1.148, cpuInvocations=296, cpuSubmitAvgMs=0.019, cpuSubmitMaxMs=0.043, gpuSamples=74, gpuAvgMs=0.264, gpuMaxMs=0.304, gpuAvgMsPerMP=0.230
[11Aug2026 11:26:54.682] [Render thread/INFO] [Photonics/]: Photonics pass timing v73: group=restir gi initial, passes=[initial indirect], viewport=1696x677, megapixels=1.148, cpuInvocations=296, cpuSubmitAvgMs=0.009, cpuSubmitMaxMs=0.024, gpuSamples=74, gpuAvgMs=0.696, gpuMaxMs=0.735, gpuAvgMsPerMP=0.606
[11Aug2026 11:26:54.750] [Render thread/INFO] [Photonics/]: Photonics pass timing v73: group=restir temporal, passes=[temporal reuse + tri-state GI classification], viewport=1696x677, megapixels=1.148, cpuInvocations=296, cpuSubmitAvgMs=0.010, cpuSubmitMaxMs=0.028, gpuSamples=74, gpuAvgMs=0.418, gpuMaxMs=0.459, gpuAvgMsPerMP=0.364
[11Aug2026 11:26:54.750] [Render thread/INFO] [Photonics/]: Photonics pass timing v73: group=restir spatial, passes=[spatial reuse/clamp + tri-state GI classification], viewport=1696x677, megapixels=1.148, cpuInvocations=296, cpuSubmitAvgMs=0.009, cpuSubmitMaxMs=0.025, gpuSamples=74, gpuAvgMs=0.084, gpuMaxMs=0.141, gpuAvgMsPerMP=0.073
[11Aug2026 11:26:54.750] [Render thread/INFO] [Photonics/]: Photonics pass timing v73: group=restir diffuse, passes=[diffuse], viewport=1696x677, megapixels=1.148, cpuInvocations=296, cpuSubmitAvgMs=0.007, cpuSubmitMaxMs=0.017, gpuSamples=74, gpuAvgMs=0.242, gpuMaxMs=0.272, gpuAvgMsPerMP=0.211
[11Aug2026 11:26:54.765] [Render thread/INFO] [Photonics/]: Photonics pass timing v73: group=restir accumulation, passes=[accumulation], viewport=1696x677, megapixels=1.148, cpuInvocations=296, cpuSubmitAvgMs=0.011, cpuSubmitMaxMs=0.025, gpuSamples=74, gpuAvgMs=0.266, gpuMaxMs=0.305, gpuAvgMsPerMP=0.231
[11Aug2026 11:26:54.800] [Render thread/INFO] [Photonics/]: Photonics pass timing v73: group=svgf variance, passes=[variance prefilter], viewport=1696x677, megapixels=1.148, cpuInvocations=297, cpuSubmitAvgMs=0.007, cpuSubmitMaxMs=0.020, gpuSamples=74, gpuAvgMs=0.310, gpuMaxMs=0.396, gpuAvgMsPerMP=0.270
[11Aug2026 11:26:54.817] [Render thread/INFO] [Photonics/]: Photonics pass timing v73: group=svgf atrous, passes=[atrous iteration], viewport=1696x677, megapixels=1.148, cpuInvocations=1480, cpuSubmitAvgMs=0.004, cpuSubmitMaxMs=2.035, gpuSamples=370, gpuAvgMs=0.128, gpuMaxMs=0.201, gpuAvgMsPerMP=0.111
[11Aug2026 11:26:54.817] [Render thread/INFO] [Photonics/]: Photonics pass timing v73: group=restir local, passes=[exact local direct], viewport=1696x677, megapixels=1.148, cpuInvocations=296, cpuSubmitAvgMs=0.008, cpuSubmitMaxMs=0.017, gpuSamples=74, gpuAvgMs=0.008, gpuMaxMs=0.008, gpuAvgMsPerMP=0.007
[11Aug2026 11:26:54.817] [Render thread/INFO] [Photonics/]: Photonics pass timing v73: group=restir handheld, passes=[handheld], viewport=1696x677, megapixels=1.148, cpuInvocations=296, cpuSubmitAvgMs=0.010, cpuSubmitMaxMs=0.032, gpuSamples=74, gpuAvgMs=0.011, gpuMaxMs=0.012, gpuAvgMsPerMP=0.010
[11Aug2026 11:26:59.683] [Render thread/INFO] [Photonics/]: Photonics pass timing v73: group=frag data, passes=[frag data], viewport=1696x677, megapixels=1.148, cpuInvocations=298, cpuSubmitAvgMs=0.031, cpuSubmitMaxMs=0.089, gpuSamples=75, gpuAvgMs=0.055, gpuMaxMs=0.055, gpuAvgMsPerMP=0.048
[11Aug2026 11:26:59.683] [Render thread/INFO] [Photonics/]: Photonics frame throughput v78: viewport=1696x677, windowSeconds=5.001, renderedFrames=298, fps=59.585, frameAvgMs=16.783
[11Aug2026 11:26:59.684] [Render thread/INFO] [Photonics/]: Photonics pass timing v73: group=restir direct, passes=[initial direct + visibility], viewport=1696x677, megapixels=1.148, cpuInvocations=298, cpuSubmitAvgMs=0.018, cpuSubmitMaxMs=0.048, gpuSamples=75, gpuAvgMs=0.264, gpuMaxMs=0.272, gpuAvgMsPerMP=0.230
[11Aug2026 11:26:59.684] [Render thread/INFO] [Photonics/]: Photonics pass timing v73: group=restir gi initial, passes=[initial indirect], viewport=1696x677, megapixels=1.148, cpuInvocations=298, cpuSubmitAvgMs=0.009, cpuSubmitMaxMs=0.036, gpuSamples=75, gpuAvgMs=0.697, gpuMaxMs=0.712, gpuAvgMsPerMP=0.607
[11Aug2026 11:26:59.752] [Render thread/INFO] [Photonics/]: Photonics pass timing v73: group=restir temporal, passes=[temporal reuse + tri-state GI classification], viewport=1696x677, megapixels=1.148, cpuInvocations=298, cpuSubmitAvgMs=0.010, cpuSubmitMaxMs=0.021, gpuSamples=75, gpuAvgMs=0.415, gpuMaxMs=0.428, gpuAvgMsPerMP=0.361
[11Aug2026 11:26:59.752] [Render thread/INFO] [Photonics/]: Photonics pass timing v73: group=restir spatial, passes=[spatial reuse/clamp + tri-state GI classification], viewport=1696x677, megapixels=1.148, cpuInvocations=298, cpuSubmitAvgMs=0.008, cpuSubmitMaxMs=0.027, gpuSamples=75, gpuAvgMs=0.082, gpuMaxMs=0.083, gpuAvgMsPerMP=0.071
[11Aug2026 11:26:59.752] [Render thread/INFO] [Photonics/]: Photonics pass timing v73: group=restir diffuse, passes=[diffuse], viewport=1696x677, megapixels=1.148, cpuInvocations=298, cpuSubmitAvgMs=0.007, cpuSubmitMaxMs=0.016, gpuSamples=75, gpuAvgMs=0.242, gpuMaxMs=0.273, gpuAvgMsPerMP=0.211
[11Aug2026 11:26:59.767] [Render thread/INFO] [Photonics/]: Photonics pass timing v73: group=restir accumulation, passes=[accumulation], viewport=1696x677, megapixels=1.148, cpuInvocations=298, cpuSubmitAvgMs=0.011, cpuSubmitMaxMs=0.028, gpuSamples=75, gpuAvgMs=0.261, gpuMaxMs=0.271, gpuAvgMsPerMP=0.227
[11Aug2026 11:26:59.802] [Render thread/INFO] [Photonics/]: Photonics pass timing v73: group=svgf variance, passes=[variance prefilter], viewport=1696x677, megapixels=1.148, cpuInvocations=298, cpuSubmitAvgMs=0.007, cpuSubmitMaxMs=0.021, gpuSamples=74, gpuAvgMs=0.306, gpuMaxMs=0.376, gpuAvgMsPerMP=0.267
[11Aug2026 11:26:59.818] [Render thread/INFO] [Photonics/]: Photonics pass timing v73: group=svgf atrous, passes=[atrous iteration], viewport=1696x677, megapixels=1.148, cpuInvocations=1490, cpuSubmitAvgMs=0.003, cpuSubmitMaxMs=0.012, gpuSamples=373, gpuAvgMs=0.126, gpuMaxMs=0.200, gpuAvgMsPerMP=0.110
[11Aug2026 11:26:59.818] [Render thread/INFO] [Photonics/]: Photonics pass timing v73: group=restir local, passes=[exact local direct], viewport=1696x677, megapixels=1.148, cpuInvocations=298, cpuSubmitAvgMs=0.008, cpuSubmitMaxMs=0.016, gpuSamples=75, gpuAvgMs=0.008, gpuMaxMs=0.008, gpuAvgMsPerMP=0.007
[11Aug2026 11:26:59.818] [Render thread/INFO] [Photonics/]: Photonics pass timing v73: group=restir handheld, passes=[handheld], viewport=1696x677, megapixels=1.148, cpuInvocations=298, cpuSubmitAvgMs=0.009, cpuSubmitMaxMs=0.021, gpuSamples=75, gpuAvgMs=0.011, gpuMaxMs=0.012, gpuAvgMsPerMP=0.010
[11Aug2026 11:27:02.519] [Render thread/INFO] [Photonics/]: Photonics direct reservoir sample v64: samples=120, populated=1, emptyOrBackground=0, visibilityRejected=119, invalid=0, overLegacyCap=47, overTemporalCap=6, totalSamplesRange=32.0..667.5, viewport=1696x677
[11Aug2026 11:27:04.686] [Render thread/INFO] [Photonics/]: Photonics pass timing v73: group=frag data, passes=[frag data], viewport=1696x677, megapixels=1.148, cpuInvocations=292, cpuSubmitAvgMs=0.036, cpuSubmitMaxMs=0.123, gpuSamples=73, gpuAvgMs=0.054, gpuMaxMs=0.057, gpuAvgMsPerMP=0.047
[11Aug2026 11:27:04.686] [Render thread/INFO] [Photonics/]: Photonics frame throughput v78: viewport=1696x677, windowSeconds=5.003, renderedFrames=292, fps=58.369, frameAvgMs=17.132
[11Aug2026 11:27:04.686] [Render thread/INFO] [Photonics/]: Photonics pass timing v73: group=restir direct, passes=[initial direct + visibility], viewport=1696x677, megapixels=1.148, cpuInvocations=292, cpuSubmitAvgMs=0.021, cpuSubmitMaxMs=0.065, gpuSamples=73, gpuAvgMs=0.260, gpuMaxMs=0.274, gpuAvgMsPerMP=0.227
[11Aug2026 11:27:04.687] [Render thread/INFO] [Photonics/]: Photonics pass timing v73: group=restir gi initial, passes=[initial indirect], viewport=1696x677, megapixels=1.148, cpuInvocations=292, cpuSubmitAvgMs=0.010, cpuSubmitMaxMs=0.028, gpuSamples=73, gpuAvgMs=0.678, gpuMaxMs=0.712, gpuAvgMsPerMP=0.590
[11Aug2026 11:27:04.755] [Render thread/INFO] [Photonics/]: Photonics pass timing v73: group=restir temporal, passes=[temporal reuse + tri-state GI classification], viewport=1696x677, megapixels=1.148, cpuInvocations=292, cpuSubmitAvgMs=0.011, cpuSubmitMaxMs=0.026, gpuSamples=73, gpuAvgMs=0.407, gpuMaxMs=0.447, gpuAvgMsPerMP=0.355
[11Aug2026 11:27:04.755] [Render thread/INFO] [Photonics/]: Photonics pass timing v73: group=restir spatial, passes=[spatial reuse/clamp + tri-state GI classification], viewport=1696x677, megapixels=1.148, cpuInvocations=292, cpuSubmitAvgMs=0.010, cpuSubmitMaxMs=0.072, gpuSamples=73, gpuAvgMs=0.080, gpuMaxMs=0.143, gpuAvgMsPerMP=0.070
[11Aug2026 11:27:04.755] [Render thread/INFO] [Photonics/]: Photonics pass timing v73: group=restir diffuse, passes=[diffuse], viewport=1696x677, megapixels=1.148, cpuInvocations=292, cpuSubmitAvgMs=0.008, cpuSubmitMaxMs=0.021, gpuSamples=73, gpuAvgMs=0.238, gpuMaxMs=0.256, gpuAvgMsPerMP=0.207
[11Aug2026 11:27:04.769] [Render thread/INFO] [Photonics/]: Photonics pass timing v73: group=restir accumulation, passes=[accumulation], viewport=1696x677, megapixels=1.148, cpuInvocations=292, cpuSubmitAvgMs=0.012, cpuSubmitMaxMs=0.027, gpuSamples=73, gpuAvgMs=0.258, gpuMaxMs=0.273, gpuAvgMsPerMP=0.225
[11Aug2026 11:27:04.804] [Render thread/INFO] [Photonics/]: Photonics pass timing v73: group=svgf variance, passes=[variance prefilter], viewport=1696x677, megapixels=1.148, cpuInvocations=292, cpuSubmitAvgMs=0.008, cpuSubmitMaxMs=0.022, gpuSamples=73, gpuAvgMs=0.295, gpuMaxMs=0.380, gpuAvgMsPerMP=0.257
[11Aug2026 11:27:04.822] [Render thread/INFO] [Photonics/]: Photonics pass timing v73: group=svgf atrous, passes=[atrous iteration], viewport=1696x677, megapixels=1.148, cpuInvocations=1460, cpuSubmitAvgMs=0.003, cpuSubmitMaxMs=0.057, gpuSamples=365, gpuAvgMs=0.126, gpuMaxMs=0.202, gpuAvgMsPerMP=0.110
[11Aug2026 11:27:04.822] [Render thread/INFO] [Photonics/]: Photonics pass timing v73: group=restir local, passes=[exact local direct], viewport=1696x677, megapixels=1.148, cpuInvocations=292, cpuSubmitAvgMs=0.009, cpuSubmitMaxMs=0.032, gpuSamples=73, gpuAvgMs=0.008, gpuMaxMs=0.008, gpuAvgMsPerMP=0.007
[11Aug2026 11:27:04.822] [Render thread/INFO] [Photonics/]: Photonics pass timing v73: group=restir handheld, passes=[handheld], viewport=1696x677, megapixels=1.148, cpuInvocations=292, cpuSubmitAvgMs=0.010, cpuSubmitMaxMs=0.027, gpuSamples=73, gpuAvgMs=0.011, gpuMaxMs=0.012, gpuAvgMsPerMP=0.010
[11Aug2026 11:27:09.692] [Render thread/INFO] [Photonics/]: Photonics pass timing v73: group=frag data, passes=[frag data], viewport=1696x677, megapixels=1.148, cpuInvocations=300, cpuSubmitAvgMs=0.039, cpuSubmitMaxMs=0.100, gpuSamples=75, gpuAvgMs=0.059, gpuMaxMs=0.086, gpuAvgMsPerMP=0.052
[11Aug2026 11:27:09.692] [Render thread/INFO] [Photonics/]: Photonics frame throughput v78: viewport=1696x677, windowSeconds=5.007, renderedFrames=300, fps=59.920, frameAvgMs=16.689
[11Aug2026 11:27:09.693] [Render thread/INFO] [Photonics/]: Photonics pass timing v73: group=restir direct, passes=[initial direct + visibility], viewport=1696x677, megapixels=1.148, cpuInvocations=300, cpuSubmitAvgMs=0.024, cpuSubmitMaxMs=0.057, gpuSamples=75, gpuAvgMs=0.295, gpuMaxMs=0.339, gpuAvgMsPerMP=0.257
[11Aug2026 11:27:09.693] [Render thread/INFO] [Photonics/]: Photonics pass timing v73: group=restir gi initial, passes=[initial indirect], viewport=1696x677, megapixels=1.148, cpuInvocations=300, cpuSubmitAvgMs=0.011, cpuSubmitMaxMs=0.038, gpuSamples=75, gpuAvgMs=0.803, gpuMaxMs=0.861, gpuAvgMsPerMP=0.700
[11Aug2026 11:27:09.759] [Render thread/INFO] [Photonics/]: Photonics pass timing v73: group=restir temporal, passes=[temporal reuse + tri-state GI classification], viewport=1696x677, megapixels=1.148, cpuInvocations=300, cpuSubmitAvgMs=0.012, cpuSubmitMaxMs=0.033, gpuSamples=75, gpuAvgMs=0.503, gpuMaxMs=0.600, gpuAvgMsPerMP=0.438
[11Aug2026 11:27:09.759] [Render thread/INFO] [Photonics/]: Photonics pass timing v73: group=restir spatial, passes=[spatial reuse/clamp + tri-state GI classification], viewport=1696x677, megapixels=1.148, cpuInvocations=300, cpuSubmitAvgMs=0.011, cpuSubmitMaxMs=0.049, gpuSamples=75, gpuAvgMs=0.108, gpuMaxMs=0.131, gpuAvgMsPerMP=0.094
[11Aug2026 11:27:09.759] [Render thread/INFO] [Photonics/]: Photonics pass timing v73: group=restir diffuse, passes=[diffuse], viewport=1696x677, megapixels=1.148, cpuInvocations=300, cpuSubmitAvgMs=0.008, cpuSubmitMaxMs=0.021, gpuSamples=75, gpuAvgMs=0.259, gpuMaxMs=0.298, gpuAvgMsPerMP=0.226
[11Aug2026 11:27:09.775] [Render thread/INFO] [Photonics/]: Photonics pass timing v73: group=restir accumulation, passes=[accumulation], viewport=1696x677, megapixels=1.148, cpuInvocations=300, cpuSubmitAvgMs=0.013, cpuSubmitMaxMs=0.030, gpuSamples=75, gpuAvgMs=0.298, gpuMaxMs=0.322, gpuAvgMsPerMP=0.260
[11Aug2026 11:27:09.808] [Render thread/INFO] [Photonics/]: Photonics pass timing v73: group=svgf variance, passes=[variance prefilter], viewport=1696x677, megapixels=1.148, cpuInvocations=300, cpuSubmitAvgMs=0.009, cpuSubmitMaxMs=0.027, gpuSamples=75, gpuAvgMs=0.386, gpuMaxMs=0.434, gpuAvgMsPerMP=0.336
[11Aug2026 11:27:09.826] [Render thread/INFO] [Photonics/]: Photonics pass timing v73: group=svgf atrous, passes=[atrous iteration], viewport=1696x677, megapixels=1.148, cpuInvocations=1500, cpuSubmitAvgMs=0.003, cpuSubmitMaxMs=0.019, gpuSamples=375, gpuAvgMs=0.155, gpuMaxMs=0.195, gpuAvgMsPerMP=0.135
[11Aug2026 11:27:09.826] [Render thread/INFO] [Photonics/]: Photonics pass timing v73: group=restir local, passes=[exact local direct], viewport=1696x677, megapixels=1.148, cpuInvocations=300, cpuSubmitAvgMs=0.010, cpuSubmitMaxMs=0.024, gpuSamples=75, gpuAvgMs=0.008, gpuMaxMs=0.008, gpuAvgMsPerMP=0.007
[11Aug2026 11:27:09.826] [Render thread/INFO] [Photonics/]: Photonics pass timing v73: group=restir handheld, passes=[handheld], viewport=1696x677, megapixels=1.148, cpuInvocations=300, cpuSubmitAvgMs=0.011, cpuSubmitMaxMs=0.026, gpuSamples=75, gpuAvgMs=0.011, gpuMaxMs=0.013, gpuAvgMsPerMP=0.010
[11Aug2026 11:27:10.644] [Render thread/INFO] [Photonics/]: Photonics direct reservoir sample v64: samples=120, populated=0, emptyOrBackground=1, visibilityRejected=119, invalid=0, overLegacyCap=35, overTemporalCap=5, totalSamplesRange=32.0..667.5, viewport=1696x677
[11Aug2026 11:27:14.511] [Photonic Chunk Compiler #0/INFO] [Photonics/]: Photonics scene content change v127: section=(-7.000E+0  0.000E+0  7.000E+0), previousSceneHash=-5007620220401128315, sceneHash=-5342098135360467557, fullHash=557335901518171547
[11Aug2026 11:27:14.560] [Render thread/INFO] [Photonics/]: Photonics world tracing v127: layoutRevision=108, sceneRevision=3, settled=false, compiledSections=2018, trackedSections=2018, batchBuilt=1, batchUnloaded=0, pendingBuilds=0, pendingUnloads=0, ready=true, depth=6, blockBounds=( 6.400E+1  1.280E+2  4.800E+1)..( 4.000E+2  2.240E+2  3.840E+2), treeBounds=( 0.000E+0  0.000E+0  0.000E+0)..( 1.024E+3  1.024E+3  1.024E+3), origin=(-2.560E+2 -1.920E+2 -1.280E+2), boundsSource=compiled, compileMs=35.233
[11Aug2026 11:27:14.695] [Render thread/INFO] [Photonics/]: Photonics pass timing v73: group=frag data, passes=[frag data], viewport=1696x677, megapixels=1.148, cpuInvocations=300, cpuSubmitAvgMs=0.033, cpuSubmitMaxMs=0.214, gpuSamples=75, gpuAvgMs=0.059, gpuMaxMs=0.090, gpuAvgMsPerMP=0.051
[11Aug2026 11:27:14.695] [Render thread/INFO] [Photonics/]: Photonics frame throughput v78: viewport=1696x677, windowSeconds=5.003, renderedFrames=300, fps=59.963, frameAvgMs=16.677
[11Aug2026 11:27:14.696] [Render thread/INFO] [Photonics/]: Photonics pass timing v73: group=restir direct, passes=[initial direct + visibility], viewport=1696x677, megapixels=1.148, cpuInvocations=300, cpuSubmitAvgMs=0.019, cpuSubmitMaxMs=0.051, gpuSamples=75, gpuAvgMs=0.297, gpuMaxMs=0.324, gpuAvgMsPerMP=0.258
[11Aug2026 11:27:14.696] [Render thread/INFO] [Photonics/]: Photonics pass timing v73: group=restir gi initial, passes=[initial indirect], viewport=1696x677, megapixels=1.148, cpuInvocations=300, cpuSubmitAvgMs=0.010, cpuSubmitMaxMs=0.025, gpuSamples=75, gpuAvgMs=0.782, gpuMaxMs=0.879, gpuAvgMsPerMP=0.681
[11Aug2026 11:27:14.762] [Render thread/INFO] [Photonics/]: Photonics pass timing v73: group=restir temporal, passes=[temporal reuse + tri-state GI classification], viewport=1696x677, megapixels=1.148, cpuInvocations=300, cpuSubmitAvgMs=0.010, cpuSubmitMaxMs=0.021, gpuSamples=75, gpuAvgMs=0.467, gpuMaxMs=0.526, gpuAvgMsPerMP=0.407
[11Aug2026 11:27:14.762] [Render thread/INFO] [Photonics/]: Photonics pass timing v73: group=restir spatial, passes=[spatial reuse/clamp + tri-state GI classification], viewport=1696x677, megapixels=1.148, cpuInvocations=300, cpuSubmitAvgMs=0.009, cpuSubmitMaxMs=0.028, gpuSamples=75, gpuAvgMs=0.099, gpuMaxMs=0.134, gpuAvgMsPerMP=0.086
[11Aug2026 11:27:14.762] [Render thread/INFO] [Photonics/]: Photonics pass timing v73: group=restir diffuse, passes=[diffuse], viewport=1696x677, megapixels=1.148, cpuInvocations=300, cpuSubmitAvgMs=0.007, cpuSubmitMaxMs=0.018, gpuSamples=75, gpuAvgMs=0.256, gpuMaxMs=0.293, gpuAvgMsPerMP=0.223
[11Aug2026 11:27:14.778] [Render thread/INFO] [Photonics/]: Photonics pass timing v73: group=restir accumulation, passes=[accumulation], viewport=1696x677, megapixels=1.148, cpuInvocations=300, cpuSubmitAvgMs=0.012, cpuSubmitMaxMs=0.074, gpuSamples=75, gpuAvgMs=0.284, gpuMaxMs=0.321, gpuAvgMsPerMP=0.247
[11Aug2026 11:27:14.811] [Render thread/INFO] [Photonics/]: Photonics pass timing v73: group=svgf variance, passes=[variance prefilter], viewport=1696x677, megapixels=1.148, cpuInvocations=300, cpuSubmitAvgMs=0.007, cpuSubmitMaxMs=0.038, gpuSamples=75, gpuAvgMs=0.363, gpuMaxMs=0.427, gpuAvgMsPerMP=0.316
[11Aug2026 11:27:14.828] [Render thread/INFO] [Photonics/]: Photonics pass timing v73: group=svgf atrous, passes=[atrous iteration], viewport=1696x677, megapixels=1.148, cpuInvocations=1500, cpuSubmitAvgMs=0.003, cpuSubmitMaxMs=0.015, gpuSamples=375, gpuAvgMs=0.145, gpuMaxMs=0.172, gpuAvgMsPerMP=0.127
[11Aug2026 11:27:14.829] [Render thread/INFO] [Photonics/]: Photonics pass timing v73: group=restir local, passes=[exact local direct], viewport=1696x677, megapixels=1.148, cpuInvocations=300, cpuSubmitAvgMs=0.008, cpuSubmitMaxMs=0.025, gpuSamples=75, gpuAvgMs=0.008, gpuMaxMs=0.008, gpuAvgMsPerMP=0.007
[11Aug2026 11:27:14.829] [Render thread/INFO] [Photonics/]: Photonics pass timing v73: group=restir handheld, passes=[handheld], viewport=1696x677, megapixels=1.148, cpuInvocations=300, cpuSubmitAvgMs=0.009, cpuSubmitMaxMs=0.025, gpuSamples=75, gpuAvgMs=0.011, gpuMaxMs=0.013, gpuAvgMsPerMP=0.010
[11Aug2026 11:27:16.561] [Render thread/INFO] [Photonics/]: Photonics world tracing v127: layoutRevision=108, sceneRevision=3, settled=true, compiledSections=2018, trackedSections=2018, batchBuilt=1, batchUnloaded=0, pendingBuilds=0, pendingUnloads=0, ready=true, depth=6, blockBounds=( 6.400E+1  1.280E+2  4.800E+1)..( 4.000E+2  2.240E+2  3.840E+2), treeBounds=( 0.000E+0  0.000E+0  0.000E+0)..( 1.024E+3  1.024E+3  1.024E+3), origin=(-2.560E+2 -1.920E+2 -1.280E+2), boundsSource=compiled, compileMs=35.233
[11Aug2026 11:27:16.561] [Render thread/INFO] [Photonics/]: Photonics memory v72: jvmHeap={usedBytes=2233069240, committedBytes=3250585600, maxBytes=8589934592}, jvmGc={collections=123, timeMs=904}, worldHeap=GpuBufferHeapStats[capacityBytes=536870912, reservedBytes=138406964, liveBytes=135747668, peakLiveBytes=138401268, reusableBytes=2659296, allocations=191297, reusedAllocations=79854, frees=82015, failedAllocations=0], paletteHeap=GpuBufferHeapStats[capacityBytes=201326592, reservedBytes=89088, liveBytes=89088, peakLiveBytes=89088, reusableBytes=0, allocations=956, reusedAllocations=28, frees=28, failedAllocations=0], registries={lights=Stats[cachedObjects=1, pendingFreeObjects=0, allocatedObjects=1, failedAllocations=0], palettes=Stats[cachedObjects=928, pendingFreeObjects=0, allocatedObjects=956, failedAllocations=0], blocks=Stats[cachedObjects=1302, pendingFreeObjects=0, allocatedObjects=1335, failedAllocations=0], models=Stats[cachedObjects=28, pendingFreeObjects=0, allocatedObjects=29, failedAllocations=0]}
[11Aug2026 11:27:17.841] [Server thread/INFO] [net.minecraft.client.server.IntegratedServer/]: Saving and pausing game...
[11Aug2026 11:27:17.850] [Server thread/INFO] [net.minecraft.server.MinecraftServer/]: Saving chunks for level 'ServerLevel[New World1]'/minecraft:overworld
[11Aug2026 11:27:17.850] [Server thread/INFO] [dev.ryanhcode.sable.Sable/]: Saving sub-levels for level 'ServerLevel[New World1]'/minecraft:overworld
[11Aug2026 11:27:17.855] [Server thread/INFO] [net.minecraft.server.MinecraftServer/]: Saving chunks for level 'ServerLevel[New World1]'/minecraft:the_nether
[11Aug2026 11:27:17.855] [Server thread/INFO] [dev.ryanhcode.sable.Sable/]: Saving sub-levels for level 'ServerLevel[New World1]'/minecraft:the_nether
[11Aug2026 11:27:17.855] [Server thread/INFO] [net.minecraft.server.MinecraftServer/]: Saving chunks for level 'ServerLevel[New World1]'/minecraft:the_end
[11Aug2026 11:27:17.855] [Server thread/INFO] [dev.ryanhcode.sable.Sable/]: Saving sub-levels for level 'ServerLevel[New World1]'/minecraft:the_end
[11Aug2026 11:27:18.646] [Render thread/INFO] [Photonics/]: Photonics direct reservoir sample v64: samples=120, populated=1, emptyOrBackground=0, visibilityRejected=119, invalid=0, overLegacyCap=48, overTemporalCap=7, totalSamplesRange=32.0..667.5, viewport=1696x677
[11Aug2026 11:27:18.763] [Netty Local Client IO #1/INFO] [dev.ryanhcode.sable.Sable/]: Client UDP channel inactive
[11Aug2026 11:27:18.763] [Netty Local Client IO #1/INFO] [dev.ryanhcode.sable.Sable/]: Closed UDP channel!
[11Aug2026 11:27:18.763] [Render thread/INFO] [DistantHorizons-DistantHorizons-com.seibel.distanthorizons.core.api.internal.ClientApi/]: Client on ClientOnly mode disconnecting.
[11Aug2026 11:27:18.764] [level shutdown/INFO] [DistantHorizons-DistantHorizons-com.seibel.distanthorizons.core.generation.queues.WorldGenerationQueue/]: Closing world gen queue
[11Aug2026 11:27:18.764] [level shutdown/INFO] [DistantHorizons-DistantHorizons-com.seibel.distanthorizons.core.generation.queues.WorldGenerationQueue/]: Closing world gen queue
[11Aug2026 11:27:18.764] [level shutdown/INFO] [DistantHorizons-DistantHorizons-com.seibel.distanthorizons.core.generation.queues.WorldGenerationQueue/]: Closing world gen queue
[11Aug2026 11:27:18.764] [level shutdown/INFO] [DistantHorizons-DistantHorizons-com.seibel.distanthorizons.core.generation.queues.WorldGenerationQueue/]: Closing WorldGenerationQueue...
[11Aug2026 11:27:18.764] [level shutdown/INFO] [DistantHorizons-DistantHorizons-com.seibel.distanthorizons.core.generation.queues.WorldGenerationQueue/]: Closing WorldGenerationQueue...
[11Aug2026 11:27:18.764] [level shutdown/INFO] [DistantHorizons-DistantHorizons-com.seibel.distanthorizons.core.generation.queues.WorldGenerationQueue/]: Shutting down world generator thread pool...
[11Aug2026 11:27:18.764] [level shutdown/INFO] [DistantHorizons-DistantHorizons-com.seibel.distanthorizons.core.generation.queues.WorldGenerationQueue/]: Shutting down world generator thread pool...
[11Aug2026 11:27:18.764] [level shutdown/INFO] [DistantHorizons-DistantHorizons-com.seibel.distanthorizons.core.generation.queues.WorldGenerationQueue/]: World generator thread pool shutdown with [2] incomplete tasks.
[11Aug2026 11:27:18.764] [level shutdown/INFO] [DistantHorizons-DistantHorizons-com.seibel.distanthorizons.core.generation.queues.WorldGenerationQueue/]: World generator thread pool shutdown with [2] incomplete tasks.
[11Aug2026 11:27:18.765] [level shutdown/INFO] [DistantHorizons-DistantHorizons-com.seibel.distanthorizons.core.generation.BatchGenerator/]: [BatchGenerator] shutting down...
[11Aug2026 11:27:18.765] [level shutdown/INFO] [DistantHorizons-DistantHorizons-com.seibel.distanthorizons.core.generation.BatchGenerator/]: [BatchGenerator] shutting down...
[11Aug2026 11:27:18.765] [level shutdown/INFO] [DistantHorizons-DistantHorizons-com.seibel.distanthorizons.core.generation.queues.WorldGenerationQueue/]: Closing WorldGenerationQueue...
[11Aug2026 11:27:18.765] [level shutdown/INFO] [DistantHorizons-DistantHorizons-com.seibel.distanthorizons.core.generation.queues.WorldGenerationQueue/]: Shutting down world generator thread pool...
[11Aug2026 11:27:18.765] [level shutdown/INFO] [DistantHorizons-DistantHorizons-com.seibel.distanthorizons.core.generation.queues.WorldGenerationQueue/]: World generator thread pool shutdown with [0] incomplete tasks.
[11Aug2026 11:27:18.765] [level shutdown/INFO] [DistantHorizons-LOD World Gen/]: Closing [BatchGenerationEnvironment_neoforge]
[11Aug2026 11:27:18.765] [level shutdown/INFO] [DistantHorizons-LOD World Gen/]: Closing [BatchGenerationEnvironment_neoforge]
[11Aug2026 11:27:18.765] [level shutdown/INFO] [DistantHorizons-DistantHorizons-com.seibel.distanthorizons.core.generation.queues.WorldGenerationQueue/]: Finished closing WorldGenerationQueue
[11Aug2026 11:27:18.765] [level shutdown/INFO] [DistantHorizons-DistantHorizons-com.seibel.distanthorizons.core.generation.queues.WorldGenerationQueue/]: Finished closing WorldGenerationQueue
[11Aug2026 11:27:18.765] [level shutdown/INFO] [DistantHorizons-DistantHorizons-com.seibel.distanthorizons.core.level.AbstractDhServerLevel/]: Closed DHLevel for [Wrapped{ServerLevel[New World1]@minecraft:the_nether}].
[11Aug2026 11:27:18.765] [level shutdown/INFO] [DistantHorizons-DistantHorizons-com.seibel.distanthorizons.core.level.AbstractDhServerLevel/]: Closed DHLevel for [Wrapped{ServerLevel[New World1]@minecraft:the_end}].
[11Aug2026 11:27:18.765] [level shutdown/INFO] [DistantHorizons-DistantHorizons-com.seibel.distanthorizons.core.level.AbstractDhServerLevel/]: Closed DhClientServerLevel for Wrapped{ServerLevel[New World1]@minecraft:the_end}
[11Aug2026 11:27:18.765] [level shutdown/INFO] [DistantHorizons-DistantHorizons-com.seibel.distanthorizons.core.level.AbstractDhServerLevel/]: Closed DhClientServerLevel for Wrapped{ServerLevel[New World1]@minecraft:the_nether}
[11Aug2026 11:27:18.765] [level shutdown/INFO] [DistantHorizons-DistantHorizons-com.seibel.distanthorizons.core.generation.BatchGenerator/]: [BatchGenerator] shutting down...
[11Aug2026 11:27:18.765] [level shutdown/INFO] [DistantHorizons-LOD World Gen/]: Closing [BatchGenerationEnvironment_neoforge]
[11Aug2026 11:27:18.767] [level shutdown/INFO] [DistantHorizons-DistantHorizons-com.seibel.distanthorizons.core.generation.queues.WorldGenerationQueue/]: Finished closing WorldGenerationQueue
[11Aug2026 11:27:18.767] [level shutdown/INFO] [DistantHorizons-DistantHorizons-com.seibel.distanthorizons.core.level.AbstractDhServerLevel/]: Closed DHLevel for [Wrapped{ServerLevel[New World1]@minecraft:overworld}].
[11Aug2026 11:27:18.767] [level shutdown/INFO] [DistantHorizons-DistantHorizons-com.seibel.distanthorizons.core.level.AbstractDhServerLevel/]: Closed DhClientServerLevel for Wrapped{ServerLevel[New World1]@minecraft:overworld}
[11Aug2026 11:27:18.767] [Render thread/INFO] [DistantHorizons-DistantHorizons-com.seibel.distanthorizons.core.world.AbstractDhWorld/]: Closed DhWorld of type [CLIENT_SERVER].
[11Aug2026 11:27:18.768] [level shutdown/INFO] [DistantHorizons-DistantHorizons-com.seibel.distanthorizons.core.level.AbstractDhServerLevel/]: Closed DHLevel for [Wrapped{ServerLevel[New World1]@minecraft:overworld}].
[11Aug2026 11:27:18.767] [level shutdown/INFO] [DistantHorizons-DistantHorizons-com.seibel.distanthorizons.core.level.AbstractDhServerLevel/]: Closed DHLevel for [Wrapped{ServerLevel[New World1]@minecraft:the_end}].
[11Aug2026 11:27:18.768] [level shutdown/INFO] [DistantHorizons-DistantHorizons-com.seibel.distanthorizons.core.level.AbstractDhServerLevel/]: Closed DhClientServerLevel for Wrapped{ServerLevel[New World1]@minecraft:overworld}
[11Aug2026 11:27:18.768] [level shutdown/INFO] [DistantHorizons-DistantHorizons-com.seibel.distanthorizons.core.level.AbstractDhServerLevel/]: Closed DHLevel for [Wrapped{ServerLevel[New World1]@minecraft:the_nether}].
[11Aug2026 11:27:18.768] [level shutdown/INFO] [DistantHorizons-DistantHorizons-com.seibel.distanthorizons.core.level.AbstractDhServerLevel/]: Closed DhClientServerLevel for Wrapped{ServerLevel[New World1]@minecraft:the_end}
[11Aug2026 11:27:18.768] [level shutdown/INFO] [DistantHorizons-DistantHorizons-com.seibel.distanthorizons.core.level.AbstractDhServerLevel/]: Closed DhClientServerLevel for Wrapped{ServerLevel[New World1]@minecraft:the_nether}
[11Aug2026 11:27:18.768] [Render thread/INFO] [DistantHorizons-DistantHorizons-com.seibel.distanthorizons.core.world.AbstractDhWorld/]: Closed DhWorld of type [CLIENT_SERVER].
[11Aug2026 11:27:18.768] [Render thread/INFO] [DistantHorizons-DistantHorizons-com.seibel.distanthorizons.core.util.threading.PriorityTaskPicker/]: Shutting down PriorityTaskPicker thread pool...
[11Aug2026 11:27:22.180] [Render thread/INFO] [DistantHorizons-DistantHorizons-com.seibel.distanthorizons.core.sql.repo.AbstractDhRepo/]: Closing all [3] database connections...
[11Aug2026 11:27:22.180] [Render thread/INFO] [DistantHorizons-DistantHorizons-com.seibel.distanthorizons.core.sql.repo.AbstractDhRepo/]: Closing database connection: [jdbc:dh_sqlite:/home/krzysztofkalisiak/.local/share/ModrinthApp/profiles/Create Aeronautics (1)/saves/New World1/DIM1/data/DistantHorizons.sqlite]
[11Aug2026 11:27:22.181] [Render thread/INFO] [DistantHorizons-DistantHorizons-com.seibel.distanthorizons.core.sql.repo.AbstractDhRepo/]: Closing database connection: [jdbc:dh_sqlite:/home/krzysztofkalisiak/.local/share/ModrinthApp/profiles/Create Aeronautics (1)/saves/New World1/DIM-1/data/DistantHorizons.sqlite]
[11Aug2026 11:27:22.181] [Render thread/INFO] [DistantHorizons-DistantHorizons-com.seibel.distanthorizons.core.sql.repo.AbstractDhRepo/]: Closing database connection: [jdbc:dh_sqlite:/home/krzysztofkalisiak/.local/share/ModrinthApp/profiles/Create Aeronautics (1)/saves/New World1/data/DistantHorizons.sqlite]
[11Aug2026 11:27:22.351] [Render thread/INFO] [xaero.hud.minimap.MinimapLogs/]: Xaero hud session finalized.
[11Aug2026 11:27:22.395] [Server thread/INFO] [net.minecraft.server.network.ServerGamePacketListenerImpl/]: Eutio lost connection: Disconnected
[11Aug2026 11:27:22.395] [Server thread/INFO] [net.minecraft.server.MinecraftServer/]: Eutio left the game
[11Aug2026 11:27:22.396] [Server thread/INFO] [DistantHorizons-DistantHorizons-com.seibel.distanthorizons.core.api.internal.ServerApi/]: Player [Eutio] disconnected.
[11Aug2026 11:27:22.403] [Server thread/INFO] [net.minecraft.server.network.ServerCommonPacketListenerImpl/]: Stopping singleplayer server as player logged out
[11Aug2026 11:27:22.442] [Server thread/INFO] [net.minecraft.server.MinecraftServer/]: Stopping server
[11Aug2026 11:27:22.442] [Server thread/INFO] [net.minecraft.server.MinecraftServer/]: Saving players
[11Aug2026 11:27:22.442] [Server thread/INFO] [net.minecraft.server.MinecraftServer/]: Saving worlds
[11Aug2026 11:27:22.473] [Server thread/INFO] [net.minecraft.server.MinecraftServer/]: Saving chunks for level 'ServerLevel[New World1]'/minecraft:overworld
[11Aug2026 11:27:22.473] [Server thread/INFO] [dev.ryanhcode.sable.Sable/]: Saving sub-levels for level 'ServerLevel[New World1]'/minecraft:overworld
[11Aug2026 11:27:22.505] [Server thread/INFO] [net.minecraft.server.MinecraftServer/]: Saving chunks for level 'ServerLevel[New World1]'/minecraft:the_nether
[11Aug2026 11:27:22.505] [Server thread/INFO] [dev.ryanhcode.sable.Sable/]: Saving sub-levels for level 'ServerLevel[New World1]'/minecraft:the_nether
[11Aug2026 11:27:22.513] [Server thread/INFO] [net.minecraft.server.MinecraftServer/]: Saving chunks for level 'ServerLevel[New World1]'/minecraft:the_end
[11Aug2026 11:27:22.513] [Server thread/INFO] [dev.ryanhcode.sable.Sable/]: Saving sub-levels for level 'ServerLevel[New World1]'/minecraft:the_end
[11Aug2026 11:27:22.527] [Server thread/INFO] [net.minecraft.server.MinecraftServer/]: ThreadedAnvilChunkStorage (New World1): All chunks are saved
[11Aug2026 11:27:22.527] [Server thread/INFO] [net.minecraft.server.MinecraftServer/]: ThreadedAnvilChunkStorage (DIM-1): All chunks are saved
[11Aug2026 11:27:22.527] [Server thread/INFO] [net.minecraft.server.MinecraftServer/]: ThreadedAnvilChunkStorage (DIM1): All chunks are saved
[11Aug2026 11:27:22.527] [Server thread/INFO] [net.minecraft.server.MinecraftServer/]: ThreadedAnvilChunkStorage: All dimensions are saved
[11Aug2026 11:27:22.552] [Render thread/INFO] [ChunkBuilder/]: Stopping worker threads
[11Aug2026 11:27:49.627] [Render thread/INFO] [net.minecraft.client.Minecraft/]: Stopping!
