[07:57:42] [main/INFO]: ModLauncher running: args [--username, Eutio, --version, 1.21.1, --gameDir, /home/krzysztofkalisiak/.local/share/ModrinthApp/profiles/Create Aeronautics (1), --assetsDir, /home/krzysztofkalisiak/.local/share/ModrinthApp/meta/assets, --assetIndex, 17, --uuid, daa1735b3ea84b2a94748a7aa356e30b, --accessToken, ❄❄❄❄❄❄❄❄, --clientId, c4502edb-87c6-40cb-b595-64a280cf8906, --xuid, 0, --userType, msa, --versionType, release, --width, 854, --height, 480, --fml.neoForgeVersion, 21.1.235, --fml.fmlVersion, 4.0.42, --fml.mcVersion, 1.21.1, --fml.neoFormVersion, 20240808.144430, --launchTarget, forgeclient]
[07:57:42] [main/INFO]: JVM identified as Azul Systems, Inc. OpenJDK 64-Bit Server VM 21.0.9+10-LTS
[07:57:42] [main/INFO]: ModLauncher 11.0.5+main.901c6ea8 starting: java version 21.0.9 by Azul Systems, Inc.; OS Linux arch amd64 version 7.0.0-30-generic
[07:57:42] [main/INFO]: Searching for graphics cards...
[07:57:42] [main/INFO]: Found graphics adapter: LinuxPciAdapterInfo[vendor=AMD, name=Navi 31 [Radeon RX 7900 XT/7900 XTX/7900 GRE/7900M], pciVendorId=0x1002, pciDeviceId=0x744c]
[07:57:42] [main/WARN]: Sodium has applied one or more workarounds to prevent crashes or other issues on your system: [NO_ERROR_CONTEXT_UNSUPPORTED]
[07:57:42] [main/WARN]: This is not necessarily an issue, but it may result in certain features or optimizations being disabled. You can sometimes fix these issues by upgrading your graphics driver.
[07:57:42] [main/INFO]: Loading ImmediateWindowProvider fmlearlywindow
[07:57:42] [main/INFO]: Trying GL version 4.6
[07:57:42] [main/INFO]: Requested GL version 4.6 got version 4.6
[07:57:42] [pool-2-thread-1/INFO]: GL info: AMD Radeon RX 7900 GRE (radeonsi, navi31, ACO, DRM 3.64, 7.0.0-30-generic) GL version 4.6 (Core Profile) Mesa 26.1.2 - kisak-mesa PPA, AMD
[07:57:42] [main/INFO]: SpongePowered MIXIN Subsystem Version=0.8.7 Source=union:/home/krzysztofkalisiak/.local/share/ModrinthApp/meta/libraries/net/fabricmc/sponge-mixin/0.15.2+mixin.0.8.7/sponge-mixin-0.15.2+mixin.0.8.7.jar%23170!/ Service=ModLauncher Env=CLIENT
[07:57:43] [main/INFO]: Found mod file "client-1.21.1-20240808.144430-srg.jar" [locator: production client provider +net.neoforged:neoforge:21.1.235:client]
[07:57:43] [main/INFO]: Found mod file "neoforge-21.1.235-universal.jar" [locator: PathBasedLocator[name=neoforge, paths=[/home/krzysztofkalisiak/.local/share/ModrinthApp/meta/libraries/net/neoforged/neoforge/21.1.235/neoforge-21.1.235-universal.jar]], reader: mod manifest]
[07:57:43] [main/INFO]: Found mod file "net.caffeinemc.sodium-neoforge-0.8.12+mc1.21.1-mod.jar" [locator: net.caffeinemc.mods.sodium.service.SodiumServiceModLocator@14c053c6, reader: mod manifest]
[07:57:43] [main/INFO]: Found mod file "fabric-rendering-data-attachment-v1-0.3.48+73761d2e19.jar" [locator: net.caffeinemc.mods.sodium.service.SodiumServiceModLocator@14c053c6, reader: mod manifest]
[07:57:43] [main/INFO]: Found mod file "fabric-renderer-api-v1-3.4.1+9125b6dc19.jar" [locator: net.caffeinemc.mods.sodium.service.SodiumServiceModLocator@14c053c6, reader: mod manifest]
[07:57:43] [main/INFO]: Found mod file "fabric-block-view-api-v2-1.0.10+9afaaf8c19.jar" [locator: net.caffeinemc.mods.sodium.service.SodiumServiceModLocator@14c053c6, reader: mod manifest]
[07:57:43] [main/INFO]: Found mod file "fabric-api-base-0.4.42+d1308ded19.jar" [locator: net.caffeinemc.mods.sodium.service.SodiumServiceModLocator@14c053c6, reader: mod manifest]
[07:57:43] [main/INFO]: Found library file "~nonexistent" [locator: org.sinytra.connector.locator.ConnectorEarlyLocatorBootstrap@71b1a49c]
[07:57:43] [main/INFO]: Found mod file "contraption-lights-neoforge-1.21.1-1.2.0.jar" [locator: {mods folder locator at /home/krzysztofkalisiak/.local/share/ModrinthApp/profiles/Create Aeronautics (1)/mods}, reader: mod manifest]
[07:57:43] [main/INFO]: Found mod file "create-1.21.1-6.0.10.jar" [locator: {mods folder locator at /home/krzysztofkalisiak/.local/share/ModrinthApp/profiles/Create Aeronautics (1)/mods}, reader: mod manifest]
[07:57:43] [main/INFO]: Found mod file "create-aeronautics-bundled-1.21.1-1.3.0.jar" [locator: {mods folder locator at /home/krzysztofkalisiak/.local/share/ModrinthApp/profiles/Create Aeronautics (1)/mods}, reader: mod manifest]
[07:57:43] [main/INFO]: Found mod file "DistantHorizons-3.2.0-b-1.21.1-fabric-neoforge.jar" [locator: {mods folder locator at /home/krzysztofkalisiak/.local/share/ModrinthApp/profiles/Create Aeronautics (1)/mods}, reader: mod manifest]
[07:57:43] [main/INFO]: Found mod file "entityculling-neoforge-1.10.5-mc1.21.1.jar" [locator: {mods folder locator at /home/krzysztofkalisiak/.local/share/ModrinthApp/profiles/Create Aeronautics (1)/mods}, reader: mod manifest]
[07:57:43] [main/INFO]: Found mod file "ferritecore-7.0.3-neoforge.jar" [locator: {mods folder locator at /home/krzysztofkalisiak/.local/share/ModrinthApp/profiles/Create Aeronautics (1)/mods}, reader: mod manifest]
[07:57:43] [main/INFO]: Found mod file "forgified-fabric-api-0.116.14+2.3.0+1.21.1.jar" [locator: {mods folder locator at /home/krzysztofkalisiak/.local/share/ModrinthApp/profiles/Create Aeronautics (1)/mods}, reader: mod manifest]
[07:57:43] [main/INFO]: Found mod file "ImmediatelyFast-NeoForge-1.6.11+1.21.1.jar" [locator: {mods folder locator at /home/krzysztofkalisiak/.local/share/ModrinthApp/profiles/Create Aeronautics (1)/mods}, reader: mod manifest]
[07:57:43] [main/INFO]: Found mod file "iris-neoforge-1.8.14-beta.1+mc1.21.1.jar" [locator: {mods folder locator at /home/krzysztofkalisiak/.local/share/ModrinthApp/profiles/Create Aeronautics (1)/mods}, reader: mod manifest]
[07:57:43] [main/INFO]: Found mod file "irisveil-0.3.0.jar" [locator: {mods folder locator at /home/krzysztofkalisiak/.local/share/ModrinthApp/profiles/Create Aeronautics (1)/mods}, reader: mod manifest]
[07:57:43] [main/INFO]: Found mod file "lithium-neoforge-0.15.4+mc1.21.1.jar" [locator: {mods folder locator at /home/krzysztofkalisiak/.local/share/ModrinthApp/profiles/Create Aeronautics (1)/mods}, reader: mod manifest]
[07:57:43] [main/WARN]: Skipping jar. File mods/photonics-0.4.0-fabric+MC-1.21.1.jar is a Fabric mod and cannot be loaded
[07:57:43] [main/INFO]: Found mod file "sable-neoforge-1.21.1-2.0.3.jar" [locator: {mods folder locator at /home/krzysztofkalisiak/.local/share/ModrinthApp/profiles/Create Aeronautics (1)/mods}, reader: mod manifest]
[07:57:43] [main/INFO]: Found mod file "searchlights-1.3.1.jar" [locator: {mods folder locator at /home/krzysztofkalisiak/.local/share/ModrinthApp/profiles/Create Aeronautics (1)/mods}, reader: mod manifest]
[07:57:43] [main/INFO]: Found mod file "simulatedcoasters-0.1.1.jar" [locator: {mods folder locator at /home/krzysztofkalisiak/.local/share/ModrinthApp/profiles/Create Aeronautics (1)/mods}, reader: mod manifest]
[07:57:43] [main/INFO]: Found mod file "simurail-1.21.1-0.0.0-a+b18d457.jar" [locator: {mods folder locator at /home/krzysztofkalisiak/.local/share/ModrinthApp/profiles/Create Aeronautics (1)/mods}, reader: mod manifest]
[07:57:43] [main/INFO]: Found mod file "xaerominimap-neoforge-1.21.1-26.4.2.jar" [locator: {mods folder locator at /home/krzysztofkalisiak/.local/share/ModrinthApp/profiles/Create Aeronautics (1)/mods}, reader: mod manifest]
[07:57:43] [main/WARN]: Attempted to select a dependency jar for JarJar which was passed in as source: fabric_renderer_api_v1. Using Mod File: 
[07:57:43] [main/WARN]: Attempted to select a dependency jar for JarJar which was passed in as source: fabric_block_view_api_v2. Using Mod File: 
[07:57:43] [main/WARN]: Attempted to select a dependency jar for JarJar which was passed in as source: library:net.fabricmc.loader. Using Mod File: /~nonexistent
[07:57:43] [main/WARN]: Attempted to select a dependency jar for JarJar which was passed in as source: fabric_api_base. Using Mod File: 
[07:57:43] [main/WARN]: Attempted to select a dependency jar for JarJar which was passed in as source: fabric_rendering_data_attachment_v1. Using Mod File: 
[07:57:43] [main/INFO]: Found 62 dependencies adding them to mods collection
[07:57:43] [main/INFO]: Found mod file "fabric-transfer-api-v1-5.4.4+6244b11119.jar" [parent: forgified-fabric-api-0.116.14+2.3.0+1.21.1.jar, locator: jarinjar, reader: mod manifest]
[07:57:43] [main/INFO]: Found library file "glsl-processor-0.2.3.jar" [parent: veil-neoforge-1.21.1-4.2.1.jar, locator: jarinjar]
[07:57:43] [main/INFO]: Found mod file "ponder-neoforge-1.0.82+mc1.21.1.jar" [parent: create-1.21.1-6.0.10.jar, locator: jarinjar, reader: mod manifest]
[07:57:43] [main/INFO]: Found mod file "fabric-item-api-v1-11.2.0+0c57911319.jar" [parent: forgified-fabric-api-0.116.14+2.3.0+1.21.1.jar, locator: jarinjar, reader: mod manifest]
[07:57:43] [main/INFO]: Found mod file "fabric-model-loading-api-v1-2.1.0+6e8f52c719.jar" [parent: forgified-fabric-api-0.116.14+2.3.0+1.21.1.jar, locator: jarinjar, reader: mod manifest]
[07:57:43] [main/INFO]: Found library file "net.neoforged.neoforge-coremods-21.1.235.jar" [parent: neoforge-21.1.235-universal.jar, locator: jarinjar, reader: mod manifest]
[07:57:43] [main/INFO]: Found mod file "fabric-rendering-fluids-v1-3.1.6+a51883b219.jar" [parent: forgified-fabric-api-0.116.14+2.3.0+1.21.1.jar, locator: jarinjar, reader: mod manifest]
[07:57:43] [main/INFO]: Found mod file "dev.eriksonn.aeronautics.aeronautics-neoforge-1.21.1-1.3.0.jar" [parent: create-aeronautics-bundled-1.21.1-1.3.0.jar, locator: jarinjar, reader: mod manifest]
[07:57:43] [main/INFO]: Found mod file "xaerolib-neoforge-1.21.1-1.7.1.jar" [parent: xaerominimap-neoforge-1.21.1-26.4.2.jar, locator: jarinjar, reader: mod manifest]
[07:57:43] [main/INFO]: Found mod file "fabric-screen-handler-api-v1-1.3.91+8dbc56dd19.jar" [parent: forgified-fabric-api-0.116.14+2.3.0+1.21.1.jar, locator: jarinjar, reader: mod manifest]
[07:57:43] [main/INFO]: Found mod file "fabric-resource-loader-v0-1.3.1+4ea8954419.jar" [parent: forgified-fabric-api-0.116.14+2.3.0+1.21.1.jar, locator: jarinjar, reader: mod manifest]
[07:57:43] [main/INFO]: Found mod file "TRender-1.0.15-1.21.1-neoforge-SNAPSHOT.jar" [parent: entityculling-neoforge-1.10.5-mc1.21.1.jar, locator: jarinjar, reader: mod manifest]
[07:57:43] [main/INFO]: Found gamelibrary file "yumi-commons-collections-1.0.0.jar" [parent: lambdynamiclights-api-4.8.8+1.21.1-mojmap.jar, locator: jarinjar, reader: mod manifest]
[07:57:43] [main/INFO]: Found mod file "fabric-rendering-v1-5.1.0+1a09bd5a19.jar" [parent: forgified-fabric-api-0.116.14+2.3.0+1.21.1.jar, locator: jarinjar, reader: mod manifest]
[07:57:43] [main/INFO]: Found mod file "fabric-renderer-indigo-1.7.1+9125b6dc19.jar" [parent: forgified-fabric-api-0.116.14+2.3.0+1.21.1.jar, locator: jarinjar, reader: mod manifest]
[07:57:43] [main/INFO]: Found mod file "fabric-convention-tags-v1-2.1.7+7f945d5b19.jar" [parent: forgified-fabric-api-0.116.14+2.3.0+1.21.1.jar, locator: jarinjar, reader: mod manifest]
[07:57:43] [main/INFO]: Found mod file "fabric-command-api-v2-2.2.28+36d727be19.jar" [parent: forgified-fabric-api-0.116.14+2.3.0+1.21.1.jar, locator: jarinjar, reader: mod manifest]
[07:57:43] [main/INFO]: Found mod file "fabric-convention-tags-v2-2.12.0+75d3639619.jar" [parent: forgified-fabric-api-0.116.14+2.3.0+1.21.1.jar, locator: jarinjar, reader: mod manifest]
[07:57:43] [main/INFO]: Found mod file "fabric-data-attachment-api-v1-1.4.7+26d408aa19.jar" [parent: forgified-fabric-api-0.116.14+2.3.0+1.21.1.jar, locator: jarinjar, reader: mod manifest]
[07:57:43] [main/INFO]: Found mod file "veil-neoforge-1.21.1-4.2.1.jar" [parent: searchlights-1.3.1.jar, locator: jarinjar, reader: mod manifest]
[07:57:43] [main/INFO]: Found mod file "dev.simulated_team.simulated.simulated-neoforge-1.21.1-1.3.0.jar" [parent: create-aeronautics-bundled-1.21.1-1.3.0.jar, locator: jarinjar, reader: mod manifest]
[07:57:43] [main/INFO]: Found gamelibrary file "yumi-commons-event-1.0.0.jar" [parent: lambdynamiclights-api-4.8.8+1.21.1-mojmap.jar, locator: jarinjar, reader: mod manifest]
[07:57:43] [main/INFO]: Found mod file "fabric-screen-api-v1-2.0.26+b4953c7419.jar" [parent: forgified-fabric-api-0.116.14+2.3.0+1.21.1.jar, locator: jarinjar, reader: mod manifest]
[07:57:43] [main/INFO]: Found library file "molang-compiler-3.1.1.19.jar" [parent: veil-neoforge-1.21.1-4.2.1.jar, locator: jarinjar]
[07:57:43] [main/INFO]: Found library file "Reflect-1.6.2.jar" [parent: ImmediatelyFast-NeoForge-1.6.11+1.21.1.jar, locator: jarinjar]
[07:57:43] [main/INFO]: Found mod file "fabric-particles-v1-4.0.2+824f924c19.jar" [parent: forgified-fabric-api-0.116.14+2.3.0+1.21.1.jar, locator: jarinjar, reader: mod manifest]
[07:57:43] [main/INFO]: Found mod file "fabric-content-registries-v0-8.0.19+5e0d320019.jar" [parent: forgified-fabric-api-0.116.14+2.3.0+1.21.1.jar, locator: jarinjar, reader: mod manifest]
[07:57:43] [main/INFO]: Found mod file "fabric-transitive-access-wideners-v1-6.2.0+6c854b6f19.jar" [parent: forgified-fabric-api-0.116.14+2.3.0+1.21.1.jar, locator: jarinjar, reader: mod manifest]
[07:57:43] [main/INFO]: Found mod file "dev.ryanhcode.offroad.offroad-neoforge-1.21.1-1.3.0.jar" [parent: create-aeronautics-bundled-1.21.1-1.3.0.jar, locator: jarinjar, reader: mod manifest]
[07:57:43] [main/INFO]: Found gamelibrary file "mixinextras-neoforge-0.5.3.jar" [parent: neoforge-21.1.235-universal.jar, locator: jarinjar, reader: mod manifest]
[07:57:43] [main/INFO]: Found gamelibrary file "yumi-commons-core-1.0.0.jar" [parent: lambdynamiclights-api-4.8.8+1.21.1-mojmap.jar, locator: jarinjar, reader: mod manifest]
[07:57:43] [main/INFO]: Found mod file "fabric-game-rule-api-v1-1.0.53+36d727be19.jar" [parent: forgified-fabric-api-0.116.14+2.3.0+1.21.1.jar, locator: jarinjar, reader: mod manifest]
[07:57:43] [main/INFO]: Found mod file "fabric-api-lookup-api-v1-1.6.72+6244b11119.jar" [parent: forgified-fabric-api-0.116.14+2.3.0+1.21.1.jar, locator: jarinjar, reader: mod manifest]
[07:57:43] [main/INFO]: Found mod file "fabric-blockrenderlayer-v1-1.1.52+c290471319.jar" [parent: forgified-fabric-api-0.116.14+2.3.0+1.21.1.jar, locator: jarinjar, reader: mod manifest]
[07:57:43] [main/INFO]: Found gamelibrary file "dev.ryanhcode.sable.sable-sable_rapier-1.21.1-2.0.3.jar" [parent: sable-neoforge-1.21.1-2.0.3.jar, locator: jarinjar, reader: mod manifest]
[07:57:43] [main/INFO]: Found mod file "fabric-block-api-v1-1.1.0+b0c22bb819.jar" [parent: forgified-fabric-api-0.116.14+2.3.0+1.21.1.jar, locator: jarinjar, reader: mod manifest]
[07:57:43] [main/INFO]: Found mod file "fabric-resource-conditions-api-v1-4.3.0+5bdd099819.jar" [parent: forgified-fabric-api-0.116.14+2.3.0+1.21.1.jar, locator: jarinjar, reader: mod manifest]
[07:57:43] [main/INFO]: Found library file "jcpp-1.4.14.jar" [parent: iris-neoforge-1.8.14-beta.1+mc1.21.1.jar, locator: jarinjar]
[07:57:43] [main/INFO]: Found library file "glsl-transformer-3.0.0-pre3.jar" [parent: iris-neoforge-1.8.14-beta.1+mc1.21.1.jar, locator: jarinjar]
[07:57:43] [main/INFO]: Found mod file "sable-companion-common-1.21.1-1.6.0.jar" [parent: searchlights-1.3.1.jar, locator: jarinjar, reader: mod manifest]
[07:57:43] [main/INFO]: Found mod file "flywheel-neoforge-1.21.1-1.0.6.jar" [parent: create-1.21.1-6.0.10.jar, locator: jarinjar, reader: mod manifest]
[07:57:43] [main/INFO]: Found mod file "fabric-item-group-api-v1-4.1.7+e324903319.jar" [parent: forgified-fabric-api-0.116.14+2.3.0+1.21.1.jar, locator: jarinjar, reader: mod manifest]
[07:57:43] [main/INFO]: Found mod file "fabric-gametest-api-v1-2.0.5+29f188ce19.jar" [parent: forgified-fabric-api-0.116.14+2.3.0+1.21.1.jar, locator: jarinjar, reader: mod manifest]
[07:57:43] [main/INFO]: Found mod file "fabric-biome-api-v1-13.0.31+1e62d33c19.jar" [parent: forgified-fabric-api-0.116.14+2.3.0+1.21.1.jar, locator: jarinjar, reader: mod manifest]
[07:57:43] [main/INFO]: Found mod file "fabric-entity-events-v1-1.8.0+e46a02ca19.jar" [parent: forgified-fabric-api-0.116.14+2.3.0+1.21.1.jar, locator: jarinjar, reader: mod manifest]
[07:57:43] [main/INFO]: Found mod file "fabric-registry-sync-v0-5.3.2+f9aace1619.jar" [parent: forgified-fabric-api-0.116.14+2.3.0+1.21.1.jar, locator: jarinjar, reader: mod manifest]
[07:57:43] [main/INFO]: Found mod file "lambdynamiclights-api-4.8.8+1.21.1-mojmap.jar" [parent: searchlights-1.3.1.jar, locator: jarinjar, reader: mod manifest]
[07:57:43] [main/INFO]: Found mod file "fabric-recipe-api-v1-5.0.16+59440bcc19.jar" [parent: forgified-fabric-api-0.116.14+2.3.0+1.21.1.jar, locator: jarinjar, reader: mod manifest]
[07:57:43] [main/INFO]: Found mod file "fabric-object-builder-api-v1-15.2.1+cc242efd19.jar" [parent: forgified-fabric-api-0.116.14+2.3.0+1.21.1.jar, locator: jarinjar, reader: mod manifest]
[07:57:43] [main/INFO]: Found mod file "fabric-loot-api-v2-3.0.15+a3ee712d19.jar" [parent: forgified-fabric-api-0.116.14+2.3.0+1.21.1.jar, locator: jarinjar, reader: mod manifest]
[07:57:43] [main/INFO]: Found mod file "fabric-loot-api-v3-1.0.3+333dfad919.jar" [parent: forgified-fabric-api-0.116.14+2.3.0+1.21.1.jar, locator: jarinjar, reader: mod manifest]
[07:57:43] [main/INFO]: Found mod file "TRansition-1.0.21-1.21.1-neoforge-SNAPSHOT.jar" [parent: entityculling-neoforge-1.10.5-mc1.21.1.jar, locator: jarinjar, reader: mod manifest]
[07:57:43] [main/INFO]: Found mod file "fabric-networking-api-v1-4.3.1+30a980d919.jar" [parent: forgified-fabric-api-0.116.14+2.3.0+1.21.1.jar, locator: jarinjar, reader: mod manifest]
[07:57:43] [main/INFO]: Found gamelibrary file "Registrate-MC1.21-1.3.0+67.jar" [parent: create-1.21.1-6.0.10.jar, locator: jarinjar, reader: mod manifest]
[07:57:43] [main/INFO]: Found mod file "fabric-sound-api-v1-1.0.23+10b84f8419.jar" [parent: forgified-fabric-api-0.116.14+2.3.0+1.21.1.jar, locator: jarinjar, reader: mod manifest]
[07:57:43] [main/INFO]: Found mod file "fabric-message-api-v1-6.0.14+6a754fce19.jar" [parent: forgified-fabric-api-0.116.14+2.3.0+1.21.1.jar, locator: jarinjar, reader: mod manifest]
[07:57:43] [main/INFO]: Found mod file "fabric-lifecycle-events-v1-2.6.0+e40d8add19.jar" [parent: forgified-fabric-api-0.116.14+2.3.0+1.21.1.jar, locator: jarinjar, reader: mod manifest]
[07:57:43] [main/INFO]: Found mod file "fabric-tag-api-v1-1.3.0+3e2bcb4b19.jar" [parent: forgified-fabric-api-0.116.14+2.3.0+1.21.1.jar, locator: jarinjar, reader: mod manifest]
[07:57:43] [main/INFO]: Found mod file "fabric-data-generation-api-v1-20.3.0+3e2bcb4b19.jar" [parent: forgified-fabric-api-0.116.14+2.3.0+1.21.1.jar, locator: jarinjar, reader: mod manifest]
[07:57:43] [main/INFO]: Found mod file "fabric-events-interaction-v0-0.7.14+86e0887119.jar" [parent: forgified-fabric-api-0.116.14+2.3.0+1.21.1.jar, locator: jarinjar, reader: mod manifest]
[07:57:43] [main/INFO]: Found mod file "fabric-key-binding-api-v1-1.0.47+62cc7ce119.jar" [parent: forgified-fabric-api-0.116.14+2.3.0+1.21.1.jar, locator: jarinjar, reader: mod manifest]
[07:57:43] [main/INFO]: Found mod file "fabric-client-tags-api-v1-1.2.0+5adff2d719.jar" [parent: forgified-fabric-api-0.116.14+2.3.0+1.21.1.jar, locator: jarinjar, reader: mod manifest]
[07:57:43] [main/INFO]: Dependency resolution found 1 candidates to load
[07:57:45] [main/INFO]: Found mod file "photonics-0.4.0-fabric+MC-1.21.1_mapped_moj_1.21.1.jar" [locator: org.sinytra.connector.locator.ConnectorLocator@38600b]
[07:57:45] [main/INFO]: Found 2 dependencies adding them to mods collection
[07:57:45] [main/INFO]: Found mod file "org.sinytra.connector-2.0.0-beta.15+1.21.1-mod.jar" [parent: , locator: org.sinytra.connector.locator.ConnectorLocator@38600b, reader: mod manifest]
[07:57:45] [main/INFO]: Found gamelibrary file "runtime-1.0.0+1.21.1.jar" [parent: , locator: org.sinytra.connector.locator.ConnectorLocator@38600b, reader: mod manifest]
[07:57:45] [main/INFO]: 
     Mod List:
		Name Version (Mod Id)

		Contraption Lights 1.2.0 (contraptionlights)
		Create 6.0.10 (create)
		Create Aeronautics 1.3.0 (aeronautics)
		Create Aeronautics 1.3.0 (aeronautics_bundled)
		Create Offroad 1.3.0 (offroad)
		Create Simulated 1.3.0 (simulated)
		Create Simurail 0.0.0-a+b18d457 (simurail)
		Create: Coasters Simulated 0.1.1 (simulatedcoasters)
		Distant Horizons 3.2.0-b (distanthorizons)
		EntityCulling 1.10.5 (entityculling)
		Ferrite Core 7.0.3 (ferritecore)
		Flywheel 1.0.6 (flywheel)
		Forgified Fabric API 0.116.14+2.3.0+1.21.1 (fabric_api)
		Forgified Fabric API Base 0.4.42+d1308ded19 (fabric_api_base)
		Forgified Fabric API Lookup API (v1) 1.6.72+6244b11119 (fabric_api_lookup_api_v1)
		Forgified Fabric Biome API (v1) 13.0.31+1e62d33c19 (fabric_biome_api_v1)
		Forgified Fabric Block API (v1) 1.1.0+b0c22bb819 (fabric_block_api_v1)
		Forgified Fabric BlockRenderLayer Registration (v1) 1.1.52+c290471319 (fabric_blockrenderlayer_v1)
		Forgified Fabric BlockView API (v2) 1.0.10+9afaaf8c19 (fabric_block_view_api_v2)
		Forgified Fabric Client Tags 1.2.0+5adff2d719 (fabric_client_tags_api_v1)
		Forgified Fabric Command API (v2) 2.2.28+36d727be19 (fabric_command_api_v2)
		Forgified Fabric Content Registries (v0) 8.0.19+5e0d320019 (fabric_content_registries_v0)
		Forgified Fabric Convention Tags 2.1.7+7f945d5b19 (fabric_convention_tags_v1)
		Forgified Fabric Convention Tags (v2) 2.12.0+75d3639619 (fabric_convention_tags_v2)
		Forgified Fabric Data Attachment API (v1) 1.4.7+26d408aa19 (fabric_data_attachment_api_v1)
		Forgified Fabric Data Generation API (v1) 20.3.0+3e2bcb4b19 (fabric_data_generation_api_v1)
		Forgified Fabric Entity Events (v1) 1.8.0+e46a02ca19 (fabric_entity_events_v1)
		Forgified Fabric Events Interaction (v0) 0.7.14+86e0887119 (fabric_events_interaction_v0)
		Forgified Fabric Game Rule API (v1) 1.0.53+36d727be19 (fabric_game_rule_api_v1)
		Forgified Fabric Game Test API (v1) 2.0.5+29f188ce19 (fabric_gametest_api_v1)
		Forgified Fabric Item API (v1) 11.2.0+0c57911319 (fabric_item_api_v1)
		Forgified Fabric Item Group API (v1) 4.1.7+e324903319 (fabric_item_group_api_v1)
		Forgified Fabric Key Binding API (v1) 1.0.47+62cc7ce119 (fabric_key_binding_api_v1)
		Forgified Fabric Lifecycle Events (v1) 2.6.0+e40d8add19 (fabric_lifecycle_events_v1)
		Forgified Fabric Loot API (v2) 3.0.15+a3ee712d19 (fabric_loot_api_v2)
		Forgified Fabric Loot API (v3) 1.0.3+333dfad919 (fabric_loot_api_v3)
		Forgified Fabric Message API (v1) 6.0.14+6a754fce19 (fabric_message_api_v1)
		Forgified Fabric Model Loading API (v1) 2.1.0+6e8f52c719 (fabric_model_loading_api_v1)
		Forgified Fabric Networking API (v1) 4.3.1+30a980d919 (fabric_networking_api_v1)
		Forgified Fabric Object Builder API (v1) 15.2.1+cc242efd19 (fabric_object_builder_api_v1)
		Forgified Fabric Particles (v1) 4.0.2+824f924c19 (fabric_particles_v1)
		Forgified Fabric Recipe API (v1) 5.0.16+59440bcc19 (fabric_recipe_api_v1)
		Forgified Fabric Registry Sync (v0) 5.3.2+f9aace1619 (fabric_registry_sync_v0)
		Forgified Fabric Renderer - Indigo 1.7.1+9125b6dc19 (fabric_renderer_indigo)
		Forgified Fabric Renderer API (v1) 3.4.1+9125b6dc19 (fabric_renderer_api_v1)
		Forgified Fabric Rendering (v1) 5.1.0+1a09bd5a19 (fabric_rendering_v1)
		Forgified Fabric Rendering Data Attachment (v1) 0.3.48+73761d2e19 (fabric_rendering_data_attachment_v1)
		Forgified Fabric Rendering Fluids (v1) 3.1.6+a51883b219 (fabric_rendering_fluids_v1)
		Forgified Fabric Resource Conditions API (v1) 4.3.0+5bdd099819 (fabric_resource_conditions_api_v1)
		Forgified Fabric Resource Loader (v0) 1.3.1+4ea8954419 (fabric_resource_loader_v0)
		Forgified Fabric Screen API (v1) 2.0.26+b4953c7419 (fabric_screen_api_v1)
		Forgified Fabric Screen Handler API (v1) 1.3.91+8dbc56dd19 (fabric_screen_handler_api_v1)
		Forgified Fabric Sound API (v1) 1.0.23+10b84f8419 (fabric_sound_api_v1)
		Forgified Fabric Tag API (v1) 1.3.0+3e2bcb4b19 (fabric_tag_api_v1)
		Forgified Fabric Transfer API (v1) 5.4.4+6244b11119 (fabric_transfer_api_v1)
		Forgified Fabric Transitive Access Wideners (v1) 6.2.0+6c854b6f19 (fabric_transitive_access_wideners_v1)
		ImmediatelyFast 1.6.11+1.21.1 (immediatelyfast)
		Iris 1.8.14-beta.1+mc1.21.1 (iris)
		Iris Veil Compat 0.3.0 (irisveil)
		LambDynamicLights (API) 4.8.8+1.21.1 (lambdynlights_api)
		Lithium 0.15.4+mc1.21.1 (lithium)
		Minecraft 1.21.1 (minecraft)
		NeoForge 21.1.235 (neoforge)
		Photonics 0.4.0_1.21.1 (photonics)
		Ponder 1.0.82+mc1.21.1 (ponder)
		Sable 2.0.3 (sable)
		Sable Companion 1.6.0 (sablecompanion)
		SearchLights 1.3.1 (searchlights)
		Sinytra Connector 2.0.0-beta.15+1.21.1 (connector)
		Sodium 0.8.12+mc1.21.1 (sodium)
		TRansition 1.0.21 (transition)
		TRender 1.0.15 (trender)
		Veil 4.2.1 (veil)
		Xaero's Minimap 26.4.2 (xaerominimap)
		XaeroLib 1.7.1 (xaerolib)
[07:57:45] [main/INFO]: Successfully made module authlib transformable
[07:57:45] [main/INFO]: Successfully made module brigadier transformable
[07:57:45] [main/INFO]: Loading coremod script-engine for [xaerominimap]
[07:57:45] [main/INFO]: Compatibility level set to JAVA_17
[07:57:45] [main/INFO]: Compatibility level set to JAVA_21
[07:57:46] [main/INFO]: Launching target 'forgeclient' with arguments [--version, 1.21.1, --gameDir, /home/krzysztofkalisiak/.local/share/ModrinthApp/profiles/Create Aeronautics (1), --assetsDir, /home/krzysztofkalisiak/.local/share/ModrinthApp/meta/assets, --uuid, daa1735b3ea84b2a94748a7aa356e30b, --username, Eutio, --assetIndex, 17, --accessToken, ❄❄❄❄❄❄❄❄, --clientId, c4502edb-87c6-40cb-b595-64a280cf8906, --xuid, 0, --userType, msa, --versionType, release, --width, 854, --height, 480]
[07:57:46] [main/INFO]: Option 'mixin.experimental.entity.block_caching.suffocation' requires 'mixin.util.block_tracking=true' but found 'false'. Setting 'mixin.experimental.entity.block_caching.suffocation=false'.
[07:57:46] [main/INFO]: Option 'mixin.experimental.entity.block_caching.block_support' requires 'mixin.util.block_tracking=true' but found 'false'. Setting 'mixin.experimental.entity.block_caching.block_support=false'.
[07:57:46] [main/INFO]: Option 'mixin.experimental.entity.block_caching.block_touching' requires 'mixin.util.block_tracking=true' but found 'false'. Setting 'mixin.experimental.entity.block_caching.block_touching=false'.
[07:57:46] [main/INFO]: Option 'mixin.experimental.entity.block_caching' requires 'mixin.util.block_tracking=true' but found 'false'. Setting 'mixin.experimental.entity.block_caching=false'.
[07:57:46] [main/INFO]: Loaded configuration file for Lithium: 148 options available, 4 override(s) found
[07:57:46] [main/WARN]: Reference map 'aeronautics.refmap.json' for aeronautics.mixins.json could not be read. If this is a development environment you can ignore this message
[07:57:46] [main/WARN]: Reference map 'xaerolib.refmap.json' for xaerolib.mixins.json could not be read. If this is a development environment you can ignore this message
[07:57:46] [main/WARN]: Reference map 'iris.refmap.json' for mixins.iris.json could not be read. If this is a development environment you can ignore this message
[07:57:46] [main/WARN]: Reference map 'iris.refmap.json' for mixins.iris.fantastic.json could not be read. If this is a development environment you can ignore this message
[07:57:46] [main/WARN]: Reference map 'iris.refmap.json' for mixins.iris.vertexformat.json could not be read. If this is a development environment you can ignore this message
[07:57:46] [main/WARN]: Reference map 'iris.refmap.json' for iris-batched-entity-rendering.mixins.json could not be read. If this is a development environment you can ignore this message
[07:57:46] [main/WARN]: Reference map 'iris.refmap.json' for mixins.iris.compat.sodium.json could not be read. If this is a development environment you can ignore this message
[07:57:46] [main/WARN]: Reference map 'simulated.refmap.json' for simulated.mixins.json could not be read. If this is a development environment you can ignore this message
[07:57:46] [main/INFO]: Loaded configuration file for Sodium: 45 options available, 1 override(s) found
[07:57:46] [main/WARN]: Reference map 'offroad.refmap.json' for offroad.mixins.json could not be read. If this is a development environment you can ignore this message
[07:57:46] [main/WARN]: Reference map 'ponder.refmap.json' for ponder-common.mixins.json could not be read. If this is a development environment you can ignore this message
[07:57:46] [main/INFO]: Using Sodium renderer mixins
[07:57:46] [main/INFO]: Using Sodium renderer mixins
[07:57:46] [main/WARN]: Reference map 'xaerominimap.refmap.json' for xaerohud.mixins.json could not be read. If this is a development environment you can ignore this message
[07:57:46] [main/WARN]: Reference map 'xaerominimap.refmap.json' for xaerominimap.mixins.json could not be read. If this is a development environment you can ignore this message
[07:57:46] [main/WARN]: Reference map 'entityculling.refmap.mixins.json' for entityculling.mixins.json could not be read. If this is a development environment you can ignore this message
[07:57:46] [main/WARN]: Reference map '${refmap_target}refmap.json' for ferritecore.predicates.mixin.json could not be read. If this is a development environment you can ignore this message
[07:57:46] [main/WARN]: Reference map '${refmap_target}refmap.json' for ferritecore.fastmap.mixin.json could not be read. If this is a development environment you can ignore this message
[07:57:46] [main/WARN]: Reference map '${refmap_target}refmap.json' for ferritecore.mrl.mixin.json could not be read. If this is a development environment you can ignore this message
[07:57:46] [main/WARN]: Reference map '${refmap_target}refmap.json' for ferritecore.dedupmultipart.mixin.json could not be read. If this is a development environment you can ignore this message
[07:57:46] [main/WARN]: Reference map '${refmap_target}refmap.json' for ferritecore.blockstatecache.mixin.json could not be read. If this is a development environment you can ignore this message
[07:57:46] [main/WARN]: Reference map '${refmap_target}refmap.json' for ferritecore.dedupbakedquad.mixin.json could not be read. If this is a development environment you can ignore this message
[07:57:46] [main/WARN]: Reference map '${refmap_target}refmap.json' for ferritecore.threaddetec.mixin.json could not be read. If this is a development environment you can ignore this message
[07:57:46] [main/WARN]: Reference map '${refmap_target}refmap.json' for ferritecore.modelsides.mixin.json could not be read. If this is a development environment you can ignore this message
[07:57:46] [main/WARN]: Reference map '${refmap_target}refmap.json' for ferritecore.datacomponents.mixin.json could not be read. If this is a development environment you can ignore this message
[07:57:46] [main/WARN]: Reference map '${refmap_target}refmap.json' for ferritecore.accessors.mixin.json could not be read. If this is a development environment you can ignore this message
[07:57:46] [main/WARN]: Reference map '' for adapter.init.mixins.json could not be read. If this is a development environment you can ignore this message
[07:57:46] [main/INFO]: Force-disabling mixin 'entity.collisions.unpushable_cramming.EntityMixin' as rule 'mixin.entity.collisions.unpushable_cramming' (added by mods [sable]) disables it and children
[07:57:46] [main/INFO]: Force-disabling mixin 'entity.collisions.unpushable_cramming.EntitySectionMixin' as rule 'mixin.entity.collisions.unpushable_cramming' (added by mods [sable]) disables it and children
[07:57:46] [main/INFO]: Force-disabling mixin 'entity.collisions.unpushable_cramming.EntitySelectorMixin' as rule 'mixin.entity.collisions.unpushable_cramming' (added by mods [sable]) disables it and children
[07:57:46] [main/INFO]: Force-disabling mixin 'entity.collisions.unpushable_cramming.LivingEntityMixin' as rule 'mixin.entity.collisions.unpushable_cramming' (added by mods [sable]) disables it and children
[07:57:46] [main/INFO]: Force-disabling mixin 'world.chunk_access.ChunkHolderMixin' as rule 'mixin.world.chunk_access' (added by mods [sable]) disables it and children
[07:57:46] [main/INFO]: Force-disabling mixin 'world.chunk_access.GenerationChunkHolderAccessor' as rule 'mixin.world.chunk_access' (added by mods [sable]) disables it and children
[07:57:46] [main/INFO]: Force-disabling mixin 'world.chunk_access.LevelMixin' as rule 'mixin.world.chunk_access' (added by mods [sable]) disables it and children
[07:57:46] [main/INFO]: Force-disabling mixin 'world.chunk_access.ServerChunkCacheMixin' as rule 'mixin.world.chunk_access' (added by mods [sable]) disables it and children
[07:57:46] [main/INFO]: Force-disabling mixin 'world.chunk_ticking.spread_ice.BiomeMixin' as rule 'mixin.world.chunk_ticking' (added by mods [sable]) disables it and children
[07:57:46] [main/INFO]: Force-disabling mixin 'world.tick_scheduler.LevelChunkTicksMixin' as rule 'mixin.world.tick_scheduler' (added by mods [sable]) disables it and children
[07:57:46] [main/WARN]: Error loading class: com/portingdeadmods/cable_facades/events/GameClientEvents$2 (java.lang.ClassNotFoundException: com.portingdeadmods.cable_facades.events.GameClientEvents$2)
[07:57:46] [main/WARN]: Error loading class: com/direwolf20/justdirethings/client/renderers/OurRenderTypes (java.lang.ClassNotFoundException: com.direwolf20.justdirethings.client.renderers.OurRenderTypes)
[07:57:46] [main/WARN]: Error loading class: mekanism/client/render/entity/RenderFlame (java.lang.ClassNotFoundException: mekanism.client.render.entity.RenderFlame)
[07:57:46] [main/WARN]: Error loading class: mekanism/client/render/armor/MekaSuitArmor (java.lang.ClassNotFoundException: mekanism.client.render.armor.MekaSuitArmor)
[07:57:46] [main/WARN]: Error loading class: mekanism/client/render/lib/effect/BillboardingEffectRenderer (java.lang.ClassNotFoundException: mekanism.client.render.lib.effect.BillboardingEffectRenderer)
[07:57:46] [main/WARN]: Error loading class: blusunrize/immersiveengineering/client/utils/IEGLShaders (java.lang.ClassNotFoundException: blusunrize.immersiveengineering.client.utils.IEGLShaders)
[07:57:46] [main/WARN]: Error loading class: mezz/jei/library/plugins/vanilla/ingredients/ItemStackListFactory (java.lang.ClassNotFoundException: mezz.jei.library.plugins.vanilla.ingredients.ItemStackListFactory)
[07:57:46] [main/INFO]: Immersive Portals not present, skipping DH compatibility mixin.
[07:57:46] [main/WARN]: Force-disabling mixin 'features.render.world.sky.ClientLevelMixin' as rule 'mixin.features.render.world.sky' (added by mods [iris]) disables it and children
[07:57:46] [main/WARN]: Force-disabling mixin 'features.render.world.sky.FogRendererMixin' as rule 'mixin.features.render.world.sky' (added by mods [iris]) disables it and children
[07:57:46] [main/WARN]: Force-disabling mixin 'features.render.world.sky.LevelRendererMixin' as rule 'mixin.features.render.world.sky' (added by mods [iris]) disables it and children
[07:57:46] [main/WARN]: Error loading class: org/jetbrains/annotations/ApiStatus$ScheduledForRemoval (java.lang.ClassNotFoundException: org.jetbrains.annotations.ApiStatus$ScheduledForRemoval)
[07:57:46] [main/INFO]: Initializing MixinExtras via com.llamalad7.mixinextras.service.MixinExtrasServiceImpl(version=0.5.3).
[31Aug2026 07:57:47.750] [Datafixer Bootstrap/INFO] [com.mojang.datafixers.DataFixerBuilder/]: 229 Datafixer optimizations took 132 milliseconds
[31Aug2026 07:57:50.351] [Render thread/WARN] [net.minecraft.server.packs.VanillaPackResourcesBuilder/]: Assets URL 'union:/home/krzysztofkalisiak/.local/share/ModrinthApp/meta/libraries/net/minecraft/client/1.21.1-20240808.144430/client-1.21.1-20240808.144430-srg.jar%23215!/assets/.mcassetsroot' uses unexpected schema
[31Aug2026 07:57:50.352] [Render thread/WARN] [net.minecraft.server.packs.VanillaPackResourcesBuilder/]: Assets URL 'union:/home/krzysztofkalisiak/.local/share/ModrinthApp/meta/libraries/net/minecraft/client/1.21.1-20240808.144430/client-1.21.1-20240808.144430-srg.jar%23215!/data/.mcassetsroot' uses unexpected schema
[31Aug2026 07:57:50.366] [Render thread/INFO] [com.mojang.authlib.yggdrasil.YggdrasilAuthenticationService/]: Environment: Environment[sessionHost=https://sessionserver.mojang.com, servicesHost=https://api.minecraftservices.com, name=PROD]
[31Aug2026 07:57:50.370] [Render thread/INFO] [net.minecraft.client.Minecraft/]: Setting user: Eutio
[31Aug2026 07:57:50.382] [Render thread/INFO] [Photonics/]: Reloading config
[31Aug2026 07:57:50.396] [Render thread/INFO] [Photonics/]: Photonics light registry contains 127 light definitions for 98 blocks
[31Aug2026 07:57:50.436] [Render thread/INFO] [Iris/]: Queuing DH event binding...
[31Aug2026 07:57:50.491] [Render thread/INFO] [net.minecraft.client.Minecraft/]: Backend library: LWJGL version 3.3.3+5
[31Aug2026 07:57:50.507] [Render thread/INFO] [com.mojang.blaze3d.platform.Window/]: OpenGL Vendor: AMD
[31Aug2026 07:57:50.507] [Render thread/INFO] [com.mojang.blaze3d.platform.Window/]: OpenGL Renderer: AMD Radeon RX 7900 GRE (radeonsi, navi31, ACO, DRM 3.64, 7.0.0-30-generic)
[31Aug2026 07:57:50.507] [Render thread/INFO] [com.mojang.blaze3d.platform.Window/]: OpenGL Version: 4.6 (Core Profile) Mesa 26.1.2 - kisak-mesa PPA
[31Aug2026 07:57:50.528] [Render thread/INFO] [ImmediatelyFast/]: Initializing ImmediatelyFast 1.6.11+1.21.1 on AMD Radeon RX 7900 GRE (radeonsi, navi31, ACO, DRM 3.64, 7.0.0-30-generic) (AMD) with OpenGL 4.6 (Core Profile) Mesa 26.1.2 - kisak-mesa PPA
[31Aug2026 07:57:50.528] [Render thread/INFO] [ImmediatelyFast/]: Found Iris 1.8.14-beta.1+mc1.21.1. Enabling compatibility.
[31Aug2026 07:57:50.838] [Render thread/INFO] [Iris/]: Debug functionality is disabled.
[31Aug2026 07:57:50.839] [Render thread/INFO] [Iris/]: OpenGL 4.5 detected, enabling DSA.
[31Aug2026 07:57:50.897] [ForkJoinPool.commonPool-worker-13/WARN] [Iris/]: [Iris Update Check] This version doesn't have an update index, skipping.
[31Aug2026 07:57:50.982] [modloading-worker-0/INFO] [Veil/]: Veil is initializing.
[31Aug2026 07:57:50.983] [modloading-worker-0/INFO] [net.fabricmc.fabric.impl.client.indigo.Indigo/]: [Indigo] Different rendering plugin detected; not applying Indigo.
[31Aug2026 07:57:51.001] [modloading-worker-0/INFO] [net.neoforged.neoforge.common.NeoForgeMod/NEOFORGE-MOD]: NeoForge mod loading, version 21.1.235, for MC 1.21.1
[31Aug2026 07:57:51.037] [modloading-worker-0/INFO] [xaero.hud.minimap.MinimapLogs/]: No Optifine!
[31Aug2026 07:57:51.037] [modloading-worker-0/INFO] [xaero.hud.minimap.MinimapLogs/]: Xaero's Minimap: No Vivecraft!
[31Aug2026 07:57:51.038] [modloading-worker-0/INFO] [xaero.hud.minimap.MinimapLogs/]: Xaero's Minimap: Iris found!
[31Aug2026 07:57:51.155] [modloading-worker-0/INFO] [xaero.lib.XaeroLib/]: Registering common data for channel xaerolib:main!
[31Aug2026 07:57:51.161] [modloading-worker-0/INFO] [xaero.lib.XaeroLib/]: Registering client data for channel xaerolib:main!
[31Aug2026 07:57:51.167] [modloading-worker-0/INFO] [xaero.lib.XaeroLib/]: Loading primary common config for channel xaerolib:main!
[31Aug2026 07:57:51.172] [modloading-worker-0/INFO] [com.simibubi.create.Create/]: Create 6.0.10 initializing! Commit hash: ac0c444d9828da3453ae8cc65338e8de063286fb
[31Aug2026 07:57:51.172] [modloading-worker-0/INFO] [xaero.lib.XaeroLib/]: Loading server config profiles for channel xaerolib:main!
[31Aug2026 07:57:51.173] [modloading-worker-0/INFO] [xaero.lib.XaeroLib/]: Loading primary client config for channel xaerolib:main!
[31Aug2026 07:57:51.173] [modloading-worker-0/INFO] [xaero.lib.XaeroLib/]: Loading client config profiles for channel xaerolib:main!
[31Aug2026 07:57:51.174] [modloading-worker-0/INFO] [xaero.common.HudMod/]: Registering common data for channel xaerominimap:main!
[31Aug2026 07:57:51.204] [modloading-worker-0/INFO] [xaero.common.HudMod/]: Registering client data for channel xaerominimap:main!
[31Aug2026 07:57:51.219] [modloading-worker-0/INFO] [xaero.common.HudMod/]: Loading primary common config for channel xaerominimap:main!
[31Aug2026 07:57:51.220] [modloading-worker-0/INFO] [xaero.common.HudMod/]: Loading server config profiles for channel xaerominimap:main!
[31Aug2026 07:57:51.220] [modloading-worker-0/INFO] [xaero.common.HudMod/]: Loading primary client config for channel xaerominimap:main!
[31Aug2026 07:57:51.221] [modloading-worker-0/INFO] [xaero.common.HudMod/]: Loading client config profiles for channel xaerominimap:main!
[31Aug2026 07:57:51.903] [modloading-worker-0/INFO] [dev.ryanhcode.sable.Sable/]: Sable loaded!
[31Aug2026 07:57:51.911] [modloading-worker-0/WARN] [dev.ryanhcode.sable.Sable/]: NOTE: Sable is loaded with Flywheel. Sable contains extensive shader overrides and a full light-storage replacement. Expect this to cause compatibility issues. If issues arise, please report them to the Sable issue tracker (https://github.com/ryanhcode/sable/issues) instead of the Flywheel issue tracker.
[31Aug2026 07:57:52.747] [Render thread/INFO] [Veil/]: GL Debug supported
[31Aug2026 07:57:52.945] [Render thread/INFO] [Iris/]: Hardware information:
[31Aug2026 07:57:52.945] [Render thread/INFO] [Iris/]: CPU: 16x AMD Ryzen 7 7700 8-Core Processor
[31Aug2026 07:57:52.945] [Render thread/INFO] [Iris/]: GPU: AMD Radeon RX 7900 GRE (radeonsi, navi31, ACO, DRM 3.64, 7.0.0-30-generic) (Supports OpenGL 4.6 (Core Profile) Mesa 26.1.2 - kisak-mesa PPA)
[31Aug2026 07:57:52.945] [Render thread/INFO] [Iris/]: OS: Linux (7.0.0-30-generic)
[31Aug2026 07:57:53.267] [Render thread/INFO] [net.minecraft.server.packs.resources.ReloadableResourceManager/]: Reloading ResourceManager: vanilla, fabric, mod_resources, mod/sodium, mod/fabric_transfer_api_v1, mod/simulatedcoasters, mod/fabric_renderer_api_v1, mod/fabric_item_api_v1, mod/fabric_model_loading_api_v1, mod/fabric_rendering_fluids_v1, mod/lithium, mod/aeronautics, mod/xaerolib, mod/aeronautics_bundled, mod/fabric_screen_handler_api_v1, mod/fabric_resource_loader_v0, mod/trender, mod/fabric_rendering_v1, mod/fabric_renderer_indigo, mod/fabric_convention_tags_v1, mod/neoforge, mod/photonics, mod/fabric_block_view_api_v2, mod/fabric_command_api_v2, mod/fabric_convention_tags_v2, mod/fabric_data_attachment_api_v1, mod/iris, mod/veil, mod/simulated, mod/simurail, mod/distanthorizons, mod/fabric_screen_api_v1, mod/fabric_particles_v1, mod/connector, mod/fabric_api,forgified_fabric_api, mod/fabric_content_registries_v0, mod/fabric_transitive_access_wideners_v1, mod/offroad, mod/irisveil, mod/fabric_game_rule_api_v1, mod/fabric_api_base, mod/fabric_api_lookup_api_v1, mod/fabric_blockrenderlayer_v1, mod/fabric_block_api_v1, mod/fabric_resource_conditions_api_v1, mod/sablecompanion, mod/flywheel, mod/ponder, mod/create, mod/sable, mod/contraptionlights, mod/xaerominimap, mod/fabric_item_group_api_v1, mod/fabric_gametest_api_v1, mod/entityculling, mod/fabric_biome_api_v1, mod/fabric_entity_events_v1, mod/fabric_registry_sync_v0, mod/immediatelyfast, mod/lambdynlights_api, mod/fabric_recipe_api_v1, mod/ferritecore, mod/fabric_object_builder_api_v1, mod/fabric_loot_api_v2, mod/fabric_loot_api_v3, mod/transition, mod/fabric_rendering_data_attachment_v1, mod/searchlights, mod/fabric_networking_api_v1, mod/fabric_sound_api_v1, mod/fabric_message_api_v1, mod/fabric_lifecycle_events_v1, mod/fabric_tag_api_v1, mod/fabric_data_generation_api_v1, mod/fabric_events_interaction_v0, mod/fabric_key_binding_api_v1, mod/fabric_client_tags_api_v1
[31Aug2026 07:57:53.278] [Worker-Main-6/INFO] [xaero.lib.XaeroLib/]: Loading XaeroLib common 1/2!
[31Aug2026 07:57:53.278] [Worker-Main-9/INFO] [me.yurtema.searchlights.Searchlights/]: HELLO FROM COMMON SETUP
[31Aug2026 07:57:53.294] [NeoForge Version Check/INFO] [net.neoforged.fml.VersionChecker/]: [create] Starting version check at https://api.modrinth.com/updates/create/forge_updates.json?neoforge=only
[31Aug2026 07:57:53.312] [Worker-Main-10/INFO] [net.minecraft.client.gui.font.providers.UnihexProvider/]: Found unifont_jp_patch-15.1.05.hex, loading
[31Aug2026 07:57:53.312] [Worker-Main-7/INFO] [net.minecraft.client.gui.font.providers.UnihexProvider/]: Found unifont_all_no_pua-15.1.05.hex, loading
[31Aug2026 07:57:53.604] [Worker-Main-6/INFO] [xaero.lib.XaeroLib/]: Loading XaeroLib client 1/2!
[31Aug2026 07:57:53.643] [Worker-Main-11/INFO] [top.leonx.irisveil.IrisVeilCompat/]: HELLO FROM CLIENT SETUP
[31Aug2026 07:57:53.643] [Worker-Main-11/INFO] [top.leonx.irisveil.IrisVeilCompat/]: MINECRAFT NAME >> Eutio
[31Aug2026 07:57:53.644] [Worker-Main-15/INFO] [DistantHorizons-DistantHorizons-com.seibel.distanthorizons.common.AbstractModInitializer_neoforge/]: Initializing Distant Horizons client, firing DhApiBeforeDhInitEvent...
[31Aug2026 07:57:53.645] [Worker-Main-1/INFO] [xaero.minimap.XaeroMinimap/]: Loading Xaero's Minimap - Stage 1/2
[31Aug2026 07:57:53.652] [NeoForge Version Check/INFO] [net.neoforged.fml.VersionChecker/]: [create] Found status: OUTDATED Current: 6.0.10 Target: 6.0.10+mc1.21.1
[31Aug2026 07:57:53.662] [Worker-Main-15/INFO] [DistantHorizons-DistantHorizons-com.seibel.distanthorizons.core.Initializer/]: Running library validation...
[31Aug2026 07:57:53.723] [Worker-Main-1/INFO] [me.yurtema.searchlights.Searchlights/]: HELLO FROM CLIENT SETUP
[31Aug2026 07:57:53.723] [Worker-Main-1/INFO] [me.yurtema.searchlights.Searchlights/]: MINECRAFT NAME >> Eutio
[31Aug2026 07:57:53.826] [Worker-Main-15/INFO] [DistantHorizons-DistantHorizons-com.seibel.distanthorizons.common.AbstractModInitializer_neoforge/]: Distant Horizons, Version: 3.2.0-b
[31Aug2026 07:57:53.832] [Worker-Main-15/INFO] [DistantHorizons-DistantHorizons-com.seibel.distanthorizons.common.AbstractModInitializer_neoforge/]: Skipping mod compatibility accessor for: [optifine]
[31Aug2026 07:57:53.832] [Worker-Main-15/INFO] [DistantHorizons-DistantHorizons-com.seibel.distanthorizons.common.AbstractModInitializer_neoforge/]: Skipping mod compatibility accessor for: [c2me]
[31Aug2026 07:57:53.833] [Worker-Main-15/INFO] [DistantHorizons-DistantHorizons-com.seibel.distanthorizons.common.AbstractModInitializer_neoforge/]: Skipping mod compatibility accessor for: [immersive_portals]
[31Aug2026 07:57:53.833] [Worker-Main-15/INFO] [DistantHorizons-DistantHorizons-com.seibel.distanthorizons.core.dependencyInjection.ModAccessorInjector/]: Registered mod compatibility accessor for: [iris].
[31Aug2026 07:57:53.848] [Worker-Main-15/INFO] [DistantHorizons-DistantHorizons-com.seibel.distanthorizons.core.config.ConfigHandler/]: Initialising config for [DistantHorizons]
[31Aug2026 07:57:53.918] [Worker-Main-15/INFO] [DistantHorizons-DistantHorizons-com.seibel.distanthorizons.core.config.ConfigHandler/]: [DistantHorizons] Config initialised
[31Aug2026 07:57:53.931] [Worker-Main-15/INFO] [DistantHorizons-DistantHorizons-com.seibel.distanthorizons.core.config.eventHandlers.IgnoredDimensionCsvHandler/]: Dimension ignoring disabled, DH will render all dimensions.
[31Aug2026 07:57:53.931] [Worker-Main-15/INFO] [com.seibel.distanthorizons.core.logging.DhLogger/]: Applying config to loggers
[31Aug2026 07:57:53.933] [Worker-Main-15/INFO] [DistantHorizons-DistantHorizons-com.seibel.distanthorizons.core.Initializer/]: Garbage collectors: [G1 Young Generation, G1 Concurrent GC, G1 Old Generation]
[31Aug2026 07:57:53.933] [Worker-Main-15/WARN] [DistantHorizons-DistantHorizons-com.seibel.distanthorizons.core.Initializer/]: Distant Horizons: G1 Garbage collector detected.
This can cause FPS stuttering. 
It's recommended to use a concurrent garbage collector 
like ZGC (Java 21+) or Shenandoah (Java 8 through 17) 
for a smoother experience. 
This warning can be disabled in the DH config.
[31Aug2026 07:57:53.941] [Worker-Main-15/INFO] [DistantHorizons-DistantHorizons-com.seibel.distanthorizons.core.Initializer/]: Explicit Garbage Collection: [Enabled]
[31Aug2026 07:57:53.941] [Worker-Main-15/INFO] [DistantHorizons-DistantHorizons-com.seibel.distanthorizons.common.AbstractModInitializer_neoforge/]: Distant Horizons client Initialized.
[31Aug2026 07:57:53.941] [Worker-Main-15/INFO] [DistantHorizons-DistantHorizons-com.seibel.distanthorizons.common.AbstractModInitializer_neoforge/]: Running Delayed setup...
[31Aug2026 07:57:53.941] [Worker-Main-15/INFO] [DistantHorizons-DistantHorizons-com.seibel.distanthorizons.common.AbstractModInitializer_neoforge/]: Delayed setup complete, firing DhApiAfterDhInitEvent event...
[31Aug2026 07:57:53.941] [Worker-Main-15/INFO] [Iris/]: DH Ready, binding Iris event handlers...
[31Aug2026 07:57:53.945] [Worker-Main-15/INFO] [Iris/]: DH Iris events bound.
[31Aug2026 07:57:53.947] [DH-PostClientInit Thread/INFO] [DistantHorizons-DistantHorizons-com.seibel.distanthorizons.common.wrappers.DependencySetup_neoforge/]: Setting DH Rendering API to: [OPEN_GL]...
[31Aug2026 07:57:53.955] [DH-PostClientInit Thread/INFO] [DistantHorizons-DistantHorizons-com.seibel.distanthorizons.common.wrappers.DependencySetup_neoforge/]: DH Rendering successfully bound to: [OpenGL]...
[31Aug2026 07:57:54.035] [Render thread/INFO] [Photonics/]: Photonics ReSTIR GI v70: forcing PHOTONICS_RESTIR_COMBINED_GI on for the geometry-guided spatial-reuse test (configured=true)
[31Aug2026 07:57:54.036] [Render thread/INFO] [Photonics/]: Photonics performance overrides: renderScale=shader-pack, giRenderScale=1.0, temporalUpscaler=false, temporalUpscalerSourceScale=1.0, temporalUpscalerHistoryFrames=shader-pack, restirInitialSamples=shader-pack, restirDenoiserPasses=shader-pack, restirGiDenoiserPasses=0 (shader-pack means no JVM override)
[31Aug2026 07:57:54.059] [Worker-Main-5/WARN] [net.minecraft.client.renderer.texture.SpriteLoader/]: Texture simulatedcoasters:block/chain_lift/chain with size 8x10 limits mip level from 4 to 1
[31Aug2026 07:57:54.069] [Render thread/INFO] [Photonics/]: Photonics shader source: path=/photonics/deprecated/shader_interface.glsl origin=photonics-jar sha256=5dfda62a6095f3b51553fc5ab09f6a103ffc712dc085e945dcf4d77fd79ca35d
[31Aug2026 07:57:54.070] [Render thread/INFO] [Photonics/]: Photonics shader source: path=/photonics/interface/lighting_interface.glsl origin=photonics-jar sha256=9a4d8485bce1dad2f12e2b328cd7e2ac4d590f4e9012b6df7fb0fd9835853e07
[31Aug2026 07:57:54.071] [Render thread/INFO] [Photonics/]: Photonics shader source: path=/photonics/interface/world_interface.glsl origin=photonics-jar sha256=824e3242f9613ce90af16908fe249e1ec8d7cdbc055edd991a9a62ef78a0ca37
[31Aug2026 07:57:54.071] [Render thread/INFO] [Photonics/]: Photonics shader source: path=/photonics/internal/impl/attenuation.glsl origin=photonics-jar sha256=8bde0c29d33d681517727a682d42a9611fae9588b253436da3cc1d6a186d740c
[31Aug2026 07:57:54.071] [Render thread/INFO] [Photonics/]: Photonics shader source: path=/photonics/internal/impl/is_hand.glsl origin=photonics-jar sha256=bbf92ac96d62c64d0aca3cd4f24823fecaa2f83e83548163c48ccda3635362d4
[31Aug2026 07:57:54.072] [Render thread/INFO] [Photonics/]: Photonics shader source: path=/photonics/internal/tracing/common.glsl origin=photonics-jar sha256=76620f1a6ad8a77e04c12e2e7350c1d9bff5b6ee12e8e45232ed76b87eae9b93
[31Aug2026 07:57:54.072] [Render thread/INFO] [Photonics/]: Photonics shader source: path=/photonics/internal/tracing/iterator.glsl origin=photonics-jar sha256=72e9cf28f92ecf4cd798e5a46ec40ae6050b9f8151a99a817dc6a66c9961f762
[31Aug2026 07:57:54.073] [Render thread/INFO] [Photonics/]: Photonics shader source: path=/photonics/internal/tracing/simple.glsl origin=photonics-jar sha256=00fff4fbf021ef1be9e94e1c3ce9b767519d517ec9b8b53ff95553342fcd5f7c
[31Aug2026 07:57:54.073] [Render thread/INFO] [Photonics/]: Photonics shader source: path=/photonics/internal/tracing/types.glsl origin=photonics-jar sha256=bc0b77ef28fa9c10319adeddb1e6d6dac7ac5788a1c356ad6ae3580b614aaba6
[31Aug2026 07:57:54.073] [Render thread/INFO] [Photonics/]: Photonics shader source: path=/photonics/light.glsl origin=photonics-jar sha256=45643f8c5db7777ea0f020e083ad35a4557f81f1e88aa1e3559d897bfd3d516d
[31Aug2026 07:57:54.073] [Render thread/INFO] [Photonics/]: Photonics shader source: path=/photonics/light_list.glsl origin=photonics-jar sha256=68bff9e0579d9ee6049376dbfc2fa10a38648f6ea679f53a1b0008a7aedd965d
[31Aug2026 07:57:54.073] [Render thread/INFO] [Photonics/]: Photonics shader source: path=/photonics/modifiers/attenuation_modifier.glsl origin=photonics-jar sha256=d842468d67ecb27a1778c6f6edd07051aea88f8604391e10481498bb9dbc23b4
[31Aug2026 07:57:54.073] [Render thread/INFO] [Photonics/]: Photonics shader source: path=/photonics/modifiers/handheld_light_pulse_modifier.glsl origin=photonics-jar sha256=2af6c839c63a2f3f6d783338518319cbb0212a7423889e1382b92a5a17b2af32
[31Aug2026 07:57:54.074] [Render thread/INFO] [Photonics/]: Photonics shader source: path=/photonics/modifiers/indirect_environment_modifier.glsl origin=photonics-jar sha256=d540b3d047b4f4fac57a93e3b3c25ea4f4c65d02b4e13fda8e591c724d8379d5
[31Aug2026 07:57:54.074] [Render thread/INFO] [Photonics/]: Photonics shader source: path=/photonics/modifiers/indirect_surface_sample_modifier.glsl origin=photonics-jar sha256=789b7f1e30af62ec9fb805524f6d46ef29166a3645f83b3c6b8e1b0595169831
[31Aug2026 07:57:54.074] [Render thread/INFO] [Photonics/]: Photonics shader source: path=/photonics/modifiers/is_hand_modifier.glsl origin=shader-pack sha256=d43b622fb771dfcb68d6980026dde741e4e47eb7d43847eea2632dcd5c1401dd
[31Aug2026 07:57:54.074] [Render thread/INFO] [Photonics/]: Photonics shader source: path=/photonics/modifiers/light_modifier.glsl origin=shader-pack sha256=3e287296dea097eb9baf73693316dde656eaeedead165120ed6c334e5cc4597f
[31Aug2026 07:57:54.074] [Render thread/INFO] [Photonics/]: Photonics shader source: path=/photonics/modifiers/restir_denoiser_depth_fetch_modifier.glsl origin=photonics-jar sha256=ced59a4690918514cbe2a90ee4d67782487c5c0b397b85d86a174eec4032a5e6
[31Aug2026 07:57:54.074] [Render thread/INFO] [Photonics/]: Photonics shader source: path=/photonics/modifiers/restir_gi_modifier.glsl origin=shader-pack sha256=87a3104b173d03c00f97a84f46e5f3e768ae3496334a812d4b07b791620bf699
[31Aug2026 07:57:54.074] [Render thread/INFO] [Photonics/]: Photonics shader source: path=/photonics/modifiers/voxel_color_modifier.glsl origin=photonics-jar sha256=637762f7d52cc5eb3b56f9ad97852ebe01d7ad2fd0f567649118bf7c107ea641
[31Aug2026 07:57:54.074] [Render thread/INFO] [Photonics/]: Photonics shader source: path=/photonics/palette.glsl origin=photonics-jar sha256=8a08c4fd9b044349da5e37ae631d18cabe5cb448bbfca6853f57b9a954f1f1f9
[31Aug2026 07:57:54.074] [Render thread/INFO] [Photonics/]: Photonics shader source: path=/photonics/ph_samplers.glsl origin=photonics-jar sha256=2c8c0f766adf3db913ee14ba798a9ce7fbcf81277a64f2ae1ab8f750d2caac35
[31Aug2026 07:57:54.074] [Render thread/INFO] [Photonics/]: Photonics shader source: path=/photonics/photonics.glsl origin=photonics-jar sha256=e3b0c44298fc1c149afbf4c8996fb92427ae41e4649b934ca495991b7852b855
[31Aug2026 07:57:54.075] [Render thread/INFO] [Photonics/]: Photonics shader source: path=/photonics/rendering/basic/samplers.glsl origin=photonics-jar sha256=b4bbf9746a62a1fa9ad01fbdbfaf471aaf4da874ca10727ec38c924ac3990675
[31Aug2026 07:57:54.075] [Render thread/INFO] [Photonics/]: Photonics shader source: path=/photonics/rendering/common.glsl origin=photonics-jar sha256=da5ce930f1552a62bfba73edf78c153c4ffa536cd10ed0b6c21cb39567225586
[31Aug2026 07:57:54.075] [Render thread/INFO] [Photonics/]: Photonics shader source: path=/photonics/rendering/frag/common.glsl origin=photonics-jar sha256=b2b6b769c6994d3ab973ad2bcddd386fdf2d8983a94d96ac989577c016726a2a
[31Aug2026 07:57:54.075] [Render thread/INFO] [Photonics/]: Photonics shader source: path=/photonics/rendering/frag/f0_load_frag.fsh origin=photonics-jar sha256=91ee71964a8139faefd01800e99133b5bdd7159cac89ac2686895ad8ac3d0e9d
[31Aug2026 07:57:54.075] [Render thread/INFO] [Photonics/]: Photonics shader source: path=/photonics/rendering/frag/f0_load_frag_gi.fsh origin=photonics-jar sha256=c4628ddca910c75924b79631cf208cdedad1b73ee817d6c73adb5a03167d74e4
[31Aug2026 07:57:54.075] [Render thread/INFO] [Photonics/]: Photonics shader source: path=/photonics/rendering/frag/f0_load_frag_impl.glsl origin=photonics-jar sha256=2914f4a5b3ca199ed2a4a33bfd972d919b571a43235ae14428d3830a05fcff03
[31Aug2026 07:57:54.075] [Render thread/INFO] [Photonics/]: Photonics shader source: path=/photonics/rendering/frag/frag_data.glsl origin=photonics-jar sha256=b531a3c63c98e8aa42169605930ba2825227ab8fb33b5c9e471cbe3ad7ead921
[31Aug2026 07:57:54.076] [Render thread/INFO] [Photonics/]: Photonics shader source: path=/photonics/rendering/frag/frag_motion.glsl origin=photonics-jar sha256=129d109cca0287e3fe33fca0b0bba1218b6bdf0b73a8248e17d454727e1635a8
[31Aug2026 07:57:54.076] [Render thread/INFO] [Photonics/]: Photonics shader source: path=/photonics/rendering/frag/sable_motion.glsl origin=photonics-jar sha256=214eecc4bb9927b35d1add0525c507796cc52e8da95f60429edfc5c2b2511837
[31Aug2026 07:57:54.076] [Render thread/INFO] [Photonics/]: Photonics shader source: path=/photonics/rendering/frag/world_interface.glsl origin=photonics-jar sha256=cd9fa7ad81b2a6d00baebdde7f260967e9b6e2c28b36e5822fb1fa980cc3b19e
[31Aug2026 07:57:54.077] [Render thread/INFO] [Photonics/]: Photonics shader source: path=/photonics/rendering/handheld_lighting.glsl origin=photonics-jar sha256=7d7b9c3503c53f020250fd03cbf1f7e72c5fcd9d869d5fad1ea59570a8c0df11
[31Aug2026 07:57:54.078] [Render thread/INFO] [Photonics/]: Photonics shader source: path=/photonics/rendering/indirect_lighting.glsl origin=photonics-jar sha256=f857ca80a638dc915c0d754dc85f69c670d6f0d0bc0d2d7e627f31aeafcbd96e
[31Aug2026 07:57:54.078] [Render thread/INFO] [Photonics/]: Photonics shader source: path=/photonics/rendering/off/samplers.glsl origin=photonics-jar sha256=b4bbf9746a62a1fa9ad01fbdbfaf471aaf4da874ca10727ec38c924ac3990675
[31Aug2026 07:57:54.078] [Render thread/INFO] [Photonics/]: Photonics shader source: path=/photonics/rendering/restir/direct/reservoir.glsl origin=photonics-jar sha256=30b0eff0d8df1b854e1230a6435bb133cc206a1a1b2a93f5527b8130edb155d3
[31Aug2026 07:57:54.079] [Render thread/INFO] [Photonics/]: Photonics shader source: path=/photonics/rendering/restir/direct/sample.glsl origin=photonics-jar sha256=eae45dc41a798dcfda462a999e54ae931d2061866decfce5dd0558a2e31c576b
[31Aug2026 07:57:54.079] [Render thread/INFO] [Photonics/]: Photonics shader source: path=/photonics/rendering/restir/indirect/reservoir.glsl origin=photonics-jar sha256=8c34d6c26bedcb814cc343d55e21a281adbaa9f5312fd1be8950c34d64176f43
[31Aug2026 07:57:54.083] [Render thread/INFO] [Photonics/]: Photonics shader source: path=/photonics/rendering/restir/indirect/sample.glsl origin=photonics-jar sha256=dab16fc0478ada44bf71e70b3a38c2268d2f089bdc6b06717013c392eacaf211
[31Aug2026 07:57:54.083] [Render thread/INFO] [Photonics/]: Photonics shader source: path=/photonics/rendering/restir/pass_mode.glsl origin=photonics-jar sha256=0bf5825204a620ae77d33fa4169eaa8fa3e061875e6d030859065e4249b4d2b1
[31Aug2026 07:57:54.084] [Render thread/INFO] [Photonics/]: Photonics shader source: path=/photonics/rendering/restir/passes/r10_handheld.fsh origin=photonics-jar sha256=5a76ead421d3b886a2fe7ba8a8f2bf2f1831fb8a76a094ce0ec5764b8f08a681
[31Aug2026 07:57:54.084] [Render thread/INFO] [Photonics/]: Photonics shader source: path=/photonics/rendering/restir/passes/r10_local_direct.fsh origin=photonics-jar sha256=6eb04dadf51ab161d0648a328618f205f39cff2c7dd5f871103ccc933027bbe8
[31Aug2026 07:57:54.084] [Render thread/INFO] [Photonics/]: Photonics shader source: path=/photonics/rendering/restir/passes/r10_source_history_diagnostic.fsh origin=photonics-jar sha256=663341f7cc1491e061b30bf18c463d7a699559e00029a9216283c0fdae0a6d91
[31Aug2026 07:57:54.084] [Render thread/INFO] [Photonics/]: Photonics shader source: path=/photonics/rendering/restir/passes/r1_initial_direct.fsh origin=photonics-jar sha256=dd82fa9d0f5b54fc2bac969100d75ac4206ae67826ebf92fce7930992e90c8ad
[31Aug2026 07:57:54.084] [Render thread/INFO] [Photonics/]: Photonics shader source: path=/photonics/rendering/restir/passes/r2_validate_initial_direct.fsh origin=photonics-jar sha256=38c7af27bc60c78aea3ba2d8b2508a5c3355861b3872483ae454b7a3578dac20
[31Aug2026 07:57:54.084] [Render thread/INFO] [Photonics/]: Photonics shader source: path=/photonics/rendering/restir/passes/r3_gi_current_state.fsh origin=photonics-jar sha256=d717a1adcad3ae41305c105ea2a873a564085c26a501ea0b5b1518a86fe97969
[31Aug2026 07:57:54.084] [Render thread/INFO] [Photonics/]: Photonics shader source: path=/photonics/rendering/restir/passes/r3_initial_indirect.fsh origin=photonics-jar sha256=438d19ad024fa3bea80fd4235772c8c7ed0726a7686c3566f72cfe67e911dcb8
[31Aug2026 07:57:54.086] [Render thread/INFO] [Photonics/]: Photonics shader source: path=/photonics/rendering/restir/passes/r4_temporal_reuse.fsh origin=photonics-jar sha256=2a62eeb8d34f65725d3243535a657a7f31c486ee54482f2fef20a39d0a55fbea
[31Aug2026 07:57:54.086] [Render thread/INFO] [Photonics/]: Photonics shader source: path=/photonics/rendering/restir/passes/r4_temporal_reuse_gi.fsh origin=photonics-jar sha256=e87b9286bd28c1a1be2cab077f180cf5268ba2a0c04e24fd6bbcae3096845e80
[31Aug2026 07:57:54.088] [Render thread/INFO] [Photonics/]: Photonics shader source: path=/photonics/rendering/restir/passes/r4_temporal_reuse_impl.glsl origin=photonics-jar sha256=46460985c1c64ea50b1355f22710e919ae073f91ae0757baefe3eee7e04333c0
[31Aug2026 07:57:54.088] [Render thread/INFO] [Photonics/]: Photonics shader source: path=/photonics/rendering/restir/passes/r5_copy_spatial_input.fsh origin=photonics-jar sha256=c7bef63c7e880f21ff67ad8387bfd4dc45d614e2b70ea1eeb968a7a11a6a8410
[31Aug2026 07:57:54.088] [Render thread/INFO] [Photonics/]: Photonics shader source: path=/photonics/rendering/restir/passes/r5_copy_spatial_input_gi.fsh origin=photonics-jar sha256=8104121d4703dbd3904e6ebd3d1aca72546fc8640b7e02665756c166e6fdea9a
[31Aug2026 07:57:54.088] [Render thread/INFO] [Photonics/]: Photonics shader source: path=/photonics/rendering/restir/passes/r5_copy_spatial_input_impl.glsl origin=photonics-jar sha256=b473deb2db0f736dc32c0ca166fc6ebdba8c1de821e5013601058f6ceb1ee9a5
[31Aug2026 07:57:54.089] [Render thread/INFO] [Photonics/]: Photonics shader source: path=/photonics/rendering/restir/passes/r5_spatial_reuse.fsh origin=photonics-jar sha256=3afbaf39567bdef33cde54defaff37e4521414613c181d3e707360b1922c8ee7
[31Aug2026 07:57:54.089] [Render thread/INFO] [Photonics/]: Photonics shader source: path=/photonics/rendering/restir/passes/r5_spatial_reuse_gi.fsh origin=photonics-jar sha256=fdf62149d097da640748e5c3bf70cc0df0546cd778503d13ff404fcb458d8529
[31Aug2026 07:57:54.089] [Render thread/INFO] [Photonics/]: Photonics shader source: path=/photonics/rendering/restir/passes/r5_spatial_reuse_impl.glsl origin=photonics-jar sha256=a10a366ca2dc4f30672871c4921058bfdd74bd25430ae66553c8d0855f4117b9
[31Aug2026 07:57:54.089] [Render thread/INFO] [Photonics/]: Photonics shader source: path=/photonics/rendering/restir/passes/r6_diffuse.fsh origin=photonics-jar sha256=d4836ef683048e627de02c30d0cf1f53dca2660fcda48aac023bff09db70ac03
[31Aug2026 07:57:54.091] [Render thread/INFO] [Photonics/]: Photonics shader source: path=/photonics/rendering/restir/passes/r6_diffuse_gi.fsh origin=photonics-jar sha256=7f2aa272a4c819112f4afa232fd093950362a88079cf094716124afed298a1f0
[31Aug2026 07:57:54.091] [Render thread/INFO] [Photonics/]: Photonics shader source: path=/photonics/rendering/restir/passes/r6_diffuse_impl.glsl origin=photonics-jar sha256=8f4ddac8efd9fe867ad0ff9ff5bbc4dcd8a36e144560c4d39556422136595878
[31Aug2026 07:57:54.091] [Render thread/INFO] [Photonics/]: Photonics shader source: path=/photonics/rendering/restir/passes/r6_validate_indirect.fsh origin=photonics-jar sha256=926bec667c02867283b13b1d308cab73f7200233573abec27a30e81bd6e0441c
[31Aug2026 07:57:54.092] [Render thread/INFO] [Photonics/]: Photonics shader source: path=/photonics/rendering/restir/passes/r7_accumulation.fsh origin=photonics-jar sha256=f67e0c4be3d0113c07818e8dac990f7d6682467627fede4b4ed4369960f0f69b
[31Aug2026 07:57:54.092] [Render thread/INFO] [Photonics/]: Photonics shader source: path=/photonics/rendering/restir/passes/r7_accumulation_gi.fsh origin=photonics-jar sha256=0cc2f264ba1e91fb378670842f4481a474e3331c984ee36e171fd5077aaa12dc
[31Aug2026 07:57:54.092] [Render thread/INFO] [Photonics/]: Photonics shader source: path=/photonics/rendering/restir/passes/r7_accumulation_impl.glsl origin=photonics-jar sha256=86583a5621a40deda6aa3dc5f93b4049a1069b85c53dd48a5ab9985e72b70163
[31Aug2026 07:57:54.093] [Render thread/INFO] [Photonics/]: Photonics shader source: path=/photonics/rendering/restir/passes/r7_validity_capture_impl.glsl origin=photonics-jar sha256=2edef0d2aeb550922c74501805e5c1b6a6e2e4ee941373583ebfcfc2d3ac56cf
[31Aug2026 07:57:54.094] [Render thread/INFO] [Photonics/]: Photonics shader source: path=/photonics/rendering/restir/passes/r7_validity_current.fsh origin=photonics-jar sha256=03930841243e480d3588412127ac1b25c99a484dba635c94d2fe97dbe1dbf86c
[31Aug2026 07:57:54.094] [Render thread/INFO] [Photonics/]: Photonics shader source: path=/photonics/rendering/restir/passes/r7_validity_final.fsh origin=photonics-jar sha256=ba0a21a10b642677c313e55fb7f2f7779ce234a39eff0d6138c5c9a25c722247
[31Aug2026 07:57:54.094] [Render thread/INFO] [Photonics/]: Photonics shader source: path=/photonics/rendering/restir/passes/r8_variance_prefilter.fsh origin=photonics-jar sha256=f3b5088fad73b3289c9c4cc0455ce4a37821d92397571e4e32a01244520b5eb4
[31Aug2026 07:57:54.095] [Render thread/INFO] [Photonics/]: Photonics shader source: path=/photonics/rendering/restir/passes/r8_variance_prefilter_gi.fsh origin=photonics-jar sha256=94cb9c94647286e425b901aa41bd5d5d90dccda97336fff3d80122d492832e10
[31Aug2026 07:57:54.095] [Render thread/INFO] [Photonics/]: Photonics shader source: path=/photonics/rendering/restir/passes/r8_variance_prefilter_impl.glsl origin=photonics-jar sha256=512e924fd783bcd192285639c2af2aaf66cabb4761b809721e47156a56d72318
[31Aug2026 07:57:54.096] [Render thread/INFO] [Photonics/]: Photonics shader source: path=/photonics/rendering/restir/passes/r9_denoising.fsh origin=photonics-jar sha256=5b7dad4cd0fb06eea60102c8cc536d7b26138fd1bd27c94bff03ec3453885512
[31Aug2026 07:57:54.096] [Render thread/INFO] [Photonics/]: Photonics shader source: path=/photonics/rendering/restir/passes/r9_denoising_gi.fsh origin=photonics-jar sha256=544bde21964b72bf620afab175cdcc28ea3610550821c23737afd4b150f1ea7f
[31Aug2026 07:57:54.096] [Render thread/INFO] [Photonics/]: Photonics shader source: path=/photonics/rendering/restir/passes/r9_denoising_impl.glsl origin=photonics-jar sha256=e5aac1cad35beb029a9d9909a7622912845b98cacdf284777c9033f42708a80e
[31Aug2026 07:57:54.101] [Render thread/INFO] [Photonics/]: Photonics shader source: path=/photonics/rendering/restir/restir.glsl origin=photonics-jar sha256=2cbe4b8984290f79f446f8c9caf9bb2e2dcaeb2d3f0bc211df5f46986befb2cf
[31Aug2026 07:57:54.106] [Render thread/INFO] [Photonics/]: Photonics shader source: path=/photonics/rendering/restir/samplers.glsl origin=photonics-jar sha256=fda77fd78a9d80fa9dbc4f885ac76861f2c63e578c4d87d08c5474c71a3a4dd5
[31Aug2026 07:57:54.107] [Render thread/INFO] [Photonics/]: Photonics shader source: path=/photonics/rendering/restir/svgf.glsl origin=photonics-jar sha256=e7d4ec9cc60c758f600f874beea6dd496b7f4af47f011f62ec9cefa60c04a95a
[31Aug2026 07:57:54.108] [Render thread/INFO] [Photonics/]: Photonics shader source: path=/photonics/rendering/screen.vsh origin=photonics-jar sha256=78a87c7284546194336a3d0b8aa30f36385d52165dbe7c30f083bc572ba65b55
[31Aug2026 07:57:54.108] [Render thread/INFO] [Photonics/]: Photonics shader source: path=/photonics/rendering/temporal_upscaler/reconstruct.fsh origin=photonics-jar sha256=300d73f833d4759f48e8f1b791172a116149d3e826babd43afb4cb366b6a62ca
[31Aug2026 07:57:54.109] [Render thread/INFO] [Photonics/]: Photonics shader source: path=/photonics/rendering/temporal_upscaler/source.fsh origin=photonics-jar sha256=9abe45d83ce43a3e04e7b09fbe5bd60a4263904a6ed88afbb89632ba6cb23a62
[31Aug2026 07:57:54.109] [Render thread/INFO] [Photonics/]: Photonics shader source: path=/photonics/samplers.glsl origin=photonics-jar sha256=decded47d4ccd99779d96399df3c37f0209e6911576642ff3c6528bd2f9e4ccd
[31Aug2026 07:57:54.110] [Render thread/INFO] [Photonics/]: Photonics shader source: path=/photonics/shader_interface.glsl origin=shader-pack sha256=58fc0a1dafa8d21379effac55bbe6a2c8a21cca6d3c7fc947ea5aff3c9b19f1f
[31Aug2026 07:57:54.117] [Render thread/INFO] [Photonics/]: Photonics shader source: path=/photonics/tracing.glsl origin=photonics-jar sha256=cc7c79c35df4e28240732b99ad9970ffd1a2412e7fe5a0b22b8454283314aec0
[31Aug2026 07:57:54.120] [Render thread/INFO] [Photonics/]: Photonics shader source: path=/photonics/uniforms.glsl origin=photonics-jar sha256=75eccd0fd5ef1484b6f83ccc2a27a82d48b7f04ad0e7a9bab4545e563a0f61a0
[31Aug2026 07:57:54.121] [Render thread/INFO] [Photonics/]: Photonics shader source: path=/photonics/utility/color.glsl origin=photonics-jar sha256=fb0a76ebeb7d8dc8599b2ccd56108210077ea821a3a16cf6486318a87c6c389d
[31Aug2026 07:57:54.121] [Render thread/INFO] [Photonics/]: Photonics shader source: path=/photonics/utility/normal_encoding.glsl origin=photonics-jar sha256=025419de62a1513a0eb196416c6200f5fd1f9535c92d08ff11fbeac53c362775
[31Aug2026 07:57:54.121] [Render thread/INFO] [Photonics/]: Photonics shader source: path=/photonics/utility/projection.glsl origin=photonics-jar sha256=99b46f0f8a8602987cb3265806e7c47b74e044c92ee80724f3a3f2d7af5d8d1d
[31Aug2026 07:57:54.121] [Render thread/INFO] [Photonics/]: Photonics shader source: path=/photonics/utility/radiance.glsl origin=photonics-jar sha256=390a19d3ebac5c52efdd69384b7ed494d2ee07ef8e42fcc1ff741638243b42ed
[31Aug2026 07:57:54.122] [Render thread/INFO] [Photonics/]: Photonics shader source: path=/photonics/utility/random.glsl origin=photonics-jar sha256=e75a328d72ec1055938195070ff95a6d91abc206c03a57202be52ef757ebb495
[31Aug2026 07:57:54.137] [Render thread/INFO] [Photonics/]: Photon compatibility v119 applied to /include/lighting/diffuse_lighting.glsl: sourceSha256=dec317d851dfa22d3d44275efd0817fbae25291f78ef412295df8f380fd75eed, patchedSha256=bdeeed31e8eaf79ab5a61c1eeb71cf889f9eb0340ddbdc908dec978569a3571f, disableDhCaveFallback=false; native Photonics receivers use traced GI and DH cave fallback defaults to enabled
[31Aug2026 07:57:54.232] [Worker-Main-13/WARN] [net.minecraft.client.resources.model.BlockStateModelLoader/]: Exception loading blockstate definition: 'simulatedcoasters:blockstates/coaster_track_material.json' missing model for variant: 'simulatedcoasters:coaster_track_material#shape=an,turn=false,waterlogged=false'
[31Aug2026 07:57:54.232] [Worker-Main-13/WARN] [net.minecraft.client.resources.model.BlockStateModelLoader/]: Exception loading blockstate definition: 'simulatedcoasters:blockstates/coaster_track_material.json' missing model for variant: 'simulatedcoasters:coaster_track_material#shape=cr_d,turn=false,waterlogged=false'
[31Aug2026 07:57:54.232] [Worker-Main-13/WARN] [net.minecraft.client.resources.model.BlockStateModelLoader/]: Exception loading blockstate definition: 'simulatedcoasters:blockstates/coaster_track_material.json' missing model for variant: 'simulatedcoasters:coaster_track_material#shape=zo,turn=true,waterlogged=false'
[31Aug2026 07:57:54.232] [Worker-Main-13/WARN] [net.minecraft.client.resources.model.BlockStateModelLoader/]: Exception loading blockstate definition: 'simulatedcoasters:blockstates/coaster_track_material.json' missing model for variant: 'simulatedcoasters:coaster_track_material#shape=ae,turn=false,waterlogged=false'
[31Aug2026 07:57:54.232] [Worker-Main-13/WARN] [net.minecraft.client.resources.model.BlockStateModelLoader/]: Exception loading blockstate definition: 'simulatedcoasters:blockstates/coaster_track_material.json' missing model for variant: 'simulatedcoasters:coaster_track_material#shape=tw,turn=true,waterlogged=true'
[31Aug2026 07:57:54.232] [Worker-Main-13/WARN] [net.minecraft.client.resources.model.BlockStateModelLoader/]: Exception loading blockstate definition: 'simulatedcoasters:blockstates/coaster_track_material.json' missing model for variant: 'simulatedcoasters:coaster_track_material#shape=tn,turn=true,waterlogged=true'
[31Aug2026 07:57:54.232] [Worker-Main-13/WARN] [net.minecraft.client.resources.model.BlockStateModelLoader/]: Exception loading blockstate definition: 'simulatedcoasters:blockstates/coaster_track_material.json' missing model for variant: 'simulatedcoasters:coaster_track_material#shape=te,turn=true,waterlogged=true'
[31Aug2026 07:57:54.232] [Worker-Main-13/WARN] [net.minecraft.client.resources.model.BlockStateModelLoader/]: Exception loading blockstate definition: 'simulatedcoasters:blockstates/coaster_track_material.json' missing model for variant: 'simulatedcoasters:coaster_track_material#shape=nd,turn=false,waterlogged=false'
[31Aug2026 07:57:54.232] [Worker-Main-13/WARN] [net.minecraft.client.resources.model.BlockStateModelLoader/]: Exception loading blockstate definition: 'simulatedcoasters:blockstates/coaster_track_material.json' missing model for variant: 'simulatedcoasters:coaster_track_material#shape=aw,turn=false,waterlogged=false'
[31Aug2026 07:57:54.232] [Worker-Main-13/WARN] [net.minecraft.client.resources.model.BlockStateModelLoader/]: Exception loading blockstate definition: 'simulatedcoasters:blockstates/coaster_track_material.json' missing model for variant: 'simulatedcoasters:coaster_track_material#shape=te,turn=false,waterlogged=false'
[31Aug2026 07:57:54.232] [Worker-Main-13/WARN] [net.minecraft.client.resources.model.BlockStateModelLoader/]: Exception loading blockstate definition: 'simulatedcoasters:blockstates/coaster_track_material.json' missing model for variant: 'simulatedcoasters:coaster_track_material#shape=ae,turn=true,waterlogged=false'
[31Aug2026 07:57:54.232] [Worker-Main-13/WARN] [net.minecraft.client.resources.model.BlockStateModelLoader/]: Exception loading blockstate definition: 'simulatedcoasters:blockstates/coaster_track_material.json' missing model for variant: 'simulatedcoasters:coaster_track_material#shape=none,turn=true,waterlogged=false'
[31Aug2026 07:57:54.232] [Worker-Main-13/WARN] [net.minecraft.client.resources.model.BlockStateModelLoader/]: Exception loading blockstate definition: 'simulatedcoasters:blockstates/coaster_track_material.json' missing model for variant: 'simulatedcoasters:coaster_track_material#shape=cr_o,turn=false,waterlogged=false'
[31Aug2026 07:57:54.232] [Worker-Main-13/WARN] [net.minecraft.client.resources.model.BlockStateModelLoader/]: Exception loading blockstate definition: 'simulatedcoasters:blockstates/coaster_track_material.json' missing model for variant: 'simulatedcoasters:coaster_track_material#shape=cr_d,turn=true,waterlogged=false'
[31Aug2026 07:57:54.232] [Worker-Main-13/WARN] [net.minecraft.client.resources.model.BlockStateModelLoader/]: Exception loading blockstate definition: 'simulatedcoasters:blockstates/coaster_track_material.json' missing model for variant: 'simulatedcoasters:coaster_track_material#shape=cr_pdz,turn=true,waterlogged=true'
[31Aug2026 07:57:54.232] [Worker-Main-13/WARN] [net.minecraft.client.resources.model.BlockStateModelLoader/]: Exception loading blockstate definition: 'simulatedcoasters:blockstates/coaster_track_material.json' missing model for variant: 'simulatedcoasters:coaster_track_material#shape=tw,turn=false,waterlogged=false'
[31Aug2026 07:57:54.232] [Worker-Main-13/WARN] [net.minecraft.client.resources.model.BlockStateModelLoader/]: Exception loading blockstate definition: 'simulatedcoasters:blockstates/coaster_track_material.json' missing model for variant: 'simulatedcoasters:coaster_track_material#shape=cr_o,turn=false,waterlogged=true'
[31Aug2026 07:57:54.232] [Worker-Main-13/WARN] [net.minecraft.client.resources.model.BlockStateModelLoader/]: Exception loading blockstate definition: 'simulatedcoasters:blockstates/coaster_track_material.json' missing model for variant: 'simulatedcoasters:coaster_track_material#shape=cr_ndx,turn=true,waterlogged=true'
[31Aug2026 07:57:54.232] [Worker-Main-13/WARN] [net.minecraft.client.resources.model.BlockStateModelLoader/]: Exception loading blockstate definition: 'simulatedcoasters:blockstates/coaster_track_material.json' missing model for variant: 'simulatedcoasters:coaster_track_material#shape=cr_pdz,turn=false,waterlogged=false'
[31Aug2026 07:57:54.232] [Worker-Main-13/WARN] [net.minecraft.client.resources.model.BlockStateModelLoader/]: Exception loading blockstate definition: 'simulatedcoasters:blockstates/coaster_track_material.json' missing model for variant: 'simulatedcoasters:coaster_track_material#shape=aw,turn=true,waterlogged=false'
[31Aug2026 07:57:54.232] [Worker-Main-13/WARN] [net.minecraft.client.resources.model.BlockStateModelLoader/]: Exception loading blockstate definition: 'simulatedcoasters:blockstates/coaster_track_material.json' missing model for variant: 'simulatedcoasters:coaster_track_material#shape=an,turn=true,waterlogged=true'
[31Aug2026 07:57:54.232] [Worker-Main-13/WARN] [net.minecraft.client.resources.model.BlockStateModelLoader/]: Exception loading blockstate definition: 'simulatedcoasters:blockstates/coaster_track_material.json' missing model for variant: 'simulatedcoasters:coaster_track_material#shape=cr_d,turn=true,waterlogged=true'
[31Aug2026 07:57:54.232] [Worker-Main-13/WARN] [net.minecraft.client.resources.model.BlockStateModelLoader/]: Exception loading blockstate definition: 'simulatedcoasters:blockstates/coaster_track_material.json' missing model for variant: 'simulatedcoasters:coaster_track_material#shape=as,turn=true,waterlogged=false'
[31Aug2026 07:57:54.233] [Worker-Main-13/WARN] [net.minecraft.client.resources.model.BlockStateModelLoader/]: Exception loading blockstate definition: 'simulatedcoasters:blockstates/coaster_track_material.json' missing model for variant: 'simulatedcoasters:coaster_track_material#shape=aw,turn=false,waterlogged=true'
[31Aug2026 07:57:54.233] [Worker-Main-13/WARN] [net.minecraft.client.resources.model.BlockStateModelLoader/]: Exception loading blockstate definition: 'simulatedcoasters:blockstates/coaster_track_material.json' missing model for variant: 'simulatedcoasters:coaster_track_material#shape=tw,turn=true,waterlogged=false'
[31Aug2026 07:57:54.233] [Worker-Main-13/WARN] [net.minecraft.client.resources.model.BlockStateModelLoader/]: Exception loading blockstate definition: 'simulatedcoasters:blockstates/coaster_track_material.json' missing model for variant: 'simulatedcoasters:coaster_track_material#shape=as,turn=true,waterlogged=true'
[31Aug2026 07:57:54.233] [Worker-Main-13/WARN] [net.minecraft.client.resources.model.BlockStateModelLoader/]: Exception loading blockstate definition: 'simulatedcoasters:blockstates/coaster_track_material.json' missing model for variant: 'simulatedcoasters:coaster_track_material#shape=cr_ndz,turn=false,waterlogged=true'
[31Aug2026 07:57:54.233] [Worker-Main-13/WARN] [net.minecraft.client.resources.model.BlockStateModelLoader/]: Exception loading blockstate definition: 'simulatedcoasters:blockstates/coaster_track_material.json' missing model for variant: 'simulatedcoasters:coaster_track_material#shape=xo,turn=true,waterlogged=true'
[31Aug2026 07:57:54.233] [Worker-Main-13/WARN] [net.minecraft.client.resources.model.BlockStateModelLoader/]: Exception loading blockstate definition: 'simulatedcoasters:blockstates/coaster_track_material.json' missing model for variant: 'simulatedcoasters:coaster_track_material#shape=ts,turn=false,waterlogged=true'
[31Aug2026 07:57:54.233] [Worker-Main-13/WARN] [net.minecraft.client.resources.model.BlockStateModelLoader/]: Exception loading blockstate definition: 'simulatedcoasters:blockstates/coaster_track_material.json' missing model for variant: 'simulatedcoasters:coaster_track_material#shape=none,turn=false,waterlogged=false'
[31Aug2026 07:57:54.233] [Worker-Main-13/WARN] [net.minecraft.client.resources.model.BlockStateModelLoader/]: Exception loading blockstate definition: 'simulatedcoasters:blockstates/coaster_track_material.json' missing model for variant: 'simulatedcoasters:coaster_track_material#shape=cr_pdx,turn=true,waterlogged=false'
[31Aug2026 07:57:54.233] [Worker-Main-13/WARN] [net.minecraft.client.resources.model.BlockStateModelLoader/]: Exception loading blockstate definition: 'simulatedcoasters:blockstates/coaster_track_material.json' missing model for variant: 'simulatedcoasters:coaster_track_material#shape=pd,turn=false,waterlogged=true'
[31Aug2026 07:57:54.233] [Worker-Main-13/WARN] [net.minecraft.client.resources.model.BlockStateModelLoader/]: Exception loading blockstate definition: 'simulatedcoasters:blockstates/coaster_track_material.json' missing model for variant: 'simulatedcoasters:coaster_track_material#shape=none,turn=false,waterlogged=true'
[31Aug2026 07:57:54.233] [Worker-Main-13/WARN] [net.minecraft.client.resources.model.BlockStateModelLoader/]: Exception loading blockstate definition: 'simulatedcoasters:blockstates/coaster_track_material.json' missing model for variant: 'simulatedcoasters:coaster_track_material#shape=an,turn=true,waterlogged=false'
[31Aug2026 07:57:54.233] [Worker-Main-13/WARN] [net.minecraft.client.resources.model.BlockStateModelLoader/]: Exception loading blockstate definition: 'simulatedcoasters:blockstates/coaster_track_material.json' missing model for variant: 'simulatedcoasters:coaster_track_material#shape=cr_o,turn=true,waterlogged=true'
[31Aug2026 07:57:54.233] [Worker-Main-13/WARN] [net.minecraft.client.resources.model.BlockStateModelLoader/]: Exception loading blockstate definition: 'simulatedcoasters:blockstates/coaster_track_material.json' missing model for variant: 'simulatedcoasters:coaster_track_material#shape=cr_ndz,turn=true,waterlogged=true'
[31Aug2026 07:57:54.233] [Worker-Main-13/WARN] [net.minecraft.client.resources.model.BlockStateModelLoader/]: Exception loading blockstate definition: 'simulatedcoasters:blockstates/coaster_track_material.json' missing model for variant: 'simulatedcoasters:coaster_track_material#shape=te,turn=false,waterlogged=true'
[31Aug2026 07:57:54.233] [Worker-Main-13/WARN] [net.minecraft.client.resources.model.BlockStateModelLoader/]: Exception loading blockstate definition: 'simulatedcoasters:blockstates/coaster_track_material.json' missing model for variant: 'simulatedcoasters:coaster_track_material#shape=as,turn=false,waterlogged=false'
[31Aug2026 07:57:54.233] [Worker-Main-13/WARN] [net.minecraft.client.resources.model.BlockStateModelLoader/]: Exception loading blockstate definition: 'simulatedcoasters:blockstates/coaster_track_material.json' missing model for variant: 'simulatedcoasters:coaster_track_material#shape=cr_ndx,turn=false,waterlogged=true'
[31Aug2026 07:57:54.233] [Worker-Main-13/WARN] [net.minecraft.client.resources.model.BlockStateModelLoader/]: Exception loading blockstate definition: 'simulatedcoasters:blockstates/coaster_track_material.json' missing model for variant: 'simulatedcoasters:coaster_track_material#shape=cr_pdz,turn=false,waterlogged=true'
[31Aug2026 07:57:54.233] [Worker-Main-13/WARN] [net.minecraft.client.resources.model.BlockStateModelLoader/]: Exception loading blockstate definition: 'simulatedcoasters:blockstates/coaster_track_material.json' missing model for variant: 'simulatedcoasters:coaster_track_material#shape=zo,turn=true,waterlogged=true'
[31Aug2026 07:57:54.233] [Worker-Main-13/WARN] [net.minecraft.client.resources.model.BlockStateModelLoader/]: Exception loading blockstate definition: 'simulatedcoasters:blockstates/coaster_track_material.json' missing model for variant: 'simulatedcoasters:coaster_track_material#shape=zo,turn=false,waterlogged=true'
[31Aug2026 07:57:54.233] [Worker-Main-13/WARN] [net.minecraft.client.resources.model.BlockStateModelLoader/]: Exception loading blockstate definition: 'simulatedcoasters:blockstates/coaster_track_material.json' missing model for variant: 'simulatedcoasters:coaster_track_material#shape=cr_o,turn=true,waterlogged=false'
[31Aug2026 07:57:54.233] [Worker-Main-13/WARN] [net.minecraft.client.resources.model.BlockStateModelLoader/]: Exception loading blockstate definition: 'simulatedcoasters:blockstates/coaster_track_material.json' missing model for variant: 'simulatedcoasters:coaster_track_material#shape=ae,turn=false,waterlogged=true'
[31Aug2026 07:57:54.233] [Worker-Main-13/WARN] [net.minecraft.client.resources.model.BlockStateModelLoader/]: Exception loading blockstate definition: 'simulatedcoasters:blockstates/coaster_track_material.json' missing model for variant: 'simulatedcoasters:coaster_track_material#shape=pd,turn=true,waterlogged=true'
[31Aug2026 07:57:54.233] [Worker-Main-13/WARN] [net.minecraft.client.resources.model.BlockStateModelLoader/]: Exception loading blockstate definition: 'simulatedcoasters:blockstates/coaster_track_material.json' missing model for variant: 'simulatedcoasters:coaster_track_material#shape=nd,turn=false,waterlogged=true'
[31Aug2026 07:57:54.233] [Worker-Main-13/WARN] [net.minecraft.client.resources.model.BlockStateModelLoader/]: Exception loading blockstate definition: 'simulatedcoasters:blockstates/coaster_track_material.json' missing model for variant: 'simulatedcoasters:coaster_track_material#shape=ts,turn=true,waterlogged=true'
[31Aug2026 07:57:54.233] [Worker-Main-13/WARN] [net.minecraft.client.resources.model.BlockStateModelLoader/]: Exception loading blockstate definition: 'simulatedcoasters:blockstates/coaster_track_material.json' missing model for variant: 'simulatedcoasters:coaster_track_material#shape=cr_ndx,turn=false,waterlogged=false'
[31Aug2026 07:57:54.233] [Worker-Main-13/WARN] [net.minecraft.client.resources.model.BlockStateModelLoader/]: Exception loading blockstate definition: 'simulatedcoasters:blockstates/coaster_track_material.json' missing model for variant: 'simulatedcoasters:coaster_track_material#shape=tn,turn=true,waterlogged=false'
[31Aug2026 07:57:54.233] [Worker-Main-13/WARN] [net.minecraft.client.resources.model.BlockStateModelLoader/]: Exception loading blockstate definition: 'simulatedcoasters:blockstates/coaster_track_material.json' missing model for variant: 'simulatedcoasters:coaster_track_material#shape=cr_d,turn=false,waterlogged=true'
[31Aug2026 07:57:54.233] [Worker-Main-13/WARN] [net.minecraft.client.resources.model.BlockStateModelLoader/]: Exception loading blockstate definition: 'simulatedcoasters:blockstates/coaster_track_material.json' missing model for variant: 'simulatedcoasters:coaster_track_material#shape=cr_ndz,turn=true,waterlogged=false'
[31Aug2026 07:57:54.233] [Worker-Main-13/WARN] [net.minecraft.client.resources.model.BlockStateModelLoader/]: Exception loading blockstate definition: 'simulatedcoasters:blockstates/coaster_track_material.json' missing model for variant: 'simulatedcoasters:coaster_track_material#shape=pd,turn=false,waterlogged=false'
[31Aug2026 07:57:54.233] [Worker-Main-13/WARN] [net.minecraft.client.resources.model.BlockStateModelLoader/]: Exception loading blockstate definition: 'simulatedcoasters:blockstates/coaster_track_material.json' missing model for variant: 'simulatedcoasters:coaster_track_material#shape=xo,turn=true,waterlogged=false'
[31Aug2026 07:57:54.233] [Worker-Main-13/WARN] [net.minecraft.client.resources.model.BlockStateModelLoader/]: Exception loading blockstate definition: 'simulatedcoasters:blockstates/coaster_track_material.json' missing model for variant: 'simulatedcoasters:coaster_track_material#shape=tn,turn=false,waterlogged=true'
[31Aug2026 07:57:54.233] [Worker-Main-13/WARN] [net.minecraft.client.resources.model.BlockStateModelLoader/]: Exception loading blockstate definition: 'simulatedcoasters:blockstates/coaster_track_material.json' missing model for variant: 'simulatedcoasters:coaster_track_material#shape=xo,turn=false,waterlogged=true'
[31Aug2026 07:57:54.233] [Worker-Main-13/WARN] [net.minecraft.client.resources.model.BlockStateModelLoader/]: Exception loading blockstate definition: 'simulatedcoasters:blockstates/coaster_track_material.json' missing model for variant: 'simulatedcoasters:coaster_track_material#shape=aw,turn=true,waterlogged=true'
[31Aug2026 07:57:54.233] [Worker-Main-13/WARN] [net.minecraft.client.resources.model.BlockStateModelLoader/]: Exception loading blockstate definition: 'simulatedcoasters:blockstates/coaster_track_material.json' missing model for variant: 'simulatedcoasters:coaster_track_material#shape=ts,turn=true,waterlogged=false'
[31Aug2026 07:57:54.233] [Worker-Main-13/WARN] [net.minecraft.client.resources.model.BlockStateModelLoader/]: Exception loading blockstate definition: 'simulatedcoasters:blockstates/coaster_track_material.json' missing model for variant: 'simulatedcoasters:coaster_track_material#shape=ae,turn=true,waterlogged=true'
[31Aug2026 07:57:54.233] [Worker-Main-13/WARN] [net.minecraft.client.resources.model.BlockStateModelLoader/]: Exception loading blockstate definition: 'simulatedcoasters:blockstates/coaster_track_material.json' missing model for variant: 'simulatedcoasters:coaster_track_material#shape=cr_pdx,turn=false,waterlogged=true'
[31Aug2026 07:57:54.233] [Worker-Main-13/WARN] [net.minecraft.client.resources.model.BlockStateModelLoader/]: Exception loading blockstate definition: 'simulatedcoasters:blockstates/coaster_track_material.json' missing model for variant: 'simulatedcoasters:coaster_track_material#shape=te,turn=true,waterlogged=false'
[31Aug2026 07:57:54.233] [Worker-Main-13/WARN] [net.minecraft.client.resources.model.BlockStateModelLoader/]: Exception loading blockstate definition: 'simulatedcoasters:blockstates/coaster_track_material.json' missing model for variant: 'simulatedcoasters:coaster_track_material#shape=tw,turn=false,waterlogged=true'
[31Aug2026 07:57:54.233] [Worker-Main-13/WARN] [net.minecraft.client.resources.model.BlockStateModelLoader/]: Exception loading blockstate definition: 'simulatedcoasters:blockstates/coaster_track_material.json' missing model for variant: 'simulatedcoasters:coaster_track_material#shape=xo,turn=false,waterlogged=false'
[31Aug2026 07:57:54.233] [Worker-Main-13/WARN] [net.minecraft.client.resources.model.BlockStateModelLoader/]: Exception loading blockstate definition: 'simulatedcoasters:blockstates/coaster_track_material.json' missing model for variant: 'simulatedcoasters:coaster_track_material#shape=as,turn=false,waterlogged=true'
[31Aug2026 07:57:54.233] [Worker-Main-13/WARN] [net.minecraft.client.resources.model.BlockStateModelLoader/]: Exception loading blockstate definition: 'simulatedcoasters:blockstates/coaster_track_material.json' missing model for variant: 'simulatedcoasters:coaster_track_material#shape=pd,turn=true,waterlogged=false'
[31Aug2026 07:57:54.233] [Worker-Main-13/WARN] [net.minecraft.client.resources.model.BlockStateModelLoader/]: Exception loading blockstate definition: 'simulatedcoasters:blockstates/coaster_track_material.json' missing model for variant: 'simulatedcoasters:coaster_track_material#shape=cr_pdx,turn=true,waterlogged=true'
[31Aug2026 07:57:54.233] [Worker-Main-13/WARN] [net.minecraft.client.resources.model.BlockStateModelLoader/]: Exception loading blockstate definition: 'simulatedcoasters:blockstates/coaster_track_material.json' missing model for variant: 'simulatedcoasters:coaster_track_material#shape=tn,turn=false,waterlogged=false'
[31Aug2026 07:57:54.233] [Worker-Main-13/WARN] [net.minecraft.client.resources.model.BlockStateModelLoader/]: Exception loading blockstate definition: 'simulatedcoasters:blockstates/coaster_track_material.json' missing model for variant: 'simulatedcoasters:coaster_track_material#shape=nd,turn=true,waterlogged=true'
[31Aug2026 07:57:54.233] [Worker-Main-13/WARN] [net.minecraft.client.resources.model.BlockStateModelLoader/]: Exception loading blockstate definition: 'simulatedcoasters:blockstates/coaster_track_material.json' missing model for variant: 'simulatedcoasters:coaster_track_material#shape=nd,turn=true,waterlogged=false'
[31Aug2026 07:57:54.233] [Worker-Main-13/WARN] [net.minecraft.client.resources.model.BlockStateModelLoader/]: Exception loading blockstate definition: 'simulatedcoasters:blockstates/coaster_track_material.json' missing model for variant: 'simulatedcoasters:coaster_track_material#shape=cr_pdz,turn=true,waterlogged=false'
[31Aug2026 07:57:54.233] [Worker-Main-13/WARN] [net.minecraft.client.resources.model.BlockStateModelLoader/]: Exception loading blockstate definition: 'simulatedcoasters:blockstates/coaster_track_material.json' missing model for variant: 'simulatedcoasters:coaster_track_material#shape=ts,turn=false,waterlogged=false'
[31Aug2026 07:57:54.233] [Worker-Main-13/WARN] [net.minecraft.client.resources.model.BlockStateModelLoader/]: Exception loading blockstate definition: 'simulatedcoasters:blockstates/coaster_track_material.json' missing model for variant: 'simulatedcoasters:coaster_track_material#shape=cr_pdx,turn=false,waterlogged=false'
[31Aug2026 07:57:54.233] [Worker-Main-13/WARN] [net.minecraft.client.resources.model.BlockStateModelLoader/]: Exception loading blockstate definition: 'simulatedcoasters:blockstates/coaster_track_material.json' missing model for variant: 'simulatedcoasters:coaster_track_material#shape=an,turn=false,waterlogged=true'
[31Aug2026 07:57:54.233] [Worker-Main-13/WARN] [net.minecraft.client.resources.model.BlockStateModelLoader/]: Exception loading blockstate definition: 'simulatedcoasters:blockstates/coaster_track_material.json' missing model for variant: 'simulatedcoasters:coaster_track_material#shape=none,turn=true,waterlogged=true'
[31Aug2026 07:57:54.233] [Worker-Main-13/WARN] [net.minecraft.client.resources.model.BlockStateModelLoader/]: Exception loading blockstate definition: 'simulatedcoasters:blockstates/coaster_track_material.json' missing model for variant: 'simulatedcoasters:coaster_track_material#shape=cr_ndz,turn=false,waterlogged=false'
[31Aug2026 07:57:54.233] [Worker-Main-13/WARN] [net.minecraft.client.resources.model.BlockStateModelLoader/]: Exception loading blockstate definition: 'simulatedcoasters:blockstates/coaster_track_material.json' missing model for variant: 'simulatedcoasters:coaster_track_material#shape=cr_ndx,turn=true,waterlogged=false'
[31Aug2026 07:57:54.276] [Render thread/WARN] [Iris/]: Invalid pack option: GTAO
[31Aug2026 07:57:54.276] [Render thread/WARN] [Iris/]: Invalid pack option: GTAO
[31Aug2026 07:57:54.279] [Render thread/WARN] [Iris/]: Unable to resolve shader pack option menu element "WATER_REFRACTION" defined in shaders.properties
[31Aug2026 07:57:54.279] [Render thread/WARN] [Iris/]: Unable to resolve shader pack option menu element "WATER_REFRACTION_INTENSITY" defined in shaders.properties
[31Aug2026 07:57:54.279] [Render thread/WARN] [Iris/]: Unable to resolve shader pack option menu element "CLOUDS_DAILY_WEATHER" defined in shaders.properties
[31Aug2026 07:57:54.280] [Render thread/WARN] [Iris/]: Unable to resolve shader pack option menu element "CLOUDS_CUMULUS_CONGESTUS_PRIMARY_STEPS_H" defined in shaders.properties
[31Aug2026 07:57:54.280] [Render thread/WARN] [Iris/]: Unable to resolve shader pack option menu element "CLOUDS_CUMULUS_CONGESTUS_PRIMARY_STEPS_Z" defined in shaders.properties
[31Aug2026 07:57:54.280] [Render thread/INFO] [Iris/]: Profile: ultra (+9 options changed by user)
[31Aug2026 07:57:55.298] [Render thread/WARN] [Iris/]: Failed to parse an ResourceLocation in item.properties for the key item.10056: state properties are currently not supported: calibrated_sculk_sensor:sculk_sensor_phase=inactive
[31Aug2026 07:57:55.298] [Render thread/WARN] [Iris/]: Failed to parse an ResourceLocation in item.properties for the key item.10056: state properties are currently not supported: calibrated_sculk_sensor:sculk_sensor_phase=cooldown
[31Aug2026 07:57:55.298] [Render thread/WARN] [Iris/]: Failed to parse an ResourceLocation in item.properties for the key item.10057: state properties are currently not supported: calibrated_sculk_sensor:sculk_sensor_phase=active
[31Aug2026 07:57:55.298] [Render thread/WARN] [Iris/]: Failed to parse an ResourceLocation in item.properties for the key item.10057: state properties are currently not supported: sculk_sensor:sculk_sensor_phase=active
[31Aug2026 07:57:55.298] [Render thread/WARN] [Iris/]: Failed to parse an ResourceLocation in item.properties for the key item.10061: state properties are currently not supported: weathered_copper_bulb:lit=true
[31Aug2026 07:57:55.298] [Render thread/WARN] [Iris/]: Failed to parse an ResourceLocation in item.properties for the key item.10061: state properties are currently not supported: oxidized_copper_bulb:lit=true
[31Aug2026 07:57:55.298] [Render thread/WARN] [Iris/]: Failed to parse an ResourceLocation in item.properties for the key item.10061: state properties are currently not supported: waxed_weathered_copper_bulb:lit=true
[31Aug2026 07:57:55.298] [Render thread/WARN] [Iris/]: Failed to parse an ResourceLocation in item.properties for the key item.10061: state properties are currently not supported: waxed_oxidized_copper_bulb:lit=true
[31Aug2026 07:57:55.298] [Render thread/WARN] [Iris/]: Failed to parse an ResourceLocation in item.properties for the key item.10061: state properties are currently not supported: copper_bulb:lit=true
[31Aug2026 07:57:55.298] [Render thread/WARN] [Iris/]: Failed to parse an ResourceLocation in item.properties for the key item.10061: state properties are currently not supported: exposed_copper_bulb:lit=true
[31Aug2026 07:57:55.298] [Render thread/WARN] [Iris/]: Failed to parse an ResourceLocation in item.properties for the key item.10061: state properties are currently not supported: waxed_copper_bulb:lit=true
[31Aug2026 07:57:55.298] [Render thread/WARN] [Iris/]: Failed to parse an ResourceLocation in item.properties for the key item.10061: state properties are currently not supported: waxed_exposed_copper_bulb:lit=true
[31Aug2026 07:57:55.321] [Render thread/INFO] [Iris/]: Using shaderpack: photon-main (1).zip
[31Aug2026 07:57:55.328] [Render thread/INFO] [xaero.minimap.XaeroMinimap/]: Loading Xaero's Minimap - Stage 2/2
[31Aug2026 07:57:55.624] [Render thread/INFO] [xaero.hud.minimap.MinimapLogs/]: Registered player tracker system: minimap_synced
[31Aug2026 07:57:55.625] [Render thread/INFO] [xaero.lib.XaeroLib/]: Loading XaeroLib common 2/2!
[31Aug2026 07:57:55.625] [Render thread/INFO] [xaero.lib.XaeroLib/]: Loading XaeroLib client 2/2!
[31Aug2026 07:57:55.827] [Render thread/INFO] [Veil/]: Loaded 0 shader redirects, 0 replacements
[31Aug2026 07:57:55.833] [Render thread/INFO] [top.leonx.irisveil.IrisVeilCompat/]: [VeilHook] Captured vertex source for 'veil:necromancer/skinned_mesh': 5049 chars, hasGetVelocity=false, hasOffset=false
[31Aug2026 07:57:55.883] [Render thread/INFO] [top.leonx.irisveil.IrisVeilCompat/]: [VeilHook] Captured fragment source for 'veil:necromancer/skinned_mesh': 2073 chars
[31Aug2026 07:57:55.894] [Render thread/INFO] [top.leonx.irisveil.IrisVeilCompat/]: [VeilHook] Captured vertex source for 'veil:blit_screen': 542 chars, hasGetVelocity=false, hasOffset=false
[31Aug2026 07:57:55.894] [Render thread/INFO] [top.leonx.irisveil.IrisVeilCompat/]: [VeilHook] Captured fragment source for 'veil:blit_screen': 495 chars
[31Aug2026 07:57:55.895] [Render thread/INFO] [top.leonx.irisveil.IrisVeilCompat/]: [VeilHook] Captured vertex source for 'veil:blit_screen': 542 chars, hasGetVelocity=false, hasOffset=false
[31Aug2026 07:57:55.895] [Render thread/INFO] [top.leonx.irisveil.IrisVeilCompat/]: [VeilHook] Captured fragment source for 'veil:blit_depth': 532 chars
[31Aug2026 07:57:55.897] [Render thread/INFO] [top.leonx.irisveil.IrisVeilCompat/]: [VeilHook] Captured vertex source for 'veil:core/blit_screen_effect': 600 chars, hasGetVelocity=false, hasOffset=false
[31Aug2026 07:57:55.898] [Render thread/INFO] [top.leonx.irisveil.IrisVeilCompat/]: [VeilHook] Captured fragment source for 'veil:core/blit_screen_effect': 543 chars
[31Aug2026 07:57:55.898] [Render thread/INFO] [top.leonx.irisveil.IrisVeilCompat/]: [VeilHook] Captured vertex source for 'veil:light/area': 1702 chars, hasGetVelocity=false, hasOffset=false
[31Aug2026 07:57:55.898] [Render thread/INFO] [top.leonx.irisveil.IrisVeilCompat/]: [VeilHook] Captured fragment source for 'veil:light/area': 14129 chars
[31Aug2026 07:57:55.908] [Render thread/INFO] [top.leonx.irisveil.IrisVeilCompat/]: [VeilHook] Captured vertex source for 'veil:blit_screen': 542 chars, hasGetVelocity=false, hasOffset=false
[31Aug2026 07:57:55.909] [Render thread/INFO] [top.leonx.irisveil.IrisVeilCompat/]: [VeilHook] Captured fragment source for 'veil:debug/cubemap': 1758 chars
[31Aug2026 07:57:55.909] [Render thread/INFO] [top.leonx.irisveil.IrisVeilCompat/]: [VeilHook] Captured vertex source for 'simulated:end_sea': 1126 chars, hasGetVelocity=false, hasOffset=false
[31Aug2026 07:57:55.910] [Render thread/INFO] [top.leonx.irisveil.IrisVeilCompat/]: [VeilHook] Captured fragment source for 'simulated:end_sea': 1278 chars
[31Aug2026 07:57:55.912] [Render thread/INFO] [top.leonx.irisveil.IrisVeilCompat/]: [VeilHook] Captured vertex source for 'simulated:rope/rope': 4214 chars, hasGetVelocity=false, hasOffset=false
[31Aug2026 07:57:55.912] [Render thread/INFO] [top.leonx.irisveil.IrisVeilCompat/]: [VeilHook] Captured fragment source for 'simulated:rope/rope': 1948 chars
[31Aug2026 07:57:55.913] [Render thread/INFO] [top.leonx.irisveil.IrisVeilCompat/]: [VeilHook] Captured vertex source for 'veil:quasar/particle_additive': 1985 chars, hasGetVelocity=false, hasOffset=false
[31Aug2026 07:57:55.913] [Render thread/INFO] [top.leonx.irisveil.IrisVeilCompat/]: [VeilHook] Captured fragment source for 'veil:quasar/particle_additive': 1874 chars
[31Aug2026 07:57:55.913] [Render thread/INFO] [top.leonx.irisveil.IrisVeilCompat/]: [VeilHook] Captured vertex source for 'simulated:redstone_accumulator/diode': 4070 chars, hasGetVelocity=false, hasOffset=false
[31Aug2026 07:57:55.913] [Render thread/INFO] [top.leonx.irisveil.IrisVeilCompat/]: [VeilHook] Captured fragment source for 'simulated:redstone_accumulator/diode': 3788 chars
[31Aug2026 07:57:55.914] [Render thread/INFO] [top.leonx.irisveil.IrisVeilCompat/]: [VeilHook] Captured vertex source for 'contraptionlights:light/sublevel_point': 1053 chars, hasGetVelocity=false, hasOffset=false
[31Aug2026 07:57:55.914] [Render thread/INFO] [top.leonx.irisveil.IrisVeilCompat/]: [VeilHook] Captured fragment source for 'contraptionlights:light/sublevel_point': 15829 chars
[31Aug2026 07:57:55.922] [Render thread/INFO] [top.leonx.irisveil.IrisVeilCompat/]: [VeilHook] Captured vertex source for 'veil:debug/shell': 629 chars, hasGetVelocity=false, hasOffset=false
[31Aug2026 07:57:55.922] [Render thread/INFO] [top.leonx.irisveil.IrisVeilCompat/]: [VeilHook] Captured fragment source for 'veil:debug/shell': 605 chars
[31Aug2026 07:57:55.923] [Render thread/INFO] [top.leonx.irisveil.IrisVeilCompat/]: [VeilHook] Captured vertex source for 'veil:blit_screen': 542 chars, hasGetVelocity=false, hasOffset=false
[31Aug2026 07:57:55.923] [Render thread/INFO] [top.leonx.irisveil.IrisVeilCompat/]: [VeilHook] Captured fragment source for 'veil:light/directional': 9063 chars
[31Aug2026 07:57:55.926] [Render thread/INFO] [top.leonx.irisveil.IrisVeilCompat/]: [VeilHook] Captured vertex source for 'veil:quasar/particle': 1985 chars, hasGetVelocity=false, hasOffset=false
[31Aug2026 07:57:55.926] [Render thread/INFO] [top.leonx.irisveil.IrisVeilCompat/]: [VeilHook] Captured fragment source for 'veil:quasar/particle': 1898 chars
[31Aug2026 07:57:55.927] [Render thread/INFO] [top.leonx.irisveil.IrisVeilCompat/]: [VeilHook] Captured vertex source for 'contraptionlights:light/world_light': 1053 chars, hasGetVelocity=false, hasOffset=false
[31Aug2026 07:57:55.927] [Render thread/INFO] [top.leonx.irisveil.IrisVeilCompat/]: [VeilHook] Captured fragment source for 'contraptionlights:light/world_light': 14743 chars
[31Aug2026 07:57:55.933] [Render thread/INFO] [top.leonx.irisveil.IrisVeilCompat/]: [VeilHook] Captured vertex source for 'aeronautics:levitite/levitite': 5585 chars, hasGetVelocity=true, hasOffset=true
[31Aug2026 07:57:55.933] [Render thread/INFO] [top.leonx.irisveil.IrisVeilCompat/]: [VeilHook] Captured fragment source for 'aeronautics:levitite/levitite': 3656 chars
[31Aug2026 07:57:55.934] [Render thread/INFO] [top.leonx.irisveil.IrisVeilCompat/]: [VeilHook] Captured vertex source for 'simulated:spring/spring': 4196 chars, hasGetVelocity=false, hasOffset=false
[31Aug2026 07:57:55.934] [Render thread/INFO] [top.leonx.irisveil.IrisVeilCompat/]: [VeilHook] Captured fragment source for 'simulated:spring/spring': 1972 chars
[31Aug2026 07:57:55.935] [Render thread/INFO] [top.leonx.irisveil.IrisVeilCompat/]: [VeilHook] Captured vertex source for 'veil:blit_screen': 542 chars, hasGetVelocity=false, hasOffset=false
[31Aug2026 07:57:55.935] [Render thread/INFO] [top.leonx.irisveil.IrisVeilCompat/]: [VeilHook] Captured fragment source for 'veil:core/composite': 783 chars
[31Aug2026 07:57:55.935] [Render thread/INFO] [top.leonx.irisveil.IrisVeilCompat/]: [VeilHook] Captured vertex source for 'aeronautics:hot_air_overlay': 1167 chars, hasGetVelocity=false, hasOffset=false
[31Aug2026 07:57:55.936] [Render thread/INFO] [top.leonx.irisveil.IrisVeilCompat/]: [VeilHook] Captured fragment source for 'aeronautics:hot_air_overlay': 907 chars
[31Aug2026 07:57:55.936] [Render thread/INFO] [top.leonx.irisveil.IrisVeilCompat/]: [VeilHook] Captured vertex source for 'aeronautics:burner_flame': 1770 chars, hasGetVelocity=false, hasOffset=false
[31Aug2026 07:57:55.936] [Render thread/INFO] [top.leonx.irisveil.IrisVeilCompat/]: [VeilHook] Captured fragment source for 'aeronautics:burner_flame': 5298 chars
[31Aug2026 07:57:55.937] [Render thread/INFO] [top.leonx.irisveil.IrisVeilCompat/]: [VeilHook] Captured vertex source for 'veil:blit_screen': 542 chars, hasGetVelocity=false, hasOffset=false
[31Aug2026 07:57:55.937] [Render thread/INFO] [top.leonx.irisveil.IrisVeilCompat/]: [VeilHook] Captured fragment source for 'veil:core/bloom': 2631 chars
[31Aug2026 07:57:55.937] [Render thread/INFO] [top.leonx.irisveil.IrisVeilCompat/]: [VeilHook] Captured vertex source for 'veil:blit_screen': 542 chars, hasGetVelocity=false, hasOffset=false
[31Aug2026 07:57:55.937] [Render thread/INFO] [top.leonx.irisveil.IrisVeilCompat/]: [VeilHook] Captured fragment source for 'veil:core/blur': 937 chars
[31Aug2026 07:57:55.938] [Render thread/INFO] [top.leonx.irisveil.IrisVeilCompat/]: [VeilHook] Captured vertex source for 'veil:blit_screen': 542 chars, hasGetVelocity=false, hasOffset=false
[31Aug2026 07:57:55.938] [Render thread/INFO] [top.leonx.irisveil.IrisVeilCompat/]: [VeilHook] Captured fragment source for 'aeronautics:soft_light': 1108 chars
[31Aug2026 07:57:55.938] [Render thread/INFO] [top.leonx.irisveil.IrisVeilCompat/]: [VeilHook] Captured vertex source for 'veil:blit_screen': 542 chars, hasGetVelocity=false, hasOffset=false
[31Aug2026 07:57:55.938] [Render thread/INFO] [top.leonx.irisveil.IrisVeilCompat/]: [VeilHook] Captured fragment source for 'veil:debug/array': 539 chars
[31Aug2026 07:57:55.939] [Render thread/INFO] [top.leonx.irisveil.IrisVeilCompat/]: [VeilHook] Captured vertex source for 'veil:blit_screen': 542 chars, hasGetVelocity=false, hasOffset=false
[31Aug2026 07:57:55.939] [Render thread/INFO] [top.leonx.irisveil.IrisVeilCompat/]: [VeilHook] Captured fragment source for 'veil:core/unblur': 1318 chars
[31Aug2026 07:57:55.939] [Render thread/INFO] [top.leonx.irisveil.IrisVeilCompat/]: [VeilHook] Captured vertex source for 'veil:light/point': 1135 chars, hasGetVelocity=false, hasOffset=false
[31Aug2026 07:57:55.939] [Render thread/INFO] [top.leonx.irisveil.IrisVeilCompat/]: [VeilHook] Captured fragment source for 'veil:light/point': 13058 chars
[31Aug2026 07:57:55.945] [Render thread/INFO] [top.leonx.irisveil.IrisVeilCompat/]: [VeilHook] Captured vertex source for 'simulated:laser_pointer/lens': 4016 chars, hasGetVelocity=false, hasOffset=false
[31Aug2026 07:57:55.945] [Render thread/INFO] [top.leonx.irisveil.IrisVeilCompat/]: [VeilHook] Captured fragment source for 'simulated:laser_pointer/lens': 4048 chars
[31Aug2026 07:57:55.945] [Render thread/INFO] [top.leonx.irisveil.IrisVeilCompat/]: [VeilHook] Captured vertex source for 'simulated:contraption_diagram/outline_diagram': 610 chars, hasGetVelocity=false, hasOffset=false
[31Aug2026 07:57:55.945] [Render thread/INFO] [top.leonx.irisveil.IrisVeilCompat/]: [VeilHook] Captured fragment source for 'simulated:contraption_diagram/outline_diagram': 5629 chars
[31Aug2026 07:57:55.946] [Render thread/INFO] [top.leonx.irisveil.IrisVeilCompat/]: [VeilHook] Captured vertex source for 'simulated:laser/laser': 774 chars, hasGetVelocity=false, hasOffset=false
[31Aug2026 07:57:55.946] [Render thread/INFO] [top.leonx.irisveil.IrisVeilCompat/]: [VeilHook] Captured fragment source for 'simulated:laser/laser': 1878 chars
[31Aug2026 07:57:55.946] [Render thread/INFO] [top.leonx.irisveil.IrisVeilCompat/]: [VeilHook] Captured vertex source for 'veil:blit_screen': 542 chars, hasGetVelocity=false, hasOffset=false
[31Aug2026 07:57:55.946] [Render thread/INFO] [top.leonx.irisveil.IrisVeilCompat/]: [VeilHook] Captured fragment source for 'simulated:spread_end_sea': 2427 chars
[31Aug2026 07:57:55.949] [Render thread/INFO] [Veil/]: Loaded 31 shaders from: pinwheel/shaders/program
[31Aug2026 07:57:56.022] [Worker-Main-13/INFO] [PonderIndex/]: Registering Ponder Scenes took 53.86 ms
[31Aug2026 07:57:56.025] [Worker-Main-13/INFO] [PonderIndex/]: Registering Ponder Tags took 2.473 ms
[31Aug2026 07:57:56.125] [Render thread/WARN] [net.minecraft.client.sounds.SoundEngine/]: Missing sound for event: minecraft:item.goat_horn.play
[31Aug2026 07:57:56.125] [Render thread/WARN] [net.minecraft.client.sounds.SoundEngine/]: Missing sound for event: minecraft:entity.goat.screaming.horn_break
[31Aug2026 07:57:56.149] [Render thread/INFO] [com.mojang.blaze3d.audio.Library/]: OpenAL initialized on device Navi 31 HDMI/DP Audio Digital Stereo (HDMI 2)
[31Aug2026 07:57:56.150] [Render thread/INFO] [net.minecraft.client.sounds.SoundEngine/SOUNDS]: Sound engine started
[31Aug2026 07:57:56.217] [Render thread/INFO] [net.minecraft.client.renderer.texture.TextureAtlas/]: Created: 2048x1024x4 minecraft:textures/atlas/blocks.png-atlas
[31Aug2026 07:57:56.254] [Render thread/INFO] [net.minecraft.client.renderer.texture.TextureAtlas/]: Created: 256x256x4 minecraft:textures/atlas/signs.png-atlas
[31Aug2026 07:57:56.255] [Render thread/INFO] [net.minecraft.client.renderer.texture.TextureAtlas/]: Created: 512x512x4 minecraft:textures/atlas/shield_patterns.png-atlas
[31Aug2026 07:57:56.256] [Render thread/INFO] [net.minecraft.client.renderer.texture.TextureAtlas/]: Created: 512x512x4 minecraft:textures/atlas/banner_patterns.png-atlas
[31Aug2026 07:57:56.257] [Render thread/INFO] [net.minecraft.client.renderer.texture.TextureAtlas/]: Created: 2048x1024x4 minecraft:textures/atlas/armor_trims.png-atlas
[31Aug2026 07:57:56.267] [Render thread/INFO] [net.minecraft.client.renderer.texture.TextureAtlas/]: Created: 256x256x4 minecraft:textures/atlas/chest.png-atlas
[31Aug2026 07:57:56.268] [Render thread/INFO] [net.minecraft.client.renderer.texture.TextureAtlas/]: Created: 128x64x4 minecraft:textures/atlas/decorated_pot.png-atlas
[31Aug2026 07:57:56.268] [Render thread/INFO] [net.minecraft.client.renderer.texture.TextureAtlas/]: Created: 512x256x4 minecraft:textures/atlas/beds.png-atlas
[31Aug2026 07:57:56.269] [Render thread/INFO] [net.minecraft.client.renderer.texture.TextureAtlas/]: Created: 512x256x4 minecraft:textures/atlas/shulker_boxes.png-atlas
[31Aug2026 07:57:56.316] [Render thread/INFO] [net.minecraft.client.renderer.texture.TextureAtlas/]: Created: 512x512x0 minecraft:textures/atlas/particles.png-atlas
[31Aug2026 07:57:56.318] [Render thread/INFO] [net.minecraft.client.renderer.texture.TextureAtlas/]: Created: 512x256x0 minecraft:textures/atlas/paintings.png-atlas
[31Aug2026 07:57:56.319] [Render thread/INFO] [net.minecraft.client.renderer.texture.TextureAtlas/]: Created: 256x128x0 minecraft:textures/atlas/mob_effects.png-atlas
[31Aug2026 07:57:56.319] [Render thread/INFO] [net.minecraft.client.renderer.texture.TextureAtlas/]: Created: 64x64x0 minecraft:textures/atlas/map_decorations.png-atlas
[31Aug2026 07:57:56.320] [Render thread/INFO] [net.minecraft.client.renderer.texture.TextureAtlas/]: Created: 1024x1024x0 minecraft:textures/atlas/gui.png-atlas
[31Aug2026 07:57:56.344] [Render thread/WARN] [net.minecraft.client.renderer.ShaderInstance/]: Shader rendertype_entity_translucent_emissive could not find sampler named Sampler2 in the specified shader program.
[31Aug2026 07:57:56.407] [Render thread/INFO] [xaero.lib.XaeroLib/]: Successfully reloaded the XaeroLib shaders!
[31Aug2026 07:57:56.407] [Render thread/INFO] [net.neoforged.neoforge.client.entity.animation.json.AnimationLoader/]: Loaded 0 entity animations
[31Aug2026 07:57:56.407] [Render thread/INFO] [Veil/]: Loaded 3 framebuffers
[31Aug2026 07:57:56.414] [Render thread/INFO] [Veil/]: Loaded 6 post pipelines
[31Aug2026 07:57:56.417] [Render thread/INFO] [Veil/]: Loaded 6 render types
[31Aug2026 07:57:56.417] [Render thread/INFO] [Veil/]: Enabled bloom pipeline
[31Aug2026 07:57:56.418] [Render thread/INFO] [Veil/]: Loaded 0 quasar particles
[31Aug2026 07:57:56.418] [Render thread/INFO] [Veil/]: Loaded 0 templates
[31Aug2026 07:57:56.418] [Render thread/INFO] [Veil/]: Loaded 0 modules
[31Aug2026 07:57:56.432] [Render thread/INFO] [flywheel/backend/shaders/]: Loaded 79 shader sources in 11.469 ms
[31Aug2026 07:57:56.442] [Render thread/INFO] [com.simibubi.create.Create/]: Loaded 58 train hat configurations.
[31Aug2026 07:57:56.474] [Render thread/INFO] [DistantHorizons-DistantHorizons-com.seibel.distanthorizons.core.jar.updater.SelfUpdater/]: Checking for Distant Horizons [STABLE] update for MC [1.21.1]...
[31Aug2026 07:57:56.914] [Render thread/INFO] [DistantHorizons-DistantHorizons-com.seibel.distanthorizons.core.jar.updater.SelfUpdater/]: Distant Horizons already up to date.
[31Aug2026 07:57:56.927] [Render thread/INFO] [Photonics/]: Loaded ph_lights.json for shader pack 'photon-main (1).zip'
[31Aug2026 07:57:56.933] [Render thread/INFO] [Photonics/]: Photonics light registry contains 231 light definitions for 115 blocks
[31Aug2026 07:57:56.934] [Render thread/INFO] [Photonics/]: Photonics pipeline for 'photon-main (1).zip': enabled=true, mode=RESTIR, blockLight=true, gi=true, blockLightGi=false, handheld=true, shaderPackRenderScale=1.0, renderScale=1.0, giRenderScale=1.0, temporalUpscalerRequested=false, temporalUpscalerSourceScale=1.0, temporalUpscalerActive=false, temporalUpscalerHistoryFrames=8, maxLights=4000, maxSamples=20, restirInitial=32, restirSpatial=0, restirDenoiser=5, restirGiDenoiser=0, restirSoftShadows=false, restirCombinedGi=true
[31Aug2026 07:57:57.190] [Render thread/INFO] [Photonics/]: Photonics scene hash diff diagnostics enabled
[31Aug2026 07:57:57.194] [Render thread/INFO] [Photonics/]: Photonics feature increment: v65 upstream traversal guard, hand texture-normal evaluation, immature-history edge variance, and variance-guided full SVGF passes; direct-light-v64 proxy ownership retained
[31Aug2026 07:57:57.194] [Render thread/INFO] [Photonics/]: Photonics GI foundation v99: finite full-position indirect reservoirs, corrected primary-ray origin/origin rebasing/explicit sky hits, Jacobian-weighted world-hit temporal reuse for world and Sable receivers, geometric-normal-consistent indirect energy, explicit empty non-world reservoirs, hand temporal isolation, and selected-reservoir visibility validation
[31Aug2026 07:57:57.194] [Render thread/INFO] [Photonics/]: Photonics ReSTIR GI v79: combinedGi=true, splitGi=false, directScale=1.0, giScale=1.0, directDenoiserPasses=5, giDenoiserPasses=0, giPipeline=independent-frag-grid+reservoirs+history+svgf, composition=post-estimator-screen-space
[31Aug2026 07:57:57.194] [Render thread/INFO] [Photonics/]: Photonics split-GI reconstruction v81: receiver-aware four-tap interpolation with unsupported-pixel nearest-compatible fallback
[31Aug2026 07:57:57.194] [Render thread/INFO] [Photonics/]: Photonics GI stability v82: world-hit temporal reservoir reuse enabled for rigidly reprojected Sable receivers; hand history remains isolated
[31Aug2026 07:57:57.194] [Render thread/INFO] [Photonics/]: Photonics GI stability v128: radiance history follows stable block-state changes; initial loads, skylight settling, copied-state identity changes, and streamed voxel layout revisions remain path-validation-only; GI history stays eligible while voxel layout is unsettled and changed paths are rejected locally
[31Aug2026 07:57:57.194] [Render thread/INFO] [Photonics/]: Photonics GI stability v133: initial all-air population is path-validation-only, real content edits invalidate regional radiance, and geometrically validated zero-radiance history recovery remains eligible after layout settling
[31Aug2026 07:57:57.194] [Render thread/INFO] [Photonics/]: Photonics GI stability v138: current GI batches require published-tree readiness rather than the settling delay; unresolved r7 samples are invalidated before SVGF spatial filtering
[31Aug2026 07:57:57.194] [Render thread/INFO] [Photonics/]: Photonics GI continuity v146: scene-epoch mismatches are resolved by current-tree path validation; validated previous radiance remains presentation-only until fresh transport arrives
[31Aug2026 07:57:57.194] [Render thread/INFO] [Photonics/]: Photonics GI state v147: current r3 evaluation and finite-batch state are captured before temporal/spatial reuse; r7 commits only complete current GI frames, preserves presentation-only history epochs, and uses stream-aware positive-count history validity
[31Aug2026 07:57:57.194] [Render thread/INFO] [Photonics/]: Photonics direct startup v100: unbiased logarithmic camera-rank strata for large light lists with exact compact-list prefix proposals
[31Aug2026 07:57:57.194] [Render thread/INFO] [Photonics/]: Photonics direct visibility v107: requestedLanes=1, effectiveLanes=1, policy=disjoint-proposal-lanes/exact-original-pdf/visibility-before-unbiased-lane-merge
[31Aug2026 07:57:57.194] [Render thread/INFO] [Photonics/]: Photonics ReSTIR GI transport v85+: stochastic tinted-glass traversal and endpoint-first transparent-hit validation
[31Aug2026 07:57:57.194] [Render thread/INFO] [Photonics/]: Photonics GI environment v115: initialized independently in the indirect pass; native Photon reads direct sun and hemispherical skylight from colortex4; sunProposalDiagnostic=false
[31Aug2026 07:57:57.194] [Render thread/INFO] [Photonics/]: Photonics GI environment v117: environment proposals remain active during section streaming; the v116 global pause was removed because it created camera-dependent dark fill
[31Aug2026 07:57:57.194] [Render thread/INFO] [Photonics/]: Photonics world upload v117: voxel-tree mutation is fenced before allocator reuse; tree-dependent uniforms remain published after the completed upload
[31Aug2026 07:57:57.194] [Render thread/WARN] [Photonics/]: Photonics combined-GI validity channel diagnostic v144 enabled via -Dphotonics.restirGiValidityChannelsDiagnostic=true; production lighting/variance/external outputs and denoising remain active, private current/final attachments separate GI batch presence from usable positive-radiance samples and store readiness/settled/history/scene-state bits
[31Aug2026 07:57:57.194] [Render thread/INFO] [Photonics/]: Photonics stability v86: deterministic thin-cutout GI coverage and bounded palette-heap compiler recovery probes
[31Aug2026 07:57:57.194] [Render thread/INFO] [Photonics/]: Photonics ReSTIR GI validation v88: triState=valid/blocked-current-receiver/stale, blockedHistoryM=preserved-once-with-zero-energy, staleHistoryM=excluded, maxTemporalCandidates=1, maxSpatialCandidates=1, maxTraversalSteps=128
[31Aug2026 07:57:57.195] [Render thread/INFO] [Photonics/]: Photonics feature set: direct-light-v64 expiring Contraption Lights proxy ownership with a conservative nearby unmatched-proxy quarantine, position-matched Sable light alias trail with registry/profile diagnostics and render-thread-owned external merge, full-precision motion-grid Sable receiver visibility and endpoint-safe conservative traversal, dual-space Sable light de-duplication, production composite restored after v57 reservoir diagnostics, corrected indirect hit-normal decoding, full temporal reservoir retention for Sable external lighting, randomized systematic world-light proposals, Sable skylight-transition diagnostics with opt-in getter freeze, post-denoise exact Sable-local direct stream and fail-closed same-domain visibility, camera-relative double-composed Sable reprojection, normal-guided receiver classification, tri-state same-sublevel visibility and conservative supercover voxel traversal, sampling-time receiver-domain partition with exact same-sublevel direct lighting, external-only Sable reservoirs and soft-shadow local-visibility-signature-guided Sable SVGF support, preserved all-zero current proposal batches, elapsed-time moving-light hysteresis and unsnapped render-pose positions, rejected spatial-batch accounting, receiver-domain-complete stable/external history partition and rigid-motion Sable spatial reuse, bounded visibility-rejected reservoirs and representative-scoped external reactivity, split stable/external accumulation histories and stale Sable material recovery, explicit emitter motion-domain identity, motion-domain-stable receiver-relative light-history limits, previous-light position metadata, rotation-correct cross-sublevel motion, guarded ordinary-world all-light and external-only Sable single-neighbor spatial reuse, immutable spatial input, current-receiver visibility validation, bounded spatial history, independent spatial random stream, bounded reservoirs, zero-contribution batch accounting, actual-motion reactive lights, stable-anchor Sable reprojection, surface-plane SVGF, visibility-transition provenance, stable Sable identity, current-visible temporal reuse, Sable plot-section isolation, deterministic diagonal cutouts, generation-aligned adaptive stratified ReSTIR proposals, exposed-face Sable local visibility, duplicate Veil point-light suppression, moving-light and Iris material bridges; finite-segment OOB visibility and tree-origin tracing, masked passes, texture barriers, accumulation, denoising, handheld; Sable-receiver world/cross-sublevel spatial reuse and combined GI compatibility gates active
[31Aug2026 07:57:57.195] [Render thread/INFO] [Photonics/]: Photonics ReSTIR configuration v107: directCandidatesPerPixel=32, directTemporalSampleCap=640, directVisibilityLanes=1, directOutputSampleCap=world-128/sable-temporal-cap, spatialCandidates=0, spatialRadiusPixels=5.0, output=split-direct-and-gi-radiance-plus-exact-sable-local, samplingPolicy=large-list-logarithmic-rank-strata+compact-list-systematic-prefix-tail+distinct-priority-prefix/sable-external-reservoir/exact-all-same-token-lights/fail-closed-tri-state-conservative-local-dda/full-precision-motion-grid-receiver/normal-biased-endpoint/preserved-zero-current-batches, spatialPolicy=receiver-matched-current-frame/external-only-sable/current-rejection-accounting/immutable-input/initial-batch-cap+rejected-fallback-cap+background-finalization, historyPolicy=receiver-domain-complete-split-stable-external/direct-only-full-rigid-local-history/camera-relative-double-compose/normal-guided-receiver/soft-local-signature-reset/visibility-transition-reset/representative-scoped-external-reactivity/explicit-emitter-domain/0.15-block-trail/2-frame-floor, lightListPolicy=position-matched-250ms-alias-trail/250ms-after-loss-minecraft-light-proxy-ownership/125ms+2-frame-unmatched-proxy-quarantine/3-cell-alias-radius/render-thread-owned-merge, motionHoldMs=250, denoiserPolicy=post-denoise-exact-local-hard-shadow+representative-gated-world+soft-local-signature-sable, sableSkyLightDiagnostic=transition-log/optional-freeze-getter, directDenoiserPasses=5, giDenoiserPasses=0, softShadows=false, combinedGi=true, splitGi=false
[31Aug2026 07:57:57.209] [Render thread/INFO] [Photonics/]: Photonics framebuffer capacity v68: buffer=side-a, attachments=8, maxDrawBuffers=8, maxColorAttachments=8
[31Aug2026 07:57:57.209] [Render thread/INFO] [Photonics/]: Photonics framebuffer capacity v68: buffer=side-b, attachments=8, maxDrawBuffers=8, maxColorAttachments=8
[31Aug2026 07:57:57.212] [Render thread/INFO] [Photonics/]: Photonics history reset v18: reason=pipeline-created, generation=1, dimension=minecraft:overworld
[31Aug2026 07:57:57.213] [Render thread/INFO] [Iris/]: Creating pipeline for dimension minecraft:overworld
[31Aug2026 07:57:57.806] [Render thread/INFO] [org.anarres.cpp.DefaultPreprocessorListener/]: null:0:0: error: #endif without #if
[31Aug2026 07:57:57.894] [Render thread/INFO] [org.anarres.cpp.DefaultPreprocessorListener/]: null:0:0: error: #endif without #if
[31Aug2026 07:57:58.095] [Render thread/INFO] [org.anarres.cpp.DefaultPreprocessorListener/]: null:0:0: error: #endif without #if
[31Aug2026 07:57:58.198] [Render thread/INFO] [org.anarres.cpp.DefaultPreprocessorListener/]: null:0:0: error: #endif without #if
[31Aug2026 07:57:58.268] [Render thread/INFO] [org.anarres.cpp.DefaultPreprocessorListener/]: null:0:0: error: #endif without #if
[31Aug2026 07:57:58.406] [Render thread/INFO] [org.anarres.cpp.DefaultPreprocessorListener/]: null:0:0: error: #endif without #if
[31Aug2026 07:57:58.489] [Render thread/INFO] [org.anarres.cpp.DefaultPreprocessorListener/]: null:0:0: error: #endif without #if
[31Aug2026 07:57:58.592] [Render thread/INFO] [org.anarres.cpp.DefaultPreprocessorListener/]: null:0:0: error: #endif without #if
[31Aug2026 07:57:58.657] [Render thread/INFO] [org.anarres.cpp.DefaultPreprocessorListener/]: null:0:0: error: #endif without #if
[31Aug2026 07:57:58.825] [Render thread/INFO] [org.anarres.cpp.DefaultPreprocessorListener/]: null:0:0: error: #endif without #if
[31Aug2026 07:57:58.890] [Render thread/INFO] [org.anarres.cpp.DefaultPreprocessorListener/]: null:0:0: error: #endif without #if
[31Aug2026 07:57:58.973] [Render thread/INFO] [org.anarres.cpp.DefaultPreprocessorListener/]: null:0:0: error: #endif without #if
[31Aug2026 07:57:59.051] [Render thread/INFO] [org.anarres.cpp.DefaultPreprocessorListener/]: null:0:0: error: #endif without #if
[31Aug2026 07:57:59.194] [Render thread/INFO] [org.anarres.cpp.DefaultPreprocessorListener/]: null:0:0: error: #endif without #if
[31Aug2026 07:57:59.504] [Render thread/WARN] [Iris/]: Type is VERTEX
[31Aug2026 07:57:59.506] [Render thread/WARN] [Iris/]: Type is FRAGMENT
[31Aug2026 07:57:59.511] [Render thread/WARN] [Iris/]: Type is VERTEX
[31Aug2026 07:57:59.512] [Render thread/WARN] [Iris/]: Type is FRAGMENT
[31Aug2026 07:57:59.532] [Render thread/WARN] [Iris/]: Type is VERTEX
[31Aug2026 07:57:59.533] [Render thread/WARN] [Iris/]: Type is FRAGMENT
[31Aug2026 07:58:04.808] [Render thread/INFO] [com.simibubi.create.Create/]: Created 157 recipes which will be injected into the game
[31Aug2026 07:58:04.811] [Render thread/INFO] [com.simibubi.create.Create/]: Created 0 tags which will be injected into the game
[31Aug2026 07:58:05.161] [Worker-Main-1/ERROR] [net.minecraft.world.level.storage.loot.LootDataType/]: Couldn't parse element ResourceKey[minecraft:root / minecraft:loot_table]:simurail:blocks/automatic_coupler - Not a valid resource location: simurail:blocks/simurail:automatic_coupler Non [a-z0-9/._-] character in path of location: simurail:blocks/simurail:automatic_coupler
[31Aug2026 07:58:05.442] [Render thread/INFO] [net.minecraft.world.item.crafting.RecipeManager/]: Loaded 2948 recipes
[31Aug2026 07:58:05.544] [Render thread/INFO] [net.minecraft.advancements.AdvancementTree/]: Loaded 2644 advancements
[31Aug2026 07:58:06.049] [Server thread/INFO] [net.minecraft.client.server.IntegratedServer/]: Starting integrated minecraft server version 1.21.1
[31Aug2026 07:58:06.050] [Server thread/INFO] [net.minecraft.server.MinecraftServer/]: Generating keypair
[31Aug2026 07:58:06.106] [Server thread/INFO] [DistantHorizons-DistantHorizons-com.seibel.distanthorizons.core.world.AbstractDhWorld/]: Started DhWorld of type [CLIENT_SERVER].
[31Aug2026 07:58:06.140] [Server thread/INFO] [dev.ryanhcode.sable.Sable/]: Creating physics pipeline for ResourceKey[minecraft:dimension / minecraft:overworld] using RapierPhysicsPipelineProvider
[31Aug2026 07:58:06.388] [DH-Full Data Migration Thread[0]/INFO] [DistantHorizons-DistantHorizons-com.seibel.distanthorizons.core.file.fullDatafile.V2.DataMigratorV1/]: No migration necessary.
[31Aug2026 07:58:06.390] [Server thread/INFO] [DistantHorizons-DistantHorizons-com.seibel.distanthorizons.core.level.AbstractDhServerLevel/]: Started DhClientServerLevel for [Wrapped{ServerLevel[New World1]@minecraft:overworld}] at [[LocalSaveStructure@(/home/krzysztofkalisiak/.local/share/ModrinthApp/profiles/Create Aeronautics (1)/saves/New World1/data)]].
[31Aug2026 07:58:06.409] [Server thread/INFO] [dev.ryanhcode.sable.Sable/]: Creating physics pipeline for ResourceKey[minecraft:dimension / minecraft:the_nether] using RapierPhysicsPipelineProvider
[31Aug2026 07:58:06.424] [DH-Full Data Migration Thread[0]/INFO] [DistantHorizons-DistantHorizons-com.seibel.distanthorizons.core.file.fullDatafile.V2.DataMigratorV1/]: No migration necessary.
[31Aug2026 07:58:06.426] [Server thread/INFO] [DistantHorizons-DistantHorizons-com.seibel.distanthorizons.core.level.AbstractDhServerLevel/]: Started DhClientServerLevel for [Wrapped{ServerLevel[New World1]@minecraft:the_nether}] at [[LocalSaveStructure@(/home/krzysztofkalisiak/.local/share/ModrinthApp/profiles/Create Aeronautics (1)/saves/New World1/DIM-1/data;/home/krzysztofkalisiak/.local/share/ModrinthApp/profiles/Create Aeronautics (1)/saves/New World1/data)]].
[31Aug2026 07:58:06.426] [Server thread/INFO] [dev.ryanhcode.sable.Sable/]: Creating physics pipeline for ResourceKey[minecraft:dimension / minecraft:the_end] using RapierPhysicsPipelineProvider
[31Aug2026 07:58:06.449] [DH-Full Data Migration Thread[0]/INFO] [DistantHorizons-DistantHorizons-com.seibel.distanthorizons.core.file.fullDatafile.V2.DataMigratorV1/]: No migration necessary.
[31Aug2026 07:58:06.450] [Server thread/INFO] [DistantHorizons-DistantHorizons-com.seibel.distanthorizons.core.level.AbstractDhServerLevel/]: Started DhClientServerLevel for [Wrapped{ServerLevel[New World1]@minecraft:the_end}] at [[LocalSaveStructure@(/home/krzysztofkalisiak/.local/share/ModrinthApp/profiles/Create Aeronautics (1)/saves/New World1/DIM-1/data;/home/krzysztofkalisiak/.local/share/ModrinthApp/profiles/Create Aeronautics (1)/saves/New World1/DIM1/data;/home/krzysztofkalisiak/.local/share/ModrinthApp/profiles/Create Aeronautics (1)/saves/New World1/data)]].
[31Aug2026 07:58:06.452] [Server thread/INFO] [net.minecraft.server.MinecraftServer/]: Preparing start region for dimension minecraft:overworld
[31Aug2026 07:58:06.538] [Render thread/INFO] [net.minecraft.server.level.progress.LoggerChunkProgressListener/]: Preparing spawn area: 0%
[31Aug2026 07:58:06.583] [Server thread/INFO] [net.neoforged.neoforge.server.permission.PermissionAPI/]: Successfully initialized permission handler neoforge:default_handler
[31Aug2026 07:58:06.583] [Server thread/INFO] [me.yurtema.searchlights.Searchlights/]: HELLO from server starting
[31Aug2026 07:58:06.589] [Render thread/INFO] [net.minecraft.server.level.progress.LoggerChunkProgressListener/]: Time elapsed: 135 ms
[31Aug2026 07:58:06.640] [Server thread/INFO] [net.minecraft.client.server.IntegratedServer/]: Changing simulation distance to 10, from 0
[31Aug2026 07:58:06.687] [Render thread/INFO] [dev.ryanhcode.sable.Sable/]: Adding local UDP server channel future
[31Aug2026 07:58:06.691] [Render thread/WARN] [io.netty.bootstrap.Bootstrap/]: Unknown channel option 'SO_BROADCAST' for channel '[id: 0xfdabd5c3]'
[31Aug2026 07:58:06.694] [Netty Server IO #1/INFO] [dev.ryanhcode.sable.Sable/]: Server UDP channel active
[31Aug2026 07:58:06.703] [Render thread/INFO] [dev.ryanhcode.sable.Sable/]: Starting local client UDP channel future
[31Aug2026 07:58:06.705] [Netty Local Client IO #1/INFO] [dev.ryanhcode.sable.Sable/]: Client UDP channel active
[31Aug2026 07:58:06.915] [DH-Request Module Ticker [minecraft:overworld] Thread[0]/INFO] [DistantHorizons-DistantHorizons-com.seibel.distanthorizons.core.generation.BatchGenerator/]: Batch Chunk Generator initialized
[31Aug2026 07:58:06.917] [DH-Request Module Ticker [minecraft:overworld] Thread[0]/INFO] [DistantHorizons-DistantHorizons-com.seibel.distanthorizons.core.generation.queues.WorldGenerationQueue/]: Creating world gen queue
[31Aug2026 07:58:06.917] [DH-Request Module Ticker [minecraft:overworld] Thread[0]/INFO] [DistantHorizons-DistantHorizons-com.seibel.distanthorizons.core.generation.queues.WorldGenerationQueue/]: Created world gen queue
[31Aug2026 07:58:06.917] [DH-Request Module Ticker [minecraft:overworld] Thread[0]/INFO] [DistantHorizons-DistantHorizons-com.seibel.distanthorizons.core.file.fullDatafile.GeneratedFullDataSourceProvider/]: Set world gen queue for level [minecraft:overworld].
[31Aug2026 07:58:06.944] [DH-Request Module Ticker [minecraft:the_nether] Thread[0]/INFO] [DistantHorizons-DistantHorizons-com.seibel.distanthorizons.core.generation.BatchGenerator/]: Batch Chunk Generator initialized
[31Aug2026 07:58:06.944] [DH-Request Module Ticker [minecraft:the_nether] Thread[0]/INFO] [DistantHorizons-DistantHorizons-com.seibel.distanthorizons.core.generation.queues.WorldGenerationQueue/]: Creating world gen queue
[31Aug2026 07:58:06.944] [DH-Request Module Ticker [minecraft:the_nether] Thread[0]/INFO] [DistantHorizons-DistantHorizons-com.seibel.distanthorizons.core.generation.queues.WorldGenerationQueue/]: Created world gen queue
[31Aug2026 07:58:06.944] [DH-Request Module Ticker [minecraft:the_nether] Thread[0]/INFO] [DistantHorizons-DistantHorizons-com.seibel.distanthorizons.core.file.fullDatafile.GeneratedFullDataSourceProvider/]: Set world gen queue for level [minecraft:the_nether].
[31Aug2026 07:58:06.969] [DH-Request Module Ticker [minecraft:the_end] Thread[0]/INFO] [DistantHorizons-DistantHorizons-com.seibel.distanthorizons.core.generation.BatchGenerator/]: Batch Chunk Generator initialized
[31Aug2026 07:58:06.969] [DH-Request Module Ticker [minecraft:the_end] Thread[0]/INFO] [DistantHorizons-DistantHorizons-com.seibel.distanthorizons.core.generation.queues.WorldGenerationQueue/]: Creating world gen queue
[31Aug2026 07:58:06.969] [DH-Request Module Ticker [minecraft:the_end] Thread[0]/INFO] [DistantHorizons-DistantHorizons-com.seibel.distanthorizons.core.generation.queues.WorldGenerationQueue/]: Created world gen queue
[31Aug2026 07:58:06.969] [DH-Request Module Ticker [minecraft:the_end] Thread[0]/INFO] [DistantHorizons-DistantHorizons-com.seibel.distanthorizons.core.file.fullDatafile.GeneratedFullDataSourceProvider/]: Set world gen queue for level [minecraft:the_end].
[31Aug2026 07:58:06.973] [Server thread/INFO] [net.minecraft.server.players.PlayerList/]: Eutio[local:E:99526fe3] logged in with entity id 3 at (-2.98772739693583, 7.732845059643917, -10.452899370803735)
[31Aug2026 07:58:06.977] [Server thread/INFO] [dev.ryanhcode.sable.Sable/]: Beginning attempted authentication with player Eutio
[31Aug2026 07:58:06.997] [Server thread/INFO] [net.minecraft.server.MinecraftServer/]: Eutio joined the game
[31Aug2026 07:58:07.000] [Render thread/INFO] [xaero.hud.minimap.MinimapLogs/]: Minimap required item set to nothing.
[31Aug2026 07:58:07.000] [Render thread/INFO] [xaero.hud.minimap.MinimapLogs/]: New Xaero hud session initialized!
[31Aug2026 07:58:07.031] [Server thread/INFO] [DistantHorizons-DistantHorizons-com.seibel.distanthorizons.core.api.internal.ServerApi/]: Player [Eutio] joined.
[31Aug2026 07:58:07.052] [Render thread/INFO] [Iris/]: Reloading pipeline on dimension change: minecraft:overworld => minecraft:overworld
[31Aug2026 07:58:07.052] [Render thread/INFO] [Photonics/]: Photonics history reset v72: reason=pipeline-destroyed, generation=1
[31Aug2026 07:58:07.059] [Render thread/INFO] [Photonics/]: Photonics chunk compiler v72 stopped: pendingSections=0, memory=jvmHeap={usedBytes=2038578528, committedBytes=2449473536, maxBytes=8589934592}, jvmGc={collections=75, timeMs=425}, worldHeap=GpuBufferHeapStats[capacityBytes=536870912, reservedBytes=12, liveBytes=12, peakLiveBytes=12, reusableBytes=0, allocations=1, reusedAllocations=0, frees=0, failedAllocations=0], paletteHeap=GpuBufferHeapStats[capacityBytes=201326592, reservedBytes=0, liveBytes=0, peakLiveBytes=0, reusableBytes=0, allocations=0, reusedAllocations=0, frees=0, failedAllocations=0], registries={lights=Stats[cachedObjects=0, pendingFreeObjects=0, allocatedObjects=0, failedAllocations=0], palettes=Stats[cachedObjects=0, pendingFreeObjects=0, allocatedObjects=0, failedAllocations=0], blocks=Stats[cachedObjects=0, pendingFreeObjects=0, allocatedObjects=0, failedAllocations=0], models=Stats[cachedObjects=0, pendingFreeObjects=0, allocatedObjects=0, failedAllocations=0]}
[31Aug2026 07:58:07.060] [Render thread/INFO] [Photonics/]: Photonics light registry contains 127 light definitions for 98 blocks
[31Aug2026 07:58:07.060] [Render thread/INFO] [Iris/]: Destroying pipeline minecraft:overworld
[31Aug2026 07:58:07.065] [Render thread/INFO] [Photonics/]: Loaded ph_lights.json for shader pack 'photon-main (1).zip'
[31Aug2026 07:58:07.067] [Render thread/INFO] [Photonics/]: Photonics light registry contains 231 light definitions for 115 blocks
[31Aug2026 07:58:07.067] [Render thread/INFO] [Photonics/]: Photonics pipeline for 'photon-main (1).zip': enabled=true, mode=RESTIR, blockLight=true, gi=true, blockLightGi=false, handheld=true, shaderPackRenderScale=1.0, renderScale=1.0, giRenderScale=1.0, temporalUpscalerRequested=false, temporalUpscalerSourceScale=1.0, temporalUpscalerActive=false, temporalUpscalerHistoryFrames=8, maxLights=4000, maxSamples=20, restirInitial=32, restirSpatial=0, restirDenoiser=5, restirGiDenoiser=0, restirSoftShadows=false, restirCombinedGi=true
[31Aug2026 07:58:07.371] [Render thread/INFO] [Photonics/]: Photonics scene hash diff diagnostics enabled
[31Aug2026 07:58:07.371] [Render thread/INFO] [Photonics/]: Photonics feature increment: v65 upstream traversal guard, hand texture-normal evaluation, immature-history edge variance, and variance-guided full SVGF passes; direct-light-v64 proxy ownership retained
[31Aug2026 07:58:07.371] [Render thread/INFO] [Photonics/]: Photonics GI foundation v99: finite full-position indirect reservoirs, corrected primary-ray origin/origin rebasing/explicit sky hits, Jacobian-weighted world-hit temporal reuse for world and Sable receivers, geometric-normal-consistent indirect energy, explicit empty non-world reservoirs, hand temporal isolation, and selected-reservoir visibility validation
[31Aug2026 07:58:07.371] [Render thread/INFO] [Photonics/]: Photonics ReSTIR GI v79: combinedGi=true, splitGi=false, directScale=1.0, giScale=1.0, directDenoiserPasses=5, giDenoiserPasses=0, giPipeline=independent-frag-grid+reservoirs+history+svgf, composition=post-estimator-screen-space
[31Aug2026 07:58:07.371] [Render thread/INFO] [Photonics/]: Photonics split-GI reconstruction v81: receiver-aware four-tap interpolation with unsupported-pixel nearest-compatible fallback
[31Aug2026 07:58:07.371] [Render thread/INFO] [Photonics/]: Photonics GI stability v82: world-hit temporal reservoir reuse enabled for rigidly reprojected Sable receivers; hand history remains isolated
[31Aug2026 07:58:07.372] [Render thread/INFO] [Photonics/]: Photonics GI stability v128: radiance history follows stable block-state changes; initial loads, skylight settling, copied-state identity changes, and streamed voxel layout revisions remain path-validation-only; GI history stays eligible while voxel layout is unsettled and changed paths are rejected locally
[31Aug2026 07:58:07.372] [Render thread/INFO] [Photonics/]: Photonics GI stability v133: initial all-air population is path-validation-only, real content edits invalidate regional radiance, and geometrically validated zero-radiance history recovery remains eligible after layout settling
[31Aug2026 07:58:07.372] [Render thread/INFO] [Photonics/]: Photonics GI stability v138: current GI batches require published-tree readiness rather than the settling delay; unresolved r7 samples are invalidated before SVGF spatial filtering
[31Aug2026 07:58:07.372] [Render thread/INFO] [Photonics/]: Photonics GI continuity v146: scene-epoch mismatches are resolved by current-tree path validation; validated previous radiance remains presentation-only until fresh transport arrives
[31Aug2026 07:58:07.372] [Render thread/INFO] [Photonics/]: Photonics GI state v147: current r3 evaluation and finite-batch state are captured before temporal/spatial reuse; r7 commits only complete current GI frames, preserves presentation-only history epochs, and uses stream-aware positive-count history validity
[31Aug2026 07:58:07.372] [Render thread/INFO] [Photonics/]: Photonics direct startup v100: unbiased logarithmic camera-rank strata for large light lists with exact compact-list prefix proposals
[31Aug2026 07:58:07.372] [Render thread/INFO] [Photonics/]: Photonics direct visibility v107: requestedLanes=1, effectiveLanes=1, policy=disjoint-proposal-lanes/exact-original-pdf/visibility-before-unbiased-lane-merge
[31Aug2026 07:58:07.372] [Render thread/INFO] [Photonics/]: Photonics ReSTIR GI transport v85+: stochastic tinted-glass traversal and endpoint-first transparent-hit validation
[31Aug2026 07:58:07.372] [Render thread/INFO] [Photonics/]: Photonics GI environment v115: initialized independently in the indirect pass; native Photon reads direct sun and hemispherical skylight from colortex4; sunProposalDiagnostic=false
[31Aug2026 07:58:07.372] [Render thread/INFO] [Photonics/]: Photonics GI environment v117: environment proposals remain active during section streaming; the v116 global pause was removed because it created camera-dependent dark fill
[31Aug2026 07:58:07.372] [Render thread/INFO] [Photonics/]: Photonics world upload v117: voxel-tree mutation is fenced before allocator reuse; tree-dependent uniforms remain published after the completed upload
[31Aug2026 07:58:07.372] [Render thread/WARN] [Photonics/]: Photonics combined-GI validity channel diagnostic v144 enabled via -Dphotonics.restirGiValidityChannelsDiagnostic=true; production lighting/variance/external outputs and denoising remain active, private current/final attachments separate GI batch presence from usable positive-radiance samples and store readiness/settled/history/scene-state bits
[31Aug2026 07:58:07.372] [Render thread/INFO] [Photonics/]: Photonics stability v86: deterministic thin-cutout GI coverage and bounded palette-heap compiler recovery probes
[31Aug2026 07:58:07.372] [Render thread/INFO] [Photonics/]: Photonics ReSTIR GI validation v88: triState=valid/blocked-current-receiver/stale, blockedHistoryM=preserved-once-with-zero-energy, staleHistoryM=excluded, maxTemporalCandidates=1, maxSpatialCandidates=1, maxTraversalSteps=128
[31Aug2026 07:58:07.372] [Render thread/INFO] [Photonics/]: Photonics feature set: direct-light-v64 expiring Contraption Lights proxy ownership with a conservative nearby unmatched-proxy quarantine, position-matched Sable light alias trail with registry/profile diagnostics and render-thread-owned external merge, full-precision motion-grid Sable receiver visibility and endpoint-safe conservative traversal, dual-space Sable light de-duplication, production composite restored after v57 reservoir diagnostics, corrected indirect hit-normal decoding, full temporal reservoir retention for Sable external lighting, randomized systematic world-light proposals, Sable skylight-transition diagnostics with opt-in getter freeze, post-denoise exact Sable-local direct stream and fail-closed same-domain visibility, camera-relative double-composed Sable reprojection, normal-guided receiver classification, tri-state same-sublevel visibility and conservative supercover voxel traversal, sampling-time receiver-domain partition with exact same-sublevel direct lighting, external-only Sable reservoirs and soft-shadow local-visibility-signature-guided Sable SVGF support, preserved all-zero current proposal batches, elapsed-time moving-light hysteresis and unsnapped render-pose positions, rejected spatial-batch accounting, receiver-domain-complete stable/external history partition and rigid-motion Sable spatial reuse, bounded visibility-rejected reservoirs and representative-scoped external reactivity, split stable/external accumulation histories and stale Sable material recovery, explicit emitter motion-domain identity, motion-domain-stable receiver-relative light-history limits, previous-light position metadata, rotation-correct cross-sublevel motion, guarded ordinary-world all-light and external-only Sable single-neighbor spatial reuse, immutable spatial input, current-receiver visibility validation, bounded spatial history, independent spatial random stream, bounded reservoirs, zero-contribution batch accounting, actual-motion reactive lights, stable-anchor Sable reprojection, surface-plane SVGF, visibility-transition provenance, stable Sable identity, current-visible temporal reuse, Sable plot-section isolation, deterministic diagonal cutouts, generation-aligned adaptive stratified ReSTIR proposals, exposed-face Sable local visibility, duplicate Veil point-light suppression, moving-light and Iris material bridges; finite-segment OOB visibility and tree-origin tracing, masked passes, texture barriers, accumulation, denoising, handheld; Sable-receiver world/cross-sublevel spatial reuse and combined GI compatibility gates active
[31Aug2026 07:58:07.372] [Render thread/INFO] [Photonics/]: Photonics ReSTIR configuration v107: directCandidatesPerPixel=32, directTemporalSampleCap=640, directVisibilityLanes=1, directOutputSampleCap=world-128/sable-temporal-cap, spatialCandidates=0, spatialRadiusPixels=5.0, output=split-direct-and-gi-radiance-plus-exact-sable-local, samplingPolicy=large-list-logarithmic-rank-strata+compact-list-systematic-prefix-tail+distinct-priority-prefix/sable-external-reservoir/exact-all-same-token-lights/fail-closed-tri-state-conservative-local-dda/full-precision-motion-grid-receiver/normal-biased-endpoint/preserved-zero-current-batches, spatialPolicy=receiver-matched-current-frame/external-only-sable/current-rejection-accounting/immutable-input/initial-batch-cap+rejected-fallback-cap+background-finalization, historyPolicy=receiver-domain-complete-split-stable-external/direct-only-full-rigid-local-history/camera-relative-double-compose/normal-guided-receiver/soft-local-signature-reset/visibility-transition-reset/representative-scoped-external-reactivity/explicit-emitter-domain/0.15-block-trail/2-frame-floor, lightListPolicy=position-matched-250ms-alias-trail/250ms-after-loss-minecraft-light-proxy-ownership/125ms+2-frame-unmatched-proxy-quarantine/3-cell-alias-radius/render-thread-owned-merge, motionHoldMs=250, denoiserPolicy=post-denoise-exact-local-hard-shadow+representative-gated-world+soft-local-signature-sable, sableSkyLightDiagnostic=transition-log/optional-freeze-getter, directDenoiserPasses=5, giDenoiserPasses=0, softShadows=false, combinedGi=true, splitGi=false
[31Aug2026 07:58:07.376] [Render thread/INFO] [Photonics/]: Photonics framebuffer capacity v68: buffer=side-a, attachments=8, maxDrawBuffers=8, maxColorAttachments=8
[31Aug2026 07:58:07.376] [Render thread/INFO] [Photonics/]: Photonics framebuffer capacity v68: buffer=side-b, attachments=8, maxDrawBuffers=8, maxColorAttachments=8
[31Aug2026 07:58:07.377] [Render thread/INFO] [Photonics/]: Photonics history reset v18: reason=pipeline-created, generation=2, dimension=minecraft:overworld
[31Aug2026 07:58:07.377] [Render thread/INFO] [Iris/]: Creating pipeline for dimension minecraft:overworld
[31Aug2026 07:58:07.437] [Render thread/INFO] [org.anarres.cpp.DefaultPreprocessorListener/]: null:0:0: error: #endif without #if
[31Aug2026 07:58:07.449] [Render thread/INFO] [org.anarres.cpp.DefaultPreprocessorListener/]: null:0:0: error: #endif without #if
[31Aug2026 07:58:07.468] [Render thread/INFO] [org.anarres.cpp.DefaultPreprocessorListener/]: null:0:0: error: #endif without #if
[31Aug2026 07:58:07.489] [Render thread/INFO] [org.anarres.cpp.DefaultPreprocessorListener/]: null:0:0: error: #endif without #if
[31Aug2026 07:58:07.504] [Render thread/INFO] [org.anarres.cpp.DefaultPreprocessorListener/]: null:0:0: error: #endif without #if
[31Aug2026 07:58:07.537] [Render thread/INFO] [org.anarres.cpp.DefaultPreprocessorListener/]: null:0:0: error: #endif without #if
[31Aug2026 07:58:07.581] [Render thread/INFO] [org.anarres.cpp.DefaultPreprocessorListener/]: null:0:0: error: #endif without #if
[31Aug2026 07:58:07.594] [Render thread/INFO] [org.anarres.cpp.DefaultPreprocessorListener/]: null:0:0: error: #endif without #if
[31Aug2026 07:58:07.606] [Render thread/INFO] [org.anarres.cpp.DefaultPreprocessorListener/]: null:0:0: error: #endif without #if
[31Aug2026 07:58:07.620] [Render thread/INFO] [org.anarres.cpp.DefaultPreprocessorListener/]: null:0:0: error: #endif without #if
[31Aug2026 07:58:07.631] [Render thread/INFO] [org.anarres.cpp.DefaultPreprocessorListener/]: null:0:0: error: #endif without #if
[31Aug2026 07:58:07.642] [Render thread/INFO] [org.anarres.cpp.DefaultPreprocessorListener/]: null:0:0: error: #endif without #if
[31Aug2026 07:58:07.654] [Render thread/INFO] [org.anarres.cpp.DefaultPreprocessorListener/]: null:0:0: error: #endif without #if
[31Aug2026 07:58:07.667] [Render thread/INFO] [org.anarres.cpp.DefaultPreprocessorListener/]: null:0:0: error: #endif without #if
[31Aug2026 07:58:07.860] [Render thread/WARN] [flywheel/]: Flywheel backend fell back from 'flywheel:indirect' to 'flywheel:off'
[31Aug2026 07:58:07.931] [Render thread/INFO] [ChunkBuilder/]: Started 10 worker threads
[31Aug2026 07:58:08.012] [Render thread/INFO] [xaero.hud.minimap.MinimapLogs/]: Minimap updated server level id: -1668003663 for world ResourceKey[minecraft:dimension / minecraft:overworld]
[31Aug2026 07:58:08.014] [Render thread/INFO] [net.minecraft.advancements.AdvancementTree/]: Loaded 35 advancements
[31Aug2026 07:58:08.126] [Render thread/INFO] [Photonics/]: Photonics v43 Sable source validation: zeroLuminanceButTraced=0, rejectedMaterial=0, recoveredStaleMaterial=0, firstIssue=none
[31Aug2026 07:58:08.145] [Render thread/INFO] [Photonics/]: Photonics world tracing v138: layoutRevision=0, layoutReason=none, sceneRevision=0, settled=false, compiledSections=0, trackedSections=0, batchBuilt=0, batchUnloaded=0, pendingBuilds=0, pendingUnloads=0, ready=false, depth=0, blockBounds=( 0.000E+0  0.000E+0  0.000E+0)..( 0.000E+0  0.000E+0  0.000E+0), treeBounds=( 0.000E+0  0.000E+0  0.000E+0)..( 0.000E+0  0.000E+0  0.000E+0), origin=( 0.000E+0  0.000E+0  0.000E+0), sceneChangeBounds=none, boundsSource=tree, compileMs=0.000
[31Aug2026 07:58:08.146] [Render thread/INFO] [Photonics/]: Photonics v35 direct-light prefixes: movingLights=0, externalLights=0, totalLights=0, proposalBudget=adaptive-half-candidates
[31Aug2026 07:58:08.184] [Photonics Light List Compiler/INFO] [Photonics/]: Photonics light candidates v18: eligible=12, selected=12, maxLights=4000, lightSections=5, capped=false
[31Aug2026 07:58:08.335] [Render thread/INFO] [ChunkBuilder/]: Stopping worker threads
[31Aug2026 07:58:08.340] [Render thread/INFO] [ChunkBuilder/]: Started 10 worker threads
[31Aug2026 07:58:08.346] [Render thread/WARN] [flywheel/]: Flywheel backend fell back from 'flywheel:indirect' to 'flywheel:off'
[31Aug2026 07:58:08.398] [Render thread/WARN] [Sodium-VertexConsumerTracker/]: Class com.mojang.blaze3d.vertex.BufferBuilder does not support optimized vertex writing code paths, which may cause reduced rendering performance
[31Aug2026 07:58:08.443] [Photonics Light List Compiler/INFO] [Photonics/]: Photonics light candidates v18: eligible=22, selected=22, maxLights=4000, lightSections=10, capped=false
[31Aug2026 07:58:08.443] [Render thread/INFO] [DistantHorizons-DistantHorizons-com.seibel.distanthorizons.common.render.openGl.glObject.GLProxy/]: Iris detected, Distant Horizons OpenGL error logging won't be sent in the chat due to Iris throwing known (harmless) OpenGL errors. This is a bug with Iris, not Distant Horizons.
[31Aug2026 07:58:08.443] [Photonics Light List Compiler/INFO] [Photonics/]: Photonics light-list publication v88: coalescedBatches=30, peakPendingSections=1999, remainingSections=1149, deferredMs=254.662
[31Aug2026 07:58:08.444] [Render thread/INFO] [DistantHorizons-DistantHorizons-com.seibel.distanthorizons.common.render.openGl.glObject.GLProxy/]: Creating [GLProxy]... If this is the last message you see there must have been an OpenGL error.
[31Aug2026 07:58:08.444] [Render thread/INFO] [DistantHorizons-DistantHorizons-com.seibel.distanthorizons.common.render.openGl.glObject.GLProxy/]: Lod Render OpenGL version [4.6 (Core Profile) Mesa 26.1.2 - kisak-mesa PPA].
[31Aug2026 07:58:08.450] [Render thread/INFO] [DistantHorizons-DistantHorizons-com.seibel.distanthorizons.common.render.openGl.glObject.GLProxy/]: minecraftGlCapabilities:
Your OpenGL support:
openGL version 3.3+: [true] <- REQUIRED
Vertex Attribute Buffer Binding: [true] <- optional improvement
Buffer Storage: [true] <- optional improvement

[31Aug2026 07:58:08.454] [Render thread/INFO] [DistantHorizons-DistantHorizons-com.seibel.distanthorizons.common.render.openGl.glObject.GLProxy/]: GPU Vendor [AMD] with OS [Linux], Preferred upload method is [BUFFER_STORAGE].
[31Aug2026 07:58:08.454] [Render thread/INFO] [DistantHorizons-DistantHorizons-com.seibel.distanthorizons.common.render.openGl.glObject.GLProxy/]: GLProxy creation successful. OpenGL smiles upon you this day.
[31Aug2026 07:58:08.454] [Render thread/INFO] [DistantHorizons-DistantHorizons-com.seibel.distanthorizons.common.render.openGl.GlDhMetaRenderer_neoforge/]: Setting up renderer
[31Aug2026 07:58:08.462] [Render thread/INFO] [DistantHorizons-DistantHorizons-com.seibel.distanthorizons.common.render.openGl.GlDhMetaRenderer_neoforge/]: Renderer setup complete
[31Aug2026 07:58:08.466] [Render thread/INFO] [DistantHorizons-DistantHorizons-com.seibel.distanthorizons.common.render.openGl.glObject.shader.GlShader/]: Loading shader with type: [35633]
[31Aug2026 07:58:08.466] [Render thread/INFO] [DistantHorizons-DistantHorizons-com.seibel.distanthorizons.common.render.openGl.glObject.shader.GlShader/]: Shader loaded sucessfully.
[31Aug2026 07:58:08.467] [Render thread/INFO] [DistantHorizons-DistantHorizons-com.seibel.distanthorizons.common.render.openGl.glObject.shader.GlShader/]: Loading shader with type: [35632]
[31Aug2026 07:58:08.467] [Render thread/INFO] [DistantHorizons-DistantHorizons-com.seibel.distanthorizons.common.render.openGl.glObject.shader.GlShader/]: Shader loaded sucessfully.
[31Aug2026 07:58:08.472] [Render thread/INFO] [DistantHorizons-DistantHorizons-com.seibel.distanthorizons.common.render.openGl.glObject.vertexAttribute.GlVertexAttributePostGL43/]: Vertex Attribute (GL43+) completed. It contains 1 binding points and a stride size of 16
[31Aug2026 07:58:08.472] [Render thread/INFO] [DistantHorizons-DistantHorizons-com.seibel.distanthorizons.core.render.renderer.LodRenderer/]: Overriding vanilla MC settings to better fit Distant Horizons... This behavior can be disabled in the Distant Horizons config.
[31Aug2026 07:58:08.473] [Render thread/INFO] [DistantHorizons-DistantHorizons-com.seibel.distanthorizons.common.wrappers.minecraft.MinecraftClientWrapper_neoforge/]: Disabling vanilla clouds... This is done to prevent vanilla clouds from rendering on top of Distant Horizons LODs.
[31Aug2026 07:58:08.473] [Render thread/INFO] [DistantHorizons-DistantHorizons-com.seibel.distanthorizons.common.wrappers.minecraft.MinecraftClientWrapper_neoforge/]: Disabling fabulous graphics... This is done to fix vanilla chunks (specifically water blocks) not fading into Distant Horizons LODs when DH's 'Vanilla Fade' option is enabled.
[31Aug2026 07:58:08.475] [Render thread/INFO] [DistantHorizons-DistantHorizons-com.seibel.distanthorizons.common.render.openGl.glObject.shader.GlShader/]: Loading shader with type: [35633]
[31Aug2026 07:58:08.475] [Render thread/INFO] [DistantHorizons-DistantHorizons-com.seibel.distanthorizons.common.render.openGl.glObject.shader.GlShader/]: Shader loaded sucessfully.
[31Aug2026 07:58:08.476] [Render thread/INFO] [DistantHorizons-DistantHorizons-com.seibel.distanthorizons.common.render.openGl.glObject.shader.GlShader/]: Loading shader with type: [35632]
[31Aug2026 07:58:08.476] [Render thread/INFO] [DistantHorizons-DistantHorizons-com.seibel.distanthorizons.common.render.openGl.glObject.shader.GlShader/]: Shader loaded sucessfully.
[31Aug2026 07:58:08.476] [Render thread/INFO] [DistantHorizons-DistantHorizons-com.seibel.distanthorizons.common.render.openGl.glObject.vertexAttribute.GlVertexAttributePostGL43/]: Vertex Attribute (GL43+) completed. It contains 1 binding points and a stride size of 12
[31Aug2026 07:58:08.477] [Render thread/INFO] [DistantHorizons-DistantHorizons-com.seibel.distanthorizons.common.render.openGl.glObject.shader.GlShader/]: Loading shader with type: [35633]
[31Aug2026 07:58:08.477] [Render thread/INFO] [DistantHorizons-DistantHorizons-com.seibel.distanthorizons.common.render.openGl.glObject.shader.GlShader/]: Shader loaded sucessfully.
[31Aug2026 07:58:08.477] [Render thread/INFO] [DistantHorizons-DistantHorizons-com.seibel.distanthorizons.common.render.openGl.glObject.shader.GlShader/]: Loading shader with type: [35632]
[31Aug2026 07:58:08.477] [Render thread/INFO] [DistantHorizons-DistantHorizons-com.seibel.distanthorizons.common.render.openGl.glObject.shader.GlShader/]: Shader loaded sucessfully.
[31Aug2026 07:58:08.478] [Render thread/INFO] [DistantHorizons-DistantHorizons-com.seibel.distanthorizons.common.render.openGl.glObject.vertexAttribute.GlVertexAttributePostGL43/]: Vertex Attribute (GL43+) completed. It contains 1 binding points and a stride size of 12
[31Aug2026 07:58:08.514] [Render thread/INFO] [top.leonx.irisveil.IrisVeilCompat/]: IrisVeilCompat: using Block program with dithering for translucent 'aeronautics:levitite/levitite'
[31Aug2026 07:58:08.604] [Render thread/WARN] [net.irisshaders.iris.pipeline.transform.transformer.CompatibilityTransformer/]: The in declaration '_veil_depth' in the gbuffers_veil_aeronautics_levitite_levitite FRAGMENT shader is missing a corresponding out declaration in the previous stage VERTEX and has been compatibility-patched. See debugging.md for more information.
[31Aug2026 07:58:08.604] [Render thread/WARN] [net.irisshaders.iris.pipeline.transform.transformer.CompatibilityTransformer/]: The in declaration '_veil_ghostNoiseMagnitude' in the gbuffers_veil_aeronautics_levitite_levitite FRAGMENT shader is missing a corresponding out declaration in the previous stage VERTEX and has been compatibility-patched. See debugging.md for more information.
[31Aug2026 07:58:08.605] [Render thread/WARN] [net.irisshaders.iris.pipeline.transform.transformer.CompatibilityTransformer/]: The in declaration '_veil_ghostLayerFullness' in the gbuffers_veil_aeronautics_levitite_levitite FRAGMENT shader is missing a corresponding out declaration in the previous stage VERTEX and has been compatibility-patched. See debugging.md for more information.
[31Aug2026 07:58:08.613] [Render thread/INFO] [top.leonx.irisveil.IrisVeilCompat/]: IrisVeilCompat: created Iris ShaderInstance for 'aeronautics:levitite/levitite'
[31Aug2026 07:58:08.634] [Render thread/INFO] [Photonics/]: Photonics history reset v18: reason=initial-clear, buffer=side-b, attachments=[ph_frag_data0, ph_frag_data1], size=-1x-1 -> 1311x707
[31Aug2026 07:58:08.635] [Render thread/INFO] [Photonics/]: Photonics history reset v18: reason=initial-clear, buffer=side-a, attachments=[ph_frag_data0, ph_frag_data1], size=-1x-1 -> 1311x707
[31Aug2026 07:58:08.637] [Render thread/INFO] [Photonics/]: Photonics history reset v18: reason=initial-clear, buffer=side-b, attachments=[restir_lighting, restir_lighting_variance, restir_direct_reservoirs0, restir_direct_state, restir_indirect_reservoirs0, restir_indirect_reservoirs1, restir_gi_history_epoch, restir_external_lighting], size=-1x-1 -> 1311x707
[31Aug2026 07:58:08.638] [Render thread/INFO] [Photonics/]: Photonics history reset v18: reason=initial-clear, buffer=side-a, attachments=[restir_lighting, restir_lighting_variance, restir_direct_reservoirs0, restir_direct_state, restir_indirect_reservoirs0, restir_indirect_reservoirs1, restir_gi_history_epoch, restir_external_lighting], size=-1x-1 -> 1311x707
[31Aug2026 07:58:08.645] [Render thread/INFO] [Photonics/]: Photonics history reset v18: reason=initial-clear, buffer=side-a, attachments=[denoise_result], size=-1x-1 -> 1311x707
[31Aug2026 07:58:08.645] [Render thread/INFO] [Photonics/]: Photonics history reset v18: reason=initial-clear, buffer=side-b, attachments=[denoise_result], size=-1x-1 -> 1311x707
[31Aug2026 07:58:08.677] [Render thread/INFO] [Veil/]: Multi-Bind supported, using core
[31Aug2026 07:58:08.707] [Photonics Light List Compiler/INFO] [Photonics/]: Photonics light candidates v18: eligible=87, selected=87, maxLights=4000, lightSections=11, capped=false
[31Aug2026 07:58:08.707] [Photonics Light List Compiler/INFO] [Photonics/]: Photonics light-list publication v88: coalescedBatches=23, peakPendingSections=1101, remainingSections=45, deferredMs=251.292
[31Aug2026 07:58:08.713] [Render thread/INFO] [xaero.hud.minimap.MinimapLogs/]: Reloading radar icon resources...
[31Aug2026 07:58:08.726] [Render thread/INFO] [xaero.hud.minimap.MinimapLogs/]: Reloaded radar icon resources!
[31Aug2026 07:58:08.877] [Photonic Chunk Compiler #1/INFO] [Photonics/]: Photonics voxel diagnostic: state=Block{minecraft:verdant_froglight}[axis=x] vertexHash=6013518d38125464 complete=true samples=1600 alphaZero=0 alphaPartial=0 alphaOpaque=1600 alphaMean=255.0 alphaRange=255-255 rgbMean=[217.2,237.8,214.8] rgbRange=[120-248,166-253,92-248] voxels=1352 aabb=[0,0,0]-[15,15,15] parts=[( 0.000E+0  0.000E+0  0.000E+0)]
[31Aug2026 07:58:08.878] [Photonic Chunk Compiler #1/INFO] [Photonics/]: Photonics voxel occupancy: state=Block{minecraft:verdant_froglight}[axis=x] part=( 0.000E+0  0.000E+0  0.000E+0) slices=y0=ffff/ffff/ffff/ffff/ffff/ffff/ffff/ffff/ffff/ffff/ffff/ffff/ffff/ffff/ffff/ffff;y1=ffff/8001/8001/8001/8001/8001/8001/8001/8001/8001/8001/8001/8001/8001/8001/ffff;y2=ffff/8001/8001/8001/8001/8001/8001/8001/8001/8001/8001/8001/8001/8001/8001/ffff;y3=ffff/8001/8001/8001/8001/8001/8001/8001/8001/8001/8001/8001/8001/8001/8001/ffff;y4=ffff/8001/8001/8001/8001/8001/8001/8001/8001/8001/8001/8001/8001/8001/8001/ffff;y5=ffff/8001/8001/8001/8001/8001/8001/8001/8001/8001/8001/8001/8001/8001/8001/ffff;y6=ffff/8001/8001/8001/8001/8001/8001/8001/8001/8001/8001/8001/8001/8001/8001/ffff;y7=ffff/8001/8001/8001/8001/8001/8001/8001/8001/8001/8001/8001/8001/8001/8001/ffff;y8=ffff/8001/8001/8001/8001/8001/8001/8001/8001/8001/8001/8001/8001/8001/8001/ffff;y9=ffff/8001/8001/8001/8001/8001/8001/8001/8001/8001/8001/8001/8001/8001/8001/ffff;y10=ffff/8001/8001/8001/8001/8001/8001/8001/8001/8001/8001/8001/8001/8001/8001/ffff;y11=ffff/8001/8001/8001/8001/8001/8001/8001/8001/8001/8001/8001/8001/8001/8001/ffff;y12=ffff/8001/8001/8001/8001/8001/8001/8001/8001/8001/8001/8001/8001/8001/8001/ffff;y13=ffff/8001/8001/8001/8001/8001/8001/8001/8001/8001/8001/8001/8001/8001/8001/ffff;y14=ffff/8001/8001/8001/8001/8001/8001/8001/8001/8001/8001/8001/8001/8001/8001/ffff;y15=ffff/ffff/ffff/ffff/ffff/ffff/ffff/ffff/ffff/ffff/ffff/ffff/ffff/ffff/ffff/ffff
[31Aug2026 07:58:08.888] [Render thread/INFO] [Photonics/]: Photonics light list pending: 0 -> 87
[31Aug2026 07:58:08.895] [Photonic Chunk Compiler #1/INFO] [Photonics/]: Photonics voxel diagnostic: state=Block{minecraft:verdant_froglight}[axis=x] vertexHash=dfc79d2b301fa4dc complete=true samples=1600 alphaZero=0 alphaPartial=0 alphaOpaque=1600 alphaMean=255.0 alphaRange=255-255 rgbMean=[217.2,237.8,214.8] rgbRange=[120-248,166-253,92-248] voxels=1352 aabb=[0,0,0]-[15,15,15] parts=[( 0.000E+0  0.000E+0  0.000E+0)]
[31Aug2026 07:58:08.895] [Photonic Chunk Compiler #1/INFO] [Photonics/]: Photonics voxel occupancy: state=Block{minecraft:verdant_froglight}[axis=x] part=( 0.000E+0  0.000E+0  0.000E+0) slices=y0=ffff/ffff/ffff/ffff/ffff/ffff/ffff/ffff/ffff/ffff/ffff/ffff/ffff/ffff/ffff/ffff;y1=ffff/8001/8001/8001/8001/8001/8001/8001/8001/8001/8001/8001/8001/8001/8001/ffff;y2=ffff/8001/8001/8001/8001/8001/8001/8001/8001/8001/8001/8001/8001/8001/8001/ffff;y3=ffff/8001/8001/8001/8001/8001/8001/8001/8001/8001/8001/8001/8001/8001/8001/ffff;y4=ffff/8001/8001/8001/8001/8001/8001/8001/8001/8001/8001/8001/8001/8001/8001/ffff;y5=ffff/8001/8001/8001/8001/8001/8001/8001/8001/8001/8001/8001/8001/8001/8001/ffff;y6=ffff/8001/8001/8001/8001/8001/8001/8001/8001/8001/8001/8001/8001/8001/8001/ffff;y7=ffff/8001/8001/8001/8001/8001/8001/8001/8001/8001/8001/8001/8001/8001/8001/ffff;y8=ffff/8001/8001/8001/8001/8001/8001/8001/8001/8001/8001/8001/8001/8001/8001/ffff;y9=ffff/8001/8001/8001/8001/8001/8001/8001/8001/8001/8001/8001/8001/8001/8001/ffff;y10=ffff/8001/8001/8001/8001/8001/8001/8001/8001/8001/8001/8001/8001/8001/8001/ffff;y11=ffff/8001/8001/8001/8001/8001/8001/8001/8001/8001/8001/8001/8001/8001/8001/ffff;y12=ffff/8001/8001/8001/8001/8001/8001/8001/8001/8001/8001/8001/8001/8001/8001/ffff;y13=ffff/8001/8001/8001/8001/8001/8001/8001/8001/8001/8001/8001/8001/8001/8001/ffff;y14=ffff/8001/8001/8001/8001/8001/8001/8001/8001/8001/8001/8001/8001/8001/8001/ffff;y15=ffff/ffff/ffff/ffff/ffff/ffff/ffff/ffff/ffff/ffff/ffff/ffff/ffff/ffff/ffff/ffff
[31Aug2026 07:58:08.900] [Photonic Chunk Compiler #1/INFO] [Photonics/]: Photonics voxel diagnostic: state=Block{minecraft:verdant_froglight}[axis=y] vertexHash=707257953fff38d0 complete=true samples=1600 alphaZero=0 alphaPartial=0 alphaOpaque=1600 alphaMean=255.0 alphaRange=255-255 rgbMean=[217.1,237.8,214.6] rgbRange=[120-248,166-253,92-248] voxels=1352 aabb=[0,0,0]-[15,15,15] parts=[( 0.000E+0  0.000E+0  0.000E+0)]
[31Aug2026 07:58:08.901] [Photonic Chunk Compiler #1/INFO] [Photonics/]: Photonics voxel occupancy: state=Block{minecraft:verdant_froglight}[axis=y] part=( 0.000E+0  0.000E+0  0.000E+0) slices=y0=ffff/ffff/ffff/ffff/ffff/ffff/ffff/ffff/ffff/ffff/ffff/ffff/ffff/ffff/ffff/ffff;y1=ffff/8001/8001/8001/8001/8001/8001/8001/8001/8001/8001/8001/8001/8001/8001/ffff;y2=ffff/8001/8001/8001/8001/8001/8001/8001/8001/8001/8001/8001/8001/8001/8001/ffff;y3=ffff/8001/8001/8001/8001/8001/8001/8001/8001/8001/8001/8001/8001/8001/8001/ffff;y4=ffff/8001/8001/8001/8001/8001/8001/8001/8001/8001/8001/8001/8001/8001/8001/ffff;y5=ffff/8001/8001/8001/8001/8001/8001/8001/8001/8001/8001/8001/8001/8001/8001/ffff;y6=ffff/8001/8001/8001/8001/8001/8001/8001/8001/8001/8001/8001/8001/8001/8001/ffff;y7=ffff/8001/8001/8001/8001/8001/8001/8001/8001/8001/8001/8001/8001/8001/8001/ffff;y8=ffff/8001/8001/8001/8001/8001/8001/8001/8001/8001/8001/8001/8001/8001/8001/ffff;y9=ffff/8001/8001/8001/8001/8001/8001/8001/8001/8001/8001/8001/8001/8001/8001/ffff;y10=ffff/8001/8001/8001/8001/8001/8001/8001/8001/8001/8001/8001/8001/8001/8001/ffff;y11=ffff/8001/8001/8001/8001/8001/8001/8001/8001/8001/8001/8001/8001/8001/8001/ffff;y12=ffff/8001/8001/8001/8001/8001/8001/8001/8001/8001/8001/8001/8001/8001/8001/ffff;y13=ffff/8001/8001/8001/8001/8001/8001/8001/8001/8001/8001/8001/8001/8001/8001/ffff;y14=ffff/8001/8001/8001/8001/8001/8001/8001/8001/8001/8001/8001/8001/8001/8001/ffff;y15=ffff/ffff/ffff/ffff/ffff/ffff/ffff/ffff/ffff/ffff/ffff/ffff/ffff/ffff/ffff/ffff
[31Aug2026 07:58:08.910] [Photonic Chunk Compiler #0/INFO] [Photonics/]: Photonics voxel diagnostic: state=Block{minecraft:verdant_froglight}[axis=z] vertexHash=7c1322aeebff38d0 complete=true samples=1592 alphaZero=0 alphaPartial=0 alphaOpaque=1592 alphaMean=255.0 alphaRange=255-255 rgbMean=[217.2,237.8,214.8] rgbRange=[120-248,166-253,92-248] voxels=1338 aabb=[0,0,0]-[15,15,15] parts=[( 0.000E+0  0.000E+0  0.000E+0)]
[31Aug2026 07:58:08.911] [Photonic Chunk Compiler #0/INFO] [Photonics/]: Photonics voxel occupancy: state=Block{minecraft:verdant_froglight}[axis=z] part=( 0.000E+0  0.000E+0  0.000E+0) slices=y0=ffff/bfff/dfff/efff/f7ff/fbff/fdff/feff/ffff/ffff/ffff/ffff/ffff/ffff/ffff/ffff;y1=ffff/8001/8001/8001/8001/8001/8001/8001/8001/8001/8001/8001/8001/8001/8000/ffff;y2=ffff/8001/8001/8001/8001/8001/8001/8001/8001/8001/8001/8001/8001/8000/8001/ffff;y3=ffff/8001/8001/8001/8001/8001/8001/8001/8001/8001/8001/8001/8000/8001/8001/ffff;y4=ffff/8001/8001/8001/8001/8001/8001/8001/8001/8001/8001/8000/8001/8001/8001/ffff;y5=ffff/8001/8001/8001/8001/8001/8001/8001/8001/8001/8000/8001/8001/8001/8001/ffff;y6=ffff/8001/8001/8001/8001/8001/8001/8001/8001/8000/8001/8001/8001/8001/8001/ffff;y7=ffff/8001/8001/8001/8001/8001/8001/8001/8000/8001/8001/8001/8001/8001/8001/ffff;y8=ffff/8001/8001/8001/8001/8001/8001/8001/8001/8001/8001/8001/8001/8001/8001/ffff;y9=ffff/8001/8001/8001/8001/8001/8001/8001/8001/8001/8001/8001/8001/8001/8001/ffff;y10=ffff/8001/8001/8001/8001/8001/8001/8001/8001/8001/8001/8001/8001/8001/8001/ffff;y11=ffff/8001/8001/8001/8001/8001/8001/8001/8001/8001/8001/8001/8001/8001/8001/ffff;y12=ffff/8001/8001/8001/8001/8001/8001/8001/8001/8001/8001/8001/8001/8001/8001/ffff;y13=ffff/8001/8001/8001/8001/8001/8001/8001/8001/8001/8001/8001/8001/8001/8001/ffff;y14=ffff/8001/8001/8001/8001/8001/8001/8001/8001/8001/8001/8001/8001/8001/8001/ffff;y15=ffff/ffff/ffff/ffff/ffff/ffff/ffff/ffff/ffff/ffff/ffff/ffff/ffff/ffff/ffff/ffff
[31Aug2026 07:58:09.263] [Render thread/INFO] [Photonics/]: Photonics world tracing v138: layoutRevision=2, layoutReason=streaming-or-rebuild, sceneRevision=0, settled=false, compiledSections=48, trackedSections=2009, batchBuilt=48, batchUnloaded=0, pendingBuilds=74, pendingUnloads=0, ready=true, depth=6, blockBounds=( 2.080E+2  1.440E+2  1.920E+2)..( 3.040E+2  2.240E+2  3.040E+2), treeBounds=( 0.000E+0  0.000E+0  0.000E+0)..( 1.024E+3  1.024E+3  1.024E+3), origin=(-2.560E+2 -1.920E+2 -2.560E+2), sceneChangeBounds=none, boundsSource=compiled, compileMs=72.508
[31Aug2026 07:58:09.916] [Photonic Chunk Compiler #1/INFO] [Photonics/]: Photonics voxel diagnostic: state=Block{minecraft:red_stained_glass} vertexHash=1d652b5bb59cd88 complete=true samples=1600 alphaZero=0 alphaPartial=1600 alphaOpaque=0 alphaMean=117.2 alphaRange=102-163 rgbMean=[153.0,51.0,51.0] rgbRange=[153-153,51-51,51-51] voxels=1352 aabb=[0,0,0]-[15,15,15] parts=[( 0.000E+0  0.000E+0  0.000E+0)]
[31Aug2026 07:58:09.917] [Photonic Chunk Compiler #1/INFO] [Photonics/]: Photonics voxel occupancy: state=Block{minecraft:red_stained_glass} part=( 0.000E+0  0.000E+0  0.000E+0) slices=y0=ffff/ffff/ffff/ffff/ffff/ffff/ffff/ffff/ffff/ffff/ffff/ffff/ffff/ffff/ffff/ffff;y1=ffff/8001/8001/8001/8001/8001/8001/8001/8001/8001/8001/8001/8001/8001/8001/ffff;y2=ffff/8001/8001/8001/8001/8001/8001/8001/8001/8001/8001/8001/8001/8001/8001/ffff;y3=ffff/8001/8001/8001/8001/8001/8001/8001/8001/8001/8001/8001/8001/8001/8001/ffff;y4=ffff/8001/8001/8001/8001/8001/8001/8001/8001/8001/8001/8001/8001/8001/8001/ffff;y5=ffff/8001/8001/8001/8001/8001/8001/8001/8001/8001/8001/8001/8001/8001/8001/ffff;y6=ffff/8001/8001/8001/8001/8001/8001/8001/8001/8001/8001/8001/8001/8001/8001/ffff;y7=ffff/8001/8001/8001/8001/8001/8001/8001/8001/8001/8001/8001/8001/8001/8001/ffff;y8=ffff/8001/8001/8001/8001/8001/8001/8001/8001/8001/8001/8001/8001/8001/8001/ffff;y9=ffff/8001/8001/8001/8001/8001/8001/8001/8001/8001/8001/8001/8001/8001/8001/ffff;y10=ffff/8001/8001/8001/8001/8001/8001/8001/8001/8001/8001/8001/8001/8001/8001/ffff;y11=ffff/8001/8001/8001/8001/8001/8001/8001/8001/8001/8001/8001/8001/8001/8001/ffff;y12=ffff/8001/8001/8001/8001/8001/8001/8001/8001/8001/8001/8001/8001/8001/8001/ffff;y13=ffff/8001/8001/8001/8001/8001/8001/8001/8001/8001/8001/8001/8001/8001/8001/ffff;y14=ffff/8001/8001/8001/8001/8001/8001/8001/8001/8001/8001/8001/8001/8001/8001/ffff;y15=ffff/ffff/ffff/ffff/ffff/ffff/ffff/ffff/ffff/ffff/ffff/ffff/ffff/ffff/ffff/ffff
[31Aug2026 07:58:10.300] [Render thread/INFO] [Photonics/]: Photonics world tracing v138: layoutRevision=11, layoutReason=streaming-or-rebuild, sceneRevision=0, settled=false, compiledSections=480, trackedSections=2009, batchBuilt=48, batchUnloaded=0, pendingBuilds=84, pendingUnloads=0, ready=true, depth=6, blockBounds=( 1.120E+2  1.280E+2  9.600E+1)..( 3.680E+2  2.240E+2  4.000E+2), treeBounds=( 0.000E+0  0.000E+0  0.000E+0)..( 1.024E+3  1.024E+3  1.024E+3), origin=(-2.560E+2 -1.920E+2 -2.560E+2), sceneChangeBounds=none, boundsSource=compiled, compileMs=79.675
[31Aug2026 07:58:11.313] [Render thread/INFO] [Photonics/]: Photonics world tracing v138: layoutRevision=21, layoutReason=streaming-or-rebuild, sceneRevision=0, settled=false, compiledSections=958, trackedSections=2009, batchBuilt=48, batchUnloaded=0, pendingBuilds=96, pendingUnloads=0, ready=true, depth=6, blockBounds=( 8.000E+1  1.280E+2  8.000E+1)..( 4.160E+2  2.240E+2  4.160E+2), treeBounds=( 0.000E+0  0.000E+0  0.000E+0)..( 1.024E+3  1.024E+3  1.024E+3), origin=(-2.560E+2 -1.920E+2 -2.560E+2), sceneChangeBounds=none, boundsSource=compiled, compileMs=77.116
[31Aug2026 07:58:12.364] [Render thread/INFO] [Photonics/]: Photonics world tracing v138: layoutRevision=32, layoutReason=streaming-or-rebuild, sceneRevision=0, settled=false, compiledSections=1486, trackedSections=2009, batchBuilt=48, batchUnloaded=0, pendingBuilds=96, pendingUnloads=0, ready=true, depth=6, blockBounds=( 8.000E+1  1.280E+2  8.000E+1)..( 4.160E+2  2.240E+2  4.160E+2), treeBounds=( 0.000E+0  0.000E+0  0.000E+0)..( 1.024E+3  1.024E+3  1.024E+3), origin=(-2.560E+2 -1.920E+2 -2.560E+2), sceneChangeBounds=none, boundsSource=compiled, compileMs=81.842
[31Aug2026 07:58:12.384] [Render thread/INFO] [net.minecraft.client.gui.components.ChatComponent/]: [System] [CHAT] Distant Horizons: G1 Garbage collector detected.\nThis can cause FPS stuttering. \nIt's recommended to use a concurrent garbage collector \nlike ZGC (Java 21+) or Shenandoah (Java 8 through 17) \nfor a smoother experience. \nThis warning can be disabled in the DH config.
[31Aug2026 07:58:12.452] [Render thread/INFO] [Photonics/]: Photonics pass timing v73: group=frag data, passes=[frag data], viewport=1311x707, megapixels=0.927, cpuInvocations=114, cpuSubmitAvgMs=0.082, cpuSubmitMaxMs=0.399, gpuSamples=29, gpuAvgMs=0.051, gpuMaxMs=0.053, gpuAvgMsPerMP=0.055
[31Aug2026 07:58:12.452] [Render thread/INFO] [Photonics/]: Photonics frame throughput v78: viewport=1311x707, windowSeconds=5.010, renderedFrames=114, fps=22.756, frameAvgMs=43.945
[31Aug2026 07:58:12.467] [Render thread/INFO] [Photonics/]: Photonics pass timing v73: group=restir direct, passes=[initial direct + visibility], viewport=1311x707, megapixels=0.927, cpuInvocations=115, cpuSubmitAvgMs=0.064, cpuSubmitMaxMs=0.654, gpuSamples=29, gpuAvgMs=0.223, gpuMaxMs=0.241, gpuAvgMsPerMP=0.240
[31Aug2026 07:58:12.503] [Render thread/INFO] [Photonics/]: Photonics pass timing v73: group=restir gi initial, passes=[initial indirect], viewport=1311x707, megapixels=0.927, cpuInvocations=117, cpuSubmitAvgMs=0.024, cpuSubmitMaxMs=0.229, gpuSamples=29, gpuAvgMs=0.838, gpuMaxMs=0.944, gpuAvgMsPerMP=0.904
[31Aug2026 07:58:12.503] [Render thread/INFO] [Photonics/]: Photonics pass timing v73: group=restir gi current state, passes=[capture current GI evaluation state], viewport=1311x707, megapixels=0.927, cpuInvocations=117, cpuSubmitAvgMs=0.013, cpuSubmitMaxMs=0.185, gpuSamples=29, gpuAvgMs=0.027, gpuMaxMs=0.039, gpuAvgMsPerMP=0.029
[31Aug2026 07:58:12.518] [Render thread/INFO] [Photonics/]: Photonics pass timing v73: group=restir temporal, passes=[temporal reuse + tri-state GI classification], viewport=1311x707, megapixels=0.927, cpuInvocations=118, cpuSubmitAvgMs=0.031, cpuSubmitMaxMs=0.309, gpuSamples=30, gpuAvgMs=0.524, gpuMaxMs=0.624, gpuAvgMsPerMP=0.565
[31Aug2026 07:58:12.594] [Render thread/INFO] [Photonics/]: Photonics pass timing v73: group=restir spatial, passes=[spatial reuse/clamp + tri-state GI classification], viewport=1311x707, megapixels=0.927, cpuInvocations=121, cpuSubmitAvgMs=0.018, cpuSubmitMaxMs=0.083, gpuSamples=30, gpuAvgMs=0.109, gpuMaxMs=0.118, gpuAvgMsPerMP=0.118
[31Aug2026 07:58:12.594] [Render thread/INFO] [Photonics/]: Photonics pass timing v73: group=restir diffuse, passes=[diffuse], viewport=1311x707, megapixels=0.927, cpuInvocations=121, cpuSubmitAvgMs=0.018, cpuSubmitMaxMs=0.146, gpuSamples=30, gpuAvgMs=0.188, gpuMaxMs=0.204, gpuAvgMsPerMP=0.203
[31Aug2026 07:58:12.604] [Render thread/INFO] [Photonics/]: Photonics pass timing v73: group=restir GI validity current, passes=[capture current direct/GI validity], viewport=1311x707, megapixels=0.927, cpuInvocations=122, cpuSubmitAvgMs=0.026, cpuSubmitMaxMs=0.137, gpuSamples=31, gpuAvgMs=0.162, gpuMaxMs=0.176, gpuAvgMsPerMP=0.175
[31Aug2026 07:58:12.618] [Render thread/INFO] [Photonics/]: Photonics pass timing v73: group=restir accumulation, passes=[accumulation], viewport=1311x707, megapixels=0.927, cpuInvocations=124, cpuSubmitAvgMs=0.025, cpuSubmitMaxMs=0.164, gpuSamples=31, gpuAvgMs=0.370, gpuMaxMs=0.445, gpuAvgMsPerMP=0.400
[31Aug2026 07:58:12.635] [Render thread/INFO] [Photonics/]: Photonics pass timing v73: group=restir GI validity final, passes=[capture post-accumulation history state], viewport=1311x707, megapixels=0.927, cpuInvocations=125, cpuSubmitAvgMs=0.013, cpuSubmitMaxMs=0.058, gpuSamples=31, gpuAvgMs=0.066, gpuMaxMs=0.071, gpuAvgMsPerMP=0.072
[31Aug2026 07:58:12.654] [Render thread/INFO] [Photonics/]: Photonics pass timing v73: group=svgf variance, passes=[variance prefilter], viewport=1311x707, megapixels=0.927, cpuInvocations=126, cpuSubmitAvgMs=0.009, cpuSubmitMaxMs=0.113, gpuSamples=32, gpuAvgMs=0.529, gpuMaxMs=0.626, gpuAvgMsPerMP=0.571
[31Aug2026 07:58:12.654] [Render thread/INFO] [Photonics/]: Photonics pass timing v73: group=svgf atrous, passes=[atrous iteration], viewport=1311x707, megapixels=0.927, cpuInvocations=626, cpuSubmitAvgMs=0.009, cpuSubmitMaxMs=0.130, gpuSamples=157, gpuAvgMs=0.342, gpuMaxMs=0.414, gpuAvgMsPerMP=0.369
[31Aug2026 07:58:12.669] [Render thread/INFO] [Photonics/]: Photonics pass timing v73: group=restir local, passes=[exact local direct], viewport=1311x707, megapixels=0.927, cpuInvocations=127, cpuSubmitAvgMs=0.025, cpuSubmitMaxMs=0.143, gpuSamples=32, gpuAvgMs=0.007, gpuMaxMs=0.013, gpuAvgMsPerMP=0.007
[31Aug2026 07:58:12.690] [Render thread/INFO] [Photonics/]: Photonics pass timing v73: group=restir handheld, passes=[handheld], viewport=1311x707, megapixels=0.927, cpuInvocations=128, cpuSubmitAvgMs=0.033, cpuSubmitMaxMs=0.304, gpuSamples=32, gpuAvgMs=0.010, gpuMaxMs=0.014, gpuAvgMsPerMP=0.011
[31Aug2026 07:58:13.382] [Render thread/INFO] [Photonics/]: Photonics world tracing v138: layoutRevision=41, layoutReason=streaming-or-rebuild, sceneRevision=0, settled=false, compiledSections=1918, trackedSections=2009, batchBuilt=48, batchUnloaded=0, pendingBuilds=91, pendingUnloads=0, ready=true, depth=6, blockBounds=( 8.000E+1  1.280E+2  8.000E+1)..( 4.160E+2  2.240E+2  4.160E+2), treeBounds=( 0.000E+0  0.000E+0  0.000E+0)..( 1.024E+3  1.024E+3  1.024E+3), origin=(-2.560E+2 -1.920E+2 -2.560E+2), sceneChangeBounds=none, boundsSource=compiled, compileMs=139.434
[31Aug2026 07:58:15.668] [Render thread/INFO] [Photonics/]: Photonics world tracing v138: layoutRevision=43, layoutReason=streaming-or-rebuild, sceneRevision=0, settled=true, compiledSections=2009, trackedSections=2009, batchBuilt=43, batchUnloaded=0, pendingBuilds=0, pendingUnloads=0, ready=true, depth=6, blockBounds=( 8.000E+1  1.280E+2  8.000E+1)..( 4.160E+2  2.240E+2  4.160E+2), treeBounds=( 0.000E+0  0.000E+0  0.000E+0)..( 1.024E+3  1.024E+3  1.024E+3), origin=(-2.560E+2 -1.920E+2 -2.560E+2), sceneChangeBounds=none, boundsSource=compiled, compileMs=125.848
[31Aug2026 07:58:15.669] [Render thread/INFO] [Photonics/]: Photonics memory v72: jvmHeap={usedBytes=3333101056, committedBytes=4810866688, maxBytes=8589934592}, jvmGc={collections=101, timeMs=836}, worldHeap=GpuBufferHeapStats[capacityBytes=536870912, reservedBytes=135752148, liveBytes=135750772, peakLiveBytes=135750868, reusableBytes=1376, allocations=109532, reusedAllocations=200, frees=221, failedAllocations=0], paletteHeap=GpuBufferHeapStats[capacityBytes=201326592, reservedBytes=58560, liveBytes=58560, peakLiveBytes=58560, reusableBytes=0, allocations=697, reusedAllocations=87, frees=87, failedAllocations=0], registries={lights=Stats[cachedObjects=1, pendingFreeObjects=0, allocatedObjects=1, failedAllocations=0], palettes=Stats[cachedObjects=610, pendingFreeObjects=0, allocatedObjects=697, failedAllocations=0], blocks=Stats[cachedObjects=1353, pendingFreeObjects=0, allocatedObjects=1437, failedAllocations=0], models=Stats[cachedObjects=29, pendingFreeObjects=0, allocatedObjects=31, failedAllocations=0]}
[31Aug2026 07:58:17.457] [Render thread/INFO] [Photonics/]: Photonics pass timing v73: group=frag data, passes=[frag data], viewport=1311x707, megapixels=0.927, cpuInvocations=298, cpuSubmitAvgMs=0.044, cpuSubmitMaxMs=0.255, gpuSamples=74, gpuAvgMs=0.050, gpuMaxMs=0.053, gpuAvgMsPerMP=0.054
[31Aug2026 07:58:17.458] [Render thread/INFO] [Photonics/]: Photonics frame throughput v78: viewport=1311x707, windowSeconds=5.006, renderedFrames=298, fps=59.534, frameAvgMs=16.797
[31Aug2026 07:58:17.472] [Render thread/INFO] [Photonics/]: Photonics pass timing v73: group=restir direct, passes=[initial direct + visibility], viewport=1311x707, megapixels=0.927, cpuInvocations=298, cpuSubmitAvgMs=0.029, cpuSubmitMaxMs=0.145, gpuSamples=74, gpuAvgMs=0.244, gpuMaxMs=0.289, gpuAvgMsPerMP=0.263
[31Aug2026 07:58:17.507] [Render thread/INFO] [Photonics/]: Photonics pass timing v73: group=restir gi initial, passes=[initial indirect], viewport=1311x707, megapixels=0.927, cpuInvocations=298, cpuSubmitAvgMs=0.012, cpuSubmitMaxMs=0.040, gpuSamples=75, gpuAvgMs=0.840, gpuMaxMs=0.990, gpuAvgMsPerMP=0.907
[31Aug2026 07:58:17.507] [Render thread/INFO] [Photonics/]: Photonics pass timing v73: group=restir gi current state, passes=[capture current GI evaluation state], viewport=1311x707, megapixels=0.927, cpuInvocations=298, cpuSubmitAvgMs=0.007, cpuSubmitMaxMs=0.019, gpuSamples=75, gpuAvgMs=0.027, gpuMaxMs=0.094, gpuAvgMsPerMP=0.029
[31Aug2026 07:58:17.524] [Render thread/INFO] [Photonics/]: Photonics pass timing v73: group=restir temporal, passes=[temporal reuse + tri-state GI classification], viewport=1311x707, megapixels=0.927, cpuInvocations=298, cpuSubmitAvgMs=0.015, cpuSubmitMaxMs=0.029, gpuSamples=74, gpuAvgMs=0.476, gpuMaxMs=0.558, gpuAvgMsPerMP=0.514
[31Aug2026 07:58:17.608] [Render thread/INFO] [Photonics/]: Photonics pass timing v73: group=restir spatial, passes=[spatial reuse/clamp + tri-state GI classification], viewport=1311x707, megapixels=0.927, cpuInvocations=300, cpuSubmitAvgMs=0.012, cpuSubmitMaxMs=0.061, gpuSamples=75, gpuAvgMs=0.093, gpuMaxMs=0.139, gpuAvgMsPerMP=0.101
[31Aug2026 07:58:17.608] [Render thread/INFO] [Photonics/]: Photonics pass timing v73: group=restir diffuse, passes=[diffuse], viewport=1311x707, megapixels=0.927, cpuInvocations=300, cpuSubmitAvgMs=0.010, cpuSubmitMaxMs=0.041, gpuSamples=75, gpuAvgMs=0.204, gpuMaxMs=0.268, gpuAvgMsPerMP=0.221
[31Aug2026 07:58:17.608] [Render thread/INFO] [Photonics/]: Photonics pass timing v73: group=restir GI validity current, passes=[capture current direct/GI validity], viewport=1311x707, megapixels=0.927, cpuInvocations=299, cpuSubmitAvgMs=0.015, cpuSubmitMaxMs=0.036, gpuSamples=74, gpuAvgMs=0.142, gpuMaxMs=0.178, gpuAvgMsPerMP=0.154
[31Aug2026 07:58:17.624] [Render thread/INFO] [Photonics/]: Photonics pass timing v73: group=restir accumulation, passes=[accumulation], viewport=1311x707, megapixels=0.927, cpuInvocations=298, cpuSubmitAvgMs=0.015, cpuSubmitMaxMs=0.163, gpuSamples=75, gpuAvgMs=0.334, gpuMaxMs=0.385, gpuAvgMsPerMP=0.360
[31Aug2026 07:58:17.640] [Render thread/INFO] [Photonics/]: Photonics pass timing v73: group=restir GI validity final, passes=[capture post-accumulation history state], viewport=1311x707, megapixels=0.927, cpuInvocations=298, cpuSubmitAvgMs=0.009, cpuSubmitMaxMs=0.034, gpuSamples=75, gpuAvgMs=0.060, gpuMaxMs=0.117, gpuAvgMsPerMP=0.065
[31Aug2026 07:58:17.658] [Render thread/INFO] [Photonics/]: Photonics pass timing v73: group=svgf variance, passes=[variance prefilter], viewport=1311x707, megapixels=0.927, cpuInvocations=298, cpuSubmitAvgMs=0.005, cpuSubmitMaxMs=0.016, gpuSamples=74, gpuAvgMs=0.473, gpuMaxMs=0.618, gpuAvgMsPerMP=0.510
[31Aug2026 07:58:17.658] [Render thread/INFO] [Photonics/]: Photonics pass timing v73: group=svgf atrous, passes=[atrous iteration], viewport=1311x707, megapixels=0.927, cpuInvocations=1490, cpuSubmitAvgMs=0.004, cpuSubmitMaxMs=0.017, gpuSamples=372, gpuAvgMs=0.307, gpuMaxMs=0.415, gpuAvgMsPerMP=0.331
[31Aug2026 07:58:17.673] [Render thread/INFO] [Photonics/]: Photonics pass timing v73: group=restir local, passes=[exact local direct], viewport=1311x707, megapixels=0.927, cpuInvocations=298, cpuSubmitAvgMs=0.012, cpuSubmitMaxMs=0.036, gpuSamples=74, gpuAvgMs=0.007, gpuMaxMs=0.007, gpuAvgMsPerMP=0.007
[31Aug2026 07:58:17.691] [Render thread/INFO] [Photonics/]: Photonics pass timing v73: group=restir handheld, passes=[handheld], viewport=1311x707, megapixels=0.927, cpuInvocations=298, cpuSubmitAvgMs=0.019, cpuSubmitMaxMs=0.158, gpuSamples=75, gpuAvgMs=0.010, gpuMaxMs=0.011, gpuAvgMsPerMP=0.011
[31Aug2026 07:58:18.573] [Render thread/INFO] [Photonics/]: Photonics direct reservoir sample v64: samples=120, populated=0, emptyOrBackground=0, visibilityRejected=119, invalid=1, overLegacyCap=15, overTemporalCap=3, totalSamplesRange=32.0..697.5, viewport=1311x707
[31Aug2026 07:58:22.459] [Render thread/INFO] [Photonics/]: Photonics pass timing v73: group=frag data, passes=[frag data], viewport=1311x707, megapixels=0.927, cpuInvocations=300, cpuSubmitAvgMs=0.034, cpuSubmitMaxMs=0.079, gpuSamples=75, gpuAvgMs=0.053, gpuMaxMs=0.096, gpuAvgMsPerMP=0.057
[31Aug2026 07:58:22.459] [Render thread/INFO] [Photonics/]: Photonics frame throughput v78: viewport=1311x707, windowSeconds=5.002, renderedFrames=300, fps=59.980, frameAvgMs=16.672
[31Aug2026 07:58:22.476] [Render thread/INFO] [Photonics/]: Photonics pass timing v73: group=restir direct, passes=[initial direct + visibility], viewport=1311x707, megapixels=0.927, cpuInvocations=300, cpuSubmitAvgMs=0.022, cpuSubmitMaxMs=0.054, gpuSamples=75, gpuAvgMs=0.245, gpuMaxMs=0.321, gpuAvgMsPerMP=0.265
[31Aug2026 07:58:22.509] [Render thread/INFO] [Photonics/]: Photonics pass timing v73: group=restir gi initial, passes=[initial indirect], viewport=1311x707, megapixels=0.927, cpuInvocations=300, cpuSubmitAvgMs=0.010, cpuSubmitMaxMs=0.025, gpuSamples=75, gpuAvgMs=0.858, gpuMaxMs=0.999, gpuAvgMsPerMP=0.926
[31Aug2026 07:58:22.509] [Render thread/INFO] [Photonics/]: Photonics pass timing v73: group=restir gi current state, passes=[capture current GI evaluation state], viewport=1311x707, megapixels=0.927, cpuInvocations=300, cpuSubmitAvgMs=0.006, cpuSubmitMaxMs=0.026, gpuSamples=75, gpuAvgMs=0.025, gpuMaxMs=0.031, gpuAvgMsPerMP=0.027
[31Aug2026 07:58:22.525] [Render thread/INFO] [Photonics/]: Photonics pass timing v73: group=restir temporal, passes=[temporal reuse + tri-state GI classification], viewport=1311x707, megapixels=0.927, cpuInvocations=300, cpuSubmitAvgMs=0.011, cpuSubmitMaxMs=0.024, gpuSamples=75, gpuAvgMs=0.496, gpuMaxMs=0.592, gpuAvgMsPerMP=0.535
[31Aug2026 07:58:22.609] [Render thread/INFO] [Photonics/]: Photonics pass timing v73: group=restir spatial, passes=[spatial reuse/clamp + tri-state GI classification], viewport=1311x707, megapixels=0.927, cpuInvocations=300, cpuSubmitAvgMs=0.010, cpuSubmitMaxMs=0.025, gpuSamples=75, gpuAvgMs=0.094, gpuMaxMs=0.117, gpuAvgMsPerMP=0.102
[31Aug2026 07:58:22.609] [Render thread/INFO] [Photonics/]: Photonics pass timing v73: group=restir diffuse, passes=[diffuse], viewport=1311x707, megapixels=0.927, cpuInvocations=300, cpuSubmitAvgMs=0.009, cpuSubmitMaxMs=0.017, gpuSamples=75, gpuAvgMs=0.203, gpuMaxMs=0.260, gpuAvgMsPerMP=0.219
[31Aug2026 07:58:22.609] [Render thread/INFO] [Photonics/]: Photonics pass timing v73: group=restir GI validity current, passes=[capture current direct/GI validity], viewport=1311x707, megapixels=0.927, cpuInvocations=300, cpuSubmitAvgMs=0.011, cpuSubmitMaxMs=0.028, gpuSamples=75, gpuAvgMs=0.145, gpuMaxMs=0.176, gpuAvgMsPerMP=0.156
[31Aug2026 07:58:22.626] [Render thread/INFO] [Photonics/]: Photonics pass timing v73: group=restir accumulation, passes=[accumulation], viewport=1311x707, megapixels=0.927, cpuInvocations=300, cpuSubmitAvgMs=0.011, cpuSubmitMaxMs=0.102, gpuSamples=75, gpuAvgMs=0.340, gpuMaxMs=0.402, gpuAvgMsPerMP=0.367
[31Aug2026 07:58:22.643] [Render thread/INFO] [Photonics/]: Photonics pass timing v73: group=restir GI validity final, passes=[capture post-accumulation history state], viewport=1311x707, megapixels=0.927, cpuInvocations=300, cpuSubmitAvgMs=0.007, cpuSubmitMaxMs=0.031, gpuSamples=75, gpuAvgMs=0.061, gpuMaxMs=0.074, gpuAvgMsPerMP=0.066
[31Aug2026 07:58:22.659] [Render thread/INFO] [Photonics/]: Photonics pass timing v73: group=svgf variance, passes=[variance prefilter], viewport=1311x707, megapixels=0.927, cpuInvocations=300, cpuSubmitAvgMs=0.005, cpuSubmitMaxMs=0.021, gpuSamples=75, gpuAvgMs=0.491, gpuMaxMs=0.558, gpuAvgMsPerMP=0.529
[31Aug2026 07:58:22.659] [Render thread/INFO] [Photonics/]: Photonics pass timing v73: group=svgf atrous, passes=[atrous iteration], viewport=1311x707, megapixels=0.927, cpuInvocations=1500, cpuSubmitAvgMs=0.003, cpuSubmitMaxMs=0.013, gpuSamples=375, gpuAvgMs=0.317, gpuMaxMs=0.394, gpuAvgMsPerMP=0.342
[31Aug2026 07:58:22.676] [Render thread/INFO] [Photonics/]: Photonics pass timing v73: group=restir local, passes=[exact local direct], viewport=1311x707, megapixels=0.927, cpuInvocations=300, cpuSubmitAvgMs=0.009, cpuSubmitMaxMs=0.018, gpuSamples=75, gpuAvgMs=0.007, gpuMaxMs=0.007, gpuAvgMsPerMP=0.007
[31Aug2026 07:58:22.695] [Render thread/INFO] [Photonics/]: Photonics pass timing v73: group=restir handheld, passes=[handheld], viewport=1311x707, megapixels=0.927, cpuInvocations=300, cpuSubmitAvgMs=0.013, cpuSubmitMaxMs=0.050, gpuSamples=75, gpuAvgMs=0.010, gpuMaxMs=0.011, gpuAvgMsPerMP=0.011
[31Aug2026 07:58:23.977] [Photonics Light List Compiler/INFO] [Photonics/]: Photonics light-list publication v88: coalescedBatches=3, peakPendingSections=104, remainingSections=0, deferredMs=22.896
[31Aug2026 07:58:24.070] [Render thread/INFO] [Photonics/]: Photonics world tracing v138: layoutRevision=44, layoutReason=section-unload, sceneRevision=0, settled=false, compiledSections=1907, trackedSections=2011, batchBuilt=0, batchUnloaded=102, pendingBuilds=58, pendingUnloads=0, ready=true, depth=6, blockBounds=( 8.000E+1  1.280E+2  9.600E+1)..( 4.160E+2  2.240E+2  4.160E+2), treeBounds=( 0.000E+0  0.000E+0  0.000E+0)..( 1.024E+3  1.024E+3  1.024E+3), origin=(-2.560E+2 -1.920E+2 -2.560E+2), sceneChangeBounds=none, boundsSource=compiled, compileMs=117.335
[31Aug2026 07:58:25.601] [Photonics Light List Compiler/INFO] [Photonics/]: Photonics light-list publication v88: coalescedBatches=6, peakPendingSections=110, remainingSections=0, deferredMs=32.998
[31Aug2026 07:58:25.623] [Render thread/INFO] [Photonics/]: Photonics world tracing v138: layoutRevision=48, layoutReason=section-unload, sceneRevision=0, settled=false, compiledSections=1907, trackedSections=2010, batchBuilt=0, batchUnloaded=104, pendingBuilds=35, pendingUnloads=0, ready=true, depth=6, blockBounds=( 8.000E+1  1.280E+2  4.800E+1)..( 4.160E+2  2.240E+2  3.680E+2), treeBounds=( 0.000E+0  0.000E+0  0.000E+0)..( 1.024E+3  1.024E+3  1.024E+3), origin=(-2.560E+2 -1.920E+2 -1.920E+2), sceneChangeBounds=none, boundsSource=compiled, compileMs=60.656
[31Aug2026 07:58:26.610] [Render thread/INFO] [Photonics/]: Photonics direct reservoir sample v64: samples=120, populated=1, emptyOrBackground=0, visibilityRejected=119, invalid=0, overLegacyCap=14, overTemporalCap=2, totalSamplesRange=32.0..677.5, viewport=1311x707
[31Aug2026 07:58:27.461] [Render thread/INFO] [Photonics/]: Photonics pass timing v73: group=frag data, passes=[frag data], viewport=1311x707, megapixels=0.927, cpuInvocations=298, cpuSubmitAvgMs=0.032, cpuSubmitMaxMs=0.083, gpuSamples=75, gpuAvgMs=0.051, gpuMaxMs=0.054, gpuAvgMsPerMP=0.055
[31Aug2026 07:58:27.461] [Render thread/INFO] [Photonics/]: Photonics frame throughput v78: viewport=1311x707, windowSeconds=5.002, renderedFrames=298, fps=59.573, frameAvgMs=16.786
[31Aug2026 07:58:27.478] [Render thread/INFO] [Photonics/]: Photonics pass timing v73: group=restir direct, passes=[initial direct + visibility], viewport=1311x707, megapixels=0.927, cpuInvocations=298, cpuSubmitAvgMs=0.021, cpuSubmitMaxMs=0.065, gpuSamples=75, gpuAvgMs=0.218, gpuMaxMs=0.248, gpuAvgMsPerMP=0.235
[31Aug2026 07:58:27.511] [Render thread/INFO] [Photonics/]: Photonics pass timing v73: group=restir gi initial, passes=[initial indirect], viewport=1311x707, megapixels=0.927, cpuInvocations=298, cpuSubmitAvgMs=0.010, cpuSubmitMaxMs=0.027, gpuSamples=74, gpuAvgMs=0.867, gpuMaxMs=1.008, gpuAvgMsPerMP=0.935
[31Aug2026 07:58:27.511] [Render thread/INFO] [Photonics/]: Photonics pass timing v73: group=restir gi current state, passes=[capture current GI evaluation state], viewport=1311x707, megapixels=0.927, cpuInvocations=298, cpuSubmitAvgMs=0.005, cpuSubmitMaxMs=0.014, gpuSamples=74, gpuAvgMs=0.026, gpuMaxMs=0.028, gpuAvgMsPerMP=0.028
[31Aug2026 07:58:27.528] [Render thread/INFO] [Photonics/]: Photonics pass timing v73: group=restir temporal, passes=[temporal reuse + tri-state GI classification], viewport=1311x707, megapixels=0.927, cpuInvocations=298, cpuSubmitAvgMs=0.010, cpuSubmitMaxMs=0.024, gpuSamples=75, gpuAvgMs=0.535, gpuMaxMs=0.744, gpuAvgMsPerMP=0.578
[31Aug2026 07:58:27.611] [Render thread/INFO] [Photonics/]: Photonics pass timing v73: group=restir spatial, passes=[spatial reuse/clamp + tri-state GI classification], viewport=1311x707, megapixels=0.927, cpuInvocations=298, cpuSubmitAvgMs=0.009, cpuSubmitMaxMs=0.028, gpuSamples=75, gpuAvgMs=0.098, gpuMaxMs=0.130, gpuAvgMsPerMP=0.106
[31Aug2026 07:58:27.611] [Render thread/INFO] [Photonics/]: Photonics pass timing v73: group=restir diffuse, passes=[diffuse], viewport=1311x707, megapixels=0.927, cpuInvocations=298, cpuSubmitAvgMs=0.009, cpuSubmitMaxMs=0.019, gpuSamples=75, gpuAvgMs=0.176, gpuMaxMs=0.212, gpuAvgMsPerMP=0.190
[31Aug2026 07:58:27.612] [Render thread/INFO] [Photonics/]: Photonics pass timing v73: group=restir GI validity current, passes=[capture current direct/GI validity], viewport=1311x707, megapixels=0.927, cpuInvocations=298, cpuSubmitAvgMs=0.011, cpuSubmitMaxMs=0.031, gpuSamples=75, gpuAvgMs=0.153, gpuMaxMs=0.182, gpuAvgMsPerMP=0.165
[31Aug2026 07:58:27.628] [Render thread/INFO] [Photonics/]: Photonics pass timing v73: group=restir accumulation, passes=[accumulation], viewport=1311x707, megapixels=0.927, cpuInvocations=298, cpuSubmitAvgMs=0.010, cpuSubmitMaxMs=0.027, gpuSamples=74, gpuAvgMs=0.363, gpuMaxMs=0.453, gpuAvgMsPerMP=0.392
[31Aug2026 07:58:27.645] [Render thread/INFO] [Photonics/]: Photonics pass timing v73: group=restir GI validity final, passes=[capture post-accumulation history state], viewport=1311x707, megapixels=0.927, cpuInvocations=298, cpuSubmitAvgMs=0.008, cpuSubmitMaxMs=0.043, gpuSamples=74, gpuAvgMs=0.063, gpuMaxMs=0.101, gpuAvgMsPerMP=0.068
[31Aug2026 07:58:27.661] [Render thread/INFO] [Photonics/]: Photonics pass timing v73: group=svgf variance, passes=[variance prefilter], viewport=1311x707, megapixels=0.927, cpuInvocations=298, cpuSubmitAvgMs=0.004, cpuSubmitMaxMs=0.010, gpuSamples=75, gpuAvgMs=0.500, gpuMaxMs=0.615, gpuAvgMsPerMP=0.540
[31Aug2026 07:58:27.661] [Render thread/INFO] [Photonics/]: Photonics pass timing v73: group=svgf atrous, passes=[atrous iteration], viewport=1311x707, megapixels=0.927, cpuInvocations=1490, cpuSubmitAvgMs=0.003, cpuSubmitMaxMs=0.010, gpuSamples=373, gpuAvgMs=0.326, gpuMaxMs=0.457, gpuAvgMsPerMP=0.352
[31Aug2026 07:58:27.677] [Render thread/INFO] [Photonics/]: Photonics pass timing v73: group=restir local, passes=[exact local direct], viewport=1311x707, megapixels=0.927, cpuInvocations=298, cpuSubmitAvgMs=0.009, cpuSubmitMaxMs=0.025, gpuSamples=75, gpuAvgMs=0.007, gpuMaxMs=0.007, gpuAvgMsPerMP=0.007
[31Aug2026 07:58:27.695] [Render thread/INFO] [Photonics/]: Photonics pass timing v73: group=restir handheld, passes=[handheld], viewport=1311x707, megapixels=0.927, cpuInvocations=298, cpuSubmitAvgMs=0.013, cpuSubmitMaxMs=0.027, gpuSamples=74, gpuAvgMs=0.010, gpuMaxMs=0.011, gpuAvgMsPerMP=0.011
[31Aug2026 07:58:27.859] [Render thread/INFO] [Photonics/]: Photonics world tracing v138: layoutRevision=51, layoutReason=streaming-or-rebuild, sceneRevision=0, settled=true, compiledSections=2010, trackedSections=2010, batchBuilt=18, batchUnloaded=0, pendingBuilds=0, pendingUnloads=0, ready=true, depth=6, blockBounds=( 8.000E+1  1.280E+2  4.800E+1)..( 4.160E+2  2.240E+2  3.840E+2), treeBounds=( 0.000E+0  0.000E+0  0.000E+0)..( 1.024E+3  1.024E+3  1.024E+3), origin=(-2.560E+2 -1.920E+2 -1.920E+2), sceneChangeBounds=none, boundsSource=compiled, compileMs=60.099
[31Aug2026 07:58:27.860] [Render thread/INFO] [Photonics/]: Photonics memory v72: jvmHeap={usedBytes=4267033272, committedBytes=4810866688, maxBytes=8589934592}, jvmGc={collections=102, timeMs=854}, worldHeap=GpuBufferHeapStats[capacityBytes=536870912, reservedBytes=135761300, liveBytes=135754356, peakLiveBytes=135754548, reusableBytes=6944, allocations=120693, reusedAllocations=11324, frees=11357, failedAllocations=0], paletteHeap=GpuBufferHeapStats[capacityBytes=201326592, reservedBytes=58560, liveBytes=58560, peakLiveBytes=58560, reusableBytes=0, allocations=697, reusedAllocations=87, frees=87, failedAllocations=0], registries={lights=Stats[cachedObjects=1, pendingFreeObjects=0, allocatedObjects=1, failedAllocations=0], palettes=Stats[cachedObjects=610, pendingFreeObjects=0, allocatedObjects=697, failedAllocations=0], blocks=Stats[cachedObjects=1353, pendingFreeObjects=0, allocatedObjects=1437, failedAllocations=0], models=Stats[cachedObjects=29, pendingFreeObjects=0, allocatedObjects=31, failedAllocations=0]}
[31Aug2026 07:58:28.849] [Photonics Light List Compiler/INFO] [Photonics/]: Photonics light-list publication v88: coalescedBatches=4, peakPendingSections=114, remainingSections=0, deferredMs=24.641
[31Aug2026 07:58:28.877] [Render thread/INFO] [Photonics/]: Photonics world tracing v138: layoutRevision=52, layoutReason=section-unload, sceneRevision=0, settled=false, compiledSections=1907, trackedSections=2011, batchBuilt=0, batchUnloaded=103, pendingBuilds=35, pendingUnloads=0, ready=true, depth=6, blockBounds=( 8.000E+1  1.280E+2  4.800E+1)..( 4.160E+2  2.240E+2  3.680E+2), treeBounds=( 0.000E+0  0.000E+0  0.000E+0)..( 1.024E+3  1.024E+3  1.024E+3), origin=(-2.560E+2 -1.920E+2 -1.920E+2), sceneChangeBounds=none, boundsSource=compiled, compileMs=76.864
[31Aug2026 07:58:30.757] [Photonics Light List Compiler/INFO] [Photonics/]: Photonics light-list publication v88: coalescedBatches=4, peakPendingSections=53, remainingSections=0, deferredMs=7.701
[31Aug2026 07:58:30.776] [Photonics Light List Compiler/INFO] [Photonics/]: Photonics light-list publication v88: coalescedBatches=7, peakPendingSections=59, remainingSections=0, deferredMs=13.137
[31Aug2026 07:58:30.809] [Render thread/INFO] [Photonics/]: Photonics world tracing v138: layoutRevision=56, layoutReason=streaming-or-rebuild, sceneRevision=0, settled=false, compiledSections=2012, trackedSections=2051, batchBuilt=1, batchUnloaded=0, pendingBuilds=11, pendingUnloads=0, ready=true, depth=6, blockBounds=( 8.000E+1  1.280E+2  3.200E+1)..( 4.160E+2  2.240E+2  3.680E+2), treeBounds=( 0.000E+0  0.000E+0  0.000E+0)..( 1.024E+3  1.024E+3  1.024E+3), origin=(-2.560E+2 -1.920E+2 -1.920E+2), sceneChangeBounds=none, boundsSource=compiled, compileMs=47.268
[31Aug2026 07:58:32.462] [Render thread/INFO] [Photonics/]: Photonics pass timing v73: group=frag data, passes=[frag data], viewport=1311x707, megapixels=0.927, cpuInvocations=298, cpuSubmitAvgMs=0.031, cpuSubmitMaxMs=0.080, gpuSamples=74, gpuAvgMs=0.052, gpuMaxMs=0.088, gpuAvgMsPerMP=0.056
[31Aug2026 07:58:32.462] [Render thread/INFO] [Photonics/]: Photonics frame throughput v78: viewport=1311x707, windowSeconds=5.001, renderedFrames=298, fps=59.593, frameAvgMs=16.780
[31Aug2026 07:58:32.479] [Render thread/INFO] [Photonics/]: Photonics pass timing v73: group=restir direct, passes=[initial direct + visibility], viewport=1311x707, megapixels=0.927, cpuInvocations=298, cpuSubmitAvgMs=0.021, cpuSubmitMaxMs=0.042, gpuSamples=74, gpuAvgMs=0.215, gpuMaxMs=0.275, gpuAvgMsPerMP=0.232
[31Aug2026 07:58:32.512] [Render thread/INFO] [Photonics/]: Photonics pass timing v73: group=restir gi initial, passes=[initial indirect], viewport=1311x707, megapixels=0.927, cpuInvocations=298, cpuSubmitAvgMs=0.010, cpuSubmitMaxMs=0.030, gpuSamples=75, gpuAvgMs=0.902, gpuMaxMs=1.008, gpuAvgMsPerMP=0.973
[31Aug2026 07:58:32.512] [Render thread/INFO] [Photonics/]: Photonics pass timing v73: group=restir gi current state, passes=[capture current GI evaluation state], viewport=1311x707, megapixels=0.927, cpuInvocations=298, cpuSubmitAvgMs=0.005, cpuSubmitMaxMs=0.013, gpuSamples=75, gpuAvgMs=0.027, gpuMaxMs=0.083, gpuAvgMsPerMP=0.030
[31Aug2026 07:58:32.528] [Render thread/INFO] [Photonics/]: Photonics pass timing v73: group=restir temporal, passes=[temporal reuse + tri-state GI classification], viewport=1311x707, megapixels=0.927, cpuInvocations=298, cpuSubmitAvgMs=0.010, cpuSubmitMaxMs=0.020, gpuSamples=74, gpuAvgMs=0.507, gpuMaxMs=0.696, gpuAvgMsPerMP=0.547
[31Aug2026 07:58:32.613] [Render thread/INFO] [Photonics/]: Photonics pass timing v73: group=restir spatial, passes=[spatial reuse/clamp + tri-state GI classification], viewport=1311x707, megapixels=0.927, cpuInvocations=298, cpuSubmitAvgMs=0.009, cpuSubmitMaxMs=0.024, gpuSamples=74, gpuAvgMs=0.101, gpuMaxMs=0.139, gpuAvgMsPerMP=0.109
[31Aug2026 07:58:32.613] [Render thread/INFO] [Photonics/]: Photonics pass timing v73: group=restir diffuse, passes=[diffuse], viewport=1311x707, megapixels=0.927, cpuInvocations=298, cpuSubmitAvgMs=0.008, cpuSubmitMaxMs=0.016, gpuSamples=74, gpuAvgMs=0.166, gpuMaxMs=0.231, gpuAvgMsPerMP=0.179
[31Aug2026 07:58:32.613] [Render thread/INFO] [Photonics/]: Photonics pass timing v73: group=restir GI validity current, passes=[capture current direct/GI validity], viewport=1311x707, megapixels=0.927, cpuInvocations=298, cpuSubmitAvgMs=0.011, cpuSubmitMaxMs=0.056, gpuSamples=74, gpuAvgMs=0.159, gpuMaxMs=0.181, gpuAvgMsPerMP=0.172
[31Aug2026 07:58:32.631] [Render thread/INFO] [Photonics/]: Photonics pass timing v73: group=restir accumulation, passes=[accumulation], viewport=1311x707, megapixels=0.927, cpuInvocations=298, cpuSubmitAvgMs=0.010, cpuSubmitMaxMs=0.022, gpuSamples=75, gpuAvgMs=0.365, gpuMaxMs=0.441, gpuAvgMsPerMP=0.393
[31Aug2026 07:58:32.647] [Render thread/INFO] [Photonics/]: Photonics pass timing v73: group=restir GI validity final, passes=[capture post-accumulation history state], viewport=1311x707, megapixels=0.927, cpuInvocations=298, cpuSubmitAvgMs=0.007, cpuSubmitMaxMs=0.021, gpuSamples=75, gpuAvgMs=0.066, gpuMaxMs=0.106, gpuAvgMsPerMP=0.072
[31Aug2026 07:58:32.662] [Render thread/INFO] [Photonics/]: Photonics pass timing v73: group=svgf variance, passes=[variance prefilter], viewport=1311x707, megapixels=0.927, cpuInvocations=298, cpuSubmitAvgMs=0.004, cpuSubmitMaxMs=0.014, gpuSamples=74, gpuAvgMs=0.515, gpuMaxMs=0.619, gpuAvgMsPerMP=0.556
[31Aug2026 07:58:32.662] [Render thread/INFO] [Photonics/]: Photonics pass timing v73: group=svgf atrous, passes=[atrous iteration], viewport=1311x707, megapixels=0.927, cpuInvocations=1490, cpuSubmitAvgMs=0.003, cpuSubmitMaxMs=0.012, gpuSamples=372, gpuAvgMs=0.333, gpuMaxMs=0.448, gpuAvgMsPerMP=0.359
[31Aug2026 07:58:32.678] [Render thread/INFO] [Photonics/]: Photonics pass timing v73: group=restir local, passes=[exact local direct], viewport=1311x707, megapixels=0.927, cpuInvocations=298, cpuSubmitAvgMs=0.009, cpuSubmitMaxMs=0.020, gpuSamples=74, gpuAvgMs=0.007, gpuMaxMs=0.007, gpuAvgMsPerMP=0.007
[31Aug2026 07:58:32.696] [Render thread/INFO] [Photonics/]: Photonics pass timing v73: group=restir handheld, passes=[handheld], viewport=1311x707, megapixels=0.927, cpuInvocations=298, cpuSubmitAvgMs=0.012, cpuSubmitMaxMs=0.029, gpuSamples=75, gpuAvgMs=0.010, gpuMaxMs=0.011, gpuAvgMsPerMP=0.011
[31Aug2026 07:58:32.945] [Render thread/INFO] [Photonics/]: Photonics world tracing v138: layoutRevision=58, layoutReason=streaming-or-rebuild, sceneRevision=0, settled=true, compiledSections=2051, trackedSections=2051, batchBuilt=25, batchUnloaded=0, pendingBuilds=0, pendingUnloads=0, ready=true, depth=6, blockBounds=( 8.000E+1  1.280E+2  3.200E+1)..( 4.160E+2  2.240E+2  3.680E+2), treeBounds=( 0.000E+0  0.000E+0  0.000E+0)..( 1.024E+3  1.024E+3  1.024E+3), origin=(-2.560E+2 -1.920E+2 -1.920E+2), sceneChangeBounds=none, boundsSource=compiled, compileMs=63.961
[31Aug2026 07:58:32.945] [Render thread/INFO] [Photonics/]: Photonics memory v72: jvmHeap={usedBytes=4095033768, committedBytes=4810866688, maxBytes=8589934592}, jvmGc={collections=103, timeMs=873}, worldHeap=GpuBufferHeapStats[capacityBytes=536870912, reservedBytes=138405108, liveBytes=138400884, peakLiveBytes=138400980, reusableBytes=4224, allocations=128331, reusedAllocations=16877, frees=16909, failedAllocations=0], paletteHeap=GpuBufferHeapStats[capacityBytes=201326592, reservedBytes=58560, liveBytes=58560, peakLiveBytes=58560, reusableBytes=0, allocations=697, reusedAllocations=87, frees=87, failedAllocations=0], registries={lights=Stats[cachedObjects=1, pendingFreeObjects=0, allocatedObjects=1, failedAllocations=0], palettes=Stats[cachedObjects=610, pendingFreeObjects=0, allocatedObjects=697, failedAllocations=0], blocks=Stats[cachedObjects=1353, pendingFreeObjects=0, allocatedObjects=1437, failedAllocations=0], models=Stats[cachedObjects=29, pendingFreeObjects=0, allocatedObjects=31, failedAllocations=0]}
[31Aug2026 07:58:34.661] [Render thread/INFO] [Photonics/]: Photonics direct reservoir sample v64: samples=120, populated=1, emptyOrBackground=0, visibilityRejected=119, invalid=0, overLegacyCap=9, overTemporalCap=0, totalSamplesRange=32.0..618.5, viewport=1311x707
[31Aug2026 07:58:37.463] [Render thread/INFO] [Photonics/]: Photonics pass timing v73: group=frag data, passes=[frag data], viewport=1311x707, megapixels=0.927, cpuInvocations=299, cpuSubmitAvgMs=0.027, cpuSubmitMaxMs=0.069, gpuSamples=75, gpuAvgMs=0.053, gpuMaxMs=0.054, gpuAvgMsPerMP=0.057
[31Aug2026 07:58:37.464] [Render thread/INFO] [Photonics/]: Photonics frame throughput v78: viewport=1311x707, windowSeconds=5.002, renderedFrames=299, fps=59.779, frameAvgMs=16.728
[31Aug2026 07:58:37.481] [Render thread/INFO] [Photonics/]: Photonics pass timing v73: group=restir direct, passes=[initial direct + visibility], viewport=1311x707, megapixels=0.927, cpuInvocations=299, cpuSubmitAvgMs=0.017, cpuSubmitMaxMs=0.035, gpuSamples=75, gpuAvgMs=0.214, gpuMaxMs=0.215, gpuAvgMsPerMP=0.231
[31Aug2026 07:58:37.514] [Render thread/INFO] [Photonics/]: Photonics pass timing v73: group=restir gi initial, passes=[initial indirect], viewport=1311x707, megapixels=0.927, cpuInvocations=299, cpuSubmitAvgMs=0.009, cpuSubmitMaxMs=0.032, gpuSamples=75, gpuAvgMs=0.994, gpuMaxMs=1.006, gpuAvgMsPerMP=1.072
[31Aug2026 07:58:37.514] [Render thread/INFO] [Photonics/]: Photonics pass timing v73: group=restir gi current state, passes=[capture current GI evaluation state], viewport=1311x707, megapixels=0.927, cpuInvocations=299, cpuSubmitAvgMs=0.005, cpuSubmitMaxMs=0.013, gpuSamples=75, gpuAvgMs=0.030, gpuMaxMs=0.070, gpuAvgMsPerMP=0.032
[31Aug2026 07:58:37.530] [Render thread/INFO] [Photonics/]: Photonics pass timing v73: group=restir temporal, passes=[temporal reuse + tri-state GI classification], viewport=1311x707, megapixels=0.927, cpuInvocations=299, cpuSubmitAvgMs=0.009, cpuSubmitMaxMs=0.022, gpuSamples=75, gpuAvgMs=0.499, gpuMaxMs=0.570, gpuAvgMsPerMP=0.539
[31Aug2026 07:58:37.615] [Render thread/INFO] [Photonics/]: Photonics pass timing v73: group=restir spatial, passes=[spatial reuse/clamp + tri-state GI classification], viewport=1311x707, megapixels=0.927, cpuInvocations=299, cpuSubmitAvgMs=0.008, cpuSubmitMaxMs=0.027, gpuSamples=75, gpuAvgMs=0.118, gpuMaxMs=0.166, gpuAvgMsPerMP=0.127
[31Aug2026 07:58:37.615] [Render thread/INFO] [Photonics/]: Photonics pass timing v73: group=restir diffuse, passes=[diffuse], viewport=1311x707, megapixels=0.927, cpuInvocations=299, cpuSubmitAvgMs=0.008, cpuSubmitMaxMs=0.020, gpuSamples=75, gpuAvgMs=0.161, gpuMaxMs=0.200, gpuAvgMsPerMP=0.174
[31Aug2026 07:58:37.615] [Render thread/INFO] [Photonics/]: Photonics pass timing v73: group=restir GI validity current, passes=[capture current direct/GI validity], viewport=1311x707, megapixels=0.927, cpuInvocations=299, cpuSubmitAvgMs=0.010, cpuSubmitMaxMs=0.086, gpuSamples=75, gpuAvgMs=0.181, gpuMaxMs=0.228, gpuAvgMsPerMP=0.196
[31Aug2026 07:58:37.632] [Render thread/INFO] [Photonics/]: Photonics pass timing v73: group=restir accumulation, passes=[accumulation], viewport=1311x707, megapixels=0.927, cpuInvocations=299, cpuSubmitAvgMs=0.009, cpuSubmitMaxMs=0.023, gpuSamples=74, gpuAvgMs=0.403, gpuMaxMs=0.451, gpuAvgMsPerMP=0.434
[31Aug2026 07:58:37.650] [Render thread/INFO] [Photonics/]: Photonics pass timing v73: group=restir GI validity final, passes=[capture post-accumulation history state], viewport=1311x707, megapixels=0.927, cpuInvocations=299, cpuSubmitAvgMs=0.006, cpuSubmitMaxMs=0.022, gpuSamples=75, gpuAvgMs=0.075, gpuMaxMs=0.127, gpuAvgMsPerMP=0.081
[31Aug2026 07:58:37.664] [Render thread/INFO] [Photonics/]: Photonics pass timing v73: group=svgf variance, passes=[variance prefilter], viewport=1311x707, megapixels=0.927, cpuInvocations=299, cpuSubmitAvgMs=0.004, cpuSubmitMaxMs=0.020, gpuSamples=75, gpuAvgMs=0.561, gpuMaxMs=0.620, gpuAvgMsPerMP=0.606
[31Aug2026 07:58:37.664] [Render thread/INFO] [Photonics/]: Photonics pass timing v73: group=svgf atrous, passes=[atrous iteration], viewport=1311x707, megapixels=0.927, cpuInvocations=1495, cpuSubmitAvgMs=0.003, cpuSubmitMaxMs=0.014, gpuSamples=374, gpuAvgMs=0.359, gpuMaxMs=0.409, gpuAvgMsPerMP=0.387
[31Aug2026 07:58:37.680] [Render thread/INFO] [Photonics/]: Photonics pass timing v73: group=restir local, passes=[exact local direct], viewport=1311x707, megapixels=0.927, cpuInvocations=299, cpuSubmitAvgMs=0.009, cpuSubmitMaxMs=0.022, gpuSamples=75, gpuAvgMs=0.007, gpuMaxMs=0.007, gpuAvgMsPerMP=0.007
[31Aug2026 07:58:37.698] [Render thread/INFO] [Photonics/]: Photonics pass timing v73: group=restir handheld, passes=[handheld], viewport=1311x707, megapixels=0.927, cpuInvocations=299, cpuSubmitAvgMs=0.011, cpuSubmitMaxMs=0.034, gpuSamples=74, gpuAvgMs=0.010, gpuMaxMs=0.011, gpuAvgMsPerMP=0.011
[31Aug2026 07:58:42.465] [Render thread/INFO] [Photonics/]: Photonics pass timing v73: group=frag data, passes=[frag data], viewport=1311x707, megapixels=0.927, cpuInvocations=298, cpuSubmitAvgMs=0.029, cpuSubmitMaxMs=0.100, gpuSamples=74, gpuAvgMs=0.053, gpuMaxMs=0.054, gpuAvgMsPerMP=0.057
[31Aug2026 07:58:42.465] [Render thread/INFO] [Photonics/]: Photonics frame throughput v78: viewport=1311x707, windowSeconds=5.001, renderedFrames=298, fps=59.584, frameAvgMs=16.783
[31Aug2026 07:58:42.482] [Render thread/INFO] [Photonics/]: Photonics pass timing v73: group=restir direct, passes=[initial direct + visibility], viewport=1311x707, megapixels=0.927, cpuInvocations=298, cpuSubmitAvgMs=0.018, cpuSubmitMaxMs=0.057, gpuSamples=75, gpuAvgMs=0.214, gpuMaxMs=0.215, gpuAvgMsPerMP=0.231
[31Aug2026 07:58:42.531] [Render thread/INFO] [Photonics/]: Photonics pass timing v73: group=restir gi initial, passes=[initial indirect], viewport=1311x707, megapixels=0.927, cpuInvocations=299, cpuSubmitAvgMs=0.009, cpuSubmitMaxMs=0.031, gpuSamples=74, gpuAvgMs=0.995, gpuMaxMs=1.011, gpuAvgMsPerMP=1.074
[31Aug2026 07:58:42.531] [Render thread/INFO] [Photonics/]: Photonics pass timing v73: group=restir gi current state, passes=[capture current GI evaluation state], viewport=1311x707, megapixels=0.927, cpuInvocations=299, cpuSubmitAvgMs=0.005, cpuSubmitMaxMs=0.014, gpuSamples=74, gpuAvgMs=0.029, gpuMaxMs=0.094, gpuAvgMsPerMP=0.031
[31Aug2026 07:58:42.531] [Render thread/INFO] [Photonics/]: Photonics pass timing v73: group=restir temporal, passes=[temporal reuse + tri-state GI classification], viewport=1311x707, megapixels=0.927, cpuInvocations=298, cpuSubmitAvgMs=0.010, cpuSubmitMaxMs=0.022, gpuSamples=74, gpuAvgMs=0.484, gpuMaxMs=0.499, gpuAvgMsPerMP=0.522
[31Aug2026 07:58:42.615] [Render thread/INFO] [Photonics/]: Photonics pass timing v73: group=restir spatial, passes=[spatial reuse/clamp + tri-state GI classification], viewport=1311x707, megapixels=0.927, cpuInvocations=298, cpuSubmitAvgMs=0.008, cpuSubmitMaxMs=0.022, gpuSamples=75, gpuAvgMs=0.119, gpuMaxMs=0.158, gpuAvgMsPerMP=0.128
[31Aug2026 07:58:42.616] [Render thread/INFO] [Photonics/]: Photonics pass timing v73: group=restir diffuse, passes=[diffuse], viewport=1311x707, megapixels=0.927, cpuInvocations=298, cpuSubmitAvgMs=0.008, cpuSubmitMaxMs=0.018, gpuSamples=75, gpuAvgMs=0.161, gpuMaxMs=0.199, gpuAvgMsPerMP=0.174
[31Aug2026 07:58:42.616] [Render thread/INFO] [Photonics/]: Photonics pass timing v73: group=restir GI validity current, passes=[capture current direct/GI validity], viewport=1311x707, megapixels=0.927, cpuInvocations=298, cpuSubmitAvgMs=0.009, cpuSubmitMaxMs=0.021, gpuSamples=75, gpuAvgMs=0.183, gpuMaxMs=0.228, gpuAvgMsPerMP=0.198
[31Aug2026 07:58:42.649] [Render thread/INFO] [Photonics/]: Photonics pass timing v73: group=restir accumulation, passes=[accumulation], viewport=1311x707, megapixels=0.927, cpuInvocations=299, cpuSubmitAvgMs=0.009, cpuSubmitMaxMs=0.020, gpuSamples=75, gpuAvgMs=0.399, gpuMaxMs=0.449, gpuAvgMsPerMP=0.430
[31Aug2026 07:58:42.665] [Render thread/INFO] [Photonics/]: Photonics pass timing v73: group=restir GI validity final, passes=[capture post-accumulation history state], viewport=1311x707, megapixels=0.927, cpuInvocations=299, cpuSubmitAvgMs=0.007, cpuSubmitMaxMs=0.020, gpuSamples=74, gpuAvgMs=0.074, gpuMaxMs=0.131, gpuAvgMsPerMP=0.080
[31Aug2026 07:58:42.665] [Render thread/INFO] [Photonics/]: Photonics pass timing v73: group=svgf variance, passes=[variance prefilter], viewport=1311x707, megapixels=0.927, cpuInvocations=298, cpuSubmitAvgMs=0.004, cpuSubmitMaxMs=0.011, gpuSamples=74, gpuAvgMs=0.567, gpuMaxMs=0.621, gpuAvgMsPerMP=0.612
[31Aug2026 07:58:42.665] [Render thread/INFO] [Photonics/]: Photonics pass timing v73: group=svgf atrous, passes=[atrous iteration], viewport=1311x707, megapixels=0.927, cpuInvocations=1490, cpuSubmitAvgMs=0.003, cpuSubmitMaxMs=0.014, gpuSamples=372, gpuAvgMs=0.359, gpuMaxMs=0.457, gpuAvgMsPerMP=0.387
[31Aug2026 07:58:42.682] [Render thread/INFO] [Photonics/]: Photonics pass timing v73: group=restir local, passes=[exact local direct], viewport=1311x707, megapixels=0.927, cpuInvocations=298, cpuSubmitAvgMs=0.008, cpuSubmitMaxMs=0.018, gpuSamples=75, gpuAvgMs=0.007, gpuMaxMs=0.007, gpuAvgMsPerMP=0.007
[31Aug2026 07:58:42.698] [Render thread/INFO] [Photonics/]: Photonics direct reservoir sample v64: samples=120, populated=1, emptyOrBackground=0, visibilityRejected=119, invalid=0, overLegacyCap=0, overTemporalCap=0, totalSamplesRange=32.0..128.0, viewport=1311x707
[31Aug2026 07:58:42.699] [Render thread/INFO] [Photonics/]: Photonics pass timing v73: group=restir handheld, passes=[handheld], viewport=1311x707, megapixels=0.927, cpuInvocations=298, cpuSubmitAvgMs=0.011, cpuSubmitMaxMs=0.032, gpuSamples=75, gpuAvgMs=0.010, gpuMaxMs=0.011, gpuAvgMsPerMP=0.011
[31Aug2026 07:58:47.469] [Render thread/INFO] [Photonics/]: Photonics pass timing v73: group=frag data, passes=[frag data], viewport=1311x707, megapixels=0.927, cpuInvocations=296, cpuSubmitAvgMs=0.029, cpuSubmitMaxMs=0.073, gpuSamples=74, gpuAvgMs=0.053, gpuMaxMs=0.054, gpuAvgMsPerMP=0.057
[31Aug2026 07:58:47.469] [Render thread/INFO] [Photonics/]: Photonics frame throughput v78: viewport=1311x707, windowSeconds=5.004, renderedFrames=296, fps=59.150, frameAvgMs=16.906
[31Aug2026 07:58:47.486] [Render thread/INFO] [Photonics/]: Photonics pass timing v73: group=restir direct, passes=[initial direct + visibility], viewport=1311x707, megapixels=0.927, cpuInvocations=296, cpuSubmitAvgMs=0.019, cpuSubmitMaxMs=0.043, gpuSamples=74, gpuAvgMs=0.204, gpuMaxMs=0.215, gpuAvgMsPerMP=0.220
[31Aug2026 07:58:47.536] [Render thread/INFO] [Photonics/]: Photonics pass timing v73: group=restir gi initial, passes=[initial indirect], viewport=1311x707, megapixels=0.927, cpuInvocations=296, cpuSubmitAvgMs=0.009, cpuSubmitMaxMs=0.054, gpuSamples=74, gpuAvgMs=0.957, gpuMaxMs=1.008, gpuAvgMsPerMP=1.033
[31Aug2026 07:58:47.536] [Render thread/INFO] [Photonics/]: Photonics pass timing v73: group=restir gi current state, passes=[capture current GI evaluation state], viewport=1311x707, megapixels=0.927, cpuInvocations=296, cpuSubmitAvgMs=0.005, cpuSubmitMaxMs=0.011, gpuSamples=74, gpuAvgMs=0.027, gpuMaxMs=0.029, gpuAvgMsPerMP=0.029
[31Aug2026 07:58:47.536] [Render thread/INFO] [Photonics/]: Photonics pass timing v73: group=restir temporal, passes=[temporal reuse + tri-state GI classification], viewport=1311x707, megapixels=0.927, cpuInvocations=296, cpuSubmitAvgMs=0.010, cpuSubmitMaxMs=0.041, gpuSamples=74, gpuAvgMs=0.483, gpuMaxMs=0.557, gpuAvgMsPerMP=0.521
[31Aug2026 07:58:47.620] [Render thread/INFO] [Photonics/]: Photonics pass timing v73: group=restir spatial, passes=[spatial reuse/clamp + tri-state GI classification], viewport=1311x707, megapixels=0.927, cpuInvocations=296, cpuSubmitAvgMs=0.008, cpuSubmitMaxMs=0.025, gpuSamples=74, gpuAvgMs=0.110, gpuMaxMs=0.138, gpuAvgMsPerMP=0.119
[31Aug2026 07:58:47.621] [Render thread/INFO] [Photonics/]: Photonics pass timing v73: group=restir diffuse, passes=[diffuse], viewport=1311x707, megapixels=0.927, cpuInvocations=296, cpuSubmitAvgMs=0.008, cpuSubmitMaxMs=0.016, gpuSamples=74, gpuAvgMs=0.153, gpuMaxMs=0.161, gpuAvgMsPerMP=0.165
[31Aug2026 07:58:47.621] [Render thread/INFO] [Photonics/]: Photonics pass timing v73: group=restir GI validity current, passes=[capture current direct/GI validity], viewport=1311x707, megapixels=0.927, cpuInvocations=296, cpuSubmitAvgMs=0.010, cpuSubmitMaxMs=0.026, gpuSamples=74, gpuAvgMs=0.172, gpuMaxMs=0.221, gpuAvgMsPerMP=0.185
[31Aug2026 07:58:47.654] [Render thread/INFO] [Photonics/]: Photonics pass timing v73: group=restir accumulation, passes=[accumulation], viewport=1311x707, megapixels=0.927, cpuInvocations=296, cpuSubmitAvgMs=0.010, cpuSubmitMaxMs=0.020, gpuSamples=74, gpuAvgMs=0.382, gpuMaxMs=0.446, gpuAvgMsPerMP=0.412
[31Aug2026 07:58:47.669] [Render thread/INFO] [Photonics/]: Photonics pass timing v73: group=restir GI validity final, passes=[capture post-accumulation history state], viewport=1311x707, megapixels=0.927, cpuInvocations=296, cpuSubmitAvgMs=0.007, cpuSubmitMaxMs=0.042, gpuSamples=74, gpuAvgMs=0.070, gpuMaxMs=0.107, gpuAvgMsPerMP=0.076
[31Aug2026 07:58:47.669] [Render thread/INFO] [Photonics/]: Photonics pass timing v73: group=svgf variance, passes=[variance prefilter], viewport=1311x707, megapixels=0.927, cpuInvocations=296, cpuSubmitAvgMs=0.004, cpuSubmitMaxMs=0.015, gpuSamples=74, gpuAvgMs=0.540, gpuMaxMs=0.625, gpuAvgMsPerMP=0.583
[31Aug2026 07:58:47.669] [Render thread/INFO] [Photonics/]: Photonics pass timing v73: group=svgf atrous, passes=[atrous iteration], viewport=1311x707, megapixels=0.927, cpuInvocations=1480, cpuSubmitAvgMs=0.003, cpuSubmitMaxMs=0.011, gpuSamples=370, gpuAvgMs=0.350, gpuMaxMs=0.456, gpuAvgMsPerMP=0.377
[31Aug2026 07:58:47.687] [Render thread/INFO] [Photonics/]: Photonics pass timing v73: group=restir local, passes=[exact local direct], viewport=1311x707, megapixels=0.927, cpuInvocations=296, cpuSubmitAvgMs=0.008, cpuSubmitMaxMs=0.016, gpuSamples=74, gpuAvgMs=0.007, gpuMaxMs=0.007, gpuAvgMsPerMP=0.007
[31Aug2026 07:58:47.705] [Render thread/INFO] [Photonics/]: Photonics pass timing v73: group=restir handheld, passes=[handheld], viewport=1311x707, megapixels=0.927, cpuInvocations=296, cpuSubmitAvgMs=0.011, cpuSubmitMaxMs=0.026, gpuSamples=74, gpuAvgMs=0.010, gpuMaxMs=0.011, gpuAvgMsPerMP=0.011
[31Aug2026 07:58:50.806] [Render thread/INFO] [Photonics/]: Photonics direct reservoir sample v64: samples=120, populated=0, emptyOrBackground=1, visibilityRejected=119, invalid=0, overLegacyCap=4, overTemporalCap=4, totalSamplesRange=32.0..697.5, viewport=1311x707
[31Aug2026 07:58:51.142] [Photonics Light List Compiler/INFO] [Photonics/]: Photonics light-list publication v88: coalescedBatches=6, peakPendingSections=115, remainingSections=0, deferredMs=23.118
[31Aug2026 07:58:51.202] [Render thread/INFO] [Photonics/]: Photonics world tracing v138: layoutRevision=59, layoutReason=section-unload, sceneRevision=0, settled=false, compiledSections=1907, trackedSections=2010, batchBuilt=0, batchUnloaded=144, pendingBuilds=48, pendingUnloads=0, ready=true, depth=6, blockBounds=( 8.000E+1  1.280E+2  4.800E+1)..( 4.160E+2  2.240E+2  3.680E+2), treeBounds=( 0.000E+0  0.000E+0  0.000E+0)..( 1.024E+3  1.024E+3  1.024E+3), origin=(-2.560E+2 -1.920E+2 -1.920E+2), sceneChangeBounds=none, boundsSource=compiled, compileMs=84.252
[31Aug2026 07:58:52.470] [Render thread/INFO] [Photonics/]: Photonics pass timing v73: group=frag data, passes=[frag data], viewport=1311x707, megapixels=0.927, cpuInvocations=297, cpuSubmitAvgMs=0.033, cpuSubmitMaxMs=0.070, gpuSamples=75, gpuAvgMs=0.051, gpuMaxMs=0.057, gpuAvgMsPerMP=0.055
[31Aug2026 07:58:52.471] [Render thread/INFO] [Photonics/]: Photonics frame throughput v78: viewport=1311x707, windowSeconds=5.001, renderedFrames=297, fps=59.383, frameAvgMs=16.840
[31Aug2026 07:58:52.487] [Render thread/INFO] [Photonics/]: Photonics pass timing v73: group=restir direct, passes=[initial direct + visibility], viewport=1311x707, megapixels=0.927, cpuInvocations=297, cpuSubmitAvgMs=0.022, cpuSubmitMaxMs=0.052, gpuSamples=74, gpuAvgMs=0.256, gpuMaxMs=0.281, gpuAvgMsPerMP=0.277
[31Aug2026 07:58:52.538] [Render thread/INFO] [Photonics/]: Photonics pass timing v73: group=restir gi initial, passes=[initial indirect], viewport=1311x707, megapixels=0.927, cpuInvocations=297, cpuSubmitAvgMs=0.010, cpuSubmitMaxMs=0.041, gpuSamples=75, gpuAvgMs=0.865, gpuMaxMs=0.999, gpuAvgMsPerMP=0.933
[31Aug2026 07:58:52.538] [Render thread/INFO] [Photonics/]: Photonics pass timing v73: group=restir gi current state, passes=[capture current GI evaluation state], viewport=1311x707, megapixels=0.927, cpuInvocations=297, cpuSubmitAvgMs=0.006, cpuSubmitMaxMs=0.017, gpuSamples=75, gpuAvgMs=0.025, gpuMaxMs=0.028, gpuAvgMsPerMP=0.027
[31Aug2026 07:58:52.538] [Render thread/INFO] [Photonics/]: Photonics pass timing v73: group=restir temporal, passes=[temporal reuse + tri-state GI classification], viewport=1311x707, megapixels=0.927, cpuInvocations=297, cpuSubmitAvgMs=0.011, cpuSubmitMaxMs=0.025, gpuSamples=75, gpuAvgMs=0.526, gpuMaxMs=0.665, gpuAvgMsPerMP=0.567
[31Aug2026 07:58:52.621] [Render thread/INFO] [Photonics/]: Photonics pass timing v73: group=restir spatial, passes=[spatial reuse/clamp + tri-state GI classification], viewport=1311x707, megapixels=0.927, cpuInvocations=297, cpuSubmitAvgMs=0.010, cpuSubmitMaxMs=0.025, gpuSamples=74, gpuAvgMs=0.095, gpuMaxMs=0.129, gpuAvgMsPerMP=0.102
[31Aug2026 07:58:52.621] [Render thread/INFO] [Photonics/]: Photonics pass timing v73: group=restir diffuse, passes=[diffuse], viewport=1311x707, megapixels=0.927, cpuInvocations=297, cpuSubmitAvgMs=0.009, cpuSubmitMaxMs=0.024, gpuSamples=74, gpuAvgMs=0.218, gpuMaxMs=0.246, gpuAvgMsPerMP=0.235
[31Aug2026 07:58:52.621] [Render thread/INFO] [Photonics/]: Photonics pass timing v73: group=restir GI validity current, passes=[capture current direct/GI validity], viewport=1311x707, megapixels=0.927, cpuInvocations=297, cpuSubmitAvgMs=0.012, cpuSubmitMaxMs=0.031, gpuSamples=74, gpuAvgMs=0.149, gpuMaxMs=0.180, gpuAvgMsPerMP=0.160
[31Aug2026 07:58:52.656] [Render thread/INFO] [Photonics/]: Photonics pass timing v73: group=restir accumulation, passes=[accumulation], viewport=1311x707, megapixels=0.927, cpuInvocations=297, cpuSubmitAvgMs=0.011, cpuSubmitMaxMs=0.021, gpuSamples=74, gpuAvgMs=0.353, gpuMaxMs=0.408, gpuAvgMsPerMP=0.381
[31Aug2026 07:58:52.672] [Render thread/INFO] [Photonics/]: Photonics pass timing v73: group=restir GI validity final, passes=[capture post-accumulation history state], viewport=1311x707, megapixels=0.927, cpuInvocations=297, cpuSubmitAvgMs=0.007, cpuSubmitMaxMs=0.020, gpuSamples=75, gpuAvgMs=0.064, gpuMaxMs=0.110, gpuAvgMsPerMP=0.069
[31Aug2026 07:58:52.672] [Render thread/INFO] [Photonics/]: Photonics pass timing v73: group=svgf variance, passes=[variance prefilter], viewport=1311x707, megapixels=0.927, cpuInvocations=297, cpuSubmitAvgMs=0.004, cpuSubmitMaxMs=0.010, gpuSamples=75, gpuAvgMs=0.496, gpuMaxMs=0.572, gpuAvgMsPerMP=0.535
[31Aug2026 07:58:52.672] [Render thread/INFO] [Photonics/]: Photonics pass timing v73: group=svgf atrous, passes=[atrous iteration], viewport=1311x707, megapixels=0.927, cpuInvocations=1485, cpuSubmitAvgMs=0.003, cpuSubmitMaxMs=0.017, gpuSamples=372, gpuAvgMs=0.320, gpuMaxMs=0.404, gpuAvgMsPerMP=0.345
[31Aug2026 07:58:52.687] [Render thread/INFO] [Photonics/]: Photonics pass timing v73: group=restir local, passes=[exact local direct], viewport=1311x707, megapixels=0.927, cpuInvocations=297, cpuSubmitAvgMs=0.010, cpuSubmitMaxMs=0.022, gpuSamples=74, gpuAvgMs=0.007, gpuMaxMs=0.007, gpuAvgMsPerMP=0.007
[31Aug2026 07:58:52.705] [Render thread/INFO] [Photonics/]: Photonics pass timing v73: group=restir handheld, passes=[handheld], viewport=1311x707, megapixels=0.927, cpuInvocations=297, cpuSubmitAvgMs=0.013, cpuSubmitMaxMs=0.040, gpuSamples=74, gpuAvgMs=0.010, gpuMaxMs=0.011, gpuAvgMsPerMP=0.011
[31Aug2026 07:58:53.437] [Render thread/INFO] [Photonics/]: Photonics world tracing v138: layoutRevision=62, layoutReason=streaming-or-rebuild, sceneRevision=0, settled=true, compiledSections=2010, trackedSections=2010, batchBuilt=7, batchUnloaded=0, pendingBuilds=0, pendingUnloads=0, ready=true, depth=6, blockBounds=( 8.000E+1  1.280E+2  4.800E+1)..( 4.160E+2  2.240E+2  3.840E+2), treeBounds=( 0.000E+0  0.000E+0  0.000E+0)..( 1.024E+3  1.024E+3  1.024E+3), origin=(-2.560E+2 -1.920E+2 -1.920E+2), sceneChangeBounds=none, boundsSource=compiled, compileMs=43.227
[31Aug2026 07:58:53.438] [Render thread/INFO] [Photonics/]: Photonics memory v72: jvmHeap={usedBytes=2192935600, committedBytes=4810866688, maxBytes=8589934592}, jvmGc={collections=107, timeMs=918}, worldHeap=GpuBufferHeapStats[capacityBytes=536870912, reservedBytes=138405108, liveBytes=135754356, peakLiveBytes=138400980, reusableBytes=2650752, allocations=133881, reusedAllocations=22427, frees=24545, failedAllocations=0], paletteHeap=GpuBufferHeapStats[capacityBytes=201326592, reservedBytes=58560, liveBytes=58560, peakLiveBytes=58560, reusableBytes=0, allocations=697, reusedAllocations=87, frees=87, failedAllocations=0], registries={lights=Stats[cachedObjects=1, pendingFreeObjects=0, allocatedObjects=1, failedAllocations=0], palettes=Stats[cachedObjects=610, pendingFreeObjects=0, allocatedObjects=697, failedAllocations=0], blocks=Stats[cachedObjects=1353, pendingFreeObjects=0, allocatedObjects=1437, failedAllocations=0], models=Stats[cachedObjects=29, pendingFreeObjects=0, allocatedObjects=31, failedAllocations=0]}
[31Aug2026 07:58:53.693] [Photonics Light List Compiler/INFO] [Photonics/]: Photonics light candidates v18: eligible=22, selected=22, maxLights=4000, lightSections=10, capped=false
[31Aug2026 07:58:53.693] [Photonics Light List Compiler/INFO] [Photonics/]: Photonics light-list publication v88: coalescedBatches=4, peakPendingSections=114, remainingSections=0, deferredMs=27.064
[31Aug2026 07:58:53.704] [Render thread/INFO] [Photonics/]: Photonics light list pending: 87 -> 22
[31Aug2026 07:58:53.719] [Render thread/INFO] [Photonics/]: Photonics world tracing v138: layoutRevision=63, layoutReason=section-unload, sceneRevision=0, settled=false, compiledSections=1909, trackedSections=2014, batchBuilt=0, batchUnloaded=101, pendingBuilds=35, pendingUnloads=0, ready=true, depth=6, blockBounds=( 8.000E+1  1.280E+2  6.400E+1)..( 4.160E+2  2.240E+2  3.840E+2), treeBounds=( 0.000E+0  0.000E+0  0.000E+0)..( 1.024E+3  1.024E+3  1.024E+3), origin=(-2.560E+2 -1.920E+2 -1.920E+2), sceneChangeBounds=none, boundsSource=compiled, compileMs=56.780
[31Aug2026 07:58:55.147] [Photonics Light List Compiler/INFO] [Photonics/]: Photonics light candidates v18: eligible=87, selected=87, maxLights=4000, lightSections=11, capped=false
[31Aug2026 07:58:55.147] [Photonics Light List Compiler/INFO] [Photonics/]: Photonics light-list publication v88: coalescedBatches=5, peakPendingSections=108, remainingSections=0, deferredMs=33.177
[31Aug2026 07:58:55.170] [Render thread/INFO] [Photonics/]: Photonics light list pending: 22 -> 87
[31Aug2026 07:58:55.203] [Render thread/INFO] [Photonics/]: Photonics world tracing v138: layoutRevision=67, layoutReason=section-unload, sceneRevision=0, settled=false, compiledSections=1909, trackedSections=2010, batchBuilt=0, batchUnloaded=105, pendingBuilds=58, pendingUnloads=0, ready=true, depth=6, blockBounds=( 8.000E+1  1.280E+2  6.400E+1)..( 4.160E+2  2.240E+2  3.840E+2), treeBounds=( 0.000E+0  0.000E+0  0.000E+0)..( 1.024E+3  1.024E+3  1.024E+3), origin=(-2.560E+2 -1.920E+2 -1.920E+2), sceneChangeBounds=none, boundsSource=compiled, compileMs=86.213
[31Aug2026 07:58:57.440] [Render thread/INFO] [Photonics/]: Photonics world tracing v138: layoutRevision=70, layoutReason=streaming-or-rebuild, sceneRevision=0, settled=true, compiledSections=2010, trackedSections=2010, batchBuilt=5, batchUnloaded=0, pendingBuilds=0, pendingUnloads=0, ready=true, depth=6, blockBounds=( 8.000E+1  1.280E+2  4.800E+1)..( 4.160E+2  2.240E+2  3.840E+2), treeBounds=( 0.000E+0  0.000E+0  0.000E+0)..( 1.024E+3  1.024E+3  1.024E+3), origin=(-2.560E+2 -1.920E+2 -1.920E+2), sceneChangeBounds=none, boundsSource=compiled, compileMs=40.837
[31Aug2026 07:58:57.441] [Render thread/INFO] [Photonics/]: Photonics memory v72: jvmHeap={usedBytes=2370108880, committedBytes=4810866688, maxBytes=8589934592}, jvmGc={collections=108, timeMs=935}, worldHeap=GpuBufferHeapStats[capacityBytes=536870912, reservedBytes=138407348, liveBytes=135754452, peakLiveBytes=138400980, reusableBytes=2652896, allocations=144952, reusedAllocations=33484, frees=35616, failedAllocations=0], paletteHeap=GpuBufferHeapStats[capacityBytes=201326592, reservedBytes=58560, liveBytes=58560, peakLiveBytes=58560, reusableBytes=0, allocations=697, reusedAllocations=87, frees=87, failedAllocations=0], registries={lights=Stats[cachedObjects=1, pendingFreeObjects=0, allocatedObjects=1, failedAllocations=0], palettes=Stats[cachedObjects=610, pendingFreeObjects=0, allocatedObjects=697, failedAllocations=0], blocks=Stats[cachedObjects=1353, pendingFreeObjects=0, allocatedObjects=1437, failedAllocations=0], models=Stats[cachedObjects=29, pendingFreeObjects=0, allocatedObjects=31, failedAllocations=0]}
[31Aug2026 07:58:57.473] [Render thread/INFO] [Photonics/]: Photonics pass timing v73: group=frag data, passes=[frag data], viewport=1311x707, megapixels=0.927, cpuInvocations=298, cpuSubmitAvgMs=0.028, cpuSubmitMaxMs=0.071, gpuSamples=74, gpuAvgMs=0.050, gpuMaxMs=0.054, gpuAvgMsPerMP=0.054
[31Aug2026 07:58:57.473] [Render thread/INFO] [Photonics/]: Photonics frame throughput v78: viewport=1311x707, windowSeconds=5.003, renderedFrames=298, fps=59.565, frameAvgMs=16.788
[31Aug2026 07:58:57.491] [Render thread/INFO] [Photonics/]: Photonics pass timing v73: group=restir direct, passes=[initial direct + visibility], viewport=1311x707, megapixels=0.927, cpuInvocations=298, cpuSubmitAvgMs=0.018, cpuSubmitMaxMs=0.040, gpuSamples=74, gpuAvgMs=0.201, gpuMaxMs=0.257, gpuAvgMsPerMP=0.217
[31Aug2026 07:58:57.541] [Render thread/INFO] [Photonics/]: Photonics pass timing v73: group=restir gi initial, passes=[initial indirect], viewport=1311x707, megapixels=0.927, cpuInvocations=298, cpuSubmitAvgMs=0.009, cpuSubmitMaxMs=0.028, gpuSamples=74, gpuAvgMs=0.835, gpuMaxMs=0.987, gpuAvgMsPerMP=0.901
[31Aug2026 07:58:57.541] [Render thread/INFO] [Photonics/]: Photonics pass timing v73: group=restir gi current state, passes=[capture current GI evaluation state], viewport=1311x707, megapixels=0.927, cpuInvocations=298, cpuSubmitAvgMs=0.005, cpuSubmitMaxMs=0.016, gpuSamples=74, gpuAvgMs=0.025, gpuMaxMs=0.028, gpuAvgMsPerMP=0.026
[31Aug2026 07:58:57.541] [Render thread/INFO] [Photonics/]: Photonics pass timing v73: group=restir temporal, passes=[temporal reuse + tri-state GI classification], viewport=1311x707, megapixels=0.927, cpuInvocations=298, cpuSubmitAvgMs=0.010, cpuSubmitMaxMs=0.038, gpuSamples=74, gpuAvgMs=0.483, gpuMaxMs=0.663, gpuAvgMsPerMP=0.521
[31Aug2026 07:58:57.624] [Render thread/INFO] [Photonics/]: Photonics pass timing v73: group=restir spatial, passes=[spatial reuse/clamp + tri-state GI classification], viewport=1311x707, megapixels=0.927, cpuInvocations=298, cpuSubmitAvgMs=0.008, cpuSubmitMaxMs=0.032, gpuSamples=74, gpuAvgMs=0.091, gpuMaxMs=0.118, gpuAvgMsPerMP=0.098
[31Aug2026 07:58:57.624] [Render thread/INFO] [Photonics/]: Photonics pass timing v73: group=restir diffuse, passes=[diffuse], viewport=1311x707, megapixels=0.927, cpuInvocations=298, cpuSubmitAvgMs=0.008, cpuSubmitMaxMs=0.023, gpuSamples=74, gpuAvgMs=0.160, gpuMaxMs=0.215, gpuAvgMsPerMP=0.173
[31Aug2026 07:58:57.624] [Render thread/INFO] [Photonics/]: Photonics pass timing v73: group=restir GI validity current, passes=[capture current direct/GI validity], viewport=1311x707, megapixels=0.927, cpuInvocations=298, cpuSubmitAvgMs=0.010, cpuSubmitMaxMs=0.032, gpuSamples=74, gpuAvgMs=0.148, gpuMaxMs=0.195, gpuAvgMsPerMP=0.160
[31Aug2026 07:58:57.659] [Render thread/INFO] [Photonics/]: Photonics pass timing v73: group=restir accumulation, passes=[accumulation], viewport=1311x707, megapixels=0.927, cpuInvocations=298, cpuSubmitAvgMs=0.009, cpuSubmitMaxMs=0.022, gpuSamples=75, gpuAvgMs=0.345, gpuMaxMs=0.457, gpuAvgMsPerMP=0.372
[31Aug2026 07:58:57.675] [Render thread/INFO] [Photonics/]: Photonics pass timing v73: group=restir GI validity final, passes=[capture post-accumulation history state], viewport=1311x707, megapixels=0.927, cpuInvocations=298, cpuSubmitAvgMs=0.007, cpuSubmitMaxMs=0.020, gpuSamples=74, gpuAvgMs=0.065, gpuMaxMs=0.110, gpuAvgMsPerMP=0.070
[31Aug2026 07:58:57.675] [Render thread/INFO] [Photonics/]: Photonics pass timing v73: group=svgf variance, passes=[variance prefilter], viewport=1311x707, megapixels=0.927, cpuInvocations=298, cpuSubmitAvgMs=0.004, cpuSubmitMaxMs=0.014, gpuSamples=74, gpuAvgMs=0.467, gpuMaxMs=0.605, gpuAvgMsPerMP=0.504
[31Aug2026 07:58:57.675] [Render thread/INFO] [Photonics/]: Photonics pass timing v73: group=svgf atrous, passes=[atrous iteration], viewport=1311x707, megapixels=0.927, cpuInvocations=1490, cpuSubmitAvgMs=0.003, cpuSubmitMaxMs=0.015, gpuSamples=372, gpuAvgMs=0.311, gpuMaxMs=0.402, gpuAvgMsPerMP=0.335
[31Aug2026 07:58:57.692] [Render thread/INFO] [Photonics/]: Photonics pass timing v73: group=restir local, passes=[exact local direct], viewport=1311x707, megapixels=0.927, cpuInvocations=298, cpuSubmitAvgMs=0.009, cpuSubmitMaxMs=0.019, gpuSamples=74, gpuAvgMs=0.007, gpuMaxMs=0.008, gpuAvgMsPerMP=0.007
[31Aug2026 07:58:57.709] [Render thread/INFO] [Photonics/]: Photonics pass timing v73: group=restir handheld, passes=[handheld], viewport=1311x707, megapixels=0.927, cpuInvocations=298, cpuSubmitAvgMs=0.011, cpuSubmitMaxMs=0.027, gpuSamples=75, gpuAvgMs=0.010, gpuMaxMs=0.011, gpuAvgMsPerMP=0.011
[31Aug2026 07:58:58.859] [Render thread/INFO] [Photonics/]: Photonics direct reservoir sample v64: samples=120, populated=0, emptyOrBackground=30, visibilityRejected=90, invalid=0, overLegacyCap=24, overTemporalCap=3, totalSamplesRange=32.0..677.5, viewport=1311x707
[31Aug2026 07:58:59.077] [Photonics Light List Compiler/INFO] [Photonics/]: Photonics light-list publication v88: coalescedBatches=5, peakPendingSections=111, remainingSections=0, deferredMs=25.552
[31Aug2026 07:58:59.106] [Render thread/INFO] [Photonics/]: Photonics world tracing v138: layoutRevision=71, layoutReason=section-unload, sceneRevision=0, settled=false, compiledSections=1907, trackedSections=2011, batchBuilt=0, batchUnloaded=103, pendingBuilds=35, pendingUnloads=0, ready=true, depth=6, blockBounds=( 8.000E+1  1.280E+2  4.800E+1)..( 4.160E+2  2.240E+2  3.680E+2), treeBounds=( 0.000E+0  0.000E+0  0.000E+0)..( 1.024E+3  1.024E+3  1.024E+3), origin=(-2.560E+2 -1.920E+2 -1.920E+2), sceneChangeBounds=none, boundsSource=compiled, compileMs=52.380
[31Aug2026 07:59:00.602] [Photonics Light List Compiler/INFO] [Photonics/]: Photonics light-list publication v88: coalescedBatches=3, peakPendingSections=60, remainingSections=0, deferredMs=5.284
[31Aug2026 07:59:00.621] [Photonics Light List Compiler/INFO] [Photonics/]: Photonics light-list publication v88: coalescedBatches=7, peakPendingSections=75, remainingSections=0, deferredMs=12.081
[31Aug2026 07:59:00.658] [Render thread/INFO] [Photonics/]: Photonics world tracing v138: layoutRevision=75, layoutReason=streaming-or-rebuild, sceneRevision=0, settled=false, compiledSections=2012, trackedSections=2051, batchBuilt=1, batchUnloaded=0, pendingBuilds=13, pendingUnloads=0, ready=true, depth=6, blockBounds=( 8.000E+1  1.280E+2  3.200E+1)..( 4.160E+2  2.240E+2  3.680E+2), treeBounds=( 0.000E+0  0.000E+0  0.000E+0)..( 1.024E+3  1.024E+3  1.024E+3), origin=(-2.560E+2 -1.920E+2 -1.920E+2), sceneChangeBounds=none, boundsSource=compiled, compileMs=51.471
[31Aug2026 07:59:02.476] [Render thread/INFO] [Photonics/]: Photonics pass timing v73: group=frag data, passes=[frag data], viewport=1311x707, megapixels=0.927, cpuInvocations=299, cpuSubmitAvgMs=0.028, cpuSubmitMaxMs=0.085, gpuSamples=75, gpuAvgMs=0.050, gpuMaxMs=0.085, gpuAvgMsPerMP=0.054
[31Aug2026 07:59:02.477] [Render thread/INFO] [Photonics/]: Photonics frame throughput v78: viewport=1311x707, windowSeconds=5.003, renderedFrames=299, fps=59.763, frameAvgMs=16.733
[31Aug2026 07:59:02.494] [Render thread/INFO] [Photonics/]: Photonics pass timing v73: group=restir direct, passes=[initial direct + visibility], viewport=1311x707, megapixels=0.927, cpuInvocations=299, cpuSubmitAvgMs=0.019, cpuSubmitMaxMs=0.048, gpuSamples=75, gpuAvgMs=0.195, gpuMaxMs=0.273, gpuAvgMsPerMP=0.210
[31Aug2026 07:59:02.561] [Render thread/INFO] [Photonics/]: Photonics pass timing v73: group=restir gi initial, passes=[initial indirect], viewport=1311x707, megapixels=0.927, cpuInvocations=299, cpuSubmitAvgMs=0.009, cpuSubmitMaxMs=0.029, gpuSamples=75, gpuAvgMs=0.782, gpuMaxMs=1.015, gpuAvgMsPerMP=0.844
[31Aug2026 07:59:02.561] [Render thread/INFO] [Photonics/]: Photonics pass timing v73: group=restir gi current state, passes=[capture current GI evaluation state], viewport=1311x707, megapixels=0.927, cpuInvocations=299, cpuSubmitAvgMs=0.005, cpuSubmitMaxMs=0.015, gpuSamples=75, gpuAvgMs=0.025, gpuMaxMs=0.066, gpuAvgMsPerMP=0.027
[31Aug2026 07:59:02.561] [Render thread/INFO] [Photonics/]: Photonics pass timing v73: group=restir temporal, passes=[temporal reuse + tri-state GI classification], viewport=1311x707, megapixels=0.927, cpuInvocations=299, cpuSubmitAvgMs=0.010, cpuSubmitMaxMs=0.021, gpuSamples=75, gpuAvgMs=0.350, gpuMaxMs=0.720, gpuAvgMsPerMP=0.378
[31Aug2026 07:59:02.626] [Render thread/INFO] [Photonics/]: Photonics pass timing v73: group=restir spatial, passes=[spatial reuse/clamp + tri-state GI classification], viewport=1311x707, megapixels=0.927, cpuInvocations=298, cpuSubmitAvgMs=0.008, cpuSubmitMaxMs=0.026, gpuSamples=75, gpuAvgMs=0.093, gpuMaxMs=0.132, gpuAvgMsPerMP=0.100
[31Aug2026 07:59:02.626] [Render thread/INFO] [Photonics/]: Photonics pass timing v73: group=restir diffuse, passes=[diffuse], viewport=1311x707, megapixels=0.927, cpuInvocations=298, cpuSubmitAvgMs=0.008, cpuSubmitMaxMs=0.019, gpuSamples=75, gpuAvgMs=0.152, gpuMaxMs=0.242, gpuAvgMsPerMP=0.164
[31Aug2026 07:59:02.626] [Render thread/INFO] [Photonics/]: Photonics pass timing v73: group=restir GI validity current, passes=[capture current direct/GI validity], viewport=1311x707, megapixels=0.927, cpuInvocations=298, cpuSubmitAvgMs=0.010, cpuSubmitMaxMs=0.028, gpuSamples=75, gpuAvgMs=0.144, gpuMaxMs=0.180, gpuAvgMsPerMP=0.155
[31Aug2026 07:59:02.660] [Render thread/INFO] [Photonics/]: Photonics pass timing v73: group=restir accumulation, passes=[accumulation], viewport=1311x707, megapixels=0.927, cpuInvocations=298, cpuSubmitAvgMs=0.010, cpuSubmitMaxMs=0.025, gpuSamples=74, gpuAvgMs=0.340, gpuMaxMs=0.436, gpuAvgMsPerMP=0.367
[31Aug2026 07:59:02.678] [Render thread/INFO] [Photonics/]: Photonics pass timing v73: group=restir GI validity final, passes=[capture post-accumulation history state], viewport=1311x707, megapixels=0.927, cpuInvocations=298, cpuSubmitAvgMs=0.007, cpuSubmitMaxMs=0.022, gpuSamples=75, gpuAvgMs=0.061, gpuMaxMs=0.095, gpuAvgMsPerMP=0.066
[31Aug2026 07:59:02.678] [Render thread/INFO] [Photonics/]: Photonics pass timing v73: group=svgf variance, passes=[variance prefilter], viewport=1311x707, megapixels=0.927, cpuInvocations=298, cpuSubmitAvgMs=0.004, cpuSubmitMaxMs=0.013, gpuSamples=75, gpuAvgMs=0.463, gpuMaxMs=0.561, gpuAvgMsPerMP=0.500
[31Aug2026 07:59:02.678] [Render thread/INFO] [Photonics/]: Photonics pass timing v73: group=svgf atrous, passes=[atrous iteration], viewport=1311x707, megapixels=0.927, cpuInvocations=1490, cpuSubmitAvgMs=0.003, cpuSubmitMaxMs=0.016, gpuSamples=373, gpuAvgMs=0.310, gpuMaxMs=0.407, gpuAvgMsPerMP=0.334
[31Aug2026 07:59:02.693] [Render thread/INFO] [Photonics/]: Photonics pass timing v73: group=restir local, passes=[exact local direct], viewport=1311x707, megapixels=0.927, cpuInvocations=298, cpuSubmitAvgMs=0.009, cpuSubmitMaxMs=0.023, gpuSamples=75, gpuAvgMs=0.007, gpuMaxMs=0.007, gpuAvgMsPerMP=0.007
[31Aug2026 07:59:02.710] [Render thread/INFO] [Photonics/]: Photonics pass timing v73: group=restir handheld, passes=[handheld], viewport=1311x707, megapixels=0.927, cpuInvocations=298, cpuSubmitAvgMs=0.012, cpuSubmitMaxMs=0.039, gpuSamples=74, gpuAvgMs=0.010, gpuMaxMs=0.011, gpuAvgMsPerMP=0.011
[31Aug2026 07:59:02.804] [Render thread/INFO] [Photonics/]: Photonics world tracing v138: layoutRevision=77, layoutReason=streaming-or-rebuild, sceneRevision=0, settled=true, compiledSections=2051, trackedSections=2051, batchBuilt=24, batchUnloaded=0, pendingBuilds=0, pendingUnloads=0, ready=true, depth=6, blockBounds=( 8.000E+1  1.280E+2  9.600E+1)..( 4.160E+2  2.240E+2  4.320E+2), treeBounds=( 0.000E+0  0.000E+0  0.000E+0)..( 1.024E+3  1.024E+3  1.024E+3), origin=(-2.560E+2 -1.920E+2 -2.560E+2), sceneChangeBounds=none, boundsSource=compiled, compileMs=64.546
[31Aug2026 07:59:02.805] [Render thread/INFO] [Photonics/]: Photonics memory v72: jvmHeap={usedBytes=2135291128, committedBytes=4810866688, maxBytes=8589934592}, jvmGc={collections=110, timeMs=966}, worldHeap=GpuBufferHeapStats[capacityBytes=536870912, reservedBytes=138407540, liveBytes=138401268, peakLiveBytes=138401268, reusableBytes=6272, allocations=152666, reusedAllocations=41197, frees=41244, failedAllocations=0], paletteHeap=GpuBufferHeapStats[capacityBytes=201326592, reservedBytes=58560, liveBytes=58560, peakLiveBytes=58560, reusableBytes=0, allocations=697, reusedAllocations=87, frees=87, failedAllocations=0], registries={lights=Stats[cachedObjects=1, pendingFreeObjects=0, allocatedObjects=1, failedAllocations=0], palettes=Stats[cachedObjects=610, pendingFreeObjects=0, allocatedObjects=697, failedAllocations=0], blocks=Stats[cachedObjects=1353, pendingFreeObjects=0, allocatedObjects=1437, failedAllocations=0], models=Stats[cachedObjects=29, pendingFreeObjects=0, allocatedObjects=31, failedAllocations=0]}
[31Aug2026 07:59:06.897] [Render thread/INFO] [Photonics/]: Photonics direct reservoir sample v64: samples=120, populated=0, emptyOrBackground=1, visibilityRejected=119, invalid=0, overLegacyCap=9, overTemporalCap=2, totalSamplesRange=32.0..697.5, viewport=1311x707
[31Aug2026 07:59:07.479] [Render thread/INFO] [Photonics/]: Photonics pass timing v73: group=frag data, passes=[frag data], viewport=1311x707, megapixels=0.927, cpuInvocations=299, cpuSubmitAvgMs=0.029, cpuSubmitMaxMs=0.081, gpuSamples=75, gpuAvgMs=0.052, gpuMaxMs=0.054, gpuAvgMsPerMP=0.056
[31Aug2026 07:59:07.480] [Render thread/INFO] [Photonics/]: Photonics frame throughput v78: viewport=1311x707, windowSeconds=5.003, renderedFrames=299, fps=59.764, frameAvgMs=16.732
[31Aug2026 07:59:07.497] [Render thread/INFO] [Photonics/]: Photonics pass timing v73: group=restir direct, passes=[initial direct + visibility], viewport=1311x707, megapixels=0.927, cpuInvocations=299, cpuSubmitAvgMs=0.018, cpuSubmitMaxMs=0.043, gpuSamples=75, gpuAvgMs=0.218, gpuMaxMs=0.262, gpuAvgMsPerMP=0.235
[31Aug2026 07:59:07.563] [Render thread/INFO] [Photonics/]: Photonics pass timing v73: group=restir gi initial, passes=[initial indirect], viewport=1311x707, megapixels=0.927, cpuInvocations=300, cpuSubmitAvgMs=0.009, cpuSubmitMaxMs=0.024, gpuSamples=75, gpuAvgMs=0.904, gpuMaxMs=1.001, gpuAvgMsPerMP=0.976
[31Aug2026 07:59:07.563] [Render thread/INFO] [Photonics/]: Photonics pass timing v73: group=restir gi current state, passes=[capture current GI evaluation state], viewport=1311x707, megapixels=0.927, cpuInvocations=300, cpuSubmitAvgMs=0.005, cpuSubmitMaxMs=0.014, gpuSamples=75, gpuAvgMs=0.028, gpuMaxMs=0.078, gpuAvgMsPerMP=0.030
[31Aug2026 07:59:07.563] [Render thread/INFO] [Photonics/]: Photonics pass timing v73: group=restir temporal, passes=[temporal reuse + tri-state GI classification], viewport=1311x707, megapixels=0.927, cpuInvocations=300, cpuSubmitAvgMs=0.010, cpuSubmitMaxMs=0.019, gpuSamples=75, gpuAvgMs=0.538, gpuMaxMs=0.758, gpuAvgMsPerMP=0.580
[31Aug2026 07:59:07.629] [Render thread/INFO] [Photonics/]: Photonics pass timing v73: group=restir spatial, passes=[spatial reuse/clamp + tri-state GI classification], viewport=1311x707, megapixels=0.927, cpuInvocations=300, cpuSubmitAvgMs=0.008, cpuSubmitMaxMs=0.021, gpuSamples=75, gpuAvgMs=0.105, gpuMaxMs=0.162, gpuAvgMsPerMP=0.114
[31Aug2026 07:59:07.629] [Render thread/INFO] [Photonics/]: Photonics pass timing v73: group=restir diffuse, passes=[diffuse], viewport=1311x707, megapixels=0.927, cpuInvocations=300, cpuSubmitAvgMs=0.008, cpuSubmitMaxMs=0.023, gpuSamples=75, gpuAvgMs=0.169, gpuMaxMs=0.207, gpuAvgMsPerMP=0.183
[31Aug2026 07:59:07.629] [Render thread/INFO] [Photonics/]: Photonics pass timing v73: group=restir GI validity current, passes=[capture current direct/GI validity], viewport=1311x707, megapixels=0.927, cpuInvocations=300, cpuSubmitAvgMs=0.009, cpuSubmitMaxMs=0.030, gpuSamples=75, gpuAvgMs=0.164, gpuMaxMs=0.217, gpuAvgMsPerMP=0.177
[31Aug2026 07:59:07.664] [Render thread/INFO] [Photonics/]: Photonics pass timing v73: group=restir accumulation, passes=[accumulation], viewport=1311x707, megapixels=0.927, cpuInvocations=300, cpuSubmitAvgMs=0.009, cpuSubmitMaxMs=0.034, gpuSamples=75, gpuAvgMs=0.364, gpuMaxMs=0.439, gpuAvgMsPerMP=0.393
[31Aug2026 07:59:07.681] [Render thread/INFO] [Photonics/]: Photonics pass timing v73: group=restir GI validity final, passes=[capture post-accumulation history state], viewport=1311x707, megapixels=0.927, cpuInvocations=300, cpuSubmitAvgMs=0.007, cpuSubmitMaxMs=0.033, gpuSamples=75, gpuAvgMs=0.066, gpuMaxMs=0.108, gpuAvgMsPerMP=0.071
[31Aug2026 07:59:07.681] [Render thread/INFO] [Photonics/]: Photonics pass timing v73: group=svgf variance, passes=[variance prefilter], viewport=1311x707, megapixels=0.927, cpuInvocations=300, cpuSubmitAvgMs=0.004, cpuSubmitMaxMs=0.017, gpuSamples=75, gpuAvgMs=0.523, gpuMaxMs=0.614, gpuAvgMsPerMP=0.564
[31Aug2026 07:59:07.681] [Render thread/INFO] [Photonics/]: Photonics pass timing v73: group=svgf atrous, passes=[atrous iteration], viewport=1311x707, megapixels=0.927, cpuInvocations=1500, cpuSubmitAvgMs=0.003, cpuSubmitMaxMs=0.049, gpuSamples=375, gpuAvgMs=0.339, gpuMaxMs=0.403, gpuAvgMsPerMP=0.366
[31Aug2026 07:59:07.698] [Render thread/INFO] [Photonics/]: Photonics pass timing v73: group=restir local, passes=[exact local direct], viewport=1311x707, megapixels=0.927, cpuInvocations=300, cpuSubmitAvgMs=0.008, cpuSubmitMaxMs=0.019, gpuSamples=75, gpuAvgMs=0.007, gpuMaxMs=0.007, gpuAvgMsPerMP=0.007
[31Aug2026 07:59:07.714] [Render thread/INFO] [Photonics/]: Photonics pass timing v73: group=restir handheld, passes=[handheld], viewport=1311x707, megapixels=0.927, cpuInvocations=300, cpuSubmitAvgMs=0.011, cpuSubmitMaxMs=0.026, gpuSamples=75, gpuAvgMs=0.010, gpuMaxMs=0.011, gpuAvgMsPerMP=0.011
[31Aug2026 07:59:12.482] [Render thread/INFO] [Photonics/]: Photonics pass timing v73: group=frag data, passes=[frag data], viewport=1311x707, megapixels=0.927, cpuInvocations=299, cpuSubmitAvgMs=0.028, cpuSubmitMaxMs=0.198, gpuSamples=74, gpuAvgMs=0.055, gpuMaxMs=0.088, gpuAvgMsPerMP=0.059
[31Aug2026 07:59:12.482] [Render thread/INFO] [Photonics/]: Photonics frame throughput v78: viewport=1311x707, windowSeconds=5.002, renderedFrames=299, fps=59.775, frameAvgMs=16.730
[31Aug2026 07:59:12.500] [Render thread/INFO] [Photonics/]: Photonics pass timing v73: group=restir direct, passes=[initial direct + visibility], viewport=1311x707, megapixels=0.927, cpuInvocations=299, cpuSubmitAvgMs=0.018, cpuSubmitMaxMs=0.175, gpuSamples=75, gpuAvgMs=0.236, gpuMaxMs=0.254, gpuAvgMsPerMP=0.255
[31Aug2026 07:59:12.566] [Render thread/INFO] [Photonics/]: Photonics pass timing v73: group=restir gi initial, passes=[initial indirect], viewport=1311x707, megapixels=0.927, cpuInvocations=299, cpuSubmitAvgMs=0.009, cpuSubmitMaxMs=0.026, gpuSamples=75, gpuAvgMs=0.979, gpuMaxMs=1.047, gpuAvgMsPerMP=1.057
[31Aug2026 07:59:12.566] [Render thread/INFO] [Photonics/]: Photonics pass timing v73: group=restir gi current state, passes=[capture current GI evaluation state], viewport=1311x707, megapixels=0.927, cpuInvocations=299, cpuSubmitAvgMs=0.005, cpuSubmitMaxMs=0.015, gpuSamples=75, gpuAvgMs=0.028, gpuMaxMs=0.029, gpuAvgMsPerMP=0.030
[31Aug2026 07:59:12.566] [Render thread/INFO] [Photonics/]: Photonics pass timing v73: group=restir temporal, passes=[temporal reuse + tri-state GI classification], viewport=1311x707, megapixels=0.927, cpuInvocations=299, cpuSubmitAvgMs=0.009, cpuSubmitMaxMs=0.019, gpuSamples=75, gpuAvgMs=0.552, gpuMaxMs=0.695, gpuAvgMsPerMP=0.595
[31Aug2026 07:59:12.633] [Render thread/INFO] [Photonics/]: Photonics pass timing v73: group=restir spatial, passes=[spatial reuse/clamp + tri-state GI classification], viewport=1311x707, megapixels=0.927, cpuInvocations=299, cpuSubmitAvgMs=0.008, cpuSubmitMaxMs=0.079, gpuSamples=75, gpuAvgMs=0.114, gpuMaxMs=0.121, gpuAvgMsPerMP=0.123
[31Aug2026 07:59:12.633] [Render thread/INFO] [Photonics/]: Photonics pass timing v73: group=restir diffuse, passes=[diffuse], viewport=1311x707, megapixels=0.927, cpuInvocations=299, cpuSubmitAvgMs=0.008, cpuSubmitMaxMs=0.016, gpuSamples=75, gpuAvgMs=0.180, gpuMaxMs=0.199, gpuAvgMsPerMP=0.195
[31Aug2026 07:59:12.633] [Render thread/INFO] [Photonics/]: Photonics pass timing v73: group=restir GI validity current, passes=[capture current direct/GI validity], viewport=1311x707, megapixels=0.927, cpuInvocations=299, cpuSubmitAvgMs=0.009, cpuSubmitMaxMs=0.023, gpuSamples=75, gpuAvgMs=0.175, gpuMaxMs=0.180, gpuAvgMsPerMP=0.189
[31Aug2026 07:59:12.666] [Render thread/INFO] [Photonics/]: Photonics pass timing v73: group=restir accumulation, passes=[accumulation], viewport=1311x707, megapixels=0.927, cpuInvocations=299, cpuSubmitAvgMs=0.009, cpuSubmitMaxMs=0.020, gpuSamples=75, gpuAvgMs=0.392, gpuMaxMs=0.427, gpuAvgMsPerMP=0.423
[31Aug2026 07:59:12.682] [Render thread/INFO] [Photonics/]: Photonics pass timing v73: group=restir GI validity final, passes=[capture post-accumulation history state], viewport=1311x707, megapixels=0.927, cpuInvocations=299, cpuSubmitAvgMs=0.007, cpuSubmitMaxMs=0.021, gpuSamples=74, gpuAvgMs=0.068, gpuMaxMs=0.075, gpuAvgMsPerMP=0.073
[31Aug2026 07:59:12.682] [Render thread/INFO] [Photonics/]: Photonics pass timing v73: group=svgf variance, passes=[variance prefilter], viewport=1311x707, megapixels=0.927, cpuInvocations=299, cpuSubmitAvgMs=0.004, cpuSubmitMaxMs=0.160, gpuSamples=74, gpuAvgMs=0.554, gpuMaxMs=0.566, gpuAvgMsPerMP=0.598
[31Aug2026 07:59:12.682] [Render thread/INFO] [Photonics/]: Photonics pass timing v73: group=svgf atrous, passes=[atrous iteration], viewport=1311x707, megapixels=0.927, cpuInvocations=1495, cpuSubmitAvgMs=0.003, cpuSubmitMaxMs=0.014, gpuSamples=373, gpuAvgMs=0.369, gpuMaxMs=0.412, gpuAvgMsPerMP=0.398
[31Aug2026 07:59:12.700] [Render thread/INFO] [Photonics/]: Photonics pass timing v73: group=restir local, passes=[exact local direct], viewport=1311x707, megapixels=0.927, cpuInvocations=299, cpuSubmitAvgMs=0.008, cpuSubmitMaxMs=0.021, gpuSamples=75, gpuAvgMs=0.007, gpuMaxMs=0.007, gpuAvgMsPerMP=0.007
[31Aug2026 07:59:12.715] [Render thread/INFO] [Photonics/]: Photonics pass timing v73: group=restir handheld, passes=[handheld], viewport=1311x707, megapixels=0.927, cpuInvocations=299, cpuSubmitAvgMs=0.011, cpuSubmitMaxMs=0.024, gpuSamples=75, gpuAvgMs=0.011, gpuMaxMs=0.011, gpuAvgMsPerMP=0.011
[31Aug2026 07:59:13.161] [Render thread/INFO] [Photonics/]: Photonics world tracing v138: layoutRevision=78, layoutReason=section-unload, sceneRevision=0, settled=false, compiledSections=2011, trackedSections=2011, batchBuilt=0, batchUnloaded=40, pendingBuilds=0, pendingUnloads=0, ready=true, depth=6, blockBounds=( 8.000E+1  1.280E+2  9.600E+1)..( 4.160E+2  2.240E+2  4.320E+2), treeBounds=( 0.000E+0  0.000E+0  0.000E+0)..( 1.024E+3  1.024E+3  1.024E+3), origin=(-2.560E+2 -1.920E+2 -2.560E+2), sceneChangeBounds=none, boundsSource=compiled, compileMs=51.257
[31Aug2026 07:59:14.657] [Photonics Light List Compiler/INFO] [Photonics/]: Photonics light-list publication v88: coalescedBatches=4, peakPendingSections=60, remainingSections=0, deferredMs=6.996
[31Aug2026 07:59:14.677] [Photonics Light List Compiler/INFO] [Photonics/]: Photonics light-list publication v88: coalescedBatches=6, peakPendingSections=54, remainingSections=0, deferredMs=12.054
[31Aug2026 07:59:14.713] [Render thread/INFO] [Photonics/]: Photonics world tracing v138: layoutRevision=79, layoutReason=streaming-or-rebuild, sceneRevision=0, settled=false, compiledSections=2012, trackedSections=2051, batchBuilt=1, batchUnloaded=0, pendingBuilds=11, pendingUnloads=0, ready=true, depth=6, blockBounds=( 8.000E+1  1.280E+2  3.200E+1)..( 4.160E+2  2.240E+2  3.680E+2), treeBounds=( 0.000E+0  0.000E+0  0.000E+0)..( 1.024E+3  1.024E+3  1.024E+3), origin=(-2.560E+2 -1.920E+2 -1.920E+2), sceneChangeBounds=none, boundsSource=compiled, compileMs=48.636
[31Aug2026 07:59:14.931] [Render thread/INFO] [Photonics/]: Photonics direct reservoir sample v64: samples=120, populated=0, emptyOrBackground=0, visibilityRejected=120, invalid=0, overLegacyCap=3, overTemporalCap=2, totalSamplesRange=32.0..677.5, viewport=1311x707
[31Aug2026 07:59:16.849] [Render thread/INFO] [Photonics/]: Photonics world tracing v138: layoutRevision=81, layoutReason=streaming-or-rebuild, sceneRevision=0, settled=true, compiledSections=2051, trackedSections=2051, batchBuilt=22, batchUnloaded=0, pendingBuilds=0, pendingUnloads=0, ready=true, depth=6, blockBounds=( 8.000E+1  1.280E+2  9.600E+1)..( 4.160E+2  2.240E+2  4.320E+2), treeBounds=( 0.000E+0  0.000E+0  0.000E+0)..( 1.024E+3  1.024E+3  1.024E+3), origin=(-2.560E+2 -1.920E+2 -2.560E+2), sceneChangeBounds=none, boundsSource=compiled, compileMs=60.446
[31Aug2026 07:59:16.849] [Render thread/INFO] [Photonics/]: Photonics memory v72: jvmHeap={usedBytes=4261808040, committedBytes=4810866688, maxBytes=8589934592}, jvmGc={collections=111, timeMs=966}, worldHeap=GpuBufferHeapStats[capacityBytes=536870912, reservedBytes=138407540, liveBytes=138401268, peakLiveBytes=138401268, reusableBytes=6272, allocations=154925, reusedAllocations=43456, frees=43503, failedAllocations=0], paletteHeap=GpuBufferHeapStats[capacityBytes=201326592, reservedBytes=58560, liveBytes=58560, peakLiveBytes=58560, reusableBytes=0, allocations=697, reusedAllocations=87, frees=87, failedAllocations=0], registries={lights=Stats[cachedObjects=1, pendingFreeObjects=0, allocatedObjects=1, failedAllocations=0], palettes=Stats[cachedObjects=610, pendingFreeObjects=0, allocatedObjects=697, failedAllocations=0], blocks=Stats[cachedObjects=1353, pendingFreeObjects=0, allocatedObjects=1437, failedAllocations=0], models=Stats[cachedObjects=29, pendingFreeObjects=0, allocatedObjects=31, failedAllocations=0]}
[31Aug2026 07:59:17.483] [Render thread/INFO] [Photonics/]: Photonics pass timing v73: group=frag data, passes=[frag data], viewport=1311x707, megapixels=0.927, cpuInvocations=299, cpuSubmitAvgMs=0.027, cpuSubmitMaxMs=0.081, gpuSamples=75, gpuAvgMs=0.053, gpuMaxMs=0.064, gpuAvgMsPerMP=0.057
[31Aug2026 07:59:17.483] [Render thread/INFO] [Photonics/]: Photonics frame throughput v78: viewport=1311x707, windowSeconds=5.002, renderedFrames=299, fps=59.780, frameAvgMs=16.728
[31Aug2026 07:59:17.501] [Render thread/INFO] [Photonics/]: Photonics pass timing v73: group=restir direct, passes=[initial direct + visibility], viewport=1311x707, megapixels=0.927, cpuInvocations=299, cpuSubmitAvgMs=0.018, cpuSubmitMaxMs=0.036, gpuSamples=74, gpuAvgMs=0.271, gpuMaxMs=0.320, gpuAvgMsPerMP=0.292
[31Aug2026 07:59:17.567] [Render thread/INFO] [Photonics/]: Photonics pass timing v73: group=restir gi initial, passes=[initial indirect], viewport=1311x707, megapixels=0.927, cpuInvocations=299, cpuSubmitAvgMs=0.009, cpuSubmitMaxMs=0.023, gpuSamples=74, gpuAvgMs=0.892, gpuMaxMs=0.994, gpuAvgMsPerMP=0.962
[31Aug2026 07:59:17.567] [Render thread/INFO] [Photonics/]: Photonics pass timing v73: group=restir gi current state, passes=[capture current GI evaluation state], viewport=1311x707, megapixels=0.927, cpuInvocations=299, cpuSubmitAvgMs=0.005, cpuSubmitMaxMs=0.012, gpuSamples=74, gpuAvgMs=0.027, gpuMaxMs=0.068, gpuAvgMsPerMP=0.029
[31Aug2026 07:59:17.567] [Render thread/INFO] [Photonics/]: Photonics pass timing v73: group=restir temporal, passes=[temporal reuse + tri-state GI classification], viewport=1311x707, megapixels=0.927, cpuInvocations=299, cpuSubmitAvgMs=0.009, cpuSubmitMaxMs=0.019, gpuSamples=74, gpuAvgMs=0.555, gpuMaxMs=0.677, gpuAvgMsPerMP=0.599
[31Aug2026 07:59:17.635] [Render thread/INFO] [Photonics/]: Photonics pass timing v73: group=restir spatial, passes=[spatial reuse/clamp + tri-state GI classification], viewport=1311x707, megapixels=0.927, cpuInvocations=299, cpuSubmitAvgMs=0.008, cpuSubmitMaxMs=0.029, gpuSamples=74, gpuAvgMs=0.111, gpuMaxMs=0.157, gpuAvgMsPerMP=0.120
[31Aug2026 07:59:17.635] [Render thread/INFO] [Photonics/]: Photonics pass timing v73: group=restir diffuse, passes=[diffuse], viewport=1311x707, megapixels=0.927, cpuInvocations=299, cpuSubmitAvgMs=0.008, cpuSubmitMaxMs=0.016, gpuSamples=74, gpuAvgMs=0.224, gpuMaxMs=0.285, gpuAvgMsPerMP=0.241
[31Aug2026 07:59:17.635] [Render thread/INFO] [Photonics/]: Photonics pass timing v73: group=restir GI validity current, passes=[capture current direct/GI validity], viewport=1311x707, megapixels=0.927, cpuInvocations=299, cpuSubmitAvgMs=0.009, cpuSubmitMaxMs=0.052, gpuSamples=74, gpuAvgMs=0.163, gpuMaxMs=0.199, gpuAvgMsPerMP=0.176
[31Aug2026 07:59:17.667] [Render thread/INFO] [Photonics/]: Photonics pass timing v73: group=restir accumulation, passes=[accumulation], viewport=1311x707, megapixels=0.927, cpuInvocations=299, cpuSubmitAvgMs=0.009, cpuSubmitMaxMs=0.021, gpuSamples=75, gpuAvgMs=0.381, gpuMaxMs=0.436, gpuAvgMsPerMP=0.411
[31Aug2026 07:59:17.684] [Render thread/INFO] [Photonics/]: Photonics pass timing v73: group=restir GI validity final, passes=[capture post-accumulation history state], viewport=1311x707, megapixels=0.927, cpuInvocations=299, cpuSubmitAvgMs=0.007, cpuSubmitMaxMs=0.052, gpuSamples=75, gpuAvgMs=0.068, gpuMaxMs=0.114, gpuAvgMsPerMP=0.074
[31Aug2026 07:59:17.684] [Render thread/INFO] [Photonics/]: Photonics pass timing v73: group=svgf variance, passes=[variance prefilter], viewport=1311x707, megapixels=0.927, cpuInvocations=299, cpuSubmitAvgMs=0.004, cpuSubmitMaxMs=0.010, gpuSamples=75, gpuAvgMs=0.535, gpuMaxMs=0.591, gpuAvgMsPerMP=0.577
[31Aug2026 07:59:17.684] [Render thread/INFO] [Photonics/]: Photonics pass timing v73: group=svgf atrous, passes=[atrous iteration], viewport=1311x707, megapixels=0.927, cpuInvocations=1495, cpuSubmitAvgMs=0.003, cpuSubmitMaxMs=0.018, gpuSamples=374, gpuAvgMs=0.344, gpuMaxMs=0.398, gpuAvgMsPerMP=0.372
[31Aug2026 07:59:17.701] [Render thread/INFO] [Photonics/]: Photonics pass timing v73: group=restir local, passes=[exact local direct], viewport=1311x707, megapixels=0.927, cpuInvocations=299, cpuSubmitAvgMs=0.008, cpuSubmitMaxMs=0.023, gpuSamples=74, gpuAvgMs=0.007, gpuMaxMs=0.007, gpuAvgMsPerMP=0.007
[31Aug2026 07:59:17.717] [Render thread/INFO] [Photonics/]: Photonics pass timing v73: group=restir handheld, passes=[handheld], viewport=1311x707, megapixels=0.927, cpuInvocations=299, cpuSubmitAvgMs=0.011, cpuSubmitMaxMs=0.036, gpuSamples=75, gpuAvgMs=0.011, gpuMaxMs=0.054, gpuAvgMsPerMP=0.012
[31Aug2026 07:59:22.487] [Render thread/INFO] [Photonics/]: Photonics pass timing v73: group=frag data, passes=[frag data], viewport=1311x707, megapixels=0.927, cpuInvocations=299, cpuSubmitAvgMs=0.025, cpuSubmitMaxMs=0.061, gpuSamples=75, gpuAvgMs=0.052, gpuMaxMs=0.080, gpuAvgMsPerMP=0.056
[31Aug2026 07:59:22.487] [Render thread/INFO] [Photonics/]: Photonics frame throughput v78: viewport=1311x707, windowSeconds=5.003, renderedFrames=299, fps=59.759, frameAvgMs=16.734
[31Aug2026 07:59:22.504] [Render thread/INFO] [Photonics/]: Photonics pass timing v73: group=restir direct, passes=[initial direct + visibility], viewport=1311x707, megapixels=0.927, cpuInvocations=299, cpuSubmitAvgMs=0.017, cpuSubmitMaxMs=0.040, gpuSamples=75, gpuAvgMs=0.230, gpuMaxMs=0.279, gpuAvgMsPerMP=0.248
[31Aug2026 07:59:22.570] [Render thread/INFO] [Photonics/]: Photonics pass timing v73: group=restir gi initial, passes=[initial indirect], viewport=1311x707, megapixels=0.927, cpuInvocations=299, cpuSubmitAvgMs=0.009, cpuSubmitMaxMs=0.025, gpuSamples=75, gpuAvgMs=0.881, gpuMaxMs=1.008, gpuAvgMsPerMP=0.950
[31Aug2026 07:59:22.570] [Render thread/INFO] [Photonics/]: Photonics pass timing v73: group=restir gi current state, passes=[capture current GI evaluation state], viewport=1311x707, megapixels=0.927, cpuInvocations=299, cpuSubmitAvgMs=0.005, cpuSubmitMaxMs=0.011, gpuSamples=75, gpuAvgMs=0.029, gpuMaxMs=0.080, gpuAvgMsPerMP=0.031
[31Aug2026 07:59:22.570] [Render thread/INFO] [Photonics/]: Photonics pass timing v73: group=restir temporal, passes=[temporal reuse + tri-state GI classification], viewport=1311x707, megapixels=0.927, cpuInvocations=299, cpuSubmitAvgMs=0.009, cpuSubmitMaxMs=0.043, gpuSamples=75, gpuAvgMs=0.508, gpuMaxMs=0.686, gpuAvgMsPerMP=0.548
[31Aug2026 07:59:22.637] [Render thread/INFO] [Photonics/]: Photonics pass timing v73: group=restir spatial, passes=[spatial reuse/clamp + tri-state GI classification], viewport=1311x707, megapixels=0.927, cpuInvocations=299, cpuSubmitAvgMs=0.008, cpuSubmitMaxMs=0.026, gpuSamples=75, gpuAvgMs=0.098, gpuMaxMs=0.145, gpuAvgMsPerMP=0.106
[31Aug2026 07:59:22.638] [Render thread/INFO] [Photonics/]: Photonics pass timing v73: group=restir diffuse, passes=[diffuse], viewport=1311x707, megapixels=0.927, cpuInvocations=299, cpuSubmitAvgMs=0.008, cpuSubmitMaxMs=0.028, gpuSamples=75, gpuAvgMs=0.181, gpuMaxMs=0.238, gpuAvgMsPerMP=0.195
[31Aug2026 07:59:22.638] [Render thread/INFO] [Photonics/]: Photonics pass timing v73: group=restir GI validity current, passes=[capture current direct/GI validity], viewport=1311x707, megapixels=0.927, cpuInvocations=299, cpuSubmitAvgMs=0.009, cpuSubmitMaxMs=0.022, gpuSamples=75, gpuAvgMs=0.152, gpuMaxMs=0.182, gpuAvgMsPerMP=0.164
[31Aug2026 07:59:22.671] [Render thread/INFO] [Photonics/]: Photonics pass timing v73: group=restir accumulation, passes=[accumulation], viewport=1311x707, megapixels=0.927, cpuInvocations=299, cpuSubmitAvgMs=0.009, cpuSubmitMaxMs=0.022, gpuSamples=75, gpuAvgMs=0.348, gpuMaxMs=0.405, gpuAvgMsPerMP=0.375
[31Aug2026 07:59:22.687] [Render thread/INFO] [Photonics/]: Photonics pass timing v73: group=restir GI validity final, passes=[capture post-accumulation history state], viewport=1311x707, megapixels=0.927, cpuInvocations=299, cpuSubmitAvgMs=0.006, cpuSubmitMaxMs=0.021, gpuSamples=75, gpuAvgMs=0.062, gpuMaxMs=0.075, gpuAvgMsPerMP=0.067
[31Aug2026 07:59:22.687] [Render thread/INFO] [Photonics/]: Photonics pass timing v73: group=svgf variance, passes=[variance prefilter], viewport=1311x707, megapixels=0.927, cpuInvocations=299, cpuSubmitAvgMs=0.004, cpuSubmitMaxMs=0.012, gpuSamples=75, gpuAvgMs=0.496, gpuMaxMs=0.559, gpuAvgMsPerMP=0.535
[31Aug2026 07:59:22.687] [Render thread/INFO] [Photonics/]: Photonics pass timing v73: group=svgf atrous, passes=[atrous iteration], viewport=1311x707, megapixels=0.927, cpuInvocations=1495, cpuSubmitAvgMs=0.003, cpuSubmitMaxMs=0.015, gpuSamples=374, gpuAvgMs=0.323, gpuMaxMs=0.394, gpuAvgMsPerMP=0.349
[31Aug2026 07:59:22.704] [Render thread/INFO] [Photonics/]: Photonics pass timing v73: group=restir local, passes=[exact local direct], viewport=1311x707, megapixels=0.927, cpuInvocations=299, cpuSubmitAvgMs=0.008, cpuSubmitMaxMs=0.017, gpuSamples=75, gpuAvgMs=0.007, gpuMaxMs=0.007, gpuAvgMsPerMP=0.007
[31Aug2026 07:59:22.720] [Render thread/INFO] [Photonics/]: Photonics pass timing v73: group=restir handheld, passes=[handheld], viewport=1311x707, megapixels=0.927, cpuInvocations=299, cpuSubmitAvgMs=0.010, cpuSubmitMaxMs=0.025, gpuSamples=74, gpuAvgMs=0.010, gpuMaxMs=0.011, gpuAvgMsPerMP=0.011
[31Aug2026 07:59:22.954] [Render thread/INFO] [Photonics/]: Photonics direct reservoir sample v64: samples=120, populated=1, emptyOrBackground=0, visibilityRejected=119, invalid=0, overLegacyCap=10, overTemporalCap=2, totalSamplesRange=32.0..697.5, viewport=1311x707
[31Aug2026 07:59:26.211] [Photonic Chunk Compiler #1/INFO] [Photonics/]: Photonics scene content change v137: section=(-1.000E+0  0.000E+0 -1.000E+0), previousSceneHash=7175735867014505614, sceneHash=3643351827804600534, fullHash=-3124999890291115818, previousNonAir=268, currentNonAir=267, priority=216961, playerChanged=true, initialPopulationComplete=true, radianceInvalidation=regional
[31Aug2026 07:59:26.211] [Photonic Chunk Compiler #1/INFO] [Photonics/]: Photonics scene hash diff v131: section=(-1.000E+0  0.000E+0 -1.000E+0), previousSceneHash=7175735867014505614, sceneHash=3643351827804600534, changedBlocks=1, firstLocal=(15, 11, 5), firstWorld=(-1, 11, -11), oldStableHash=12728, newStableHash=0, oldState=Block{minecraft:white_concrete}, newState=Block{minecraft:air}
[31Aug2026 07:59:26.253] [Render thread/INFO] [Photonics/]: Photonics world tracing v138: layoutRevision=82, layoutReason=scene-content-change, sceneRevision=1, settled=false, compiledSections=2051, trackedSections=2051, batchBuilt=1, batchUnloaded=0, pendingBuilds=1, pendingUnloads=0, ready=true, depth=6, blockBounds=( 8.000E+1  1.280E+2  9.600E+1)..( 4.160E+2  2.240E+2  4.320E+2), treeBounds=( 0.000E+0  0.000E+0  0.000E+0)..( 1.024E+3  1.024E+3  1.024E+3), origin=(-2.560E+2 -1.920E+2 -2.560E+2), sceneChangeBounds=(-16, 0, -16)..(0, 16, 0), boundsSource=compiled, compileMs=38.068
[31Aug2026 07:59:27.504] [Render thread/INFO] [Photonics/]: Photonics pass timing v73: group=frag data, passes=[frag data], viewport=1311x707, megapixels=0.927, cpuInvocations=300, cpuSubmitAvgMs=0.024, cpuSubmitMaxMs=0.067, gpuSamples=75, gpuAvgMs=0.052, gpuMaxMs=0.076, gpuAvgMsPerMP=0.056
[31Aug2026 07:59:27.504] [Render thread/INFO] [Photonics/]: Photonics frame throughput v78: viewport=1311x707, windowSeconds=5.017, renderedFrames=300, fps=59.793, frameAvgMs=16.724
[31Aug2026 07:59:27.520] [Render thread/INFO] [Photonics/]: Photonics pass timing v73: group=restir direct, passes=[initial direct + visibility], viewport=1311x707, megapixels=0.927, cpuInvocations=300, cpuSubmitAvgMs=0.017, cpuSubmitMaxMs=0.033, gpuSamples=75, gpuAvgMs=0.225, gpuMaxMs=0.292, gpuAvgMsPerMP=0.243
[31Aug2026 07:59:27.587] [Render thread/INFO] [Photonics/]: Photonics pass timing v73: group=restir gi initial, passes=[initial indirect], viewport=1311x707, megapixels=0.927, cpuInvocations=300, cpuSubmitAvgMs=0.009, cpuSubmitMaxMs=0.035, gpuSamples=75, gpuAvgMs=0.909, gpuMaxMs=1.010, gpuAvgMsPerMP=0.980
[31Aug2026 07:59:27.587] [Render thread/INFO] [Photonics/]: Photonics pass timing v73: group=restir gi current state, passes=[capture current GI evaluation state], viewport=1311x707, megapixels=0.927, cpuInvocations=300, cpuSubmitAvgMs=0.005, cpuSubmitMaxMs=0.023, gpuSamples=75, gpuAvgMs=0.027, gpuMaxMs=0.075, gpuAvgMsPerMP=0.029
[31Aug2026 07:59:27.587] [Render thread/INFO] [Photonics/]: Photonics pass timing v73: group=restir temporal, passes=[temporal reuse + tri-state GI classification], viewport=1311x707, megapixels=0.927, cpuInvocations=300, cpuSubmitAvgMs=0.009, cpuSubmitMaxMs=0.023, gpuSamples=75, gpuAvgMs=0.512, gpuMaxMs=0.712, gpuAvgMsPerMP=0.552
[31Aug2026 07:59:27.638] [Render thread/INFO] [Photonics/]: Photonics pass timing v73: group=restir spatial, passes=[spatial reuse/clamp + tri-state GI classification], viewport=1311x707, megapixels=0.927, cpuInvocations=299, cpuSubmitAvgMs=0.008, cpuSubmitMaxMs=0.060, gpuSamples=75, gpuAvgMs=0.102, gpuMaxMs=0.117, gpuAvgMsPerMP=0.110
[31Aug2026 07:59:27.638] [Render thread/INFO] [Photonics/]: Photonics pass timing v73: group=restir diffuse, passes=[diffuse], viewport=1311x707, megapixels=0.927, cpuInvocations=299, cpuSubmitAvgMs=0.008, cpuSubmitMaxMs=0.019, gpuSamples=75, gpuAvgMs=0.181, gpuMaxMs=0.249, gpuAvgMsPerMP=0.196
[31Aug2026 07:59:27.638] [Render thread/INFO] [Photonics/]: Photonics pass timing v73: group=restir GI validity current, passes=[capture current direct/GI validity], viewport=1311x707, megapixels=0.927, cpuInvocations=299, cpuSubmitAvgMs=0.008, cpuSubmitMaxMs=0.022, gpuSamples=75, gpuAvgMs=0.159, gpuMaxMs=0.188, gpuAvgMsPerMP=0.172
[31Aug2026 07:59:27.688] [Render thread/INFO] [Photonics/]: Photonics pass timing v73: group=restir accumulation, passes=[accumulation], viewport=1311x707, megapixels=0.927, cpuInvocations=300, cpuSubmitAvgMs=0.009, cpuSubmitMaxMs=0.026, gpuSamples=75, gpuAvgMs=0.326, gpuMaxMs=0.400, gpuAvgMsPerMP=0.352
[31Aug2026 07:59:27.688] [Render thread/INFO] [Photonics/]: Photonics pass timing v73: group=restir GI validity final, passes=[capture post-accumulation history state], viewport=1311x707, megapixels=0.927, cpuInvocations=299, cpuSubmitAvgMs=0.006, cpuSubmitMaxMs=0.024, gpuSamples=75, gpuAvgMs=0.062, gpuMaxMs=0.074, gpuAvgMsPerMP=0.067
[31Aug2026 07:59:27.688] [Render thread/INFO] [Photonics/]: Photonics pass timing v73: group=svgf variance, passes=[variance prefilter], viewport=1311x707, megapixels=0.927, cpuInvocations=299, cpuSubmitAvgMs=0.004, cpuSubmitMaxMs=0.010, gpuSamples=75, gpuAvgMs=0.504, gpuMaxMs=0.560, gpuAvgMsPerMP=0.543
[31Aug2026 07:59:27.688] [Render thread/INFO] [Photonics/]: Photonics pass timing v73: group=svgf atrous, passes=[atrous iteration], viewport=1311x707, megapixels=0.927, cpuInvocations=1495, cpuSubmitAvgMs=0.003, cpuSubmitMaxMs=0.014, gpuSamples=374, gpuAvgMs=0.332, gpuMaxMs=0.446, gpuAvgMsPerMP=0.358
[31Aug2026 07:59:27.705] [Render thread/INFO] [Photonics/]: Photonics pass timing v73: group=restir local, passes=[exact local direct], viewport=1311x707, megapixels=0.927, cpuInvocations=299, cpuSubmitAvgMs=0.008, cpuSubmitMaxMs=0.025, gpuSamples=75, gpuAvgMs=0.007, gpuMaxMs=0.007, gpuAvgMsPerMP=0.007
[31Aug2026 07:59:27.720] [Render thread/INFO] [Photonics/]: Photonics pass timing v73: group=restir handheld, passes=[handheld], viewport=1311x707, megapixels=0.927, cpuInvocations=299, cpuSubmitAvgMs=0.009, cpuSubmitMaxMs=0.035, gpuSamples=75, gpuAvgMs=0.010, gpuMaxMs=0.025, gpuAvgMsPerMP=0.011
[31Aug2026 07:59:28.304] [Render thread/INFO] [Photonics/]: Photonics world tracing v138: layoutRevision=83, layoutReason=streaming-or-rebuild, sceneRevision=1, settled=true, compiledSections=2051, trackedSections=2051, batchBuilt=1, batchUnloaded=0, pendingBuilds=0, pendingUnloads=0, ready=true, depth=6, blockBounds=( 8.000E+1  1.280E+2  9.600E+1)..( 4.160E+2  2.240E+2  4.320E+2), treeBounds=( 0.000E+0  0.000E+0  0.000E+0)..( 1.024E+3  1.024E+3  1.024E+3), origin=(-2.560E+2 -1.920E+2 -2.560E+2), sceneChangeBounds=(-16, 0, -16)..(0, 16, 0), boundsSource=compiled, compileMs=39.446
[31Aug2026 07:59:28.304] [Render thread/INFO] [Photonics/]: Photonics memory v72: jvmHeap={usedBytes=2359275128, committedBytes=4810866688, maxBytes=8589934592}, jvmGc={collections=112, timeMs=980}, worldHeap=GpuBufferHeapStats[capacityBytes=536870912, reservedBytes=138407540, liveBytes=138401268, peakLiveBytes=138401268, reusableBytes=6272, allocations=154925, reusedAllocations=43456, frees=43503, failedAllocations=0], paletteHeap=GpuBufferHeapStats[capacityBytes=201326592, reservedBytes=58560, liveBytes=58560, peakLiveBytes=58560, reusableBytes=0, allocations=697, reusedAllocations=87, frees=87, failedAllocations=0], registries={lights=Stats[cachedObjects=1, pendingFreeObjects=0, allocatedObjects=1, failedAllocations=0], palettes=Stats[cachedObjects=610, pendingFreeObjects=0, allocatedObjects=697, failedAllocations=0], blocks=Stats[cachedObjects=1353, pendingFreeObjects=0, allocatedObjects=1437, failedAllocations=0], models=Stats[cachedObjects=29, pendingFreeObjects=0, allocatedObjects=31, failedAllocations=0]}
[31Aug2026 07:59:30.973] [Render thread/INFO] [Photonics/]: Photonics direct reservoir sample v64: samples=120, populated=1, emptyOrBackground=0, visibilityRejected=119, invalid=0, overLegacyCap=15, overTemporalCap=5, totalSamplesRange=32.0..697.5, viewport=1311x707
[31Aug2026 07:59:32.508] [Render thread/INFO] [Photonics/]: Photonics pass timing v73: group=frag data, passes=[frag data], viewport=1311x707, megapixels=0.927, cpuInvocations=300, cpuSubmitAvgMs=0.026, cpuSubmitMaxMs=0.064, gpuSamples=75, gpuAvgMs=0.052, gpuMaxMs=0.084, gpuAvgMsPerMP=0.056
[31Aug2026 07:59:32.508] [Render thread/INFO] [Photonics/]: Photonics frame throughput v78: viewport=1311x707, windowSeconds=5.004, renderedFrames=300, fps=59.956, frameAvgMs=16.679
[31Aug2026 07:59:32.524] [Render thread/INFO] [Photonics/]: Photonics pass timing v73: group=restir direct, passes=[initial direct + visibility], viewport=1311x707, megapixels=0.927, cpuInvocations=300, cpuSubmitAvgMs=0.017, cpuSubmitMaxMs=0.042, gpuSamples=75, gpuAvgMs=0.230, gpuMaxMs=0.270, gpuAvgMsPerMP=0.248
[31Aug2026 07:59:32.593] [Render thread/INFO] [Photonics/]: Photonics pass timing v73: group=restir gi initial, passes=[initial indirect], viewport=1311x707, megapixels=0.927, cpuInvocations=300, cpuSubmitAvgMs=0.009, cpuSubmitMaxMs=0.025, gpuSamples=75, gpuAvgMs=0.917, gpuMaxMs=0.995, gpuAvgMsPerMP=0.989
[31Aug2026 07:59:32.593] [Render thread/INFO] [Photonics/]: Photonics pass timing v73: group=restir gi current state, passes=[capture current GI evaluation state], viewport=1311x707, megapixels=0.927, cpuInvocations=300, cpuSubmitAvgMs=0.005, cpuSubmitMaxMs=0.017, gpuSamples=75, gpuAvgMs=0.027, gpuMaxMs=0.061, gpuAvgMsPerMP=0.029
[31Aug2026 07:59:32.593] [Render thread/INFO] [Photonics/]: Photonics pass timing v73: group=restir temporal, passes=[temporal reuse + tri-state GI classification], viewport=1311x707, megapixels=0.927, cpuInvocations=300, cpuSubmitAvgMs=0.009, cpuSubmitMaxMs=0.021, gpuSamples=75, gpuAvgMs=0.567, gpuMaxMs=0.770, gpuAvgMsPerMP=0.611
[31Aug2026 07:59:32.643] [Render thread/INFO] [Photonics/]: Photonics pass timing v73: group=restir spatial, passes=[spatial reuse/clamp + tri-state GI classification], viewport=1311x707, megapixels=0.927, cpuInvocations=300, cpuSubmitAvgMs=0.008, cpuSubmitMaxMs=0.023, gpuSamples=75, gpuAvgMs=0.105, gpuMaxMs=0.126, gpuAvgMsPerMP=0.113
[31Aug2026 07:59:32.643] [Render thread/INFO] [Photonics/]: Photonics pass timing v73: group=restir diffuse, passes=[diffuse], viewport=1311x707, megapixels=0.927, cpuInvocations=300, cpuSubmitAvgMs=0.008, cpuSubmitMaxMs=0.020, gpuSamples=75, gpuAvgMs=0.192, gpuMaxMs=0.239, gpuAvgMsPerMP=0.208
[31Aug2026 07:59:32.643] [Render thread/INFO] [Photonics/]: Photonics pass timing v73: group=restir GI validity current, passes=[capture current direct/GI validity], viewport=1311x707, megapixels=0.927, cpuInvocations=300, cpuSubmitAvgMs=0.009, cpuSubmitMaxMs=0.045, gpuSamples=75, gpuAvgMs=0.169, gpuMaxMs=0.189, gpuAvgMsPerMP=0.182
[31Aug2026 07:59:32.693] [Render thread/INFO] [Photonics/]: Photonics pass timing v73: group=restir accumulation, passes=[accumulation], viewport=1311x707, megapixels=0.927, cpuInvocations=300, cpuSubmitAvgMs=0.009, cpuSubmitMaxMs=0.018, gpuSamples=75, gpuAvgMs=0.237, gpuMaxMs=0.277, gpuAvgMsPerMP=0.256
[31Aug2026 07:59:32.693] [Render thread/INFO] [Photonics/]: Photonics pass timing v73: group=restir GI validity final, passes=[capture post-accumulation history state], viewport=1311x707, megapixels=0.927, cpuInvocations=300, cpuSubmitAvgMs=0.006, cpuSubmitMaxMs=0.018, gpuSamples=75, gpuAvgMs=0.054, gpuMaxMs=0.064, gpuAvgMsPerMP=0.059
[31Aug2026 07:59:32.693] [Render thread/INFO] [Photonics/]: Photonics pass timing v73: group=svgf variance, passes=[variance prefilter], viewport=1311x707, megapixels=0.927, cpuInvocations=300, cpuSubmitAvgMs=0.004, cpuSubmitMaxMs=0.011, gpuSamples=75, gpuAvgMs=0.518, gpuMaxMs=0.564, gpuAvgMsPerMP=0.559
[31Aug2026 07:59:32.693] [Render thread/INFO] [Photonics/]: Photonics pass timing v73: group=svgf atrous, passes=[atrous iteration], viewport=1311x707, megapixels=0.927, cpuInvocations=1500, cpuSubmitAvgMs=0.003, cpuSubmitMaxMs=0.017, gpuSamples=375, gpuAvgMs=0.349, gpuMaxMs=0.419, gpuAvgMsPerMP=0.376
[31Aug2026 07:59:32.708] [Render thread/INFO] [Photonics/]: Photonics pass timing v73: group=restir local, passes=[exact local direct], viewport=1311x707, megapixels=0.927, cpuInvocations=300, cpuSubmitAvgMs=0.008, cpuSubmitMaxMs=0.020, gpuSamples=75, gpuAvgMs=0.007, gpuMaxMs=0.007, gpuAvgMsPerMP=0.007
[31Aug2026 07:59:32.724] [Render thread/INFO] [Photonics/]: Photonics pass timing v73: group=restir handheld, passes=[handheld], viewport=1311x707, megapixels=0.927, cpuInvocations=300, cpuSubmitAvgMs=0.009, cpuSubmitMaxMs=0.021, gpuSamples=75, gpuAvgMs=0.010, gpuMaxMs=0.011, gpuAvgMsPerMP=0.011
[31Aug2026 07:59:37.510] [Render thread/INFO] [Photonics/]: Photonics pass timing v73: group=frag data, passes=[frag data], viewport=1311x707, megapixels=0.927, cpuInvocations=300, cpuSubmitAvgMs=0.026, cpuSubmitMaxMs=0.067, gpuSamples=75, gpuAvgMs=0.051, gpuMaxMs=0.063, gpuAvgMsPerMP=0.055
[31Aug2026 07:59:37.511] [Render thread/INFO] [Photonics/]: Photonics frame throughput v78: viewport=1311x707, windowSeconds=5.003, renderedFrames=300, fps=59.967, frameAvgMs=16.676
[31Aug2026 07:59:37.527] [Render thread/INFO] [Photonics/]: Photonics pass timing v73: group=restir direct, passes=[initial direct + visibility], viewport=1311x707, megapixels=0.927, cpuInvocations=300, cpuSubmitAvgMs=0.017, cpuSubmitMaxMs=0.068, gpuSamples=75, gpuAvgMs=0.250, gpuMaxMs=0.327, gpuAvgMsPerMP=0.269
[31Aug2026 07:59:37.594] [Render thread/INFO] [Photonics/]: Photonics pass timing v73: group=restir gi initial, passes=[initial indirect], viewport=1311x707, megapixels=0.927, cpuInvocations=300, cpuSubmitAvgMs=0.009, cpuSubmitMaxMs=0.020, gpuSamples=75, gpuAvgMs=0.840, gpuMaxMs=0.986, gpuAvgMsPerMP=0.906
[31Aug2026 07:59:37.594] [Render thread/INFO] [Photonics/]: Photonics pass timing v73: group=restir gi current state, passes=[capture current GI evaluation state], viewport=1311x707, megapixels=0.927, cpuInvocations=300, cpuSubmitAvgMs=0.004, cpuSubmitMaxMs=0.011, gpuSamples=75, gpuAvgMs=0.025, gpuMaxMs=0.038, gpuAvgMsPerMP=0.027
[31Aug2026 07:59:37.594] [Render thread/INFO] [Photonics/]: Photonics pass timing v73: group=restir temporal, passes=[temporal reuse + tri-state GI classification], viewport=1311x707, megapixels=0.927, cpuInvocations=300, cpuSubmitAvgMs=0.008, cpuSubmitMaxMs=0.019, gpuSamples=75, gpuAvgMs=0.586, gpuMaxMs=0.754, gpuAvgMsPerMP=0.632
[31Aug2026 07:59:37.645] [Render thread/INFO] [Photonics/]: Photonics pass timing v73: group=restir spatial, passes=[spatial reuse/clamp + tri-state GI classification], viewport=1311x707, megapixels=0.927, cpuInvocations=300, cpuSubmitAvgMs=0.008, cpuSubmitMaxMs=0.023, gpuSamples=75, gpuAvgMs=0.095, gpuMaxMs=0.116, gpuAvgMsPerMP=0.103
[31Aug2026 07:59:37.645] [Render thread/INFO] [Photonics/]: Photonics pass timing v73: group=restir diffuse, passes=[diffuse], viewport=1311x707, megapixels=0.927, cpuInvocations=300, cpuSubmitAvgMs=0.008, cpuSubmitMaxMs=0.164, gpuSamples=75, gpuAvgMs=0.216, gpuMaxMs=0.291, gpuAvgMsPerMP=0.233
[31Aug2026 07:59:37.645] [Render thread/INFO] [Photonics/]: Photonics pass timing v73: group=restir GI validity current, passes=[capture current direct/GI validity], viewport=1311x707, megapixels=0.927, cpuInvocations=300, cpuSubmitAvgMs=0.009, cpuSubmitMaxMs=0.024, gpuSamples=75, gpuAvgMs=0.155, gpuMaxMs=0.185, gpuAvgMsPerMP=0.167
[31Aug2026 07:59:37.695] [Render thread/INFO] [Photonics/]: Photonics pass timing v73: group=restir accumulation, passes=[accumulation], viewport=1311x707, megapixels=0.927, cpuInvocations=300, cpuSubmitAvgMs=0.009, cpuSubmitMaxMs=0.024, gpuSamples=75, gpuAvgMs=0.224, gpuMaxMs=0.248, gpuAvgMsPerMP=0.242
[31Aug2026 07:59:37.695] [Render thread/INFO] [Photonics/]: Photonics pass timing v73: group=restir GI validity final, passes=[capture post-accumulation history state], viewport=1311x707, megapixels=0.927, cpuInvocations=300, cpuSubmitAvgMs=0.006, cpuSubmitMaxMs=0.019, gpuSamples=75, gpuAvgMs=0.051, gpuMaxMs=0.060, gpuAvgMsPerMP=0.055
[31Aug2026 07:59:37.695] [Render thread/INFO] [Photonics/]: Photonics pass timing v73: group=svgf variance, passes=[variance prefilter], viewport=1311x707, megapixels=0.927, cpuInvocations=300, cpuSubmitAvgMs=0.004, cpuSubmitMaxMs=0.019, gpuSamples=75, gpuAvgMs=0.497, gpuMaxMs=0.550, gpuAvgMsPerMP=0.536
[31Aug2026 07:59:37.695] [Render thread/INFO] [Photonics/]: Photonics pass timing v73: group=svgf atrous, passes=[atrous iteration], viewport=1311x707, megapixels=0.927, cpuInvocations=1500, cpuSubmitAvgMs=0.003, cpuSubmitMaxMs=0.013, gpuSamples=375, gpuAvgMs=0.336, gpuMaxMs=0.404, gpuAvgMsPerMP=0.362
[31Aug2026 07:59:37.710] [Render thread/INFO] [Photonics/]: Photonics pass timing v73: group=restir local, passes=[exact local direct], viewport=1311x707, megapixels=0.927, cpuInvocations=300, cpuSubmitAvgMs=0.008, cpuSubmitMaxMs=0.041, gpuSamples=75, gpuAvgMs=0.007, gpuMaxMs=0.007, gpuAvgMsPerMP=0.007
[31Aug2026 07:59:37.727] [Render thread/INFO] [Photonics/]: Photonics pass timing v73: group=restir handheld, passes=[handheld], viewport=1311x707, megapixels=0.927, cpuInvocations=300, cpuSubmitAvgMs=0.009, cpuSubmitMaxMs=0.056, gpuSamples=75, gpuAvgMs=0.010, gpuMaxMs=0.011, gpuAvgMsPerMP=0.011
[31Aug2026 07:59:38.977] [Render thread/INFO] [Photonics/]: Photonics direct reservoir sample v64: samples=120, populated=4, emptyOrBackground=0, visibilityRejected=116, invalid=0, overLegacyCap=14, overTemporalCap=2, totalSamplesRange=32.0..697.5, viewport=1311x707
[31Aug2026 07:59:42.512] [Render thread/INFO] [Photonics/]: Photonics pass timing v73: group=frag data, passes=[frag data], viewport=1311x707, megapixels=0.927, cpuInvocations=300, cpuSubmitAvgMs=0.026, cpuSubmitMaxMs=0.078, gpuSamples=75, gpuAvgMs=0.052, gpuMaxMs=0.082, gpuAvgMsPerMP=0.057
[31Aug2026 07:59:42.512] [Render thread/INFO] [Photonics/]: Photonics frame throughput v78: viewport=1311x707, windowSeconds=5.002, renderedFrames=300, fps=59.978, frameAvgMs=16.673
[31Aug2026 07:59:42.529] [Render thread/INFO] [Photonics/]: Photonics pass timing v73: group=restir direct, passes=[initial direct + visibility], viewport=1311x707, megapixels=0.927, cpuInvocations=300, cpuSubmitAvgMs=0.017, cpuSubmitMaxMs=0.046, gpuSamples=75, gpuAvgMs=0.239, gpuMaxMs=0.279, gpuAvgMsPerMP=0.257
[31Aug2026 07:59:42.597] [Render thread/INFO] [Photonics/]: Photonics pass timing v73: group=restir gi initial, passes=[initial indirect], viewport=1311x707, megapixels=0.927, cpuInvocations=300, cpuSubmitAvgMs=0.009, cpuSubmitMaxMs=0.027, gpuSamples=75, gpuAvgMs=0.892, gpuMaxMs=0.978, gpuAvgMsPerMP=0.963
[31Aug2026 07:59:42.597] [Render thread/INFO] [Photonics/]: Photonics pass timing v73: group=restir gi current state, passes=[capture current GI evaluation state], viewport=1311x707, megapixels=0.927, cpuInvocations=300, cpuSubmitAvgMs=0.004, cpuSubmitMaxMs=0.013, gpuSamples=75, gpuAvgMs=0.027, gpuMaxMs=0.074, gpuAvgMsPerMP=0.029
[31Aug2026 07:59:42.597] [Render thread/INFO] [Photonics/]: Photonics pass timing v73: group=restir temporal, passes=[temporal reuse + tri-state GI classification], viewport=1311x707, megapixels=0.927, cpuInvocations=300, cpuSubmitAvgMs=0.009, cpuSubmitMaxMs=0.019, gpuSamples=75, gpuAvgMs=0.598, gpuMaxMs=0.743, gpuAvgMsPerMP=0.645
[31Aug2026 07:59:42.647] [Render thread/INFO] [Photonics/]: Photonics pass timing v73: group=restir spatial, passes=[spatial reuse/clamp + tri-state GI classification], viewport=1311x707, megapixels=0.927, cpuInvocations=300, cpuSubmitAvgMs=0.008, cpuSubmitMaxMs=0.026, gpuSamples=75, gpuAvgMs=0.104, gpuMaxMs=0.121, gpuAvgMsPerMP=0.112
[31Aug2026 07:59:42.647] [Render thread/INFO] [Photonics/]: Photonics pass timing v73: group=restir diffuse, passes=[diffuse], viewport=1311x707, megapixels=0.927, cpuInvocations=300, cpuSubmitAvgMs=0.008, cpuSubmitMaxMs=0.017, gpuSamples=75, gpuAvgMs=0.200, gpuMaxMs=0.237, gpuAvgMsPerMP=0.216
[31Aug2026 07:59:42.647] [Render thread/INFO] [Photonics/]: Photonics pass timing v73: group=restir GI validity current, passes=[capture current direct/GI validity], viewport=1311x707, megapixels=0.927, cpuInvocations=300, cpuSubmitAvgMs=0.009, cpuSubmitMaxMs=0.028, gpuSamples=75, gpuAvgMs=0.166, gpuMaxMs=0.184, gpuAvgMsPerMP=0.179
[31Aug2026 07:59:42.698] [Render thread/INFO] [Photonics/]: Photonics pass timing v73: group=restir accumulation, passes=[accumulation], viewport=1311x707, megapixels=0.927, cpuInvocations=300, cpuSubmitAvgMs=0.009, cpuSubmitMaxMs=0.020, gpuSamples=75, gpuAvgMs=0.234, gpuMaxMs=0.258, gpuAvgMsPerMP=0.252
[31Aug2026 07:59:42.698] [Render thread/INFO] [Photonics/]: Photonics pass timing v73: group=restir GI validity final, passes=[capture post-accumulation history state], viewport=1311x707, megapixels=0.927, cpuInvocations=300, cpuSubmitAvgMs=0.006, cpuSubmitMaxMs=0.023, gpuSamples=75, gpuAvgMs=0.054, gpuMaxMs=0.061, gpuAvgMsPerMP=0.058
[31Aug2026 07:59:42.698] [Render thread/INFO] [Photonics/]: Photonics pass timing v73: group=svgf variance, passes=[variance prefilter], viewport=1311x707, megapixels=0.927, cpuInvocations=300, cpuSubmitAvgMs=0.004, cpuSubmitMaxMs=0.014, gpuSamples=75, gpuAvgMs=0.519, gpuMaxMs=0.564, gpuAvgMsPerMP=0.559
[31Aug2026 07:59:42.698] [Render thread/INFO] [Photonics/]: Photonics pass timing v73: group=svgf atrous, passes=[atrous iteration], viewport=1311x707, megapixels=0.927, cpuInvocations=1500, cpuSubmitAvgMs=0.003, cpuSubmitMaxMs=0.043, gpuSamples=375, gpuAvgMs=0.349, gpuMaxMs=0.418, gpuAvgMsPerMP=0.377
[31Aug2026 07:59:42.713] [Render thread/INFO] [Photonics/]: Photonics pass timing v73: group=restir local, passes=[exact local direct], viewport=1311x707, megapixels=0.927, cpuInvocations=300, cpuSubmitAvgMs=0.008, cpuSubmitMaxMs=0.025, gpuSamples=75, gpuAvgMs=0.007, gpuMaxMs=0.007, gpuAvgMsPerMP=0.007
[31Aug2026 07:59:42.729] [Render thread/INFO] [Photonics/]: Photonics pass timing v73: group=restir handheld, passes=[handheld], viewport=1311x707, megapixels=0.927, cpuInvocations=300, cpuSubmitAvgMs=0.009, cpuSubmitMaxMs=0.056, gpuSamples=75, gpuAvgMs=0.010, gpuMaxMs=0.011, gpuAvgMsPerMP=0.011
[31Aug2026 07:59:46.981] [Render thread/INFO] [Photonics/]: Photonics direct reservoir sample v64: samples=120, populated=1, emptyOrBackground=0, visibilityRejected=119, invalid=0, overLegacyCap=9, overTemporalCap=3, totalSamplesRange=32.0..697.5, viewport=1311x707
[31Aug2026 07:59:47.515] [Render thread/INFO] [Photonics/]: Photonics pass timing v73: group=frag data, passes=[frag data], viewport=1311x707, megapixels=0.927, cpuInvocations=300, cpuSubmitAvgMs=0.025, cpuSubmitMaxMs=0.091, gpuSamples=75, gpuAvgMs=0.052, gpuMaxMs=0.078, gpuAvgMsPerMP=0.056
[31Aug2026 07:59:47.515] [Render thread/INFO] [Photonics/]: Photonics frame throughput v78: viewport=1311x707, windowSeconds=5.003, renderedFrames=300, fps=59.969, frameAvgMs=16.675
[31Aug2026 07:59:47.531] [Render thread/INFO] [Photonics/]: Photonics pass timing v73: group=restir direct, passes=[initial direct + visibility], viewport=1311x707, megapixels=0.927, cpuInvocations=300, cpuSubmitAvgMs=0.017, cpuSubmitMaxMs=0.056, gpuSamples=75, gpuAvgMs=0.226, gpuMaxMs=0.244, gpuAvgMsPerMP=0.244
[31Aug2026 07:59:47.599] [Render thread/INFO] [Photonics/]: Photonics pass timing v73: group=restir gi initial, passes=[initial indirect], viewport=1311x707, megapixels=0.927, cpuInvocations=300, cpuSubmitAvgMs=0.008, cpuSubmitMaxMs=0.021, gpuSamples=75, gpuAvgMs=0.890, gpuMaxMs=0.921, gpuAvgMsPerMP=0.960
[31Aug2026 07:59:47.599] [Render thread/INFO] [Photonics/]: Photonics pass timing v73: group=restir gi current state, passes=[capture current GI evaluation state], viewport=1311x707, megapixels=0.927, cpuInvocations=300, cpuSubmitAvgMs=0.004, cpuSubmitMaxMs=0.012, gpuSamples=75, gpuAvgMs=0.026, gpuMaxMs=0.042, gpuAvgMsPerMP=0.028
[31Aug2026 07:59:47.599] [Render thread/INFO] [Photonics/]: Photonics pass timing v73: group=restir temporal, passes=[temporal reuse + tri-state GI classification], viewport=1311x707, megapixels=0.927, cpuInvocations=300, cpuSubmitAvgMs=0.008, cpuSubmitMaxMs=0.015, gpuSamples=75, gpuAvgMs=0.565, gpuMaxMs=0.723, gpuAvgMsPerMP=0.610
[31Aug2026 07:59:47.649] [Render thread/INFO] [Photonics/]: Photonics pass timing v73: group=restir spatial, passes=[spatial reuse/clamp + tri-state GI classification], viewport=1311x707, megapixels=0.927, cpuInvocations=300, cpuSubmitAvgMs=0.008, cpuSubmitMaxMs=0.023, gpuSamples=75, gpuAvgMs=0.101, gpuMaxMs=0.107, gpuAvgMsPerMP=0.109
[31Aug2026 07:59:47.649] [Render thread/INFO] [Photonics/]: Photonics pass timing v73: group=restir diffuse, passes=[diffuse], viewport=1311x707, megapixels=0.927, cpuInvocations=300, cpuSubmitAvgMs=0.007, cpuSubmitMaxMs=0.018, gpuSamples=75, gpuAvgMs=0.193, gpuMaxMs=0.211, gpuAvgMsPerMP=0.208
[31Aug2026 07:59:47.649] [Render thread/INFO] [Photonics/]: Photonics pass timing v73: group=restir GI validity current, passes=[capture current direct/GI validity], viewport=1311x707, megapixels=0.927, cpuInvocations=300, cpuSubmitAvgMs=0.008, cpuSubmitMaxMs=0.021, gpuSamples=75, gpuAvgMs=0.166, gpuMaxMs=0.178, gpuAvgMsPerMP=0.179
[31Aug2026 07:59:47.700] [Render thread/INFO] [Photonics/]: Photonics pass timing v73: group=restir accumulation, passes=[accumulation], viewport=1311x707, megapixels=0.927, cpuInvocations=300, cpuSubmitAvgMs=0.009, cpuSubmitMaxMs=0.027, gpuSamples=75, gpuAvgMs=0.233, gpuMaxMs=0.247, gpuAvgMsPerMP=0.252
[31Aug2026 07:59:47.700] [Render thread/INFO] [Photonics/]: Photonics pass timing v73: group=restir GI validity final, passes=[capture post-accumulation history state], viewport=1311x707, megapixels=0.927, cpuInvocations=300, cpuSubmitAvgMs=0.006, cpuSubmitMaxMs=0.020, gpuSamples=75, gpuAvgMs=0.054, gpuMaxMs=0.060, gpuAvgMsPerMP=0.059
[31Aug2026 07:59:47.700] [Render thread/INFO] [Photonics/]: Photonics pass timing v73: group=svgf variance, passes=[variance prefilter], viewport=1311x707, megapixels=0.927, cpuInvocations=300, cpuSubmitAvgMs=0.004, cpuSubmitMaxMs=0.009, gpuSamples=75, gpuAvgMs=0.516, gpuMaxMs=0.534, gpuAvgMsPerMP=0.557
[31Aug2026 07:59:47.700] [Render thread/INFO] [Photonics/]: Photonics pass timing v73: group=svgf atrous, passes=[atrous iteration], viewport=1311x707, megapixels=0.927, cpuInvocations=1500, cpuSubmitAvgMs=0.003, cpuSubmitMaxMs=0.015, gpuSamples=375, gpuAvgMs=0.344, gpuMaxMs=0.406, gpuAvgMsPerMP=0.371
[31Aug2026 07:59:47.715] [Render thread/INFO] [Photonics/]: Photonics pass timing v73: group=restir local, passes=[exact local direct], viewport=1311x707, megapixels=0.927, cpuInvocations=300, cpuSubmitAvgMs=0.008, cpuSubmitMaxMs=0.022, gpuSamples=75, gpuAvgMs=0.007, gpuMaxMs=0.007, gpuAvgMsPerMP=0.007
[31Aug2026 07:59:47.731] [Render thread/INFO] [Photonics/]: Photonics pass timing v73: group=restir handheld, passes=[handheld], viewport=1311x707, megapixels=0.927, cpuInvocations=300, cpuSubmitAvgMs=0.009, cpuSubmitMaxMs=0.021, gpuSamples=75, gpuAvgMs=0.010, gpuMaxMs=0.011, gpuAvgMsPerMP=0.011
[31Aug2026 07:59:51.334] [Server thread/INFO] [net.minecraft.client.server.IntegratedServer/]: Saving and pausing game...
[31Aug2026 07:59:51.343] [Server thread/INFO] [net.minecraft.server.MinecraftServer/]: Saving chunks for level 'ServerLevel[New World1]'/minecraft:overworld
[31Aug2026 07:59:51.343] [Server thread/INFO] [dev.ryanhcode.sable.Sable/]: Saving sub-levels for level 'ServerLevel[New World1]'/minecraft:overworld
[31Aug2026 07:59:51.350] [Server thread/INFO] [net.minecraft.server.MinecraftServer/]: Saving chunks for level 'ServerLevel[New World1]'/minecraft:the_nether
[31Aug2026 07:59:51.350] [Server thread/INFO] [dev.ryanhcode.sable.Sable/]: Saving sub-levels for level 'ServerLevel[New World1]'/minecraft:the_nether
[31Aug2026 07:59:51.350] [Server thread/INFO] [net.minecraft.server.MinecraftServer/]: Saving chunks for level 'ServerLevel[New World1]'/minecraft:the_end
[31Aug2026 07:59:51.350] [Server thread/INFO] [dev.ryanhcode.sable.Sable/]: Saving sub-levels for level 'ServerLevel[New World1]'/minecraft:the_end
[31Aug2026 07:59:52.516] [Render thread/INFO] [Photonics/]: Photonics pass timing v73: group=frag data, passes=[frag data], viewport=1311x707, megapixels=0.927, cpuInvocations=300, cpuSubmitAvgMs=0.026, cpuSubmitMaxMs=0.076, gpuSamples=75, gpuAvgMs=0.053, gpuMaxMs=0.085, gpuAvgMsPerMP=0.058
[31Aug2026 07:59:52.516] [Render thread/INFO] [Photonics/]: Photonics frame throughput v78: viewport=1311x707, windowSeconds=5.002, renderedFrames=300, fps=59.982, frameAvgMs=16.672
[31Aug2026 07:59:52.533] [Render thread/INFO] [Photonics/]: Photonics pass timing v73: group=restir direct, passes=[initial direct + visibility], viewport=1311x707, megapixels=0.927, cpuInvocations=300, cpuSubmitAvgMs=0.016, cpuSubmitMaxMs=0.044, gpuSamples=75, gpuAvgMs=0.233, gpuMaxMs=0.249, gpuAvgMsPerMP=0.252
[31Aug2026 07:59:52.600] [Render thread/INFO] [Photonics/]: Photonics pass timing v73: group=restir gi initial, passes=[initial indirect], viewport=1311x707, megapixels=0.927, cpuInvocations=300, cpuSubmitAvgMs=0.008, cpuSubmitMaxMs=0.023, gpuSamples=75, gpuAvgMs=0.970, gpuMaxMs=0.986, gpuAvgMsPerMP=1.046
[31Aug2026 07:59:52.600] [Render thread/INFO] [Photonics/]: Photonics pass timing v73: group=restir gi current state, passes=[capture current GI evaluation state], viewport=1311x707, megapixels=0.927, cpuInvocations=300, cpuSubmitAvgMs=0.004, cpuSubmitMaxMs=0.012, gpuSamples=75, gpuAvgMs=0.030, gpuMaxMs=0.082, gpuAvgMsPerMP=0.032
[31Aug2026 07:59:52.600] [Render thread/INFO] [Photonics/]: Photonics pass timing v73: group=restir temporal, passes=[temporal reuse + tri-state GI classification], viewport=1311x707, megapixels=0.927, cpuInvocations=300, cpuSubmitAvgMs=0.008, cpuSubmitMaxMs=0.019, gpuSamples=75, gpuAvgMs=0.506, gpuMaxMs=0.547, gpuAvgMsPerMP=0.546
[31Aug2026 07:59:52.651] [Render thread/INFO] [Photonics/]: Photonics pass timing v73: group=restir spatial, passes=[spatial reuse/clamp + tri-state GI classification], viewport=1311x707, megapixels=0.927, cpuInvocations=299, cpuSubmitAvgMs=0.007, cpuSubmitMaxMs=0.023, gpuSamples=75, gpuAvgMs=0.115, gpuMaxMs=0.117, gpuAvgMsPerMP=0.124
[31Aug2026 07:59:52.651] [Render thread/INFO] [Photonics/]: Photonics pass timing v73: group=restir diffuse, passes=[diffuse], viewport=1311x707, megapixels=0.927, cpuInvocations=299, cpuSubmitAvgMs=0.007, cpuSubmitMaxMs=0.015, gpuSamples=75, gpuAvgMs=0.195, gpuMaxMs=0.209, gpuAvgMsPerMP=0.210
[31Aug2026 07:59:52.651] [Render thread/INFO] [Photonics/]: Photonics pass timing v73: group=restir GI validity current, passes=[capture current direct/GI validity], viewport=1311x707, megapixels=0.927, cpuInvocations=299, cpuSubmitAvgMs=0.008, cpuSubmitMaxMs=0.022, gpuSamples=75, gpuAvgMs=0.182, gpuMaxMs=0.187, gpuAvgMsPerMP=0.197
[31Aug2026 07:59:52.716] [Render thread/INFO] [Photonics/]: Photonics pass timing v73: group=restir accumulation, passes=[accumulation], viewport=1311x707, megapixels=0.927, cpuInvocations=300, cpuSubmitAvgMs=0.009, cpuSubmitMaxMs=0.018, gpuSamples=75, gpuAvgMs=0.245, gpuMaxMs=0.250, gpuAvgMsPerMP=0.264
[31Aug2026 07:59:52.716] [Render thread/INFO] [Photonics/]: Photonics pass timing v73: group=restir GI validity final, passes=[capture post-accumulation history state], viewport=1311x707, megapixels=0.927, cpuInvocations=300, cpuSubmitAvgMs=0.006, cpuSubmitMaxMs=0.022, gpuSamples=75, gpuAvgMs=0.059, gpuMaxMs=0.060, gpuAvgMsPerMP=0.063
[31Aug2026 07:59:52.716] [Render thread/INFO] [Photonics/]: Photonics pass timing v73: group=svgf variance, passes=[variance prefilter], viewport=1311x707, megapixels=0.927, cpuInvocations=300, cpuSubmitAvgMs=0.004, cpuSubmitMaxMs=0.025, gpuSamples=75, gpuAvgMs=0.549, gpuMaxMs=0.560, gpuAvgMsPerMP=0.593
[31Aug2026 07:59:52.716] [Render thread/INFO] [Photonics/]: Photonics pass timing v73: group=svgf atrous, passes=[atrous iteration], viewport=1311x707, megapixels=0.927, cpuInvocations=1500, cpuSubmitAvgMs=0.003, cpuSubmitMaxMs=0.011, gpuSamples=375, gpuAvgMs=0.369, gpuMaxMs=0.405, gpuAvgMsPerMP=0.398
[31Aug2026 07:59:52.716] [Render thread/INFO] [Photonics/]: Photonics pass timing v73: group=restir local, passes=[exact local direct], viewport=1311x707, megapixels=0.927, cpuInvocations=299, cpuSubmitAvgMs=0.008, cpuSubmitMaxMs=0.021, gpuSamples=75, gpuAvgMs=0.007, gpuMaxMs=0.007, gpuAvgMsPerMP=0.007
[31Aug2026 07:59:52.734] [Render thread/INFO] [Photonics/]: Photonics pass timing v73: group=restir handheld, passes=[handheld], viewport=1311x707, megapixels=0.927, cpuInvocations=299, cpuSubmitAvgMs=0.009, cpuSubmitMaxMs=0.024, gpuSamples=75, gpuAvgMs=0.011, gpuMaxMs=0.011, gpuAvgMsPerMP=0.011
[31Aug2026 07:59:53.449] [Netty Local Client IO #1/INFO] [dev.ryanhcode.sable.Sable/]: Client UDP channel inactive
[31Aug2026 07:59:53.449] [Netty Local Client IO #1/INFO] [dev.ryanhcode.sable.Sable/]: Closed UDP channel!
[31Aug2026 07:59:53.449] [Render thread/INFO] [DistantHorizons-DistantHorizons-com.seibel.distanthorizons.core.api.internal.ClientApi/]: Client on ClientOnly mode disconnecting.
[31Aug2026 07:59:53.450] [level shutdown/INFO] [DistantHorizons-DistantHorizons-com.seibel.distanthorizons.core.generation.queues.WorldGenerationQueue/]: Closing world gen queue
[31Aug2026 07:59:53.450] [level shutdown/INFO] [DistantHorizons-DistantHorizons-com.seibel.distanthorizons.core.generation.queues.WorldGenerationQueue/]: Closing world gen queue
[31Aug2026 07:59:53.450] [level shutdown/INFO] [DistantHorizons-DistantHorizons-com.seibel.distanthorizons.core.generation.queues.WorldGenerationQueue/]: Closing world gen queue
[31Aug2026 07:59:53.451] [level shutdown/INFO] [DistantHorizons-DistantHorizons-com.seibel.distanthorizons.core.generation.queues.WorldGenerationQueue/]: Closing WorldGenerationQueue...
[31Aug2026 07:59:53.451] [level shutdown/INFO] [DistantHorizons-DistantHorizons-com.seibel.distanthorizons.core.generation.queues.WorldGenerationQueue/]: Closing WorldGenerationQueue...
[31Aug2026 07:59:53.451] [level shutdown/INFO] [DistantHorizons-DistantHorizons-com.seibel.distanthorizons.core.generation.queues.WorldGenerationQueue/]: Closing WorldGenerationQueue...
[31Aug2026 07:59:53.451] [level shutdown/INFO] [DistantHorizons-DistantHorizons-com.seibel.distanthorizons.core.generation.queues.WorldGenerationQueue/]: Shutting down world generator thread pool...
[31Aug2026 07:59:53.451] [level shutdown/INFO] [DistantHorizons-DistantHorizons-com.seibel.distanthorizons.core.generation.queues.WorldGenerationQueue/]: Shutting down world generator thread pool...
[31Aug2026 07:59:53.451] [level shutdown/INFO] [DistantHorizons-DistantHorizons-com.seibel.distanthorizons.core.generation.queues.WorldGenerationQueue/]: Shutting down world generator thread pool...
[31Aug2026 07:59:53.451] [level shutdown/INFO] [DistantHorizons-DistantHorizons-com.seibel.distanthorizons.core.generation.queues.WorldGenerationQueue/]: World generator thread pool shutdown with [0] incomplete tasks.
[31Aug2026 07:59:53.451] [level shutdown/INFO] [DistantHorizons-DistantHorizons-com.seibel.distanthorizons.core.generation.queues.WorldGenerationQueue/]: World generator thread pool shutdown with [0] incomplete tasks.
[31Aug2026 07:59:53.451] [level shutdown/INFO] [DistantHorizons-DistantHorizons-com.seibel.distanthorizons.core.generation.queues.WorldGenerationQueue/]: World generator thread pool shutdown with [0] incomplete tasks.
[31Aug2026 07:59:53.452] [level shutdown/INFO] [DistantHorizons-DistantHorizons-com.seibel.distanthorizons.core.generation.BatchGenerator/]: [BatchGenerator] shutting down...
[31Aug2026 07:59:53.452] [level shutdown/INFO] [DistantHorizons-DistantHorizons-com.seibel.distanthorizons.core.generation.BatchGenerator/]: [BatchGenerator] shutting down...
[31Aug2026 07:59:53.452] [level shutdown/INFO] [DistantHorizons-DistantHorizons-com.seibel.distanthorizons.core.generation.BatchGenerator/]: [BatchGenerator] shutting down...
[31Aug2026 07:59:53.452] [level shutdown/INFO] [DistantHorizons-LOD World Gen/]: Closing [BatchGenerationEnvironment_neoforge]
[31Aug2026 07:59:53.452] [level shutdown/INFO] [DistantHorizons-LOD World Gen/]: Closing [BatchGenerationEnvironment_neoforge]
[31Aug2026 07:59:53.452] [level shutdown/INFO] [DistantHorizons-LOD World Gen/]: Closing [BatchGenerationEnvironment_neoforge]
[31Aug2026 07:59:53.452] [level shutdown/INFO] [DistantHorizons-DistantHorizons-com.seibel.distanthorizons.core.generation.queues.WorldGenerationQueue/]: Finished closing WorldGenerationQueue
[31Aug2026 07:59:53.452] [level shutdown/INFO] [DistantHorizons-DistantHorizons-com.seibel.distanthorizons.core.generation.queues.WorldGenerationQueue/]: Finished closing WorldGenerationQueue
[31Aug2026 07:59:53.452] [level shutdown/INFO] [DistantHorizons-DistantHorizons-com.seibel.distanthorizons.core.generation.queues.WorldGenerationQueue/]: Finished closing WorldGenerationQueue
[31Aug2026 07:59:53.452] [level shutdown/INFO] [DistantHorizons-DistantHorizons-com.seibel.distanthorizons.core.level.AbstractDhServerLevel/]: Closed DHLevel for [Wrapped{ServerLevel[New World1]@minecraft:the_end}].
[31Aug2026 07:59:53.452] [level shutdown/INFO] [DistantHorizons-DistantHorizons-com.seibel.distanthorizons.core.level.AbstractDhServerLevel/]: Closed DHLevel for [Wrapped{ServerLevel[New World1]@minecraft:the_nether}].
[31Aug2026 07:59:53.452] [level shutdown/INFO] [DistantHorizons-DistantHorizons-com.seibel.distanthorizons.core.level.AbstractDhServerLevel/]: Closed DHLevel for [Wrapped{ServerLevel[New World1]@minecraft:overworld}].
[31Aug2026 07:59:53.452] [level shutdown/INFO] [DistantHorizons-DistantHorizons-com.seibel.distanthorizons.core.level.AbstractDhServerLevel/]: Closed DhClientServerLevel for Wrapped{ServerLevel[New World1]@minecraft:the_end}
[31Aug2026 07:59:53.452] [level shutdown/INFO] [DistantHorizons-DistantHorizons-com.seibel.distanthorizons.core.level.AbstractDhServerLevel/]: Closed DhClientServerLevel for Wrapped{ServerLevel[New World1]@minecraft:overworld}
[31Aug2026 07:59:53.452] [level shutdown/INFO] [DistantHorizons-DistantHorizons-com.seibel.distanthorizons.core.level.AbstractDhServerLevel/]: Closed DhClientServerLevel for Wrapped{ServerLevel[New World1]@minecraft:the_nether}
[31Aug2026 07:59:53.452] [Render thread/INFO] [DistantHorizons-DistantHorizons-com.seibel.distanthorizons.core.world.AbstractDhWorld/]: Closed DhWorld of type [CLIENT_SERVER].
[31Aug2026 07:59:53.452] [level shutdown/INFO] [DistantHorizons-DistantHorizons-com.seibel.distanthorizons.core.level.AbstractDhServerLevel/]: Closed DHLevel for [Wrapped{ServerLevel[New World1]@minecraft:the_end}].
[31Aug2026 07:59:53.452] [level shutdown/INFO] [DistantHorizons-DistantHorizons-com.seibel.distanthorizons.core.level.AbstractDhServerLevel/]: Closed DHLevel for [Wrapped{ServerLevel[New World1]@minecraft:overworld}].
[31Aug2026 07:59:53.452] [level shutdown/INFO] [DistantHorizons-DistantHorizons-com.seibel.distanthorizons.core.level.AbstractDhServerLevel/]: Closed DhClientServerLevel for Wrapped{ServerLevel[New World1]@minecraft:the_end}
[31Aug2026 07:59:53.452] [level shutdown/INFO] [DistantHorizons-DistantHorizons-com.seibel.distanthorizons.core.level.AbstractDhServerLevel/]: Closed DHLevel for [Wrapped{ServerLevel[New World1]@minecraft:the_nether}].
[31Aug2026 07:59:53.452] [level shutdown/INFO] [DistantHorizons-DistantHorizons-com.seibel.distanthorizons.core.level.AbstractDhServerLevel/]: Closed DhClientServerLevel for Wrapped{ServerLevel[New World1]@minecraft:the_nether}
[31Aug2026 07:59:53.452] [level shutdown/INFO] [DistantHorizons-DistantHorizons-com.seibel.distanthorizons.core.level.AbstractDhServerLevel/]: Closed DhClientServerLevel for Wrapped{ServerLevel[New World1]@minecraft:overworld}
[31Aug2026 07:59:53.452] [Render thread/INFO] [DistantHorizons-DistantHorizons-com.seibel.distanthorizons.core.world.AbstractDhWorld/]: Closed DhWorld of type [CLIENT_SERVER].
[31Aug2026 07:59:53.452] [Render thread/INFO] [DistantHorizons-DistantHorizons-com.seibel.distanthorizons.core.util.threading.PriorityTaskPicker/]: Shutting down PriorityTaskPicker thread pool...
[31Aug2026 07:59:57.007] [Render thread/INFO] [DistantHorizons-DistantHorizons-com.seibel.distanthorizons.core.sql.repo.AbstractDhRepo/]: Closing all [3] database connections...
[31Aug2026 07:59:57.007] [Render thread/INFO] [DistantHorizons-DistantHorizons-com.seibel.distanthorizons.core.sql.repo.AbstractDhRepo/]: Closing database connection: [jdbc:dh_sqlite:/home/krzysztofkalisiak/.local/share/ModrinthApp/profiles/Create Aeronautics (1)/saves/New World1/DIM-1/data/DistantHorizons.sqlite]
[31Aug2026 07:59:57.008] [Render thread/INFO] [DistantHorizons-DistantHorizons-com.seibel.distanthorizons.core.sql.repo.AbstractDhRepo/]: Closing database connection: [jdbc:dh_sqlite:/home/krzysztofkalisiak/.local/share/ModrinthApp/profiles/Create Aeronautics (1)/saves/New World1/data/DistantHorizons.sqlite]
[31Aug2026 07:59:57.015] [Render thread/INFO] [DistantHorizons-DistantHorizons-com.seibel.distanthorizons.core.sql.repo.AbstractDhRepo/]: Closing database connection: [jdbc:dh_sqlite:/home/krzysztofkalisiak/.local/share/ModrinthApp/profiles/Create Aeronautics (1)/saves/New World1/DIM1/data/DistantHorizons.sqlite]
[31Aug2026 07:59:57.293] [Render thread/INFO] [xaero.hud.minimap.MinimapLogs/]: Xaero hud session finalized.
[31Aug2026 07:59:57.338] [Server thread/INFO] [net.minecraft.server.network.ServerGamePacketListenerImpl/]: Eutio lost connection: Disconnected
[31Aug2026 07:59:57.338] [Server thread/INFO] [net.minecraft.server.MinecraftServer/]: Eutio left the game
[31Aug2026 07:59:57.339] [Server thread/INFO] [DistantHorizons-DistantHorizons-com.seibel.distanthorizons.core.api.internal.ServerApi/]: Player [Eutio] disconnected.
[31Aug2026 07:59:57.345] [Server thread/INFO] [net.minecraft.server.network.ServerCommonPacketListenerImpl/]: Stopping singleplayer server as player logged out
[31Aug2026 07:59:57.385] [Server thread/INFO] [net.minecraft.server.MinecraftServer/]: Stopping server
[31Aug2026 07:59:57.385] [Server thread/INFO] [net.minecraft.server.MinecraftServer/]: Saving players
[31Aug2026 07:59:57.386] [Server thread/INFO] [net.minecraft.server.MinecraftServer/]: Saving worlds
[31Aug2026 07:59:57.403] [Server thread/INFO] [net.minecraft.server.MinecraftServer/]: Saving chunks for level 'ServerLevel[New World1]'/minecraft:overworld
[31Aug2026 07:59:57.403] [Server thread/INFO] [dev.ryanhcode.sable.Sable/]: Saving sub-levels for level 'ServerLevel[New World1]'/minecraft:overworld
[31Aug2026 07:59:57.416] [Server thread/INFO] [net.minecraft.server.MinecraftServer/]: Saving chunks for level 'ServerLevel[New World1]'/minecraft:the_nether
[31Aug2026 07:59:57.416] [Server thread/INFO] [dev.ryanhcode.sable.Sable/]: Saving sub-levels for level 'ServerLevel[New World1]'/minecraft:the_nether
[31Aug2026 07:59:57.420] [Server thread/INFO] [net.minecraft.server.MinecraftServer/]: Saving chunks for level 'ServerLevel[New World1]'/minecraft:the_end
[31Aug2026 07:59:57.420] [Server thread/INFO] [dev.ryanhcode.sable.Sable/]: Saving sub-levels for level 'ServerLevel[New World1]'/minecraft:the_end
[31Aug2026 07:59:57.427] [Server thread/INFO] [net.minecraft.server.MinecraftServer/]: ThreadedAnvilChunkStorage (New World1): All chunks are saved
[31Aug2026 07:59:57.427] [Server thread/INFO] [net.minecraft.server.MinecraftServer/]: ThreadedAnvilChunkStorage (DIM-1): All chunks are saved
[31Aug2026 07:59:57.427] [Server thread/INFO] [net.minecraft.server.MinecraftServer/]: ThreadedAnvilChunkStorage (DIM1): All chunks are saved
[31Aug2026 07:59:57.427] [Server thread/INFO] [net.minecraft.server.MinecraftServer/]: ThreadedAnvilChunkStorage: All dimensions are saved
[31Aug2026 07:59:57.446] [Render thread/INFO] [ChunkBuilder/]: Stopping worker threads
[31Aug2026 08:00:02.111] [Render thread/INFO] [com.simibubi.create.Create/]: Created 157 recipes which will be injected into the game
[31Aug2026 08:00:02.112] [Render thread/INFO] [com.simibubi.create.Create/]: Created 0 tags which will be injected into the game
[31Aug2026 08:00:02.416] [Worker-Main-4/ERROR] [net.minecraft.world.level.storage.loot.LootDataType/]: Couldn't parse element ResourceKey[minecraft:root / minecraft:loot_table]:simurail:blocks/automatic_coupler - Not a valid resource location: simurail:blocks/simurail:automatic_coupler Non [a-z0-9/._-] character in path of location: simurail:blocks/simurail:automatic_coupler
[31Aug2026 08:00:02.535] [Render thread/INFO] [net.minecraft.world.item.crafting.RecipeManager/]: Loaded 2948 recipes
[31Aug2026 08:00:02.592] [Render thread/INFO] [net.minecraft.advancements.AdvancementTree/]: Loaded 2644 advancements
[31Aug2026 08:00:03.052] [Server thread/INFO] [net.minecraft.client.server.IntegratedServer/]: Starting integrated minecraft server version 1.21.1
[31Aug2026 08:00:03.052] [Server thread/INFO] [net.minecraft.server.MinecraftServer/]: Generating keypair
[31Aug2026 08:00:03.097] [Server thread/INFO] [DistantHorizons-DistantHorizons-com.seibel.distanthorizons.core.world.AbstractDhWorld/]: Started DhWorld of type [CLIENT_SERVER].
[31Aug2026 08:00:03.097] [Server thread/INFO] [DistantHorizons-DistantHorizons-com.seibel.distanthorizons.core.util.threading.PriorityTaskPicker/]: Shutting down PriorityTaskPicker thread pool...
[31Aug2026 08:00:03.097] [Server thread/INFO] [dev.ryanhcode.sable.Sable/]: Creating physics pipeline for ResourceKey[minecraft:dimension / minecraft:overworld] using RapierPhysicsPipelineProvider
[31Aug2026 08:00:03.123] [DH-Full Data Migration Thread[0]/INFO] [DistantHorizons-DistantHorizons-com.seibel.distanthorizons.core.file.fullDatafile.V2.DataMigratorV1/]: No migration necessary.
[31Aug2026 08:00:03.126] [Server thread/INFO] [DistantHorizons-DistantHorizons-com.seibel.distanthorizons.core.level.AbstractDhServerLevel/]: Started DhClientServerLevel for [Wrapped{ServerLevel[New World1]@minecraft:overworld}] at [[LocalSaveStructure@(/home/krzysztofkalisiak/.local/share/ModrinthApp/profiles/Create Aeronautics (1)/saves/New World1/data)]].
[31Aug2026 08:00:03.130] [Server thread/INFO] [dev.ryanhcode.sable.Sable/]: Creating physics pipeline for ResourceKey[minecraft:dimension / minecraft:the_nether] using RapierPhysicsPipelineProvider
[31Aug2026 08:00:03.141] [DH-Full Data Migration Thread[0]/INFO] [DistantHorizons-DistantHorizons-com.seibel.distanthorizons.core.file.fullDatafile.V2.DataMigratorV1/]: No migration necessary.
[31Aug2026 08:00:03.143] [Server thread/INFO] [DistantHorizons-DistantHorizons-com.seibel.distanthorizons.core.level.AbstractDhServerLevel/]: Started DhClientServerLevel for [Wrapped{ServerLevel[New World1]@minecraft:the_nether}] at [[LocalSaveStructure@(/home/krzysztofkalisiak/.local/share/ModrinthApp/profiles/Create Aeronautics (1)/saves/New World1/data;/home/krzysztofkalisiak/.local/share/ModrinthApp/profiles/Create Aeronautics (1)/saves/New World1/DIM-1/data)]].
[31Aug2026 08:00:03.144] [Server thread/INFO] [dev.ryanhcode.sable.Sable/]: Creating physics pipeline for ResourceKey[minecraft:dimension / minecraft:the_end] using RapierPhysicsPipelineProvider
[31Aug2026 08:00:03.153] [DH-Full Data Migration Thread[0]/INFO] [DistantHorizons-DistantHorizons-com.seibel.distanthorizons.core.file.fullDatafile.V2.DataMigratorV1/]: No migration necessary.
[31Aug2026 08:00:03.154] [Server thread/INFO] [DistantHorizons-DistantHorizons-com.seibel.distanthorizons.core.level.AbstractDhServerLevel/]: Started DhClientServerLevel for [Wrapped{ServerLevel[New World1]@minecraft:the_end}] at [[LocalSaveStructure@(/home/krzysztofkalisiak/.local/share/ModrinthApp/profiles/Create Aeronautics (1)/saves/New World1/DIM1/data;/home/krzysztofkalisiak/.local/share/ModrinthApp/profiles/Create Aeronautics (1)/saves/New World1/data;/home/krzysztofkalisiak/.local/share/ModrinthApp/profiles/Create Aeronautics (1)/saves/New World1/DIM-1/data)]].
[31Aug2026 08:00:03.154] [Server thread/INFO] [net.minecraft.server.MinecraftServer/]: Preparing start region for dimension minecraft:overworld
[31Aug2026 08:00:03.177] [Server thread/INFO] [net.neoforged.neoforge.server.permission.PermissionAPI/]: Successfully initialized permission handler neoforge:default_handler
[31Aug2026 08:00:03.177] [Server thread/INFO] [me.yurtema.searchlights.Searchlights/]: HELLO from server starting
[31Aug2026 08:00:03.181] [Render thread/INFO] [net.minecraft.server.level.progress.LoggerChunkProgressListener/]: Preparing spawn area: 0%
[31Aug2026 08:00:03.182] [Render thread/INFO] [net.minecraft.server.level.progress.LoggerChunkProgressListener/]: Time elapsed: 17 ms
[31Aug2026 08:00:03.184] [Server thread/INFO] [net.minecraft.client.server.IntegratedServer/]: Changing simulation distance to 10, from 0
[31Aug2026 08:00:03.232] [Render thread/INFO] [dev.ryanhcode.sable.Sable/]: Adding local UDP server channel future
[31Aug2026 08:00:03.232] [Render thread/WARN] [io.netty.bootstrap.Bootstrap/]: Unknown channel option 'SO_BROADCAST' for channel '[id: 0x9a737723]'
[31Aug2026 08:00:03.233] [Netty Server IO #5/INFO] [dev.ryanhcode.sable.Sable/]: Server UDP channel active
[31Aug2026 08:00:03.234] [Render thread/INFO] [dev.ryanhcode.sable.Sable/]: Starting local client UDP channel future
[31Aug2026 08:00:03.234] [Netty Local Client IO #3/INFO] [dev.ryanhcode.sable.Sable/]: Client UDP channel active
[31Aug2026 08:00:03.369] [Server thread/INFO] [net.minecraft.server.players.PlayerList/]: Eutio[local:E:ff698a9c] logged in with entity id 41 at (-2.4329862113400402, 9.982788019496976, -10.868495566310559)
[31Aug2026 08:00:03.369] [Server thread/INFO] [dev.ryanhcode.sable.Sable/]: Beginning attempted authentication with player Eutio
[31Aug2026 08:00:03.384] [Render thread/INFO] [xaero.hud.minimap.MinimapLogs/]: Minimap required item set to nothing.
[31Aug2026 08:00:03.384] [Render thread/INFO] [xaero.hud.minimap.MinimapLogs/]: New Xaero hud session initialized!
[31Aug2026 08:00:03.389] [Server thread/INFO] [net.minecraft.server.MinecraftServer/]: Eutio joined the game
[31Aug2026 08:00:03.394] [Render thread/INFO] [Iris/]: Reloading pipeline on dimension change: minecraft:overworld => minecraft:overworld
[31Aug2026 08:00:03.394] [Render thread/INFO] [Photonics/]: Photonics history reset v72: reason=pipeline-destroyed, generation=2
[31Aug2026 08:00:03.394] [Render thread/INFO] [Photonics/]: Photonics chunk compiler v72 stopped: pendingSections=0, memory=jvmHeap={usedBytes=2055837360, committedBytes=4810866688, maxBytes=8589934592}, jvmGc={collections=114, timeMs=1263}, worldHeap=GpuBufferHeapStats[capacityBytes=536870912, reservedBytes=138407540, liveBytes=138401268, peakLiveBytes=138401268, reusableBytes=6272, allocations=154925, reusedAllocations=43456, frees=43503, failedAllocations=0], paletteHeap=GpuBufferHeapStats[capacityBytes=201326592, reservedBytes=58560, liveBytes=58560, peakLiveBytes=58560, reusableBytes=0, allocations=697, reusedAllocations=87, frees=87, failedAllocations=0], registries={lights=Stats[cachedObjects=1, pendingFreeObjects=0, allocatedObjects=1, failedAllocations=0], palettes=Stats[cachedObjects=610, pendingFreeObjects=0, allocatedObjects=697, failedAllocations=0], blocks=Stats[cachedObjects=1353, pendingFreeObjects=0, allocatedObjects=1437, failedAllocations=0], models=Stats[cachedObjects=29, pendingFreeObjects=0, allocatedObjects=31, failedAllocations=0]}
[31Aug2026 08:00:03.396] [Server thread/INFO] [DistantHorizons-DistantHorizons-com.seibel.distanthorizons.core.api.internal.ServerApi/]: Player [Eutio] joined.
[31Aug2026 08:00:03.397] [Render thread/INFO] [Photonics/]: Photonics light registry contains 127 light definitions for 98 blocks
[31Aug2026 08:00:03.397] [Render thread/INFO] [Iris/]: Destroying pipeline minecraft:overworld
[31Aug2026 08:00:03.408] [Render thread/INFO] [Photonics/]: Loaded ph_lights.json for shader pack 'photon-main (1).zip'
[31Aug2026 08:00:03.412] [Render thread/INFO] [Photonics/]: Photonics light registry contains 231 light definitions for 115 blocks
[31Aug2026 08:00:03.412] [Render thread/INFO] [Photonics/]: Photonics pipeline for 'photon-main (1).zip': enabled=true, mode=RESTIR, blockLight=true, gi=true, blockLightGi=false, handheld=true, shaderPackRenderScale=1.0, renderScale=1.0, giRenderScale=1.0, temporalUpscalerRequested=false, temporalUpscalerSourceScale=1.0, temporalUpscalerActive=false, temporalUpscalerHistoryFrames=8, maxLights=4000, maxSamples=20, restirInitial=32, restirSpatial=0, restirDenoiser=5, restirGiDenoiser=0, restirSoftShadows=false, restirCombinedGi=true
[31Aug2026 08:00:03.660] [DH-Request Module Ticker [minecraft:overworld] Thread[0]/INFO] [DistantHorizons-DistantHorizons-com.seibel.distanthorizons.core.generation.BatchGenerator/]: Batch Chunk Generator initialized
[31Aug2026 08:00:03.660] [DH-Request Module Ticker [minecraft:overworld] Thread[0]/INFO] [DistantHorizons-DistantHorizons-com.seibel.distanthorizons.core.generation.queues.WorldGenerationQueue/]: Creating world gen queue
[31Aug2026 08:00:03.660] [DH-Request Module Ticker [minecraft:overworld] Thread[0]/INFO] [DistantHorizons-DistantHorizons-com.seibel.distanthorizons.core.generation.queues.WorldGenerationQueue/]: Created world gen queue
[31Aug2026 08:00:03.660] [DH-Request Module Ticker [minecraft:overworld] Thread[0]/INFO] [DistantHorizons-DistantHorizons-com.seibel.distanthorizons.core.file.fullDatafile.GeneratedFullDataSourceProvider/]: Set world gen queue for level [minecraft:overworld].
[31Aug2026 08:00:03.662] [DH-Request Module Ticker [minecraft:the_nether] Thread[0]/INFO] [DistantHorizons-DistantHorizons-com.seibel.distanthorizons.core.generation.BatchGenerator/]: Batch Chunk Generator initialized
[31Aug2026 08:00:03.662] [DH-Request Module Ticker [minecraft:the_nether] Thread[0]/INFO] [DistantHorizons-DistantHorizons-com.seibel.distanthorizons.core.generation.queues.WorldGenerationQueue/]: Creating world gen queue
[31Aug2026 08:00:03.662] [DH-Request Module Ticker [minecraft:the_nether] Thread[0]/INFO] [DistantHorizons-DistantHorizons-com.seibel.distanthorizons.core.generation.queues.WorldGenerationQueue/]: Created world gen queue
[31Aug2026 08:00:03.662] [DH-Request Module Ticker [minecraft:the_nether] Thread[0]/INFO] [DistantHorizons-DistantHorizons-com.seibel.distanthorizons.core.file.fullDatafile.GeneratedFullDataSourceProvider/]: Set world gen queue for level [minecraft:the_nether].
[31Aug2026 08:00:03.673] [DH-Request Module Ticker [minecraft:the_end] Thread[0]/INFO] [DistantHorizons-DistantHorizons-com.seibel.distanthorizons.core.generation.BatchGenerator/]: Batch Chunk Generator initialized
[31Aug2026 08:00:03.674] [DH-Request Module Ticker [minecraft:the_end] Thread[0]/INFO] [DistantHorizons-DistantHorizons-com.seibel.distanthorizons.core.generation.queues.WorldGenerationQueue/]: Creating world gen queue
[31Aug2026 08:00:03.674] [DH-Request Module Ticker [minecraft:the_end] Thread[0]/INFO] [DistantHorizons-DistantHorizons-com.seibel.distanthorizons.core.generation.queues.WorldGenerationQueue/]: Created world gen queue
[31Aug2026 08:00:03.674] [DH-Request Module Ticker [minecraft:the_end] Thread[0]/INFO] [DistantHorizons-DistantHorizons-com.seibel.distanthorizons.core.file.fullDatafile.GeneratedFullDataSourceProvider/]: Set world gen queue for level [minecraft:the_end].
[31Aug2026 08:00:03.727] [Render thread/INFO] [Photonics/]: Photonics scene hash diff diagnostics enabled
[31Aug2026 08:00:03.728] [Render thread/INFO] [Photonics/]: Photonics feature increment: v65 upstream traversal guard, hand texture-normal evaluation, immature-history edge variance, and variance-guided full SVGF passes; direct-light-v64 proxy ownership retained
[31Aug2026 08:00:03.728] [Render thread/INFO] [Photonics/]: Photonics GI foundation v99: finite full-position indirect reservoirs, corrected primary-ray origin/origin rebasing/explicit sky hits, Jacobian-weighted world-hit temporal reuse for world and Sable receivers, geometric-normal-consistent indirect energy, explicit empty non-world reservoirs, hand temporal isolation, and selected-reservoir visibility validation
[31Aug2026 08:00:03.728] [Render thread/INFO] [Photonics/]: Photonics ReSTIR GI v79: combinedGi=true, splitGi=false, directScale=1.0, giScale=1.0, directDenoiserPasses=5, giDenoiserPasses=0, giPipeline=independent-frag-grid+reservoirs+history+svgf, composition=post-estimator-screen-space
[31Aug2026 08:00:03.728] [Render thread/INFO] [Photonics/]: Photonics split-GI reconstruction v81: receiver-aware four-tap interpolation with unsupported-pixel nearest-compatible fallback
[31Aug2026 08:00:03.728] [Render thread/INFO] [Photonics/]: Photonics GI stability v82: world-hit temporal reservoir reuse enabled for rigidly reprojected Sable receivers; hand history remains isolated
[31Aug2026 08:00:03.728] [Render thread/INFO] [Photonics/]: Photonics GI stability v128: radiance history follows stable block-state changes; initial loads, skylight settling, copied-state identity changes, and streamed voxel layout revisions remain path-validation-only; GI history stays eligible while voxel layout is unsettled and changed paths are rejected locally
[31Aug2026 08:00:03.728] [Render thread/INFO] [Photonics/]: Photonics GI stability v133: initial all-air population is path-validation-only, real content edits invalidate regional radiance, and geometrically validated zero-radiance history recovery remains eligible after layout settling
[31Aug2026 08:00:03.728] [Render thread/INFO] [Photonics/]: Photonics GI stability v138: current GI batches require published-tree readiness rather than the settling delay; unresolved r7 samples are invalidated before SVGF spatial filtering
[31Aug2026 08:00:03.728] [Render thread/INFO] [Photonics/]: Photonics GI continuity v146: scene-epoch mismatches are resolved by current-tree path validation; validated previous radiance remains presentation-only until fresh transport arrives
[31Aug2026 08:00:03.728] [Render thread/INFO] [Photonics/]: Photonics GI state v147: current r3 evaluation and finite-batch state are captured before temporal/spatial reuse; r7 commits only complete current GI frames, preserves presentation-only history epochs, and uses stream-aware positive-count history validity
[31Aug2026 08:00:03.728] [Render thread/INFO] [Photonics/]: Photonics direct startup v100: unbiased logarithmic camera-rank strata for large light lists with exact compact-list prefix proposals
[31Aug2026 08:00:03.728] [Render thread/INFO] [Photonics/]: Photonics direct visibility v107: requestedLanes=1, effectiveLanes=1, policy=disjoint-proposal-lanes/exact-original-pdf/visibility-before-unbiased-lane-merge
[31Aug2026 08:00:03.728] [Render thread/INFO] [Photonics/]: Photonics ReSTIR GI transport v85+: stochastic tinted-glass traversal and endpoint-first transparent-hit validation
[31Aug2026 08:00:03.728] [Render thread/INFO] [Photonics/]: Photonics GI environment v115: initialized independently in the indirect pass; native Photon reads direct sun and hemispherical skylight from colortex4; sunProposalDiagnostic=false
[31Aug2026 08:00:03.728] [Render thread/INFO] [Photonics/]: Photonics GI environment v117: environment proposals remain active during section streaming; the v116 global pause was removed because it created camera-dependent dark fill
[31Aug2026 08:00:03.728] [Render thread/INFO] [Photonics/]: Photonics world upload v117: voxel-tree mutation is fenced before allocator reuse; tree-dependent uniforms remain published after the completed upload
[31Aug2026 08:00:03.728] [Render thread/WARN] [Photonics/]: Photonics combined-GI validity channel diagnostic v144 enabled via -Dphotonics.restirGiValidityChannelsDiagnostic=true; production lighting/variance/external outputs and denoising remain active, private current/final attachments separate GI batch presence from usable positive-radiance samples and store readiness/settled/history/scene-state bits
[31Aug2026 08:00:03.728] [Render thread/INFO] [Photonics/]: Photonics stability v86: deterministic thin-cutout GI coverage and bounded palette-heap compiler recovery probes
[31Aug2026 08:00:03.729] [Render thread/INFO] [Photonics/]: Photonics ReSTIR GI validation v88: triState=valid/blocked-current-receiver/stale, blockedHistoryM=preserved-once-with-zero-energy, staleHistoryM=excluded, maxTemporalCandidates=1, maxSpatialCandidates=1, maxTraversalSteps=128
[31Aug2026 08:00:03.729] [Render thread/INFO] [Photonics/]: Photonics feature set: direct-light-v64 expiring Contraption Lights proxy ownership with a conservative nearby unmatched-proxy quarantine, position-matched Sable light alias trail with registry/profile diagnostics and render-thread-owned external merge, full-precision motion-grid Sable receiver visibility and endpoint-safe conservative traversal, dual-space Sable light de-duplication, production composite restored after v57 reservoir diagnostics, corrected indirect hit-normal decoding, full temporal reservoir retention for Sable external lighting, randomized systematic world-light proposals, Sable skylight-transition diagnostics with opt-in getter freeze, post-denoise exact Sable-local direct stream and fail-closed same-domain visibility, camera-relative double-composed Sable reprojection, normal-guided receiver classification, tri-state same-sublevel visibility and conservative supercover voxel traversal, sampling-time receiver-domain partition with exact same-sublevel direct lighting, external-only Sable reservoirs and soft-shadow local-visibility-signature-guided Sable SVGF support, preserved all-zero current proposal batches, elapsed-time moving-light hysteresis and unsnapped render-pose positions, rejected spatial-batch accounting, receiver-domain-complete stable/external history partition and rigid-motion Sable spatial reuse, bounded visibility-rejected reservoirs and representative-scoped external reactivity, split stable/external accumulation histories and stale Sable material recovery, explicit emitter motion-domain identity, motion-domain-stable receiver-relative light-history limits, previous-light position metadata, rotation-correct cross-sublevel motion, guarded ordinary-world all-light and external-only Sable single-neighbor spatial reuse, immutable spatial input, current-receiver visibility validation, bounded spatial history, independent spatial random stream, bounded reservoirs, zero-contribution batch accounting, actual-motion reactive lights, stable-anchor Sable reprojection, surface-plane SVGF, visibility-transition provenance, stable Sable identity, current-visible temporal reuse, Sable plot-section isolation, deterministic diagonal cutouts, generation-aligned adaptive stratified ReSTIR proposals, exposed-face Sable local visibility, duplicate Veil point-light suppression, moving-light and Iris material bridges; finite-segment OOB visibility and tree-origin tracing, masked passes, texture barriers, accumulation, denoising, handheld; Sable-receiver world/cross-sublevel spatial reuse and combined GI compatibility gates active
[31Aug2026 08:00:03.729] [Render thread/INFO] [Photonics/]: Photonics ReSTIR configuration v107: directCandidatesPerPixel=32, directTemporalSampleCap=640, directVisibilityLanes=1, directOutputSampleCap=world-128/sable-temporal-cap, spatialCandidates=0, spatialRadiusPixels=5.0, output=split-direct-and-gi-radiance-plus-exact-sable-local, samplingPolicy=large-list-logarithmic-rank-strata+compact-list-systematic-prefix-tail+distinct-priority-prefix/sable-external-reservoir/exact-all-same-token-lights/fail-closed-tri-state-conservative-local-dda/full-precision-motion-grid-receiver/normal-biased-endpoint/preserved-zero-current-batches, spatialPolicy=receiver-matched-current-frame/external-only-sable/current-rejection-accounting/immutable-input/initial-batch-cap+rejected-fallback-cap+background-finalization, historyPolicy=receiver-domain-complete-split-stable-external/direct-only-full-rigid-local-history/camera-relative-double-compose/normal-guided-receiver/soft-local-signature-reset/visibility-transition-reset/representative-scoped-external-reactivity/explicit-emitter-domain/0.15-block-trail/2-frame-floor, lightListPolicy=position-matched-250ms-alias-trail/250ms-after-loss-minecraft-light-proxy-ownership/125ms+2-frame-unmatched-proxy-quarantine/3-cell-alias-radius/render-thread-owned-merge, motionHoldMs=250, denoiserPolicy=post-denoise-exact-local-hard-shadow+representative-gated-world+soft-local-signature-sable, sableSkyLightDiagnostic=transition-log/optional-freeze-getter, directDenoiserPasses=5, giDenoiserPasses=0, softShadows=false, combinedGi=true, splitGi=false
[31Aug2026 08:00:03.735] [Render thread/INFO] [Photonics/]: Photonics framebuffer capacity v68: buffer=side-a, attachments=8, maxDrawBuffers=8, maxColorAttachments=8
[31Aug2026 08:00:03.736] [Render thread/INFO] [Photonics/]: Photonics framebuffer capacity v68: buffer=side-b, attachments=8, maxDrawBuffers=8, maxColorAttachments=8
[31Aug2026 08:00:03.738] [Render thread/INFO] [Photonics/]: Photonics history reset v18: reason=pipeline-created, generation=3, dimension=minecraft:overworld
[31Aug2026 08:00:03.738] [Render thread/INFO] [Iris/]: Creating pipeline for dimension minecraft:overworld
[31Aug2026 08:00:03.828] [Render thread/INFO] [org.anarres.cpp.DefaultPreprocessorListener/]: null:0:0: error: #endif without #if
[31Aug2026 08:00:03.879] [Render thread/INFO] [org.anarres.cpp.DefaultPreprocessorListener/]: null:0:0: error: #endif without #if
[31Aug2026 08:00:03.919] [Render thread/INFO] [org.anarres.cpp.DefaultPreprocessorListener/]: null:0:0: error: #endif without #if
[31Aug2026 08:00:03.950] [Render thread/INFO] [org.anarres.cpp.DefaultPreprocessorListener/]: null:0:0: error: #endif without #if
[31Aug2026 08:00:03.975] [Render thread/INFO] [org.anarres.cpp.DefaultPreprocessorListener/]: null:0:0: error: #endif without #if
[31Aug2026 08:00:03.993] [Render thread/INFO] [org.anarres.cpp.DefaultPreprocessorListener/]: null:0:0: error: #endif without #if
[31Aug2026 08:00:04.003] [Render thread/INFO] [org.anarres.cpp.DefaultPreprocessorListener/]: null:0:0: error: #endif without #if
[31Aug2026 08:00:04.013] [Render thread/INFO] [org.anarres.cpp.DefaultPreprocessorListener/]: null:0:0: error: #endif without #if
[31Aug2026 08:00:04.022] [Render thread/INFO] [org.anarres.cpp.DefaultPreprocessorListener/]: null:0:0: error: #endif without #if
[31Aug2026 08:00:04.034] [Render thread/INFO] [org.anarres.cpp.DefaultPreprocessorListener/]: null:0:0: error: #endif without #if
[31Aug2026 08:00:04.043] [Render thread/INFO] [org.anarres.cpp.DefaultPreprocessorListener/]: null:0:0: error: #endif without #if
[31Aug2026 08:00:04.054] [Render thread/INFO] [org.anarres.cpp.DefaultPreprocessorListener/]: null:0:0: error: #endif without #if
[31Aug2026 08:00:04.064] [Render thread/INFO] [org.anarres.cpp.DefaultPreprocessorListener/]: null:0:0: error: #endif without #if
[31Aug2026 08:00:04.073] [Render thread/INFO] [org.anarres.cpp.DefaultPreprocessorListener/]: null:0:0: error: #endif without #if
[31Aug2026 08:00:04.366] [Render thread/WARN] [flywheel/]: Flywheel backend fell back from 'flywheel:indirect' to 'flywheel:off'
[31Aug2026 08:00:04.368] [Render thread/INFO] [ChunkBuilder/]: Started 10 worker threads
[31Aug2026 08:00:04.389] [Render thread/INFO] [xaero.hud.minimap.MinimapLogs/]: Minimap updated server level id: -1668003663 for world ResourceKey[minecraft:dimension / minecraft:overworld]
[31Aug2026 08:00:04.390] [Render thread/INFO] [net.minecraft.advancements.AdvancementTree/]: Loaded 35 advancements
[31Aug2026 08:00:04.418] [Render thread/INFO] [Photonics/]: Photonics v43 Sable source validation: zeroLuminanceButTraced=0, rejectedMaterial=0, recoveredStaleMaterial=0, firstIssue=none
[31Aug2026 08:00:04.432] [Render thread/INFO] [Photonics/]: Photonics world tracing v138: layoutRevision=0, layoutReason=none, sceneRevision=0, settled=false, compiledSections=0, trackedSections=0, batchBuilt=0, batchUnloaded=0, pendingBuilds=0, pendingUnloads=0, ready=false, depth=0, blockBounds=( 0.000E+0  0.000E+0  0.000E+0)..( 0.000E+0  0.000E+0  0.000E+0), treeBounds=( 0.000E+0  0.000E+0  0.000E+0)..( 0.000E+0  0.000E+0  0.000E+0), origin=( 0.000E+0  0.000E+0  0.000E+0), sceneChangeBounds=none, boundsSource=tree, compileMs=0.000
[31Aug2026 08:00:04.432] [Render thread/INFO] [Photonics/]: Photonics v35 direct-light prefixes: movingLights=0, externalLights=0, totalLights=0, proposalBudget=adaptive-half-candidates
[31Aug2026 08:00:04.440] [Photonics Light List Compiler/INFO] [Photonics/]: Photonics light candidates v18: eligible=12, selected=12, maxLights=4000, lightSections=5, capped=false
[31Aug2026 08:00:04.557] [Render thread/INFO] [ChunkBuilder/]: Stopping worker threads
[31Aug2026 08:00:04.560] [Render thread/INFO] [ChunkBuilder/]: Started 10 worker threads
[31Aug2026 08:00:04.565] [Render thread/WARN] [flywheel/]: Flywheel backend fell back from 'flywheel:indirect' to 'flywheel:off'
[31Aug2026 08:00:04.570] [Render thread/INFO] [DistantHorizons-DistantHorizons-com.seibel.distanthorizons.common.render.openGl.glObject.shader.GlShader/]: Loading shader with type: [35633]
[31Aug2026 08:00:04.570] [Render thread/INFO] [DistantHorizons-DistantHorizons-com.seibel.distanthorizons.common.render.openGl.glObject.shader.GlShader/]: Shader loaded sucessfully.
[31Aug2026 08:00:04.571] [Render thread/INFO] [DistantHorizons-DistantHorizons-com.seibel.distanthorizons.common.render.openGl.glObject.shader.GlShader/]: Loading shader with type: [35632]
[31Aug2026 08:00:04.571] [Render thread/INFO] [DistantHorizons-DistantHorizons-com.seibel.distanthorizons.common.render.openGl.glObject.shader.GlShader/]: Shader loaded sucessfully.
[31Aug2026 08:00:04.571] [Render thread/INFO] [DistantHorizons-DistantHorizons-com.seibel.distanthorizons.common.render.openGl.glObject.vertexAttribute.GlVertexAttributePostGL43/]: Vertex Attribute (GL43+) completed. It contains 1 binding points and a stride size of 12
[31Aug2026 08:00:04.571] [Render thread/INFO] [DistantHorizons-DistantHorizons-com.seibel.distanthorizons.common.render.openGl.glObject.shader.GlShader/]: Loading shader with type: [35633]
[31Aug2026 08:00:04.571] [Render thread/INFO] [DistantHorizons-DistantHorizons-com.seibel.distanthorizons.common.render.openGl.glObject.shader.GlShader/]: Shader loaded sucessfully.
[31Aug2026 08:00:04.571] [Render thread/INFO] [DistantHorizons-DistantHorizons-com.seibel.distanthorizons.common.render.openGl.glObject.shader.GlShader/]: Loading shader with type: [35632]
[31Aug2026 08:00:04.571] [Render thread/INFO] [DistantHorizons-DistantHorizons-com.seibel.distanthorizons.common.render.openGl.glObject.shader.GlShader/]: Shader loaded sucessfully.
[31Aug2026 08:00:04.572] [Render thread/INFO] [DistantHorizons-DistantHorizons-com.seibel.distanthorizons.common.render.openGl.glObject.vertexAttribute.GlVertexAttributePostGL43/]: Vertex Attribute (GL43+) completed. It contains 1 binding points and a stride size of 12
[31Aug2026 08:00:04.573] [Render thread/INFO] [top.leonx.irisveil.IrisVeilCompat/]: IrisVeilCompat: using Block program with dithering for translucent 'aeronautics:levitite/levitite'
[31Aug2026 08:00:04.614] [Render thread/INFO] [top.leonx.irisveil.IrisVeilCompat/]: IrisVeilCompat: created Iris ShaderInstance for 'aeronautics:levitite/levitite'
[31Aug2026 08:00:04.623] [Render thread/INFO] [Photonics/]: Photonics history reset v18: reason=initial-clear, buffer=side-b, attachments=[ph_frag_data0, ph_frag_data1], size=-1x-1 -> 1311x707
[31Aug2026 08:00:04.623] [Render thread/INFO] [Photonics/]: Photonics history reset v18: reason=initial-clear, buffer=side-a, attachments=[ph_frag_data0, ph_frag_data1], size=-1x-1 -> 1311x707
[31Aug2026 08:00:04.623] [Render thread/INFO] [Photonics/]: Photonics history reset v18: reason=initial-clear, buffer=side-b, attachments=[restir_lighting, restir_lighting_variance, restir_direct_reservoirs0, restir_direct_state, restir_indirect_reservoirs0, restir_indirect_reservoirs1, restir_gi_history_epoch, restir_external_lighting], size=-1x-1 -> 1311x707
[31Aug2026 08:00:04.623] [Render thread/INFO] [Photonics/]: Photonics history reset v18: reason=initial-clear, buffer=side-a, attachments=[restir_lighting, restir_lighting_variance, restir_direct_reservoirs0, restir_direct_state, restir_indirect_reservoirs0, restir_indirect_reservoirs1, restir_gi_history_epoch, restir_external_lighting], size=-1x-1 -> 1311x707
[31Aug2026 08:00:04.625] [Render thread/INFO] [Photonics/]: Photonics history reset v18: reason=initial-clear, buffer=side-a, attachments=[denoise_result], size=-1x-1 -> 1311x707
[31Aug2026 08:00:04.625] [Render thread/INFO] [Photonics/]: Photonics history reset v18: reason=initial-clear, buffer=side-b, attachments=[denoise_result], size=-1x-1 -> 1311x707
[31Aug2026 08:00:04.645] [Photonic Chunk Compiler #0/INFO] [Photonics/]: Photonics voxel diagnostic: state=Block{minecraft:verdant_froglight}[axis=x] vertexHash=5f121ecd645e924c complete=true samples=1600 alphaZero=0 alphaPartial=0 alphaOpaque=1600 alphaMean=255.0 alphaRange=255-255 rgbMean=[217.2,237.8,214.8] rgbRange=[120-248,166-253,92-248] voxels=1352 aabb=[0,0,0]-[15,15,15] parts=[( 0.000E+0  0.000E+0  0.000E+0)]
[31Aug2026 08:00:04.646] [Photonic Chunk Compiler #0/INFO] [Photonics/]: Photonics voxel occupancy: state=Block{minecraft:verdant_froglight}[axis=x] part=( 0.000E+0  0.000E+0  0.000E+0) slices=y0=ffff/ffff/ffff/ffff/ffff/ffff/ffff/ffff/ffff/ffff/ffff/ffff/ffff/ffff/ffff/ffff;y1=ffff/8001/8001/8001/8001/8001/8001/8001/8001/8001/8001/8001/8001/8001/8001/ffff;y2=ffff/8001/8001/8001/8001/8001/8001/8001/8001/8001/8001/8001/8001/8001/8001/ffff;y3=ffff/8001/8001/8001/8001/8001/8001/8001/8001/8001/8001/8001/8001/8001/8001/ffff;y4=ffff/8001/8001/8001/8001/8001/8001/8001/8001/8001/8001/8001/8001/8001/8001/ffff;y5=ffff/8001/8001/8001/8001/8001/8001/8001/8001/8001/8001/8001/8001/8001/8001/ffff;y6=ffff/8001/8001/8001/8001/8001/8001/8001/8001/8001/8001/8001/8001/8001/8001/ffff;y7=ffff/8001/8001/8001/8001/8001/8001/8001/8001/8001/8001/8001/8001/8001/8001/ffff;y8=ffff/8001/8001/8001/8001/8001/8001/8001/8001/8001/8001/8001/8001/8001/8001/ffff;y9=ffff/8001/8001/8001/8001/8001/8001/8001/8001/8001/8001/8001/8001/8001/8001/ffff;y10=ffff/8001/8001/8001/8001/8001/8001/8001/8001/8001/8001/8001/8001/8001/8001/ffff;y11=ffff/8001/8001/8001/8001/8001/8001/8001/8001/8001/8001/8001/8001/8001/8001/ffff;y12=ffff/8001/8001/8001/8001/8001/8001/8001/8001/8001/8001/8001/8001/8001/8001/ffff;y13=ffff/8001/8001/8001/8001/8001/8001/8001/8001/8001/8001/8001/8001/8001/8001/ffff;y14=ffff/8001/8001/8001/8001/8001/8001/8001/8001/8001/8001/8001/8001/8001/8001/ffff;y15=ffff/ffff/ffff/ffff/ffff/ffff/ffff/ffff/ffff/ffff/ffff/ffff/ffff/ffff/ffff/ffff
[31Aug2026 08:00:04.652] [Photonic Chunk Compiler #0/INFO] [Photonics/]: Photonics voxel diagnostic: state=Block{minecraft:verdant_froglight}[axis=y] vertexHash=efbcd937743e2640 complete=true samples=1600 alphaZero=0 alphaPartial=0 alphaOpaque=1600 alphaMean=255.0 alphaRange=255-255 rgbMean=[217.1,237.8,214.6] rgbRange=[120-248,166-253,92-248] voxels=1352 aabb=[0,0,0]-[15,15,15] parts=[( 0.000E+0  0.000E+0  0.000E+0)]
[31Aug2026 08:00:04.652] [Photonic Chunk Compiler #0/INFO] [Photonics/]: Photonics voxel occupancy: state=Block{minecraft:verdant_froglight}[axis=y] part=( 0.000E+0  0.000E+0  0.000E+0) slices=y0=ffff/ffff/ffff/ffff/ffff/ffff/ffff/ffff/ffff/ffff/ffff/ffff/ffff/ffff/ffff/ffff;y1=ffff/8001/8001/8001/8001/8001/8001/8001/8001/8001/8001/8001/8001/8001/8001/ffff;y2=ffff/8001/8001/8001/8001/8001/8001/8001/8001/8001/8001/8001/8001/8001/8001/ffff;y3=ffff/8001/8001/8001/8001/8001/8001/8001/8001/8001/8001/8001/8001/8001/8001/ffff;y4=ffff/8001/8001/8001/8001/8001/8001/8001/8001/8001/8001/8001/8001/8001/8001/ffff;y5=ffff/8001/8001/8001/8001/8001/8001/8001/8001/8001/8001/8001/8001/8001/8001/ffff;y6=ffff/8001/8001/8001/8001/8001/8001/8001/8001/8001/8001/8001/8001/8001/8001/ffff;y7=ffff/8001/8001/8001/8001/8001/8001/8001/8001/8001/8001/8001/8001/8001/8001/ffff;y8=ffff/8001/8001/8001/8001/8001/8001/8001/8001/8001/8001/8001/8001/8001/8001/ffff;y9=ffff/8001/8001/8001/8001/8001/8001/8001/8001/8001/8001/8001/8001/8001/8001/ffff;y10=ffff/8001/8001/8001/8001/8001/8001/8001/8001/8001/8001/8001/8001/8001/8001/ffff;y11=ffff/8001/8001/8001/8001/8001/8001/8001/8001/8001/8001/8001/8001/8001/8001/ffff;y12=ffff/8001/8001/8001/8001/8001/8001/8001/8001/8001/8001/8001/8001/8001/8001/ffff;y13=ffff/8001/8001/8001/8001/8001/8001/8001/8001/8001/8001/8001/8001/8001/8001/ffff;y14=ffff/8001/8001/8001/8001/8001/8001/8001/8001/8001/8001/8001/8001/8001/8001/ffff;y15=ffff/ffff/ffff/ffff/ffff/ffff/ffff/ffff/ffff/ffff/ffff/ffff/ffff/ffff/ffff/ffff
[31Aug2026 08:00:04.656] [Photonic Chunk Compiler #1/INFO] [Photonics/]: Photonics voxel diagnostic: state=Block{minecraft:verdant_froglight}[axis=z] vertexHash=fb5da451203e2640 complete=true samples=1592 alphaZero=0 alphaPartial=0 alphaOpaque=1592 alphaMean=255.0 alphaRange=255-255 rgbMean=[217.2,237.8,214.8] rgbRange=[120-248,166-253,92-248] voxels=1338 aabb=[0,0,0]-[15,15,15] parts=[( 0.000E+0  0.000E+0  0.000E+0)]
[31Aug2026 08:00:04.656] [Render thread/INFO] [Photonics/]: Photonics light list pending: 0 -> 12
[31Aug2026 08:00:04.657] [Photonic Chunk Compiler #1/INFO] [Photonics/]: Photonics voxel occupancy: state=Block{minecraft:verdant_froglight}[axis=z] part=( 0.000E+0  0.000E+0  0.000E+0) slices=y0=ffff/bfff/dfff/efff/f7ff/fbff/fdff/feff/ffff/ffff/ffff/ffff/ffff/ffff/ffff/ffff;y1=ffff/8001/8001/8001/8001/8001/8001/8001/8001/8001/8001/8001/8001/8001/8000/ffff;y2=ffff/8001/8001/8001/8001/8001/8001/8001/8001/8001/8001/8001/8001/8000/8001/ffff;y3=ffff/8001/8001/8001/8001/8001/8001/8001/8001/8001/8001/8001/8000/8001/8001/ffff;y4=ffff/8001/8001/8001/8001/8001/8001/8001/8001/8001/8001/8000/8001/8001/8001/ffff;y5=ffff/8001/8001/8001/8001/8001/8001/8001/8001/8001/8000/8001/8001/8001/8001/ffff;y6=ffff/8001/8001/8001/8001/8001/8001/8001/8001/8000/8001/8001/8001/8001/8001/ffff;y7=ffff/8001/8001/8001/8001/8001/8001/8001/8000/8001/8001/8001/8001/8001/8001/ffff;y8=ffff/8001/8001/8001/8001/8001/8001/8001/8001/8001/8001/8001/8001/8001/8001/ffff;y9=ffff/8001/8001/8001/8001/8001/8001/8001/8001/8001/8001/8001/8001/8001/8001/ffff;y10=ffff/8001/8001/8001/8001/8001/8001/8001/8001/8001/8001/8001/8001/8001/8001/ffff;y11=ffff/8001/8001/8001/8001/8001/8001/8001/8001/8001/8001/8001/8001/8001/8001/ffff;y12=ffff/8001/8001/8001/8001/8001/8001/8001/8001/8001/8001/8001/8001/8001/8001/ffff;y13=ffff/8001/8001/8001/8001/8001/8001/8001/8001/8001/8001/8001/8001/8001/8001/ffff;y14=ffff/8001/8001/8001/8001/8001/8001/8001/8001/8001/8001/8001/8001/8001/8001/ffff;y15=ffff/ffff/ffff/ffff/ffff/ffff/ffff/ffff/ffff/ffff/ffff/ffff/ffff/ffff/ffff/ffff
[31Aug2026 08:00:04.695] [Photonics Light List Compiler/INFO] [Photonics/]: Photonics light candidates v18: eligible=22, selected=22, maxLights=4000, lightSections=10, capped=false
[31Aug2026 08:00:04.695] [Photonics Light List Compiler/INFO] [Photonics/]: Photonics light-list publication v88: coalescedBatches=31, peakPendingSections=1996, remainingSections=1356, deferredMs=251.722
[31Aug2026 08:00:04.796] [Render thread/INFO] [Photonics/]: Photonics light list pending: 12 -> 22
[31Aug2026 08:00:05.192] [Photonics Light List Compiler/INFO] [Photonics/]: Photonics light-list publication v88: coalescedBatches=22, peakPendingSections=1271, remainingSections=978, deferredMs=253.079
[31Aug2026 08:00:05.341] [Photonic Chunk Compiler #0/INFO] [Photonics/]: Photonics voxel diagnostic: state=Block{minecraft:red_stained_glass} vertexHash=8120d457ef98baf8 complete=true samples=1600 alphaZero=0 alphaPartial=1600 alphaOpaque=0 alphaMean=117.2 alphaRange=102-163 rgbMean=[153.0,51.0,51.0] rgbRange=[153-153,51-51,51-51] voxels=1352 aabb=[0,0,0]-[15,15,15] parts=[( 0.000E+0  0.000E+0  0.000E+0)]
[31Aug2026 08:00:05.341] [Photonic Chunk Compiler #0/INFO] [Photonics/]: Photonics voxel occupancy: state=Block{minecraft:red_stained_glass} part=( 0.000E+0  0.000E+0  0.000E+0) slices=y0=ffff/ffff/ffff/ffff/ffff/ffff/ffff/ffff/ffff/ffff/ffff/ffff/ffff/ffff/ffff/ffff;y1=ffff/8001/8001/8001/8001/8001/8001/8001/8001/8001/8001/8001/8001/8001/8001/ffff;y2=ffff/8001/8001/8001/8001/8001/8001/8001/8001/8001/8001/8001/8001/8001/8001/ffff;y3=ffff/8001/8001/8001/8001/8001/8001/8001/8001/8001/8001/8001/8001/8001/8001/ffff;y4=ffff/8001/8001/8001/8001/8001/8001/8001/8001/8001/8001/8001/8001/8001/8001/ffff;y5=ffff/8001/8001/8001/8001/8001/8001/8001/8001/8001/8001/8001/8001/8001/8001/ffff;y6=ffff/8001/8001/8001/8001/8001/8001/8001/8001/8001/8001/8001/8001/8001/8001/ffff;y7=ffff/8001/8001/8001/8001/8001/8001/8001/8001/8001/8001/8001/8001/8001/8001/ffff;y8=ffff/8001/8001/8001/8001/8001/8001/8001/8001/8001/8001/8001/8001/8001/8001/ffff;y9=ffff/8001/8001/8001/8001/8001/8001/8001/8001/8001/8001/8001/8001/8001/8001/ffff;y10=ffff/8001/8001/8001/8001/8001/8001/8001/8001/8001/8001/8001/8001/8001/8001/ffff;y11=ffff/8001/8001/8001/8001/8001/8001/8001/8001/8001/8001/8001/8001/8001/8001/ffff;y12=ffff/8001/8001/8001/8001/8001/8001/8001/8001/8001/8001/8001/8001/8001/8001/ffff;y13=ffff/8001/8001/8001/8001/8001/8001/8001/8001/8001/8001/8001/8001/8001/8001/ffff;y14=ffff/8001/8001/8001/8001/8001/8001/8001/8001/8001/8001/8001/8001/8001/8001/ffff;y15=ffff/ffff/ffff/ffff/ffff/ffff/ffff/ffff/ffff/ffff/ffff/ffff/ffff/ffff/ffff/ffff
[31Aug2026 08:00:05.459] [Render thread/INFO] [Photonics/]: Photonics world tracing v138: layoutRevision=9, layoutReason=streaming-or-rebuild, sceneRevision=0, settled=false, compiledSections=338, trackedSections=2009, batchBuilt=48, batchUnloaded=0, pendingBuilds=91, pendingUnloads=0, ready=true, depth=6, blockBounds=( 1.280E+2  1.280E+2  1.120E+2)..( 3.520E+2  2.240E+2  3.840E+2), treeBounds=( 0.000E+0  0.000E+0  0.000E+0)..( 1.024E+3  1.024E+3  1.024E+3), origin=(-2.560E+2 -1.920E+2 -2.560E+2), sceneChangeBounds=none, boundsSource=compiled, compileMs=91.127
[31Aug2026 08:00:05.466] [Photonics Light List Compiler/INFO] [Photonics/]: Photonics light-list publication v88: coalescedBatches=15, peakPendingSections=894, remainingSections=589, deferredMs=260.010
[31Aug2026 08:00:05.736] [Photonics Light List Compiler/INFO] [Photonics/]: Photonics light candidates v18: eligible=87, selected=87, maxLights=4000, lightSections=11, capped=false
[31Aug2026 08:00:05.736] [Photonics Light List Compiler/INFO] [Photonics/]: Photonics light-list publication v88: coalescedBatches=19, peakPendingSections=613, remainingSections=179, deferredMs=251.744
[31Aug2026 08:00:05.743] [Render thread/INFO] [Photonics/]: Photonics light list pending: 22 -> 87
[31Aug2026 08:00:05.918] [Photonics Light List Compiler/INFO] [Photonics/]: Photonics light-list publication v88: coalescedBatches=3, peakPendingSections=207, remainingSections=0, deferredMs=136.844
[31Aug2026 08:00:06.468] [Render thread/INFO] [Photonics/]: Photonics world tracing v138: layoutRevision=21, layoutReason=streaming-or-rebuild, sceneRevision=0, settled=false, compiledSections=914, trackedSections=2009, batchBuilt=48, batchUnloaded=0, pendingBuilds=96, pendingUnloads=0, ready=true, depth=6, blockBounds=( 8.000E+1  1.280E+2  8.000E+1)..( 4.160E+2  2.240E+2  4.160E+2), treeBounds=( 0.000E+0  0.000E+0  0.000E+0)..( 1.024E+3  1.024E+3  1.024E+3), origin=(-2.560E+2 -1.920E+2 -2.560E+2), sceneChangeBounds=none, boundsSource=compiled, compileMs=57.080
[31Aug2026 08:00:07.519] [Render thread/INFO] [Photonics/]: Photonics world tracing v138: layoutRevision=32, layoutReason=streaming-or-rebuild, sceneRevision=0, settled=false, compiledSections=1442, trackedSections=2009, batchBuilt=48, batchUnloaded=0, pendingBuilds=96, pendingUnloads=0, ready=true, depth=6, blockBounds=( 8.000E+1  1.280E+2  8.000E+1)..( 4.160E+2  2.240E+2  4.160E+2), treeBounds=( 0.000E+0  0.000E+0  0.000E+0)..( 1.024E+3  1.024E+3  1.024E+3), origin=(-2.560E+2 -1.920E+2 -2.560E+2), sceneChangeBounds=none, boundsSource=compiled, compileMs=134.542
[31Aug2026 08:00:08.570] [Render thread/INFO] [Photonics/]: Photonics world tracing v138: layoutRevision=42, layoutReason=streaming-or-rebuild, sceneRevision=0, settled=false, compiledSections=1922, trackedSections=2009, batchBuilt=48, batchUnloaded=0, pendingBuilds=87, pendingUnloads=0, ready=true, depth=6, blockBounds=( 8.000E+1  1.280E+2  8.000E+1)..( 4.160E+2  2.240E+2  4.160E+2), treeBounds=( 0.000E+0  0.000E+0  0.000E+0)..( 1.024E+3  1.024E+3  1.024E+3), origin=(-2.560E+2 -1.920E+2 -2.560E+2), sceneChangeBounds=none, boundsSource=compiled, compileMs=94.803
[31Aug2026 08:00:08.837] [Render thread/INFO] [Photonics/]: Photonics pass timing v73: group=frag data, passes=[frag data], viewport=1311x707, megapixels=0.927, cpuInvocations=186, cpuSubmitAvgMs=0.052, cpuSubmitMaxMs=0.327, gpuSamples=47, gpuAvgMs=0.048, gpuMaxMs=0.050, gpuAvgMsPerMP=0.052
[31Aug2026 08:00:08.837] [Render thread/INFO] [Photonics/]: Photonics frame throughput v78: viewport=1311x707, windowSeconds=5.001, renderedFrames=186, fps=37.196, frameAvgMs=26.885
[31Aug2026 08:00:08.922] [Render thread/INFO] [Photonics/]: Photonics pass timing v73: group=restir direct, passes=[initial direct + visibility], viewport=1311x707, megapixels=0.927, cpuInvocations=191, cpuSubmitAvgMs=0.039, cpuSubmitMaxMs=0.270, gpuSamples=48, gpuAvgMs=0.264, gpuMaxMs=0.314, gpuAvgMsPerMP=0.285
[31Aug2026 08:00:08.954] [Render thread/INFO] [Photonics/]: Photonics pass timing v73: group=restir gi initial, passes=[initial indirect], viewport=1311x707, megapixels=0.927, cpuInvocations=193, cpuSubmitAvgMs=0.016, cpuSubmitMaxMs=0.160, gpuSamples=48, gpuAvgMs=0.846, gpuMaxMs=0.946, gpuAvgMsPerMP=0.913
[31Aug2026 08:00:08.987] [Render thread/INFO] [Photonics/]: Photonics pass timing v73: group=restir gi current state, passes=[capture current GI evaluation state], viewport=1311x707, megapixels=0.927, cpuInvocations=195, cpuSubmitAvgMs=0.009, cpuSubmitMaxMs=0.073, gpuSamples=49, gpuAvgMs=0.027, gpuMaxMs=0.030, gpuAvgMsPerMP=0.029
[31Aug2026 08:00:09.003] [Render thread/INFO] [Photonics/]: Photonics pass timing v73: group=restir temporal, passes=[temporal reuse + tri-state GI classification], viewport=1311x707, megapixels=0.927, cpuInvocations=196, cpuSubmitAvgMs=0.017, cpuSubmitMaxMs=0.131, gpuSamples=49, gpuAvgMs=0.487, gpuMaxMs=0.579, gpuAvgMsPerMP=0.526
[31Aug2026 08:00:09.003] [Render thread/INFO] [Photonics/]: Photonics pass timing v73: group=restir spatial, passes=[spatial reuse/clamp + tri-state GI classification], viewport=1311x707, megapixels=0.927, cpuInvocations=196, cpuSubmitAvgMs=0.013, cpuSubmitMaxMs=0.122, gpuSamples=49, gpuAvgMs=0.111, gpuMaxMs=0.122, gpuAvgMsPerMP=0.120
[31Aug2026 08:00:09.021] [Render thread/INFO] [Photonics/]: Photonics pass timing v73: group=restir diffuse, passes=[diffuse], viewport=1311x707, megapixels=0.927, cpuInvocations=197, cpuSubmitAvgMs=0.011, cpuSubmitMaxMs=0.040, gpuSamples=49, gpuAvgMs=0.215, gpuMaxMs=0.247, gpuAvgMsPerMP=0.232
[31Aug2026 08:00:09.021] [Render thread/INFO] [Photonics/]: Photonics pass timing v73: group=restir GI validity current, passes=[capture current direct/GI validity], viewport=1311x707, megapixels=0.927, cpuInvocations=197, cpuSubmitAvgMs=0.014, cpuSubmitMaxMs=0.074, gpuSamples=49, gpuAvgMs=0.165, gpuMaxMs=0.178, gpuAvgMsPerMP=0.178
[31Aug2026 08:00:09.038] [Render thread/INFO] [Photonics/]: Photonics pass timing v73: group=restir accumulation, passes=[accumulation], viewport=1311x707, megapixels=0.927, cpuInvocations=198, cpuSubmitAvgMs=0.015, cpuSubmitMaxMs=0.060, gpuSamples=50, gpuAvgMs=0.375, gpuMaxMs=0.435, gpuAvgMsPerMP=0.405
[31Aug2026 08:00:09.054] [Render thread/INFO] [Photonics/]: Photonics pass timing v73: group=restir GI validity final, passes=[capture post-accumulation history state], viewport=1311x707, megapixels=0.927, cpuInvocations=199, cpuSubmitAvgMs=0.010, cpuSubmitMaxMs=0.047, gpuSamples=50, gpuAvgMs=0.072, gpuMaxMs=0.111, gpuAvgMsPerMP=0.077
[31Aug2026 08:00:09.055] [Render thread/INFO] [Photonics/]: Photonics pass timing v73: group=svgf variance, passes=[variance prefilter], viewport=1311x707, megapixels=0.927, cpuInvocations=199, cpuSubmitAvgMs=0.007, cpuSubmitMaxMs=0.034, gpuSamples=50, gpuAvgMs=0.522, gpuMaxMs=0.597, gpuAvgMsPerMP=0.563
[31Aug2026 08:00:09.072] [Render thread/INFO] [Photonics/]: Photonics pass timing v73: group=svgf atrous, passes=[atrous iteration], viewport=1311x707, megapixels=0.927, cpuInvocations=996, cpuSubmitAvgMs=0.004, cpuSubmitMaxMs=0.039, gpuSamples=249, gpuAvgMs=0.351, gpuMaxMs=0.451, gpuAvgMsPerMP=0.378
[31Aug2026 08:00:09.073] [Render thread/INFO] [Photonics/]: Photonics pass timing v73: group=restir local, passes=[exact local direct], viewport=1311x707, megapixels=0.927, cpuInvocations=200, cpuSubmitAvgMs=0.015, cpuSubmitMaxMs=0.045, gpuSamples=50, gpuAvgMs=0.007, gpuMaxMs=0.007, gpuAvgMsPerMP=0.007
[31Aug2026 08:00:09.088] [Render thread/INFO] [Photonics/]: Photonics pass timing v73: group=restir handheld, passes=[handheld], viewport=1311x707, megapixels=0.927, cpuInvocations=201, cpuSubmitAvgMs=0.020, cpuSubmitMaxMs=0.091, gpuSamples=50, gpuAvgMs=0.011, gpuMaxMs=0.049, gpuAvgMsPerMP=0.012
[31Aug2026 08:00:10.773] [Render thread/INFO] [Photonics/]: Photonics world tracing v138: layoutRevision=44, layoutReason=streaming-or-rebuild, sceneRevision=0, settled=true, compiledSections=2009, trackedSections=2009, batchBuilt=39, batchUnloaded=0, pendingBuilds=0, pendingUnloads=0, ready=true, depth=6, blockBounds=( 8.000E+1  1.280E+2  8.000E+1)..( 4.160E+2  2.240E+2  4.160E+2), treeBounds=( 0.000E+0  0.000E+0  0.000E+0)..( 1.024E+3  1.024E+3  1.024E+3), origin=(-2.560E+2 -1.920E+2 -2.560E+2), sceneChangeBounds=none, boundsSource=compiled, compileMs=88.351
[31Aug2026 08:00:10.774] [Render thread/INFO] [Photonics/]: Photonics memory v72: jvmHeap={usedBytes=4245333488, committedBytes=5251268608, maxBytes=8589934592}, jvmGc={collections=128, timeMs=1586}, worldHeap=GpuBufferHeapStats[capacityBytes=536870912, reservedBytes=135751636, liveBytes=135750772, peakLiveBytes=135750868, reusableBytes=864, allocations=109448, reusedAllocations=132, frees=137, failedAllocations=0], paletteHeap=GpuBufferHeapStats[capacityBytes=201326592, reservedBytes=58560, liveBytes=58560, peakLiveBytes=58560, reusableBytes=0, allocations=610, reusedAllocations=0, frees=0, failedAllocations=0], registries={lights=Stats[cachedObjects=1, pendingFreeObjects=0, allocatedObjects=1, failedAllocations=0], palettes=Stats[cachedObjects=610, pendingFreeObjects=0, allocatedObjects=610, failedAllocations=0], blocks=Stats[cachedObjects=1353, pendingFreeObjects=0, allocatedObjects=1353, failedAllocations=0], models=Stats[cachedObjects=29, pendingFreeObjects=0, allocatedObjects=29, failedAllocations=0]}
[31Aug2026 08:00:11.009] [Photonics Light List Compiler/INFO] [Photonics/]: Photonics light-list publication v88: coalescedBatches=5, peakPendingSections=134, remainingSections=0, deferredMs=26.055
[31Aug2026 08:00:11.104] [Render thread/INFO] [Photonics/]: Photonics world tracing v138: layoutRevision=45, layoutReason=section-unload, sceneRevision=0, settled=false, compiledSections=1907, trackedSections=2011, batchBuilt=0, batchUnloaded=102, pendingBuilds=48, pendingUnloads=0, ready=true, depth=6, blockBounds=( 8.000E+1  1.280E+2  9.600E+1)..( 4.160E+2  2.240E+2  4.160E+2), treeBounds=( 0.000E+0  0.000E+0  0.000E+0)..( 1.024E+3  1.024E+3  1.024E+3), origin=(-2.560E+2 -1.920E+2 -2.560E+2), sceneChangeBounds=none, boundsSource=compiled, compileMs=112.857
[31Aug2026 08:00:13.325] [Render thread/INFO] [Photonics/]: Photonics world tracing v138: layoutRevision=48, layoutReason=streaming-or-rebuild, sceneRevision=0, settled=true, compiledSections=2011, trackedSections=2011, batchBuilt=8, batchUnloaded=0, pendingBuilds=0, pendingUnloads=0, ready=true, depth=6, blockBounds=( 8.000E+1  1.280E+2  3.200E+1)..( 4.160E+2  2.240E+2  3.680E+2), treeBounds=( 0.000E+0  0.000E+0  0.000E+0)..( 1.024E+3  1.024E+3  1.024E+3), origin=(-2.560E+2 -1.920E+2 -1.920E+2), sceneChangeBounds=none, boundsSource=compiled, compileMs=43.766
[31Aug2026 08:00:13.325] [Render thread/INFO] [Photonics/]: Photonics memory v72: jvmHeap={usedBytes=3396654504, committedBytes=5251268608, maxBytes=8589934592}, jvmGc={collections=129, timeMs=1614}, worldHeap=GpuBufferHeapStats[capacityBytes=536870912, reservedBytes=135753844, liveBytes=135751252, peakLiveBytes=135751252, reusableBytes=2592, allocations=115059, reusedAllocations=5734, frees=5743, failedAllocations=0], paletteHeap=GpuBufferHeapStats[capacityBytes=201326592, reservedBytes=58560, liveBytes=58560, peakLiveBytes=58560, reusableBytes=0, allocations=610, reusedAllocations=0, frees=0, failedAllocations=0], registries={lights=Stats[cachedObjects=1, pendingFreeObjects=0, allocatedObjects=1, failedAllocations=0], palettes=Stats[cachedObjects=610, pendingFreeObjects=0, allocatedObjects=610, failedAllocations=0], blocks=Stats[cachedObjects=1353, pendingFreeObjects=0, allocatedObjects=1353, failedAllocations=0], models=Stats[cachedObjects=29, pendingFreeObjects=0, allocatedObjects=29, failedAllocations=0]}
[31Aug2026 08:00:13.743] [Render thread/INFO] [Photonics/]: Photonics direct reservoir sample v64: samples=120, populated=0, emptyOrBackground=1, visibilityRejected=119, invalid=0, overLegacyCap=0, overTemporalCap=0, totalSamplesRange=32.0..32.0, viewport=1311x707
[31Aug2026 08:00:13.843] [Render thread/INFO] [Photonics/]: Photonics pass timing v73: group=frag data, passes=[frag data], viewport=1311x707, megapixels=0.927, cpuInvocations=299, cpuSubmitAvgMs=0.031, cpuSubmitMaxMs=0.086, gpuSamples=74, gpuAvgMs=0.050, gpuMaxMs=0.083, gpuAvgMsPerMP=0.053
[31Aug2026 08:00:13.844] [Render thread/INFO] [Photonics/]: Photonics frame throughput v78: viewport=1311x707, windowSeconds=5.007, renderedFrames=299, fps=59.721, frameAvgMs=16.744
[31Aug2026 08:00:13.927] [Render thread/INFO] [Photonics/]: Photonics pass timing v73: group=restir direct, passes=[initial direct + visibility], viewport=1311x707, megapixels=0.927, cpuInvocations=299, cpuSubmitAvgMs=0.021, cpuSubmitMaxMs=0.046, gpuSamples=75, gpuAvgMs=0.279, gpuMaxMs=0.338, gpuAvgMsPerMP=0.301
[31Aug2026 08:00:13.959] [Render thread/INFO] [Photonics/]: Photonics pass timing v73: group=restir gi initial, passes=[initial indirect], viewport=1311x707, megapixels=0.927, cpuInvocations=299, cpuSubmitAvgMs=0.010, cpuSubmitMaxMs=0.026, gpuSamples=75, gpuAvgMs=0.930, gpuMaxMs=1.025, gpuAvgMsPerMP=1.004
[31Aug2026 08:00:13.994] [Render thread/INFO] [Photonics/]: Photonics pass timing v73: group=restir gi current state, passes=[capture current GI evaluation state], viewport=1311x707, megapixels=0.927, cpuInvocations=299, cpuSubmitAvgMs=0.005, cpuSubmitMaxMs=0.016, gpuSamples=75, gpuAvgMs=0.029, gpuMaxMs=0.064, gpuAvgMsPerMP=0.031
[31Aug2026 08:00:14.010] [Render thread/INFO] [Photonics/]: Photonics pass timing v73: group=restir temporal, passes=[temporal reuse + tri-state GI classification], viewport=1311x707, megapixels=0.927, cpuInvocations=299, cpuSubmitAvgMs=0.011, cpuSubmitMaxMs=0.025, gpuSamples=75, gpuAvgMs=0.487, gpuMaxMs=0.598, gpuAvgMsPerMP=0.525
[31Aug2026 08:00:14.010] [Render thread/INFO] [Photonics/]: Photonics pass timing v73: group=restir spatial, passes=[spatial reuse/clamp + tri-state GI classification], viewport=1311x707, megapixels=0.927, cpuInvocations=299, cpuSubmitAvgMs=0.009, cpuSubmitMaxMs=0.035, gpuSamples=75, gpuAvgMs=0.114, gpuMaxMs=0.119, gpuAvgMsPerMP=0.123
[31Aug2026 08:00:14.028] [Render thread/INFO] [Photonics/]: Photonics pass timing v73: group=restir diffuse, passes=[diffuse], viewport=1311x707, megapixels=0.927, cpuInvocations=299, cpuSubmitAvgMs=0.008, cpuSubmitMaxMs=0.021, gpuSamples=75, gpuAvgMs=0.216, gpuMaxMs=0.277, gpuAvgMsPerMP=0.233
[31Aug2026 08:00:14.028] [Render thread/INFO] [Photonics/]: Photonics pass timing v73: group=restir GI validity current, passes=[capture current direct/GI validity], viewport=1311x707, megapixels=0.927, cpuInvocations=299, cpuSubmitAvgMs=0.010, cpuSubmitMaxMs=0.033, gpuSamples=75, gpuAvgMs=0.178, gpuMaxMs=0.210, gpuAvgMsPerMP=0.192
[31Aug2026 08:00:14.044] [Render thread/INFO] [Photonics/]: Photonics pass timing v73: group=restir accumulation, passes=[accumulation], viewport=1311x707, megapixels=0.927, cpuInvocations=299, cpuSubmitAvgMs=0.011, cpuSubmitMaxMs=0.028, gpuSamples=74, gpuAvgMs=0.390, gpuMaxMs=0.450, gpuAvgMsPerMP=0.421
[31Aug2026 08:00:14.061] [Render thread/INFO] [Photonics/]: Photonics pass timing v73: group=restir GI validity final, passes=[capture post-accumulation history state], viewport=1311x707, megapixels=0.927, cpuInvocations=299, cpuSubmitAvgMs=0.007, cpuSubmitMaxMs=0.024, gpuSamples=75, gpuAvgMs=0.074, gpuMaxMs=0.102, gpuAvgMsPerMP=0.080
[31Aug2026 08:00:14.061] [Render thread/INFO] [Photonics/]: Photonics pass timing v73: group=svgf variance, passes=[variance prefilter], viewport=1311x707, megapixels=0.927, cpuInvocations=299, cpuSubmitAvgMs=0.004, cpuSubmitMaxMs=0.014, gpuSamples=75, gpuAvgMs=0.553, gpuMaxMs=0.600, gpuAvgMsPerMP=0.597
[31Aug2026 08:00:14.078] [Render thread/INFO] [Photonics/]: Photonics pass timing v73: group=svgf atrous, passes=[atrous iteration], viewport=1311x707, megapixels=0.927, cpuInvocations=1495, cpuSubmitAvgMs=0.003, cpuSubmitMaxMs=0.021, gpuSamples=374, gpuAvgMs=0.360, gpuMaxMs=0.446, gpuAvgMsPerMP=0.388
[31Aug2026 08:00:14.079] [Render thread/INFO] [Photonics/]: Photonics pass timing v73: group=restir local, passes=[exact local direct], viewport=1311x707, megapixels=0.927, cpuInvocations=299, cpuSubmitAvgMs=0.010, cpuSubmitMaxMs=0.027, gpuSamples=75, gpuAvgMs=0.007, gpuMaxMs=0.007, gpuAvgMsPerMP=0.007
[31Aug2026 08:00:14.095] [Render thread/INFO] [Photonics/]: Photonics pass timing v73: group=restir handheld, passes=[handheld], viewport=1311x707, megapixels=0.927, cpuInvocations=299, cpuSubmitAvgMs=0.013, cpuSubmitMaxMs=0.041, gpuSamples=75, gpuAvgMs=0.010, gpuMaxMs=0.011, gpuAvgMsPerMP=0.011
[31Aug2026 08:00:16.976] [Photonic Chunk Compiler #0/INFO] [Photonics/]: Photonics scene content change v137: section=(-1.000E+0  0.000E+0  0.000E+0), previousSceneHash=446884813218510240, sceneHash=561489694131211496, fullHash=-5083946402133062424, previousNonAir=278, currentNonAir=279, priority=176191, playerChanged=false, initialPopulationComplete=true, radianceInvalidation=regional
[31Aug2026 08:00:16.976] [Photonic Chunk Compiler #0/INFO] [Photonics/]: Photonics scene hash diff v131: section=(-1.000E+0  0.000E+0  0.000E+0), previousSceneHash=446884813218510240, sceneHash=561489694131211496, changedBlocks=1, firstLocal=(14, 2, 0), firstWorld=(-2, 2, 0), oldStableHash=0, newStableHash=12728, oldState=Block{minecraft:air}, newState=Block{minecraft:white_concrete}
[31Aug2026 08:00:17.028] [Render thread/INFO] [Photonics/]: Photonics world tracing v138: layoutRevision=49, layoutReason=scene-hash-change-without-player-marker, sceneRevision=1, settled=false, compiledSections=2011, trackedSections=2011, batchBuilt=1, batchUnloaded=0, pendingBuilds=3, pendingUnloads=0, ready=true, depth=6, blockBounds=( 8.000E+1  1.280E+2  3.200E+1)..( 4.160E+2  2.240E+2  3.680E+2), treeBounds=( 0.000E+0  0.000E+0  0.000E+0)..( 1.024E+3  1.024E+3  1.024E+3), origin=(-2.560E+2 -1.920E+2 -1.920E+2), sceneChangeBounds=(-16, 0, 0)..(0, 16, 16), boundsSource=compiled, compileMs=39.876
[31Aug2026 08:00:18.845] [Render thread/INFO] [Photonics/]: Photonics pass timing v73: group=frag data, passes=[frag data], viewport=1311x707, megapixels=0.927, cpuInvocations=299, cpuSubmitAvgMs=0.031, cpuSubmitMaxMs=0.109, gpuSamples=75, gpuAvgMs=0.049, gpuMaxMs=0.052, gpuAvgMsPerMP=0.053
[31Aug2026 08:00:18.845] [Render thread/INFO] [Photonics/]: Photonics frame throughput v78: viewport=1311x707, windowSeconds=5.002, renderedFrames=299, fps=59.780, frameAvgMs=16.728
[31Aug2026 08:00:18.929] [Render thread/INFO] [Photonics/]: Photonics pass timing v73: group=restir direct, passes=[initial direct + visibility], viewport=1311x707, megapixels=0.927, cpuInvocations=299, cpuSubmitAvgMs=0.020, cpuSubmitMaxMs=0.043, gpuSamples=74, gpuAvgMs=0.287, gpuMaxMs=0.326, gpuAvgMsPerMP=0.310
[31Aug2026 08:00:18.963] [Render thread/INFO] [Photonics/]: Photonics pass timing v73: group=restir gi initial, passes=[initial indirect], viewport=1311x707, megapixels=0.927, cpuInvocations=299, cpuSubmitAvgMs=0.010, cpuSubmitMaxMs=0.027, gpuSamples=75, gpuAvgMs=0.284, gpuMaxMs=0.405, gpuAvgMsPerMP=0.307
[31Aug2026 08:00:18.996] [Render thread/INFO] [Photonics/]: Photonics pass timing v73: group=restir gi current state, passes=[capture current GI evaluation state], viewport=1311x707, megapixels=0.927, cpuInvocations=299, cpuSubmitAvgMs=0.005, cpuSubmitMaxMs=0.014, gpuSamples=74, gpuAvgMs=0.028, gpuMaxMs=0.059, gpuAvgMsPerMP=0.030
[31Aug2026 08:00:19.013] [Render thread/INFO] [Photonics/]: Photonics pass timing v73: group=restir temporal, passes=[temporal reuse + tri-state GI classification], viewport=1311x707, megapixels=0.927, cpuInvocations=299, cpuSubmitAvgMs=0.010, cpuSubmitMaxMs=0.023, gpuSamples=75, gpuAvgMs=0.309, gpuMaxMs=0.422, gpuAvgMsPerMP=0.333
[31Aug2026 08:00:19.013] [Render thread/INFO] [Photonics/]: Photonics pass timing v73: group=restir spatial, passes=[spatial reuse/clamp + tri-state GI classification], viewport=1311x707, megapixels=0.927, cpuInvocations=299, cpuSubmitAvgMs=0.009, cpuSubmitMaxMs=0.026, gpuSamples=75, gpuAvgMs=0.126, gpuMaxMs=0.154, gpuAvgMsPerMP=0.136
[31Aug2026 08:00:19.029] [Render thread/INFO] [Photonics/]: Photonics pass timing v73: group=restir diffuse, passes=[diffuse], viewport=1311x707, megapixels=0.927, cpuInvocations=299, cpuSubmitAvgMs=0.008, cpuSubmitMaxMs=0.018, gpuSamples=75, gpuAvgMs=0.206, gpuMaxMs=0.248, gpuAvgMsPerMP=0.222
[31Aug2026 08:00:19.029] [Render thread/INFO] [Photonics/]: Photonics pass timing v73: group=restir GI validity current, passes=[capture current direct/GI validity], viewport=1311x707, megapixels=0.927, cpuInvocations=299, cpuSubmitAvgMs=0.010, cpuSubmitMaxMs=0.024, gpuSamples=75, gpuAvgMs=0.181, gpuMaxMs=0.216, gpuAvgMsPerMP=0.195
[31Aug2026 08:00:19.047] [Render thread/INFO] [Photonics/]: Photonics pass timing v73: group=restir accumulation, passes=[accumulation], viewport=1311x707, megapixels=0.927, cpuInvocations=299, cpuSubmitAvgMs=0.010, cpuSubmitMaxMs=0.023, gpuSamples=75, gpuAvgMs=0.344, gpuMaxMs=0.466, gpuAvgMsPerMP=0.372
[31Aug2026 08:00:19.064] [Render thread/INFO] [Photonics/]: Photonics pass timing v73: group=restir GI validity final, passes=[capture post-accumulation history state], viewport=1311x707, megapixels=0.927, cpuInvocations=299, cpuSubmitAvgMs=0.007, cpuSubmitMaxMs=0.043, gpuSamples=74, gpuAvgMs=0.062, gpuMaxMs=0.080, gpuAvgMsPerMP=0.067
[31Aug2026 08:00:19.065] [Render thread/INFO] [Photonics/]: Photonics pass timing v73: group=svgf variance, passes=[variance prefilter], viewport=1311x707, megapixels=0.927, cpuInvocations=299, cpuSubmitAvgMs=0.004, cpuSubmitMaxMs=0.017, gpuSamples=74, gpuAvgMs=0.555, gpuMaxMs=0.612, gpuAvgMsPerMP=0.598
[31Aug2026 08:00:19.078] [Render thread/INFO] [Photonics/]: Photonics world tracing v138: layoutRevision=50, layoutReason=streaming-or-rebuild, sceneRevision=1, settled=true, compiledSections=2011, trackedSections=2011, batchBuilt=3, batchUnloaded=0, pendingBuilds=0, pendingUnloads=0, ready=true, depth=6, blockBounds=( 8.000E+1  1.280E+2  3.200E+1)..( 4.160E+2  2.240E+2  3.680E+2), treeBounds=( 0.000E+0  0.000E+0  0.000E+0)..( 1.024E+3  1.024E+3  1.024E+3), origin=(-2.560E+2 -1.920E+2 -1.920E+2), sceneChangeBounds=(-16, 0, 0)..(0, 16, 16), boundsSource=compiled, compileMs=38.912
[31Aug2026 08:00:19.079] [Render thread/INFO] [Photonics/]: Photonics memory v72: jvmHeap={usedBytes=3799474360, committedBytes=5251268608, maxBytes=8589934592}, jvmGc={collections=129, timeMs=1614}, worldHeap=GpuBufferHeapStats[capacityBytes=536870912, reservedBytes=135753844, liveBytes=135751252, peakLiveBytes=135751252, reusableBytes=2592, allocations=115059, reusedAllocations=5734, frees=5743, failedAllocations=0], paletteHeap=GpuBufferHeapStats[capacityBytes=201326592, reservedBytes=58560, liveBytes=58560, peakLiveBytes=58560, reusableBytes=0, allocations=610, reusedAllocations=0, frees=0, failedAllocations=0], registries={lights=Stats[cachedObjects=1, pendingFreeObjects=0, allocatedObjects=1, failedAllocations=0], palettes=Stats[cachedObjects=610, pendingFreeObjects=0, allocatedObjects=610, failedAllocations=0], blocks=Stats[cachedObjects=1353, pendingFreeObjects=0, allocatedObjects=1353, failedAllocations=0], models=Stats[cachedObjects=29, pendingFreeObjects=0, allocatedObjects=29, failedAllocations=0]}
[31Aug2026 08:00:19.081] [Render thread/INFO] [Photonics/]: Photonics pass timing v73: group=svgf atrous, passes=[atrous iteration], viewport=1311x707, megapixels=0.927, cpuInvocations=1495, cpuSubmitAvgMs=0.003, cpuSubmitMaxMs=0.015, gpuSamples=374, gpuAvgMs=0.364, gpuMaxMs=0.413, gpuAvgMsPerMP=0.393
[31Aug2026 08:00:19.081] [Render thread/INFO] [Photonics/]: Photonics pass timing v73: group=restir local, passes=[exact local direct], viewport=1311x707, megapixels=0.927, cpuInvocations=299, cpuSubmitAvgMs=0.009, cpuSubmitMaxMs=0.021, gpuSamples=75, gpuAvgMs=0.007, gpuMaxMs=0.007, gpuAvgMsPerMP=0.007
[31Aug2026 08:00:19.097] [Render thread/INFO] [Photonics/]: Photonics pass timing v73: group=restir handheld, passes=[handheld], viewport=1311x707, megapixels=0.927, cpuInvocations=299, cpuSubmitAvgMs=0.012, cpuSubmitMaxMs=0.028, gpuSamples=75, gpuAvgMs=0.010, gpuMaxMs=0.011, gpuAvgMsPerMP=0.011
[31Aug2026 08:00:21.768] [Render thread/INFO] [Photonics/]: Photonics direct reservoir sample v64: samples=120, populated=52, emptyOrBackground=0, visibilityRejected=68, invalid=0, overLegacyCap=0, overTemporalCap=0, totalSamplesRange=32.0..128.0, viewport=1311x707
[31Aug2026 08:00:22.966] [Photonic Chunk Compiler #1/INFO] [Photonics/]: Photonics scene content change v137: section=(-1.000E+0  0.000E+0  0.000E+0), previousSceneHash=561489694131211496, sceneHash=446884813218510240, fullHash=-5621304780847057504, previousNonAir=279, currentNonAir=278, priority=176206, playerChanged=false, initialPopulationComplete=true, radianceInvalidation=regional
[31Aug2026 08:00:22.966] [Photonic Chunk Compiler #1/INFO] [Photonics/]: Photonics scene hash diff v131: section=(-1.000E+0  0.000E+0  0.000E+0), previousSceneHash=561489694131211496, sceneHash=446884813218510240, changedBlocks=1, firstLocal=(14, 2, 0), firstWorld=(-2, 2, 0), oldStableHash=12728, newStableHash=0, oldState=Block{minecraft:white_concrete}, newState=Block{minecraft:air}
[31Aug2026 08:00:23.016] [Render thread/INFO] [Photonics/]: Photonics world tracing v138: layoutRevision=51, layoutReason=scene-hash-change-without-player-marker, sceneRevision=2, settled=false, compiledSections=2011, trackedSections=2011, batchBuilt=1, batchUnloaded=0, pendingBuilds=3, pendingUnloads=0, ready=true, depth=6, blockBounds=( 8.000E+1  1.280E+2  3.200E+1)..( 4.160E+2  2.240E+2  3.680E+2), treeBounds=( 0.000E+0  0.000E+0  0.000E+0)..( 1.024E+3  1.024E+3  1.024E+3), origin=(-2.560E+2 -1.920E+2 -1.920E+2), sceneChangeBounds=(-16, 0, 0)..(0, 16, 16), boundsSource=compiled, compileMs=40.714
[31Aug2026 08:00:23.848] [Render thread/INFO] [Photonics/]: Photonics pass timing v73: group=frag data, passes=[frag data], viewport=1311x707, megapixels=0.927, cpuInvocations=299, cpuSubmitAvgMs=0.028, cpuSubmitMaxMs=0.076, gpuSamples=75, gpuAvgMs=0.049, gpuMaxMs=0.079, gpuAvgMsPerMP=0.053
[31Aug2026 08:00:23.848] [Render thread/INFO] [Photonics/]: Photonics frame throughput v78: viewport=1311x707, windowSeconds=5.003, renderedFrames=299, fps=59.766, frameAvgMs=16.732
[31Aug2026 08:00:23.931] [Render thread/INFO] [Photonics/]: Photonics pass timing v73: group=restir direct, passes=[initial direct + visibility], viewport=1311x707, megapixels=0.927, cpuInvocations=299, cpuSubmitAvgMs=0.018, cpuSubmitMaxMs=0.045, gpuSamples=75, gpuAvgMs=0.283, gpuMaxMs=0.325, gpuAvgMsPerMP=0.306
[31Aug2026 08:00:23.967] [Render thread/INFO] [Photonics/]: Photonics pass timing v73: group=restir gi initial, passes=[initial indirect], viewport=1311x707, megapixels=0.927, cpuInvocations=299, cpuSubmitAvgMs=0.009, cpuSubmitMaxMs=0.026, gpuSamples=75, gpuAvgMs=0.256, gpuMaxMs=0.329, gpuAvgMsPerMP=0.276
[31Aug2026 08:00:23.999] [Render thread/INFO] [Photonics/]: Photonics pass timing v73: group=restir gi current state, passes=[capture current GI evaluation state], viewport=1311x707, megapixels=0.927, cpuInvocations=299, cpuSubmitAvgMs=0.005, cpuSubmitMaxMs=0.011, gpuSamples=75, gpuAvgMs=0.028, gpuMaxMs=0.066, gpuAvgMsPerMP=0.031
[31Aug2026 08:00:24.016] [Render thread/INFO] [Photonics/]: Photonics pass timing v73: group=restir temporal, passes=[temporal reuse + tri-state GI classification], viewport=1311x707, megapixels=0.927, cpuInvocations=299, cpuSubmitAvgMs=0.010, cpuSubmitMaxMs=0.022, gpuSamples=74, gpuAvgMs=0.270, gpuMaxMs=0.398, gpuAvgMsPerMP=0.292
[31Aug2026 08:00:24.016] [Render thread/INFO] [Photonics/]: Photonics pass timing v73: group=restir spatial, passes=[spatial reuse/clamp + tri-state GI classification], viewport=1311x707, megapixels=0.927, cpuInvocations=299, cpuSubmitAvgMs=0.008, cpuSubmitMaxMs=0.023, gpuSamples=74, gpuAvgMs=0.131, gpuMaxMs=0.169, gpuAvgMsPerMP=0.142
[31Aug2026 08:00:24.033] [Render thread/INFO] [Photonics/]: Photonics pass timing v73: group=restir diffuse, passes=[diffuse], viewport=1311x707, megapixels=0.927, cpuInvocations=299, cpuSubmitAvgMs=0.007, cpuSubmitMaxMs=0.017, gpuSamples=75, gpuAvgMs=0.204, gpuMaxMs=0.257, gpuAvgMsPerMP=0.220
[31Aug2026 08:00:24.033] [Render thread/INFO] [Photonics/]: Photonics pass timing v73: group=restir GI validity current, passes=[capture current direct/GI validity], viewport=1311x707, megapixels=0.927, cpuInvocations=299, cpuSubmitAvgMs=0.009, cpuSubmitMaxMs=0.022, gpuSamples=75, gpuAvgMs=0.181, gpuMaxMs=0.216, gpuAvgMsPerMP=0.195
[31Aug2026 08:00:24.049] [Render thread/INFO] [Photonics/]: Photonics pass timing v73: group=restir accumulation, passes=[accumulation], viewport=1311x707, megapixels=0.927, cpuInvocations=299, cpuSubmitAvgMs=0.010, cpuSubmitMaxMs=0.047, gpuSamples=75, gpuAvgMs=0.242, gpuMaxMs=0.264, gpuAvgMsPerMP=0.261
[31Aug2026 08:00:24.066] [Render thread/INFO] [Photonics/]: Photonics pass timing v73: group=restir GI validity final, passes=[capture post-accumulation history state], viewport=1311x707, megapixels=0.927, cpuInvocations=299, cpuSubmitAvgMs=0.007, cpuSubmitMaxMs=0.024, gpuSamples=75, gpuAvgMs=0.052, gpuMaxMs=0.071, gpuAvgMsPerMP=0.056
[31Aug2026 08:00:24.066] [Render thread/INFO] [Photonics/]: Photonics pass timing v73: group=svgf variance, passes=[variance prefilter], viewport=1311x707, megapixels=0.927, cpuInvocations=299, cpuSubmitAvgMs=0.004, cpuSubmitMaxMs=0.011, gpuSamples=75, gpuAvgMs=0.527, gpuMaxMs=0.565, gpuAvgMsPerMP=0.568
[31Aug2026 08:00:24.082] [Render thread/INFO] [Photonics/]: Photonics pass timing v73: group=svgf atrous, passes=[atrous iteration], viewport=1311x707, megapixels=0.927, cpuInvocations=1495, cpuSubmitAvgMs=0.003, cpuSubmitMaxMs=0.014, gpuSamples=373, gpuAvgMs=0.351, gpuMaxMs=0.407, gpuAvgMsPerMP=0.379
[31Aug2026 08:00:24.083] [Render thread/INFO] [Photonics/]: Photonics pass timing v73: group=restir local, passes=[exact local direct], viewport=1311x707, megapixels=0.927, cpuInvocations=299, cpuSubmitAvgMs=0.009, cpuSubmitMaxMs=0.027, gpuSamples=74, gpuAvgMs=0.007, gpuMaxMs=0.007, gpuAvgMsPerMP=0.007
[31Aug2026 08:00:24.100] [Render thread/INFO] [Photonics/]: Photonics pass timing v73: group=restir handheld, passes=[handheld], viewport=1311x707, megapixels=0.927, cpuInvocations=299, cpuSubmitAvgMs=0.011, cpuSubmitMaxMs=0.041, gpuSamples=75, gpuAvgMs=0.010, gpuMaxMs=0.011, gpuAvgMsPerMP=0.011
[31Aug2026 08:00:25.065] [Render thread/INFO] [Photonics/]: Photonics world tracing v138: layoutRevision=52, layoutReason=streaming-or-rebuild, sceneRevision=2, settled=true, compiledSections=2011, trackedSections=2011, batchBuilt=3, batchUnloaded=0, pendingBuilds=0, pendingUnloads=0, ready=true, depth=6, blockBounds=( 8.000E+1  1.280E+2  3.200E+1)..( 4.160E+2  2.240E+2  3.680E+2), treeBounds=( 0.000E+0  0.000E+0  0.000E+0)..( 1.024E+3  1.024E+3  1.024E+3), origin=(-2.560E+2 -1.920E+2 -1.920E+2), sceneChangeBounds=(-16, 0, 0)..(0, 16, 16), boundsSource=compiled, compileMs=40.266
[31Aug2026 08:00:25.066] [Render thread/INFO] [Photonics/]: Photonics memory v72: jvmHeap={usedBytes=4118244136, committedBytes=5251268608, maxBytes=8589934592}, jvmGc={collections=129, timeMs=1614}, worldHeap=GpuBufferHeapStats[capacityBytes=536870912, reservedBytes=135753844, liveBytes=135751252, peakLiveBytes=135751252, reusableBytes=2592, allocations=115059, reusedAllocations=5734, frees=5743, failedAllocations=0], paletteHeap=GpuBufferHeapStats[capacityBytes=201326592, reservedBytes=58560, liveBytes=58560, peakLiveBytes=58560, reusableBytes=0, allocations=610, reusedAllocations=0, frees=0, failedAllocations=0], registries={lights=Stats[cachedObjects=1, pendingFreeObjects=0, allocatedObjects=1, failedAllocations=0], palettes=Stats[cachedObjects=610, pendingFreeObjects=0, allocatedObjects=610, failedAllocations=0], blocks=Stats[cachedObjects=1353, pendingFreeObjects=0, allocatedObjects=1353, failedAllocations=0], models=Stats[cachedObjects=29, pendingFreeObjects=0, allocatedObjects=29, failedAllocations=0]}
[31Aug2026 08:00:28.851] [Render thread/INFO] [Photonics/]: Photonics pass timing v73: group=frag data, passes=[frag data], viewport=1311x707, megapixels=0.927, cpuInvocations=300, cpuSubmitAvgMs=0.026, cpuSubmitMaxMs=0.066, gpuSamples=75, gpuAvgMs=0.050, gpuMaxMs=0.085, gpuAvgMsPerMP=0.054
[31Aug2026 08:00:28.851] [Render thread/INFO] [Photonics/]: Photonics frame throughput v78: viewport=1311x707, windowSeconds=5.003, renderedFrames=300, fps=59.967, frameAvgMs=16.676
[31Aug2026 08:00:28.934] [Render thread/INFO] [Photonics/]: Photonics pass timing v73: group=restir direct, passes=[initial direct + visibility], viewport=1311x707, megapixels=0.927, cpuInvocations=300, cpuSubmitAvgMs=0.017, cpuSubmitMaxMs=0.081, gpuSamples=75, gpuAvgMs=0.291, gpuMaxMs=0.319, gpuAvgMsPerMP=0.314
[31Aug2026 08:00:28.969] [Render thread/INFO] [Photonics/]: Photonics pass timing v73: group=restir gi initial, passes=[initial indirect], viewport=1311x707, megapixels=0.927, cpuInvocations=300, cpuSubmitAvgMs=0.009, cpuSubmitMaxMs=0.025, gpuSamples=75, gpuAvgMs=0.563, gpuMaxMs=0.610, gpuAvgMsPerMP=0.607
[31Aug2026 08:00:29.001] [Render thread/INFO] [Photonics/]: Photonics pass timing v73: group=restir gi current state, passes=[capture current GI evaluation state], viewport=1311x707, megapixels=0.927, cpuInvocations=300, cpuSubmitAvgMs=0.004, cpuSubmitMaxMs=0.011, gpuSamples=75, gpuAvgMs=0.030, gpuMaxMs=0.077, gpuAvgMsPerMP=0.032
[31Aug2026 08:00:29.020] [Render thread/INFO] [Photonics/]: Photonics pass timing v73: group=restir temporal, passes=[temporal reuse + tri-state GI classification], viewport=1311x707, megapixels=0.927, cpuInvocations=300, cpuSubmitAvgMs=0.009, cpuSubmitMaxMs=0.021, gpuSamples=75, gpuAvgMs=0.460, gpuMaxMs=0.524, gpuAvgMsPerMP=0.497
[31Aug2026 08:00:29.020] [Render thread/INFO] [Photonics/]: Photonics pass timing v73: group=restir spatial, passes=[spatial reuse/clamp + tri-state GI classification], viewport=1311x707, megapixels=0.927, cpuInvocations=300, cpuSubmitAvgMs=0.008, cpuSubmitMaxMs=0.056, gpuSamples=75, gpuAvgMs=0.116, gpuMaxMs=0.151, gpuAvgMsPerMP=0.125
[31Aug2026 08:00:29.036] [Render thread/INFO] [Photonics/]: Photonics pass timing v73: group=restir diffuse, passes=[diffuse], viewport=1311x707, megapixels=0.927, cpuInvocations=300, cpuSubmitAvgMs=0.007, cpuSubmitMaxMs=0.020, gpuSamples=75, gpuAvgMs=0.227, gpuMaxMs=0.246, gpuAvgMsPerMP=0.245
[31Aug2026 08:00:29.036] [Render thread/INFO] [Photonics/]: Photonics pass timing v73: group=restir GI validity current, passes=[capture current direct/GI validity], viewport=1311x707, megapixels=0.927, cpuInvocations=300, cpuSubmitAvgMs=0.008, cpuSubmitMaxMs=0.070, gpuSamples=75, gpuAvgMs=0.177, gpuMaxMs=0.184, gpuAvgMsPerMP=0.191
[31Aug2026 08:00:29.052] [Render thread/INFO] [Photonics/]: Photonics pass timing v73: group=restir accumulation, passes=[accumulation], viewport=1311x707, megapixels=0.927, cpuInvocations=300, cpuSubmitAvgMs=0.009, cpuSubmitMaxMs=0.026, gpuSamples=75, gpuAvgMs=0.245, gpuMaxMs=0.259, gpuAvgMsPerMP=0.264
[31Aug2026 08:00:29.069] [Render thread/INFO] [Photonics/]: Photonics pass timing v73: group=restir GI validity final, passes=[capture post-accumulation history state], viewport=1311x707, megapixels=0.927, cpuInvocations=300, cpuSubmitAvgMs=0.006, cpuSubmitMaxMs=0.043, gpuSamples=75, gpuAvgMs=0.056, gpuMaxMs=0.060, gpuAvgMsPerMP=0.061
[31Aug2026 08:00:29.070] [Render thread/INFO] [Photonics/]: Photonics pass timing v73: group=svgf variance, passes=[variance prefilter], viewport=1311x707, megapixels=0.927, cpuInvocations=300, cpuSubmitAvgMs=0.004, cpuSubmitMaxMs=0.011, gpuSamples=75, gpuAvgMs=0.538, gpuMaxMs=0.566, gpuAvgMsPerMP=0.580
[31Aug2026 08:00:29.086] [Render thread/INFO] [Photonics/]: Photonics pass timing v73: group=svgf atrous, passes=[atrous iteration], viewport=1311x707, megapixels=0.927, cpuInvocations=1500, cpuSubmitAvgMs=0.002, cpuSubmitMaxMs=0.014, gpuSamples=375, gpuAvgMs=0.372, gpuMaxMs=0.423, gpuAvgMsPerMP=0.402
[31Aug2026 08:00:29.086] [Render thread/INFO] [Photonics/]: Photonics pass timing v73: group=restir local, passes=[exact local direct], viewport=1311x707, megapixels=0.927, cpuInvocations=300, cpuSubmitAvgMs=0.009, cpuSubmitMaxMs=0.062, gpuSamples=75, gpuAvgMs=0.007, gpuMaxMs=0.007, gpuAvgMsPerMP=0.007
[31Aug2026 08:00:29.103] [Render thread/INFO] [Photonics/]: Photonics pass timing v73: group=restir handheld, passes=[handheld], viewport=1311x707, megapixels=0.927, cpuInvocations=300, cpuSubmitAvgMs=0.010, cpuSubmitMaxMs=0.026, gpuSamples=75, gpuAvgMs=0.011, gpuMaxMs=0.011, gpuAvgMsPerMP=0.011
[31Aug2026 08:00:29.785] [Render thread/INFO] [Photonics/]: Photonics direct reservoir sample v64: samples=120, populated=25, emptyOrBackground=0, visibilityRejected=95, invalid=0, overLegacyCap=1, overTemporalCap=0, totalSamplesRange=32.0..638.5, viewport=1311x707
[31Aug2026 08:00:33.867] [Render thread/INFO] [Photonics/]: Photonics pass timing v73: group=frag data, passes=[frag data], viewport=1311x707, megapixels=0.927, cpuInvocations=300, cpuSubmitAvgMs=0.025, cpuSubmitMaxMs=0.074, gpuSamples=75, gpuAvgMs=0.050, gpuMaxMs=0.076, gpuAvgMsPerMP=0.054
[31Aug2026 08:00:33.867] [Render thread/INFO] [Photonics/]: Photonics frame throughput v78: viewport=1311x707, windowSeconds=5.016, renderedFrames=300, fps=59.811, frameAvgMs=16.719
[31Aug2026 08:00:33.949] [Render thread/INFO] [Photonics/]: Photonics pass timing v73: group=restir direct, passes=[initial direct + visibility], viewport=1311x707, megapixels=0.927, cpuInvocations=300, cpuSubmitAvgMs=0.016, cpuSubmitMaxMs=0.040, gpuSamples=75, gpuAvgMs=0.282, gpuMaxMs=0.314, gpuAvgMsPerMP=0.305
[31Aug2026 08:00:33.983] [Render thread/INFO] [Photonics/]: Photonics pass timing v73: group=restir gi initial, passes=[initial indirect], viewport=1311x707, megapixels=0.927, cpuInvocations=300, cpuSubmitAvgMs=0.008, cpuSubmitMaxMs=0.027, gpuSamples=75, gpuAvgMs=0.476, gpuMaxMs=0.609, gpuAvgMsPerMP=0.514
[31Aug2026 08:00:34.017] [Render thread/INFO] [Photonics/]: Photonics pass timing v73: group=restir gi current state, passes=[capture current GI evaluation state], viewport=1311x707, megapixels=0.927, cpuInvocations=300, cpuSubmitAvgMs=0.004, cpuSubmitMaxMs=0.011, gpuSamples=75, gpuAvgMs=0.030, gpuMaxMs=0.080, gpuAvgMsPerMP=0.032
[31Aug2026 08:00:34.033] [Render thread/INFO] [Photonics/]: Photonics pass timing v73: group=restir temporal, passes=[temporal reuse + tri-state GI classification], viewport=1311x707, megapixels=0.927, cpuInvocations=300, cpuSubmitAvgMs=0.009, cpuSubmitMaxMs=0.015, gpuSamples=75, gpuAvgMs=0.419, gpuMaxMs=0.521, gpuAvgMsPerMP=0.452
[31Aug2026 08:00:34.033] [Render thread/INFO] [Photonics/]: Photonics pass timing v73: group=restir spatial, passes=[spatial reuse/clamp + tri-state GI classification], viewport=1311x707, megapixels=0.927, cpuInvocations=300, cpuSubmitAvgMs=0.007, cpuSubmitMaxMs=0.064, gpuSamples=75, gpuAvgMs=0.121, gpuMaxMs=0.162, gpuAvgMsPerMP=0.131
[31Aug2026 08:00:34.050] [Render thread/INFO] [Photonics/]: Photonics pass timing v73: group=restir diffuse, passes=[diffuse], viewport=1311x707, megapixels=0.927, cpuInvocations=300, cpuSubmitAvgMs=0.007, cpuSubmitMaxMs=0.016, gpuSamples=75, gpuAvgMs=0.216, gpuMaxMs=0.247, gpuAvgMsPerMP=0.233
[31Aug2026 08:00:34.050] [Render thread/INFO] [Photonics/]: Photonics pass timing v73: group=restir GI validity current, passes=[capture current direct/GI validity], viewport=1311x707, megapixels=0.927, cpuInvocations=300, cpuSubmitAvgMs=0.007, cpuSubmitMaxMs=0.042, gpuSamples=75, gpuAvgMs=0.181, gpuMaxMs=0.216, gpuAvgMsPerMP=0.196
[31Aug2026 08:00:34.069] [Render thread/INFO] [Photonics/]: Photonics pass timing v73: group=restir accumulation, passes=[accumulation], viewport=1311x707, megapixels=0.927, cpuInvocations=300, cpuSubmitAvgMs=0.009, cpuSubmitMaxMs=0.019, gpuSamples=75, gpuAvgMs=0.246, gpuMaxMs=0.257, gpuAvgMsPerMP=0.265
[31Aug2026 08:00:34.086] [Render thread/INFO] [Photonics/]: Photonics pass timing v73: group=restir GI validity final, passes=[capture post-accumulation history state], viewport=1311x707, megapixels=0.927, cpuInvocations=300, cpuSubmitAvgMs=0.006, cpuSubmitMaxMs=0.064, gpuSamples=75, gpuAvgMs=0.056, gpuMaxMs=0.059, gpuAvgMsPerMP=0.060
[31Aug2026 08:00:34.086] [Render thread/INFO] [Photonics/]: Photonics pass timing v73: group=svgf variance, passes=[variance prefilter], viewport=1311x707, megapixels=0.927, cpuInvocations=300, cpuSubmitAvgMs=0.004, cpuSubmitMaxMs=0.012, gpuSamples=75, gpuAvgMs=0.551, gpuMaxMs=0.570, gpuAvgMsPerMP=0.594
[31Aug2026 08:00:34.086] [Render thread/INFO] [Photonics/]: Photonics pass timing v73: group=svgf atrous, passes=[atrous iteration], viewport=1311x707, megapixels=0.927, cpuInvocations=1495, cpuSubmitAvgMs=0.002, cpuSubmitMaxMs=0.011, gpuSamples=374, gpuAvgMs=0.383, gpuMaxMs=0.472, gpuAvgMsPerMP=0.413
[31Aug2026 08:00:34.102] [Render thread/INFO] [Photonics/]: Photonics pass timing v73: group=restir local, passes=[exact local direct], viewport=1311x707, megapixels=0.927, cpuInvocations=300, cpuSubmitAvgMs=0.008, cpuSubmitMaxMs=0.021, gpuSamples=75, gpuAvgMs=0.007, gpuMaxMs=0.007, gpuAvgMsPerMP=0.007
[31Aug2026 08:00:34.120] [Render thread/INFO] [Photonics/]: Photonics pass timing v73: group=restir handheld, passes=[handheld], viewport=1311x707, megapixels=0.927, cpuInvocations=300, cpuSubmitAvgMs=0.009, cpuSubmitMaxMs=0.025, gpuSamples=75, gpuAvgMs=0.011, gpuMaxMs=0.011, gpuAvgMsPerMP=0.012
[31Aug2026 08:00:37.821] [Render thread/INFO] [Photonics/]: Photonics direct reservoir sample v64: samples=120, populated=9, emptyOrBackground=0, visibilityRejected=111, invalid=0, overLegacyCap=0, overTemporalCap=0, totalSamplesRange=32.0..128.0, viewport=1311x707
[31Aug2026 08:00:38.872] [Render thread/INFO] [Photonics/]: Photonics pass timing v73: group=frag data, passes=[frag data], viewport=1311x707, megapixels=0.927, cpuInvocations=299, cpuSubmitAvgMs=0.024, cpuSubmitMaxMs=0.076, gpuSamples=75, gpuAvgMs=0.051, gpuMaxMs=0.062, gpuAvgMsPerMP=0.055
[31Aug2026 08:00:38.872] [Render thread/INFO] [Photonics/]: Photonics frame throughput v78: viewport=1311x707, windowSeconds=5.005, renderedFrames=299, fps=59.737, frameAvgMs=16.740
[31Aug2026 08:00:38.955] [Render thread/INFO] [Photonics/]: Photonics pass timing v73: group=restir direct, passes=[initial direct + visibility], viewport=1311x707, megapixels=0.927, cpuInvocations=299, cpuSubmitAvgMs=0.015, cpuSubmitMaxMs=0.042, gpuSamples=75, gpuAvgMs=0.277, gpuMaxMs=0.300, gpuAvgMsPerMP=0.299
[31Aug2026 08:00:38.988] [Render thread/INFO] [Photonics/]: Photonics pass timing v73: group=restir gi initial, passes=[initial indirect], viewport=1311x707, megapixels=0.927, cpuInvocations=299, cpuSubmitAvgMs=0.008, cpuSubmitMaxMs=0.026, gpuSamples=74, gpuAvgMs=0.493, gpuMaxMs=0.604, gpuAvgMsPerMP=0.532
[31Aug2026 08:00:39.022] [Render thread/INFO] [Photonics/]: Photonics pass timing v73: group=restir gi current state, passes=[capture current GI evaluation state], viewport=1311x707, megapixels=0.927, cpuInvocations=299, cpuSubmitAvgMs=0.004, cpuSubmitMaxMs=0.013, gpuSamples=75, gpuAvgMs=0.028, gpuMaxMs=0.028, gpuAvgMsPerMP=0.030
[31Aug2026 08:00:39.038] [Render thread/INFO] [Photonics/]: Photonics pass timing v73: group=restir temporal, passes=[temporal reuse + tri-state GI classification], viewport=1311x707, megapixels=0.927, cpuInvocations=299, cpuSubmitAvgMs=0.009, cpuSubmitMaxMs=0.018, gpuSamples=75, gpuAvgMs=0.442, gpuMaxMs=0.540, gpuAvgMsPerMP=0.477
[31Aug2026 08:00:39.038] [Render thread/INFO] [Photonics/]: Photonics pass timing v73: group=restir spatial, passes=[spatial reuse/clamp + tri-state GI classification], viewport=1311x707, megapixels=0.927, cpuInvocations=299, cpuSubmitAvgMs=0.007, cpuSubmitMaxMs=0.077, gpuSamples=75, gpuAvgMs=0.118, gpuMaxMs=0.146, gpuAvgMsPerMP=0.128
[31Aug2026 08:00:39.055] [Render thread/INFO] [Photonics/]: Photonics pass timing v73: group=restir diffuse, passes=[diffuse], viewport=1311x707, megapixels=0.927, cpuInvocations=299, cpuSubmitAvgMs=0.007, cpuSubmitMaxMs=0.017, gpuSamples=74, gpuAvgMs=0.218, gpuMaxMs=0.235, gpuAvgMsPerMP=0.236
[31Aug2026 08:00:39.055] [Render thread/INFO] [Photonics/]: Photonics pass timing v73: group=restir GI validity current, passes=[capture current direct/GI validity], viewport=1311x707, megapixels=0.927, cpuInvocations=299, cpuSubmitAvgMs=0.007, cpuSubmitMaxMs=0.031, gpuSamples=74, gpuAvgMs=0.183, gpuMaxMs=0.222, gpuAvgMsPerMP=0.197
[31Aug2026 08:00:39.073] [Render thread/INFO] [Photonics/]: Photonics pass timing v73: group=restir accumulation, passes=[accumulation], viewport=1311x707, megapixels=0.927, cpuInvocations=299, cpuSubmitAvgMs=0.009, cpuSubmitMaxMs=0.027, gpuSamples=75, gpuAvgMs=0.249, gpuMaxMs=0.282, gpuAvgMsPerMP=0.268
[31Aug2026 08:00:39.089] [Render thread/INFO] [Photonics/]: Photonics pass timing v73: group=restir GI validity final, passes=[capture post-accumulation history state], viewport=1311x707, megapixels=0.927, cpuInvocations=299, cpuSubmitAvgMs=0.006, cpuSubmitMaxMs=0.019, gpuSamples=75, gpuAvgMs=0.058, gpuMaxMs=0.102, gpuAvgMsPerMP=0.063
[31Aug2026 08:00:39.089] [Render thread/INFO] [Photonics/]: Photonics pass timing v73: group=svgf variance, passes=[variance prefilter], viewport=1311x707, megapixels=0.927, cpuInvocations=299, cpuSubmitAvgMs=0.003, cpuSubmitMaxMs=0.011, gpuSamples=75, gpuAvgMs=0.557, gpuMaxMs=0.622, gpuAvgMsPerMP=0.601
[31Aug2026 08:00:39.089] [Render thread/INFO] [Photonics/]: Photonics pass timing v73: group=svgf atrous, passes=[atrous iteration], viewport=1311x707, megapixels=0.927, cpuInvocations=1495, cpuSubmitAvgMs=0.002, cpuSubmitMaxMs=0.015, gpuSamples=374, gpuAvgMs=0.387, gpuMaxMs=0.477, gpuAvgMsPerMP=0.417
[31Aug2026 08:00:39.105] [Render thread/INFO] [Photonics/]: Photonics pass timing v73: group=restir local, passes=[exact local direct], viewport=1311x707, megapixels=0.927, cpuInvocations=299, cpuSubmitAvgMs=0.008, cpuSubmitMaxMs=0.019, gpuSamples=75, gpuAvgMs=0.007, gpuMaxMs=0.007, gpuAvgMsPerMP=0.007
[31Aug2026 08:00:39.123] [Render thread/INFO] [Photonics/]: Photonics pass timing v73: group=restir handheld, passes=[handheld], viewport=1311x707, megapixels=0.927, cpuInvocations=299, cpuSubmitAvgMs=0.009, cpuSubmitMaxMs=0.024, gpuSamples=74, gpuAvgMs=0.011, gpuMaxMs=0.011, gpuAvgMsPerMP=0.012
[31Aug2026 08:00:43.873] [Render thread/INFO] [Photonics/]: Photonics pass timing v73: group=frag data, passes=[frag data], viewport=1311x707, megapixels=0.927, cpuInvocations=300, cpuSubmitAvgMs=0.025, cpuSubmitMaxMs=0.083, gpuSamples=75, gpuAvgMs=0.050, gpuMaxMs=0.064, gpuAvgMsPerMP=0.054
[31Aug2026 08:00:43.874] [Render thread/INFO] [Photonics/]: Photonics frame throughput v78: viewport=1311x707, windowSeconds=5.002, renderedFrames=300, fps=59.981, frameAvgMs=16.672
[31Aug2026 08:00:43.957] [Render thread/INFO] [Photonics/]: Photonics pass timing v73: group=restir direct, passes=[initial direct + visibility], viewport=1311x707, megapixels=0.927, cpuInvocations=300, cpuSubmitAvgMs=0.017, cpuSubmitMaxMs=0.047, gpuSamples=75, gpuAvgMs=0.275, gpuMaxMs=0.310, gpuAvgMsPerMP=0.297
[31Aug2026 08:00:43.990] [Render thread/INFO] [Photonics/]: Photonics pass timing v73: group=restir gi initial, passes=[initial indirect], viewport=1311x707, megapixels=0.927, cpuInvocations=300, cpuSubmitAvgMs=0.008, cpuSubmitMaxMs=0.021, gpuSamples=75, gpuAvgMs=0.488, gpuMaxMs=0.567, gpuAvgMsPerMP=0.527
[31Aug2026 08:00:44.024] [Render thread/INFO] [Photonics/]: Photonics pass timing v73: group=restir gi current state, passes=[capture current GI evaluation state], viewport=1311x707, megapixels=0.927, cpuInvocations=300, cpuSubmitAvgMs=0.004, cpuSubmitMaxMs=0.010, gpuSamples=75, gpuAvgMs=0.029, gpuMaxMs=0.076, gpuAvgMsPerMP=0.031
[31Aug2026 08:00:44.040] [Render thread/INFO] [Photonics/]: Photonics pass timing v73: group=restir temporal, passes=[temporal reuse + tri-state GI classification], viewport=1311x707, megapixels=0.927, cpuInvocations=300, cpuSubmitAvgMs=0.009, cpuSubmitMaxMs=0.024, gpuSamples=75, gpuAvgMs=0.416, gpuMaxMs=0.526, gpuAvgMsPerMP=0.449
[31Aug2026 08:00:44.040] [Render thread/INFO] [Photonics/]: Photonics pass timing v73: group=restir spatial, passes=[spatial reuse/clamp + tri-state GI classification], viewport=1311x707, megapixels=0.927, cpuInvocations=300, cpuSubmitAvgMs=0.007, cpuSubmitMaxMs=0.029, gpuSamples=75, gpuAvgMs=0.117, gpuMaxMs=0.151, gpuAvgMsPerMP=0.127
[31Aug2026 08:00:44.056] [Render thread/INFO] [Photonics/]: Photonics pass timing v73: group=restir diffuse, passes=[diffuse], viewport=1311x707, megapixels=0.927, cpuInvocations=300, cpuSubmitAvgMs=0.007, cpuSubmitMaxMs=0.015, gpuSamples=75, gpuAvgMs=0.215, gpuMaxMs=0.249, gpuAvgMsPerMP=0.232
[31Aug2026 08:00:44.056] [Render thread/INFO] [Photonics/]: Photonics pass timing v73: group=restir GI validity current, passes=[capture current direct/GI validity], viewport=1311x707, megapixels=0.927, cpuInvocations=300, cpuSubmitAvgMs=0.008, cpuSubmitMaxMs=0.021, gpuSamples=75, gpuAvgMs=0.179, gpuMaxMs=0.214, gpuAvgMsPerMP=0.193
[31Aug2026 08:00:44.074] [Render thread/INFO] [Photonics/]: Photonics pass timing v73: group=restir accumulation, passes=[accumulation], viewport=1311x707, megapixels=0.927, cpuInvocations=300, cpuSubmitAvgMs=0.009, cpuSubmitMaxMs=0.022, gpuSamples=75, gpuAvgMs=0.245, gpuMaxMs=0.274, gpuAvgMsPerMP=0.265
[31Aug2026 08:00:44.090] [Render thread/INFO] [Photonics/]: Photonics pass timing v73: group=restir GI validity final, passes=[capture post-accumulation history state], viewport=1311x707, megapixels=0.927, cpuInvocations=300, cpuSubmitAvgMs=0.006, cpuSubmitMaxMs=0.019, gpuSamples=75, gpuAvgMs=0.056, gpuMaxMs=0.059, gpuAvgMsPerMP=0.060
[31Aug2026 08:00:44.090] [Render thread/INFO] [Photonics/]: Photonics pass timing v73: group=svgf variance, passes=[variance prefilter], viewport=1311x707, megapixels=0.927, cpuInvocations=300, cpuSubmitAvgMs=0.004, cpuSubmitMaxMs=0.011, gpuSamples=75, gpuAvgMs=0.546, gpuMaxMs=0.602, gpuAvgMsPerMP=0.589
[31Aug2026 08:00:44.090] [Render thread/INFO] [Photonics/]: Photonics pass timing v73: group=svgf atrous, passes=[atrous iteration], viewport=1311x707, megapixels=0.927, cpuInvocations=1500, cpuSubmitAvgMs=0.003, cpuSubmitMaxMs=0.027, gpuSamples=375, gpuAvgMs=0.378, gpuMaxMs=0.430, gpuAvgMsPerMP=0.408
[31Aug2026 08:00:44.107] [Render thread/INFO] [Photonics/]: Photonics pass timing v73: group=restir local, passes=[exact local direct], viewport=1311x707, megapixels=0.927, cpuInvocations=300, cpuSubmitAvgMs=0.009, cpuSubmitMaxMs=0.019, gpuSamples=75, gpuAvgMs=0.007, gpuMaxMs=0.007, gpuAvgMsPerMP=0.007
[31Aug2026 08:00:44.125] [Render thread/INFO] [Photonics/]: Photonics pass timing v73: group=restir handheld, passes=[handheld], viewport=1311x707, megapixels=0.927, cpuInvocations=300, cpuSubmitAvgMs=0.010, cpuSubmitMaxMs=0.062, gpuSamples=75, gpuAvgMs=0.011, gpuMaxMs=0.011, gpuAvgMsPerMP=0.011
[31Aug2026 08:00:45.826] [Render thread/INFO] [Photonics/]: Photonics direct reservoir sample v64: samples=120, populated=12, emptyOrBackground=0, visibilityRejected=108, invalid=0, overLegacyCap=5, overTemporalCap=2, totalSamplesRange=32.0..697.5, viewport=1311x707
[31Aug2026 08:00:48.878] [Render thread/INFO] [Photonics/]: Photonics pass timing v73: group=frag data, passes=[frag data], viewport=1311x707, megapixels=0.927, cpuInvocations=300, cpuSubmitAvgMs=0.024, cpuSubmitMaxMs=0.067, gpuSamples=75, gpuAvgMs=0.050, gpuMaxMs=0.052, gpuAvgMsPerMP=0.054
[31Aug2026 08:00:48.878] [Render thread/INFO] [Photonics/]: Photonics frame throughput v78: viewport=1311x707, windowSeconds=5.004, renderedFrames=300, fps=59.949, frameAvgMs=16.681
[31Aug2026 08:00:48.960] [Render thread/INFO] [Photonics/]: Photonics pass timing v73: group=restir direct, passes=[initial direct + visibility], viewport=1311x707, megapixels=0.927, cpuInvocations=300, cpuSubmitAvgMs=0.015, cpuSubmitMaxMs=0.041, gpuSamples=75, gpuAvgMs=0.310, gpuMaxMs=0.327, gpuAvgMsPerMP=0.334
[31Aug2026 08:00:48.993] [Render thread/INFO] [Photonics/]: Photonics pass timing v73: group=restir gi initial, passes=[initial indirect], viewport=1311x707, megapixels=0.927, cpuInvocations=300, cpuSubmitAvgMs=0.008, cpuSubmitMaxMs=0.024, gpuSamples=75, gpuAvgMs=0.512, gpuMaxMs=0.544, gpuAvgMsPerMP=0.552
[31Aug2026 08:00:49.028] [Render thread/INFO] [Photonics/]: Photonics pass timing v73: group=restir gi current state, passes=[capture current GI evaluation state], viewport=1311x707, megapixels=0.927, cpuInvocations=300, cpuSubmitAvgMs=0.004, cpuSubmitMaxMs=0.017, gpuSamples=75, gpuAvgMs=0.028, gpuMaxMs=0.078, gpuAvgMsPerMP=0.030
[31Aug2026 08:00:49.043] [Render thread/INFO] [Photonics/]: Photonics pass timing v73: group=restir temporal, passes=[temporal reuse + tri-state GI classification], viewport=1311x707, megapixels=0.927, cpuInvocations=300, cpuSubmitAvgMs=0.009, cpuSubmitMaxMs=0.020, gpuSamples=75, gpuAvgMs=0.478, gpuMaxMs=0.542, gpuAvgMsPerMP=0.515
[31Aug2026 08:00:49.044] [Render thread/INFO] [Photonics/]: Photonics pass timing v73: group=restir spatial, passes=[spatial reuse/clamp + tri-state GI classification], viewport=1311x707, megapixels=0.927, cpuInvocations=300, cpuSubmitAvgMs=0.007, cpuSubmitMaxMs=0.059, gpuSamples=75, gpuAvgMs=0.116, gpuMaxMs=0.159, gpuAvgMsPerMP=0.125
[31Aug2026 08:00:49.060] [Render thread/INFO] [Photonics/]: Photonics pass timing v73: group=restir diffuse, passes=[diffuse], viewport=1311x707, megapixels=0.927, cpuInvocations=300, cpuSubmitAvgMs=0.007, cpuSubmitMaxMs=0.017, gpuSamples=75, gpuAvgMs=0.245, gpuMaxMs=0.265, gpuAvgMsPerMP=0.265
[31Aug2026 08:00:49.060] [Render thread/INFO] [Photonics/]: Photonics pass timing v73: group=restir GI validity current, passes=[capture current direct/GI validity], viewport=1311x707, megapixels=0.927, cpuInvocations=300, cpuSubmitAvgMs=0.008, cpuSubmitMaxMs=0.069, gpuSamples=75, gpuAvgMs=0.175, gpuMaxMs=0.215, gpuAvgMsPerMP=0.189
[31Aug2026 08:00:49.078] [Render thread/INFO] [Photonics/]: Photonics pass timing v73: group=restir accumulation, passes=[accumulation], viewport=1311x707, megapixels=0.927, cpuInvocations=300, cpuSubmitAvgMs=0.009, cpuSubmitMaxMs=0.021, gpuSamples=75, gpuAvgMs=0.239, gpuMaxMs=0.259, gpuAvgMsPerMP=0.258
[31Aug2026 08:00:49.094] [Render thread/INFO] [Photonics/]: Photonics pass timing v73: group=restir GI validity final, passes=[capture post-accumulation history state], viewport=1311x707, megapixels=0.927, cpuInvocations=300, cpuSubmitAvgMs=0.006, cpuSubmitMaxMs=0.020, gpuSamples=75, gpuAvgMs=0.055, gpuMaxMs=0.058, gpuAvgMsPerMP=0.059
[31Aug2026 08:00:49.094] [Render thread/INFO] [Photonics/]: Photonics pass timing v73: group=svgf variance, passes=[variance prefilter], viewport=1311x707, megapixels=0.927, cpuInvocations=300, cpuSubmitAvgMs=0.003, cpuSubmitMaxMs=0.016, gpuSamples=75, gpuAvgMs=0.548, gpuMaxMs=0.599, gpuAvgMsPerMP=0.591
[31Aug2026 08:00:49.094] [Render thread/INFO] [Photonics/]: Photonics pass timing v73: group=svgf atrous, passes=[atrous iteration], viewport=1311x707, megapixels=0.927, cpuInvocations=1500, cpuSubmitAvgMs=0.002, cpuSubmitMaxMs=0.027, gpuSamples=375, gpuAvgMs=0.370, gpuMaxMs=0.424, gpuAvgMsPerMP=0.399
[31Aug2026 08:00:49.110] [Render thread/INFO] [Photonics/]: Photonics pass timing v73: group=restir local, passes=[exact local direct], viewport=1311x707, megapixels=0.927, cpuInvocations=300, cpuSubmitAvgMs=0.008, cpuSubmitMaxMs=0.017, gpuSamples=75, gpuAvgMs=0.007, gpuMaxMs=0.007, gpuAvgMsPerMP=0.007
[31Aug2026 08:00:49.127] [Render thread/INFO] [Photonics/]: Photonics pass timing v73: group=restir handheld, passes=[handheld], viewport=1311x707, megapixels=0.927, cpuInvocations=300, cpuSubmitAvgMs=0.009, cpuSubmitMaxMs=0.025, gpuSamples=75, gpuAvgMs=0.011, gpuMaxMs=0.011, gpuAvgMsPerMP=0.011
[31Aug2026 08:00:53.830] [Render thread/INFO] [Photonics/]: Photonics direct reservoir sample v64: samples=120, populated=5, emptyOrBackground=0, visibilityRejected=115, invalid=0, overLegacyCap=1, overTemporalCap=1, totalSamplesRange=32.0..657.5, viewport=1311x707
[31Aug2026 08:00:53.879] [Render thread/INFO] [Photonics/]: Photonics pass timing v73: group=frag data, passes=[frag data], viewport=1311x707, megapixels=0.927, cpuInvocations=300, cpuSubmitAvgMs=0.024, cpuSubmitMaxMs=0.071, gpuSamples=75, gpuAvgMs=0.051, gpuMaxMs=0.053, gpuAvgMsPerMP=0.055
[31Aug2026 08:00:53.879] [Render thread/INFO] [Photonics/]: Photonics frame throughput v78: viewport=1311x707, windowSeconds=5.002, renderedFrames=300, fps=59.981, frameAvgMs=16.672
[31Aug2026 08:00:53.963] [Render thread/INFO] [Photonics/]: Photonics pass timing v73: group=restir direct, passes=[initial direct + visibility], viewport=1311x707, megapixels=0.927, cpuInvocations=300, cpuSubmitAvgMs=0.016, cpuSubmitMaxMs=0.074, gpuSamples=75, gpuAvgMs=0.299, gpuMaxMs=0.311, gpuAvgMsPerMP=0.323
[31Aug2026 08:00:53.996] [Render thread/INFO] [Photonics/]: Photonics pass timing v73: group=restir gi initial, passes=[initial indirect], viewport=1311x707, megapixels=0.927, cpuInvocations=300, cpuSubmitAvgMs=0.008, cpuSubmitMaxMs=0.031, gpuSamples=75, gpuAvgMs=0.497, gpuMaxMs=0.556, gpuAvgMsPerMP=0.537
[31Aug2026 08:00:54.029] [Render thread/INFO] [Photonics/]: Photonics pass timing v73: group=restir gi current state, passes=[capture current GI evaluation state], viewport=1311x707, megapixels=0.927, cpuInvocations=300, cpuSubmitAvgMs=0.004, cpuSubmitMaxMs=0.017, gpuSamples=75, gpuAvgMs=0.030, gpuMaxMs=0.074, gpuAvgMsPerMP=0.033
[31Aug2026 08:00:54.046] [Render thread/INFO] [Photonics/]: Photonics pass timing v73: group=restir temporal, passes=[temporal reuse + tri-state GI classification], viewport=1311x707, megapixels=0.927, cpuInvocations=300, cpuSubmitAvgMs=0.009, cpuSubmitMaxMs=0.027, gpuSamples=75, gpuAvgMs=0.486, gpuMaxMs=0.538, gpuAvgMsPerMP=0.524
[31Aug2026 08:00:54.046] [Render thread/INFO] [Photonics/]: Photonics pass timing v73: group=restir spatial, passes=[spatial reuse/clamp + tri-state GI classification], viewport=1311x707, megapixels=0.927, cpuInvocations=300, cpuSubmitAvgMs=0.007, cpuSubmitMaxMs=0.024, gpuSamples=75, gpuAvgMs=0.119, gpuMaxMs=0.150, gpuAvgMsPerMP=0.128
[31Aug2026 08:00:54.063] [Render thread/INFO] [Photonics/]: Photonics pass timing v73: group=restir diffuse, passes=[diffuse], viewport=1311x707, megapixels=0.927, cpuInvocations=300, cpuSubmitAvgMs=0.007, cpuSubmitMaxMs=0.016, gpuSamples=75, gpuAvgMs=0.241, gpuMaxMs=0.257, gpuAvgMsPerMP=0.260
[31Aug2026 08:00:54.063] [Render thread/INFO] [Photonics/]: Photonics pass timing v73: group=restir GI validity current, passes=[capture current direct/GI validity], viewport=1311x707, megapixels=0.927, cpuInvocations=300, cpuSubmitAvgMs=0.007, cpuSubmitMaxMs=0.023, gpuSamples=75, gpuAvgMs=0.178, gpuMaxMs=0.182, gpuAvgMsPerMP=0.192
[31Aug2026 08:00:54.080] [Render thread/INFO] [Photonics/]: Photonics pass timing v73: group=restir accumulation, passes=[accumulation], viewport=1311x707, megapixels=0.927, cpuInvocations=300, cpuSubmitAvgMs=0.009, cpuSubmitMaxMs=0.020, gpuSamples=75, gpuAvgMs=0.248, gpuMaxMs=0.255, gpuAvgMsPerMP=0.268
[31Aug2026 08:00:54.096] [Render thread/INFO] [Photonics/]: Photonics pass timing v73: group=restir GI validity final, passes=[capture post-accumulation history state], viewport=1311x707, megapixels=0.927, cpuInvocations=300, cpuSubmitAvgMs=0.006, cpuSubmitMaxMs=0.021, gpuSamples=75, gpuAvgMs=0.057, gpuMaxMs=0.059, gpuAvgMsPerMP=0.062
[31Aug2026 08:00:54.096] [Render thread/INFO] [Photonics/]: Photonics pass timing v73: group=svgf variance, passes=[variance prefilter], viewport=1311x707, megapixels=0.927, cpuInvocations=300, cpuSubmitAvgMs=0.003, cpuSubmitMaxMs=0.010, gpuSamples=75, gpuAvgMs=0.552, gpuMaxMs=0.564, gpuAvgMsPerMP=0.596
[31Aug2026 08:00:54.096] [Render thread/INFO] [Photonics/]: Photonics pass timing v73: group=svgf atrous, passes=[atrous iteration], viewport=1311x707, megapixels=0.927, cpuInvocations=1500, cpuSubmitAvgMs=0.002, cpuSubmitMaxMs=0.059, gpuSamples=375, gpuAvgMs=0.384, gpuMaxMs=0.429, gpuAvgMsPerMP=0.415
[31Aug2026 08:00:54.113] [Render thread/INFO] [Photonics/]: Photonics pass timing v73: group=restir local, passes=[exact local direct], viewport=1311x707, megapixels=0.927, cpuInvocations=300, cpuSubmitAvgMs=0.008, cpuSubmitMaxMs=0.020, gpuSamples=75, gpuAvgMs=0.007, gpuMaxMs=0.007, gpuAvgMsPerMP=0.007
[31Aug2026 08:00:54.129] [Render thread/INFO] [Photonics/]: Photonics pass timing v73: group=restir handheld, passes=[handheld], viewport=1311x707, megapixels=0.927, cpuInvocations=300, cpuSubmitAvgMs=0.009, cpuSubmitMaxMs=0.025, gpuSamples=75, gpuAvgMs=0.011, gpuMaxMs=0.011, gpuAvgMsPerMP=0.012
[31Aug2026 08:00:55.877] [Server thread/INFO] [net.minecraft.client.server.IntegratedServer/]: Saving and pausing game...
[31Aug2026 08:00:55.882] [Server thread/INFO] [net.minecraft.server.MinecraftServer/]: Saving chunks for level 'ServerLevel[New World1]'/minecraft:overworld
[31Aug2026 08:00:55.882] [Server thread/INFO] [dev.ryanhcode.sable.Sable/]: Saving sub-levels for level 'ServerLevel[New World1]'/minecraft:overworld
[31Aug2026 08:00:55.884] [Server thread/INFO] [net.minecraft.server.MinecraftServer/]: Saving chunks for level 'ServerLevel[New World1]'/minecraft:the_nether
[31Aug2026 08:00:55.884] [Server thread/INFO] [dev.ryanhcode.sable.Sable/]: Saving sub-levels for level 'ServerLevel[New World1]'/minecraft:the_nether
[31Aug2026 08:00:55.884] [Server thread/INFO] [net.minecraft.server.MinecraftServer/]: Saving chunks for level 'ServerLevel[New World1]'/minecraft:the_end
[31Aug2026 08:00:55.884] [Server thread/INFO] [dev.ryanhcode.sable.Sable/]: Saving sub-levels for level 'ServerLevel[New World1]'/minecraft:the_end
[31Aug2026 08:00:57.862] [Netty Local Client IO #3/INFO] [dev.ryanhcode.sable.Sable/]: Client UDP channel inactive
[31Aug2026 08:00:57.863] [Render thread/INFO] [DistantHorizons-DistantHorizons-com.seibel.distanthorizons.core.api.internal.ClientApi/]: Client on ClientOnly mode disconnecting.
[31Aug2026 08:00:57.863] [Netty Local Client IO #3/INFO] [dev.ryanhcode.sable.Sable/]: Closed UDP channel!
[31Aug2026 08:00:57.863] [level shutdown/INFO] [DistantHorizons-DistantHorizons-com.seibel.distanthorizons.core.generation.queues.WorldGenerationQueue/]: Closing world gen queue
[31Aug2026 08:00:57.863] [level shutdown/INFO] [DistantHorizons-DistantHorizons-com.seibel.distanthorizons.core.generation.queues.WorldGenerationQueue/]: Closing world gen queue
[31Aug2026 08:00:57.863] [level shutdown/INFO] [DistantHorizons-DistantHorizons-com.seibel.distanthorizons.core.generation.queues.WorldGenerationQueue/]: Closing WorldGenerationQueue...
[31Aug2026 08:00:57.863] [level shutdown/INFO] [DistantHorizons-DistantHorizons-com.seibel.distanthorizons.core.generation.queues.WorldGenerationQueue/]: Closing WorldGenerationQueue...
[31Aug2026 08:00:57.863] [level shutdown/INFO] [DistantHorizons-DistantHorizons-com.seibel.distanthorizons.core.generation.queues.WorldGenerationQueue/]: Shutting down world generator thread pool...
[31Aug2026 08:00:57.863] [level shutdown/INFO] [DistantHorizons-DistantHorizons-com.seibel.distanthorizons.core.generation.queues.WorldGenerationQueue/]: Shutting down world generator thread pool...
[31Aug2026 08:00:57.863] [level shutdown/INFO] [DistantHorizons-DistantHorizons-com.seibel.distanthorizons.core.generation.queues.WorldGenerationQueue/]: World generator thread pool shutdown with [0] incomplete tasks.
[31Aug2026 08:00:57.863] [level shutdown/INFO] [DistantHorizons-DistantHorizons-com.seibel.distanthorizons.core.generation.queues.WorldGenerationQueue/]: World generator thread pool shutdown with [0] incomplete tasks.
[31Aug2026 08:00:57.863] [level shutdown/INFO] [DistantHorizons-DistantHorizons-com.seibel.distanthorizons.core.generation.BatchGenerator/]: [BatchGenerator] shutting down...
[31Aug2026 08:00:57.863] [level shutdown/INFO] [DistantHorizons-DistantHorizons-com.seibel.distanthorizons.core.generation.queues.WorldGenerationQueue/]: Closing world gen queue
[31Aug2026 08:00:57.863] [level shutdown/INFO] [DistantHorizons-DistantHorizons-com.seibel.distanthorizons.core.generation.BatchGenerator/]: [BatchGenerator] shutting down...
[31Aug2026 08:00:57.863] [level shutdown/INFO] [DistantHorizons-LOD World Gen/]: Closing [BatchGenerationEnvironment_neoforge]
[31Aug2026 08:00:57.863] [level shutdown/INFO] [DistantHorizons-LOD World Gen/]: Closing [BatchGenerationEnvironment_neoforge]
[31Aug2026 08:00:57.863] [level shutdown/INFO] [DistantHorizons-DistantHorizons-com.seibel.distanthorizons.core.generation.queues.WorldGenerationQueue/]: Closing WorldGenerationQueue...
[31Aug2026 08:00:57.863] [level shutdown/INFO] [DistantHorizons-DistantHorizons-com.seibel.distanthorizons.core.generation.queues.WorldGenerationQueue/]: Finished closing WorldGenerationQueue
[31Aug2026 08:00:57.863] [level shutdown/INFO] [DistantHorizons-DistantHorizons-com.seibel.distanthorizons.core.generation.queues.WorldGenerationQueue/]: Shutting down world generator thread pool...
[31Aug2026 08:00:57.863] [level shutdown/INFO] [DistantHorizons-DistantHorizons-com.seibel.distanthorizons.core.generation.queues.WorldGenerationQueue/]: World generator thread pool shutdown with [0] incomplete tasks.
[31Aug2026 08:00:57.863] [level shutdown/INFO] [DistantHorizons-DistantHorizons-com.seibel.distanthorizons.core.generation.queues.WorldGenerationQueue/]: Finished closing WorldGenerationQueue
[31Aug2026 08:00:57.863] [level shutdown/INFO] [DistantHorizons-DistantHorizons-com.seibel.distanthorizons.core.generation.BatchGenerator/]: [BatchGenerator] shutting down...
[31Aug2026 08:00:57.863] [level shutdown/INFO] [DistantHorizons-LOD World Gen/]: Closing [BatchGenerationEnvironment_neoforge]
[31Aug2026 08:00:57.863] [level shutdown/INFO] [DistantHorizons-DistantHorizons-com.seibel.distanthorizons.core.level.AbstractDhServerLevel/]: Closed DHLevel for [Wrapped{ServerLevel[New World1]@minecraft:the_end}].
[31Aug2026 08:00:57.863] [level shutdown/INFO] [DistantHorizons-DistantHorizons-com.seibel.distanthorizons.core.level.AbstractDhServerLevel/]: Closed DHLevel for [Wrapped{ServerLevel[New World1]@minecraft:the_nether}].
[31Aug2026 08:00:57.863] [level shutdown/INFO] [DistantHorizons-DistantHorizons-com.seibel.distanthorizons.core.generation.queues.WorldGenerationQueue/]: Finished closing WorldGenerationQueue
[31Aug2026 08:00:57.863] [level shutdown/INFO] [DistantHorizons-DistantHorizons-com.seibel.distanthorizons.core.level.AbstractDhServerLevel/]: Closed DhClientServerLevel for Wrapped{ServerLevel[New World1]@minecraft:the_nether}
[31Aug2026 08:00:57.863] [level shutdown/INFO] [DistantHorizons-DistantHorizons-com.seibel.distanthorizons.core.level.AbstractDhServerLevel/]: Closed DhClientServerLevel for Wrapped{ServerLevel[New World1]@minecraft:the_end}
[31Aug2026 08:00:57.863] [level shutdown/INFO] [DistantHorizons-DistantHorizons-com.seibel.distanthorizons.core.level.AbstractDhServerLevel/]: Closed DHLevel for [Wrapped{ServerLevel[New World1]@minecraft:overworld}].
[31Aug2026 08:00:57.863] [level shutdown/INFO] [DistantHorizons-DistantHorizons-com.seibel.distanthorizons.core.level.AbstractDhServerLevel/]: Closed DhClientServerLevel for Wrapped{ServerLevel[New World1]@minecraft:overworld}
[31Aug2026 08:00:57.863] [Render thread/INFO] [DistantHorizons-DistantHorizons-com.seibel.distanthorizons.core.world.AbstractDhWorld/]: Closed DhWorld of type [CLIENT_SERVER].
[31Aug2026 08:00:57.864] [level shutdown/INFO] [DistantHorizons-DistantHorizons-com.seibel.distanthorizons.core.level.AbstractDhServerLevel/]: Closed DHLevel for [Wrapped{ServerLevel[New World1]@minecraft:the_end}].
[31Aug2026 08:00:57.864] [level shutdown/INFO] [DistantHorizons-DistantHorizons-com.seibel.distanthorizons.core.level.AbstractDhServerLevel/]: Closed DHLevel for [Wrapped{ServerLevel[New World1]@minecraft:the_nether}].
[31Aug2026 08:00:57.864] [level shutdown/INFO] [DistantHorizons-DistantHorizons-com.seibel.distanthorizons.core.level.AbstractDhServerLevel/]: Closed DhClientServerLevel for Wrapped{ServerLevel[New World1]@minecraft:the_end}
[31Aug2026 08:00:57.864] [level shutdown/INFO] [DistantHorizons-DistantHorizons-com.seibel.distanthorizons.core.level.AbstractDhServerLevel/]: Closed DHLevel for [Wrapped{ServerLevel[New World1]@minecraft:overworld}].
[31Aug2026 08:00:57.864] [level shutdown/INFO] [DistantHorizons-DistantHorizons-com.seibel.distanthorizons.core.level.AbstractDhServerLevel/]: Closed DhClientServerLevel for Wrapped{ServerLevel[New World1]@minecraft:the_nether}
[31Aug2026 08:00:57.864] [level shutdown/INFO] [DistantHorizons-DistantHorizons-com.seibel.distanthorizons.core.level.AbstractDhServerLevel/]: Closed DhClientServerLevel for Wrapped{ServerLevel[New World1]@minecraft:overworld}
[31Aug2026 08:00:57.864] [Render thread/INFO] [DistantHorizons-DistantHorizons-com.seibel.distanthorizons.core.world.AbstractDhWorld/]: Closed DhWorld of type [CLIENT_SERVER].
[31Aug2026 08:00:57.864] [Render thread/INFO] [DistantHorizons-DistantHorizons-com.seibel.distanthorizons.core.util.threading.PriorityTaskPicker/]: Shutting down PriorityTaskPicker thread pool...
[31Aug2026 08:01:00.497] [Render thread/INFO] [DistantHorizons-DistantHorizons-com.seibel.distanthorizons.core.sql.repo.AbstractDhRepo/]: Closing all [6] database connections...
[31Aug2026 08:01:00.498] [Render thread/INFO] [DistantHorizons-DistantHorizons-com.seibel.distanthorizons.core.sql.repo.AbstractDhRepo/]: Closing database connection: [jdbc:dh_sqlite:/home/krzysztofkalisiak/.local/share/ModrinthApp/profiles/Create Aeronautics (1)/saves/New World1/DIM-1/data/DistantHorizons.sqlite]
[31Aug2026 08:01:00.498] [Render thread/INFO] [DistantHorizons-DistantHorizons-com.seibel.distanthorizons.core.sql.repo.AbstractDhRepo/]: Closing database connection: [jdbc:dh_sqlite:/home/krzysztofkalisiak/.local/share/ModrinthApp/profiles/Create Aeronautics (1)/saves/New World1/data/DistantHorizons.sqlite]
[31Aug2026 08:01:00.501] [Render thread/INFO] [DistantHorizons-DistantHorizons-com.seibel.distanthorizons.core.sql.repo.AbstractDhRepo/]: Closing database connection: [jdbc:dh_sqlite:/home/krzysztofkalisiak/.local/share/ModrinthApp/profiles/Create Aeronautics (1)/saves/New World1/DIM1/data/DistantHorizons.sqlite]
[31Aug2026 08:01:00.766] [Render thread/INFO] [xaero.hud.minimap.MinimapLogs/]: Xaero hud session finalized.
[31Aug2026 08:01:00.779] [Server thread/INFO] [net.minecraft.server.network.ServerGamePacketListenerImpl/]: Eutio lost connection: Disconnected
[31Aug2026 08:01:00.780] [Server thread/INFO] [net.minecraft.server.MinecraftServer/]: Eutio left the game
[31Aug2026 08:01:00.780] [Server thread/INFO] [DistantHorizons-DistantHorizons-com.seibel.distanthorizons.core.api.internal.ServerApi/]: Player [Eutio] disconnected.
[31Aug2026 08:01:00.787] [Server thread/INFO] [net.minecraft.server.network.ServerCommonPacketListenerImpl/]: Stopping singleplayer server as player logged out
[31Aug2026 08:01:00.828] [Server thread/INFO] [net.minecraft.server.MinecraftServer/]: Stopping server
[31Aug2026 08:01:00.828] [Server thread/INFO] [net.minecraft.server.MinecraftServer/]: Saving players
[31Aug2026 08:01:00.828] [Server thread/INFO] [net.minecraft.server.MinecraftServer/]: Saving worlds
[31Aug2026 08:01:00.843] [Server thread/INFO] [net.minecraft.server.MinecraftServer/]: Saving chunks for level 'ServerLevel[New World1]'/minecraft:overworld
[31Aug2026 08:01:00.843] [Server thread/INFO] [dev.ryanhcode.sable.Sable/]: Saving sub-levels for level 'ServerLevel[New World1]'/minecraft:overworld
[31Aug2026 08:01:00.854] [Server thread/INFO] [net.minecraft.server.MinecraftServer/]: Saving chunks for level 'ServerLevel[New World1]'/minecraft:the_nether
[31Aug2026 08:01:00.854] [Server thread/INFO] [dev.ryanhcode.sable.Sable/]: Saving sub-levels for level 'ServerLevel[New World1]'/minecraft:the_nether
[31Aug2026 08:01:00.858] [Server thread/INFO] [net.minecraft.server.MinecraftServer/]: Saving chunks for level 'ServerLevel[New World1]'/minecraft:the_end
[31Aug2026 08:01:00.858] [Server thread/INFO] [dev.ryanhcode.sable.Sable/]: Saving sub-levels for level 'ServerLevel[New World1]'/minecraft:the_end
[31Aug2026 08:01:00.864] [Server thread/INFO] [net.minecraft.server.MinecraftServer/]: ThreadedAnvilChunkStorage (New World1): All chunks are saved
[31Aug2026 08:01:00.864] [Server thread/INFO] [net.minecraft.server.MinecraftServer/]: ThreadedAnvilChunkStorage (DIM-1): All chunks are saved
[31Aug2026 08:01:00.864] [Server thread/INFO] [net.minecraft.server.MinecraftServer/]: ThreadedAnvilChunkStorage (DIM1): All chunks are saved
[31Aug2026 08:01:00.864] [Server thread/INFO] [net.minecraft.server.MinecraftServer/]: ThreadedAnvilChunkStorage: All dimensions are saved
[31Aug2026 08:01:00.873] [Render thread/INFO] [ChunkBuilder/]: Stopping worker threads
[31Aug2026 08:01:01.265] [Render thread/INFO] [net.minecraft.client.Minecraft/]: Stopping!
