[00:56:04] [main/INFO]: ModLauncher running: args [--username, Eutio, --version, 1.21.1, --gameDir, /home/krzysztofkalisiak/.local/share/ModrinthApp/profiles/Create Aeronautics (1), --assetsDir, /home/krzysztofkalisiak/.local/share/ModrinthApp/meta/assets, --assetIndex, 17, --uuid, daa1735b3ea84b2a94748a7aa356e30b, --accessToken, ❄❄❄❄❄❄❄❄, --clientId, c4502edb-87c6-40cb-b595-64a280cf8906, --xuid, 0, --userType, msa, --versionType, release, --width, 854, --height, 480, --fml.neoForgeVersion, 21.1.235, --fml.fmlVersion, 4.0.42, --fml.mcVersion, 1.21.1, --fml.neoFormVersion, 20240808.144430, --launchTarget, forgeclient]
[00:56:04] [main/INFO]: JVM identified as Azul Systems, Inc. OpenJDK 64-Bit Server VM 21.0.9+10-LTS
[00:56:04] [main/INFO]: ModLauncher 11.0.5+main.901c6ea8 starting: java version 21.0.9 by Azul Systems, Inc.; OS Linux arch amd64 version 7.0.0-28-generic
[00:56:04] [main/INFO]: Searching for graphics cards...
[00:56:04] [main/INFO]: Found graphics adapter: LinuxPciAdapterInfo[vendor=AMD, name=Navi 31 [Radeon RX 7900 XT/7900 XTX/7900 GRE/7900M], pciVendorId=0x1002, pciDeviceId=0x744c]
[00:56:04] [main/WARN]: Sodium has applied one or more workarounds to prevent crashes or other issues on your system: [NO_ERROR_CONTEXT_UNSUPPORTED]
[00:56:04] [main/WARN]: This is not necessarily an issue, but it may result in certain features or optimizations being disabled. You can sometimes fix these issues by upgrading your graphics driver.
[00:56:04] [main/INFO]: Loading ImmediateWindowProvider fmlearlywindow
[00:56:04] [main/INFO]: Trying GL version 4.6
[00:56:04] [main/INFO]: Requested GL version 4.6 got version 4.6
[00:56:04] [pool-2-thread-1/INFO]: GL info: AMD Radeon RX 7900 GRE (radeonsi, navi31, ACO, DRM 3.64, 7.0.0-28-generic) GL version 4.6 (Core Profile) Mesa 26.1.2 - kisak-mesa PPA, AMD
[00:56:04] [main/INFO]: SpongePowered MIXIN Subsystem Version=0.8.7 Source=union:/home/krzysztofkalisiak/.local/share/ModrinthApp/meta/libraries/net/fabricmc/sponge-mixin/0.15.2+mixin.0.8.7/sponge-mixin-0.15.2+mixin.0.8.7.jar%23170!/ Service=ModLauncher Env=CLIENT
[00:56:04] [main/INFO]: Found mod file "client-1.21.1-20240808.144430-srg.jar" [locator: production client provider +net.neoforged:neoforge:21.1.235:client]
[00:56:04] [main/INFO]: Found mod file "neoforge-21.1.235-universal.jar" [locator: PathBasedLocator[name=neoforge, paths=[/home/krzysztofkalisiak/.local/share/ModrinthApp/meta/libraries/net/neoforged/neoforge/21.1.235/neoforge-21.1.235-universal.jar]], reader: mod manifest]
[00:56:04] [main/INFO]: Found mod file "net.caffeinemc.sodium-neoforge-0.8.12+mc1.21.1-mod.jar" [locator: net.caffeinemc.mods.sodium.service.SodiumServiceModLocator@74518890, reader: mod manifest]
[00:56:04] [main/INFO]: Found mod file "fabric-rendering-data-attachment-v1-0.3.48+73761d2e19.jar" [locator: net.caffeinemc.mods.sodium.service.SodiumServiceModLocator@74518890, reader: mod manifest]
[00:56:04] [main/INFO]: Found mod file "fabric-renderer-api-v1-3.4.1+9125b6dc19.jar" [locator: net.caffeinemc.mods.sodium.service.SodiumServiceModLocator@74518890, reader: mod manifest]
[00:56:04] [main/INFO]: Found mod file "fabric-block-view-api-v2-1.0.10+9afaaf8c19.jar" [locator: net.caffeinemc.mods.sodium.service.SodiumServiceModLocator@74518890, reader: mod manifest]
[00:56:04] [main/INFO]: Found mod file "fabric-api-base-0.4.42+d1308ded19.jar" [locator: net.caffeinemc.mods.sodium.service.SodiumServiceModLocator@74518890, reader: mod manifest]
[00:56:04] [main/INFO]: Found library file "~nonexistent" [locator: org.sinytra.connector.locator.ConnectorEarlyLocatorBootstrap@30865a90]
[00:56:04] [main/INFO]: Found mod file "contraption-lights-neoforge-1.21.1-1.2.0.jar" [locator: {mods folder locator at /home/krzysztofkalisiak/.local/share/ModrinthApp/profiles/Create Aeronautics (1)/mods}, reader: mod manifest]
[00:56:04] [main/INFO]: Found mod file "create-1.21.1-6.0.10.jar" [locator: {mods folder locator at /home/krzysztofkalisiak/.local/share/ModrinthApp/profiles/Create Aeronautics (1)/mods}, reader: mod manifest]
[00:56:04] [main/INFO]: Found mod file "create-aeronautics-bundled-1.21.1-1.3.0.jar" [locator: {mods folder locator at /home/krzysztofkalisiak/.local/share/ModrinthApp/profiles/Create Aeronautics (1)/mods}, reader: mod manifest]
[00:56:04] [main/INFO]: Found mod file "DistantHorizons-3.2.0-b-1.21.1-fabric-neoforge.jar" [locator: {mods folder locator at /home/krzysztofkalisiak/.local/share/ModrinthApp/profiles/Create Aeronautics (1)/mods}, reader: mod manifest]
[00:56:04] [main/INFO]: Found mod file "entityculling-neoforge-1.10.5-mc1.21.1.jar" [locator: {mods folder locator at /home/krzysztofkalisiak/.local/share/ModrinthApp/profiles/Create Aeronautics (1)/mods}, reader: mod manifest]
[00:56:04] [main/INFO]: Found mod file "ferritecore-7.0.3-neoforge.jar" [locator: {mods folder locator at /home/krzysztofkalisiak/.local/share/ModrinthApp/profiles/Create Aeronautics (1)/mods}, reader: mod manifest]
[00:56:04] [main/INFO]: Found mod file "forgified-fabric-api-0.116.14+2.3.0+1.21.1.jar" [locator: {mods folder locator at /home/krzysztofkalisiak/.local/share/ModrinthApp/profiles/Create Aeronautics (1)/mods}, reader: mod manifest]
[00:56:04] [main/INFO]: Found mod file "ImmediatelyFast-NeoForge-1.6.11+1.21.1.jar" [locator: {mods folder locator at /home/krzysztofkalisiak/.local/share/ModrinthApp/profiles/Create Aeronautics (1)/mods}, reader: mod manifest]
[00:56:04] [main/INFO]: Found mod file "iris-neoforge-1.8.14-beta.1+mc1.21.1.jar" [locator: {mods folder locator at /home/krzysztofkalisiak/.local/share/ModrinthApp/profiles/Create Aeronautics (1)/mods}, reader: mod manifest]
[00:56:04] [main/INFO]: Found mod file "irisveil-0.3.0.jar" [locator: {mods folder locator at /home/krzysztofkalisiak/.local/share/ModrinthApp/profiles/Create Aeronautics (1)/mods}, reader: mod manifest]
[00:56:04] [main/INFO]: Found mod file "lithium-neoforge-0.15.4+mc1.21.1.jar" [locator: {mods folder locator at /home/krzysztofkalisiak/.local/share/ModrinthApp/profiles/Create Aeronautics (1)/mods}, reader: mod manifest]
[00:56:04] [main/WARN]: Skipping jar. File mods/photonics-v106-restir-direct-estimator-diagnostic-mc1.21.1.jar is a Fabric mod and cannot be loaded
[00:56:04] [main/INFO]: Found mod file "sable-neoforge-1.21.1-2.0.3.jar" [locator: {mods folder locator at /home/krzysztofkalisiak/.local/share/ModrinthApp/profiles/Create Aeronautics (1)/mods}, reader: mod manifest]
[00:56:04] [main/INFO]: Found mod file "searchlights-1.3.1.jar" [locator: {mods folder locator at /home/krzysztofkalisiak/.local/share/ModrinthApp/profiles/Create Aeronautics (1)/mods}, reader: mod manifest]
[00:56:04] [main/INFO]: Found mod file "simulatedcoasters-0.1.1.jar" [locator: {mods folder locator at /home/krzysztofkalisiak/.local/share/ModrinthApp/profiles/Create Aeronautics (1)/mods}, reader: mod manifest]
[00:56:04] [main/INFO]: Found mod file "simurail-1.21.1-0.0.0-a+b18d457.jar" [locator: {mods folder locator at /home/krzysztofkalisiak/.local/share/ModrinthApp/profiles/Create Aeronautics (1)/mods}, reader: mod manifest]
[00:56:04] [main/INFO]: Found mod file "xaerominimap-neoforge-1.21.1-26.4.2.jar" [locator: {mods folder locator at /home/krzysztofkalisiak/.local/share/ModrinthApp/profiles/Create Aeronautics (1)/mods}, reader: mod manifest]
[00:56:05] [main/WARN]: Attempted to select a dependency jar for JarJar which was passed in as source: fabric_renderer_api_v1. Using Mod File: 
[00:56:05] [main/WARN]: Attempted to select a dependency jar for JarJar which was passed in as source: fabric_block_view_api_v2. Using Mod File: 
[00:56:05] [main/WARN]: Attempted to select a dependency jar for JarJar which was passed in as source: library:net.fabricmc.loader. Using Mod File: /~nonexistent
[00:56:05] [main/WARN]: Attempted to select a dependency jar for JarJar which was passed in as source: fabric_api_base. Using Mod File: 
[00:56:05] [main/WARN]: Attempted to select a dependency jar for JarJar which was passed in as source: fabric_rendering_data_attachment_v1. Using Mod File: 
[00:56:05] [main/INFO]: Found 62 dependencies adding them to mods collection
[00:56:05] [main/INFO]: Found mod file "fabric-transfer-api-v1-5.4.4+6244b11119.jar" [parent: forgified-fabric-api-0.116.14+2.3.0+1.21.1.jar, locator: jarinjar, reader: mod manifest]
[00:56:05] [main/INFO]: Found library file "glsl-processor-0.2.3.jar" [parent: veil-neoforge-1.21.1-4.2.1.jar, locator: jarinjar]
[00:56:05] [main/INFO]: Found mod file "ponder-neoforge-1.0.82+mc1.21.1.jar" [parent: create-1.21.1-6.0.10.jar, locator: jarinjar, reader: mod manifest]
[00:56:05] [main/INFO]: Found mod file "fabric-item-api-v1-11.2.0+0c57911319.jar" [parent: forgified-fabric-api-0.116.14+2.3.0+1.21.1.jar, locator: jarinjar, reader: mod manifest]
[00:56:05] [main/INFO]: Found mod file "fabric-model-loading-api-v1-2.1.0+6e8f52c719.jar" [parent: forgified-fabric-api-0.116.14+2.3.0+1.21.1.jar, locator: jarinjar, reader: mod manifest]
[00:56:05] [main/INFO]: Found library file "net.neoforged.neoforge-coremods-21.1.235.jar" [parent: neoforge-21.1.235-universal.jar, locator: jarinjar, reader: mod manifest]
[00:56:05] [main/INFO]: Found mod file "fabric-rendering-fluids-v1-3.1.6+a51883b219.jar" [parent: forgified-fabric-api-0.116.14+2.3.0+1.21.1.jar, locator: jarinjar, reader: mod manifest]
[00:56:05] [main/INFO]: Found mod file "dev.eriksonn.aeronautics.aeronautics-neoforge-1.21.1-1.3.0.jar" [parent: create-aeronautics-bundled-1.21.1-1.3.0.jar, locator: jarinjar, reader: mod manifest]
[00:56:05] [main/INFO]: Found mod file "xaerolib-neoforge-1.21.1-1.7.1.jar" [parent: xaerominimap-neoforge-1.21.1-26.4.2.jar, locator: jarinjar, reader: mod manifest]
[00:56:05] [main/INFO]: Found mod file "fabric-screen-handler-api-v1-1.3.91+8dbc56dd19.jar" [parent: forgified-fabric-api-0.116.14+2.3.0+1.21.1.jar, locator: jarinjar, reader: mod manifest]
[00:56:05] [main/INFO]: Found mod file "fabric-resource-loader-v0-1.3.1+4ea8954419.jar" [parent: forgified-fabric-api-0.116.14+2.3.0+1.21.1.jar, locator: jarinjar, reader: mod manifest]
[00:56:05] [main/INFO]: Found mod file "TRender-1.0.15-1.21.1-neoforge-SNAPSHOT.jar" [parent: entityculling-neoforge-1.10.5-mc1.21.1.jar, locator: jarinjar, reader: mod manifest]
[00:56:05] [main/INFO]: Found gamelibrary file "yumi-commons-collections-1.0.0.jar" [parent: lambdynamiclights-api-4.8.8+1.21.1-mojmap.jar, locator: jarinjar, reader: mod manifest]
[00:56:05] [main/INFO]: Found mod file "fabric-rendering-v1-5.1.0+1a09bd5a19.jar" [parent: forgified-fabric-api-0.116.14+2.3.0+1.21.1.jar, locator: jarinjar, reader: mod manifest]
[00:56:05] [main/INFO]: Found mod file "fabric-renderer-indigo-1.7.1+9125b6dc19.jar" [parent: forgified-fabric-api-0.116.14+2.3.0+1.21.1.jar, locator: jarinjar, reader: mod manifest]
[00:56:05] [main/INFO]: Found mod file "fabric-convention-tags-v1-2.1.7+7f945d5b19.jar" [parent: forgified-fabric-api-0.116.14+2.3.0+1.21.1.jar, locator: jarinjar, reader: mod manifest]
[00:56:05] [main/INFO]: Found mod file "fabric-command-api-v2-2.2.28+36d727be19.jar" [parent: forgified-fabric-api-0.116.14+2.3.0+1.21.1.jar, locator: jarinjar, reader: mod manifest]
[00:56:05] [main/INFO]: Found mod file "fabric-convention-tags-v2-2.12.0+75d3639619.jar" [parent: forgified-fabric-api-0.116.14+2.3.0+1.21.1.jar, locator: jarinjar, reader: mod manifest]
[00:56:05] [main/INFO]: Found mod file "fabric-data-attachment-api-v1-1.4.7+26d408aa19.jar" [parent: forgified-fabric-api-0.116.14+2.3.0+1.21.1.jar, locator: jarinjar, reader: mod manifest]
[00:56:05] [main/INFO]: Found mod file "veil-neoforge-1.21.1-4.2.1.jar" [parent: searchlights-1.3.1.jar, locator: jarinjar, reader: mod manifest]
[00:56:05] [main/INFO]: Found mod file "dev.simulated_team.simulated.simulated-neoforge-1.21.1-1.3.0.jar" [parent: create-aeronautics-bundled-1.21.1-1.3.0.jar, locator: jarinjar, reader: mod manifest]
[00:56:05] [main/INFO]: Found gamelibrary file "yumi-commons-event-1.0.0.jar" [parent: lambdynamiclights-api-4.8.8+1.21.1-mojmap.jar, locator: jarinjar, reader: mod manifest]
[00:56:05] [main/INFO]: Found mod file "fabric-screen-api-v1-2.0.26+b4953c7419.jar" [parent: forgified-fabric-api-0.116.14+2.3.0+1.21.1.jar, locator: jarinjar, reader: mod manifest]
[00:56:05] [main/INFO]: Found library file "molang-compiler-3.1.1.19.jar" [parent: veil-neoforge-1.21.1-4.2.1.jar, locator: jarinjar]
[00:56:05] [main/INFO]: Found library file "Reflect-1.6.2.jar" [parent: ImmediatelyFast-NeoForge-1.6.11+1.21.1.jar, locator: jarinjar]
[00:56:05] [main/INFO]: Found mod file "fabric-particles-v1-4.0.2+824f924c19.jar" [parent: forgified-fabric-api-0.116.14+2.3.0+1.21.1.jar, locator: jarinjar, reader: mod manifest]
[00:56:05] [main/INFO]: Found mod file "fabric-content-registries-v0-8.0.19+5e0d320019.jar" [parent: forgified-fabric-api-0.116.14+2.3.0+1.21.1.jar, locator: jarinjar, reader: mod manifest]
[00:56:05] [main/INFO]: Found mod file "fabric-transitive-access-wideners-v1-6.2.0+6c854b6f19.jar" [parent: forgified-fabric-api-0.116.14+2.3.0+1.21.1.jar, locator: jarinjar, reader: mod manifest]
[00:56:05] [main/INFO]: Found mod file "dev.ryanhcode.offroad.offroad-neoforge-1.21.1-1.3.0.jar" [parent: create-aeronautics-bundled-1.21.1-1.3.0.jar, locator: jarinjar, reader: mod manifest]
[00:56:05] [main/INFO]: Found gamelibrary file "mixinextras-neoforge-0.5.3.jar" [parent: neoforge-21.1.235-universal.jar, locator: jarinjar, reader: mod manifest]
[00:56:05] [main/INFO]: Found gamelibrary file "yumi-commons-core-1.0.0.jar" [parent: lambdynamiclights-api-4.8.8+1.21.1-mojmap.jar, locator: jarinjar, reader: mod manifest]
[00:56:05] [main/INFO]: Found mod file "fabric-game-rule-api-v1-1.0.53+36d727be19.jar" [parent: forgified-fabric-api-0.116.14+2.3.0+1.21.1.jar, locator: jarinjar, reader: mod manifest]
[00:56:05] [main/INFO]: Found mod file "fabric-api-lookup-api-v1-1.6.72+6244b11119.jar" [parent: forgified-fabric-api-0.116.14+2.3.0+1.21.1.jar, locator: jarinjar, reader: mod manifest]
[00:56:05] [main/INFO]: Found mod file "fabric-blockrenderlayer-v1-1.1.52+c290471319.jar" [parent: forgified-fabric-api-0.116.14+2.3.0+1.21.1.jar, locator: jarinjar, reader: mod manifest]
[00:56:05] [main/INFO]: Found gamelibrary file "dev.ryanhcode.sable.sable-sable_rapier-1.21.1-2.0.3.jar" [parent: sable-neoforge-1.21.1-2.0.3.jar, locator: jarinjar, reader: mod manifest]
[00:56:05] [main/INFO]: Found mod file "fabric-block-api-v1-1.1.0+b0c22bb819.jar" [parent: forgified-fabric-api-0.116.14+2.3.0+1.21.1.jar, locator: jarinjar, reader: mod manifest]
[00:56:05] [main/INFO]: Found mod file "fabric-resource-conditions-api-v1-4.3.0+5bdd099819.jar" [parent: forgified-fabric-api-0.116.14+2.3.0+1.21.1.jar, locator: jarinjar, reader: mod manifest]
[00:56:05] [main/INFO]: Found library file "jcpp-1.4.14.jar" [parent: iris-neoforge-1.8.14-beta.1+mc1.21.1.jar, locator: jarinjar]
[00:56:05] [main/INFO]: Found library file "glsl-transformer-3.0.0-pre3.jar" [parent: iris-neoforge-1.8.14-beta.1+mc1.21.1.jar, locator: jarinjar]
[00:56:05] [main/INFO]: Found mod file "sable-companion-common-1.21.1-1.6.0.jar" [parent: searchlights-1.3.1.jar, locator: jarinjar, reader: mod manifest]
[00:56:05] [main/INFO]: Found mod file "flywheel-neoforge-1.21.1-1.0.6.jar" [parent: create-1.21.1-6.0.10.jar, locator: jarinjar, reader: mod manifest]
[00:56:05] [main/INFO]: Found mod file "fabric-item-group-api-v1-4.1.7+e324903319.jar" [parent: forgified-fabric-api-0.116.14+2.3.0+1.21.1.jar, locator: jarinjar, reader: mod manifest]
[00:56:05] [main/INFO]: Found mod file "fabric-gametest-api-v1-2.0.5+29f188ce19.jar" [parent: forgified-fabric-api-0.116.14+2.3.0+1.21.1.jar, locator: jarinjar, reader: mod manifest]
[00:56:05] [main/INFO]: Found mod file "fabric-biome-api-v1-13.0.31+1e62d33c19.jar" [parent: forgified-fabric-api-0.116.14+2.3.0+1.21.1.jar, locator: jarinjar, reader: mod manifest]
[00:56:05] [main/INFO]: Found mod file "fabric-entity-events-v1-1.8.0+e46a02ca19.jar" [parent: forgified-fabric-api-0.116.14+2.3.0+1.21.1.jar, locator: jarinjar, reader: mod manifest]
[00:56:05] [main/INFO]: Found mod file "fabric-registry-sync-v0-5.3.2+f9aace1619.jar" [parent: forgified-fabric-api-0.116.14+2.3.0+1.21.1.jar, locator: jarinjar, reader: mod manifest]
[00:56:05] [main/INFO]: Found mod file "lambdynamiclights-api-4.8.8+1.21.1-mojmap.jar" [parent: searchlights-1.3.1.jar, locator: jarinjar, reader: mod manifest]
[00:56:05] [main/INFO]: Found mod file "fabric-recipe-api-v1-5.0.16+59440bcc19.jar" [parent: forgified-fabric-api-0.116.14+2.3.0+1.21.1.jar, locator: jarinjar, reader: mod manifest]
[00:56:05] [main/INFO]: Found mod file "fabric-object-builder-api-v1-15.2.1+cc242efd19.jar" [parent: forgified-fabric-api-0.116.14+2.3.0+1.21.1.jar, locator: jarinjar, reader: mod manifest]
[00:56:05] [main/INFO]: Found mod file "fabric-loot-api-v2-3.0.15+a3ee712d19.jar" [parent: forgified-fabric-api-0.116.14+2.3.0+1.21.1.jar, locator: jarinjar, reader: mod manifest]
[00:56:05] [main/INFO]: Found mod file "fabric-loot-api-v3-1.0.3+333dfad919.jar" [parent: forgified-fabric-api-0.116.14+2.3.0+1.21.1.jar, locator: jarinjar, reader: mod manifest]
[00:56:05] [main/INFO]: Found mod file "TRansition-1.0.21-1.21.1-neoforge-SNAPSHOT.jar" [parent: entityculling-neoforge-1.10.5-mc1.21.1.jar, locator: jarinjar, reader: mod manifest]
[00:56:05] [main/INFO]: Found mod file "fabric-networking-api-v1-4.3.1+30a980d919.jar" [parent: forgified-fabric-api-0.116.14+2.3.0+1.21.1.jar, locator: jarinjar, reader: mod manifest]
[00:56:05] [main/INFO]: Found gamelibrary file "Registrate-MC1.21-1.3.0+67.jar" [parent: create-1.21.1-6.0.10.jar, locator: jarinjar, reader: mod manifest]
[00:56:05] [main/INFO]: Found mod file "fabric-sound-api-v1-1.0.23+10b84f8419.jar" [parent: forgified-fabric-api-0.116.14+2.3.0+1.21.1.jar, locator: jarinjar, reader: mod manifest]
[00:56:05] [main/INFO]: Found mod file "fabric-message-api-v1-6.0.14+6a754fce19.jar" [parent: forgified-fabric-api-0.116.14+2.3.0+1.21.1.jar, locator: jarinjar, reader: mod manifest]
[00:56:05] [main/INFO]: Found mod file "fabric-lifecycle-events-v1-2.6.0+e40d8add19.jar" [parent: forgified-fabric-api-0.116.14+2.3.0+1.21.1.jar, locator: jarinjar, reader: mod manifest]
[00:56:05] [main/INFO]: Found mod file "fabric-tag-api-v1-1.3.0+3e2bcb4b19.jar" [parent: forgified-fabric-api-0.116.14+2.3.0+1.21.1.jar, locator: jarinjar, reader: mod manifest]
[00:56:05] [main/INFO]: Found mod file "fabric-data-generation-api-v1-20.3.0+3e2bcb4b19.jar" [parent: forgified-fabric-api-0.116.14+2.3.0+1.21.1.jar, locator: jarinjar, reader: mod manifest]
[00:56:05] [main/INFO]: Found mod file "fabric-events-interaction-v0-0.7.14+86e0887119.jar" [parent: forgified-fabric-api-0.116.14+2.3.0+1.21.1.jar, locator: jarinjar, reader: mod manifest]
[00:56:05] [main/INFO]: Found mod file "fabric-key-binding-api-v1-1.0.47+62cc7ce119.jar" [parent: forgified-fabric-api-0.116.14+2.3.0+1.21.1.jar, locator: jarinjar, reader: mod manifest]
[00:56:05] [main/INFO]: Found mod file "fabric-client-tags-api-v1-1.2.0+5adff2d719.jar" [parent: forgified-fabric-api-0.116.14+2.3.0+1.21.1.jar, locator: jarinjar, reader: mod manifest]
[00:56:05] [main/INFO]: Dependency resolution found 1 candidates to load
[00:56:05] [main/INFO]: Found mod file "photonics-v106-restir-direct-estimator-diagnostic-mc1.21.1_mapped_moj_1.21.1.jar" [locator: org.sinytra.connector.locator.ConnectorLocator@79c3f01f]
[00:56:05] [main/INFO]: Found 2 dependencies adding them to mods collection
[00:56:05] [main/INFO]: Found mod file "org.sinytra.connector-2.0.0-beta.15+1.21.1-mod.jar" [parent: , locator: org.sinytra.connector.locator.ConnectorLocator@79c3f01f, reader: mod manifest]
[00:56:05] [main/INFO]: Found gamelibrary file "runtime-1.0.0+1.21.1.jar" [parent: , locator: org.sinytra.connector.locator.ConnectorLocator@79c3f01f, reader: mod manifest]
[00:56:05] [main/INFO]: 
     Mod List:
		Name Version (Mod Id)

		Contraption Lights 1.2.0 (contraptionlights)
		Create 6.0.10 (create)
		Create Aeronautics 1.3.0 (aeronautics)
		Create Aeronautics 1.3.0 (aeronautics_bundled)
		Create Offroad 1.3.0 (offroad)
		Create Simulated 1.3.0 (simulated)
		Create Simurail 0.0.0-a+b18d457 (simurail)
		Create: Coasters Simulated 0.1.1 (simulatedcoasters)
		Distant Horizons 3.2.0-b (distanthorizons)
		EntityCulling 1.10.5 (entityculling)
		Ferrite Core 7.0.3 (ferritecore)
		Flywheel 1.0.6 (flywheel)
		Forgified Fabric API 0.116.14+2.3.0+1.21.1 (fabric_api)
		Forgified Fabric API Base 0.4.42+d1308ded19 (fabric_api_base)
		Forgified Fabric API Lookup API (v1) 1.6.72+6244b11119 (fabric_api_lookup_api_v1)
		Forgified Fabric Biome API (v1) 13.0.31+1e62d33c19 (fabric_biome_api_v1)
		Forgified Fabric Block API (v1) 1.1.0+b0c22bb819 (fabric_block_api_v1)
		Forgified Fabric BlockRenderLayer Registration (v1) 1.1.52+c290471319 (fabric_blockrenderlayer_v1)
		Forgified Fabric BlockView API (v2) 1.0.10+9afaaf8c19 (fabric_block_view_api_v2)
		Forgified Fabric Client Tags 1.2.0+5adff2d719 (fabric_client_tags_api_v1)
		Forgified Fabric Command API (v2) 2.2.28+36d727be19 (fabric_command_api_v2)
		Forgified Fabric Content Registries (v0) 8.0.19+5e0d320019 (fabric_content_registries_v0)
		Forgified Fabric Convention Tags 2.1.7+7f945d5b19 (fabric_convention_tags_v1)
		Forgified Fabric Convention Tags (v2) 2.12.0+75d3639619 (fabric_convention_tags_v2)
		Forgified Fabric Data Attachment API (v1) 1.4.7+26d408aa19 (fabric_data_attachment_api_v1)
		Forgified Fabric Data Generation API (v1) 20.3.0+3e2bcb4b19 (fabric_data_generation_api_v1)
		Forgified Fabric Entity Events (v1) 1.8.0+e46a02ca19 (fabric_entity_events_v1)
		Forgified Fabric Events Interaction (v0) 0.7.14+86e0887119 (fabric_events_interaction_v0)
		Forgified Fabric Game Rule API (v1) 1.0.53+36d727be19 (fabric_game_rule_api_v1)
		Forgified Fabric Game Test API (v1) 2.0.5+29f188ce19 (fabric_gametest_api_v1)
		Forgified Fabric Item API (v1) 11.2.0+0c57911319 (fabric_item_api_v1)
		Forgified Fabric Item Group API (v1) 4.1.7+e324903319 (fabric_item_group_api_v1)
		Forgified Fabric Key Binding API (v1) 1.0.47+62cc7ce119 (fabric_key_binding_api_v1)
		Forgified Fabric Lifecycle Events (v1) 2.6.0+e40d8add19 (fabric_lifecycle_events_v1)
		Forgified Fabric Loot API (v2) 3.0.15+a3ee712d19 (fabric_loot_api_v2)
		Forgified Fabric Loot API (v3) 1.0.3+333dfad919 (fabric_loot_api_v3)
		Forgified Fabric Message API (v1) 6.0.14+6a754fce19 (fabric_message_api_v1)
		Forgified Fabric Model Loading API (v1) 2.1.0+6e8f52c719 (fabric_model_loading_api_v1)
		Forgified Fabric Networking API (v1) 4.3.1+30a980d919 (fabric_networking_api_v1)
		Forgified Fabric Object Builder API (v1) 15.2.1+cc242efd19 (fabric_object_builder_api_v1)
		Forgified Fabric Particles (v1) 4.0.2+824f924c19 (fabric_particles_v1)
		Forgified Fabric Recipe API (v1) 5.0.16+59440bcc19 (fabric_recipe_api_v1)
		Forgified Fabric Registry Sync (v0) 5.3.2+f9aace1619 (fabric_registry_sync_v0)
		Forgified Fabric Renderer - Indigo 1.7.1+9125b6dc19 (fabric_renderer_indigo)
		Forgified Fabric Renderer API (v1) 3.4.1+9125b6dc19 (fabric_renderer_api_v1)
		Forgified Fabric Rendering (v1) 5.1.0+1a09bd5a19 (fabric_rendering_v1)
		Forgified Fabric Rendering Data Attachment (v1) 0.3.48+73761d2e19 (fabric_rendering_data_attachment_v1)
		Forgified Fabric Rendering Fluids (v1) 3.1.6+a51883b219 (fabric_rendering_fluids_v1)
		Forgified Fabric Resource Conditions API (v1) 4.3.0+5bdd099819 (fabric_resource_conditions_api_v1)
		Forgified Fabric Resource Loader (v0) 1.3.1+4ea8954419 (fabric_resource_loader_v0)
		Forgified Fabric Screen API (v1) 2.0.26+b4953c7419 (fabric_screen_api_v1)
		Forgified Fabric Screen Handler API (v1) 1.3.91+8dbc56dd19 (fabric_screen_handler_api_v1)
		Forgified Fabric Sound API (v1) 1.0.23+10b84f8419 (fabric_sound_api_v1)
		Forgified Fabric Tag API (v1) 1.3.0+3e2bcb4b19 (fabric_tag_api_v1)
		Forgified Fabric Transfer API (v1) 5.4.4+6244b11119 (fabric_transfer_api_v1)
		Forgified Fabric Transitive Access Wideners (v1) 6.2.0+6c854b6f19 (fabric_transitive_access_wideners_v1)
		ImmediatelyFast 1.6.11+1.21.1 (immediatelyfast)
		Iris 1.8.14-beta.1+mc1.21.1 (iris)
		Iris Veil Compat 0.3.0 (irisveil)
		LambDynamicLights (API) 4.8.8+1.21.1 (lambdynlights_api)
		Lithium 0.15.4+mc1.21.1 (lithium)
		Minecraft 1.21.1 (minecraft)
		NeoForge 21.1.235 (neoforge)
		Photonics 0.4.0_1.21.1 (photonics)
		Ponder 1.0.82+mc1.21.1 (ponder)
		Sable 2.0.3 (sable)
		Sable Companion 1.6.0 (sablecompanion)
		SearchLights 1.3.1 (searchlights)
		Sinytra Connector 2.0.0-beta.15+1.21.1 (connector)
		Sodium 0.8.12+mc1.21.1 (sodium)
		TRansition 1.0.21 (transition)
		TRender 1.0.15 (trender)
		Veil 4.2.1 (veil)
		Xaero's Minimap 26.4.2 (xaerominimap)
		XaeroLib 1.7.1 (xaerolib)
[00:56:05] [main/INFO]: Successfully made module authlib transformable
[00:56:05] [main/INFO]: Successfully made module brigadier transformable
[00:56:05] [main/INFO]: Loading coremod script-engine for [xaerominimap]
[00:56:05] [main/INFO]: Compatibility level set to JAVA_17
[00:56:05] [main/INFO]: Compatibility level set to JAVA_21
[00:56:05] [main/INFO]: Launching target 'forgeclient' with arguments [--version, 1.21.1, --gameDir, /home/krzysztofkalisiak/.local/share/ModrinthApp/profiles/Create Aeronautics (1), --assetsDir, /home/krzysztofkalisiak/.local/share/ModrinthApp/meta/assets, --uuid, daa1735b3ea84b2a94748a7aa356e30b, --username, Eutio, --assetIndex, 17, --accessToken, ❄❄❄❄❄❄❄❄, --clientId, c4502edb-87c6-40cb-b595-64a280cf8906, --xuid, 0, --userType, msa, --versionType, release, --width, 854, --height, 480]
[00:56:05] [main/INFO]: Option 'mixin.experimental.entity.block_caching.suffocation' requires 'mixin.util.block_tracking=true' but found 'false'. Setting 'mixin.experimental.entity.block_caching.suffocation=false'.
[00:56:05] [main/INFO]: Option 'mixin.experimental.entity.block_caching.block_support' requires 'mixin.util.block_tracking=true' but found 'false'. Setting 'mixin.experimental.entity.block_caching.block_support=false'.
[00:56:05] [main/INFO]: Option 'mixin.experimental.entity.block_caching.block_touching' requires 'mixin.util.block_tracking=true' but found 'false'. Setting 'mixin.experimental.entity.block_caching.block_touching=false'.
[00:56:05] [main/INFO]: Option 'mixin.experimental.entity.block_caching' requires 'mixin.util.block_tracking=true' but found 'false'. Setting 'mixin.experimental.entity.block_caching=false'.
[00:56:05] [main/INFO]: Loaded configuration file for Lithium: 148 options available, 4 override(s) found
[00:56:05] [main/WARN]: Reference map 'aeronautics.refmap.json' for aeronautics.mixins.json could not be read. If this is a development environment you can ignore this message
[00:56:05] [main/WARN]: Reference map 'xaerolib.refmap.json' for xaerolib.mixins.json could not be read. If this is a development environment you can ignore this message
[00:56:05] [main/WARN]: Reference map 'iris.refmap.json' for mixins.iris.json could not be read. If this is a development environment you can ignore this message
[00:56:05] [main/WARN]: Reference map 'iris.refmap.json' for mixins.iris.fantastic.json could not be read. If this is a development environment you can ignore this message
[00:56:05] [main/WARN]: Reference map 'iris.refmap.json' for mixins.iris.vertexformat.json could not be read. If this is a development environment you can ignore this message
[00:56:05] [main/WARN]: Reference map 'iris.refmap.json' for iris-batched-entity-rendering.mixins.json could not be read. If this is a development environment you can ignore this message
[00:56:05] [main/WARN]: Reference map 'iris.refmap.json' for mixins.iris.compat.sodium.json could not be read. If this is a development environment you can ignore this message
[00:56:05] [main/WARN]: Reference map 'simulated.refmap.json' for simulated.mixins.json could not be read. If this is a development environment you can ignore this message
[00:56:05] [main/INFO]: Loaded configuration file for Sodium: 45 options available, 1 override(s) found
[00:56:05] [main/WARN]: Reference map 'offroad.refmap.json' for offroad.mixins.json could not be read. If this is a development environment you can ignore this message
[00:56:05] [main/WARN]: Reference map 'ponder.refmap.json' for ponder-common.mixins.json could not be read. If this is a development environment you can ignore this message
[00:56:05] [main/INFO]: Using Sodium renderer mixins
[00:56:05] [main/INFO]: Using Sodium renderer mixins
[00:56:05] [main/WARN]: Reference map 'xaerominimap.refmap.json' for xaerohud.mixins.json could not be read. If this is a development environment you can ignore this message
[00:56:05] [main/WARN]: Reference map 'xaerominimap.refmap.json' for xaerominimap.mixins.json could not be read. If this is a development environment you can ignore this message
[00:56:05] [main/WARN]: Reference map 'entityculling.refmap.mixins.json' for entityculling.mixins.json could not be read. If this is a development environment you can ignore this message
[00:56:05] [main/WARN]: Reference map '${refmap_target}refmap.json' for ferritecore.predicates.mixin.json could not be read. If this is a development environment you can ignore this message
[00:56:05] [main/WARN]: Reference map '${refmap_target}refmap.json' for ferritecore.fastmap.mixin.json could not be read. If this is a development environment you can ignore this message
[00:56:05] [main/WARN]: Reference map '${refmap_target}refmap.json' for ferritecore.mrl.mixin.json could not be read. If this is a development environment you can ignore this message
[00:56:05] [main/WARN]: Reference map '${refmap_target}refmap.json' for ferritecore.dedupmultipart.mixin.json could not be read. If this is a development environment you can ignore this message
[00:56:05] [main/WARN]: Reference map '${refmap_target}refmap.json' for ferritecore.blockstatecache.mixin.json could not be read. If this is a development environment you can ignore this message
[00:56:05] [main/WARN]: Reference map '${refmap_target}refmap.json' for ferritecore.dedupbakedquad.mixin.json could not be read. If this is a development environment you can ignore this message
[00:56:05] [main/WARN]: Reference map '${refmap_target}refmap.json' for ferritecore.threaddetec.mixin.json could not be read. If this is a development environment you can ignore this message
[00:56:05] [main/WARN]: Reference map '${refmap_target}refmap.json' for ferritecore.modelsides.mixin.json could not be read. If this is a development environment you can ignore this message
[00:56:05] [main/WARN]: Reference map '${refmap_target}refmap.json' for ferritecore.datacomponents.mixin.json could not be read. If this is a development environment you can ignore this message
[00:56:05] [main/WARN]: Reference map '${refmap_target}refmap.json' for ferritecore.accessors.mixin.json could not be read. If this is a development environment you can ignore this message
[00:56:06] [main/WARN]: Reference map '' for adapter.init.mixins.json could not be read. If this is a development environment you can ignore this message
[00:56:06] [main/INFO]: Force-disabling mixin 'entity.collisions.unpushable_cramming.EntityMixin' as rule 'mixin.entity.collisions.unpushable_cramming' (added by mods [sable]) disables it and children
[00:56:06] [main/INFO]: Force-disabling mixin 'entity.collisions.unpushable_cramming.EntitySectionMixin' as rule 'mixin.entity.collisions.unpushable_cramming' (added by mods [sable]) disables it and children
[00:56:06] [main/INFO]: Force-disabling mixin 'entity.collisions.unpushable_cramming.EntitySelectorMixin' as rule 'mixin.entity.collisions.unpushable_cramming' (added by mods [sable]) disables it and children
[00:56:06] [main/INFO]: Force-disabling mixin 'entity.collisions.unpushable_cramming.LivingEntityMixin' as rule 'mixin.entity.collisions.unpushable_cramming' (added by mods [sable]) disables it and children
[00:56:06] [main/INFO]: Force-disabling mixin 'world.chunk_access.ChunkHolderMixin' as rule 'mixin.world.chunk_access' (added by mods [sable]) disables it and children
[00:56:06] [main/INFO]: Force-disabling mixin 'world.chunk_access.GenerationChunkHolderAccessor' as rule 'mixin.world.chunk_access' (added by mods [sable]) disables it and children
[00:56:06] [main/INFO]: Force-disabling mixin 'world.chunk_access.LevelMixin' as rule 'mixin.world.chunk_access' (added by mods [sable]) disables it and children
[00:56:06] [main/INFO]: Force-disabling mixin 'world.chunk_access.ServerChunkCacheMixin' as rule 'mixin.world.chunk_access' (added by mods [sable]) disables it and children
[00:56:06] [main/INFO]: Force-disabling mixin 'world.chunk_ticking.spread_ice.BiomeMixin' as rule 'mixin.world.chunk_ticking' (added by mods [sable]) disables it and children
[00:56:06] [main/INFO]: Force-disabling mixin 'world.tick_scheduler.LevelChunkTicksMixin' as rule 'mixin.world.tick_scheduler' (added by mods [sable]) disables it and children
[00:56:06] [main/WARN]: Error loading class: com/portingdeadmods/cable_facades/events/GameClientEvents$2 (java.lang.ClassNotFoundException: com.portingdeadmods.cable_facades.events.GameClientEvents$2)
[00:56:06] [main/WARN]: Error loading class: com/direwolf20/justdirethings/client/renderers/OurRenderTypes (java.lang.ClassNotFoundException: com.direwolf20.justdirethings.client.renderers.OurRenderTypes)
[00:56:06] [main/WARN]: Error loading class: mekanism/client/render/entity/RenderFlame (java.lang.ClassNotFoundException: mekanism.client.render.entity.RenderFlame)
[00:56:06] [main/WARN]: Error loading class: mekanism/client/render/armor/MekaSuitArmor (java.lang.ClassNotFoundException: mekanism.client.render.armor.MekaSuitArmor)
[00:56:06] [main/WARN]: Error loading class: mekanism/client/render/lib/effect/BillboardingEffectRenderer (java.lang.ClassNotFoundException: mekanism.client.render.lib.effect.BillboardingEffectRenderer)
[00:56:06] [main/WARN]: Error loading class: blusunrize/immersiveengineering/client/utils/IEGLShaders (java.lang.ClassNotFoundException: blusunrize.immersiveengineering.client.utils.IEGLShaders)
[00:56:06] [main/WARN]: Error loading class: mezz/jei/library/plugins/vanilla/ingredients/ItemStackListFactory (java.lang.ClassNotFoundException: mezz.jei.library.plugins.vanilla.ingredients.ItemStackListFactory)
[00:56:06] [main/INFO]: Immersive Portals not present, skipping DH compatibility mixin.
[00:56:06] [main/WARN]: Force-disabling mixin 'features.render.world.sky.ClientLevelMixin' as rule 'mixin.features.render.world.sky' (added by mods [iris]) disables it and children
[00:56:06] [main/WARN]: Force-disabling mixin 'features.render.world.sky.FogRendererMixin' as rule 'mixin.features.render.world.sky' (added by mods [iris]) disables it and children
[00:56:06] [main/WARN]: Force-disabling mixin 'features.render.world.sky.LevelRendererMixin' as rule 'mixin.features.render.world.sky' (added by mods [iris]) disables it and children
[00:56:06] [main/WARN]: Error loading class: org/jetbrains/annotations/ApiStatus$ScheduledForRemoval (java.lang.ClassNotFoundException: org.jetbrains.annotations.ApiStatus$ScheduledForRemoval)
[00:56:06] [main/INFO]: Initializing MixinExtras via com.llamalad7.mixinextras.service.MixinExtrasServiceImpl(version=0.5.3).
[03Aug2026 00:56:07.482] [Datafixer Bootstrap/INFO] [com.mojang.datafixers.DataFixerBuilder/]: 229 Datafixer optimizations took 126 milliseconds
[03Aug2026 00:56:10.135] [Render thread/WARN] [net.minecraft.server.packs.VanillaPackResourcesBuilder/]: Assets URL 'union:/home/krzysztofkalisiak/.local/share/ModrinthApp/meta/libraries/net/minecraft/client/1.21.1-20240808.144430/client-1.21.1-20240808.144430-srg.jar%23215!/assets/.mcassetsroot' uses unexpected schema
[03Aug2026 00:56:10.135] [Render thread/WARN] [net.minecraft.server.packs.VanillaPackResourcesBuilder/]: Assets URL 'union:/home/krzysztofkalisiak/.local/share/ModrinthApp/meta/libraries/net/minecraft/client/1.21.1-20240808.144430/client-1.21.1-20240808.144430-srg.jar%23215!/data/.mcassetsroot' uses unexpected schema
[03Aug2026 00:56:10.149] [Render thread/INFO] [com.mojang.authlib.yggdrasil.YggdrasilAuthenticationService/]: Environment: Environment[sessionHost=https://sessionserver.mojang.com, servicesHost=https://api.minecraftservices.com, name=PROD]
[03Aug2026 00:56:10.153] [Render thread/INFO] [net.minecraft.client.Minecraft/]: Setting user: Eutio
[03Aug2026 00:56:10.166] [Render thread/INFO] [Photonics/]: Reloading config
[03Aug2026 00:56:10.178] [Render thread/INFO] [Photonics/]: Photonics light registry contains 127 light definitions for 98 blocks
[03Aug2026 00:56:10.219] [Render thread/INFO] [Iris/]: Queuing DH event binding...
[03Aug2026 00:56:10.276] [Render thread/INFO] [net.minecraft.client.Minecraft/]: Backend library: LWJGL version 3.3.3+5
[03Aug2026 00:56:10.291] [Render thread/INFO] [com.mojang.blaze3d.platform.Window/]: OpenGL Vendor: AMD
[03Aug2026 00:56:10.291] [Render thread/INFO] [com.mojang.blaze3d.platform.Window/]: OpenGL Renderer: AMD Radeon RX 7900 GRE (radeonsi, navi31, ACO, DRM 3.64, 7.0.0-28-generic)
[03Aug2026 00:56:10.291] [Render thread/INFO] [com.mojang.blaze3d.platform.Window/]: OpenGL Version: 4.6 (Core Profile) Mesa 26.1.2 - kisak-mesa PPA
[03Aug2026 00:56:10.313] [Render thread/INFO] [ImmediatelyFast/]: Initializing ImmediatelyFast 1.6.11+1.21.1 on AMD Radeon RX 7900 GRE (radeonsi, navi31, ACO, DRM 3.64, 7.0.0-28-generic) (AMD) with OpenGL 4.6 (Core Profile) Mesa 26.1.2 - kisak-mesa PPA
[03Aug2026 00:56:10.314] [Render thread/INFO] [ImmediatelyFast/]: Found Iris 1.8.14-beta.1+mc1.21.1. Enabling compatibility.
[03Aug2026 00:56:10.606] [ForkJoinPool.commonPool-worker-8/WARN] [Iris/]: [Iris Update Check] This version doesn't have an update index, skipping.
[03Aug2026 00:56:10.627] [Render thread/INFO] [Iris/]: Debug functionality is disabled.
[03Aug2026 00:56:10.628] [Render thread/INFO] [Iris/]: OpenGL 4.5 detected, enabling DSA.
[03Aug2026 00:56:10.755] [modloading-worker-0/INFO] [Veil/]: Veil is initializing.
[03Aug2026 00:56:10.756] [modloading-worker-0/INFO] [net.fabricmc.fabric.impl.client.indigo.Indigo/]: [Indigo] Different rendering plugin detected; not applying Indigo.
[03Aug2026 00:56:10.766] [modloading-worker-0/INFO] [net.neoforged.neoforge.common.NeoForgeMod/NEOFORGE-MOD]: NeoForge mod loading, version 21.1.235, for MC 1.21.1
[03Aug2026 00:56:10.829] [modloading-worker-0/INFO] [xaero.hud.minimap.MinimapLogs/]: No Optifine!
[03Aug2026 00:56:10.830] [modloading-worker-0/INFO] [xaero.hud.minimap.MinimapLogs/]: Xaero's Minimap: No Vivecraft!
[03Aug2026 00:56:10.847] [modloading-worker-0/INFO] [xaero.hud.minimap.MinimapLogs/]: Xaero's Minimap: Iris found!
[03Aug2026 00:56:10.945] [modloading-worker-0/INFO] [xaero.lib.XaeroLib/]: Registering common data for channel xaerolib:main!
[03Aug2026 00:56:10.951] [modloading-worker-0/INFO] [xaero.lib.XaeroLib/]: Registering client data for channel xaerolib:main!
[03Aug2026 00:56:10.955] [modloading-worker-0/INFO] [com.simibubi.create.Create/]: Create 6.0.10 initializing! Commit hash: ac0c444d9828da3453ae8cc65338e8de063286fb
[03Aug2026 00:56:10.956] [modloading-worker-0/INFO] [xaero.lib.XaeroLib/]: Loading primary common config for channel xaerolib:main!
[03Aug2026 00:56:10.957] [modloading-worker-0/INFO] [xaero.lib.XaeroLib/]: Loading server config profiles for channel xaerolib:main!
[03Aug2026 00:56:10.958] [modloading-worker-0/INFO] [xaero.lib.XaeroLib/]: Loading primary client config for channel xaerolib:main!
[03Aug2026 00:56:10.958] [modloading-worker-0/INFO] [xaero.lib.XaeroLib/]: Loading client config profiles for channel xaerolib:main!
[03Aug2026 00:56:10.958] [modloading-worker-0/INFO] [xaero.common.HudMod/]: Registering common data for channel xaerominimap:main!
[03Aug2026 00:56:11.035] [modloading-worker-0/INFO] [xaero.common.HudMod/]: Registering client data for channel xaerominimap:main!
[03Aug2026 00:56:11.045] [modloading-worker-0/INFO] [xaero.common.HudMod/]: Loading primary common config for channel xaerominimap:main!
[03Aug2026 00:56:11.046] [modloading-worker-0/INFO] [xaero.common.HudMod/]: Loading server config profiles for channel xaerominimap:main!
[03Aug2026 00:56:11.046] [modloading-worker-0/INFO] [xaero.common.HudMod/]: Loading primary client config for channel xaerominimap:main!
[03Aug2026 00:56:11.046] [modloading-worker-0/INFO] [xaero.common.HudMod/]: Loading client config profiles for channel xaerominimap:main!
[03Aug2026 00:56:11.728] [modloading-worker-0/INFO] [dev.ryanhcode.sable.Sable/]: Sable loaded!
[03Aug2026 00:56:11.735] [modloading-worker-0/WARN] [dev.ryanhcode.sable.Sable/]: NOTE: Sable is loaded with Flywheel. Sable contains extensive shader overrides and a full light-storage replacement. Expect this to cause compatibility issues. If issues arise, please report them to the Sable issue tracker (https://github.com/ryanhcode/sable/issues) instead of the Flywheel issue tracker.
[03Aug2026 00:56:12.514] [Render thread/INFO] [Veil/]: GL Debug supported
[03Aug2026 00:56:12.671] [Render thread/INFO] [Iris/]: Hardware information:
[03Aug2026 00:56:12.672] [Render thread/INFO] [Iris/]: CPU: 16x AMD Ryzen 7 7700 8-Core Processor
[03Aug2026 00:56:12.672] [Render thread/INFO] [Iris/]: GPU: AMD Radeon RX 7900 GRE (radeonsi, navi31, ACO, DRM 3.64, 7.0.0-28-generic) (Supports OpenGL 4.6 (Core Profile) Mesa 26.1.2 - kisak-mesa PPA)
[03Aug2026 00:56:12.672] [Render thread/INFO] [Iris/]: OS: Linux (7.0.0-28-generic)
[03Aug2026 00:56:13.010] [Render thread/INFO] [net.minecraft.server.packs.resources.ReloadableResourceManager/]: Reloading ResourceManager: vanilla, fabric, mod_resources, mod/sodium, mod/fabric_transfer_api_v1, mod/simulatedcoasters, mod/fabric_renderer_api_v1, mod/fabric_item_api_v1, mod/fabric_model_loading_api_v1, mod/fabric_rendering_fluids_v1, mod/lithium, mod/aeronautics, mod/xaerolib, mod/aeronautics_bundled, mod/fabric_screen_handler_api_v1, mod/fabric_resource_loader_v0, mod/trender, mod/fabric_rendering_v1, mod/fabric_renderer_indigo, mod/fabric_convention_tags_v1, mod/neoforge, mod/photonics, mod/fabric_block_view_api_v2, mod/fabric_command_api_v2, mod/fabric_convention_tags_v2, mod/fabric_data_attachment_api_v1, mod/iris, mod/veil, mod/simulated, mod/simurail, mod/distanthorizons, mod/fabric_screen_api_v1, mod/fabric_particles_v1, mod/connector, mod/fabric_api,forgified_fabric_api, mod/fabric_content_registries_v0, mod/fabric_transitive_access_wideners_v1, mod/offroad, mod/irisveil, mod/fabric_game_rule_api_v1, mod/fabric_api_base, mod/fabric_api_lookup_api_v1, mod/fabric_blockrenderlayer_v1, mod/fabric_block_api_v1, mod/fabric_resource_conditions_api_v1, mod/sablecompanion, mod/flywheel, mod/ponder, mod/create, mod/sable, mod/contraptionlights, mod/xaerominimap, mod/fabric_item_group_api_v1, mod/fabric_gametest_api_v1, mod/entityculling, mod/fabric_biome_api_v1, mod/fabric_entity_events_v1, mod/fabric_registry_sync_v0, mod/immediatelyfast, mod/lambdynlights_api, mod/fabric_recipe_api_v1, mod/ferritecore, mod/fabric_object_builder_api_v1, mod/fabric_loot_api_v2, mod/fabric_loot_api_v3, mod/transition, mod/fabric_rendering_data_attachment_v1, mod/searchlights, mod/fabric_networking_api_v1, mod/fabric_sound_api_v1, mod/fabric_message_api_v1, mod/fabric_lifecycle_events_v1, mod/fabric_tag_api_v1, mod/fabric_data_generation_api_v1, mod/fabric_events_interaction_v0, mod/fabric_key_binding_api_v1, mod/fabric_client_tags_api_v1, file/Create-LabPBR-v12.zip
[03Aug2026 00:56:13.024] [Worker-Main-5/INFO] [xaero.lib.XaeroLib/]: Loading XaeroLib common 1/2!
[03Aug2026 00:56:13.025] [Worker-Main-9/INFO] [me.yurtema.searchlights.Searchlights/]: HELLO FROM COMMON SETUP
[03Aug2026 00:56:13.053] [NeoForge Version Check/INFO] [net.neoforged.fml.VersionChecker/]: [create] Starting version check at https://api.modrinth.com/updates/create/forge_updates.json?neoforge=only
[03Aug2026 00:56:13.082] [Worker-Main-6/INFO] [net.minecraft.client.gui.font.providers.UnihexProvider/]: Found unifont_all_no_pua-15.1.05.hex, loading
[03Aug2026 00:56:13.187] [Worker-Main-3/INFO] [net.minecraft.client.gui.font.providers.UnihexProvider/]: Found unifont_jp_patch-15.1.05.hex, loading
[03Aug2026 00:56:13.231] [Worker-Main-11/INFO] [xaero.lib.XaeroLib/]: Loading XaeroLib client 1/2!
[03Aug2026 00:56:13.247] [Worker-Main-12/ERROR] [net.minecraft.client.resources.model.ModelManager/]: Failed to load model createdeco:models/block/catwalk_top-x.json
com.google.gson.JsonParseException: Unknown facing: cullface
	at TRANSFORMER/minecraft@1.21.1/net.minecraft.client.renderer.block.model.BlockElement$Deserializer.getFacing(BlockElement.java:155) ~[client-1.21.1-20240808.144430-srg.jar%23215!/:?]
	at TRANSFORMER/minecraft@1.21.1/net.minecraft.client.renderer.block.model.BlockElement$Deserializer.filterNullFromFaces(BlockElement.java:145) ~[client-1.21.1-20240808.144430-srg.jar%23215!/:?]
	at TRANSFORMER/minecraft@1.21.1/net.minecraft.client.renderer.block.model.BlockElement$Deserializer.getFaces(BlockElement.java:132) ~[client-1.21.1-20240808.144430-srg.jar%23215!/:?]
	at TRANSFORMER/minecraft@1.21.1/net.minecraft.client.renderer.block.model.BlockElement$Deserializer.deserialize(BlockElement.java:85) ~[client-1.21.1-20240808.144430-srg.jar%23215!/:?]
	at TRANSFORMER/minecraft@1.21.1/net.minecraft.client.renderer.block.model.BlockElement$Deserializer.deserialize(BlockElement.java:76) ~[client-1.21.1-20240808.144430-srg.jar%23215!/:?]
	at MC-BOOTSTRAP/com.google.gson@2.10.1/com.google.gson.internal.bind.TreeTypeAdapter.read(TreeTypeAdapter.java:76) ~[gson-2.10.1.jar%23191!/:?]
	at MC-BOOTSTRAP/com.google.gson@2.10.1/com.google.gson.Gson.fromJson(Gson.java:1227) ~[gson-2.10.1.jar%23191!/:?]
	at MC-BOOTSTRAP/com.google.gson@2.10.1/com.google.gson.Gson.fromJson(Gson.java:1329) ~[gson-2.10.1.jar%23191!/:?]
	at MC-BOOTSTRAP/com.google.gson@2.10.1/com.google.gson.Gson.fromJson(Gson.java:1300) ~[gson-2.10.1.jar%23191!/:?]
	at MC-BOOTSTRAP/com.google.gson@2.10.1/com.google.gson.internal.bind.TreeTypeAdapter$GsonContextImpl.deserialize(TreeTypeAdapter.java:179) ~[gson-2.10.1.jar%23191!/:?]
	at TRANSFORMER/minecraft@1.21.1/net.minecraft.client.renderer.block.model.BlockModel$Deserializer.getElements(BlockModel.java:409) ~[client-1.21.1-20240808.144430-srg.jar%23215!/:?]
	at TRANSFORMER/minecraft@1.21.1/net.minecraft.client.renderer.block.model.BlockModel$Deserializer.deserialize(BlockModel.java:338) ~[client-1.21.1-20240808.144430-srg.jar%23215!/:?]
	at TRANSFORMER/neoforge@21.1.235/net.neoforged.neoforge.client.model.ExtendedBlockModelDeserializer.deserialize(ExtendedBlockModelDeserializer.java:51) ~[neoforge-21.1.235-universal.jar%23216!/:?]
	at TRANSFORMER/neoforge@21.1.235/net.neoforged.neoforge.client.model.ExtendedBlockModelDeserializer.deserialize(ExtendedBlockModelDeserializer.java:37) ~[neoforge-21.1.235-universal.jar%23216!/:?]
	at MC-BOOTSTRAP/com.google.gson@2.10.1/com.google.gson.internal.bind.TreeTypeAdapter.read(TreeTypeAdapter.java:76) ~[gson-2.10.1.jar%23191!/:?]
	at TRANSFORMER/minecraft@1.21.1/net.minecraft.util.GsonHelper.fromNullableJson(GsonHelper.java:525) ~[client-1.21.1-20240808.144430-srg.jar%23215!/:?]
	at TRANSFORMER/minecraft@1.21.1/net.minecraft.util.GsonHelper.fromJson(GsonHelper.java:532) ~[client-1.21.1-20240808.144430-srg.jar%23215!/:?]
	at TRANSFORMER/minecraft@1.21.1/net.minecraft.util.GsonHelper.fromJson(GsonHelper.java:582) ~[client-1.21.1-20240808.144430-srg.jar%23215!/:?]
	at TRANSFORMER/minecraft@1.21.1/net.minecraft.client.renderer.block.model.BlockModel.fromStream(BlockModel.java:83) ~[client-1.21.1-20240808.144430-srg.jar%23215!/:?]
	at TRANSFORMER/minecraft@1.21.1/net.minecraft.client.resources.model.ModelManager.lambda$loadBlockModels$8(ModelManager.java:144) ~[client-1.21.1-20240808.144430-srg.jar%23215!/:?]
	at java.base/java.util.concurrent.CompletableFuture$AsyncSupply.run(Unknown Source) [?:?]
	at java.base/java.util.concurrent.CompletableFuture$AsyncSupply.exec(Unknown Source) [?:?]
	at java.base/java.util.concurrent.ForkJoinTask.doExec(Unknown Source) [?:?]
	at java.base/java.util.concurrent.ForkJoinPool$WorkQueue.topLevelExec(Unknown Source) [?:?]
	at java.base/java.util.concurrent.ForkJoinPool.scan(Unknown Source) [?:?]
	at java.base/java.util.concurrent.ForkJoinPool.runWorker(Unknown Source) [?:?]
	at java.base/java.util.concurrent.ForkJoinWorkerThread.run(Unknown Source) [?:?]
[03Aug2026 00:56:13.292] [Worker-Main-15/INFO] [DistantHorizons-DistantHorizons-com.seibel.distanthorizons.common.AbstractModInitializer_neoforge/]: Initializing Distant Horizons client, firing DhApiBeforeDhInitEvent...
[03Aug2026 00:56:13.311] [Worker-Main-13/INFO] [top.leonx.irisveil.IrisVeilCompat/]: HELLO FROM CLIENT SETUP
[03Aug2026 00:56:13.311] [Worker-Main-13/INFO] [top.leonx.irisveil.IrisVeilCompat/]: MINECRAFT NAME >> Eutio
[03Aug2026 00:56:13.312] [Worker-Main-15/INFO] [DistantHorizons-DistantHorizons-com.seibel.distanthorizons.core.Initializer/]: Running library validation...
[03Aug2026 00:56:13.317] [Worker-Main-3/INFO] [xaero.minimap.XaeroMinimap/]: Loading Xaero's Minimap - Stage 1/2
[03Aug2026 00:56:13.328] [Worker-Main-4/INFO] [me.yurtema.searchlights.Searchlights/]: HELLO FROM CLIENT SETUP
[03Aug2026 00:56:13.329] [Worker-Main-4/INFO] [me.yurtema.searchlights.Searchlights/]: MINECRAFT NAME >> Eutio
[03Aug2026 00:56:13.370] [Worker-Main-12/WARN] [net.minecraft.client.renderer.texture.SpriteLoader/]: Texture simulatedcoasters:block/chain_lift/chain with size 8x10 limits mip level from 4 to 1
[03Aug2026 00:56:13.427] [Worker-Main-11/WARN] [xaero.lib.XaeroLib/]: io exception while checking patreon: Online mod data expired! Date: Sun Aug 02 07:54:46 CEST 2026
[03Aug2026 00:56:13.468] [Worker-Main-15/INFO] [DistantHorizons-DistantHorizons-com.seibel.distanthorizons.common.AbstractModInitializer_neoforge/]: Distant Horizons, Version: 3.2.0-b
[03Aug2026 00:56:13.476] [Worker-Main-15/INFO] [DistantHorizons-DistantHorizons-com.seibel.distanthorizons.common.AbstractModInitializer_neoforge/]: Skipping mod compatibility accessor for: [optifine]
[03Aug2026 00:56:13.476] [Worker-Main-15/INFO] [DistantHorizons-DistantHorizons-com.seibel.distanthorizons.common.AbstractModInitializer_neoforge/]: Skipping mod compatibility accessor for: [c2me]
[03Aug2026 00:56:13.477] [Worker-Main-15/INFO] [DistantHorizons-DistantHorizons-com.seibel.distanthorizons.common.AbstractModInitializer_neoforge/]: Skipping mod compatibility accessor for: [immersive_portals]
[03Aug2026 00:56:13.477] [Worker-Main-15/INFO] [DistantHorizons-DistantHorizons-com.seibel.distanthorizons.core.dependencyInjection.ModAccessorInjector/]: Registered mod compatibility accessor for: [iris].
[03Aug2026 00:56:13.483] [NeoForge Version Check/INFO] [net.neoforged.fml.VersionChecker/]: [create] Found status: OUTDATED Current: 6.0.10 Target: 6.0.10+mc1.21.1
[03Aug2026 00:56:13.492] [Worker-Main-15/INFO] [DistantHorizons-DistantHorizons-com.seibel.distanthorizons.core.config.ConfigHandler/]: Initialising config for [DistantHorizons]
[03Aug2026 00:56:13.538] [Worker-Main-15/INFO] [DistantHorizons-DistantHorizons-com.seibel.distanthorizons.core.config.ConfigHandler/]: [DistantHorizons] Config initialised
[03Aug2026 00:56:13.543] [Worker-Main-15/INFO] [DistantHorizons-DistantHorizons-com.seibel.distanthorizons.core.config.eventHandlers.IgnoredDimensionCsvHandler/]: Dimension ignoring disabled, DH will render all dimensions.
[03Aug2026 00:56:13.543] [Worker-Main-15/INFO] [com.seibel.distanthorizons.core.logging.DhLogger/]: Applying config to loggers
[03Aug2026 00:56:13.543] [Worker-Main-15/INFO] [DistantHorizons-DistantHorizons-com.seibel.distanthorizons.core.Initializer/]: Garbage collectors: [G1 Young Generation, G1 Concurrent GC, G1 Old Generation]
[03Aug2026 00:56:13.543] [Worker-Main-15/WARN] [DistantHorizons-DistantHorizons-com.seibel.distanthorizons.core.Initializer/]: Distant Horizons: G1 Garbage collector detected.
This can cause FPS stuttering. 
It's recommended to use a concurrent garbage collector 
like ZGC (Java 21+) or Shenandoah (Java 8 through 17) 
for a smoother experience. 
This warning can be disabled in the DH config.
[03Aug2026 00:56:13.547] [Worker-Main-15/INFO] [DistantHorizons-DistantHorizons-com.seibel.distanthorizons.core.Initializer/]: Explicit Garbage Collection: [Enabled]
[03Aug2026 00:56:13.547] [Worker-Main-15/INFO] [DistantHorizons-DistantHorizons-com.seibel.distanthorizons.common.AbstractModInitializer_neoforge/]: Distant Horizons client Initialized.
[03Aug2026 00:56:13.548] [Worker-Main-15/INFO] [DistantHorizons-DistantHorizons-com.seibel.distanthorizons.common.AbstractModInitializer_neoforge/]: Running Delayed setup...
[03Aug2026 00:56:13.548] [Worker-Main-15/INFO] [DistantHorizons-DistantHorizons-com.seibel.distanthorizons.common.AbstractModInitializer_neoforge/]: Delayed setup complete, firing DhApiAfterDhInitEvent event...
[03Aug2026 00:56:13.548] [Worker-Main-15/INFO] [Iris/]: DH Ready, binding Iris event handlers...
[03Aug2026 00:56:13.551] [Worker-Main-15/INFO] [Iris/]: DH Iris events bound.
[03Aug2026 00:56:13.552] [DH-PostClientInit Thread/INFO] [DistantHorizons-DistantHorizons-com.seibel.distanthorizons.common.wrappers.DependencySetup_neoforge/]: Setting DH Rendering API to: [OPEN_GL]...
[03Aug2026 00:56:13.557] [DH-PostClientInit Thread/INFO] [DistantHorizons-DistantHorizons-com.seibel.distanthorizons.common.wrappers.DependencySetup_neoforge/]: DH Rendering successfully bound to: [OpenGL]...
[03Aug2026 00:56:13.581] [Render thread/INFO] [xaero.lib.XaeroLib/]: Loading XaeroLib common 2/2!
[03Aug2026 00:56:13.581] [Render thread/INFO] [xaero.lib.XaeroLib/]: Loading XaeroLib client 2/2!
[03Aug2026 00:56:13.581] [Render thread/INFO] [xaero.minimap.XaeroMinimap/]: Loading Xaero's Minimap - Stage 2/2
[03Aug2026 00:56:13.652] [Worker-Main-1/WARN] [net.minecraft.client.resources.model.BlockStateModelLoader/]: Exception loading blockstate definition: 'simulatedcoasters:blockstates/coaster_track_material.json' missing model for variant: 'simulatedcoasters:coaster_track_material#shape=an,turn=false,waterlogged=false'
[03Aug2026 00:56:13.652] [Worker-Main-1/WARN] [net.minecraft.client.resources.model.BlockStateModelLoader/]: Exception loading blockstate definition: 'simulatedcoasters:blockstates/coaster_track_material.json' missing model for variant: 'simulatedcoasters:coaster_track_material#shape=cr_d,turn=false,waterlogged=false'
[03Aug2026 00:56:13.652] [Worker-Main-1/WARN] [net.minecraft.client.resources.model.BlockStateModelLoader/]: Exception loading blockstate definition: 'simulatedcoasters:blockstates/coaster_track_material.json' missing model for variant: 'simulatedcoasters:coaster_track_material#shape=zo,turn=true,waterlogged=false'
[03Aug2026 00:56:13.652] [Worker-Main-1/WARN] [net.minecraft.client.resources.model.BlockStateModelLoader/]: Exception loading blockstate definition: 'simulatedcoasters:blockstates/coaster_track_material.json' missing model for variant: 'simulatedcoasters:coaster_track_material#shape=ae,turn=false,waterlogged=false'
[03Aug2026 00:56:13.652] [Worker-Main-1/WARN] [net.minecraft.client.resources.model.BlockStateModelLoader/]: Exception loading blockstate definition: 'simulatedcoasters:blockstates/coaster_track_material.json' missing model for variant: 'simulatedcoasters:coaster_track_material#shape=tw,turn=true,waterlogged=true'
[03Aug2026 00:56:13.652] [Worker-Main-1/WARN] [net.minecraft.client.resources.model.BlockStateModelLoader/]: Exception loading blockstate definition: 'simulatedcoasters:blockstates/coaster_track_material.json' missing model for variant: 'simulatedcoasters:coaster_track_material#shape=tn,turn=true,waterlogged=true'
[03Aug2026 00:56:13.652] [Worker-Main-1/WARN] [net.minecraft.client.resources.model.BlockStateModelLoader/]: Exception loading blockstate definition: 'simulatedcoasters:blockstates/coaster_track_material.json' missing model for variant: 'simulatedcoasters:coaster_track_material#shape=te,turn=true,waterlogged=true'
[03Aug2026 00:56:13.652] [Worker-Main-1/WARN] [net.minecraft.client.resources.model.BlockStateModelLoader/]: Exception loading blockstate definition: 'simulatedcoasters:blockstates/coaster_track_material.json' missing model for variant: 'simulatedcoasters:coaster_track_material#shape=nd,turn=false,waterlogged=false'
[03Aug2026 00:56:13.652] [Worker-Main-1/WARN] [net.minecraft.client.resources.model.BlockStateModelLoader/]: Exception loading blockstate definition: 'simulatedcoasters:blockstates/coaster_track_material.json' missing model for variant: 'simulatedcoasters:coaster_track_material#shape=aw,turn=false,waterlogged=false'
[03Aug2026 00:56:13.652] [Worker-Main-1/WARN] [net.minecraft.client.resources.model.BlockStateModelLoader/]: Exception loading blockstate definition: 'simulatedcoasters:blockstates/coaster_track_material.json' missing model for variant: 'simulatedcoasters:coaster_track_material#shape=te,turn=false,waterlogged=false'
[03Aug2026 00:56:13.652] [Worker-Main-1/WARN] [net.minecraft.client.resources.model.BlockStateModelLoader/]: Exception loading blockstate definition: 'simulatedcoasters:blockstates/coaster_track_material.json' missing model for variant: 'simulatedcoasters:coaster_track_material#shape=ae,turn=true,waterlogged=false'
[03Aug2026 00:56:13.652] [Worker-Main-1/WARN] [net.minecraft.client.resources.model.BlockStateModelLoader/]: Exception loading blockstate definition: 'simulatedcoasters:blockstates/coaster_track_material.json' missing model for variant: 'simulatedcoasters:coaster_track_material#shape=none,turn=true,waterlogged=false'
[03Aug2026 00:56:13.652] [Worker-Main-1/WARN] [net.minecraft.client.resources.model.BlockStateModelLoader/]: Exception loading blockstate definition: 'simulatedcoasters:blockstates/coaster_track_material.json' missing model for variant: 'simulatedcoasters:coaster_track_material#shape=cr_o,turn=false,waterlogged=false'
[03Aug2026 00:56:13.652] [Worker-Main-1/WARN] [net.minecraft.client.resources.model.BlockStateModelLoader/]: Exception loading blockstate definition: 'simulatedcoasters:blockstates/coaster_track_material.json' missing model for variant: 'simulatedcoasters:coaster_track_material#shape=cr_d,turn=true,waterlogged=false'
[03Aug2026 00:56:13.652] [Worker-Main-1/WARN] [net.minecraft.client.resources.model.BlockStateModelLoader/]: Exception loading blockstate definition: 'simulatedcoasters:blockstates/coaster_track_material.json' missing model for variant: 'simulatedcoasters:coaster_track_material#shape=cr_pdz,turn=true,waterlogged=true'
[03Aug2026 00:56:13.652] [Worker-Main-1/WARN] [net.minecraft.client.resources.model.BlockStateModelLoader/]: Exception loading blockstate definition: 'simulatedcoasters:blockstates/coaster_track_material.json' missing model for variant: 'simulatedcoasters:coaster_track_material#shape=tw,turn=false,waterlogged=false'
[03Aug2026 00:56:13.652] [Worker-Main-1/WARN] [net.minecraft.client.resources.model.BlockStateModelLoader/]: Exception loading blockstate definition: 'simulatedcoasters:blockstates/coaster_track_material.json' missing model for variant: 'simulatedcoasters:coaster_track_material#shape=cr_o,turn=false,waterlogged=true'
[03Aug2026 00:56:13.652] [Worker-Main-1/WARN] [net.minecraft.client.resources.model.BlockStateModelLoader/]: Exception loading blockstate definition: 'simulatedcoasters:blockstates/coaster_track_material.json' missing model for variant: 'simulatedcoasters:coaster_track_material#shape=cr_ndx,turn=true,waterlogged=true'
[03Aug2026 00:56:13.652] [Worker-Main-1/WARN] [net.minecraft.client.resources.model.BlockStateModelLoader/]: Exception loading blockstate definition: 'simulatedcoasters:blockstates/coaster_track_material.json' missing model for variant: 'simulatedcoasters:coaster_track_material#shape=cr_pdz,turn=false,waterlogged=false'
[03Aug2026 00:56:13.652] [Worker-Main-1/WARN] [net.minecraft.client.resources.model.BlockStateModelLoader/]: Exception loading blockstate definition: 'simulatedcoasters:blockstates/coaster_track_material.json' missing model for variant: 'simulatedcoasters:coaster_track_material#shape=aw,turn=true,waterlogged=false'
[03Aug2026 00:56:13.652] [Worker-Main-1/WARN] [net.minecraft.client.resources.model.BlockStateModelLoader/]: Exception loading blockstate definition: 'simulatedcoasters:blockstates/coaster_track_material.json' missing model for variant: 'simulatedcoasters:coaster_track_material#shape=an,turn=true,waterlogged=true'
[03Aug2026 00:56:13.652] [Worker-Main-1/WARN] [net.minecraft.client.resources.model.BlockStateModelLoader/]: Exception loading blockstate definition: 'simulatedcoasters:blockstates/coaster_track_material.json' missing model for variant: 'simulatedcoasters:coaster_track_material#shape=cr_d,turn=true,waterlogged=true'
[03Aug2026 00:56:13.653] [Worker-Main-1/WARN] [net.minecraft.client.resources.model.BlockStateModelLoader/]: Exception loading blockstate definition: 'simulatedcoasters:blockstates/coaster_track_material.json' missing model for variant: 'simulatedcoasters:coaster_track_material#shape=as,turn=true,waterlogged=false'
[03Aug2026 00:56:13.653] [Worker-Main-1/WARN] [net.minecraft.client.resources.model.BlockStateModelLoader/]: Exception loading blockstate definition: 'simulatedcoasters:blockstates/coaster_track_material.json' missing model for variant: 'simulatedcoasters:coaster_track_material#shape=aw,turn=false,waterlogged=true'
[03Aug2026 00:56:13.653] [Worker-Main-1/WARN] [net.minecraft.client.resources.model.BlockStateModelLoader/]: Exception loading blockstate definition: 'simulatedcoasters:blockstates/coaster_track_material.json' missing model for variant: 'simulatedcoasters:coaster_track_material#shape=tw,turn=true,waterlogged=false'
[03Aug2026 00:56:13.653] [Worker-Main-1/WARN] [net.minecraft.client.resources.model.BlockStateModelLoader/]: Exception loading blockstate definition: 'simulatedcoasters:blockstates/coaster_track_material.json' missing model for variant: 'simulatedcoasters:coaster_track_material#shape=as,turn=true,waterlogged=true'
[03Aug2026 00:56:13.653] [Worker-Main-1/WARN] [net.minecraft.client.resources.model.BlockStateModelLoader/]: Exception loading blockstate definition: 'simulatedcoasters:blockstates/coaster_track_material.json' missing model for variant: 'simulatedcoasters:coaster_track_material#shape=cr_ndz,turn=false,waterlogged=true'
[03Aug2026 00:56:13.653] [Worker-Main-1/WARN] [net.minecraft.client.resources.model.BlockStateModelLoader/]: Exception loading blockstate definition: 'simulatedcoasters:blockstates/coaster_track_material.json' missing model for variant: 'simulatedcoasters:coaster_track_material#shape=xo,turn=true,waterlogged=true'
[03Aug2026 00:56:13.653] [Worker-Main-1/WARN] [net.minecraft.client.resources.model.BlockStateModelLoader/]: Exception loading blockstate definition: 'simulatedcoasters:blockstates/coaster_track_material.json' missing model for variant: 'simulatedcoasters:coaster_track_material#shape=ts,turn=false,waterlogged=true'
[03Aug2026 00:56:13.653] [Worker-Main-1/WARN] [net.minecraft.client.resources.model.BlockStateModelLoader/]: Exception loading blockstate definition: 'simulatedcoasters:blockstates/coaster_track_material.json' missing model for variant: 'simulatedcoasters:coaster_track_material#shape=none,turn=false,waterlogged=false'
[03Aug2026 00:56:13.653] [Worker-Main-1/WARN] [net.minecraft.client.resources.model.BlockStateModelLoader/]: Exception loading blockstate definition: 'simulatedcoasters:blockstates/coaster_track_material.json' missing model for variant: 'simulatedcoasters:coaster_track_material#shape=cr_pdx,turn=true,waterlogged=false'
[03Aug2026 00:56:13.653] [Worker-Main-1/WARN] [net.minecraft.client.resources.model.BlockStateModelLoader/]: Exception loading blockstate definition: 'simulatedcoasters:blockstates/coaster_track_material.json' missing model for variant: 'simulatedcoasters:coaster_track_material#shape=pd,turn=false,waterlogged=true'
[03Aug2026 00:56:13.653] [Worker-Main-1/WARN] [net.minecraft.client.resources.model.BlockStateModelLoader/]: Exception loading blockstate definition: 'simulatedcoasters:blockstates/coaster_track_material.json' missing model for variant: 'simulatedcoasters:coaster_track_material#shape=none,turn=false,waterlogged=true'
[03Aug2026 00:56:13.653] [Worker-Main-1/WARN] [net.minecraft.client.resources.model.BlockStateModelLoader/]: Exception loading blockstate definition: 'simulatedcoasters:blockstates/coaster_track_material.json' missing model for variant: 'simulatedcoasters:coaster_track_material#shape=an,turn=true,waterlogged=false'
[03Aug2026 00:56:13.653] [Worker-Main-1/WARN] [net.minecraft.client.resources.model.BlockStateModelLoader/]: Exception loading blockstate definition: 'simulatedcoasters:blockstates/coaster_track_material.json' missing model for variant: 'simulatedcoasters:coaster_track_material#shape=cr_o,turn=true,waterlogged=true'
[03Aug2026 00:56:13.653] [Worker-Main-1/WARN] [net.minecraft.client.resources.model.BlockStateModelLoader/]: Exception loading blockstate definition: 'simulatedcoasters:blockstates/coaster_track_material.json' missing model for variant: 'simulatedcoasters:coaster_track_material#shape=cr_ndz,turn=true,waterlogged=true'
[03Aug2026 00:56:13.653] [Worker-Main-1/WARN] [net.minecraft.client.resources.model.BlockStateModelLoader/]: Exception loading blockstate definition: 'simulatedcoasters:blockstates/coaster_track_material.json' missing model for variant: 'simulatedcoasters:coaster_track_material#shape=te,turn=false,waterlogged=true'
[03Aug2026 00:56:13.653] [Worker-Main-1/WARN] [net.minecraft.client.resources.model.BlockStateModelLoader/]: Exception loading blockstate definition: 'simulatedcoasters:blockstates/coaster_track_material.json' missing model for variant: 'simulatedcoasters:coaster_track_material#shape=as,turn=false,waterlogged=false'
[03Aug2026 00:56:13.653] [Worker-Main-1/WARN] [net.minecraft.client.resources.model.BlockStateModelLoader/]: Exception loading blockstate definition: 'simulatedcoasters:blockstates/coaster_track_material.json' missing model for variant: 'simulatedcoasters:coaster_track_material#shape=cr_ndx,turn=false,waterlogged=true'
[03Aug2026 00:56:13.653] [Worker-Main-1/WARN] [net.minecraft.client.resources.model.BlockStateModelLoader/]: Exception loading blockstate definition: 'simulatedcoasters:blockstates/coaster_track_material.json' missing model for variant: 'simulatedcoasters:coaster_track_material#shape=cr_pdz,turn=false,waterlogged=true'
[03Aug2026 00:56:13.653] [Worker-Main-1/WARN] [net.minecraft.client.resources.model.BlockStateModelLoader/]: Exception loading blockstate definition: 'simulatedcoasters:blockstates/coaster_track_material.json' missing model for variant: 'simulatedcoasters:coaster_track_material#shape=zo,turn=true,waterlogged=true'
[03Aug2026 00:56:13.653] [Worker-Main-1/WARN] [net.minecraft.client.resources.model.BlockStateModelLoader/]: Exception loading blockstate definition: 'simulatedcoasters:blockstates/coaster_track_material.json' missing model for variant: 'simulatedcoasters:coaster_track_material#shape=zo,turn=false,waterlogged=true'
[03Aug2026 00:56:13.653] [Worker-Main-1/WARN] [net.minecraft.client.resources.model.BlockStateModelLoader/]: Exception loading blockstate definition: 'simulatedcoasters:blockstates/coaster_track_material.json' missing model for variant: 'simulatedcoasters:coaster_track_material#shape=cr_o,turn=true,waterlogged=false'
[03Aug2026 00:56:13.653] [Worker-Main-1/WARN] [net.minecraft.client.resources.model.BlockStateModelLoader/]: Exception loading blockstate definition: 'simulatedcoasters:blockstates/coaster_track_material.json' missing model for variant: 'simulatedcoasters:coaster_track_material#shape=ae,turn=false,waterlogged=true'
[03Aug2026 00:56:13.653] [Worker-Main-1/WARN] [net.minecraft.client.resources.model.BlockStateModelLoader/]: Exception loading blockstate definition: 'simulatedcoasters:blockstates/coaster_track_material.json' missing model for variant: 'simulatedcoasters:coaster_track_material#shape=pd,turn=true,waterlogged=true'
[03Aug2026 00:56:13.653] [Worker-Main-1/WARN] [net.minecraft.client.resources.model.BlockStateModelLoader/]: Exception loading blockstate definition: 'simulatedcoasters:blockstates/coaster_track_material.json' missing model for variant: 'simulatedcoasters:coaster_track_material#shape=nd,turn=false,waterlogged=true'
[03Aug2026 00:56:13.653] [Worker-Main-1/WARN] [net.minecraft.client.resources.model.BlockStateModelLoader/]: Exception loading blockstate definition: 'simulatedcoasters:blockstates/coaster_track_material.json' missing model for variant: 'simulatedcoasters:coaster_track_material#shape=ts,turn=true,waterlogged=true'
[03Aug2026 00:56:13.653] [Worker-Main-1/WARN] [net.minecraft.client.resources.model.BlockStateModelLoader/]: Exception loading blockstate definition: 'simulatedcoasters:blockstates/coaster_track_material.json' missing model for variant: 'simulatedcoasters:coaster_track_material#shape=cr_ndx,turn=false,waterlogged=false'
[03Aug2026 00:56:13.653] [Worker-Main-1/WARN] [net.minecraft.client.resources.model.BlockStateModelLoader/]: Exception loading blockstate definition: 'simulatedcoasters:blockstates/coaster_track_material.json' missing model for variant: 'simulatedcoasters:coaster_track_material#shape=tn,turn=true,waterlogged=false'
[03Aug2026 00:56:13.653] [Worker-Main-1/WARN] [net.minecraft.client.resources.model.BlockStateModelLoader/]: Exception loading blockstate definition: 'simulatedcoasters:blockstates/coaster_track_material.json' missing model for variant: 'simulatedcoasters:coaster_track_material#shape=cr_d,turn=false,waterlogged=true'
[03Aug2026 00:56:13.653] [Worker-Main-1/WARN] [net.minecraft.client.resources.model.BlockStateModelLoader/]: Exception loading blockstate definition: 'simulatedcoasters:blockstates/coaster_track_material.json' missing model for variant: 'simulatedcoasters:coaster_track_material#shape=cr_ndz,turn=true,waterlogged=false'
[03Aug2026 00:56:13.653] [Worker-Main-1/WARN] [net.minecraft.client.resources.model.BlockStateModelLoader/]: Exception loading blockstate definition: 'simulatedcoasters:blockstates/coaster_track_material.json' missing model for variant: 'simulatedcoasters:coaster_track_material#shape=pd,turn=false,waterlogged=false'
[03Aug2026 00:56:13.653] [Worker-Main-1/WARN] [net.minecraft.client.resources.model.BlockStateModelLoader/]: Exception loading blockstate definition: 'simulatedcoasters:blockstates/coaster_track_material.json' missing model for variant: 'simulatedcoasters:coaster_track_material#shape=xo,turn=true,waterlogged=false'
[03Aug2026 00:56:13.653] [Worker-Main-1/WARN] [net.minecraft.client.resources.model.BlockStateModelLoader/]: Exception loading blockstate definition: 'simulatedcoasters:blockstates/coaster_track_material.json' missing model for variant: 'simulatedcoasters:coaster_track_material#shape=tn,turn=false,waterlogged=true'
[03Aug2026 00:56:13.653] [Worker-Main-1/WARN] [net.minecraft.client.resources.model.BlockStateModelLoader/]: Exception loading blockstate definition: 'simulatedcoasters:blockstates/coaster_track_material.json' missing model for variant: 'simulatedcoasters:coaster_track_material#shape=xo,turn=false,waterlogged=true'
[03Aug2026 00:56:13.653] [Worker-Main-1/WARN] [net.minecraft.client.resources.model.BlockStateModelLoader/]: Exception loading blockstate definition: 'simulatedcoasters:blockstates/coaster_track_material.json' missing model for variant: 'simulatedcoasters:coaster_track_material#shape=aw,turn=true,waterlogged=true'
[03Aug2026 00:56:13.653] [Worker-Main-1/WARN] [net.minecraft.client.resources.model.BlockStateModelLoader/]: Exception loading blockstate definition: 'simulatedcoasters:blockstates/coaster_track_material.json' missing model for variant: 'simulatedcoasters:coaster_track_material#shape=ts,turn=true,waterlogged=false'
[03Aug2026 00:56:13.653] [Worker-Main-1/WARN] [net.minecraft.client.resources.model.BlockStateModelLoader/]: Exception loading blockstate definition: 'simulatedcoasters:blockstates/coaster_track_material.json' missing model for variant: 'simulatedcoasters:coaster_track_material#shape=ae,turn=true,waterlogged=true'
[03Aug2026 00:56:13.653] [Worker-Main-1/WARN] [net.minecraft.client.resources.model.BlockStateModelLoader/]: Exception loading blockstate definition: 'simulatedcoasters:blockstates/coaster_track_material.json' missing model for variant: 'simulatedcoasters:coaster_track_material#shape=cr_pdx,turn=false,waterlogged=true'
[03Aug2026 00:56:13.653] [Worker-Main-1/WARN] [net.minecraft.client.resources.model.BlockStateModelLoader/]: Exception loading blockstate definition: 'simulatedcoasters:blockstates/coaster_track_material.json' missing model for variant: 'simulatedcoasters:coaster_track_material#shape=te,turn=true,waterlogged=false'
[03Aug2026 00:56:13.653] [Worker-Main-1/WARN] [net.minecraft.client.resources.model.BlockStateModelLoader/]: Exception loading blockstate definition: 'simulatedcoasters:blockstates/coaster_track_material.json' missing model for variant: 'simulatedcoasters:coaster_track_material#shape=tw,turn=false,waterlogged=true'
[03Aug2026 00:56:13.653] [Worker-Main-1/WARN] [net.minecraft.client.resources.model.BlockStateModelLoader/]: Exception loading blockstate definition: 'simulatedcoasters:blockstates/coaster_track_material.json' missing model for variant: 'simulatedcoasters:coaster_track_material#shape=xo,turn=false,waterlogged=false'
[03Aug2026 00:56:13.654] [Worker-Main-1/WARN] [net.minecraft.client.resources.model.BlockStateModelLoader/]: Exception loading blockstate definition: 'simulatedcoasters:blockstates/coaster_track_material.json' missing model for variant: 'simulatedcoasters:coaster_track_material#shape=as,turn=false,waterlogged=true'
[03Aug2026 00:56:13.654] [Worker-Main-1/WARN] [net.minecraft.client.resources.model.BlockStateModelLoader/]: Exception loading blockstate definition: 'simulatedcoasters:blockstates/coaster_track_material.json' missing model for variant: 'simulatedcoasters:coaster_track_material#shape=pd,turn=true,waterlogged=false'
[03Aug2026 00:56:13.654] [Worker-Main-1/WARN] [net.minecraft.client.resources.model.BlockStateModelLoader/]: Exception loading blockstate definition: 'simulatedcoasters:blockstates/coaster_track_material.json' missing model for variant: 'simulatedcoasters:coaster_track_material#shape=cr_pdx,turn=true,waterlogged=true'
[03Aug2026 00:56:13.654] [Worker-Main-1/WARN] [net.minecraft.client.resources.model.BlockStateModelLoader/]: Exception loading blockstate definition: 'simulatedcoasters:blockstates/coaster_track_material.json' missing model for variant: 'simulatedcoasters:coaster_track_material#shape=tn,turn=false,waterlogged=false'
[03Aug2026 00:56:13.654] [Worker-Main-1/WARN] [net.minecraft.client.resources.model.BlockStateModelLoader/]: Exception loading blockstate definition: 'simulatedcoasters:blockstates/coaster_track_material.json' missing model for variant: 'simulatedcoasters:coaster_track_material#shape=nd,turn=true,waterlogged=true'
[03Aug2026 00:56:13.654] [Worker-Main-1/WARN] [net.minecraft.client.resources.model.BlockStateModelLoader/]: Exception loading blockstate definition: 'simulatedcoasters:blockstates/coaster_track_material.json' missing model for variant: 'simulatedcoasters:coaster_track_material#shape=nd,turn=true,waterlogged=false'
[03Aug2026 00:56:13.654] [Worker-Main-1/WARN] [net.minecraft.client.resources.model.BlockStateModelLoader/]: Exception loading blockstate definition: 'simulatedcoasters:blockstates/coaster_track_material.json' missing model for variant: 'simulatedcoasters:coaster_track_material#shape=cr_pdz,turn=true,waterlogged=false'
[03Aug2026 00:56:13.654] [Worker-Main-1/WARN] [net.minecraft.client.resources.model.BlockStateModelLoader/]: Exception loading blockstate definition: 'simulatedcoasters:blockstates/coaster_track_material.json' missing model for variant: 'simulatedcoasters:coaster_track_material#shape=ts,turn=false,waterlogged=false'
[03Aug2026 00:56:13.654] [Worker-Main-1/WARN] [net.minecraft.client.resources.model.BlockStateModelLoader/]: Exception loading blockstate definition: 'simulatedcoasters:blockstates/coaster_track_material.json' missing model for variant: 'simulatedcoasters:coaster_track_material#shape=cr_pdx,turn=false,waterlogged=false'
[03Aug2026 00:56:13.654] [Worker-Main-1/WARN] [net.minecraft.client.resources.model.BlockStateModelLoader/]: Exception loading blockstate definition: 'simulatedcoasters:blockstates/coaster_track_material.json' missing model for variant: 'simulatedcoasters:coaster_track_material#shape=an,turn=false,waterlogged=true'
[03Aug2026 00:56:13.654] [Worker-Main-1/WARN] [net.minecraft.client.resources.model.BlockStateModelLoader/]: Exception loading blockstate definition: 'simulatedcoasters:blockstates/coaster_track_material.json' missing model for variant: 'simulatedcoasters:coaster_track_material#shape=none,turn=true,waterlogged=true'
[03Aug2026 00:56:13.654] [Worker-Main-1/WARN] [net.minecraft.client.resources.model.BlockStateModelLoader/]: Exception loading blockstate definition: 'simulatedcoasters:blockstates/coaster_track_material.json' missing model for variant: 'simulatedcoasters:coaster_track_material#shape=cr_ndz,turn=false,waterlogged=false'
[03Aug2026 00:56:13.654] [Worker-Main-1/WARN] [net.minecraft.client.resources.model.BlockStateModelLoader/]: Exception loading blockstate definition: 'simulatedcoasters:blockstates/coaster_track_material.json' missing model for variant: 'simulatedcoasters:coaster_track_material#shape=cr_ndx,turn=true,waterlogged=false'
[03Aug2026 00:56:13.807] [Render thread/WARN] [xaero.hud.minimap.MinimapLogs/]: io exception while checking versions: Online mod data expired! Date: Sun Aug 02 07:54:46 CEST 2026
[03Aug2026 00:56:13.808] [Render thread/INFO] [xaero.hud.minimap.MinimapLogs/]: Registered player tracker system: minimap_synced
[03Aug2026 00:56:13.831] [Render thread/INFO] [Photonics/]: Photonics ReSTIR GI v70: forcing PHOTONICS_RESTIR_COMBINED_GI on for the geometry-guided spatial-reuse test (configured=true)
[03Aug2026 00:56:13.832] [Render thread/INFO] [Photonics/]: Photonics performance overrides: renderScale=0.75, giRenderScale=0.5, temporalUpscaler=shader-pack, temporalUpscalerSourceScale=shader-pack, temporalUpscalerHistoryFrames=shader-pack, restirInitialSamples=32, restirDenoiserPasses=5, restirGiDenoiserPasses=3 (shader-pack means no JVM override)
[03Aug2026 00:56:13.853] [Render thread/INFO] [Photonics/]: Photonics shader source: path=/photonics/deprecated/shader_interface.glsl origin=photonics-jar sha256=93300432f0cdcc7deefcd48e7eb4e61cd39459ec11278295e0e35466d1be92be
[03Aug2026 00:56:13.854] [Render thread/INFO] [Photonics/]: Photonics shader source: path=/photonics/interface/lighting_interface.glsl origin=photonics-jar sha256=369f58efdb006e3118ca3b2f92c5cb30cb6b402a6981f198074c3bb5bc004fee
[03Aug2026 00:56:13.854] [Render thread/INFO] [Photonics/]: Photonics shader source: path=/photonics/interface/world_interface.glsl origin=photonics-jar sha256=383fd0358eaf35d5f7e63470e3dff4ffc7444863bb69b54a79bd01267af4d244
[03Aug2026 00:56:13.854] [Render thread/INFO] [Photonics/]: Photonics shader source: path=/photonics/internal/impl/attenuation.glsl origin=photonics-jar sha256=d2c579186e190cd1afda8995963df044637e497a18478d3faca5d8cbd3b61a26
[03Aug2026 00:56:13.854] [Render thread/INFO] [Photonics/]: Photonics shader source: path=/photonics/internal/impl/is_hand.glsl origin=photonics-jar sha256=d682523dc96fe15e30e1d44b7c59acf669883e2fd9aaf6e93b73b07074341c96
[03Aug2026 00:56:13.855] [Render thread/INFO] [Photonics/]: Photonics shader source: path=/photonics/internal/tracing/common.glsl origin=photonics-jar sha256=99a7822010d4e4878da41305ac8b95c042e24e335ed4184e4364a46c0807d560
[03Aug2026 00:56:13.855] [Render thread/INFO] [Photonics/]: Photonics shader source: path=/photonics/internal/tracing/iterator.glsl origin=photonics-jar sha256=2c81a5d462c8f6b2298c1fb3c0f8235707b4d9d9f21563de788c9293b9e2e9ae
[03Aug2026 00:56:13.855] [Render thread/INFO] [Photonics/]: Photonics shader source: path=/photonics/internal/tracing/simple.glsl origin=photonics-jar sha256=e0a430fdf77faf41ea4d4277dc02378ad339ab71f5e67b496746f4a216d27d97
[03Aug2026 00:56:13.855] [Render thread/INFO] [Photonics/]: Photonics shader source: path=/photonics/internal/tracing/types.glsl origin=photonics-jar sha256=f1203001a527d11cecf8b825d7ca5d184b64b6a5f25a84c5c96764dd53f5ba1a
[03Aug2026 00:56:13.855] [Render thread/INFO] [Photonics/]: Photonics shader source: path=/photonics/light.glsl origin=photonics-jar sha256=263d657a4e3418661df4ad0101e5f98519078cad6f1079c6bf01ad240d7986e4
[03Aug2026 00:56:13.856] [Render thread/INFO] [Photonics/]: Photonics shader source: path=/photonics/light_list.glsl origin=photonics-jar sha256=1ad3ae17e86bf25b743ad655cb298c5325a071257d83255829dcec98b23f2e60
[03Aug2026 00:56:13.856] [Render thread/INFO] [Photonics/]: Photonics shader source: path=/photonics/modifiers/attenuation_modifier.glsl origin=photonics-jar sha256=d842468d67ecb27a1778c6f6edd07051aea88f8604391e10481498bb9dbc23b4
[03Aug2026 00:56:13.856] [Render thread/INFO] [Photonics/]: Photonics shader source: path=/photonics/modifiers/handheld_light_pulse_modifier.glsl origin=photonics-jar sha256=2af6c839c63a2f3f6d783338518319cbb0212a7423889e1382b92a5a17b2af32
[03Aug2026 00:56:13.856] [Render thread/INFO] [Photonics/]: Photonics shader source: path=/photonics/modifiers/indirect_surface_sample_modifier.glsl origin=photonics-jar sha256=1ab8bbb999b41875b58b3a4a5b16046b779686dac16d3c6bc86d99c820b85f7f
[03Aug2026 00:56:13.856] [Render thread/INFO] [Photonics/]: Photonics shader source: path=/photonics/modifiers/is_hand_modifier.glsl origin=shader-pack sha256=d43b622fb771dfcb68d6980026dde741e4e47eb7d43847eea2632dcd5c1401dd
[03Aug2026 00:56:13.856] [Render thread/INFO] [Photonics/]: Photonics shader source: path=/photonics/modifiers/light_modifier.glsl origin=shader-pack sha256=3e287296dea097eb9baf73693316dde656eaeedead165120ed6c334e5cc4597f
[03Aug2026 00:56:13.856] [Render thread/INFO] [Photonics/]: Photonics shader source: path=/photonics/modifiers/restir_denoiser_depth_fetch_modifier.glsl origin=photonics-jar sha256=ced59a4690918514cbe2a90ee4d67782487c5c0b397b85d86a174eec4032a5e6
[03Aug2026 00:56:13.856] [Render thread/INFO] [Photonics/]: Photonics shader source: path=/photonics/modifiers/restir_gi_modifier.glsl origin=shader-pack sha256=87a3104b173d03c00f97a84f46e5f3e768ae3496334a812d4b07b791620bf699
[03Aug2026 00:56:13.856] [Render thread/INFO] [Photonics/]: Photonics shader source: path=/photonics/modifiers/voxel_color_modifier.glsl origin=photonics-jar sha256=637762f7d52cc5eb3b56f9ad97852ebe01d7ad2fd0f567649118bf7c107ea641
[03Aug2026 00:56:13.856] [Render thread/INFO] [Photonics/]: Photonics shader source: path=/photonics/palette.glsl origin=photonics-jar sha256=ea2f8a1e0c149264f9eab46894496fbf944541d725d17cafea8038cc99e576a1
[03Aug2026 00:56:13.857] [Render thread/INFO] [Photonics/]: Photonics shader source: path=/photonics/ph_samplers.glsl origin=photonics-jar sha256=53de8be5a43bd9f139ffe41200dfb0fa4e08fd115a9e1a7f9f4ba1dc526b21d7
[03Aug2026 00:56:13.857] [Render thread/INFO] [Photonics/]: Photonics shader source: path=/photonics/photonics.glsl origin=photonics-jar sha256=e3b0c44298fc1c149afbf4c8996fb92427ae41e4649b934ca495991b7852b855
[03Aug2026 00:56:13.857] [Render thread/INFO] [Photonics/]: Photonics shader source: path=/photonics/rendering/basic/samplers.glsl origin=photonics-jar sha256=b57bac1421126f9a2f25ad65a9e51bcb5c446e0c21181fe47d0cf65af0aa60eb
[03Aug2026 00:56:13.857] [Render thread/INFO] [Photonics/]: Photonics shader source: path=/photonics/rendering/common.glsl origin=photonics-jar sha256=6bfbb0a25982e39df1fe79a01a1c744951e33e2b23a1936d5e71b34523a1245b
[03Aug2026 00:56:13.857] [Render thread/INFO] [Photonics/]: Photonics shader source: path=/photonics/rendering/frag/common.glsl origin=photonics-jar sha256=e451f2e85e30d6df42e4df415695311ee850aa46839cf1b9617a99011ea1f82e
[03Aug2026 00:56:13.857] [Render thread/INFO] [Photonics/]: Photonics shader source: path=/photonics/rendering/frag/f0_load_frag.fsh origin=photonics-jar sha256=53eb898428817d4183fa0a16b4254d13cd98af1cfe828105af1b7a4581a21117
[03Aug2026 00:56:13.857] [Render thread/INFO] [Photonics/]: Photonics shader source: path=/photonics/rendering/frag/f0_load_frag_gi.fsh origin=photonics-jar sha256=5cd4bceab7150e2fce2afb6898297d1fe40b16fe71975f2969a0135b1a6cfc1f
[03Aug2026 00:56:13.857] [Render thread/INFO] [Photonics/]: Photonics shader source: path=/photonics/rendering/frag/f0_load_frag_impl.glsl origin=photonics-jar sha256=ca55dd3da0e2fd1982489553ee96e4bf485e11cae676390c43859fe42e7e8d27
[03Aug2026 00:56:13.857] [Render thread/INFO] [Photonics/]: Photonics shader source: path=/photonics/rendering/frag/frag_data.glsl origin=photonics-jar sha256=563ed65bdbf741b0a065439a24a9d77f85b4b5f6ad1354358b886fb62d347c86
[03Aug2026 00:56:13.858] [Render thread/INFO] [Photonics/]: Photonics shader source: path=/photonics/rendering/frag/frag_motion.glsl origin=photonics-jar sha256=848babfce8f59024e905ace4b5c4916e265232444d2a91dd332a77d9ad4bf8b9
[03Aug2026 00:56:13.858] [Render thread/INFO] [Photonics/]: Photonics shader source: path=/photonics/rendering/frag/sable_motion.glsl origin=photonics-jar sha256=1bb1bbf05710c5296b3abfd10405e9d9711a00ef4fdd1a5635c053cdcfe5abec
[03Aug2026 00:56:13.858] [Render thread/INFO] [Photonics/]: Photonics shader source: path=/photonics/rendering/frag/world_interface.glsl origin=photonics-jar sha256=d938d13ebcfd69fa87e86b1426c227f0b484c50d1b9d90347da65970120a6b30
[03Aug2026 00:56:13.858] [Render thread/INFO] [Photonics/]: Photonics shader source: path=/photonics/rendering/handheld_lighting.glsl origin=photonics-jar sha256=c6f7256167fa81e9fed25139cfa86e97c86b6be0d6cce776751ea7a562e4a454
[03Aug2026 00:56:13.858] [Render thread/INFO] [Photonics/]: Photonics shader source: path=/photonics/rendering/indirect_lighting.glsl origin=photonics-jar sha256=c1c373bb654ae02f58196d4c9bc0ae7a4baaecab4d33577808a6c792c68465cd
[03Aug2026 00:56:13.859] [Render thread/INFO] [Photonics/]: Photonics shader source: path=/photonics/rendering/off/samplers.glsl origin=photonics-jar sha256=b57bac1421126f9a2f25ad65a9e51bcb5c446e0c21181fe47d0cf65af0aa60eb
[03Aug2026 00:56:13.859] [Render thread/INFO] [Photonics/]: Photonics shader source: path=/photonics/rendering/restir/direct/reservoir.glsl origin=photonics-jar sha256=c7d0854c8730fbc0b94cdca3f0ac42acc28a4df005d1314707de850d8d81a472
[03Aug2026 00:56:13.859] [Render thread/INFO] [Photonics/]: Photonics shader source: path=/photonics/rendering/restir/direct/sample.glsl origin=photonics-jar sha256=03f728ee320759e2698f9d294d4dba378a2fb6fd07cca261244f20009ad4a599
[03Aug2026 00:56:13.860] [Render thread/INFO] [Photonics/]: Photonics shader source: path=/photonics/rendering/restir/indirect/reservoir.glsl origin=photonics-jar sha256=c5a2b2cf64c5deb3a93bff8ab844c0fc4882d8dad81ca2c167091fff296bd154
[03Aug2026 00:56:13.860] [Render thread/INFO] [Photonics/]: Photonics shader source: path=/photonics/rendering/restir/indirect/sample.glsl origin=photonics-jar sha256=543bcacbe595131d49c19300b32432db3151fa7e5b2a0b493bf50b39e158f16a
[03Aug2026 00:56:13.860] [Render thread/INFO] [Photonics/]: Photonics shader source: path=/photonics/rendering/restir/pass_mode.glsl origin=photonics-jar sha256=806142f66ae64552d2ea612cce531b641a98f3c9f398e26861e7c1f9ab7da058
[03Aug2026 00:56:13.860] [Render thread/INFO] [Photonics/]: Photonics shader source: path=/photonics/rendering/restir/passes/r10_handheld.fsh origin=photonics-jar sha256=a48b6b2660090c3655f1a8e4711c85ceb9482d2222987c96d8ef38ccc9076174
[03Aug2026 00:56:13.861] [Render thread/INFO] [Photonics/]: Photonics shader source: path=/photonics/rendering/restir/passes/r10_local_direct.fsh origin=photonics-jar sha256=18add28b6ed5b16050078e504c7c53dba48fc59bfdd7a9912ebaa8f4c2dd3ce8
[03Aug2026 00:56:13.861] [Render thread/INFO] [Photonics/]: Photonics shader source: path=/photonics/rendering/restir/passes/r10_source_history_diagnostic.fsh origin=photonics-jar sha256=663341f7cc1491e061b30bf18c463d7a699559e00029a9216283c0fdae0a6d91
[03Aug2026 00:56:13.861] [Render thread/INFO] [Photonics/]: Photonics shader source: path=/photonics/rendering/restir/passes/r1_initial_direct.fsh origin=photonics-jar sha256=dbf5f8ede9b509dfe87dbfba258b523c7c36fe9cfd7dc1f6cbf2e53537688163
[03Aug2026 00:56:13.861] [Render thread/INFO] [Photonics/]: Photonics shader source: path=/photonics/rendering/restir/passes/r2_validate_initial_direct.fsh origin=photonics-jar sha256=6e0109ef63bee44881333d887ac70ad5296af79316ebea7e1ac4148c4d3785ac
[03Aug2026 00:56:13.861] [Render thread/INFO] [Photonics/]: Photonics shader source: path=/photonics/rendering/restir/passes/r3_initial_indirect.fsh origin=photonics-jar sha256=9c169db361053a94a37cc932fc668e27b7daa1ca7eac3f946b077b0782a2af51
[03Aug2026 00:56:13.861] [Render thread/INFO] [Photonics/]: Photonics shader source: path=/photonics/rendering/restir/passes/r4_temporal_reuse.fsh origin=photonics-jar sha256=953a304c06af2f9eb8ae18b54e55e41f066ff17d0a0832160ff447ca925f7ab5
[03Aug2026 00:56:13.861] [Render thread/INFO] [Photonics/]: Photonics shader source: path=/photonics/rendering/restir/passes/r4_temporal_reuse_gi.fsh origin=photonics-jar sha256=d7e540ca620e03d6f79b503b2a8fd4293e782fb7e9279d371fa550c3728b7e12
[03Aug2026 00:56:13.861] [Render thread/INFO] [Photonics/]: Photonics shader source: path=/photonics/rendering/restir/passes/r4_temporal_reuse_impl.glsl origin=photonics-jar sha256=f2371b26efcfa9ea9d57ea57ae960377ca3ef9d8695badd104393d96318638e6
[03Aug2026 00:56:13.862] [Render thread/INFO] [Photonics/]: Photonics shader source: path=/photonics/rendering/restir/passes/r5_copy_spatial_input.fsh origin=photonics-jar sha256=55b8910bceb6c284819123f63cc86db5d9d4a856f284bd4d7e89b096632dd922
[03Aug2026 00:56:13.862] [Render thread/INFO] [Photonics/]: Photonics shader source: path=/photonics/rendering/restir/passes/r5_copy_spatial_input_gi.fsh origin=photonics-jar sha256=9abc6b26dc4bd852581c517daf16ee12a86ef39616d95d588f9e460da2437f23
[03Aug2026 00:56:13.862] [Render thread/INFO] [Photonics/]: Photonics shader source: path=/photonics/rendering/restir/passes/r5_copy_spatial_input_impl.glsl origin=photonics-jar sha256=921a66a1c5046c24fdb758fea3c059b19c3127953f93bf2db72005cf84b3e644
[03Aug2026 00:56:13.862] [Render thread/INFO] [Photonics/]: Photonics shader source: path=/photonics/rendering/restir/passes/r5_spatial_reuse.fsh origin=photonics-jar sha256=7d2e38d5b4f7434a5d98e3102686e90f73129a30e5151d75b8dd632ab0794071
[03Aug2026 00:56:13.862] [Render thread/INFO] [Photonics/]: Photonics shader source: path=/photonics/rendering/restir/passes/r5_spatial_reuse_gi.fsh origin=photonics-jar sha256=de82997ac299dc6570a29f3729b815c7169f7d31543c16f73a86aa94f4530554
[03Aug2026 00:56:13.862] [Render thread/INFO] [Photonics/]: Photonics shader source: path=/photonics/rendering/restir/passes/r5_spatial_reuse_impl.glsl origin=photonics-jar sha256=10be3a39edf814cfd1ebd8613a3421e4268bc6b343370ad83ffd2e184c3f73f2
[03Aug2026 00:56:13.862] [Render thread/INFO] [Photonics/]: Photonics shader source: path=/photonics/rendering/restir/passes/r6_diffuse.fsh origin=photonics-jar sha256=84ef737ef80426bdf6ebdba88d7571f84dae211071877751265d75655a9588eb
[03Aug2026 00:56:13.862] [Render thread/INFO] [Photonics/]: Photonics shader source: path=/photonics/rendering/restir/passes/r6_diffuse_gi.fsh origin=photonics-jar sha256=8715cb252acf78fdd30fd8c2a36d2fda23b7f316201fff17dcd0a28fe5e2e29c
[03Aug2026 00:56:13.863] [Render thread/INFO] [Photonics/]: Photonics shader source: path=/photonics/rendering/restir/passes/r6_diffuse_impl.glsl origin=photonics-jar sha256=925a9292b0d78ee8c7d5800941434449ef5b8359715a0d267192616c0ddb5edb
[03Aug2026 00:56:13.863] [Render thread/INFO] [Photonics/]: Photonics shader source: path=/photonics/rendering/restir/passes/r6_validate_indirect.fsh origin=photonics-jar sha256=c02197329c4bde376ef4798f98ef6f4c908c7f6279eccb3cc6113db6423bc4cc
[03Aug2026 00:56:13.863] [Render thread/INFO] [Photonics/]: Photonics shader source: path=/photonics/rendering/restir/passes/r7_accumulation.fsh origin=photonics-jar sha256=829eb9a369da3312794701e21721225c841f471b3d2dc5b02b08892d5d589dea
[03Aug2026 00:56:13.863] [Render thread/INFO] [Photonics/]: Photonics shader source: path=/photonics/rendering/restir/passes/r7_accumulation_gi.fsh origin=photonics-jar sha256=07c02f2269f455b2031db1d21104e70701fb6198b640963c3ddfd4135c68bc17
[03Aug2026 00:56:13.863] [Render thread/INFO] [Photonics/]: Photonics shader source: path=/photonics/rendering/restir/passes/r7_accumulation_impl.glsl origin=photonics-jar sha256=61b9185679078298fd300e5d05a8fdabb438ab04febc45934eedf898cf953aeb
[03Aug2026 00:56:13.863] [Render thread/INFO] [Photonics/]: Photonics shader source: path=/photonics/rendering/restir/passes/r8_variance_prefilter.fsh origin=photonics-jar sha256=a23450915a8eb9f2c673120c874adc1db5c887ab1b30105967421f212d5fab87
[03Aug2026 00:56:13.863] [Render thread/INFO] [Photonics/]: Photonics shader source: path=/photonics/rendering/restir/passes/r8_variance_prefilter_gi.fsh origin=photonics-jar sha256=0e9e808e725074e89f7c61f5941da208ef0676ddf85c069f206fd7a4d1407c7d
[03Aug2026 00:56:13.863] [Render thread/INFO] [Photonics/]: Photonics shader source: path=/photonics/rendering/restir/passes/r8_variance_prefilter_impl.glsl origin=photonics-jar sha256=0a7b3140ad6f8c2cbf71682661adf67c3ee2c3349ae77e0c675c3df7d4bc289e
[03Aug2026 00:56:13.864] [Render thread/INFO] [Photonics/]: Photonics shader source: path=/photonics/rendering/restir/passes/r9_denoising.fsh origin=photonics-jar sha256=87fab9d2945f19c3df7aaf4135ba6d823860a574375507bad9df4df9abf3cf0e
[03Aug2026 00:56:13.864] [Render thread/INFO] [Photonics/]: Photonics shader source: path=/photonics/rendering/restir/passes/r9_denoising_gi.fsh origin=photonics-jar sha256=a0f2fdc4023f5438c7e9063c84faf06fd5864c162991aec74a399d4f464aa03d
[03Aug2026 00:56:13.864] [Render thread/INFO] [Photonics/]: Photonics shader source: path=/photonics/rendering/restir/passes/r9_denoising_impl.glsl origin=photonics-jar sha256=ae6e25d04e434214e211a353b7ce23816781b74b0e694e8a33fce4062f62b88a
[03Aug2026 00:56:13.866] [Render thread/INFO] [Photonics/]: Photonics shader source: path=/photonics/rendering/restir/restir.glsl origin=photonics-jar sha256=b5a317b3dda3cf736c5c442d2f6718239b74f0e82ea2566a338b0d134535c35e
[03Aug2026 00:56:13.866] [Render thread/INFO] [Photonics/]: Photonics shader source: path=/photonics/rendering/restir/samplers.glsl origin=photonics-jar sha256=5b69e29e162c303dfbfd2f346c62c38cdc07e800cfe2ebc41dacc55c75484f63
[03Aug2026 00:56:13.867] [Render thread/INFO] [Photonics/]: Photonics shader source: path=/photonics/rendering/restir/svgf.glsl origin=photonics-jar sha256=75c934c9a7ee1537bf1484e8d67e3b2414463f54a6558a09e5f22bf0af2ebb59
[03Aug2026 00:56:13.867] [Render thread/INFO] [Photonics/]: Photonics shader source: path=/photonics/rendering/screen.vsh origin=photonics-jar sha256=c2f0d4dc00aaff16fa5ea3158d60259b1e309fdd94d9b0ee7917cf40ef86ae4e
[03Aug2026 00:56:13.867] [Render thread/INFO] [Photonics/]: Photonics shader source: path=/photonics/rendering/temporal_upscaler/reconstruct.fsh origin=photonics-jar sha256=5f4672f113effcdd3fc566de115115ba9b120c0292168fb24f5ac694686af0ea
[03Aug2026 00:56:13.868] [Render thread/INFO] [Photonics/]: Photonics shader source: path=/photonics/rendering/temporal_upscaler/source.fsh origin=photonics-jar sha256=8452f58367794db090aa07b8fe09980cc8ada54101adfb2f043c0876dc166592
[03Aug2026 00:56:13.868] [Render thread/INFO] [Photonics/]: Photonics shader source: path=/photonics/samplers.glsl origin=photonics-jar sha256=92ab8e43e03080a8dcdf9fae93be071cf07a1732f3d2814681bf5856d7d84785
[03Aug2026 00:56:13.868] [Render thread/INFO] [Photonics/]: Photonics shader source: path=/photonics/shader_interface.glsl origin=shader-pack sha256=58fc0a1dafa8d21379effac55bbe6a2c8a21cca6d3c7fc947ea5aff3c9b19f1f
[03Aug2026 00:56:13.875] [Render thread/INFO] [Photonics/]: Photonics shader source: path=/photonics/tracing.glsl origin=photonics-jar sha256=b18790b56c7bfa064f2df762e5f49425edd53531bb68260d45574549050287a0
[03Aug2026 00:56:13.875] [Render thread/INFO] [Photonics/]: Photonics shader source: path=/photonics/uniforms.glsl origin=photonics-jar sha256=2b8143c42f481937df514b84c2312f852daec01c5e9dcf63a6868ef56fed8ac2
[03Aug2026 00:56:13.875] [Render thread/INFO] [Photonics/]: Photonics shader source: path=/photonics/utility/color.glsl origin=photonics-jar sha256=b69a29379ac6bbcf54030f57289496c9be6f447fa544a0e08682543648d8011a
[03Aug2026 00:56:13.875] [Render thread/INFO] [Photonics/]: Photonics shader source: path=/photonics/utility/normal_encoding.glsl origin=photonics-jar sha256=a33a1a4d019ee167de12319ff24a64f46b17eeda2c48713f98fced8d69d03583
[03Aug2026 00:56:13.876] [Render thread/INFO] [Photonics/]: Photonics shader source: path=/photonics/utility/projection.glsl origin=photonics-jar sha256=6709e7854fc03d0033fca34f973d598e06fe72eb0ccb45872f0b19e439b46db4
[03Aug2026 00:56:13.876] [Render thread/INFO] [Photonics/]: Photonics shader source: path=/photonics/utility/random.glsl origin=photonics-jar sha256=266b43efe972042f0f11a50b9e823f288ecd33e941cbf1fda51d66a30362081b
[03Aug2026 00:56:14.027] [Render thread/WARN] [Iris/]: Invalid pack option: GTAO
[03Aug2026 00:56:14.027] [Render thread/WARN] [Iris/]: Invalid pack option: GTAO
[03Aug2026 00:56:14.030] [Render thread/WARN] [Iris/]: Unable to resolve shader pack option menu element "WATER_REFRACTION" defined in shaders.properties
[03Aug2026 00:56:14.030] [Render thread/WARN] [Iris/]: Unable to resolve shader pack option menu element "WATER_REFRACTION_INTENSITY" defined in shaders.properties
[03Aug2026 00:56:14.031] [Render thread/WARN] [Iris/]: Unable to resolve shader pack option menu element "CLOUDS_DAILY_WEATHER" defined in shaders.properties
[03Aug2026 00:56:14.031] [Render thread/WARN] [Iris/]: Unable to resolve shader pack option menu element "CLOUDS_CUMULUS_CONGESTUS_PRIMARY_STEPS_H" defined in shaders.properties
[03Aug2026 00:56:14.031] [Render thread/WARN] [Iris/]: Unable to resolve shader pack option menu element "CLOUDS_CUMULUS_CONGESTUS_PRIMARY_STEPS_Z" defined in shaders.properties
[03Aug2026 00:56:14.031] [Render thread/INFO] [Iris/]: Profile: ultra (+9 options changed by user)
[03Aug2026 00:56:14.515] [Worker-Main-1/WARN] [net.minecraft.client.resources.model.ModelManager/]: Missing textures in model create:cut_limestone_slab#type=double,waterlogged=true:
    minecraft:textures/atlas/blocks.png:minecraft:block/cut_limestone
[03Aug2026 00:56:14.744] [Render thread/WARN] [Iris/]: Failed to parse an ResourceLocation in item.properties for the key item.10056: state properties are currently not supported: calibrated_sculk_sensor:sculk_sensor_phase=inactive
[03Aug2026 00:56:14.745] [Render thread/WARN] [Iris/]: Failed to parse an ResourceLocation in item.properties for the key item.10056: state properties are currently not supported: calibrated_sculk_sensor:sculk_sensor_phase=cooldown
[03Aug2026 00:56:14.745] [Render thread/WARN] [Iris/]: Failed to parse an ResourceLocation in item.properties for the key item.10057: state properties are currently not supported: calibrated_sculk_sensor:sculk_sensor_phase=active
[03Aug2026 00:56:14.745] [Render thread/WARN] [Iris/]: Failed to parse an ResourceLocation in item.properties for the key item.10057: state properties are currently not supported: sculk_sensor:sculk_sensor_phase=active
[03Aug2026 00:56:14.745] [Render thread/WARN] [Iris/]: Failed to parse an ResourceLocation in item.properties for the key item.10061: state properties are currently not supported: weathered_copper_bulb:lit=true
[03Aug2026 00:56:14.745] [Render thread/WARN] [Iris/]: Failed to parse an ResourceLocation in item.properties for the key item.10061: state properties are currently not supported: oxidized_copper_bulb:lit=true
[03Aug2026 00:56:14.745] [Render thread/WARN] [Iris/]: Failed to parse an ResourceLocation in item.properties for the key item.10061: state properties are currently not supported: waxed_weathered_copper_bulb:lit=true
[03Aug2026 00:56:14.745] [Render thread/WARN] [Iris/]: Failed to parse an ResourceLocation in item.properties for the key item.10061: state properties are currently not supported: waxed_oxidized_copper_bulb:lit=true
[03Aug2026 00:56:14.745] [Render thread/WARN] [Iris/]: Failed to parse an ResourceLocation in item.properties for the key item.10061: state properties are currently not supported: copper_bulb:lit=true
[03Aug2026 00:56:14.745] [Render thread/WARN] [Iris/]: Failed to parse an ResourceLocation in item.properties for the key item.10061: state properties are currently not supported: exposed_copper_bulb:lit=true
[03Aug2026 00:56:14.745] [Render thread/WARN] [Iris/]: Failed to parse an ResourceLocation in item.properties for the key item.10061: state properties are currently not supported: waxed_copper_bulb:lit=true
[03Aug2026 00:56:14.745] [Render thread/WARN] [Iris/]: Failed to parse an ResourceLocation in item.properties for the key item.10061: state properties are currently not supported: waxed_exposed_copper_bulb:lit=true
[03Aug2026 00:56:14.767] [Render thread/INFO] [Iris/]: Using shaderpack: photon-main (1).zip
[03Aug2026 00:56:14.785] [Render thread/INFO] [Veil/]: Loaded 0 shader redirects, 0 replacements
[03Aug2026 00:56:14.792] [Render thread/INFO] [top.leonx.irisveil.IrisVeilCompat/]: [VeilHook] Captured vertex source for 'veil:necromancer/skinned_mesh': 5049 chars, hasGetVelocity=false, hasOffset=false
[03Aug2026 00:56:14.842] [Render thread/INFO] [top.leonx.irisveil.IrisVeilCompat/]: [VeilHook] Captured fragment source for 'veil:necromancer/skinned_mesh': 2073 chars
[03Aug2026 00:56:14.852] [Render thread/INFO] [top.leonx.irisveil.IrisVeilCompat/]: [VeilHook] Captured vertex source for 'veil:blit_screen': 542 chars, hasGetVelocity=false, hasOffset=false
[03Aug2026 00:56:14.852] [Render thread/INFO] [top.leonx.irisveil.IrisVeilCompat/]: [VeilHook] Captured fragment source for 'veil:blit_depth': 532 chars
[03Aug2026 00:56:14.852] [Render thread/INFO] [top.leonx.irisveil.IrisVeilCompat/]: [VeilHook] Captured vertex source for 'veil:blit_screen': 542 chars, hasGetVelocity=false, hasOffset=false
[03Aug2026 00:56:14.852] [Render thread/INFO] [top.leonx.irisveil.IrisVeilCompat/]: [VeilHook] Captured fragment source for 'veil:blit_screen': 495 chars
[03Aug2026 00:56:14.854] [Render thread/INFO] [top.leonx.irisveil.IrisVeilCompat/]: [VeilHook] Captured vertex source for 'veil:core/blit_screen_effect': 600 chars, hasGetVelocity=false, hasOffset=false
[03Aug2026 00:56:14.854] [Render thread/INFO] [top.leonx.irisveil.IrisVeilCompat/]: [VeilHook] Captured fragment source for 'veil:core/blit_screen_effect': 543 chars
[03Aug2026 00:56:14.855] [Render thread/INFO] [top.leonx.irisveil.IrisVeilCompat/]: [VeilHook] Captured vertex source for 'veil:light/area': 1702 chars, hasGetVelocity=false, hasOffset=false
[03Aug2026 00:56:14.855] [Render thread/INFO] [top.leonx.irisveil.IrisVeilCompat/]: [VeilHook] Captured fragment source for 'veil:light/area': 14129 chars
[03Aug2026 00:56:14.865] [Render thread/INFO] [top.leonx.irisveil.IrisVeilCompat/]: [VeilHook] Captured vertex source for 'veil:blit_screen': 542 chars, hasGetVelocity=false, hasOffset=false
[03Aug2026 00:56:14.865] [Render thread/INFO] [top.leonx.irisveil.IrisVeilCompat/]: [VeilHook] Captured fragment source for 'veil:debug/cubemap': 1758 chars
[03Aug2026 00:56:14.865] [Render thread/INFO] [top.leonx.irisveil.IrisVeilCompat/]: [VeilHook] Captured vertex source for 'simulated:end_sea': 1126 chars, hasGetVelocity=false, hasOffset=false
[03Aug2026 00:56:14.866] [Render thread/INFO] [top.leonx.irisveil.IrisVeilCompat/]: [VeilHook] Captured fragment source for 'simulated:end_sea': 1278 chars
[03Aug2026 00:56:14.868] [Render thread/INFO] [top.leonx.irisveil.IrisVeilCompat/]: [VeilHook] Captured vertex source for 'simulated:rope/rope': 4214 chars, hasGetVelocity=false, hasOffset=false
[03Aug2026 00:56:14.868] [Render thread/INFO] [top.leonx.irisveil.IrisVeilCompat/]: [VeilHook] Captured fragment source for 'simulated:rope/rope': 1948 chars
[03Aug2026 00:56:14.868] [Render thread/INFO] [top.leonx.irisveil.IrisVeilCompat/]: [VeilHook] Captured vertex source for 'veil:quasar/particle_additive': 1985 chars, hasGetVelocity=false, hasOffset=false
[03Aug2026 00:56:14.868] [Render thread/INFO] [top.leonx.irisveil.IrisVeilCompat/]: [VeilHook] Captured fragment source for 'veil:quasar/particle_additive': 1874 chars
[03Aug2026 00:56:14.868] [Render thread/INFO] [top.leonx.irisveil.IrisVeilCompat/]: [VeilHook] Captured vertex source for 'simulated:redstone_accumulator/diode': 4070 chars, hasGetVelocity=false, hasOffset=false
[03Aug2026 00:56:14.869] [Render thread/INFO] [top.leonx.irisveil.IrisVeilCompat/]: [VeilHook] Captured fragment source for 'simulated:redstone_accumulator/diode': 3788 chars
[03Aug2026 00:56:14.869] [Render thread/INFO] [top.leonx.irisveil.IrisVeilCompat/]: [VeilHook] Captured vertex source for 'contraptionlights:light/sublevel_point': 1053 chars, hasGetVelocity=false, hasOffset=false
[03Aug2026 00:56:14.869] [Render thread/INFO] [top.leonx.irisveil.IrisVeilCompat/]: [VeilHook] Captured fragment source for 'contraptionlights:light/sublevel_point': 15829 chars
[03Aug2026 00:56:14.877] [Render thread/INFO] [top.leonx.irisveil.IrisVeilCompat/]: [VeilHook] Captured vertex source for 'veil:debug/shell': 629 chars, hasGetVelocity=false, hasOffset=false
[03Aug2026 00:56:14.877] [Render thread/INFO] [top.leonx.irisveil.IrisVeilCompat/]: [VeilHook] Captured fragment source for 'veil:debug/shell': 605 chars
[03Aug2026 00:56:14.877] [Render thread/INFO] [top.leonx.irisveil.IrisVeilCompat/]: [VeilHook] Captured vertex source for 'veil:blit_screen': 542 chars, hasGetVelocity=false, hasOffset=false
[03Aug2026 00:56:14.877] [Render thread/INFO] [top.leonx.irisveil.IrisVeilCompat/]: [VeilHook] Captured fragment source for 'veil:light/directional': 9063 chars
[03Aug2026 00:56:14.880] [Render thread/INFO] [top.leonx.irisveil.IrisVeilCompat/]: [VeilHook] Captured vertex source for 'veil:quasar/particle': 1985 chars, hasGetVelocity=false, hasOffset=false
[03Aug2026 00:56:14.880] [Render thread/INFO] [top.leonx.irisveil.IrisVeilCompat/]: [VeilHook] Captured fragment source for 'veil:quasar/particle': 1898 chars
[03Aug2026 00:56:14.880] [Render thread/INFO] [top.leonx.irisveil.IrisVeilCompat/]: [VeilHook] Captured vertex source for 'contraptionlights:light/world_light': 1053 chars, hasGetVelocity=false, hasOffset=false
[03Aug2026 00:56:14.880] [Render thread/INFO] [top.leonx.irisveil.IrisVeilCompat/]: [VeilHook] Captured fragment source for 'contraptionlights:light/world_light': 14743 chars
[03Aug2026 00:56:14.887] [Render thread/INFO] [top.leonx.irisveil.IrisVeilCompat/]: [VeilHook] Captured vertex source for 'aeronautics:levitite/levitite': 5585 chars, hasGetVelocity=true, hasOffset=true
[03Aug2026 00:56:14.888] [Render thread/INFO] [top.leonx.irisveil.IrisVeilCompat/]: [VeilHook] Captured fragment source for 'aeronautics:levitite/levitite': 3656 chars
[03Aug2026 00:56:14.888] [Render thread/INFO] [top.leonx.irisveil.IrisVeilCompat/]: [VeilHook] Captured vertex source for 'simulated:spring/spring': 4196 chars, hasGetVelocity=false, hasOffset=false
[03Aug2026 00:56:14.888] [Render thread/INFO] [top.leonx.irisveil.IrisVeilCompat/]: [VeilHook] Captured fragment source for 'simulated:spring/spring': 1972 chars
[03Aug2026 00:56:14.889] [Render thread/INFO] [top.leonx.irisveil.IrisVeilCompat/]: [VeilHook] Captured vertex source for 'veil:blit_screen': 542 chars, hasGetVelocity=false, hasOffset=false
[03Aug2026 00:56:14.889] [Render thread/INFO] [top.leonx.irisveil.IrisVeilCompat/]: [VeilHook] Captured fragment source for 'veil:core/composite': 783 chars
[03Aug2026 00:56:14.889] [Render thread/INFO] [top.leonx.irisveil.IrisVeilCompat/]: [VeilHook] Captured vertex source for 'aeronautics:hot_air_overlay': 1167 chars, hasGetVelocity=false, hasOffset=false
[03Aug2026 00:56:14.889] [Render thread/INFO] [top.leonx.irisveil.IrisVeilCompat/]: [VeilHook] Captured fragment source for 'aeronautics:hot_air_overlay': 907 chars
[03Aug2026 00:56:14.889] [Render thread/INFO] [top.leonx.irisveil.IrisVeilCompat/]: [VeilHook] Captured vertex source for 'aeronautics:burner_flame': 1770 chars, hasGetVelocity=false, hasOffset=false
[03Aug2026 00:56:14.889] [Render thread/INFO] [top.leonx.irisveil.IrisVeilCompat/]: [VeilHook] Captured fragment source for 'aeronautics:burner_flame': 5298 chars
[03Aug2026 00:56:14.889] [Render thread/INFO] [top.leonx.irisveil.IrisVeilCompat/]: [VeilHook] Captured vertex source for 'veil:blit_screen': 542 chars, hasGetVelocity=false, hasOffset=false
[03Aug2026 00:56:14.890] [Render thread/INFO] [top.leonx.irisveil.IrisVeilCompat/]: [VeilHook] Captured fragment source for 'veil:core/blur': 937 chars
[03Aug2026 00:56:14.890] [Render thread/INFO] [top.leonx.irisveil.IrisVeilCompat/]: [VeilHook] Captured vertex source for 'veil:blit_screen': 542 chars, hasGetVelocity=false, hasOffset=false
[03Aug2026 00:56:14.890] [Render thread/INFO] [top.leonx.irisveil.IrisVeilCompat/]: [VeilHook] Captured fragment source for 'veil:core/bloom': 2631 chars
[03Aug2026 00:56:14.890] [Render thread/INFO] [top.leonx.irisveil.IrisVeilCompat/]: [VeilHook] Captured vertex source for 'veil:blit_screen': 542 chars, hasGetVelocity=false, hasOffset=false
[03Aug2026 00:56:14.890] [Render thread/INFO] [top.leonx.irisveil.IrisVeilCompat/]: [VeilHook] Captured fragment source for 'aeronautics:soft_light': 1108 chars
[03Aug2026 00:56:14.890] [Render thread/INFO] [top.leonx.irisveil.IrisVeilCompat/]: [VeilHook] Captured vertex source for 'veil:blit_screen': 542 chars, hasGetVelocity=false, hasOffset=false
[03Aug2026 00:56:14.890] [Render thread/INFO] [top.leonx.irisveil.IrisVeilCompat/]: [VeilHook] Captured fragment source for 'veil:debug/array': 539 chars
[03Aug2026 00:56:14.890] [Render thread/INFO] [top.leonx.irisveil.IrisVeilCompat/]: [VeilHook] Captured vertex source for 'veil:blit_screen': 542 chars, hasGetVelocity=false, hasOffset=false
[03Aug2026 00:56:14.890] [Render thread/INFO] [top.leonx.irisveil.IrisVeilCompat/]: [VeilHook] Captured fragment source for 'veil:core/unblur': 1318 chars
[03Aug2026 00:56:14.890] [Render thread/INFO] [top.leonx.irisveil.IrisVeilCompat/]: [VeilHook] Captured vertex source for 'veil:light/point': 1135 chars, hasGetVelocity=false, hasOffset=false
[03Aug2026 00:56:14.891] [Render thread/INFO] [top.leonx.irisveil.IrisVeilCompat/]: [VeilHook] Captured fragment source for 'veil:light/point': 13058 chars
[03Aug2026 00:56:14.896] [Render thread/INFO] [top.leonx.irisveil.IrisVeilCompat/]: [VeilHook] Captured vertex source for 'simulated:laser_pointer/lens': 4016 chars, hasGetVelocity=false, hasOffset=false
[03Aug2026 00:56:14.896] [Render thread/INFO] [top.leonx.irisveil.IrisVeilCompat/]: [VeilHook] Captured fragment source for 'simulated:laser_pointer/lens': 4048 chars
[03Aug2026 00:56:14.896] [Render thread/INFO] [top.leonx.irisveil.IrisVeilCompat/]: [VeilHook] Captured vertex source for 'simulated:laser/laser': 774 chars, hasGetVelocity=false, hasOffset=false
[03Aug2026 00:56:14.896] [Render thread/INFO] [top.leonx.irisveil.IrisVeilCompat/]: [VeilHook] Captured fragment source for 'simulated:laser/laser': 1878 chars
[03Aug2026 00:56:14.896] [Render thread/INFO] [top.leonx.irisveil.IrisVeilCompat/]: [VeilHook] Captured vertex source for 'simulated:contraption_diagram/outline_diagram': 610 chars, hasGetVelocity=false, hasOffset=false
[03Aug2026 00:56:14.896] [Render thread/INFO] [top.leonx.irisveil.IrisVeilCompat/]: [VeilHook] Captured fragment source for 'simulated:contraption_diagram/outline_diagram': 5629 chars
[03Aug2026 00:56:14.897] [Render thread/INFO] [top.leonx.irisveil.IrisVeilCompat/]: [VeilHook] Captured vertex source for 'veil:blit_screen': 542 chars, hasGetVelocity=false, hasOffset=false
[03Aug2026 00:56:14.897] [Render thread/INFO] [top.leonx.irisveil.IrisVeilCompat/]: [VeilHook] Captured fragment source for 'simulated:spread_end_sea': 2427 chars
[03Aug2026 00:56:14.900] [Render thread/INFO] [Veil/]: Loaded 31 shaders from: pinwheel/shaders/program
[03Aug2026 00:56:14.981] [Worker-Main-4/INFO] [PonderIndex/]: Registering Ponder Scenes took 60.96 ms
[03Aug2026 00:56:14.984] [Worker-Main-4/INFO] [PonderIndex/]: Registering Ponder Tags took 2.556 ms
[03Aug2026 00:56:15.078] [Render thread/INFO] [Photonics/]: Photonics ReSTIR GI v70: forcing PHOTONICS_RESTIR_COMBINED_GI on for the geometry-guided spatial-reuse test (configured=true)
[03Aug2026 00:56:15.078] [Render thread/INFO] [Photonics/]: Photonics performance overrides: renderScale=0.75, giRenderScale=0.5, temporalUpscaler=shader-pack, temporalUpscalerSourceScale=shader-pack, temporalUpscalerHistoryFrames=shader-pack, restirInitialSamples=32, restirDenoiserPasses=5, restirGiDenoiserPasses=3 (shader-pack means no JVM override)
[03Aug2026 00:56:15.135] [Render thread/WARN] [Iris/]: Invalid pack option: GTAO
[03Aug2026 00:56:15.135] [Render thread/WARN] [Iris/]: Invalid pack option: GTAO
[03Aug2026 00:56:15.136] [Render thread/WARN] [Iris/]: Unable to resolve shader pack option menu element "WATER_REFRACTION" defined in shaders.properties
[03Aug2026 00:56:15.136] [Render thread/WARN] [Iris/]: Unable to resolve shader pack option menu element "WATER_REFRACTION_INTENSITY" defined in shaders.properties
[03Aug2026 00:56:15.136] [Render thread/WARN] [Iris/]: Unable to resolve shader pack option menu element "CLOUDS_DAILY_WEATHER" defined in shaders.properties
[03Aug2026 00:56:15.136] [Render thread/WARN] [Iris/]: Unable to resolve shader pack option menu element "CLOUDS_CUMULUS_CONGESTUS_PRIMARY_STEPS_H" defined in shaders.properties
[03Aug2026 00:56:15.136] [Render thread/WARN] [Iris/]: Unable to resolve shader pack option menu element "CLOUDS_CUMULUS_CONGESTUS_PRIMARY_STEPS_Z" defined in shaders.properties
[03Aug2026 00:56:15.136] [Render thread/INFO] [Iris/]: Profile: ultra (+9 options changed by user)
[03Aug2026 00:56:15.536] [Render thread/WARN] [Iris/]: Failed to parse an ResourceLocation in item.properties for the key item.10056: state properties are currently not supported: calibrated_sculk_sensor:sculk_sensor_phase=inactive
[03Aug2026 00:56:15.536] [Render thread/WARN] [Iris/]: Failed to parse an ResourceLocation in item.properties for the key item.10056: state properties are currently not supported: calibrated_sculk_sensor:sculk_sensor_phase=cooldown
[03Aug2026 00:56:15.536] [Render thread/WARN] [Iris/]: Failed to parse an ResourceLocation in item.properties for the key item.10057: state properties are currently not supported: calibrated_sculk_sensor:sculk_sensor_phase=active
[03Aug2026 00:56:15.536] [Render thread/WARN] [Iris/]: Failed to parse an ResourceLocation in item.properties for the key item.10057: state properties are currently not supported: sculk_sensor:sculk_sensor_phase=active
[03Aug2026 00:56:15.536] [Render thread/WARN] [Iris/]: Failed to parse an ResourceLocation in item.properties for the key item.10061: state properties are currently not supported: weathered_copper_bulb:lit=true
[03Aug2026 00:56:15.536] [Render thread/WARN] [Iris/]: Failed to parse an ResourceLocation in item.properties for the key item.10061: state properties are currently not supported: oxidized_copper_bulb:lit=true
[03Aug2026 00:56:15.536] [Render thread/WARN] [Iris/]: Failed to parse an ResourceLocation in item.properties for the key item.10061: state properties are currently not supported: waxed_weathered_copper_bulb:lit=true
[03Aug2026 00:56:15.536] [Render thread/WARN] [Iris/]: Failed to parse an ResourceLocation in item.properties for the key item.10061: state properties are currently not supported: waxed_oxidized_copper_bulb:lit=true
[03Aug2026 00:56:15.536] [Render thread/WARN] [Iris/]: Failed to parse an ResourceLocation in item.properties for the key item.10061: state properties are currently not supported: copper_bulb:lit=true
[03Aug2026 00:56:15.536] [Render thread/WARN] [Iris/]: Failed to parse an ResourceLocation in item.properties for the key item.10061: state properties are currently not supported: exposed_copper_bulb:lit=true
[03Aug2026 00:56:15.536] [Render thread/WARN] [Iris/]: Failed to parse an ResourceLocation in item.properties for the key item.10061: state properties are currently not supported: waxed_copper_bulb:lit=true
[03Aug2026 00:56:15.536] [Render thread/WARN] [Iris/]: Failed to parse an ResourceLocation in item.properties for the key item.10061: state properties are currently not supported: waxed_exposed_copper_bulb:lit=true
[03Aug2026 00:56:15.545] [Render thread/INFO] [Iris/]: Using shaderpack: photon-main (1).zip
[03Aug2026 00:56:15.547] [Render thread/WARN] [net.minecraft.client.sounds.SoundEngine/]: Missing sound for event: minecraft:item.goat_horn.play
[03Aug2026 00:56:15.547] [Render thread/WARN] [net.minecraft.client.sounds.SoundEngine/]: Missing sound for event: minecraft:entity.goat.screaming.horn_break
[03Aug2026 00:56:15.572] [Render thread/INFO] [com.mojang.blaze3d.audio.Library/]: OpenAL initialized on device Navi 31 HDMI/DP Audio Digital Stereo (HDMI 2)
[03Aug2026 00:56:15.572] [Render thread/INFO] [net.minecraft.client.sounds.SoundEngine/SOUNDS]: Sound engine started
[03Aug2026 00:56:15.633] [Render thread/INFO] [net.minecraft.client.renderer.texture.TextureAtlas/]: Created: 2048x2048x4 minecraft:textures/atlas/blocks.png-atlas
[03Aug2026 00:56:15.674] [Render thread/INFO] [net.minecraft.client.renderer.texture.TextureAtlas/]: Created: 256x256x4 minecraft:textures/atlas/signs.png-atlas
[03Aug2026 00:56:15.675] [Render thread/INFO] [net.minecraft.client.renderer.texture.TextureAtlas/]: Created: 512x512x4 minecraft:textures/atlas/shield_patterns.png-atlas
[03Aug2026 00:56:15.676] [Render thread/INFO] [net.minecraft.client.renderer.texture.TextureAtlas/]: Created: 512x512x4 minecraft:textures/atlas/banner_patterns.png-atlas
[03Aug2026 00:56:15.677] [Render thread/INFO] [net.minecraft.client.renderer.texture.TextureAtlas/]: Created: 2048x1024x4 minecraft:textures/atlas/armor_trims.png-atlas
[03Aug2026 00:56:15.686] [Render thread/INFO] [net.minecraft.client.renderer.texture.TextureAtlas/]: Created: 128x64x4 minecraft:textures/atlas/decorated_pot.png-atlas
[03Aug2026 00:56:15.686] [Render thread/INFO] [net.minecraft.client.renderer.texture.TextureAtlas/]: Created: 256x256x4 minecraft:textures/atlas/chest.png-atlas
[03Aug2026 00:56:15.687] [Render thread/INFO] [net.minecraft.client.renderer.texture.TextureAtlas/]: Created: 512x256x4 minecraft:textures/atlas/beds.png-atlas
[03Aug2026 00:56:15.687] [Render thread/INFO] [net.minecraft.client.renderer.texture.TextureAtlas/]: Created: 512x256x4 minecraft:textures/atlas/shulker_boxes.png-atlas
[03Aug2026 00:56:15.732] [Render thread/INFO] [net.minecraft.client.renderer.texture.TextureAtlas/]: Created: 512x512x0 minecraft:textures/atlas/particles.png-atlas
[03Aug2026 00:56:15.734] [Render thread/INFO] [net.minecraft.client.renderer.texture.TextureAtlas/]: Created: 512x256x0 minecraft:textures/atlas/paintings.png-atlas
[03Aug2026 00:56:15.734] [Render thread/INFO] [net.minecraft.client.renderer.texture.TextureAtlas/]: Created: 256x128x0 minecraft:textures/atlas/mob_effects.png-atlas
[03Aug2026 00:56:15.735] [Render thread/INFO] [net.minecraft.client.renderer.texture.TextureAtlas/]: Created: 64x64x0 minecraft:textures/atlas/map_decorations.png-atlas
[03Aug2026 00:56:15.735] [Render thread/INFO] [net.minecraft.client.renderer.texture.TextureAtlas/]: Created: 1024x1024x0 minecraft:textures/atlas/gui.png-atlas
[03Aug2026 00:56:15.753] [Render thread/WARN] [net.minecraft.client.renderer.ShaderInstance/]: Shader rendertype_entity_translucent_emissive could not find sampler named Sampler2 in the specified shader program.
[03Aug2026 00:56:15.806] [Render thread/INFO] [xaero.lib.XaeroLib/]: Successfully reloaded the XaeroLib shaders!
[03Aug2026 00:56:15.807] [Render thread/INFO] [net.neoforged.neoforge.client.entity.animation.json.AnimationLoader/]: Loaded 0 entity animations
[03Aug2026 00:56:15.807] [Render thread/INFO] [Veil/]: Loaded 3 framebuffers
[03Aug2026 00:56:15.813] [Render thread/INFO] [Veil/]: Loaded 6 post pipelines
[03Aug2026 00:56:15.815] [Render thread/INFO] [Veil/]: Loaded 6 render types
[03Aug2026 00:56:15.815] [Render thread/INFO] [Veil/]: Enabled bloom pipeline
[03Aug2026 00:56:15.815] [Render thread/INFO] [Veil/]: Loaded 0 quasar particles
[03Aug2026 00:56:15.815] [Render thread/INFO] [Veil/]: Loaded 0 templates
[03Aug2026 00:56:15.816] [Render thread/INFO] [Veil/]: Loaded 0 modules
[03Aug2026 00:56:15.830] [Render thread/INFO] [flywheel/backend/shaders/]: Loaded 79 shader sources in 11.702 ms
[03Aug2026 00:56:15.840] [Render thread/INFO] [com.simibubi.create.Create/]: Loaded 58 train hat configurations.
[03Aug2026 00:56:15.869] [Render thread/INFO] [DistantHorizons-DistantHorizons-com.seibel.distanthorizons.core.jar.updater.SelfUpdater/]: Checking for Distant Horizons [STABLE] update for MC [1.21.1]...
[03Aug2026 00:56:16.145] [Render thread/INFO] [DistantHorizons-DistantHorizons-com.seibel.distanthorizons.core.jar.updater.SelfUpdater/]: Distant Horizons already up to date.
[03Aug2026 00:56:16.154] [Render thread/INFO] [Photonics/]: Loaded ph_lights.json for shader pack 'photon-main (1).zip'
[03Aug2026 00:56:16.158] [Render thread/INFO] [Photonics/]: Photonics light registry contains 231 light definitions for 115 blocks
[03Aug2026 00:56:16.158] [Render thread/INFO] [Photonics/]: Photonics pipeline for 'photon-main (1).zip': enabled=true, mode=RESTIR, blockLight=true, gi=true, blockLightGi=false, handheld=true, shaderPackRenderScale=1.0, renderScale=0.75, giRenderScale=0.5, temporalUpscalerRequested=false, temporalUpscalerSourceScale=0.67, temporalUpscalerActive=false, temporalUpscalerHistoryFrames=8, maxLights=4000, maxSamples=20, restirInitial=32, restirSpatial=0, restirDenoiser=5, restirGiDenoiser=3, restirSoftShadows=false, restirCombinedGi=true
[03Aug2026 00:56:16.391] [Render thread/INFO] [Photonics/]: Photonics feature increment: v65 upstream traversal guard, hand texture-normal evaluation, immature-history edge variance, and variance-guided full SVGF passes; direct-light-v64 proxy ownership retained
[03Aug2026 00:56:16.391] [Render thread/INFO] [Photonics/]: Photonics GI foundation v99: finite full-position indirect reservoirs, corrected primary-ray origin/origin rebasing/explicit sky hits, Jacobian-weighted world-hit temporal reuse for world and Sable receivers, geometric-normal-consistent indirect energy, explicit empty non-world reservoirs, hand temporal isolation, and selected-reservoir visibility validation
[03Aug2026 00:56:16.391] [Render thread/INFO] [Photonics/]: Photonics ReSTIR GI v79: combinedGi=true, splitGi=true, directScale=0.75, giScale=0.5, directDenoiserPasses=5, giDenoiserPasses=3, giPipeline=independent-frag-grid+reservoirs+history+svgf, composition=post-estimator-screen-space
[03Aug2026 00:56:16.391] [Render thread/INFO] [Photonics/]: Photonics split-GI reconstruction v81: receiver-aware four-tap interpolation with unsupported-pixel nearest-compatible fallback
[03Aug2026 00:56:16.392] [Render thread/INFO] [Photonics/]: Photonics GI stability v82: world-hit temporal reservoir reuse enabled for rigidly reprojected Sable receivers; hand history remains isolated
[03Aug2026 00:56:16.392] [Render thread/INFO] [Photonics/]: Photonics direct startup v100: unbiased logarithmic camera-rank strata for large light lists with exact compact-list prefix proposals
[03Aug2026 00:56:16.392] [Render thread/WARN] [Photonics/]: Photonics ReSTIR direct-estimator diagnostic v106 enabled via -Dphotonics.restirSourceHistoryDiagnostic=true and -Dphotonics.restirDirectEstimatorDiagnostic=true; directTemporalReuse=bypassed, directSpatialReuse=bypassed, initialVisibility=deferred-to-r6, panels=top-left-unshadowed-current-luminance/top-right-visible-current-luminance/bottom-left-visibility-ratio/bottom-right-rejected-current-luminance, values=log-packed-rgb16f, handheld-and-exact-local-lighting=omitted
[03Aug2026 00:56:16.392] [Render thread/INFO] [Photonics/]: Photonics ReSTIR GI transport v85+: stochastic tinted-glass traversal and endpoint-first transparent-hit validation
[03Aug2026 00:56:16.392] [Render thread/INFO] [Photonics/]: Photonics stability v86: deterministic thin-cutout GI coverage and bounded palette-heap compiler recovery probes
[03Aug2026 00:56:16.392] [Render thread/INFO] [Photonics/]: Photonics ReSTIR GI validation v88: triState=valid/blocked-current-receiver/stale, blockedHistoryM=preserved-once-with-zero-energy, staleHistoryM=excluded, maxTemporalCandidates=1, maxSpatialCandidates=1, maxTraversalSteps=128
[03Aug2026 00:56:16.392] [Render thread/INFO] [Photonics/]: Photonics feature set: direct-light-v64 expiring Contraption Lights proxy ownership with a conservative nearby unmatched-proxy quarantine, position-matched Sable light alias trail with registry/profile diagnostics and render-thread-owned external merge, full-precision motion-grid Sable receiver visibility and endpoint-safe conservative traversal, dual-space Sable light de-duplication, production composite restored after v57 reservoir diagnostics, corrected indirect hit-normal decoding, full temporal reservoir retention for Sable external lighting, randomized systematic world-light proposals, Sable skylight-transition diagnostics with opt-in getter freeze, post-denoise exact Sable-local direct stream and fail-closed same-domain visibility, camera-relative double-composed Sable reprojection, normal-guided receiver classification, tri-state same-sublevel visibility and conservative supercover voxel traversal, sampling-time receiver-domain partition with exact same-sublevel direct lighting, external-only Sable reservoirs and soft-shadow local-visibility-signature-guided Sable SVGF support, preserved all-zero current proposal batches, elapsed-time moving-light hysteresis and unsnapped render-pose positions, rejected spatial-batch accounting, receiver-domain-complete stable/external history partition and rigid-motion Sable spatial reuse, bounded visibility-rejected reservoirs and representative-scoped external reactivity, split stable/external accumulation histories and stale Sable material recovery, explicit emitter motion-domain identity, motion-domain-stable receiver-relative light-history limits, previous-light position metadata, rotation-correct cross-sublevel motion, guarded ordinary-world all-light and external-only Sable single-neighbor spatial reuse, immutable spatial input, current-receiver visibility validation, bounded spatial history, independent spatial random stream, bounded reservoirs, zero-contribution batch accounting, actual-motion reactive lights, stable-anchor Sable reprojection, surface-plane SVGF, visibility-transition provenance, stable Sable identity, current-visible temporal reuse, Sable plot-section isolation, deterministic diagonal cutouts, generation-aligned adaptive stratified ReSTIR proposals, exposed-face Sable local visibility, duplicate Veil point-light suppression, moving-light and Iris material bridges; finite-segment OOB visibility and tree-origin tracing, masked passes, texture barriers, accumulation, denoising, handheld; Sable-receiver world/cross-sublevel spatial reuse and combined GI compatibility gates active
[03Aug2026 00:56:16.392] [Render thread/INFO] [Photonics/]: Photonics ReSTIR configuration v100: directCandidatesPerPixel=32, directTemporalSampleCap=640, directOutputSampleCap=world-128/sable-temporal-cap, spatialCandidates=0, spatialRadiusPixels=5.0, output=split-direct-and-gi-radiance-plus-exact-sable-local, samplingPolicy=large-list-logarithmic-rank-strata+compact-list-systematic-prefix-tail+distinct-priority-prefix/sable-external-reservoir/exact-all-same-token-lights/fail-closed-tri-state-conservative-local-dda/full-precision-motion-grid-receiver/normal-biased-endpoint/preserved-zero-current-batches, spatialPolicy=receiver-matched-current-frame/external-only-sable/current-rejection-accounting/immutable-input/initial-batch-cap+rejected-fallback-cap+background-finalization, historyPolicy=receiver-domain-complete-split-stable-external/direct-only-full-rigid-local-history/camera-relative-double-compose/normal-guided-receiver/soft-local-signature-reset/visibility-transition-reset/representative-scoped-external-reactivity/explicit-emitter-domain/0.15-block-trail/2-frame-floor, lightListPolicy=position-matched-250ms-alias-trail/250ms-after-loss-minecraft-light-proxy-ownership/125ms+2-frame-unmatched-proxy-quarantine/3-cell-alias-radius/render-thread-owned-merge, motionHoldMs=250, denoiserPolicy=post-denoise-exact-local-hard-shadow+representative-gated-world+soft-local-signature-sable, sableSkyLightDiagnostic=transition-log/optional-freeze-getter, directDenoiserPasses=5, giDenoiserPasses=3, softShadows=false, combinedGi=true, splitGi=true
[03Aug2026 00:56:16.404] [Render thread/INFO] [Photonics/]: Photonics history reset v18: reason=pipeline-created, generation=1, dimension=minecraft:overworld
[03Aug2026 00:56:16.405] [Render thread/INFO] [Iris/]: Creating pipeline for dimension minecraft:overworld
[03Aug2026 00:56:16.901] [Render thread/INFO] [org.anarres.cpp.DefaultPreprocessorListener/]: null:0:0: error: #endif without #if
[03Aug2026 00:56:17.013] [Render thread/INFO] [org.anarres.cpp.DefaultPreprocessorListener/]: null:0:0: error: #endif without #if
[03Aug2026 00:56:17.038] [Render thread/INFO] [org.anarres.cpp.DefaultPreprocessorListener/]: null:0:0: error: #endif without #if
[03Aug2026 00:56:17.169] [Render thread/INFO] [org.anarres.cpp.DefaultPreprocessorListener/]: null:0:0: error: #endif without #if
[03Aug2026 00:56:17.241] [Render thread/INFO] [org.anarres.cpp.DefaultPreprocessorListener/]: null:0:0: error: #endif without #if
[03Aug2026 00:56:17.347] [Render thread/INFO] [org.anarres.cpp.DefaultPreprocessorListener/]: null:0:0: error: #endif without #if
[03Aug2026 00:56:17.430] [Render thread/INFO] [org.anarres.cpp.DefaultPreprocessorListener/]: null:0:0: error: #endif without #if
[03Aug2026 00:56:17.500] [Render thread/INFO] [org.anarres.cpp.DefaultPreprocessorListener/]: null:0:0: error: #endif without #if
[03Aug2026 00:56:17.566] [Render thread/INFO] [org.anarres.cpp.DefaultPreprocessorListener/]: null:0:0: error: #endif without #if
[03Aug2026 00:56:17.632] [Render thread/INFO] [org.anarres.cpp.DefaultPreprocessorListener/]: null:0:0: error: #endif without #if
[03Aug2026 00:56:17.700] [Render thread/INFO] [org.anarres.cpp.DefaultPreprocessorListener/]: null:0:0: error: #endif without #if
[03Aug2026 00:56:17.754] [Render thread/INFO] [org.anarres.cpp.DefaultPreprocessorListener/]: null:0:0: error: #endif without #if
[03Aug2026 00:56:17.799] [Render thread/INFO] [org.anarres.cpp.DefaultPreprocessorListener/]: null:0:0: error: #endif without #if
[03Aug2026 00:56:17.849] [Render thread/INFO] [org.anarres.cpp.DefaultPreprocessorListener/]: null:0:0: error: #endif without #if
[03Aug2026 00:56:17.898] [Render thread/INFO] [org.anarres.cpp.DefaultPreprocessorListener/]: null:0:0: error: #endif without #if
[03Aug2026 00:56:18.216] [Render thread/WARN] [Iris/]: Type is VERTEX
[03Aug2026 00:56:18.217] [Render thread/WARN] [Iris/]: Type is FRAGMENT
[03Aug2026 00:56:18.222] [Render thread/WARN] [Iris/]: Type is VERTEX
[03Aug2026 00:56:18.223] [Render thread/WARN] [Iris/]: Type is FRAGMENT
[03Aug2026 00:56:18.238] [Render thread/WARN] [Iris/]: Type is VERTEX
[03Aug2026 00:56:18.239] [Render thread/WARN] [Iris/]: Type is FRAGMENT
[03Aug2026 00:56:22.736] [Render thread/INFO] [com.simibubi.create.Create/]: Created 157 recipes which will be injected into the game
[03Aug2026 00:56:22.738] [Render thread/INFO] [com.simibubi.create.Create/]: Created 0 tags which will be injected into the game
[03Aug2026 00:56:23.035] [Worker-Main-9/ERROR] [net.minecraft.world.level.storage.loot.LootDataType/]: Couldn't parse element ResourceKey[minecraft:root / minecraft:loot_table]:simurail:blocks/automatic_coupler - Not a valid resource location: simurail:blocks/simurail:automatic_coupler Non [a-z0-9/._-] character in path of location: simurail:blocks/simurail:automatic_coupler
[03Aug2026 00:56:23.326] [Render thread/INFO] [net.minecraft.world.item.crafting.RecipeManager/]: Loaded 2948 recipes
[03Aug2026 00:56:23.413] [Render thread/INFO] [net.minecraft.advancements.AdvancementTree/]: Loaded 2644 advancements
[03Aug2026 00:56:23.873] [Server thread/INFO] [net.minecraft.client.server.IntegratedServer/]: Starting integrated minecraft server version 1.21.1
[03Aug2026 00:56:23.874] [Server thread/INFO] [net.minecraft.server.MinecraftServer/]: Generating keypair
[03Aug2026 00:56:23.937] [Server thread/INFO] [DistantHorizons-DistantHorizons-com.seibel.distanthorizons.core.world.AbstractDhWorld/]: Started DhWorld of type [CLIENT_SERVER].
[03Aug2026 00:56:23.970] [Server thread/INFO] [dev.ryanhcode.sable.Sable/]: Creating physics pipeline for ResourceKey[minecraft:dimension / minecraft:overworld] using RapierPhysicsPipelineProvider
[03Aug2026 00:56:24.308] [Server thread/INFO] [DistantHorizons-DistantHorizons-com.seibel.distanthorizons.core.level.AbstractDhServerLevel/]: Started DhClientServerLevel for [Wrapped{ServerLevel[New World]@minecraft:overworld}] at [[LocalSaveStructure@(/home/krzysztofkalisiak/.local/share/ModrinthApp/profiles/Create Aeronautics (1)/saves/New World (1)/data)]].
[03Aug2026 00:56:24.308] [DH-Full Data Migration Thread[0]/INFO] [DistantHorizons-DistantHorizons-com.seibel.distanthorizons.core.file.fullDatafile.V2.DataMigratorV1/]: No migration necessary.
[03Aug2026 00:56:24.355] [Server thread/INFO] [dev.ryanhcode.sable.Sable/]: Creating physics pipeline for ResourceKey[minecraft:dimension / minecraft:the_nether] using RapierPhysicsPipelineProvider
[03Aug2026 00:56:24.583] [DH-Full Data Migration Thread[0]/INFO] [DistantHorizons-DistantHorizons-com.seibel.distanthorizons.core.file.fullDatafile.V2.DataMigratorV1/]: No migration necessary.
[03Aug2026 00:56:24.587] [Server thread/INFO] [DistantHorizons-DistantHorizons-com.seibel.distanthorizons.core.level.AbstractDhServerLevel/]: Started DhClientServerLevel for [Wrapped{ServerLevel[New World]@minecraft:the_nether}] at [[LocalSaveStructure@(/home/krzysztofkalisiak/.local/share/ModrinthApp/profiles/Create Aeronautics (1)/saves/New World (1)/data;/home/krzysztofkalisiak/.local/share/ModrinthApp/profiles/Create Aeronautics (1)/saves/New World (1)/DIM-1/data)]].
[03Aug2026 00:56:24.587] [Server thread/INFO] [dev.ryanhcode.sable.Sable/]: Creating physics pipeline for ResourceKey[minecraft:dimension / minecraft:the_end] using RapierPhysicsPipelineProvider
[03Aug2026 00:56:24.604] [DH-Full Data Migration Thread[0]/INFO] [DistantHorizons-DistantHorizons-com.seibel.distanthorizons.core.file.fullDatafile.V2.DataMigratorV1/]: No migration necessary.
[03Aug2026 00:56:24.606] [Server thread/INFO] [DistantHorizons-DistantHorizons-com.seibel.distanthorizons.core.level.AbstractDhServerLevel/]: Started DhClientServerLevel for [Wrapped{ServerLevel[New World]@minecraft:the_end}] at [[LocalSaveStructure@(/home/krzysztofkalisiak/.local/share/ModrinthApp/profiles/Create Aeronautics (1)/saves/New World (1)/data;/home/krzysztofkalisiak/.local/share/ModrinthApp/profiles/Create Aeronautics (1)/saves/New World (1)/DIM1/data;/home/krzysztofkalisiak/.local/share/ModrinthApp/profiles/Create Aeronautics (1)/saves/New World (1)/DIM-1/data)]].
[03Aug2026 00:56:24.607] [Server thread/INFO] [net.minecraft.server.MinecraftServer/]: Preparing start region for dimension minecraft:overworld
[03Aug2026 00:56:24.735] [Render thread/INFO] [net.minecraft.server.level.progress.LoggerChunkProgressListener/]: Preparing spawn area: 0%
[03Aug2026 00:56:24.807] [Server thread/INFO] [net.neoforged.neoforge.server.permission.PermissionAPI/]: Successfully initialized permission handler neoforge:default_handler
[03Aug2026 00:56:24.807] [Server thread/INFO] [me.yurtema.searchlights.Searchlights/]: HELLO from server starting
[03Aug2026 00:56:24.822] [Render thread/INFO] [net.minecraft.server.level.progress.LoggerChunkProgressListener/]: Time elapsed: 205 ms
[03Aug2026 00:56:24.835] [DH-Request Module Ticker [minecraft:overworld] Thread[0]/INFO] [DistantHorizons-DistantHorizons-com.seibel.distanthorizons.core.generation.BatchGenerator/]: Batch Chunk Generator initialized
[03Aug2026 00:56:24.837] [DH-Request Module Ticker [minecraft:overworld] Thread[0]/INFO] [DistantHorizons-DistantHorizons-com.seibel.distanthorizons.core.generation.queues.WorldGenerationQueue/]: Creating world gen queue
[03Aug2026 00:56:24.837] [DH-Request Module Ticker [minecraft:overworld] Thread[0]/INFO] [DistantHorizons-DistantHorizons-com.seibel.distanthorizons.core.generation.queues.WorldGenerationQueue/]: Created world gen queue
[03Aug2026 00:56:24.837] [DH-Request Module Ticker [minecraft:overworld] Thread[0]/INFO] [DistantHorizons-DistantHorizons-com.seibel.distanthorizons.core.file.fullDatafile.GeneratedFullDataSourceProvider/]: Set world gen queue for level [minecraft:overworld].
[03Aug2026 00:56:25.029] [Server thread/INFO] [net.minecraft.client.server.IntegratedServer/]: Changing view distance to 9, from 10
[03Aug2026 00:56:25.029] [Server thread/INFO] [net.minecraft.client.server.IntegratedServer/]: Changing simulation distance to 9, from 0
[03Aug2026 00:56:25.104] [DH-Request Module Ticker [minecraft:the_nether] Thread[0]/INFO] [DistantHorizons-DistantHorizons-com.seibel.distanthorizons.core.generation.BatchGenerator/]: Batch Chunk Generator initialized
[03Aug2026 00:56:25.104] [DH-Request Module Ticker [minecraft:the_nether] Thread[0]/INFO] [DistantHorizons-DistantHorizons-com.seibel.distanthorizons.core.generation.queues.WorldGenerationQueue/]: Creating world gen queue
[03Aug2026 00:56:25.104] [DH-Request Module Ticker [minecraft:the_nether] Thread[0]/INFO] [DistantHorizons-DistantHorizons-com.seibel.distanthorizons.core.generation.queues.WorldGenerationQueue/]: Created world gen queue
[03Aug2026 00:56:25.104] [DH-Request Module Ticker [minecraft:the_nether] Thread[0]/INFO] [DistantHorizons-DistantHorizons-com.seibel.distanthorizons.core.file.fullDatafile.GeneratedFullDataSourceProvider/]: Set world gen queue for level [minecraft:the_nether].
[03Aug2026 00:56:25.124] [DH-Request Module Ticker [minecraft:the_end] Thread[0]/INFO] [DistantHorizons-DistantHorizons-com.seibel.distanthorizons.core.generation.BatchGenerator/]: Batch Chunk Generator initialized
[03Aug2026 00:56:25.124] [DH-Request Module Ticker [minecraft:the_end] Thread[0]/INFO] [DistantHorizons-DistantHorizons-com.seibel.distanthorizons.core.generation.queues.WorldGenerationQueue/]: Creating world gen queue
[03Aug2026 00:56:25.124] [DH-Request Module Ticker [minecraft:the_end] Thread[0]/INFO] [DistantHorizons-DistantHorizons-com.seibel.distanthorizons.core.generation.queues.WorldGenerationQueue/]: Created world gen queue
[03Aug2026 00:56:25.124] [DH-Request Module Ticker [minecraft:the_end] Thread[0]/INFO] [DistantHorizons-DistantHorizons-com.seibel.distanthorizons.core.file.fullDatafile.GeneratedFullDataSourceProvider/]: Set world gen queue for level [minecraft:the_end].
[03Aug2026 00:56:25.136] [Render thread/INFO] [dev.ryanhcode.sable.Sable/]: Adding local UDP server channel future
[03Aug2026 00:56:25.139] [Render thread/WARN] [io.netty.bootstrap.Bootstrap/]: Unknown channel option 'SO_BROADCAST' for channel '[id: 0xc3696ff6]'
[03Aug2026 00:56:25.143] [Netty Server IO #1/INFO] [dev.ryanhcode.sable.Sable/]: Server UDP channel active
[03Aug2026 00:56:25.156] [Render thread/INFO] [dev.ryanhcode.sable.Sable/]: Starting local client UDP channel future
[03Aug2026 00:56:25.158] [Netty Local Client IO #1/INFO] [dev.ryanhcode.sable.Sable/]: Client UDP channel active
[03Aug2026 00:56:25.470] [Server thread/INFO] [net.minecraft.server.players.PlayerList/]: Eutio[local:E:08071e82] logged in with entity id 30 at (79.22589704389236, 108.41933252959092, 169.8889556004101)
[03Aug2026 00:56:25.474] [Server thread/INFO] [dev.ryanhcode.sable.Sable/]: Beginning attempted authentication with player Eutio
[03Aug2026 00:56:25.503] [Render thread/INFO] [xaero.hud.minimap.MinimapLogs/]: Minimap required item set to nothing.
[03Aug2026 00:56:25.503] [Render thread/INFO] [xaero.hud.minimap.MinimapLogs/]: New Xaero hud session initialized!
[03Aug2026 00:56:25.503] [Server thread/INFO] [net.minecraft.server.MinecraftServer/]: Eutio joined the game
[03Aug2026 00:56:25.551] [Server thread/INFO] [DistantHorizons-DistantHorizons-com.seibel.distanthorizons.core.api.internal.ServerApi/]: Player [Eutio] joined.
[03Aug2026 00:56:25.577] [Render thread/INFO] [Iris/]: Reloading pipeline on dimension change: minecraft:overworld => minecraft:overworld
[03Aug2026 00:56:25.577] [Render thread/INFO] [Photonics/]: Photonics history reset v72: reason=pipeline-destroyed, generation=1
[03Aug2026 00:56:25.586] [Render thread/INFO] [Photonics/]: Photonics chunk compiler v72 stopped: pendingSections=0, memory=jvmHeap={usedBytes=1883183152, committedBytes=2470445056, maxBytes=8589934592}, jvmGc={collections=68, timeMs=398}, worldHeap=GpuBufferHeapStats[capacityBytes=536870912, reservedBytes=12, liveBytes=12, peakLiveBytes=12, reusableBytes=0, allocations=1, reusedAllocations=0, frees=0, failedAllocations=0], paletteHeap=GpuBufferHeapStats[capacityBytes=201326592, reservedBytes=0, liveBytes=0, peakLiveBytes=0, reusableBytes=0, allocations=0, reusedAllocations=0, frees=0, failedAllocations=0], registries={lights=Stats[cachedObjects=0, pendingFreeObjects=0, allocatedObjects=0, failedAllocations=0], palettes=Stats[cachedObjects=0, pendingFreeObjects=0, allocatedObjects=0, failedAllocations=0], blocks=Stats[cachedObjects=0, pendingFreeObjects=0, allocatedObjects=0, failedAllocations=0], models=Stats[cachedObjects=0, pendingFreeObjects=0, allocatedObjects=0, failedAllocations=0]}
[03Aug2026 00:56:25.587] [Render thread/INFO] [Photonics/]: Photonics light registry contains 127 light definitions for 98 blocks
[03Aug2026 00:56:25.588] [Render thread/INFO] [Iris/]: Destroying pipeline minecraft:overworld
[03Aug2026 00:56:25.594] [Render thread/INFO] [Photonics/]: Loaded ph_lights.json for shader pack 'photon-main (1).zip'
[03Aug2026 00:56:25.597] [Render thread/INFO] [Photonics/]: Photonics light registry contains 231 light definitions for 115 blocks
[03Aug2026 00:56:25.597] [Render thread/INFO] [Photonics/]: Photonics pipeline for 'photon-main (1).zip': enabled=true, mode=RESTIR, blockLight=true, gi=true, blockLightGi=false, handheld=true, shaderPackRenderScale=1.0, renderScale=0.75, giRenderScale=0.5, temporalUpscalerRequested=false, temporalUpscalerSourceScale=0.67, temporalUpscalerActive=false, temporalUpscalerHistoryFrames=8, maxLights=4000, maxSamples=20, restirInitial=32, restirSpatial=0, restirDenoiser=5, restirGiDenoiser=3, restirSoftShadows=false, restirCombinedGi=true
[03Aug2026 00:56:25.826] [Render thread/INFO] [Photonics/]: Photonics feature increment: v65 upstream traversal guard, hand texture-normal evaluation, immature-history edge variance, and variance-guided full SVGF passes; direct-light-v64 proxy ownership retained
[03Aug2026 00:56:25.826] [Render thread/INFO] [Photonics/]: Photonics GI foundation v99: finite full-position indirect reservoirs, corrected primary-ray origin/origin rebasing/explicit sky hits, Jacobian-weighted world-hit temporal reuse for world and Sable receivers, geometric-normal-consistent indirect energy, explicit empty non-world reservoirs, hand temporal isolation, and selected-reservoir visibility validation
[03Aug2026 00:56:25.826] [Render thread/INFO] [Photonics/]: Photonics ReSTIR GI v79: combinedGi=true, splitGi=true, directScale=0.75, giScale=0.5, directDenoiserPasses=5, giDenoiserPasses=3, giPipeline=independent-frag-grid+reservoirs+history+svgf, composition=post-estimator-screen-space
[03Aug2026 00:56:25.826] [Render thread/INFO] [Photonics/]: Photonics split-GI reconstruction v81: receiver-aware four-tap interpolation with unsupported-pixel nearest-compatible fallback
[03Aug2026 00:56:25.826] [Render thread/INFO] [Photonics/]: Photonics GI stability v82: world-hit temporal reservoir reuse enabled for rigidly reprojected Sable receivers; hand history remains isolated
[03Aug2026 00:56:25.826] [Render thread/INFO] [Photonics/]: Photonics direct startup v100: unbiased logarithmic camera-rank strata for large light lists with exact compact-list prefix proposals
[03Aug2026 00:56:25.826] [Render thread/WARN] [Photonics/]: Photonics ReSTIR direct-estimator diagnostic v106 enabled via -Dphotonics.restirSourceHistoryDiagnostic=true and -Dphotonics.restirDirectEstimatorDiagnostic=true; directTemporalReuse=bypassed, directSpatialReuse=bypassed, initialVisibility=deferred-to-r6, panels=top-left-unshadowed-current-luminance/top-right-visible-current-luminance/bottom-left-visibility-ratio/bottom-right-rejected-current-luminance, values=log-packed-rgb16f, handheld-and-exact-local-lighting=omitted
[03Aug2026 00:56:25.826] [Render thread/INFO] [Photonics/]: Photonics ReSTIR GI transport v85+: stochastic tinted-glass traversal and endpoint-first transparent-hit validation
[03Aug2026 00:56:25.826] [Render thread/INFO] [Photonics/]: Photonics stability v86: deterministic thin-cutout GI coverage and bounded palette-heap compiler recovery probes
[03Aug2026 00:56:25.826] [Render thread/INFO] [Photonics/]: Photonics ReSTIR GI validation v88: triState=valid/blocked-current-receiver/stale, blockedHistoryM=preserved-once-with-zero-energy, staleHistoryM=excluded, maxTemporalCandidates=1, maxSpatialCandidates=1, maxTraversalSteps=128
[03Aug2026 00:56:25.826] [Render thread/INFO] [Photonics/]: Photonics feature set: direct-light-v64 expiring Contraption Lights proxy ownership with a conservative nearby unmatched-proxy quarantine, position-matched Sable light alias trail with registry/profile diagnostics and render-thread-owned external merge, full-precision motion-grid Sable receiver visibility and endpoint-safe conservative traversal, dual-space Sable light de-duplication, production composite restored after v57 reservoir diagnostics, corrected indirect hit-normal decoding, full temporal reservoir retention for Sable external lighting, randomized systematic world-light proposals, Sable skylight-transition diagnostics with opt-in getter freeze, post-denoise exact Sable-local direct stream and fail-closed same-domain visibility, camera-relative double-composed Sable reprojection, normal-guided receiver classification, tri-state same-sublevel visibility and conservative supercover voxel traversal, sampling-time receiver-domain partition with exact same-sublevel direct lighting, external-only Sable reservoirs and soft-shadow local-visibility-signature-guided Sable SVGF support, preserved all-zero current proposal batches, elapsed-time moving-light hysteresis and unsnapped render-pose positions, rejected spatial-batch accounting, receiver-domain-complete stable/external history partition and rigid-motion Sable spatial reuse, bounded visibility-rejected reservoirs and representative-scoped external reactivity, split stable/external accumulation histories and stale Sable material recovery, explicit emitter motion-domain identity, motion-domain-stable receiver-relative light-history limits, previous-light position metadata, rotation-correct cross-sublevel motion, guarded ordinary-world all-light and external-only Sable single-neighbor spatial reuse, immutable spatial input, current-receiver visibility validation, bounded spatial history, independent spatial random stream, bounded reservoirs, zero-contribution batch accounting, actual-motion reactive lights, stable-anchor Sable reprojection, surface-plane SVGF, visibility-transition provenance, stable Sable identity, current-visible temporal reuse, Sable plot-section isolation, deterministic diagonal cutouts, generation-aligned adaptive stratified ReSTIR proposals, exposed-face Sable local visibility, duplicate Veil point-light suppression, moving-light and Iris material bridges; finite-segment OOB visibility and tree-origin tracing, masked passes, texture barriers, accumulation, denoising, handheld; Sable-receiver world/cross-sublevel spatial reuse and combined GI compatibility gates active
[03Aug2026 00:56:25.826] [Render thread/INFO] [Photonics/]: Photonics ReSTIR configuration v100: directCandidatesPerPixel=32, directTemporalSampleCap=640, directOutputSampleCap=world-128/sable-temporal-cap, spatialCandidates=0, spatialRadiusPixels=5.0, output=split-direct-and-gi-radiance-plus-exact-sable-local, samplingPolicy=large-list-logarithmic-rank-strata+compact-list-systematic-prefix-tail+distinct-priority-prefix/sable-external-reservoir/exact-all-same-token-lights/fail-closed-tri-state-conservative-local-dda/full-precision-motion-grid-receiver/normal-biased-endpoint/preserved-zero-current-batches, spatialPolicy=receiver-matched-current-frame/external-only-sable/current-rejection-accounting/immutable-input/initial-batch-cap+rejected-fallback-cap+background-finalization, historyPolicy=receiver-domain-complete-split-stable-external/direct-only-full-rigid-local-history/camera-relative-double-compose/normal-guided-receiver/soft-local-signature-reset/visibility-transition-reset/representative-scoped-external-reactivity/explicit-emitter-domain/0.15-block-trail/2-frame-floor, lightListPolicy=position-matched-250ms-alias-trail/250ms-after-loss-minecraft-light-proxy-ownership/125ms+2-frame-unmatched-proxy-quarantine/3-cell-alias-radius/render-thread-owned-merge, motionHoldMs=250, denoiserPolicy=post-denoise-exact-local-hard-shadow+representative-gated-world+soft-local-signature-sable, sableSkyLightDiagnostic=transition-log/optional-freeze-getter, directDenoiserPasses=5, giDenoiserPasses=3, softShadows=false, combinedGi=true, splitGi=true
[03Aug2026 00:56:25.829] [Render thread/INFO] [Photonics/]: Photonics history reset v18: reason=pipeline-created, generation=2, dimension=minecraft:overworld
[03Aug2026 00:56:25.830] [Render thread/INFO] [Iris/]: Creating pipeline for dimension minecraft:overworld
[03Aug2026 00:56:25.892] [Render thread/INFO] [org.anarres.cpp.DefaultPreprocessorListener/]: null:0:0: error: #endif without #if
[03Aug2026 00:56:25.903] [Render thread/INFO] [org.anarres.cpp.DefaultPreprocessorListener/]: null:0:0: error: #endif without #if
[03Aug2026 00:56:25.911] [Render thread/INFO] [org.anarres.cpp.DefaultPreprocessorListener/]: null:0:0: error: #endif without #if
[03Aug2026 00:56:25.926] [Render thread/INFO] [org.anarres.cpp.DefaultPreprocessorListener/]: null:0:0: error: #endif without #if
[03Aug2026 00:56:25.938] [Render thread/INFO] [org.anarres.cpp.DefaultPreprocessorListener/]: null:0:0: error: #endif without #if
[03Aug2026 00:56:25.956] [Render thread/INFO] [org.anarres.cpp.DefaultPreprocessorListener/]: null:0:0: error: #endif without #if
[03Aug2026 00:56:25.969] [Render thread/INFO] [org.anarres.cpp.DefaultPreprocessorListener/]: null:0:0: error: #endif without #if
[03Aug2026 00:56:25.981] [Render thread/INFO] [org.anarres.cpp.DefaultPreprocessorListener/]: null:0:0: error: #endif without #if
[03Aug2026 00:56:25.993] [Render thread/INFO] [org.anarres.cpp.DefaultPreprocessorListener/]: null:0:0: error: #endif without #if
[03Aug2026 00:56:26.006] [Render thread/INFO] [org.anarres.cpp.DefaultPreprocessorListener/]: null:0:0: error: #endif without #if
[03Aug2026 00:56:26.018] [Render thread/INFO] [org.anarres.cpp.DefaultPreprocessorListener/]: null:0:0: error: #endif without #if
[03Aug2026 00:56:26.030] [Render thread/INFO] [org.anarres.cpp.DefaultPreprocessorListener/]: null:0:0: error: #endif without #if
[03Aug2026 00:56:26.040] [Render thread/INFO] [org.anarres.cpp.DefaultPreprocessorListener/]: null:0:0: error: #endif without #if
[03Aug2026 00:56:26.050] [Render thread/INFO] [org.anarres.cpp.DefaultPreprocessorListener/]: null:0:0: error: #endif without #if
[03Aug2026 00:56:26.077] [Render thread/INFO] [org.anarres.cpp.DefaultPreprocessorListener/]: null:0:0: error: #endif without #if
[03Aug2026 00:56:26.237] [Render thread/WARN] [flywheel/]: Flywheel backend fell back from 'flywheel:indirect' to 'flywheel:off'
[03Aug2026 00:56:26.303] [Render thread/INFO] [ChunkBuilder/]: Started 10 worker threads
[03Aug2026 00:56:26.369] [Render thread/INFO] [xaero.hud.minimap.MinimapLogs/]: Minimap updated server level id: -1346616716 for world ResourceKey[minecraft:dimension / minecraft:overworld]
[03Aug2026 00:56:26.377] [Render thread/INFO] [net.minecraft.advancements.AdvancementTree/]: Loaded 53 advancements
[03Aug2026 00:56:26.455] [Photonics Light List Compiler/INFO] [Photonics/]: Photonics light candidates v18: eligible=17, selected=17, maxLights=4000, lightSections=10, capped=false
[03Aug2026 00:56:26.458] [Render thread/INFO] [Photonics/]: Photonics v32 ignored Sable plot section notification: filtered=1, sectionX=1280063, sectionZ=1280447
[03Aug2026 00:56:26.458] [Render thread/INFO] [Photonics/]: Photonics v32 ignored Sable plot section notification: filtered=2, sectionX=1280063, sectionZ=1280448
[03Aug2026 00:56:26.458] [Render thread/INFO] [Photonics/]: Photonics v32 ignored Sable plot section notification: filtered=4, sectionX=1280063, sectionZ=1280447
[03Aug2026 00:56:26.458] [Render thread/INFO] [Photonics/]: Photonics v32 ignored Sable plot section notification: filtered=8, sectionX=1280063, sectionZ=1280448
[03Aug2026 00:56:26.458] [Render thread/INFO] [Photonics/]: Photonics v32 ignored Sable plot section notification: filtered=16, sectionX=1280064, sectionZ=1280447
[03Aug2026 00:56:26.459] [Render thread/INFO] [Photonics/]: Photonics v32 ignored Sable plot section notification: filtered=32, sectionX=1280063, sectionZ=1280448
[03Aug2026 00:56:26.459] [Render thread/INFO] [Photonics/]: Photonics v32 ignored Sable plot section notification: filtered=64, sectionX=1280064, sectionZ=1280447
[03Aug2026 00:56:26.462] [Render thread/INFO] [Photonics/]: Photonics v32 ignored Sable plot section notification: filtered=128, sectionX=1280065, sectionZ=1280448
[03Aug2026 00:56:26.462] [Render thread/INFO] [Photonics/]: Photonics v32 ignored Sable plot section notification: filtered=256, sectionX=1280064, sectionZ=1280447
[03Aug2026 00:56:26.465] [Render thread/INFO] [Photonics/]: Photonics v32 ignored Sable plot section notification: filtered=512, sectionX=1280065, sectionZ=1280448
[03Aug2026 00:56:26.468] [Render thread/INFO] [Photonics/]: Photonics v32 ignored Sable plot section notification: filtered=1024, sectionX=1280066, sectionZ=1280449
[03Aug2026 00:56:26.485] [Render thread/INFO] [Photonics/]: Photonics v32 ignored Sable plot section notification: filtered=2048, sectionX=1280062, sectionZ=1280192
[03Aug2026 00:56:26.491] [Render thread/INFO] [Photonics/]: Photonics v32 ignored Sable plot section notification: filtered=4096, sectionX=1280065, sectionZ=1280065
[03Aug2026 00:56:26.495] [Photonics Light List Compiler/INFO] [Photonics/]: Photonics light candidates v18: eligible=35, selected=35, maxLights=4000, lightSections=16, capped=false
[03Aug2026 00:56:26.495] [Photonics Light List Compiler/INFO] [Photonics/]: Photonics light-list publication v88: coalescedBatches=2, peakPendingSections=31, remainingSections=0, deferredMs=13.129
[03Aug2026 00:56:26.860] [Render thread/INFO] [Photonics/]: Photonics v43 Sable source validation: zeroLuminanceButTraced=0, rejectedMaterial=0, recoveredStaleMaterial=0, firstIssue=none
[03Aug2026 00:56:26.861] [Render thread/INFO] [Photonics/]: Photonics world tracing v72: revision=0, settled=false, compiledSections=0, trackedSections=0, batchBuilt=0, batchUnloaded=0, pendingBuilds=0, pendingUnloads=0, ready=false, depth=0, blockBounds=( 0.000E+0  0.000E+0  0.000E+0)..( 0.000E+0  0.000E+0  0.000E+0), treeBounds=( 0.000E+0  0.000E+0  0.000E+0)..( 0.000E+0  0.000E+0  0.000E+0), origin=( 0.000E+0  0.000E+0  0.000E+0), boundsSource=tree, compileMs=0.000
[03Aug2026 00:56:26.861] [Render thread/INFO] [Photonics/]: Photonics light list pending: 0 -> 35
[03Aug2026 00:56:26.861] [Render thread/INFO] [Photonics/]: Photonics v35 direct-light prefixes: movingLights=0, externalLights=0, totalLights=35, proposalBudget=adaptive-half-candidates
[03Aug2026 00:56:26.909] [Photonic Chunk Compiler #1/INFO] [Photonics/]: Photonics voxel diagnostic: state=Block{minecraft:spruce_fence}[east=false,north=false,south=false,waterlogged=false,west=false] vertexHash=4e0a08f7a1d9b0d8 complete=true samples=292 alphaZero=0 alphaPartial=0 alphaOpaque=292 rgbMean=[114.0,83.9,47.9] rgbRange=[85-136,58-101,31-58] voxels=200 aabb=[6,0,6]-[9,15,9] parts=[( 0.000E+0  0.000E+0  0.000E+0)]
[03Aug2026 00:56:26.910] [Photonic Chunk Compiler #1/INFO] [Photonics/]: Photonics voxel occupancy: state=Block{minecraft:spruce_fence}[east=false,north=false,south=false,waterlogged=false,west=false] part=( 0.000E+0  0.000E+0  0.000E+0) slices=y0=0000/0000/0000/0000/0000/0000/03c0/03c0/03c0/03c0/0000/0000/0000/0000/0000/0000;y1=0000/0000/0000/0000/0000/0000/03c0/0240/0240/03c0/0000/0000/0000/0000/0000/0000;y2=0000/0000/0000/0000/0000/0000/03c0/0240/0240/03c0/0000/0000/0000/0000/0000/0000;y3=0000/0000/0000/0000/0000/0000/03c0/0240/0240/03c0/0000/0000/0000/0000/0000/0000;y4=0000/0000/0000/0000/0000/0000/03c0/0240/0240/03c0/0000/0000/0000/0000/0000/0000;y5=0000/0000/0000/0000/0000/0000/03c0/0240/0240/03c0/0000/0000/0000/0000/0000/0000;y6=0000/0000/0000/0000/0000/0000/03c0/0240/0240/03c0/0000/0000/0000/0000/0000/0000;y7=0000/0000/0000/0000/0000/0000/03c0/0240/0240/03c0/0000/0000/0000/0000/0000/0000;y8=0000/0000/0000/0000/0000/0000/03c0/0240/0240/03c0/0000/0000/0000/0000/0000/0000;y9=0000/0000/0000/0000/0000/0000/03c0/0240/0240/03c0/0000/0000/0000/0000/0000/0000;y10=0000/0000/0000/0000/0000/0000/03c0/0240/0240/03c0/0000/0000/0000/0000/0000/0000;y11=0000/0000/0000/0000/0000/0000/03c0/0240/0240/03c0/0000/0000/0000/0000/0000/0000;y12=0000/0000/0000/0000/0000/0000/03c0/0240/0240/03c0/0000/0000/0000/0000/0000/0000;y13=0000/0000/0000/0000/0000/0000/03c0/0240/0240/03c0/0000/0000/0000/0000/0000/0000;y14=0000/0000/0000/0000/0000/0000/03c0/0240/0240/03c0/0000/0000/0000/0000/0000/0000;y15=0000/0000/0000/0000/0000/0000/03c0/03c0/03c0/03c0/0000/0000/0000/0000/0000/0000
[03Aug2026 00:56:26.914] [Photonic Chunk Compiler #1/INFO] [Photonics/]: Photonics voxel diagnostic: state=Block{minecraft:spruce_fence}[east=false,north=false,south=false,waterlogged=false,west=true] vertexHash=fe7248f43f670240 complete=true samples=496 alphaZero=0 alphaPartial=0 alphaOpaque=496 rgbMean=[113.1,83.3,47.4] rgbRange=[85-136,58-101,31-58] voxels=296 aabb=[0,0,6]-[9,15,9] parts=[( 0.000E+0  0.000E+0  0.000E+0)]
[03Aug2026 00:56:26.914] [Photonic Chunk Compiler #1/INFO] [Photonics/]: Photonics voxel occupancy: state=Block{minecraft:spruce_fence}[east=false,north=false,south=false,waterlogged=false,west=true] part=( 0.000E+0  0.000E+0  0.000E+0) slices=y0=0000/0000/0000/0000/0000/0000/03c0/03c0/03c0/03c0/0000/0000/0000/0000/0000/0000;y1=0000/0000/0000/0000/0000/0000/03c0/0240/0240/03c0/0000/0000/0000/0000/0000/0000;y2=0000/0000/0000/0000/0000/0000/03c0/0240/0240/03c0/0000/0000/0000/0000/0000/0000;y3=0000/0000/0000/0000/0000/0000/03c0/0240/0240/03c0/0000/0000/0000/0000/0000/0000;y4=0000/0000/0000/0000/0000/0000/03c0/0240/0240/03c0/0000/0000/0000/0000/0000/0000;y5=0000/0000/0000/0000/0000/0000/03c0/0240/0240/03c0/0000/0000/0000/0000/0000/0000;y6=0000/0000/0000/0000/0000/0000/03c0/03ff/03ff/03c0/0000/0000/0000/0000/0000/0000;y7=0000/0000/0000/0000/0000/0000/03c0/03ff/03ff/03c0/0000/0000/0000/0000/0000/0000;y8=0000/0000/0000/0000/0000/0000/03c0/03ff/03ff/03c0/0000/0000/0000/0000/0000/0000;y9=0000/0000/0000/0000/0000/0000/03c0/0240/0240/03c0/0000/0000/0000/0000/0000/0000;y10=0000/0000/0000/0000/0000/0000/03c0/0240/0240/03c0/0000/0000/0000/0000/0000/0000;y11=0000/0000/0000/0000/0000/0000/03c0/0240/0240/03c0/0000/0000/0000/0000/0000/0000;y12=0000/0000/0000/0000/0000/0000/03c0/03ff/03ff/03c0/0000/0000/0000/0000/0000/0000;y13=0000/0000/0000/0000/0000/0000/03c0/03ff/03ff/03c0/0000/0000/0000/0000/0000/0000;y14=0000/0000/0000/0000/0000/0000/03c0/03ff/03ff/03c0/0000/0000/0000/0000/0000/0000;y15=0000/0000/0000/0000/0000/0000/03c0/03c0/03c0/03c0/0000/0000/0000/0000/0000/0000
[03Aug2026 00:56:27.143] [Render thread/INFO] [ChunkBuilder/]: Stopping worker threads
[03Aug2026 00:56:27.146] [Render thread/INFO] [ChunkBuilder/]: Started 10 worker threads
[03Aug2026 00:56:27.151] [Render thread/WARN] [flywheel/]: Flywheel backend fell back from 'flywheel:indirect' to 'flywheel:off'
[03Aug2026 00:56:27.154] [Photonic Chunk Compiler #0/INFO] [Photonics/]: Photonics voxel diagnostic: state=Block{minecraft:spruce_fence}[east=true,north=false,south=false,waterlogged=false,west=false] vertexHash=33001bdb760cde00 complete=true samples=496 alphaZero=0 alphaPartial=0 alphaOpaque=496 rgbMean=[113.1,83.3,47.4] rgbRange=[85-136,58-101,31-58] voxels=296 aabb=[6,0,6]-[15,15,9] parts=[( 0.000E+0  0.000E+0  0.000E+0)]
[03Aug2026 00:56:27.154] [Photonic Chunk Compiler #0/INFO] [Photonics/]: Photonics voxel occupancy: state=Block{minecraft:spruce_fence}[east=true,north=false,south=false,waterlogged=false,west=false] part=( 0.000E+0  0.000E+0  0.000E+0) slices=y0=0000/0000/0000/0000/0000/0000/03c0/03c0/03c0/03c0/0000/0000/0000/0000/0000/0000;y1=0000/0000/0000/0000/0000/0000/03c0/0240/0240/03c0/0000/0000/0000/0000/0000/0000;y2=0000/0000/0000/0000/0000/0000/03c0/0240/0240/03c0/0000/0000/0000/0000/0000/0000;y3=0000/0000/0000/0000/0000/0000/03c0/0240/0240/03c0/0000/0000/0000/0000/0000/0000;y4=0000/0000/0000/0000/0000/0000/03c0/0240/0240/03c0/0000/0000/0000/0000/0000/0000;y5=0000/0000/0000/0000/0000/0000/03c0/0240/0240/03c0/0000/0000/0000/0000/0000/0000;y6=0000/0000/0000/0000/0000/0000/03c0/ffc0/ffc0/03c0/0000/0000/0000/0000/0000/0000;y7=0000/0000/0000/0000/0000/0000/03c0/ffc0/ffc0/03c0/0000/0000/0000/0000/0000/0000;y8=0000/0000/0000/0000/0000/0000/03c0/ffc0/ffc0/03c0/0000/0000/0000/0000/0000/0000;y9=0000/0000/0000/0000/0000/0000/03c0/0240/0240/03c0/0000/0000/0000/0000/0000/0000;y10=0000/0000/0000/0000/0000/0000/03c0/0240/0240/03c0/0000/0000/0000/0000/0000/0000;y11=0000/0000/0000/0000/0000/0000/03c0/0240/0240/03c0/0000/0000/0000/0000/0000/0000;y12=0000/0000/0000/0000/0000/0000/03c0/ffc0/ffc0/03c0/0000/0000/0000/0000/0000/0000;y13=0000/0000/0000/0000/0000/0000/03c0/ffc0/ffc0/03c0/0000/0000/0000/0000/0000/0000;y14=0000/0000/0000/0000/0000/0000/03c0/ffc0/ffc0/03c0/0000/0000/0000/0000/0000/0000;y15=0000/0000/0000/0000/0000/0000/03c0/03c0/03c0/03c0/0000/0000/0000/0000/0000/0000
[03Aug2026 00:56:27.161] [Photonics Light List Compiler/INFO] [Photonics/]: Photonics light candidates v18: eligible=508, selected=508, maxLights=4000, lightSections=137, capped=false
[03Aug2026 00:56:27.161] [Photonics Light List Compiler/INFO] [Photonics/]: Photonics light-list publication v88: coalescedBatches=13, peakPendingSections=2684, remainingSections=2288, deferredMs=255.693
[03Aug2026 00:56:27.169] [Photonic Chunk Compiler #0/INFO] [Photonics/]: Photonics voxel diagnostic: state=Block{minecraft:spruce_fence}[east=false,north=false,south=false,waterlogged=false,west=true] vertexHash=7d3f6e94db0cde00 complete=true samples=496 alphaZero=0 alphaPartial=0 alphaOpaque=496 rgbMean=[113.1,83.3,47.4] rgbRange=[85-136,58-101,31-58] voxels=296 aabb=[0,0,6]-[9,15,9] parts=[( 0.000E+0  0.000E+0  0.000E+0)]
[03Aug2026 00:56:27.169] [Photonic Chunk Compiler #0/INFO] [Photonics/]: Photonics voxel occupancy: state=Block{minecraft:spruce_fence}[east=false,north=false,south=false,waterlogged=false,west=true] part=( 0.000E+0  0.000E+0  0.000E+0) slices=y0=0000/0000/0000/0000/0000/0000/03c0/03c0/03c0/03c0/0000/0000/0000/0000/0000/0000;y1=0000/0000/0000/0000/0000/0000/03c0/0240/0240/03c0/0000/0000/0000/0000/0000/0000;y2=0000/0000/0000/0000/0000/0000/03c0/0240/0240/03c0/0000/0000/0000/0000/0000/0000;y3=0000/0000/0000/0000/0000/0000/03c0/0240/0240/03c0/0000/0000/0000/0000/0000/0000;y4=0000/0000/0000/0000/0000/0000/03c0/0240/0240/03c0/0000/0000/0000/0000/0000/0000;y5=0000/0000/0000/0000/0000/0000/03c0/0240/0240/03c0/0000/0000/0000/0000/0000/0000;y6=0000/0000/0000/0000/0000/0000/03c0/03ff/03ff/03c0/0000/0000/0000/0000/0000/0000;y7=0000/0000/0000/0000/0000/0000/03c0/03ff/03ff/03c0/0000/0000/0000/0000/0000/0000;y8=0000/0000/0000/0000/0000/0000/03c0/03ff/03ff/03c0/0000/0000/0000/0000/0000/0000;y9=0000/0000/0000/0000/0000/0000/03c0/0240/0240/03c0/0000/0000/0000/0000/0000/0000;y10=0000/0000/0000/0000/0000/0000/03c0/0240/0240/03c0/0000/0000/0000/0000/0000/0000;y11=0000/0000/0000/0000/0000/0000/03c0/0240/0240/03c0/0000/0000/0000/0000/0000/0000;y12=0000/0000/0000/0000/0000/0000/03c0/03ff/03ff/03c0/0000/0000/0000/0000/0000/0000;y13=0000/0000/0000/0000/0000/0000/03c0/03ff/03ff/03c0/0000/0000/0000/0000/0000/0000;y14=0000/0000/0000/0000/0000/0000/03c0/03ff/03ff/03c0/0000/0000/0000/0000/0000/0000;y15=0000/0000/0000/0000/0000/0000/03c0/03c0/03c0/03c0/0000/0000/0000/0000/0000/0000
[03Aug2026 00:56:27.182] [Worker-Main-2/INFO] [Photonics/]: Photonics v20 Iris material bridge active: path=vanilla-section, block=minecraft:oak_log, shaderPackId=10029, emission=0
[03Aug2026 00:56:27.189] [Worker-Main-14/INFO] [Photonics/]: Photonics v20 emissive material captured: path=vanilla-section, block=minecraft:verdant_froglight, shaderPackId=10052, emission=15
[03Aug2026 00:56:27.223] [Render thread/WARN] [Sodium-VertexConsumerTracker/]: Class com.mojang.blaze3d.vertex.BufferBuilder does not support optimized vertex writing code paths, which may cause reduced rendering performance
[03Aug2026 00:56:27.237] [Photonic Chunk Compiler #1/INFO] [Photonics/]: Photonics voxel diagnostic: state=Block{minecraft:oak_trapdoor}[facing=west,half=top,open=true,powered=false,waterlogged=false] vertexHash=4df8ca2ef1e88340 complete=true samples=720 alphaZero=78 alphaPartial=0 alphaOpaque=642 rgbMean=[125.0,99.5,56.8] rgbRange=[74-179,60-140,32-81] voxels=496 aabb=[13,0,0]-[15,15,15] parts=[( 0.000E+0  0.000E+0  0.000E+0)]
[03Aug2026 00:56:27.237] [Photonic Chunk Compiler #1/INFO] [Photonics/]: Photonics voxel occupancy: state=Block{minecraft:oak_trapdoor}[facing=west,half=top,open=true,powered=false,waterlogged=false] part=( 0.000E+0  0.000E+0  0.000E+0) slices=y0=e000/e000/e000/e000/e000/e000/e000/e000/e000/e000/e000/e000/e000/e000/e000/e000;y1=e000/a000/a000/a000/a000/a000/a000/a000/a000/a000/a000/a000/a000/a000/8000/e000;y2=e000/a000/a000/a000/a000/a000/a000/a000/a000/a000/a000/a000/a000/8000/a000/e000;y3=e000/a000/a000/0000/0000/0000/a000/a000/a000/a000/0000/0000/0000/a000/a000/e000;y4=e000/a000/a000/0000/0000/0000/a000/a000/a000/a000/0000/0000/0000/a000/a000/e000;y5=e000/a000/a000/0000/0000/0000/a000/a000/a000/a000/0000/0000/0000/a000/a000/e000;y6=e000/a000/a000/a000/a000/a000/a000/a000/a000/8000/a000/a000/a000/a000/a000/e000;y7=e000/a000/a000/a000/a000/a000/a000/a000/8000/a000/a000/a000/a000/a000/a000/e000;y8=e000/a000/a000/a000/a000/a000/a000/a000/a000/a000/a000/a000/a000/a000/a000/e000;y9=e000/a000/a000/a000/a000/a000/a000/a000/a000/a000/a000/a000/a000/a000/a000/e000;y10=e000/a000/a000/0000/0000/0000/a000/a000/a000/a000/0000/0000/0000/a000/a000/e000;y11=e000/a000/a000/0000/0000/0000/a000/a000/a000/a000/0000/0000/0000/a000/a000/e000;y12=e000/a000/a000/0000/0000/0000/a000/a000/a000/a000/0000/0000/0000/a000/a000/e000;y13=e000/a000/a000/a000/a000/a000/a000/a000/a000/a000/a000/a000/a000/a000/a000/e000;y14=e000/a000/a000/a000/a000/a000/a000/a000/a000/a000/a000/a000/a000/a000/a000/e000;y15=e000/e000/e000/e000/e000/e000/e000/e000/e000/e000/e000/e000/e000/e000/e000/e000
[03Aug2026 00:56:27.244] [Photonic Chunk Compiler #1/INFO] [Photonics/]: Photonics voxel diagnostic: state=Block{minecraft:spruce_fence}[east=false,north=false,south=false,waterlogged=false,west=false] vertexHash=4111a96f1baa0340 complete=true samples=292 alphaZero=0 alphaPartial=0 alphaOpaque=292 rgbMean=[114.0,83.9,47.9] rgbRange=[85-136,58-101,31-58] voxels=200 aabb=[6,0,6]-[9,15,9] parts=[( 0.000E+0  0.000E+0  0.000E+0)]
[03Aug2026 00:56:27.245] [Photonic Chunk Compiler #1/INFO] [Photonics/]: Photonics voxel occupancy: state=Block{minecraft:spruce_fence}[east=false,north=false,south=false,waterlogged=false,west=false] part=( 0.000E+0  0.000E+0  0.000E+0) slices=y0=0000/0000/0000/0000/0000/0000/03c0/03c0/03c0/03c0/0000/0000/0000/0000/0000/0000;y1=0000/0000/0000/0000/0000/0000/03c0/0240/0240/03c0/0000/0000/0000/0000/0000/0000;y2=0000/0000/0000/0000/0000/0000/03c0/0240/0240/03c0/0000/0000/0000/0000/0000/0000;y3=0000/0000/0000/0000/0000/0000/03c0/0240/0240/03c0/0000/0000/0000/0000/0000/0000;y4=0000/0000/0000/0000/0000/0000/03c0/0240/0240/03c0/0000/0000/0000/0000/0000/0000;y5=0000/0000/0000/0000/0000/0000/03c0/0240/0240/03c0/0000/0000/0000/0000/0000/0000;y6=0000/0000/0000/0000/0000/0000/03c0/0240/0240/03c0/0000/0000/0000/0000/0000/0000;y7=0000/0000/0000/0000/0000/0000/03c0/0240/0240/03c0/0000/0000/0000/0000/0000/0000;y8=0000/0000/0000/0000/0000/0000/03c0/0240/0240/03c0/0000/0000/0000/0000/0000/0000;y9=0000/0000/0000/0000/0000/0000/03c0/0240/0240/03c0/0000/0000/0000/0000/0000/0000;y10=0000/0000/0000/0000/0000/0000/03c0/0240/0240/03c0/0000/0000/0000/0000/0000/0000;y11=0000/0000/0000/0000/0000/0000/03c0/0240/0240/03c0/0000/0000/0000/0000/0000/0000;y12=0000/0000/0000/0000/0000/0000/03c0/0240/0240/03c0/0000/0000/0000/0000/0000/0000;y13=0000/0000/0000/0000/0000/0000/03c0/0240/0240/03c0/0000/0000/0000/0000/0000/0000;y14=0000/0000/0000/0000/0000/0000/03c0/0240/0240/03c0/0000/0000/0000/0000/0000/0000;y15=0000/0000/0000/0000/0000/0000/03c0/03c0/03c0/03c0/0000/0000/0000/0000/0000/0000
[03Aug2026 00:56:27.334] [Render thread/INFO] [DistantHorizons-DistantHorizons-com.seibel.distanthorizons.common.render.openGl.glObject.GLProxy/]: Iris detected, Distant Horizons OpenGL error logging won't be sent in the chat due to Iris throwing known (harmless) OpenGL errors. This is a bug with Iris, not Distant Horizons.
[03Aug2026 00:56:27.335] [Render thread/INFO] [DistantHorizons-DistantHorizons-com.seibel.distanthorizons.common.render.openGl.glObject.GLProxy/]: Creating [GLProxy]... If this is the last message you see there must have been an OpenGL error.
[03Aug2026 00:56:27.336] [Render thread/INFO] [DistantHorizons-DistantHorizons-com.seibel.distanthorizons.common.render.openGl.glObject.GLProxy/]: Lod Render OpenGL version [4.6 (Core Profile) Mesa 26.1.2 - kisak-mesa PPA].
[03Aug2026 00:56:27.336] [Render thread/INFO] [DistantHorizons-DistantHorizons-com.seibel.distanthorizons.common.render.openGl.glObject.GLProxy/]: minecraftGlCapabilities:
Your OpenGL support:
openGL version 3.3+: [true] <- REQUIRED
Vertex Attribute Buffer Binding: [true] <- optional improvement
Buffer Storage: [true] <- optional improvement

[03Aug2026 00:56:27.346] [Render thread/INFO] [DistantHorizons-DistantHorizons-com.seibel.distanthorizons.common.render.openGl.glObject.GLProxy/]: GPU Vendor [AMD] with OS [Linux], Preferred upload method is [BUFFER_STORAGE].
[03Aug2026 00:56:27.346] [Render thread/INFO] [DistantHorizons-DistantHorizons-com.seibel.distanthorizons.common.render.openGl.glObject.GLProxy/]: GLProxy creation successful. OpenGL smiles upon you this day.
[03Aug2026 00:56:27.346] [Render thread/INFO] [DistantHorizons-DistantHorizons-com.seibel.distanthorizons.common.render.openGl.GlDhMetaRenderer_neoforge/]: Setting up renderer
[03Aug2026 00:56:27.353] [Render thread/INFO] [DistantHorizons-DistantHorizons-com.seibel.distanthorizons.common.render.openGl.GlDhMetaRenderer_neoforge/]: Renderer setup complete
[03Aug2026 00:56:27.356] [Render thread/INFO] [DistantHorizons-DistantHorizons-com.seibel.distanthorizons.common.render.openGl.glObject.shader.GlShader/]: Loading shader with type: [35633]
[03Aug2026 00:56:27.357] [Render thread/INFO] [DistantHorizons-DistantHorizons-com.seibel.distanthorizons.common.render.openGl.glObject.shader.GlShader/]: Shader loaded sucessfully.
[03Aug2026 00:56:27.357] [Render thread/INFO] [DistantHorizons-DistantHorizons-com.seibel.distanthorizons.common.render.openGl.glObject.shader.GlShader/]: Loading shader with type: [35632]
[03Aug2026 00:56:27.357] [Render thread/INFO] [DistantHorizons-DistantHorizons-com.seibel.distanthorizons.common.render.openGl.glObject.shader.GlShader/]: Shader loaded sucessfully.
[03Aug2026 00:56:27.359] [Render thread/INFO] [DistantHorizons-DistantHorizons-com.seibel.distanthorizons.common.render.openGl.glObject.vertexAttribute.GlVertexAttributePostGL43/]: Vertex Attribute (GL43+) completed. It contains 1 binding points and a stride size of 16
[03Aug2026 00:56:27.359] [Render thread/INFO] [DistantHorizons-DistantHorizons-com.seibel.distanthorizons.core.render.renderer.LodRenderer/]: Overriding vanilla MC settings to better fit Distant Horizons... This behavior can be disabled in the Distant Horizons config.
[03Aug2026 00:56:27.359] [Render thread/INFO] [DistantHorizons-DistantHorizons-com.seibel.distanthorizons.common.wrappers.minecraft.MinecraftClientWrapper_neoforge/]: Disabling vanilla clouds... This is done to prevent vanilla clouds from rendering on top of Distant Horizons LODs.
[03Aug2026 00:56:27.359] [Render thread/INFO] [DistantHorizons-DistantHorizons-com.seibel.distanthorizons.common.wrappers.minecraft.MinecraftClientWrapper_neoforge/]: Disabling fabulous graphics... This is done to fix vanilla chunks (specifically water blocks) not fading into Distant Horizons LODs when DH's 'Vanilla Fade' option is enabled.
[03Aug2026 00:56:27.362] [Render thread/INFO] [DistantHorizons-DistantHorizons-com.seibel.distanthorizons.common.render.openGl.glObject.shader.GlShader/]: Loading shader with type: [35633]
[03Aug2026 00:56:27.362] [Render thread/INFO] [DistantHorizons-DistantHorizons-com.seibel.distanthorizons.common.render.openGl.glObject.shader.GlShader/]: Shader loaded sucessfully.
[03Aug2026 00:56:27.362] [Render thread/INFO] [DistantHorizons-DistantHorizons-com.seibel.distanthorizons.common.render.openGl.glObject.shader.GlShader/]: Loading shader with type: [35632]
[03Aug2026 00:56:27.362] [Render thread/INFO] [DistantHorizons-DistantHorizons-com.seibel.distanthorizons.common.render.openGl.glObject.shader.GlShader/]: Shader loaded sucessfully.
[03Aug2026 00:56:27.363] [Render thread/INFO] [DistantHorizons-DistantHorizons-com.seibel.distanthorizons.common.render.openGl.glObject.vertexAttribute.GlVertexAttributePostGL43/]: Vertex Attribute (GL43+) completed. It contains 1 binding points and a stride size of 12
[03Aug2026 00:56:27.363] [Render thread/INFO] [DistantHorizons-DistantHorizons-com.seibel.distanthorizons.common.render.openGl.glObject.shader.GlShader/]: Loading shader with type: [35633]
[03Aug2026 00:56:27.363] [Render thread/INFO] [DistantHorizons-DistantHorizons-com.seibel.distanthorizons.common.render.openGl.glObject.shader.GlShader/]: Shader loaded sucessfully.
[03Aug2026 00:56:27.363] [Render thread/INFO] [DistantHorizons-DistantHorizons-com.seibel.distanthorizons.common.render.openGl.glObject.shader.GlShader/]: Loading shader with type: [35632]
[03Aug2026 00:56:27.363] [Render thread/INFO] [DistantHorizons-DistantHorizons-com.seibel.distanthorizons.common.render.openGl.glObject.shader.GlShader/]: Shader loaded sucessfully.
[03Aug2026 00:56:27.363] [Render thread/INFO] [DistantHorizons-DistantHorizons-com.seibel.distanthorizons.common.render.openGl.glObject.vertexAttribute.GlVertexAttributePostGL43/]: Vertex Attribute (GL43+) completed. It contains 1 binding points and a stride size of 12
[03Aug2026 00:56:27.389] [Render thread/INFO] [Photonics/]: Photonics v20 Iris material bridge active: path=sable-single, block=simulatedcoasters:coaster_cart, shaderPackId=-1, emission=0
[03Aug2026 00:56:27.433] [Photonics Light List Compiler/INFO] [Photonics/]: Photonics light candidates v18: eligible=2525, selected=2525, maxLights=4000, lightSections=375, capped=false
[03Aug2026 00:56:27.433] [Photonics Light List Compiler/INFO] [Photonics/]: Photonics light-list publication v88: coalescedBatches=24, peakPendingSections=2240, remainingSections=1136, deferredMs=255.394
[03Aug2026 00:56:27.464] [Photonic Chunk Compiler #0/INFO] [Photonics/]: Photonics voxel diagnostic: state=Block{minecraft:oak_fence}[east=true,north=false,south=false,waterlogged=false,west=false] vertexHash=2ea173aeb0055e00 complete=true samples=496 alphaZero=0 alphaPartial=0 alphaOpaque=496 rgbMean=[158.7,127.7,76.5] rgbRange=[103-194,80-157,44-98] voxels=296 aabb=[6,0,6]-[15,15,9] parts=[( 0.000E+0  0.000E+0  0.000E+0)]
[03Aug2026 00:56:27.465] [Photonic Chunk Compiler #0/INFO] [Photonics/]: Photonics voxel occupancy: state=Block{minecraft:oak_fence}[east=true,north=false,south=false,waterlogged=false,west=false] part=( 0.000E+0  0.000E+0  0.000E+0) slices=y0=0000/0000/0000/0000/0000/0000/03c0/03c0/03c0/03c0/0000/0000/0000/0000/0000/0000;y1=0000/0000/0000/0000/0000/0000/03c0/0240/0240/03c0/0000/0000/0000/0000/0000/0000;y2=0000/0000/0000/0000/0000/0000/03c0/0240/0240/03c0/0000/0000/0000/0000/0000/0000;y3=0000/0000/0000/0000/0000/0000/03c0/0240/0240/03c0/0000/0000/0000/0000/0000/0000;y4=0000/0000/0000/0000/0000/0000/03c0/0240/0240/03c0/0000/0000/0000/0000/0000/0000;y5=0000/0000/0000/0000/0000/0000/03c0/0240/0240/03c0/0000/0000/0000/0000/0000/0000;y6=0000/0000/0000/0000/0000/0000/03c0/ffc0/ffc0/03c0/0000/0000/0000/0000/0000/0000;y7=0000/0000/0000/0000/0000/0000/03c0/ffc0/ffc0/03c0/0000/0000/0000/0000/0000/0000;y8=0000/0000/0000/0000/0000/0000/03c0/ffc0/ffc0/03c0/0000/0000/0000/0000/0000/0000;y9=0000/0000/0000/0000/0000/0000/03c0/0240/0240/03c0/0000/0000/0000/0000/0000/0000;y10=0000/0000/0000/0000/0000/0000/03c0/0240/0240/03c0/0000/0000/0000/0000/0000/0000;y11=0000/0000/0000/0000/0000/0000/03c0/0240/0240/03c0/0000/0000/0000/0000/0000/0000;y12=0000/0000/0000/0000/0000/0000/03c0/ffc0/ffc0/03c0/0000/0000/0000/0000/0000/0000;y13=0000/0000/0000/0000/0000/0000/03c0/ffc0/ffc0/03c0/0000/0000/0000/0000/0000/0000;y14=0000/0000/0000/0000/0000/0000/03c0/ffc0/ffc0/03c0/0000/0000/0000/0000/0000/0000;y15=0000/0000/0000/0000/0000/0000/03c0/03c0/03c0/03c0/0000/0000/0000/0000/0000/0000
[03Aug2026 00:56:27.468] [Photonic Chunk Compiler #0/INFO] [Photonics/]: Photonics voxel diagnostic: state=Block{minecraft:oak_fence}[east=false,north=false,south=false,waterlogged=false,west=true] vertexHash=78e0c66815055e00 complete=true samples=496 alphaZero=0 alphaPartial=0 alphaOpaque=496 rgbMean=[158.7,127.7,76.5] rgbRange=[103-194,80-157,44-98] voxels=296 aabb=[0,0,6]-[9,15,9] parts=[( 0.000E+0  0.000E+0  0.000E+0)]
[03Aug2026 00:56:27.469] [Photonic Chunk Compiler #0/INFO] [Photonics/]: Photonics voxel occupancy: state=Block{minecraft:oak_fence}[east=false,north=false,south=false,waterlogged=false,west=true] part=( 0.000E+0  0.000E+0  0.000E+0) slices=y0=0000/0000/0000/0000/0000/0000/03c0/03c0/03c0/03c0/0000/0000/0000/0000/0000/0000;y1=0000/0000/0000/0000/0000/0000/03c0/0240/0240/03c0/0000/0000/0000/0000/0000/0000;y2=0000/0000/0000/0000/0000/0000/03c0/0240/0240/03c0/0000/0000/0000/0000/0000/0000;y3=0000/0000/0000/0000/0000/0000/03c0/0240/0240/03c0/0000/0000/0000/0000/0000/0000;y4=0000/0000/0000/0000/0000/0000/03c0/0240/0240/03c0/0000/0000/0000/0000/0000/0000;y5=0000/0000/0000/0000/0000/0000/03c0/0240/0240/03c0/0000/0000/0000/0000/0000/0000;y6=0000/0000/0000/0000/0000/0000/03c0/03ff/03ff/03c0/0000/0000/0000/0000/0000/0000;y7=0000/0000/0000/0000/0000/0000/03c0/03ff/03ff/03c0/0000/0000/0000/0000/0000/0000;y8=0000/0000/0000/0000/0000/0000/03c0/03ff/03ff/03c0/0000/0000/0000/0000/0000/0000;y9=0000/0000/0000/0000/0000/0000/03c0/0240/0240/03c0/0000/0000/0000/0000/0000/0000;y10=0000/0000/0000/0000/0000/0000/03c0/0240/0240/03c0/0000/0000/0000/0000/0000/0000;y11=0000/0000/0000/0000/0000/0000/03c0/0240/0240/03c0/0000/0000/0000/0000/0000/0000;y12=0000/0000/0000/0000/0000/0000/03c0/03ff/03ff/03c0/0000/0000/0000/0000/0000/0000;y13=0000/0000/0000/0000/0000/0000/03c0/03ff/03ff/03c0/0000/0000/0000/0000/0000/0000;y14=0000/0000/0000/0000/0000/0000/03c0/03ff/03ff/03c0/0000/0000/0000/0000/0000/0000;y15=0000/0000/0000/0000/0000/0000/03c0/03c0/03c0/03c0/0000/0000/0000/0000/0000/0000
[03Aug2026 00:56:27.471] [Photonic Chunk Compiler #0/INFO] [Photonics/]: Photonics voxel diagnostic: state=Block{minecraft:oak_fence}[east=false,north=false,south=false,waterlogged=false,west=false] vertexHash=50451f5e68d20340 complete=true samples=292 alphaZero=0 alphaPartial=0 alphaOpaque=292 rgbMean=[160.4,129.4,77.5] rgbRange=[103-194,80-157,44-98] voxels=200 aabb=[6,0,6]-[9,15,9] parts=[( 0.000E+0  0.000E+0  0.000E+0)]
[03Aug2026 00:56:27.472] [Photonic Chunk Compiler #0/INFO] [Photonics/]: Photonics voxel occupancy: state=Block{minecraft:oak_fence}[east=false,north=false,south=false,waterlogged=false,west=false] part=( 0.000E+0  0.000E+0  0.000E+0) slices=y0=0000/0000/0000/0000/0000/0000/03c0/03c0/03c0/03c0/0000/0000/0000/0000/0000/0000;y1=0000/0000/0000/0000/0000/0000/03c0/0240/0240/03c0/0000/0000/0000/0000/0000/0000;y2=0000/0000/0000/0000/0000/0000/03c0/0240/0240/03c0/0000/0000/0000/0000/0000/0000;y3=0000/0000/0000/0000/0000/0000/03c0/0240/0240/03c0/0000/0000/0000/0000/0000/0000;y4=0000/0000/0000/0000/0000/0000/03c0/0240/0240/03c0/0000/0000/0000/0000/0000/0000;y5=0000/0000/0000/0000/0000/0000/03c0/0240/0240/03c0/0000/0000/0000/0000/0000/0000;y6=0000/0000/0000/0000/0000/0000/03c0/0240/0240/03c0/0000/0000/0000/0000/0000/0000;y7=0000/0000/0000/0000/0000/0000/03c0/0240/0240/03c0/0000/0000/0000/0000/0000/0000;y8=0000/0000/0000/0000/0000/0000/03c0/0240/0240/03c0/0000/0000/0000/0000/0000/0000;y9=0000/0000/0000/0000/0000/0000/03c0/0240/0240/03c0/0000/0000/0000/0000/0000/0000;y10=0000/0000/0000/0000/0000/0000/03c0/0240/0240/03c0/0000/0000/0000/0000/0000/0000;y11=0000/0000/0000/0000/0000/0000/03c0/0240/0240/03c0/0000/0000/0000/0000/0000/0000;y12=0000/0000/0000/0000/0000/0000/03c0/0240/0240/03c0/0000/0000/0000/0000/0000/0000;y13=0000/0000/0000/0000/0000/0000/03c0/0240/0240/03c0/0000/0000/0000/0000/0000/0000;y14=0000/0000/0000/0000/0000/0000/03c0/0240/0240/03c0/0000/0000/0000/0000/0000/0000;y15=0000/0000/0000/0000/0000/0000/03c0/03c0/03c0/03c0/0000/0000/0000/0000/0000/0000
[03Aug2026 00:56:27.518] [Render thread/INFO] [top.leonx.irisveil.IrisVeilCompat/]: IrisVeilCompat: using Block program with dithering for translucent 'aeronautics:levitite/levitite'
[03Aug2026 00:56:27.540] [Photonic Chunk Compiler #1/INFO] [Photonics/]: Photonics voxel diagnostic: state=Block{minecraft:verdant_froglight}[axis=y] vertexHash=b01577c3b76f0150 complete=true samples=1600 alphaZero=0 alphaPartial=0 alphaOpaque=1600 rgbMean=[217.1,237.8,214.6] rgbRange=[120-248,166-253,92-248] voxels=1352 aabb=[0,0,0]-[15,15,15] parts=[( 0.000E+0  0.000E+0  0.000E+0)]
[03Aug2026 00:56:27.541] [Photonic Chunk Compiler #1/INFO] [Photonics/]: Photonics voxel occupancy: state=Block{minecraft:verdant_froglight}[axis=y] part=( 0.000E+0  0.000E+0  0.000E+0) slices=y0=ffff/ffff/ffff/ffff/ffff/ffff/ffff/ffff/ffff/ffff/ffff/ffff/ffff/ffff/ffff/ffff;y1=ffff/8001/8001/8001/8001/8001/8001/8001/8001/8001/8001/8001/8001/8001/8001/ffff;y2=ffff/8001/8001/8001/8001/8001/8001/8001/8001/8001/8001/8001/8001/8001/8001/ffff;y3=ffff/8001/8001/8001/8001/8001/8001/8001/8001/8001/8001/8001/8001/8001/8001/ffff;y4=ffff/8001/8001/8001/8001/8001/8001/8001/8001/8001/8001/8001/8001/8001/8001/ffff;y5=ffff/8001/8001/8001/8001/8001/8001/8001/8001/8001/8001/8001/8001/8001/8001/ffff;y6=ffff/8001/8001/8001/8001/8001/8001/8001/8001/8001/8001/8001/8001/8001/8001/ffff;y7=ffff/8001/8001/8001/8001/8001/8001/8001/8001/8001/8001/8001/8001/8001/8001/ffff;y8=ffff/8001/8001/8001/8001/8001/8001/8001/8001/8001/8001/8001/8001/8001/8001/ffff;y9=ffff/8001/8001/8001/8001/8001/8001/8001/8001/8001/8001/8001/8001/8001/8001/ffff;y10=ffff/8001/8001/8001/8001/8001/8001/8001/8001/8001/8001/8001/8001/8001/8001/ffff;y11=ffff/8001/8001/8001/8001/8001/8001/8001/8001/8001/8001/8001/8001/8001/8001/ffff;y12=ffff/8001/8001/8001/8001/8001/8001/8001/8001/8001/8001/8001/8001/8001/8001/ffff;y13=ffff/8001/8001/8001/8001/8001/8001/8001/8001/8001/8001/8001/8001/8001/8001/ffff;y14=ffff/8001/8001/8001/8001/8001/8001/8001/8001/8001/8001/8001/8001/8001/8001/ffff;y15=ffff/ffff/ffff/ffff/ffff/ffff/ffff/ffff/ffff/ffff/ffff/ffff/ffff/ffff/ffff/ffff
[03Aug2026 00:56:27.627] [Render thread/WARN] [net.irisshaders.iris.pipeline.transform.transformer.CompatibilityTransformer/]: The in declaration '_veil_depth' in the gbuffers_veil_aeronautics_levitite_levitite FRAGMENT shader is missing a corresponding out declaration in the previous stage VERTEX and has been compatibility-patched. See debugging.md for more information.
[03Aug2026 00:56:27.627] [Render thread/WARN] [net.irisshaders.iris.pipeline.transform.transformer.CompatibilityTransformer/]: The in declaration '_veil_ghostLayerFullness' in the gbuffers_veil_aeronautics_levitite_levitite FRAGMENT shader is missing a corresponding out declaration in the previous stage VERTEX and has been compatibility-patched. See debugging.md for more information.
[03Aug2026 00:56:27.627] [Render thread/WARN] [net.irisshaders.iris.pipeline.transform.transformer.CompatibilityTransformer/]: The in declaration '_veil_ghostNoiseMagnitude' in the gbuffers_veil_aeronautics_levitite_levitite FRAGMENT shader is missing a corresponding out declaration in the previous stage VERTEX and has been compatibility-patched. See debugging.md for more information.
[03Aug2026 00:56:27.636] [Render thread/INFO] [top.leonx.irisveil.IrisVeilCompat/]: IrisVeilCompat: created Iris ShaderInstance for 'aeronautics:levitite/levitite'
[03Aug2026 00:56:27.666] [Render thread/INFO] [Photonics/]: Photonics history reset v18: reason=initial-clear, buffer=side-b, attachments=[ph_frag_data0, ph_frag_data1], size=-1x-1 -> 912x450
[03Aug2026 00:56:27.670] [Render thread/INFO] [Photonics/]: Photonics history reset v18: reason=initial-clear, buffer=side-a, attachments=[ph_frag_data0, ph_frag_data1], size=-1x-1 -> 912x450
[03Aug2026 00:56:27.672] [Render thread/INFO] [Photonics/]: Photonics history reset v18: reason=initial-clear, buffer=side-b, attachments=[ph_gi_frag_data0, ph_gi_frag_data1], size=-1x-1 -> 608x300
[03Aug2026 00:56:27.672] [Render thread/INFO] [Photonics/]: Photonics history reset v18: reason=initial-clear, buffer=side-a, attachments=[ph_gi_frag_data0, ph_gi_frag_data1], size=-1x-1 -> 608x300
[03Aug2026 00:56:27.673] [Render thread/INFO] [Photonics/]: Photonics history reset v18: reason=initial-clear, buffer=side-b, attachments=[restir_lighting, restir_lighting_variance, restir_direct_reservoirs0, restir_direct_state, restir_external_lighting], size=-1x-1 -> 912x450
[03Aug2026 00:56:27.675] [Render thread/INFO] [Photonics/]: Photonics history reset v18: reason=initial-clear, buffer=side-a, attachments=[restir_lighting, restir_lighting_variance, restir_direct_reservoirs0, restir_direct_state, restir_external_lighting], size=-1x-1 -> 912x450
[03Aug2026 00:56:27.678] [Render thread/INFO] [Photonics/]: Photonics history reset v18: reason=initial-clear, buffer=side-a, attachments=[denoise_result], size=-1x-1 -> 912x450
[03Aug2026 00:56:27.679] [Render thread/INFO] [Photonics/]: Photonics history reset v18: reason=initial-clear, buffer=side-b, attachments=[denoise_result], size=-1x-1 -> 912x450
[03Aug2026 00:56:27.680] [Render thread/INFO] [Photonics/]: Photonics history reset v18: reason=initial-clear, buffer=side-b, attachments=[restir_gi_lighting, restir_gi_lighting_variance, restir_gi_indirect_reservoirs0, restir_gi_indirect_reservoirs1], size=-1x-1 -> 608x300
[03Aug2026 00:56:27.681] [Render thread/INFO] [Photonics/]: Photonics history reset v18: reason=initial-clear, buffer=side-a, attachments=[restir_gi_lighting, restir_gi_lighting_variance, restir_gi_indirect_reservoirs0, restir_gi_indirect_reservoirs1], size=-1x-1 -> 608x300
[03Aug2026 00:56:27.682] [Render thread/INFO] [Photonics/]: Photonics history reset v18: reason=initial-clear, buffer=side-a, attachments=[restir_gi_denoise_result], size=-1x-1 -> 608x300
[03Aug2026 00:56:27.682] [Render thread/INFO] [Photonics/]: Photonics history reset v18: reason=initial-clear, buffer=side-b, attachments=[restir_gi_denoise_result], size=-1x-1 -> 608x300
[03Aug2026 00:56:27.696] [Photonics Light List Compiler/INFO] [Photonics/]: Photonics light candidates v18: eligible=4901, selected=4000, maxLights=4000, lightSections=565, capped=true
[03Aug2026 00:56:27.696] [Photonics Light List Compiler/INFO] [Photonics/]: Photonics light-list publication v88: coalescedBatches=17, peakPendingSections=1088, remainingSections=320, deferredMs=250.141
[03Aug2026 00:56:27.718] [Render thread/INFO] [Veil/]: Multi-Bind supported, using core
[03Aug2026 00:56:27.751] [Render thread/INFO] [xaero.hud.minimap.MinimapLogs/]: Reloading radar icon resources...
[03Aug2026 00:56:27.761] [Render thread/INFO] [xaero.hud.minimap.MinimapLogs/]: Reloaded radar icon resources!
[03Aug2026 00:56:27.770] [Photonics Light List Compiler/INFO] [Photonics/]: Photonics light candidates v18: eligible=5952, selected=4000, maxLights=4000, lightSections=654, capped=true
[03Aug2026 00:56:27.771] [Photonics Light List Compiler/INFO] [Photonics/]: Photonics light-list publication v88: coalescedBatches=7, peakPendingSections=272, remainingSections=0, deferredMs=58.011
[03Aug2026 00:56:27.919] [Render thread/INFO] [Photonics/]: Photonics v64 stale section-light suppression active: lights=1, aliases=2, aliasHoldMs=250, maxAliasesPerLight=24, matching=position+(registry-id/profile diagnostics)+after-loss-owned-nearby-Light-proxy-quarantine, mergeOwner=render-thread
[03Aug2026 00:56:27.919] [Render thread/INFO] [Photonics/]: Photonics v42 frame-aligned Contraption Lights/Sable light bridge active: structures=4, sourceLights=1, uploadedLights=1, identity=sublevel-uuid-token, proposalBudget=adaptive-half-candidates
[03Aug2026 00:56:27.919] [Render thread/INFO] [Photonics/]: Photonics v24 Sable moving lights: 0 -> 1 (structures=4, sourceLights=1)
[03Aug2026 00:56:27.919] [Render thread/INFO] [Photonics/]: Photonics v35 Sable reactive lights: moving=1, stationary=0, uploaded=1
[03Aug2026 00:56:27.919] [Render thread/INFO] [Photonics/]: Photonics v55 Sable skylight diagnostics active: source=ClientSubLevel.latestSkyLightScale, freezeGetter=false
[03Aug2026 00:56:27.919] [Render thread/INFO] [Photonics/]: Photonics v55 Sable skylight transition: subLevel=39defd04-d2b5-48d2-9e04-42c9edf084a2, scale=initial -> 15, logicalY=80.49731 (cell 80), renderY=80.49731 (cell 80), cameraY=110.03690 (cell 110)
[03Aug2026 00:56:27.920] [Render thread/INFO] [Photonics/]: Photonics v55 Sable skylight transition: subLevel=4de0b23a-a039-4374-baa4-dd946612d8f9, scale=initial -> 0, logicalY=76.50000 (cell 76), renderY=76.50000 (cell 76), cameraY=110.03690 (cell 110)
[03Aug2026 00:56:27.920] [Render thread/INFO] [Photonics/]: Photonics v55 Sable skylight transition: subLevel=5a4fd52b-64e6-4f76-8c6d-28e2d8291bb5, scale=initial -> 15, logicalY=88.60160 (cell 88), renderY=88.60160 (cell 88), cameraY=110.03690 (cell 110)
[03Aug2026 00:56:27.920] [Render thread/INFO] [Photonics/]: Photonics v55 Sable skylight transition: subLevel=cbc7d7cd-cd2f-40e1-b271-034f19770a7b, scale=initial -> 0, logicalY=69.49741 (cell 69), renderY=69.49741 (cell 69), cameraY=110.03690 (cell 110)
[03Aug2026 00:56:27.923] [Render thread/INFO] [Photonics/]: Photonics v27 Sable geometry atlas rebuilt: rebuild=1, subLevels=4, receiverCells=16, occluderCells=11, size=4x4x7, precision=solid-block-cell, payloadHash=2dfa281
[03Aug2026 00:56:27.924] [Render thread/INFO] [Photonics/]: Photonics v50 Sable receiver motion active: subLevels=4, classifier=normal-guided-receiver-cell-atlas+emissive-cells, emitterIdentity=explicit-sublevel-token, localVisibility=tri-state-token-gated-conservative-supercover-dda, temporalTransform=camera-relative-stable-anchor-double-compose
[03Aug2026 00:56:27.924] [Render thread/INFO] [Photonics/]: Photonics v24 Sable receiver motion: 0 -> 4
[03Aug2026 00:56:27.952] [Render thread/INFO] [Photonics/]: Photonics world tracing v72: revision=1, settled=false, compiledSections=0, trackedSections=2793, batchBuilt=0, batchUnloaded=14, pendingBuilds=0, pendingUnloads=0, ready=false, depth=0, blockBounds=( 0.000E+0  0.000E+0  0.000E+0)..( 0.000E+0  0.000E+0  0.000E+0), treeBounds=( 0.000E+0  0.000E+0  0.000E+0)..( 0.000E+0  0.000E+0  0.000E+0), origin=( 0.000E+0  0.000E+0  0.000E+0), boundsSource=tree, compileMs=0.908
[03Aug2026 00:56:27.958] [Render thread/INFO] [Photonics/]: Photonics v64 external-light de-duplication: suppressedSectionLights=1, aliasBlockIdMatches=0, aliasLightProfileMatches=0, aliasPositionFallbacks=1, confirmedProxySuppressions=0, quarantinedProxyLights=0, trackedProxyCells=1, replacementAliases=2, externalLights=1, firstSuppressed=( 5.100E+1  6.900E+1  1.400E+2)
[03Aug2026 00:56:27.960] [Render thread/INFO] [Photonics/]: Photonics light list pending: 35 -> 4000
[03Aug2026 00:56:27.960] [Render thread/INFO] [Photonics/]: Photonics v35 direct-light prefixes: movingLights=1, externalLights=1, totalLights=4000, proposalBudget=adaptive-half-candidates
[03Aug2026 00:56:28.107] [Photonic Chunk Compiler #1/INFO] [Photonics/]: Photonics voxel diagnostic: state=Block{minecraft:spruce_fence}[east=false,north=false,south=true,waterlogged=false,west=false] vertexHash=fc99c1162a93de00 complete=true samples=490 alphaZero=0 alphaPartial=0 alphaOpaque=490 rgbMean=[113.0,83.2,47.5] rgbRange=[85-136,58-101,31-58] voxels=296 aabb=[6,0,6]-[9,15,15] parts=[( 0.000E+0  0.000E+0  0.000E+0)]
[03Aug2026 00:56:28.107] [Photonic Chunk Compiler #1/INFO] [Photonics/]: Photonics voxel occupancy: state=Block{minecraft:spruce_fence}[east=false,north=false,south=true,waterlogged=false,west=false] part=( 0.000E+0  0.000E+0  0.000E+0) slices=y0=0000/0000/0000/0000/0000/0000/03c0/03c0/03c0/03c0/0000/0000/0000/0000/0000/0000;y1=0000/0000/0000/0000/0000/0000/03c0/0240/0240/03c0/0000/0000/0000/0000/0000/0000;y2=0000/0000/0000/0000/0000/0000/03c0/0240/0240/03c0/0000/0000/0000/0000/0000/0000;y3=0000/0000/0000/0000/0000/0000/03c0/0240/0240/03c0/0000/0000/0000/0000/0000/0000;y4=0000/0000/0000/0000/0000/0000/03c0/0240/0240/03c0/0000/0000/0000/0000/0000/0000;y5=0000/0000/0000/0000/0000/0000/03c0/0240/0240/03c0/0000/0000/0000/0000/0000/0000;y6=0000/0000/0000/0000/0000/0000/03c0/03c0/03c0/03c0/0180/0180/0180/0180/0180/0180;y7=0000/0000/0000/0000/0000/0000/03c0/03c0/03c0/03c0/0180/0180/0180/0180/0180/0180;y8=0000/0000/0000/0000/0000/0000/03c0/03c0/03c0/03c0/0180/0180/0180/0180/0180/0180;y9=0000/0000/0000/0000/0000/0000/03c0/0240/0240/03c0/0000/0000/0000/0000/0000/0000;y10=0000/0000/0000/0000/0000/0000/03c0/0240/0240/03c0/0000/0000/0000/0000/0000/0000;y11=0000/0000/0000/0000/0000/0000/03c0/0240/0240/03c0/0000/0000/0000/0000/0000/0000;y12=0000/0000/0000/0000/0000/0000/03c0/03c0/03c0/03c0/0180/0180/0180/0180/0180/0180;y13=0000/0000/0000/0000/0000/0000/03c0/03c0/03c0/03c0/0180/0180/0180/0180/0180/0180;y14=0000/0000/0000/0000/0000/0000/03c0/03c0/03c0/03c0/0180/0180/0180/0180/0180/0180;y15=0000/0000/0000/0000/0000/0000/03c0/03c0/03c0/03c0/0000/0000/0000/0000/0000/0000
[03Aug2026 00:56:28.225] [Photonics Light List Compiler/INFO] [Photonics/]: Photonics light candidates v18: eligible=6033, selected=4000, maxLights=4000, lightSections=657, capped=true
[03Aug2026 00:56:28.226] [Photonics Light List Compiler/INFO] [Photonics/]: Photonics light-list publication v88: coalescedBatches=5, peakPendingSections=182, remainingSections=0, deferredMs=15.784
[03Aug2026 00:56:28.261] [Render thread/INFO] [Photonics/]: Photonics v31 suppressing duplicate Contraption Lights/Veil point-light energy; Sable emissive material and bloom remain enabled
[03Aug2026 00:56:28.336] [Render thread/INFO] [Photonics/]: Photonics v35 Sable reactive lights: moving=0, stationary=1, uploaded=1
[03Aug2026 00:56:28.336] [Render thread/INFO] [Photonics/]: Photonics v55 Sable skylight transition: subLevel=39defd04-d2b5-48d2-9e04-42c9edf084a2, scale=15 -> 0, logicalY=80.49731 (cell 80), renderY=80.49731 (cell 80), cameraY=110.03933 (cell 110)
[03Aug2026 00:56:28.337] [Render thread/INFO] [Photonics/]: Photonics v55 Sable skylight transition: subLevel=4de0b23a-a039-4374-baa4-dd946612d8f9, scale=0 -> 15, logicalY=76.50000 (cell 76), renderY=76.50000 (cell 76), cameraY=110.03933 (cell 110)
[03Aug2026 00:56:28.337] [Render thread/INFO] [Photonics/]: Photonics v55 Sable skylight transition: subLevel=cbc7d7cd-cd2f-40e1-b271-034f19770a7b, scale=0 -> 15, logicalY=69.49741 (cell 69), renderY=69.49741 (cell 69), cameraY=110.03933 (cell 110)
[03Aug2026 00:56:28.350] [Render thread/INFO] [Photonics/]: Photonics v35 direct-light prefixes: movingLights=0, externalLights=1, totalLights=4000, proposalBudget=adaptive-half-candidates
[03Aug2026 00:56:28.567] [Render thread/WARN] [Sodium-VertexConsumerTracker/]: Class net.minecraft.client.renderer.SpriteCoordinateExpander does not support optimized vertex writing code paths, which may cause reduced rendering performance
[03Aug2026 00:56:28.596] [Photonics Light List Compiler/INFO] [Photonics/]: Photonics light candidates v18: eligible=6070, selected=4000, maxLights=4000, lightSections=660, capped=true
[03Aug2026 00:56:28.596] [Photonics Light List Compiler/INFO] [Photonics/]: Photonics light-list publication v88: coalescedBatches=8, peakPendingSections=289, remainingSections=0, deferredMs=21.948
[03Aug2026 00:56:28.679] [Render thread/INFO] [Photonics/]: Photonics v55 Sable skylight transition: subLevel=39defd04-d2b5-48d2-9e04-42c9edf084a2, scale=0 -> 15, logicalY=80.49731 (cell 80), renderY=80.49731 (cell 80), cameraY=110.03933 (cell 110)
[03Aug2026 00:56:28.726] [Photonic Chunk Compiler #1/INFO] [Photonics/]: Photonics voxel diagnostic: state=Block{minecraft:oak_fence}[east=true,north=false,south=false,waterlogged=false,west=true] vertexHash=621e0f7db2ab8c0 complete=true samples=700 alphaZero=0 alphaPartial=0 alphaOpaque=700 rgbMean=[158.0,126.9,76.1] rgbRange=[103-194,80-157,44-98] voxels=368 aabb=[0,0,6]-[15,15,9] parts=[( 0.000E+0  0.000E+0  0.000E+0)]
[03Aug2026 00:56:28.726] [Photonic Chunk Compiler #1/INFO] [Photonics/]: Photonics voxel occupancy: state=Block{minecraft:oak_fence}[east=true,north=false,south=false,waterlogged=false,west=true] part=( 0.000E+0  0.000E+0  0.000E+0) slices=y0=0000/0000/0000/0000/0000/0000/03c0/03c0/03c0/03c0/0000/0000/0000/0000/0000/0000;y1=0000/0000/0000/0000/0000/0000/03c0/0240/0240/03c0/0000/0000/0000/0000/0000/0000;y2=0000/0000/0000/0000/0000/0000/03c0/0240/0240/03c0/0000/0000/0000/0000/0000/0000;y3=0000/0000/0000/0000/0000/0000/03c0/0240/0240/03c0/0000/0000/0000/0000/0000/0000;y4=0000/0000/0000/0000/0000/0000/03c0/0240/0240/03c0/0000/0000/0000/0000/0000/0000;y5=0000/0000/0000/0000/0000/0000/03c0/0240/0240/03c0/0000/0000/0000/0000/0000/0000;y6=0000/0000/0000/0000/0000/0000/03c0/ffff/ffff/03c0/0000/0000/0000/0000/0000/0000;y7=0000/0000/0000/0000/0000/0000/03c0/ffff/ffff/03c0/0000/0000/0000/0000/0000/0000;y8=0000/0000/0000/0000/0000/0000/03c0/ffff/ffff/03c0/0000/0000/0000/0000/0000/0000;y9=0000/0000/0000/0000/0000/0000/03c0/0240/0240/03c0/0000/0000/0000/0000/0000/0000;y10=0000/0000/0000/0000/0000/0000/03c0/0240/0240/03c0/0000/0000/0000/0000/0000/0000;y11=0000/0000/0000/0000/0000/0000/03c0/0240/0240/03c0/0000/0000/0000/0000/0000/0000;y12=0000/0000/0000/0000/0000/0000/03c0/ffff/ffff/03c0/0000/0000/0000/0000/0000/0000;y13=0000/0000/0000/0000/0000/0000/03c0/ffff/ffff/03c0/0000/0000/0000/0000/0000/0000;y14=0000/0000/0000/0000/0000/0000/03c0/ffff/ffff/03c0/0000/0000/0000/0000/0000/0000;y15=0000/0000/0000/0000/0000/0000/03c0/03c0/03c0/03c0/0000/0000/0000/0000/0000/0000
[03Aug2026 00:56:28.757] [Photonic Chunk Compiler #1/INFO] [Photonics/]: Photonics voxel diagnostic: state=Block{minecraft:oak_fence}[east=false,north=false,south=true,waterlogged=false,west=true] vertexHash=3d7b79d89f38b8c0 complete=true samples=694 alphaZero=0 alphaPartial=0 alphaOpaque=694 rgbMean=[158.1,127.2,76.1] rgbRange=[103-194,80-157,44-98] voxels=368 aabb=[0,0,6]-[9,15,15] parts=[( 0.000E+0  0.000E+0  0.000E+0)]
[03Aug2026 00:56:28.758] [Photonic Chunk Compiler #1/INFO] [Photonics/]: Photonics voxel occupancy: state=Block{minecraft:oak_fence}[east=false,north=false,south=true,waterlogged=false,west=true] part=( 0.000E+0  0.000E+0  0.000E+0) slices=y0=0000/0000/0000/0000/0000/0000/03c0/03c0/03c0/03c0/0000/0000/0000/0000/0000/0000;y1=0000/0000/0000/0000/0000/0000/03c0/0240/0240/03c0/0000/0000/0000/0000/0000/0000;y2=0000/0000/0000/0000/0000/0000/03c0/0240/0240/03c0/0000/0000/0000/0000/0000/0000;y3=0000/0000/0000/0000/0000/0000/03c0/0240/0240/03c0/0000/0000/0000/0000/0000/0000;y4=0000/0000/0000/0000/0000/0000/03c0/0240/0240/03c0/0000/0000/0000/0000/0000/0000;y5=0000/0000/0000/0000/0000/0000/03c0/0240/0240/03c0/0000/0000/0000/0000/0000/0000;y6=0000/0000/0000/0000/0000/0000/03c0/03ff/03ff/03c0/0180/0180/0180/0180/0180/0180;y7=0000/0000/0000/0000/0000/0000/03c0/03ff/03ff/03c0/0180/0180/0180/0180/0180/0180;y8=0000/0000/0000/0000/0000/0000/03c0/03ff/03ff/03c0/0180/0180/0180/0180/0180/0180;y9=0000/0000/0000/0000/0000/0000/03c0/0240/0240/03c0/0000/0000/0000/0000/0000/0000;y10=0000/0000/0000/0000/0000/0000/03c0/0240/0240/03c0/0000/0000/0000/0000/0000/0000;y11=0000/0000/0000/0000/0000/0000/03c0/0240/0240/03c0/0000/0000/0000/0000/0000/0000;y12=0000/0000/0000/0000/0000/0000/03c0/03ff/03ff/03c0/0180/0180/0180/0180/0180/0180;y13=0000/0000/0000/0000/0000/0000/03c0/03ff/03ff/03c0/0180/0180/0180/0180/0180/0180;y14=0000/0000/0000/0000/0000/0000/03c0/03ff/03ff/03c0/0180/0180/0180/0180/0180/0180;y15=0000/0000/0000/0000/0000/0000/03c0/03c0/03c0/03c0/0000/0000/0000/0000/0000/0000
[03Aug2026 00:56:28.758] [Photonic Chunk Compiler #1/INFO] [Photonics/]: Photonics voxel diagnostic: state=Block{minecraft:oak_fence}[east=false,north=true,south=true,waterlogged=false,west=false] vertexHash=27fb2538b12ab8c0 complete=true samples=688 alphaZero=0 alphaPartial=0 alphaOpaque=688 rgbMean=[158.9,127.9,76.6] rgbRange=[103-194,80-157,44-98] voxels=368 aabb=[6,0,0]-[9,15,15] parts=[( 0.000E+0  0.000E+0  0.000E+0)]
[03Aug2026 00:56:28.758] [Photonic Chunk Compiler #1/INFO] [Photonics/]: Photonics voxel occupancy: state=Block{minecraft:oak_fence}[east=false,north=true,south=true,waterlogged=false,west=false] part=( 0.000E+0  0.000E+0  0.000E+0) slices=y0=0000/0000/0000/0000/0000/0000/03c0/03c0/03c0/03c0/0000/0000/0000/0000/0000/0000;y1=0000/0000/0000/0000/0000/0000/03c0/0240/0240/03c0/0000/0000/0000/0000/0000/0000;y2=0000/0000/0000/0000/0000/0000/03c0/0240/0240/03c0/0000/0000/0000/0000/0000/0000;y3=0000/0000/0000/0000/0000/0000/03c0/0240/0240/03c0/0000/0000/0000/0000/0000/0000;y4=0000/0000/0000/0000/0000/0000/03c0/0240/0240/03c0/0000/0000/0000/0000/0000/0000;y5=0000/0000/0000/0000/0000/0000/03c0/0240/0240/03c0/0000/0000/0000/0000/0000/0000;y6=0180/0180/0180/0180/0180/0180/03c0/03c0/03c0/03c0/0180/0180/0180/0180/0180/0180;y7=0180/0180/0180/0180/0180/0180/03c0/03c0/03c0/03c0/0180/0180/0180/0180/0180/0180;y8=0180/0180/0180/0180/0180/0180/03c0/03c0/03c0/03c0/0180/0180/0180/0180/0180/0180;y9=0000/0000/0000/0000/0000/0000/03c0/0240/0240/03c0/0000/0000/0000/0000/0000/0000;y10=0000/0000/0000/0000/0000/0000/03c0/0240/0240/03c0/0000/0000/0000/0000/0000/0000;y11=0000/0000/0000/0000/0000/0000/03c0/0240/0240/03c0/0000/0000/0000/0000/0000/0000;y12=0180/0180/0180/0180/0180/0180/03c0/03c0/03c0/03c0/0180/0180/0180/0180/0180/0180;y13=0180/0180/0180/0180/0180/0180/03c0/03c0/03c0/03c0/0180/0180/0180/0180/0180/0180;y14=0180/0180/0180/0180/0180/0180/03c0/03c0/03c0/03c0/0180/0180/0180/0180/0180/0180;y15=0000/0000/0000/0000/0000/0000/03c0/03c0/03c0/03c0/0000/0000/0000/0000/0000/0000
[03Aug2026 00:56:28.759] [Photonic Chunk Compiler #1/INFO] [Photonics/]: Photonics voxel diagnostic: state=Block{minecraft:oak_fence}[east=false,north=true,south=false,waterlogged=false,west=true] vertexHash=63649c8b921cb8c0 complete=true samples=694 alphaZero=0 alphaPartial=0 alphaOpaque=694 rgbMean=[158.8,127.7,76.6] rgbRange=[103-194,80-157,44-98] voxels=368 aabb=[0,0,0]-[9,15,9] parts=[( 0.000E+0  0.000E+0  0.000E+0)]
[03Aug2026 00:56:28.759] [Photonic Chunk Compiler #1/INFO] [Photonics/]: Photonics voxel occupancy: state=Block{minecraft:oak_fence}[east=false,north=true,south=false,waterlogged=false,west=true] part=( 0.000E+0  0.000E+0  0.000E+0) slices=y0=0000/0000/0000/0000/0000/0000/03c0/03c0/03c0/03c0/0000/0000/0000/0000/0000/0000;y1=0000/0000/0000/0000/0000/0000/03c0/0240/0240/03c0/0000/0000/0000/0000/0000/0000;y2=0000/0000/0000/0000/0000/0000/03c0/0240/0240/03c0/0000/0000/0000/0000/0000/0000;y3=0000/0000/0000/0000/0000/0000/03c0/0240/0240/03c0/0000/0000/0000/0000/0000/0000;y4=0000/0000/0000/0000/0000/0000/03c0/0240/0240/03c0/0000/0000/0000/0000/0000/0000;y5=0000/0000/0000/0000/0000/0000/03c0/0240/0240/03c0/0000/0000/0000/0000/0000/0000;y6=0180/0180/0180/0180/0180/0180/03c0/03ff/03ff/03c0/0000/0000/0000/0000/0000/0000;y7=0180/0180/0180/0180/0180/0180/03c0/03ff/03ff/03c0/0000/0000/0000/0000/0000/0000;y8=0180/0180/0180/0180/0180/0180/03c0/03ff/03ff/03c0/0000/0000/0000/0000/0000/0000;y9=0000/0000/0000/0000/0000/0000/03c0/0240/0240/03c0/0000/0000/0000/0000/0000/0000;y10=0000/0000/0000/0000/0000/0000/03c0/0240/0240/03c0/0000/0000/0000/0000/0000/0000;y11=0000/0000/0000/0000/0000/0000/03c0/0240/0240/03c0/0000/0000/0000/0000/0000/0000;y12=0180/0180/0180/0180/0180/0180/03c0/03ff/03ff/03c0/0000/0000/0000/0000/0000/0000;y13=0180/0180/0180/0180/0180/0180/03c0/03ff/03ff/03c0/0000/0000/0000/0000/0000/0000;y14=0180/0180/0180/0180/0180/0180/03c0/03ff/03ff/03c0/0000/0000/0000/0000/0000/0000;y15=0000/0000/0000/0000/0000/0000/03c0/03c0/03c0/03c0/0000/0000/0000/0000/0000/0000
[03Aug2026 00:56:28.983] [Photonics Light List Compiler/INFO] [Photonics/]: Photonics light candidates v18: eligible=6117, selected=4000, maxLights=4000, lightSections=664, capped=true
[03Aug2026 00:56:28.986] [Photonics Light List Compiler/INFO] [Photonics/]: Photonics light-list publication v88: coalescedBatches=7, peakPendingSections=308, remainingSections=0, deferredMs=22.414
[03Aug2026 00:56:29.107] [Render thread/INFO] [Photonics/]: Photonics world tracing v72: revision=4, settled=false, compiledSections=58, trackedSections=2987, batchBuilt=18, batchUnloaded=0, pendingBuilds=2, pendingUnloads=0, ready=true, depth=6, blockBounds=( 1.280E+2  1.280E+2  8.000E+1)..( 2.720E+2  2.560E+2  3.040E+2), treeBounds=( 0.000E+0  0.000E+0  0.000E+0)..( 1.024E+3  1.024E+3  1.024E+3), origin=(-1.280E+2 -1.280E+2 -6.400E+1), boundsSource=compiled, compileMs=34.839
[03Aug2026 00:56:29.322] [Photonics Light List Compiler/INFO] [Photonics/]: Photonics light candidates v18: eligible=6133, selected=4000, maxLights=4000, lightSections=666, capped=true
[03Aug2026 00:56:29.322] [Photonics Light List Compiler/INFO] [Photonics/]: Photonics light-list publication v88: coalescedBatches=6, peakPendingSections=303, remainingSections=0, deferredMs=19.196
[03Aug2026 00:56:29.570] [Photonics Light List Compiler/INFO] [Photonics/]: Photonics light-list publication v88: coalescedBatches=7, peakPendingSections=246, remainingSections=0, deferredMs=15.568
[03Aug2026 00:56:29.686] [Photonic Chunk Compiler #1/INFO] [Photonics/]: Photonics voxel diagnostic: state=Block{minecraft:oak_trapdoor}[facing=north,half=bottom,open=true,powered=false,waterlogged=false] vertexHash=7359bad0f2e88340 complete=true samples=736 alphaZero=84 alphaPartial=0 alphaOpaque=652 rgbMean=[125.0,99.5,56.8] rgbRange=[74-179,60-140,32-81] voxels=500 aabb=[0,0,13]-[15,15,15] parts=[( 0.000E+0  0.000E+0  0.000E+0)]
[03Aug2026 00:56:29.686] [Photonic Chunk Compiler #1/INFO] [Photonics/]: Photonics voxel occupancy: state=Block{minecraft:oak_trapdoor}[facing=north,half=bottom,open=true,powered=false,waterlogged=false] part=( 0.000E+0  0.000E+0  0.000E+0) slices=y0=0000/0000/0000/0000/0000/0000/0000/0000/0000/0000/0000/0000/0000/ffff/ffff/ffff;y1=0000/0000/0000/0000/0000/0000/0000/0000/0000/0000/0000/0000/0000/ffff/8001/ffff;y2=0000/0000/0000/0000/0000/0000/0000/0000/0000/0000/0000/0000/0000/ffff/8001/ffff;y3=0000/0000/0000/0000/0000/0000/0000/0000/0000/0000/0000/0000/0000/e3c7/8001/e3c7;y4=0000/0000/0000/0000/0000/0000/0000/0000/0000/0000/0000/0000/0000/e3c7/8001/e3c7;y5=0000/0000/0000/0000/0000/0000/0000/0000/0000/0000/0000/0000/0000/e3c7/8001/e3c7;y6=0000/0000/0000/0000/0000/0000/0000/0000/0000/0000/0000/0000/0000/ffff/8001/ffff;y7=0000/0000/0000/0000/0000/0000/0000/0000/0000/0000/0000/0000/0000/ffff/8001/ffff;y8=0000/0000/0000/0000/0000/0000/0000/0000/0000/0000/0000/0000/0000/ffff/8001/ffff;y9=0000/0000/0000/0000/0000/0000/0000/0000/0000/0000/0000/0000/0000/ffff/8001/ffff;y10=0000/0000/0000/0000/0000/0000/0000/0000/0000/0000/0000/0000/0000/e3c7/8001/e3c7;y11=0000/0000/0000/0000/0000/0000/0000/0000/0000/0000/0000/0000/0000/e3c7/8001/e3c7;y12=0000/0000/0000/0000/0000/0000/0000/0000/0000/0000/0000/0000/0000/e3c7/8001/e3c7;y13=0000/0000/0000/0000/0000/0000/0000/0000/0000/0000/0000/0000/0000/ffff/8001/ffff;y14=0000/0000/0000/0000/0000/0000/0000/0000/0000/0000/0000/0000/0000/ffff/8001/ffff;y15=0000/0000/0000/0000/0000/0000/0000/0000/0000/0000/0000/0000/0000/ffff/ffff/ffff
[03Aug2026 00:56:29.687] [Photonic Chunk Compiler #1/INFO] [Photonics/]: Photonics voxel diagnostic: state=Block{minecraft:oak_trapdoor}[facing=south,half=bottom,open=true,powered=false,waterlogged=false] vertexHash=e50345e661a88340 complete=true samples=736 alphaZero=84 alphaPartial=0 alphaOpaque=652 rgbMean=[125.0,99.5,56.8] rgbRange=[74-179,60-140,32-81] voxels=500 aabb=[0,0,0]-[15,15,2] parts=[( 0.000E+0  0.000E+0  0.000E+0)]
[03Aug2026 00:56:29.687] [Photonic Chunk Compiler #1/INFO] [Photonics/]: Photonics voxel occupancy: state=Block{minecraft:oak_trapdoor}[facing=south,half=bottom,open=true,powered=false,waterlogged=false] part=( 0.000E+0  0.000E+0  0.000E+0) slices=y0=ffff/ffff/ffff/0000/0000/0000/0000/0000/0000/0000/0000/0000/0000/0000/0000/0000;y1=ffff/8001/ffff/0000/0000/0000/0000/0000/0000/0000/0000/0000/0000/0000/0000/0000;y2=ffff/8001/ffff/0000/0000/0000/0000/0000/0000/0000/0000/0000/0000/0000/0000/0000;y3=e3c7/8001/e3c7/0000/0000/0000/0000/0000/0000/0000/0000/0000/0000/0000/0000/0000;y4=e3c7/8001/e3c7/0000/0000/0000/0000/0000/0000/0000/0000/0000/0000/0000/0000/0000;y5=e3c7/8001/e3c7/0000/0000/0000/0000/0000/0000/0000/0000/0000/0000/0000/0000/0000;y6=ffff/8001/ffff/0000/0000/0000/0000/0000/0000/0000/0000/0000/0000/0000/0000/0000;y7=ffff/8001/ffff/0000/0000/0000/0000/0000/0000/0000/0000/0000/0000/0000/0000/0000;y8=ffff/8001/ffff/0000/0000/0000/0000/0000/0000/0000/0000/0000/0000/0000/0000/0000;y9=ffff/8001/ffff/0000/0000/0000/0000/0000/0000/0000/0000/0000/0000/0000/0000/0000;y10=e3c7/8001/e3c7/0000/0000/0000/0000/0000/0000/0000/0000/0000/0000/0000/0000/0000;y11=e3c7/8001/e3c7/0000/0000/0000/0000/0000/0000/0000/0000/0000/0000/0000/0000/0000;y12=e3c7/8001/e3c7/0000/0000/0000/0000/0000/0000/0000/0000/0000/0000/0000/0000/0000;y13=ffff/8001/ffff/0000/0000/0000/0000/0000/0000/0000/0000/0000/0000/0000/0000/0000;y14=ffff/8001/ffff/0000/0000/0000/0000/0000/0000/0000/0000/0000/0000/0000/0000/0000;y15=ffff/ffff/ffff/0000/0000/0000/0000/0000/0000/0000/0000/0000/0000/0000/0000/0000
[03Aug2026 00:56:29.691] [Photonic Chunk Compiler #1/INFO] [Photonics/]: Photonics voxel diagnostic: state=Block{minecraft:oak_trapdoor}[facing=east,half=bottom,open=true,powered=false,waterlogged=false] vertexHash=3bc893da54546e28 complete=true samples=720 alphaZero=78 alphaPartial=0 alphaOpaque=642 rgbMean=[125.0,99.5,56.8] rgbRange=[74-179,60-140,32-81] voxels=496 aabb=[0,0,0]-[2,15,15] parts=[( 0.000E+0  0.000E+0  0.000E+0)]
[03Aug2026 00:56:29.692] [Photonic Chunk Compiler #1/INFO] [Photonics/]: Photonics voxel occupancy: state=Block{minecraft:oak_trapdoor}[facing=east,half=bottom,open=true,powered=false,waterlogged=false] part=( 0.000E+0  0.000E+0  0.000E+0) slices=y0=0007/0007/0007/0007/0007/0007/0007/0007/0007/0007/0007/0007/0007/0007/0007/0007;y1=0007/0005/0005/0005/0005/0005/0005/0005/0005/0005/0005/0005/0005/0005/0004/0007;y2=0007/0005/0005/0005/0005/0005/0005/0005/0005/0005/0005/0005/0005/0004/0005/0007;y3=0007/0005/0005/0000/0000/0000/0005/0005/0005/0005/0000/0000/0000/0005/0005/0007;y4=0007/0005/0005/0000/0000/0000/0005/0005/0005/0005/0000/0000/0000/0005/0005/0007;y5=0007/0005/0005/0000/0000/0000/0005/0005/0005/0005/0000/0000/0000/0005/0005/0007;y6=0007/0005/0005/0005/0005/0005/0005/0005/0005/0004/0005/0005/0005/0005/0005/0007;y7=0007/0005/0005/0005/0005/0005/0005/0005/0004/0005/0005/0005/0005/0005/0005/0007;y8=0007/0005/0005/0005/0005/0005/0005/0005/0005/0005/0005/0005/0005/0005/0005/0007;y9=0007/0005/0005/0005/0005/0005/0005/0005/0005/0005/0005/0005/0005/0005/0005/0007;y10=0007/0005/0005/0000/0000/0000/0005/0005/0005/0005/0000/0000/0000/0005/0005/0007;y11=0007/0005/0005/0000/0000/0000/0005/0005/0005/0005/0000/0000/0000/0005/0005/0007;y12=0007/0005/0005/0000/0000/0000/0005/0005/0005/0005/0000/0000/0000/0005/0005/0007;y13=0007/0005/0005/0005/0005/0005/0005/0005/0005/0005/0005/0005/0005/0005/0005/0007;y14=0007/0005/0005/0005/0005/0005/0005/0005/0005/0005/0005/0005/0005/0005/0005/0007;y15=0007/0007/0007/0007/0007/0007/0007/0007/0007/0007/0007/0007/0007/0007/0007/0007
[03Aug2026 00:56:29.698] [Photonic Chunk Compiler #0/INFO] [Photonics/]: Photonics voxel diagnostic: state=Block{minecraft:oak_fence}[east=true,north=false,south=true,waterlogged=false,west=false] vertexHash=f0d9344fa38b8c0 complete=true samples=694 alphaZero=0 alphaPartial=0 alphaOpaque=694 rgbMean=[158.1,127.2,76.1] rgbRange=[103-194,80-157,44-98] voxels=368 aabb=[6,0,6]-[15,15,15] parts=[( 0.000E+0  0.000E+0  0.000E+0)]
[03Aug2026 00:56:29.698] [Photonic Chunk Compiler #0/INFO] [Photonics/]: Photonics voxel occupancy: state=Block{minecraft:oak_fence}[east=true,north=false,south=true,waterlogged=false,west=false] part=( 0.000E+0  0.000E+0  0.000E+0) slices=y0=0000/0000/0000/0000/0000/0000/03c0/03c0/03c0/03c0/0000/0000/0000/0000/0000/0000;y1=0000/0000/0000/0000/0000/0000/03c0/0240/0240/03c0/0000/0000/0000/0000/0000/0000;y2=0000/0000/0000/0000/0000/0000/03c0/0240/0240/03c0/0000/0000/0000/0000/0000/0000;y3=0000/0000/0000/0000/0000/0000/03c0/0240/0240/03c0/0000/0000/0000/0000/0000/0000;y4=0000/0000/0000/0000/0000/0000/03c0/0240/0240/03c0/0000/0000/0000/0000/0000/0000;y5=0000/0000/0000/0000/0000/0000/03c0/0240/0240/03c0/0000/0000/0000/0000/0000/0000;y6=0000/0000/0000/0000/0000/0000/03c0/ffc0/ffc0/03c0/0180/0180/0180/0180/0180/0180;y7=0000/0000/0000/0000/0000/0000/03c0/ffc0/ffc0/03c0/0180/0180/0180/0180/0180/0180;y8=0000/0000/0000/0000/0000/0000/03c0/ffc0/ffc0/03c0/0180/0180/0180/0180/0180/0180;y9=0000/0000/0000/0000/0000/0000/03c0/0240/0240/03c0/0000/0000/0000/0000/0000/0000;y10=0000/0000/0000/0000/0000/0000/03c0/0240/0240/03c0/0000/0000/0000/0000/0000/0000;y11=0000/0000/0000/0000/0000/0000/03c0/0240/0240/03c0/0000/0000/0000/0000/0000/0000;y12=0000/0000/0000/0000/0000/0000/03c0/ffc0/ffc0/03c0/0180/0180/0180/0180/0180/0180;y13=0000/0000/0000/0000/0000/0000/03c0/ffc0/ffc0/03c0/0180/0180/0180/0180/0180/0180;y14=0000/0000/0000/0000/0000/0000/03c0/ffc0/ffc0/03c0/0180/0180/0180/0180/0180/0180;y15=0000/0000/0000/0000/0000/0000/03c0/03c0/03c0/03c0/0000/0000/0000/0000/0000/0000
[03Aug2026 00:56:29.698] [Photonic Chunk Compiler #0/INFO] [Photonics/]: Photonics voxel diagnostic: state=Block{minecraft:oak_fence}[east=true,north=true,south=false,waterlogged=false,west=false] vertexHash=6d78025a2d1cb8c0 complete=true samples=694 alphaZero=0 alphaPartial=0 alphaOpaque=694 rgbMean=[158.8,127.7,76.6] rgbRange=[103-194,80-157,44-98] voxels=368 aabb=[6,0,0]-[15,15,9] parts=[( 0.000E+0  0.000E+0  0.000E+0)]
[03Aug2026 00:56:29.699] [Photonic Chunk Compiler #0/INFO] [Photonics/]: Photonics voxel occupancy: state=Block{minecraft:oak_fence}[east=true,north=true,south=false,waterlogged=false,west=false] part=( 0.000E+0  0.000E+0  0.000E+0) slices=y0=0000/0000/0000/0000/0000/0000/03c0/03c0/03c0/03c0/0000/0000/0000/0000/0000/0000;y1=0000/0000/0000/0000/0000/0000/03c0/0240/0240/03c0/0000/0000/0000/0000/0000/0000;y2=0000/0000/0000/0000/0000/0000/03c0/0240/0240/03c0/0000/0000/0000/0000/0000/0000;y3=0000/0000/0000/0000/0000/0000/03c0/0240/0240/03c0/0000/0000/0000/0000/0000/0000;y4=0000/0000/0000/0000/0000/0000/03c0/0240/0240/03c0/0000/0000/0000/0000/0000/0000;y5=0000/0000/0000/0000/0000/0000/03c0/0240/0240/03c0/0000/0000/0000/0000/0000/0000;y6=0180/0180/0180/0180/0180/0180/03c0/ffc0/ffc0/03c0/0000/0000/0000/0000/0000/0000;y7=0180/0180/0180/0180/0180/0180/03c0/ffc0/ffc0/03c0/0000/0000/0000/0000/0000/0000;y8=0180/0180/0180/0180/0180/0180/03c0/ffc0/ffc0/03c0/0000/0000/0000/0000/0000/0000;y9=0000/0000/0000/0000/0000/0000/03c0/0240/0240/03c0/0000/0000/0000/0000/0000/0000;y10=0000/0000/0000/0000/0000/0000/03c0/0240/0240/03c0/0000/0000/0000/0000/0000/0000;y11=0000/0000/0000/0000/0000/0000/03c0/0240/0240/03c0/0000/0000/0000/0000/0000/0000;y12=0180/0180/0180/0180/0180/0180/03c0/ffc0/ffc0/03c0/0000/0000/0000/0000/0000/0000;y13=0180/0180/0180/0180/0180/0180/03c0/ffc0/ffc0/03c0/0000/0000/0000/0000/0000/0000;y14=0180/0180/0180/0180/0180/0180/03c0/ffc0/ffc0/03c0/0000/0000/0000/0000/0000/0000;y15=0000/0000/0000/0000/0000/0000/03c0/03c0/03c0/03c0/0000/0000/0000/0000/0000/0000
[03Aug2026 00:56:29.781] [Photonics Light List Compiler/INFO] [Photonics/]: Photonics light candidates v18: eligible=6139, selected=4000, maxLights=4000, lightSections=667, capped=true
[03Aug2026 00:56:29.781] [Photonics Light List Compiler/INFO] [Photonics/]: Photonics light-list publication v88: coalescedBatches=7, peakPendingSections=366, remainingSections=0, deferredMs=21.191
[03Aug2026 00:56:29.984] [Photonics Light List Compiler/INFO] [Photonics/]: Photonics light candidates v18: eligible=6258, selected=4000, maxLights=4000, lightSections=676, capped=true
[03Aug2026 00:56:29.985] [Photonics Light List Compiler/INFO] [Photonics/]: Photonics light-list publication v88: coalescedBatches=8, peakPendingSections=341, remainingSections=0, deferredMs=22.517
[03Aug2026 00:56:30.215] [Photonics Light List Compiler/INFO] [Photonics/]: Photonics light-list publication v88: coalescedBatches=2, peakPendingSections=33, remainingSections=0, deferredMs=3.359
[03Aug2026 00:56:30.248] [Render thread/INFO] [Photonics/]: Photonics world tracing v72: revision=9, settled=false, compiledSections=123, trackedSections=3125, batchBuilt=7, batchUnloaded=0, pendingBuilds=1, pendingUnloads=0, ready=true, depth=6, blockBounds=( 1.120E+2  1.280E+2  8.000E+1)..( 3.040E+2  2.560E+2  3.200E+2), treeBounds=( 0.000E+0  0.000E+0  0.000E+0)..( 1.024E+3  1.024E+3  1.024E+3), origin=(-1.280E+2 -1.280E+2 -6.400E+1), boundsSource=compiled, compileMs=19.853
[03Aug2026 00:56:30.365] [Photonics Light List Compiler/INFO] [Photonics/]: Photonics light candidates v18: eligible=6259, selected=4000, maxLights=4000, lightSections=677, capped=true
[03Aug2026 00:56:30.487] [Photonic Chunk Compiler #0/INFO] [Photonics/]: Photonics voxel diagnostic: state=Block{minecraft:oak_fence}[east=true,north=false,south=true,waterlogged=false,west=true] vertexHash=253b7635a4501380 complete=true samples=898 alphaZero=0 alphaPartial=0 alphaOpaque=898 rgbMean=[157.7,126.7,75.9] rgbRange=[103-194,80-157,44-98] voxels=440 aabb=[0,0,6]-[15,15,15] parts=[( 0.000E+0  0.000E+0  0.000E+0)]
[03Aug2026 00:56:30.487] [Photonic Chunk Compiler #0/INFO] [Photonics/]: Photonics voxel occupancy: state=Block{minecraft:oak_fence}[east=true,north=false,south=true,waterlogged=false,west=true] part=( 0.000E+0  0.000E+0  0.000E+0) slices=y0=0000/0000/0000/0000/0000/0000/03c0/03c0/03c0/03c0/0000/0000/0000/0000/0000/0000;y1=0000/0000/0000/0000/0000/0000/03c0/0240/0240/03c0/0000/0000/0000/0000/0000/0000;y2=0000/0000/0000/0000/0000/0000/03c0/0240/0240/03c0/0000/0000/0000/0000/0000/0000;y3=0000/0000/0000/0000/0000/0000/03c0/0240/0240/03c0/0000/0000/0000/0000/0000/0000;y4=0000/0000/0000/0000/0000/0000/03c0/0240/0240/03c0/0000/0000/0000/0000/0000/0000;y5=0000/0000/0000/0000/0000/0000/03c0/0240/0240/03c0/0000/0000/0000/0000/0000/0000;y6=0000/0000/0000/0000/0000/0000/03c0/ffff/ffff/03c0/0180/0180/0180/0180/0180/0180;y7=0000/0000/0000/0000/0000/0000/03c0/ffff/ffff/03c0/0180/0180/0180/0180/0180/0180;y8=0000/0000/0000/0000/0000/0000/03c0/ffff/ffff/03c0/0180/0180/0180/0180/0180/0180;y9=0000/0000/0000/0000/0000/0000/03c0/0240/0240/03c0/0000/0000/0000/0000/0000/0000;y10=0000/0000/0000/0000/0000/0000/03c0/0240/0240/03c0/0000/0000/0000/0000/0000/0000;y11=0000/0000/0000/0000/0000/0000/03c0/0240/0240/03c0/0000/0000/0000/0000/0000/0000;y12=0000/0000/0000/0000/0000/0000/03c0/ffff/ffff/03c0/0180/0180/0180/0180/0180/0180;y13=0000/0000/0000/0000/0000/0000/03c0/ffff/ffff/03c0/0180/0180/0180/0180/0180/0180;y14=0000/0000/0000/0000/0000/0000/03c0/ffff/ffff/03c0/0180/0180/0180/0180/0180/0180;y15=0000/0000/0000/0000/0000/0000/03c0/03c0/03c0/03c0/0000/0000/0000/0000/0000/0000
[03Aug2026 00:56:30.488] [Photonic Chunk Compiler #0/INFO] [Photonics/]: Photonics voxel diagnostic: state=Block{minecraft:oak_fence_gate}[facing=north,in_wall=false,open=false,powered=false] vertexHash=88248a7208e56b00 complete=true samples=520 alphaZero=0 alphaPartial=0 alphaOpaque=520 rgbMean=[159.5,128.3,76.9] rgbRange=[103-194,80-157,44-98] voxels=256 aabb=[0,5,7]-[15,15,8] parts=[( 0.000E+0  0.000E+0  0.000E+0)]
[03Aug2026 00:56:30.488] [Photonic Chunk Compiler #0/INFO] [Photonics/]: Photonics voxel occupancy: state=Block{minecraft:oak_fence_gate}[facing=north,in_wall=false,open=false,powered=false] part=( 0.000E+0  0.000E+0  0.000E+0) slices=y5=0000/0000/0000/0000/0000/0000/0000/c003/c003/0000/0000/0000/0000/0000/0000/0000;y6=0000/0000/0000/0000/0000/0000/0000/ffff/ffff/0000/0000/0000/0000/0000/0000/0000;y7=0000/0000/0000/0000/0000/0000/0000/ffff/ffff/0000/0000/0000/0000/0000/0000/0000;y8=0000/0000/0000/0000/0000/0000/0000/ffff/ffff/0000/0000/0000/0000/0000/0000/0000;y9=0000/0000/0000/0000/0000/0000/0000/c3c3/c3c3/0000/0000/0000/0000/0000/0000/0000;y10=0000/0000/0000/0000/0000/0000/0000/c3c3/c3c3/0000/0000/0000/0000/0000/0000/0000;y11=0000/0000/0000/0000/0000/0000/0000/c3c3/c3c3/0000/0000/0000/0000/0000/0000/0000;y12=0000/0000/0000/0000/0000/0000/0000/ffff/ffff/0000/0000/0000/0000/0000/0000/0000;y13=0000/0000/0000/0000/0000/0000/0000/ffff/ffff/0000/0000/0000/0000/0000/0000/0000;y14=0000/0000/0000/0000/0000/0000/0000/ffff/ffff/0000/0000/0000/0000/0000/0000/0000;y15=0000/0000/0000/0000/0000/0000/0000/c003/c003/0000/0000/0000/0000/0000/0000/0000
[03Aug2026 00:56:30.490] [Photonic Chunk Compiler #0/INFO] [Photonics/]: Photonics voxel diagnostic: state=Block{minecraft:oak_fence_gate}[facing=south,in_wall=false,open=false,powered=false] vertexHash=ab1fa99b40e56b00 complete=true samples=520 alphaZero=0 alphaPartial=0 alphaOpaque=520 rgbMean=[159.5,128.3,76.9] rgbRange=[103-194,80-157,44-98] voxels=256 aabb=[0,5,7]-[15,15,8] parts=[( 0.000E+0  0.000E+0  0.000E+0)]
[03Aug2026 00:56:30.490] [Photonic Chunk Compiler #0/INFO] [Photonics/]: Photonics voxel occupancy: state=Block{minecraft:oak_fence_gate}[facing=south,in_wall=false,open=false,powered=false] part=( 0.000E+0  0.000E+0  0.000E+0) slices=y5=0000/0000/0000/0000/0000/0000/0000/c003/c003/0000/0000/0000/0000/0000/0000/0000;y6=0000/0000/0000/0000/0000/0000/0000/ffff/ffff/0000/0000/0000/0000/0000/0000/0000;y7=0000/0000/0000/0000/0000/0000/0000/ffff/ffff/0000/0000/0000/0000/0000/0000/0000;y8=0000/0000/0000/0000/0000/0000/0000/ffff/ffff/0000/0000/0000/0000/0000/0000/0000;y9=0000/0000/0000/0000/0000/0000/0000/c3c3/c3c3/0000/0000/0000/0000/0000/0000/0000;y10=0000/0000/0000/0000/0000/0000/0000/c3c3/c3c3/0000/0000/0000/0000/0000/0000/0000;y11=0000/0000/0000/0000/0000/0000/0000/c3c3/c3c3/0000/0000/0000/0000/0000/0000/0000;y12=0000/0000/0000/0000/0000/0000/0000/ffff/ffff/0000/0000/0000/0000/0000/0000/0000;y13=0000/0000/0000/0000/0000/0000/0000/ffff/ffff/0000/0000/0000/0000/0000/0000/0000;y14=0000/0000/0000/0000/0000/0000/0000/ffff/ffff/0000/0000/0000/0000/0000/0000/0000;y15=0000/0000/0000/0000/0000/0000/0000/c003/c003/0000/0000/0000/0000/0000/0000/0000
[03Aug2026 00:56:30.498] [Photonic Chunk Compiler #0/INFO] [Photonics/]: Photonics voxel diagnostic: state=Block{minecraft:oak_fence_gate}[facing=east,in_wall=false,open=false,powered=false] vertexHash=db1a42b8266793c8 complete=true samples=518 alphaZero=0 alphaPartial=0 alphaOpaque=518 rgbMean=[159.6,128.7,77.0] rgbRange=[103-194,80-157,44-98] voxels=256 aabb=[7,5,0]-[8,15,15] parts=[( 0.000E+0  0.000E+0  0.000E+0)]
[03Aug2026 00:56:30.498] [Photonic Chunk Compiler #0/INFO] [Photonics/]: Photonics voxel occupancy: state=Block{minecraft:oak_fence_gate}[facing=east,in_wall=false,open=false,powered=false] part=( 0.000E+0  0.000E+0  0.000E+0) slices=y5=0180/0180/0000/0000/0000/0000/0000/0000/0000/0000/0000/0000/0000/0000/0180/0180;y6=0180/0180/0180/0180/0180/0180/0180/0180/0180/0180/0180/0180/0180/0180/0180/0180;y7=0180/0180/0180/0180/0180/0180/0180/0180/0180/0180/0180/0180/0180/0180/0180/0180;y8=0180/0180/0180/0180/0180/0180/0180/0180/0180/0180/0180/0180/0180/0180/0180/0180;y9=0180/0180/0000/0000/0000/0000/0180/0180/0180/0180/0000/0000/0000/0000/0180/0180;y10=0180/0180/0000/0000/0000/0000/0180/0180/0180/0180/0000/0000/0000/0000/0180/0180;y11=0180/0180/0000/0000/0000/0000/0180/0180/0180/0180/0000/0000/0000/0000/0180/0180;y12=0180/0180/0180/0180/0180/0180/0180/0180/0180/0180/0180/0180/0180/0180/0180/0180;y13=0180/0180/0180/0180/0180/0180/0180/0180/0180/0180/0180/0180/0180/0180/0180/0180;y14=0180/0180/0180/0180/0180/0180/0180/0180/0180/0180/0180/0180/0180/0180/0180/0180;y15=0180/0180/0000/0000/0000/0000/0000/0000/0000/0000/0000/0000/0000/0000/0180/0180
[03Aug2026 00:56:30.631] [Photonic Chunk Compiler #1/INFO] [Photonics/]: Photonics voxel diagnostic: state=Block{minecraft:spruce_fence}[east=false,north=false,south=true,waterlogged=false,west=true] vertexHash=7eda05b54ce8b8c0 complete=true samples=694 alphaZero=0 alphaPartial=0 alphaOpaque=694 rgbMean=[112.6,82.9,47.3] rgbRange=[85-136,58-101,31-58] voxels=368 aabb=[0,0,6]-[9,15,15] parts=[( 0.000E+0  0.000E+0  0.000E+0)]
[03Aug2026 00:56:30.632] [Photonic Chunk Compiler #1/INFO] [Photonics/]: Photonics voxel occupancy: state=Block{minecraft:spruce_fence}[east=false,north=false,south=true,waterlogged=false,west=true] part=( 0.000E+0  0.000E+0  0.000E+0) slices=y0=0000/0000/0000/0000/0000/0000/03c0/03c0/03c0/03c0/0000/0000/0000/0000/0000/0000;y1=0000/0000/0000/0000/0000/0000/03c0/0240/0240/03c0/0000/0000/0000/0000/0000/0000;y2=0000/0000/0000/0000/0000/0000/03c0/0240/0240/03c0/0000/0000/0000/0000/0000/0000;y3=0000/0000/0000/0000/0000/0000/03c0/0240/0240/03c0/0000/0000/0000/0000/0000/0000;y4=0000/0000/0000/0000/0000/0000/03c0/0240/0240/03c0/0000/0000/0000/0000/0000/0000;y5=0000/0000/0000/0000/0000/0000/03c0/0240/0240/03c0/0000/0000/0000/0000/0000/0000;y6=0000/0000/0000/0000/0000/0000/03c0/03ff/03ff/03c0/0180/0180/0180/0180/0180/0180;y7=0000/0000/0000/0000/0000/0000/03c0/03ff/03ff/03c0/0180/0180/0180/0180/0180/0180;y8=0000/0000/0000/0000/0000/0000/03c0/03ff/03ff/03c0/0180/0180/0180/0180/0180/0180;y9=0000/0000/0000/0000/0000/0000/03c0/0240/0240/03c0/0000/0000/0000/0000/0000/0000;y10=0000/0000/0000/0000/0000/0000/03c0/0240/0240/03c0/0000/0000/0000/0000/0000/0000;y11=0000/0000/0000/0000/0000/0000/03c0/0240/0240/03c0/0000/0000/0000/0000/0000/0000;y12=0000/0000/0000/0000/0000/0000/03c0/03ff/03ff/03c0/0180/0180/0180/0180/0180/0180;y13=0000/0000/0000/0000/0000/0000/03c0/03ff/03ff/03c0/0180/0180/0180/0180/0180/0180;y14=0000/0000/0000/0000/0000/0000/03c0/03ff/03ff/03c0/0180/0180/0180/0180/0180/0180;y15=0000/0000/0000/0000/0000/0000/03c0/03c0/03c0/03c0/0000/0000/0000/0000/0000/0000
[03Aug2026 00:56:30.632] [Photonic Chunk Compiler #1/INFO] [Photonics/]: Photonics voxel diagnostic: state=Block{minecraft:spruce_fence}[east=false,north=true,south=false,waterlogged=false,west=true] vertexHash=1d820a688edab8c0 complete=true samples=694 alphaZero=0 alphaPartial=0 alphaOpaque=694 rgbMean=[113.1,83.3,47.6] rgbRange=[85-136,58-101,31-58] voxels=368 aabb=[0,0,0]-[9,15,9] parts=[( 0.000E+0  0.000E+0  0.000E+0)]
[03Aug2026 00:56:30.632] [Photonic Chunk Compiler #1/INFO] [Photonics/]: Photonics voxel occupancy: state=Block{minecraft:spruce_fence}[east=false,north=true,south=false,waterlogged=false,west=true] part=( 0.000E+0  0.000E+0  0.000E+0) slices=y0=0000/0000/0000/0000/0000/0000/03c0/03c0/03c0/03c0/0000/0000/0000/0000/0000/0000;y1=0000/0000/0000/0000/0000/0000/03c0/0240/0240/03c0/0000/0000/0000/0000/0000/0000;y2=0000/0000/0000/0000/0000/0000/03c0/0240/0240/03c0/0000/0000/0000/0000/0000/0000;y3=0000/0000/0000/0000/0000/0000/03c0/0240/0240/03c0/0000/0000/0000/0000/0000/0000;y4=0000/0000/0000/0000/0000/0000/03c0/0240/0240/03c0/0000/0000/0000/0000/0000/0000;y5=0000/0000/0000/0000/0000/0000/03c0/0240/0240/03c0/0000/0000/0000/0000/0000/0000;y6=0180/0180/0180/0180/0180/0180/03c0/03ff/03ff/03c0/0000/0000/0000/0000/0000/0000;y7=0180/0180/0180/0180/0180/0180/03c0/03ff/03ff/03c0/0000/0000/0000/0000/0000/0000;y8=0180/0180/0180/0180/0180/0180/03c0/03ff/03ff/03c0/0000/0000/0000/0000/0000/0000;y9=0000/0000/0000/0000/0000/0000/03c0/0240/0240/03c0/0000/0000/0000/0000/0000/0000;y10=0000/0000/0000/0000/0000/0000/03c0/0240/0240/03c0/0000/0000/0000/0000/0000/0000;y11=0000/0000/0000/0000/0000/0000/03c0/0240/0240/03c0/0000/0000/0000/0000/0000/0000;y12=0180/0180/0180/0180/0180/0180/03c0/03ff/03ff/03c0/0000/0000/0000/0000/0000/0000;y13=0180/0180/0180/0180/0180/0180/03c0/03ff/03ff/03c0/0000/0000/0000/0000/0000/0000;y14=0180/0180/0180/0180/0180/0180/03c0/03ff/03ff/03c0/0000/0000/0000/0000/0000/0000;y15=0000/0000/0000/0000/0000/0000/03c0/03c0/03c0/03c0/0000/0000/0000/0000/0000/0000
[03Aug2026 00:56:30.669] [Photonic Chunk Compiler #1/INFO] [Photonics/]: Photonics voxel diagnostic: state=Block{minecraft:oak_fence}[east=false,north=false,south=true,waterlogged=false,west=false] vertexHash=e816a434a4135e00 complete=true samples=490 alphaZero=0 alphaPartial=0 alphaOpaque=490 rgbMean=[158.9,128.0,76.5] rgbRange=[103-194,80-157,44-98] voxels=296 aabb=[6,0,6]-[9,15,15] parts=[( 0.000E+0  0.000E+0  0.000E+0)]
[03Aug2026 00:56:30.669] [Photonic Chunk Compiler #1/INFO] [Photonics/]: Photonics voxel occupancy: state=Block{minecraft:oak_fence}[east=false,north=false,south=true,waterlogged=false,west=false] part=( 0.000E+0  0.000E+0  0.000E+0) slices=y0=0000/0000/0000/0000/0000/0000/03c0/03c0/03c0/03c0/0000/0000/0000/0000/0000/0000;y1=0000/0000/0000/0000/0000/0000/03c0/0240/0240/03c0/0000/0000/0000/0000/0000/0000;y2=0000/0000/0000/0000/0000/0000/03c0/0240/0240/03c0/0000/0000/0000/0000/0000/0000;y3=0000/0000/0000/0000/0000/0000/03c0/0240/0240/03c0/0000/0000/0000/0000/0000/0000;y4=0000/0000/0000/0000/0000/0000/03c0/0240/0240/03c0/0000/0000/0000/0000/0000/0000;y5=0000/0000/0000/0000/0000/0000/03c0/0240/0240/03c0/0000/0000/0000/0000/0000/0000;y6=0000/0000/0000/0000/0000/0000/03c0/03c0/03c0/03c0/0180/0180/0180/0180/0180/0180;y7=0000/0000/0000/0000/0000/0000/03c0/03c0/03c0/03c0/0180/0180/0180/0180/0180/0180;y8=0000/0000/0000/0000/0000/0000/03c0/03c0/03c0/03c0/0180/0180/0180/0180/0180/0180;y9=0000/0000/0000/0000/0000/0000/03c0/0240/0240/03c0/0000/0000/0000/0000/0000/0000;y10=0000/0000/0000/0000/0000/0000/03c0/0240/0240/03c0/0000/0000/0000/0000/0000/0000;y11=0000/0000/0000/0000/0000/0000/03c0/0240/0240/03c0/0000/0000/0000/0000/0000/0000;y12=0000/0000/0000/0000/0000/0000/03c0/03c0/03c0/03c0/0180/0180/0180/0180/0180/0180;y13=0000/0000/0000/0000/0000/0000/03c0/03c0/03c0/03c0/0180/0180/0180/0180/0180/0180;y14=0000/0000/0000/0000/0000/0000/03c0/03c0/03c0/03c0/0180/0180/0180/0180/0180/0180;y15=0000/0000/0000/0000/0000/0000/03c0/03c0/03c0/03c0/0000/0000/0000/0000/0000/0000
[03Aug2026 00:56:30.669] [Photonic Chunk Compiler #1/INFO] [Photonics/]: Photonics voxel diagnostic: state=Block{minecraft:oak_fence}[east=false,north=true,south=false,waterlogged=false,west=false] vertexHash=57eec09536f75e00 complete=true samples=490 alphaZero=0 alphaPartial=0 alphaOpaque=490 rgbMean=[159.9,128.8,77.3] rgbRange=[103-194,80-157,44-98] voxels=296 aabb=[6,0,0]-[9,15,9] parts=[( 0.000E+0  0.000E+0  0.000E+0)]
[03Aug2026 00:56:30.670] [Photonic Chunk Compiler #1/INFO] [Photonics/]: Photonics voxel occupancy: state=Block{minecraft:oak_fence}[east=false,north=true,south=false,waterlogged=false,west=false] part=( 0.000E+0  0.000E+0  0.000E+0) slices=y0=0000/0000/0000/0000/0000/0000/03c0/03c0/03c0/03c0/0000/0000/0000/0000/0000/0000;y1=0000/0000/0000/0000/0000/0000/03c0/0240/0240/03c0/0000/0000/0000/0000/0000/0000;y2=0000/0000/0000/0000/0000/0000/03c0/0240/0240/03c0/0000/0000/0000/0000/0000/0000;y3=0000/0000/0000/0000/0000/0000/03c0/0240/0240/03c0/0000/0000/0000/0000/0000/0000;y4=0000/0000/0000/0000/0000/0000/03c0/0240/0240/03c0/0000/0000/0000/0000/0000/0000;y5=0000/0000/0000/0000/0000/0000/03c0/0240/0240/03c0/0000/0000/0000/0000/0000/0000;y6=0180/0180/0180/0180/0180/0180/03c0/03c0/03c0/03c0/0000/0000/0000/0000/0000/0000;y7=0180/0180/0180/0180/0180/0180/03c0/03c0/03c0/03c0/0000/0000/0000/0000/0000/0000;y8=0180/0180/0180/0180/0180/0180/03c0/03c0/03c0/03c0/0000/0000/0000/0000/0000/0000;y9=0000/0000/0000/0000/0000/0000/03c0/0240/0240/03c0/0000/0000/0000/0000/0000/0000;y10=0000/0000/0000/0000/0000/0000/03c0/0240/0240/03c0/0000/0000/0000/0000/0000/0000;y11=0000/0000/0000/0000/0000/0000/03c0/0240/0240/03c0/0000/0000/0000/0000/0000/0000;y12=0180/0180/0180/0180/0180/0180/03c0/03c0/03c0/03c0/0000/0000/0000/0000/0000/0000;y13=0180/0180/0180/0180/0180/0180/03c0/03c0/03c0/03c0/0000/0000/0000/0000/0000/0000;y14=0180/0180/0180/0180/0180/0180/03c0/03c0/03c0/03c0/0000/0000/0000/0000/0000/0000;y15=0000/0000/0000/0000/0000/0000/03c0/03c0/03c0/03c0/0000/0000/0000/0000/0000/0000
[03Aug2026 00:56:31.039] [Render thread/INFO] [Photonics/]: Photonics pass timing v73: group=svgf direct atrous, passes=[atrous iteration], viewport=912x450, megapixels=0.410, cpuInvocations=76, cpuSubmitAvgMs=0.020, cpuSubmitMaxMs=0.191, gpuSamples=19, gpuAvgMs=0.066, gpuMaxMs=0.096, gpuAvgMsPerMP=0.161
[03Aug2026 00:56:31.200] [Render thread/INFO] [net.minecraft.client.gui.components.ChatComponent/]: [System] [CHAT] Distant Horizons: G1 Garbage collector detected.\nThis can cause FPS stuttering. \nIt's recommended to use a concurrent garbage collector \nlike ZGC (Java 21+) or Shenandoah (Java 8 through 17) \nfor a smoother experience. \nThis warning can be disabled in the DH config.
[03Aug2026 00:56:31.311] [Render thread/INFO] [xaero.lib.XaeroLib/]: Exception when loading create:fake_track texture, using material colour.
[03Aug2026 00:56:31.311] [Render thread/INFO] [xaero.lib.XaeroLib/]: No texture minecraft:textures/missingno.png
[03Aug2026 00:56:31.316] [Render thread/INFO] [Photonics/]: Photonics world tracing v72: revision=19, settled=false, compiledSections=241, trackedSections=3130, batchBuilt=19, batchUnloaded=0, pendingBuilds=6, pendingUnloads=0, ready=true, depth=6, blockBounds=( 9.600E+1  9.600E+1  8.000E+1)..( 3.040E+2  2.560E+2  3.520E+2), treeBounds=( 0.000E+0  0.000E+0  0.000E+0)..( 1.024E+3  1.024E+3  1.024E+3), origin=(-1.280E+2 -1.280E+2 -6.400E+1), boundsSource=compiled, compileMs=21.872
[03Aug2026 00:56:31.360] [Render thread/INFO] [Photonics/]: Photonics pass timing v73: group=svgf gi atrous, passes=[atrous iteration], viewport=608x300, megapixels=0.182, cpuInvocations=60, cpuSubmitAvgMs=0.020, cpuSubmitMaxMs=0.338, gpuSamples=15, gpuAvgMs=0.021, gpuMaxMs=0.028, gpuAvgMsPerMP=0.114
[03Aug2026 00:56:31.380] [Photonic Chunk Compiler #0/INFO] [Photonics/]: Photonics voxel diagnostic: state=Block{minecraft:oak_fence}[east=true,north=true,south=true,waterlogged=false,west=false] vertexHash=fe54334ae6421380 complete=true samples=892 alphaZero=0 alphaPartial=0 alphaOpaque=892 rgbMean=[158.3,127.3,76.3] rgbRange=[103-194,80-157,44-98] voxels=440 aabb=[6,0,0]-[15,15,15] parts=[( 0.000E+0  0.000E+0  0.000E+0)]
[03Aug2026 00:56:31.380] [Photonic Chunk Compiler #0/INFO] [Photonics/]: Photonics voxel occupancy: state=Block{minecraft:oak_fence}[east=true,north=true,south=true,waterlogged=false,west=false] part=( 0.000E+0  0.000E+0  0.000E+0) slices=y0=0000/0000/0000/0000/0000/0000/03c0/03c0/03c0/03c0/0000/0000/0000/0000/0000/0000;y1=0000/0000/0000/0000/0000/0000/03c0/0240/0240/03c0/0000/0000/0000/0000/0000/0000;y2=0000/0000/0000/0000/0000/0000/03c0/0240/0240/03c0/0000/0000/0000/0000/0000/0000;y3=0000/0000/0000/0000/0000/0000/03c0/0240/0240/03c0/0000/0000/0000/0000/0000/0000;y4=0000/0000/0000/0000/0000/0000/03c0/0240/0240/03c0/0000/0000/0000/0000/0000/0000;y5=0000/0000/0000/0000/0000/0000/03c0/0240/0240/03c0/0000/0000/0000/0000/0000/0000;y6=0180/0180/0180/0180/0180/0180/03c0/ffc0/ffc0/03c0/0180/0180/0180/0180/0180/0180;y7=0180/0180/0180/0180/0180/0180/03c0/ffc0/ffc0/03c0/0180/0180/0180/0180/0180/0180;y8=0180/0180/0180/0180/0180/0180/03c0/ffc0/ffc0/03c0/0180/0180/0180/0180/0180/0180;y9=0000/0000/0000/0000/0000/0000/03c0/0240/0240/03c0/0000/0000/0000/0000/0000/0000;y10=0000/0000/0000/0000/0000/0000/03c0/0240/0240/03c0/0000/0000/0000/0000/0000/0000;y11=0000/0000/0000/0000/0000/0000/03c0/0240/0240/03c0/0000/0000/0000/0000/0000/0000;y12=0180/0180/0180/0180/0180/0180/03c0/ffc0/ffc0/03c0/0180/0180/0180/0180/0180/0180;y13=0180/0180/0180/0180/0180/0180/03c0/ffc0/ffc0/03c0/0180/0180/0180/0180/0180/0180;y14=0180/0180/0180/0180/0180/0180/03c0/ffc0/ffc0/03c0/0180/0180/0180/0180/0180/0180;y15=0000/0000/0000/0000/0000/0000/03c0/03c0/03c0/03c0/0000/0000/0000/0000/0000/0000
[03Aug2026 00:56:32.349] [Render thread/INFO] [Photonics/]: Photonics world tracing v72: revision=45, settled=false, compiledSections=359, trackedSections=3130, batchBuilt=11, batchUnloaded=0, pendingBuilds=7, pendingUnloads=0, ready=true, depth=6, blockBounds=( 8.000E+1  8.000E+1  8.000E+1)..( 3.360E+2  2.560E+2  3.680E+2), treeBounds=( 0.000E+0  0.000E+0  0.000E+0)..( 1.024E+3  1.024E+3  1.024E+3), origin=(-1.280E+2 -1.280E+2 -6.400E+1), boundsSource=compiled, compileMs=26.115
[03Aug2026 00:56:32.699] [Render thread/INFO] [Photonics/]: Photonics pass timing v73: group=frag data, passes=[frag data], viewport=912x450, megapixels=0.410, cpuInvocations=60, cpuSubmitAvgMs=0.193, cpuSubmitMaxMs=5.864, gpuSamples=15, gpuAvgMs=0.026, gpuMaxMs=0.035, gpuAvgMsPerMP=0.064
[03Aug2026 00:56:32.699] [Render thread/INFO] [Photonics/]: Photonics frame throughput v78: viewport=912x450, windowSeconds=6.802, renderedFrames=60, fps=8.820, frameAvgMs=113.374
[03Aug2026 00:56:32.699] [Render thread/INFO] [Photonics/]: Photonics pass timing v73: group=frag data gi, passes=[frag data gi], viewport=608x300, megapixels=0.182, cpuInvocations=60, cpuSubmitAvgMs=0.047, cpuSubmitMaxMs=1.130, gpuSamples=15, gpuAvgMs=0.015, gpuMaxMs=0.015, gpuAvgMsPerMP=0.080
[03Aug2026 00:56:32.699] [Render thread/INFO] [Photonics/]: Photonics pass timing v73: group=restir direct, passes=[initial direct + visibility], viewport=912x450, megapixels=0.410, cpuInvocations=60, cpuSubmitAvgMs=0.105, cpuSubmitMaxMs=2.960, gpuSamples=15, gpuAvgMs=0.156, gpuMaxMs=0.169, gpuAvgMsPerMP=0.381
[03Aug2026 00:56:32.699] [Render thread/INFO] [Photonics/]: Photonics pass timing v73: group=restir direct spatial, passes=[spatial reuse/clamp], viewport=912x450, megapixels=0.410, cpuInvocations=60, cpuSubmitAvgMs=0.019, cpuSubmitMaxMs=0.112, gpuSamples=15, gpuAvgMs=0.017, gpuMaxMs=0.019, gpuAvgMsPerMP=0.041
[03Aug2026 00:56:32.699] [Render thread/INFO] [Photonics/]: Photonics pass timing v73: group=restir direct diffuse, passes=[diffuse], viewport=912x450, megapixels=0.410, cpuInvocations=60, cpuSubmitAvgMs=0.034, cpuSubmitMaxMs=0.298, gpuSamples=15, gpuAvgMs=0.344, gpuMaxMs=0.413, gpuAvgMsPerMP=0.838
[03Aug2026 00:56:32.699] [Render thread/INFO] [Photonics/]: Photonics pass timing v73: group=restir direct accumulation, passes=[accumulation], viewport=912x450, megapixels=0.410, cpuInvocations=60, cpuSubmitAvgMs=0.029, cpuSubmitMaxMs=0.104, gpuSamples=15, gpuAvgMs=0.111, gpuMaxMs=0.121, gpuAvgMsPerMP=0.271
[03Aug2026 00:56:32.699] [Render thread/INFO] [Photonics/]: Photonics pass timing v73: group=svgf direct variance, passes=[variance prefilter], viewport=912x450, megapixels=0.410, cpuInvocations=60, cpuSubmitAvgMs=0.056, cpuSubmitMaxMs=2.351, gpuSamples=15, gpuAvgMs=0.103, gpuMaxMs=0.112, gpuAvgMsPerMP=0.251
[03Aug2026 00:56:32.700] [Render thread/INFO] [Photonics/]: Photonics pass timing v73: group=restir gi initial, passes=[initial indirect], viewport=608x300, megapixels=0.182, cpuInvocations=60, cpuSubmitAvgMs=0.041, cpuSubmitMaxMs=1.175, gpuSamples=15, gpuAvgMs=0.224, gpuMaxMs=0.274, gpuAvgMsPerMP=1.226
[03Aug2026 00:56:32.700] [Render thread/INFO] [Photonics/]: Photonics pass timing v73: group=restir gi temporal, passes=[temporal reuse + tri-state classification], viewport=608x300, megapixels=0.182, cpuInvocations=60, cpuSubmitAvgMs=0.033, cpuSubmitMaxMs=0.635, gpuSamples=15, gpuAvgMs=0.025, gpuMaxMs=0.027, gpuAvgMsPerMP=0.136
[03Aug2026 00:56:32.700] [Render thread/INFO] [Photonics/]: Photonics pass timing v73: group=restir gi spatial, passes=[spatial reuse/clamp + tri-state classification], viewport=608x300, megapixels=0.182, cpuInvocations=60, cpuSubmitAvgMs=0.014, cpuSubmitMaxMs=0.058, gpuSamples=15, gpuAvgMs=0.012, gpuMaxMs=0.015, gpuAvgMsPerMP=0.063
[03Aug2026 00:56:32.700] [Render thread/INFO] [Photonics/]: Photonics pass timing v73: group=restir gi diffuse, passes=[diffuse], viewport=608x300, megapixels=0.182, cpuInvocations=60, cpuSubmitAvgMs=0.009, cpuSubmitMaxMs=0.076, gpuSamples=15, gpuAvgMs=0.014, gpuMaxMs=0.018, gpuAvgMsPerMP=0.078
[03Aug2026 00:56:32.700] [Render thread/INFO] [Photonics/]: Photonics pass timing v73: group=restir gi accumulation, passes=[accumulation], viewport=608x300, megapixels=0.182, cpuInvocations=60, cpuSubmitAvgMs=0.018, cpuSubmitMaxMs=0.455, gpuSamples=15, gpuAvgMs=0.022, gpuMaxMs=0.025, gpuAvgMsPerMP=0.122
[03Aug2026 00:56:32.700] [Render thread/INFO] [Photonics/]: Photonics pass timing v73: group=svgf gi variance, passes=[variance prefilter], viewport=608x300, megapixels=0.182, cpuInvocations=60, cpuSubmitAvgMs=0.015, cpuSubmitMaxMs=0.195, gpuSamples=15, gpuAvgMs=0.023, gpuMaxMs=0.025, gpuAvgMsPerMP=0.126
[03Aug2026 00:56:32.700] [Render thread/INFO] [Photonics/]: Photonics pass timing v73: group=restir source/history diagnostic, passes=[compose diagnostic panels], viewport=912x450, megapixels=0.410, cpuInvocations=60, cpuSubmitAvgMs=0.013, cpuSubmitMaxMs=0.184, gpuSamples=15, gpuAvgMs=0.009, gpuMaxMs=0.010, gpuAvgMsPerMP=0.023
[03Aug2026 00:56:33.382] [Render thread/INFO] [Photonics/]: Photonics world tracing v72: revision=77, settled=false, compiledSections=515, trackedSections=3130, batchBuilt=13, batchUnloaded=0, pendingBuilds=1, pendingUnloads=0, ready=true, depth=6, blockBounds=( 8.000E+1  6.400E+1  8.000E+1)..( 3.520E+2  2.560E+2  3.840E+2), treeBounds=( 0.000E+0  0.000E+0  0.000E+0)..( 1.024E+3  1.024E+3  1.024E+3), origin=(-1.280E+2 -1.280E+2 -6.400E+1), boundsSource=compiled, compileMs=23.324
[03Aug2026 00:56:34.161] [Render thread/INFO] [Photonics/]: Photonics v55 Sable skylight transition: subLevel=5a4fd52b-64e6-4f76-8c6d-28e2d8291bb5, scale=15 -> 14, logicalY=112.68647 (cell 112), renderY=112.61624 (cell 112), cameraY=110.03933 (cell 110)
[03Aug2026 00:56:34.401] [Render thread/INFO] [Photonics/]: Photonics world tracing v72: revision=103, settled=false, compiledSections=646, trackedSections=3130, batchBuilt=3, batchUnloaded=0, pendingBuilds=7, pendingUnloads=0, ready=true, depth=6, blockBounds=( 4.800E+1  6.400E+1  8.000E+1)..( 3.680E+2  2.560E+2  3.840E+2), treeBounds=( 0.000E+0  0.000E+0  0.000E+0)..( 1.024E+3  1.024E+3  1.024E+3), origin=(-1.280E+2 -1.280E+2 -6.400E+1), boundsSource=compiled, compileMs=22.350
[03Aug2026 00:56:34.641] [Render thread/INFO] [Photonics/]: Photonics v55 Sable skylight transition: subLevel=5a4fd52b-64e6-4f76-8c6d-28e2d8291bb5, scale=14 -> 15, logicalY=112.48386 (cell 112), renderY=112.61140 (cell 112), cameraY=110.03933 (cell 110)
[03Aug2026 00:56:35.412] [Render thread/INFO] [Photonics/]: Photonics world tracing v72: revision=128, settled=false, compiledSections=824, trackedSections=3130, batchBuilt=1, batchUnloaded=0, pendingBuilds=1, pendingUnloads=0, ready=true, depth=6, blockBounds=( 3.200E+1  6.400E+1  6.400E+1)..( 3.680E+2  2.560E+2  3.840E+2), treeBounds=( 0.000E+0  0.000E+0  0.000E+0)..( 1.024E+3  1.024E+3  1.024E+3), origin=(-1.280E+2 -1.280E+2 -6.400E+1), boundsSource=compiled, compileMs=23.936
[03Aug2026 00:56:36.059] [Render thread/INFO] [Photonics/]: Photonics pass timing v73: group=svgf direct atrous, passes=[atrous iteration], viewport=912x450, megapixels=0.410, cpuInvocations=950, cpuSubmitAvgMs=0.006, cpuSubmitMaxMs=0.897, gpuSamples=238, gpuAvgMs=0.094, gpuMaxMs=0.110, gpuAvgMsPerMP=0.228
[03Aug2026 00:56:36.372] [Render thread/INFO] [Photonics/]: Photonics pass timing v73: group=svgf gi atrous, passes=[atrous iteration], viewport=608x300, megapixels=0.182, cpuInvocations=592, cpuSubmitAvgMs=0.004, cpuSubmitMaxMs=0.025, gpuSamples=148, gpuAvgMs=0.034, gpuMaxMs=0.058, gpuAvgMsPerMP=0.186
[03Aug2026 00:56:36.454] [Render thread/INFO] [Photonics/]: Photonics world tracing v72: revision=149, settled=false, compiledSections=1032, trackedSections=3130, batchBuilt=7, batchUnloaded=0, pendingBuilds=15, pendingUnloads=0, ready=true, depth=6, blockBounds=( 3.200E+1  6.400E+1  6.400E+1)..( 3.680E+2  2.560E+2  4.000E+2), treeBounds=( 0.000E+0  0.000E+0  0.000E+0)..( 1.024E+3  1.024E+3  1.024E+3), origin=(-1.280E+2 -1.280E+2 -6.400E+1), boundsSource=compiled, compileMs=43.379
[03Aug2026 00:56:37.516] [Render thread/INFO] [Photonics/]: Photonics world tracing v72: revision=167, settled=false, compiledSections=1305, trackedSections=3130, batchBuilt=17, batchUnloaded=0, pendingBuilds=26, pendingUnloads=0, ready=true, depth=6, blockBounds=( 3.200E+1  6.400E+1  6.400E+1)..( 3.680E+2  2.560E+2  4.000E+2), treeBounds=( 0.000E+0  0.000E+0  0.000E+0)..( 1.024E+3  1.024E+3  1.024E+3), origin=(-1.280E+2 -1.280E+2 -6.400E+1), boundsSource=compiled, compileMs=51.005
[03Aug2026 00:56:37.728] [Render thread/INFO] [Photonics/]: Photonics pass timing v73: group=frag data, passes=[frag data], viewport=912x450, megapixels=0.410, cpuInvocations=218, cpuSubmitAvgMs=0.052, cpuSubmitMaxMs=0.132, gpuSamples=55, gpuAvgMs=0.028, gpuMaxMs=0.029, gpuAvgMsPerMP=0.067
[03Aug2026 00:56:37.728] [Render thread/INFO] [Photonics/]: Photonics frame throughput v78: viewport=912x450, windowSeconds=5.029, renderedFrames=218, fps=43.348, frameAvgMs=23.069
[03Aug2026 00:56:37.728] [Render thread/INFO] [Photonics/]: Photonics pass timing v73: group=frag data gi, passes=[frag data gi], viewport=608x300, megapixels=0.182, cpuInvocations=218, cpuSubmitAvgMs=0.019, cpuSubmitMaxMs=0.045, gpuSamples=55, gpuAvgMs=0.015, gpuMaxMs=0.016, gpuAvgMsPerMP=0.084
[03Aug2026 00:56:37.729] [Render thread/INFO] [Photonics/]: Photonics pass timing v73: group=restir direct, passes=[initial direct + visibility], viewport=912x450, megapixels=0.410, cpuInvocations=218, cpuSubmitAvgMs=0.027, cpuSubmitMaxMs=0.072, gpuSamples=55, gpuAvgMs=0.186, gpuMaxMs=0.196, gpuAvgMsPerMP=0.453
[03Aug2026 00:56:37.729] [Render thread/INFO] [Photonics/]: Photonics pass timing v73: group=restir direct spatial, passes=[spatial reuse/clamp], viewport=912x450, megapixels=0.410, cpuInvocations=218, cpuSubmitAvgMs=0.010, cpuSubmitMaxMs=0.039, gpuSamples=55, gpuAvgMs=0.017, gpuMaxMs=0.018, gpuAvgMsPerMP=0.043
[03Aug2026 00:56:37.729] [Render thread/INFO] [Photonics/]: Photonics pass timing v73: group=restir direct diffuse, passes=[diffuse], viewport=912x450, megapixels=0.410, cpuInvocations=218, cpuSubmitAvgMs=0.018, cpuSubmitMaxMs=0.086, gpuSamples=55, gpuAvgMs=0.477, gpuMaxMs=0.549, gpuAvgMsPerMP=1.162
[03Aug2026 00:56:37.729] [Render thread/INFO] [Photonics/]: Photonics pass timing v73: group=restir direct accumulation, passes=[accumulation], viewport=912x450, megapixels=0.410, cpuInvocations=218, cpuSubmitAvgMs=0.019, cpuSubmitMaxMs=0.062, gpuSamples=55, gpuAvgMs=0.133, gpuMaxMs=0.188, gpuAvgMsPerMP=0.323
[03Aug2026 00:56:37.729] [Render thread/INFO] [Photonics/]: Photonics pass timing v73: group=svgf direct variance, passes=[variance prefilter], viewport=912x450, megapixels=0.410, cpuInvocations=218, cpuSubmitAvgMs=0.013, cpuSubmitMaxMs=0.037, gpuSamples=55, gpuAvgMs=0.122, gpuMaxMs=0.130, gpuAvgMsPerMP=0.298
[03Aug2026 00:56:37.729] [Render thread/INFO] [Photonics/]: Photonics pass timing v73: group=restir gi initial, passes=[initial indirect], viewport=608x300, megapixels=0.182, cpuInvocations=218, cpuSubmitAvgMs=0.012, cpuSubmitMaxMs=0.067, gpuSamples=55, gpuAvgMs=0.320, gpuMaxMs=0.403, gpuAvgMsPerMP=1.757
[03Aug2026 00:56:37.730] [Render thread/INFO] [Photonics/]: Photonics pass timing v73: group=restir gi temporal, passes=[temporal reuse + tri-state classification], viewport=608x300, megapixels=0.182, cpuInvocations=218, cpuSubmitAvgMs=0.014, cpuSubmitMaxMs=0.034, gpuSamples=55, gpuAvgMs=0.029, gpuMaxMs=0.030, gpuAvgMsPerMP=0.156
[03Aug2026 00:56:37.730] [Render thread/INFO] [Photonics/]: Photonics pass timing v73: group=restir gi spatial, passes=[spatial reuse/clamp + tri-state classification], viewport=608x300, megapixels=0.182, cpuInvocations=218, cpuSubmitAvgMs=0.008, cpuSubmitMaxMs=0.024, gpuSamples=55, gpuAvgMs=0.012, gpuMaxMs=0.013, gpuAvgMsPerMP=0.066
[03Aug2026 00:56:37.730] [Render thread/INFO] [Photonics/]: Photonics pass timing v73: group=restir gi diffuse, passes=[diffuse], viewport=608x300, megapixels=0.182, cpuInvocations=218, cpuSubmitAvgMs=0.005, cpuSubmitMaxMs=0.013, gpuSamples=55, gpuAvgMs=0.015, gpuMaxMs=0.016, gpuAvgMsPerMP=0.083
[03Aug2026 00:56:37.730] [Render thread/INFO] [Photonics/]: Photonics pass timing v73: group=restir gi accumulation, passes=[accumulation], viewport=608x300, megapixels=0.182, cpuInvocations=218, cpuSubmitAvgMs=0.006, cpuSubmitMaxMs=0.024, gpuSamples=55, gpuAvgMs=0.027, gpuMaxMs=0.029, gpuAvgMsPerMP=0.148
[03Aug2026 00:56:37.730] [Render thread/INFO] [Photonics/]: Photonics pass timing v73: group=svgf gi variance, passes=[variance prefilter], viewport=608x300, megapixels=0.182, cpuInvocations=218, cpuSubmitAvgMs=0.008, cpuSubmitMaxMs=0.019, gpuSamples=55, gpuAvgMs=0.026, gpuMaxMs=0.054, gpuAvgMsPerMP=0.145
[03Aug2026 00:56:37.730] [Render thread/INFO] [Photonics/]: Photonics pass timing v73: group=restir source/history diagnostic, passes=[compose diagnostic panels], viewport=912x450, megapixels=0.410, cpuInvocations=218, cpuSubmitAvgMs=0.005, cpuSubmitMaxMs=0.021, gpuSamples=55, gpuAvgMs=0.010, gpuMaxMs=0.011, gpuAvgMsPerMP=0.026
[03Aug2026 00:56:38.559] [Render thread/INFO] [Photonics/]: Photonics world tracing v72: revision=180, settled=false, compiledSections=1617, trackedSections=3130, batchBuilt=40, batchUnloaded=0, pendingBuilds=46, pendingUnloads=0, ready=true, depth=6, blockBounds=( 3.200E+1  6.400E+1  6.400E+1)..( 3.680E+2  2.560E+2  4.000E+2), treeBounds=( 0.000E+0  0.000E+0  0.000E+0)..( 1.024E+3  1.024E+3  1.024E+3), origin=(-1.280E+2 -1.280E+2 -6.400E+1), boundsSource=compiled, compileMs=78.046
[03Aug2026 00:56:39.572] [Render thread/INFO] [Photonics/]: Photonics world tracing v72: revision=189, settled=false, compiledSections=1986, trackedSections=3130, batchBuilt=48, batchUnloaded=0, pendingBuilds=59, pendingUnloads=0, ready=true, depth=6, blockBounds=( 3.200E+1  6.400E+1  6.400E+1)..( 3.680E+2  2.560E+2  4.000E+2), treeBounds=( 0.000E+0  0.000E+0  0.000E+0)..( 1.024E+3  1.024E+3  1.024E+3), origin=(-1.280E+2 -1.280E+2 -6.400E+1), boundsSource=compiled, compileMs=111.005
[03Aug2026 00:56:40.577] [Render thread/INFO] [Photonics/]: Photonics world tracing v72: revision=197, settled=false, compiledSections=2370, trackedSections=3130, batchBuilt=48, batchUnloaded=0, pendingBuilds=96, pendingUnloads=0, ready=true, depth=6, blockBounds=( 3.200E+1  6.400E+1  6.400E+1)..( 3.680E+2  2.560E+2  4.000E+2), treeBounds=( 0.000E+0  0.000E+0  0.000E+0)..( 1.024E+3  1.024E+3  1.024E+3), origin=(-1.280E+2 -1.280E+2 -6.400E+1), boundsSource=compiled, compileMs=106.719
[03Aug2026 00:56:41.076] [Render thread/INFO] [Photonics/]: Photonics pass timing v73: group=svgf direct atrous, passes=[atrous iteration], viewport=912x450, megapixels=0.410, cpuInvocations=1090, cpuSubmitAvgMs=0.004, cpuSubmitMaxMs=0.031, gpuSamples=272, gpuAvgMs=0.099, gpuMaxMs=0.165, gpuAvgMsPerMP=0.242
[03Aug2026 00:56:41.372] [Render thread/INFO] [Photonics/]: Photonics pass timing v73: group=svgf gi atrous, passes=[atrous iteration], viewport=608x300, megapixels=0.182, cpuInvocations=651, cpuSubmitAvgMs=0.004, cpuSubmitMaxMs=0.015, gpuSamples=163, gpuAvgMs=0.040, gpuMaxMs=0.044, gpuAvgMsPerMP=0.218
[03Aug2026 00:56:41.654] [Render thread/INFO] [Photonics/]: Photonics world tracing v72: revision=205, settled=false, compiledSections=2752, trackedSections=3130, batchBuilt=48, batchUnloaded=0, pendingBuilds=96, pendingUnloads=0, ready=true, depth=6, blockBounds=( 3.200E+1  6.400E+1  6.400E+1)..( 3.680E+2  2.560E+2  4.000E+2), treeBounds=( 0.000E+0  0.000E+0  0.000E+0)..( 1.024E+3  1.024E+3  1.024E+3), origin=(-1.280E+2 -1.280E+2 -6.400E+1), boundsSource=compiled, compileMs=123.514
[03Aug2026 00:56:42.298] [Render thread/INFO] [Photonics/]: Photonics direct reservoir sample v64: samples=120, populated=13, emptyOrBackground=6, visibilityRejected=86, invalid=15, overLegacyCap=1, overTemporalCap=0, totalSamplesRange=32.0..169.9, viewport=912x450
[03Aug2026 00:56:42.729] [Render thread/INFO] [Photonics/]: Photonics pass timing v73: group=frag data, passes=[frag data], viewport=912x450, megapixels=0.410, cpuInvocations=223, cpuSubmitAvgMs=0.063, cpuSubmitMaxMs=1.858, gpuSamples=55, gpuAvgMs=0.028, gpuMaxMs=0.029, gpuAvgMsPerMP=0.069
[03Aug2026 00:56:42.730] [Render thread/INFO] [Photonics/]: Photonics frame throughput v78: viewport=912x450, windowSeconds=5.002, renderedFrames=223, fps=44.586, frameAvgMs=22.429
[03Aug2026 00:56:42.730] [Render thread/INFO] [Photonics/]: Photonics pass timing v73: group=frag data gi, passes=[frag data gi], viewport=608x300, megapixels=0.182, cpuInvocations=223, cpuSubmitAvgMs=0.020, cpuSubmitMaxMs=0.046, gpuSamples=55, gpuAvgMs=0.016, gpuMaxMs=0.016, gpuAvgMsPerMP=0.085
[03Aug2026 00:56:42.730] [Render thread/INFO] [Photonics/]: Photonics pass timing v73: group=restir direct, passes=[initial direct + visibility], viewport=912x450, megapixels=0.410, cpuInvocations=223, cpuSubmitAvgMs=0.024, cpuSubmitMaxMs=0.056, gpuSamples=55, gpuAvgMs=0.194, gpuMaxMs=0.196, gpuAvgMsPerMP=0.473
[03Aug2026 00:56:42.730] [Render thread/INFO] [Photonics/]: Photonics pass timing v73: group=restir direct spatial, passes=[spatial reuse/clamp], viewport=912x450, megapixels=0.410, cpuInvocations=223, cpuSubmitAvgMs=0.009, cpuSubmitMaxMs=0.025, gpuSamples=55, gpuAvgMs=0.018, gpuMaxMs=0.019, gpuAvgMsPerMP=0.044
[03Aug2026 00:56:42.730] [Render thread/INFO] [Photonics/]: Photonics pass timing v73: group=restir direct diffuse, passes=[diffuse], viewport=912x450, megapixels=0.410, cpuInvocations=223, cpuSubmitAvgMs=0.016, cpuSubmitMaxMs=0.044, gpuSamples=55, gpuAvgMs=0.538, gpuMaxMs=0.611, gpuAvgMsPerMP=1.311
[03Aug2026 00:56:42.730] [Render thread/INFO] [Photonics/]: Photonics pass timing v73: group=restir direct accumulation, passes=[accumulation], viewport=912x450, megapixels=0.410, cpuInvocations=223, cpuSubmitAvgMs=0.020, cpuSubmitMaxMs=0.458, gpuSamples=55, gpuAvgMs=0.142, gpuMaxMs=0.209, gpuAvgMsPerMP=0.346
[03Aug2026 00:56:42.730] [Render thread/INFO] [Photonics/]: Photonics pass timing v73: group=svgf direct variance, passes=[variance prefilter], viewport=912x450, megapixels=0.410, cpuInvocations=223, cpuSubmitAvgMs=0.013, cpuSubmitMaxMs=0.048, gpuSamples=55, gpuAvgMs=0.127, gpuMaxMs=0.129, gpuAvgMsPerMP=0.310
[03Aug2026 00:56:42.730] [Render thread/INFO] [Photonics/]: Photonics pass timing v73: group=restir gi initial, passes=[initial indirect], viewport=608x300, megapixels=0.182, cpuInvocations=223, cpuSubmitAvgMs=0.010, cpuSubmitMaxMs=0.021, gpuSamples=55, gpuAvgMs=0.379, gpuMaxMs=0.427, gpuAvgMsPerMP=2.077
[03Aug2026 00:56:42.730] [Render thread/INFO] [Photonics/]: Photonics pass timing v73: group=restir gi temporal, passes=[temporal reuse + tri-state classification], viewport=608x300, megapixels=0.182, cpuInvocations=223, cpuSubmitAvgMs=0.013, cpuSubmitMaxMs=0.037, gpuSamples=55, gpuAvgMs=0.030, gpuMaxMs=0.031, gpuAvgMsPerMP=0.165
[03Aug2026 00:56:42.730] [Render thread/INFO] [Photonics/]: Photonics pass timing v73: group=restir gi spatial, passes=[spatial reuse/clamp + tri-state classification], viewport=608x300, megapixels=0.182, cpuInvocations=223, cpuSubmitAvgMs=0.008, cpuSubmitMaxMs=0.019, gpuSamples=55, gpuAvgMs=0.012, gpuMaxMs=0.013, gpuAvgMsPerMP=0.067
[03Aug2026 00:56:42.730] [Render thread/INFO] [Photonics/]: Photonics pass timing v73: group=restir gi diffuse, passes=[diffuse], viewport=608x300, megapixels=0.182, cpuInvocations=223, cpuSubmitAvgMs=0.005, cpuSubmitMaxMs=0.011, gpuSamples=55, gpuAvgMs=0.015, gpuMaxMs=0.017, gpuAvgMsPerMP=0.084
[03Aug2026 00:56:42.730] [Render thread/INFO] [Photonics/]: Photonics pass timing v73: group=restir gi accumulation, passes=[accumulation], viewport=608x300, megapixels=0.182, cpuInvocations=223, cpuSubmitAvgMs=0.006, cpuSubmitMaxMs=0.015, gpuSamples=55, gpuAvgMs=0.029, gpuMaxMs=0.030, gpuAvgMsPerMP=0.156
[03Aug2026 00:56:42.730] [Render thread/INFO] [Photonics/]: Photonics pass timing v73: group=svgf gi variance, passes=[variance prefilter], viewport=608x300, megapixels=0.182, cpuInvocations=223, cpuSubmitAvgMs=0.095, cpuSubmitMaxMs=19.496, gpuSamples=55, gpuAvgMs=0.027, gpuMaxMs=0.027, gpuAvgMsPerMP=0.146
[03Aug2026 00:56:42.730] [Render thread/INFO] [Photonics/]: Photonics pass timing v73: group=restir source/history diagnostic, passes=[compose diagnostic panels], viewport=912x450, megapixels=0.410, cpuInvocations=223, cpuSubmitAvgMs=0.005, cpuSubmitMaxMs=0.013, gpuSamples=55, gpuAvgMs=0.011, gpuMaxMs=0.011, gpuAvgMsPerMP=0.026
[03Aug2026 00:56:42.785] [Render thread/INFO] [Photonics/]: Photonics world tracing v72: revision=213, settled=false, compiledSections=3130, trackedSections=3130, batchBuilt=42, batchUnloaded=0, pendingBuilds=0, pendingUnloads=0, ready=true, depth=6, blockBounds=( 3.200E+1  6.400E+1  6.400E+1)..( 3.680E+2  2.560E+2  4.000E+2), treeBounds=( 0.000E+0  0.000E+0  0.000E+0)..( 1.024E+3  1.024E+3  1.024E+3), origin=(-1.280E+2 -1.280E+2 -6.400E+1), boundsSource=compiled, compileMs=119.331
[03Aug2026 00:56:43.189] [Render thread/INFO] [Photonics/]: Photonics v55 Sable skylight transition: subLevel=5a4fd52b-64e6-4f76-8c6d-28e2d8291bb5, scale=15 -> 14, logicalY=88.44774 (cell 88), renderY=87.51757 (cell 87), cameraY=110.03933 (cell 110)
[03Aug2026 00:56:43.339] [Render thread/INFO] [Photonics/]: Photonics v55 Sable skylight transition: subLevel=5a4fd52b-64e6-4f76-8c6d-28e2d8291bb5, scale=14 -> 15, logicalY=91.27151 (cell 91), renderY=90.37626 (cell 90), cameraY=110.03933 (cell 110)
[03Aug2026 00:56:44.805] [Render thread/INFO] [Photonics/]: Photonics world tracing v72: revision=213, settled=true, compiledSections=3130, trackedSections=3130, batchBuilt=42, batchUnloaded=0, pendingBuilds=0, pendingUnloads=0, ready=true, depth=6, blockBounds=( 3.200E+1  6.400E+1  6.400E+1)..( 3.680E+2  2.560E+2  4.000E+2), treeBounds=( 0.000E+0  0.000E+0  0.000E+0)..( 1.024E+3  1.024E+3  1.024E+3), origin=(-1.280E+2 -1.280E+2 -6.400E+1), boundsSource=compiled, compileMs=119.331
[03Aug2026 00:56:44.805] [Render thread/INFO] [Photonics/]: Photonics memory v72: jvmHeap={usedBytes=2495384376, committedBytes=3917479936, maxBytes=8589934592}, jvmGc={collections=124, timeMs=1159}, worldHeap=GpuBufferHeapStats[capacityBytes=536870912, reservedBytes=264373820, liveBytes=264371804, peakLiveBytes=264372380, reusableBytes=2016, allocations=642717, reusedAllocations=4810, frees=4817, failedAllocations=0], paletteHeap=GpuBufferHeapStats[capacityBytes=201326592, reservedBytes=33112032, liveBytes=33112032, peakLiveBytes=33112032, reusableBytes=0, allocations=354307, reusedAllocations=9390, frees=9390, failedAllocations=0], registries={lights=Stats[cachedObjects=10, pendingFreeObjects=0, allocatedObjects=10, failedAllocations=0], palettes=Stats[cachedObjects=344917, pendingFreeObjects=0, allocatedObjects=354307, failedAllocations=0], blocks=Stats[cachedObjects=449895, pendingFreeObjects=0, allocatedObjects=453129, failedAllocations=0], models=Stats[cachedObjects=9950, pendingFreeObjects=0, allocatedObjects=10012, failedAllocations=0]}
[03Aug2026 00:56:46.037] [Render thread/INFO] [Photonics/]: Photonics world tracing v72: revision=214, settled=false, compiledSections=3130, trackedSections=3130, batchBuilt=1, batchUnloaded=0, pendingBuilds=0, pendingUnloads=0, ready=true, depth=6, blockBounds=( 3.200E+1  6.400E+1  6.400E+1)..( 3.680E+2  2.560E+2  4.000E+2), treeBounds=( 0.000E+0  0.000E+0  0.000E+0)..( 1.024E+3  1.024E+3  1.024E+3), origin=(-1.280E+2 -1.280E+2 -6.400E+1), boundsSource=compiled, compileMs=81.429
[03Aug2026 00:56:46.084] [Render thread/INFO] [Photonics/]: Photonics pass timing v73: group=svgf direct atrous, passes=[atrous iteration], viewport=912x450, megapixels=0.410, cpuInvocations=1355, cpuSubmitAvgMs=0.003, cpuSubmitMaxMs=0.031, gpuSamples=339, gpuAvgMs=0.100, gpuMaxMs=0.178, gpuAvgMsPerMP=0.244
[03Aug2026 00:56:46.381] [Render thread/INFO] [Photonics/]: Photonics pass timing v73: group=svgf gi atrous, passes=[atrous iteration], viewport=608x300, megapixels=0.182, cpuInvocations=828, cpuSubmitAvgMs=0.003, cpuSubmitMaxMs=0.030, gpuSamples=207, gpuAvgMs=0.040, gpuMaxMs=0.112, gpuAvgMsPerMP=0.220
[03Aug2026 00:56:46.898] [Render thread/INFO] [Photonics/]: Photonics v55 Sable skylight transition: subLevel=5a4fd52b-64e6-4f76-8c6d-28e2d8291bb5, scale=15 -> 14, logicalY=90.65564 (cell 90), renderY=91.37332 (cell 91), cameraY=110.03933 (cell 110)
[03Aug2026 00:56:47.043] [Render thread/INFO] [Photonics/]: Photonics v55 Sable skylight transition: subLevel=5a4fd52b-64e6-4f76-8c6d-28e2d8291bb5, scale=14 -> 15, logicalY=87.84957 (cell 87), renderY=88.67463 (cell 88), cameraY=110.03933 (cell 110)
[03Aug2026 00:56:47.740] [Render thread/INFO] [Photonics/]: Photonics pass timing v73: group=frag data, passes=[frag data], viewport=912x450, megapixels=0.410, cpuInvocations=290, cpuSubmitAvgMs=0.046, cpuSubmitMaxMs=0.129, gpuSamples=73, gpuAvgMs=0.028, gpuMaxMs=0.029, gpuAvgMsPerMP=0.069
[03Aug2026 00:56:47.741] [Render thread/INFO] [Photonics/]: Photonics frame throughput v78: viewport=912x450, windowSeconds=5.011, renderedFrames=290, fps=57.873, frameAvgMs=17.279
[03Aug2026 00:56:47.741] [Render thread/INFO] [Photonics/]: Photonics pass timing v73: group=frag data gi, passes=[frag data gi], viewport=608x300, megapixels=0.182, cpuInvocations=290, cpuSubmitAvgMs=0.017, cpuSubmitMaxMs=0.071, gpuSamples=73, gpuAvgMs=0.015, gpuMaxMs=0.016, gpuAvgMsPerMP=0.084
[03Aug2026 00:56:47.741] [Render thread/INFO] [Photonics/]: Photonics pass timing v73: group=restir direct, passes=[initial direct + visibility], viewport=912x450, megapixels=0.410, cpuInvocations=290, cpuSubmitAvgMs=0.020, cpuSubmitMaxMs=0.187, gpuSamples=73, gpuAvgMs=0.190, gpuMaxMs=0.197, gpuAvgMsPerMP=0.463
[03Aug2026 00:56:47.741] [Render thread/INFO] [Photonics/]: Photonics pass timing v73: group=restir direct spatial, passes=[spatial reuse/clamp], viewport=912x450, megapixels=0.410, cpuInvocations=290, cpuSubmitAvgMs=0.008, cpuSubmitMaxMs=0.022, gpuSamples=73, gpuAvgMs=0.018, gpuMaxMs=0.019, gpuAvgMsPerMP=0.043
[03Aug2026 00:56:47.741] [Render thread/INFO] [Photonics/]: Photonics pass timing v73: group=restir direct diffuse, passes=[diffuse], viewport=912x450, megapixels=0.410, cpuInvocations=290, cpuSubmitAvgMs=0.013, cpuSubmitMaxMs=0.051, gpuSamples=73, gpuAvgMs=0.533, gpuMaxMs=0.590, gpuAvgMsPerMP=1.298
[03Aug2026 00:56:47.741] [Render thread/INFO] [Photonics/]: Photonics pass timing v73: group=restir direct accumulation, passes=[accumulation], viewport=912x450, megapixels=0.410, cpuInvocations=290, cpuSubmitAvgMs=0.014, cpuSubmitMaxMs=0.049, gpuSamples=73, gpuAvgMs=0.136, gpuMaxMs=0.200, gpuAvgMsPerMP=0.332
[03Aug2026 00:56:47.741] [Render thread/INFO] [Photonics/]: Photonics pass timing v73: group=svgf direct variance, passes=[variance prefilter], viewport=912x450, megapixels=0.410, cpuInvocations=290, cpuSubmitAvgMs=0.011, cpuSubmitMaxMs=0.033, gpuSamples=73, gpuAvgMs=0.125, gpuMaxMs=0.197, gpuAvgMsPerMP=0.305
[03Aug2026 00:56:47.741] [Render thread/INFO] [Photonics/]: Photonics pass timing v73: group=restir gi initial, passes=[initial indirect], viewport=608x300, megapixels=0.182, cpuInvocations=290, cpuSubmitAvgMs=0.008, cpuSubmitMaxMs=0.018, gpuSamples=73, gpuAvgMs=0.363, gpuMaxMs=0.425, gpuAvgMsPerMP=1.989
[03Aug2026 00:56:47.741] [Render thread/INFO] [Photonics/]: Photonics pass timing v73: group=restir gi temporal, passes=[temporal reuse + tri-state classification], viewport=608x300, megapixels=0.182, cpuInvocations=290, cpuSubmitAvgMs=0.009, cpuSubmitMaxMs=0.019, gpuSamples=73, gpuAvgMs=0.029, gpuMaxMs=0.031, gpuAvgMsPerMP=0.161
[03Aug2026 00:56:47.741] [Render thread/INFO] [Photonics/]: Photonics pass timing v73: group=restir gi spatial, passes=[spatial reuse/clamp + tri-state classification], viewport=608x300, megapixels=0.182, cpuInvocations=290, cpuSubmitAvgMs=0.006, cpuSubmitMaxMs=0.017, gpuSamples=73, gpuAvgMs=0.012, gpuMaxMs=0.013, gpuAvgMsPerMP=0.066
[03Aug2026 00:56:47.741] [Render thread/INFO] [Photonics/]: Photonics pass timing v73: group=restir gi diffuse, passes=[diffuse], viewport=608x300, megapixels=0.182, cpuInvocations=290, cpuSubmitAvgMs=0.004, cpuSubmitMaxMs=0.011, gpuSamples=73, gpuAvgMs=0.015, gpuMaxMs=0.016, gpuAvgMsPerMP=0.083
[03Aug2026 00:56:47.741] [Render thread/INFO] [Photonics/]: Photonics pass timing v73: group=restir gi accumulation, passes=[accumulation], viewport=608x300, megapixels=0.182, cpuInvocations=290, cpuSubmitAvgMs=0.005, cpuSubmitMaxMs=0.011, gpuSamples=73, gpuAvgMs=0.028, gpuMaxMs=0.030, gpuAvgMsPerMP=0.151
[03Aug2026 00:56:47.741] [Render thread/INFO] [Photonics/]: Photonics pass timing v73: group=svgf gi variance, passes=[variance prefilter], viewport=608x300, megapixels=0.182, cpuInvocations=290, cpuSubmitAvgMs=0.007, cpuSubmitMaxMs=0.020, gpuSamples=73, gpuAvgMs=0.026, gpuMaxMs=0.027, gpuAvgMsPerMP=0.144
[03Aug2026 00:56:47.741] [Render thread/INFO] [Photonics/]: Photonics pass timing v73: group=restir source/history diagnostic, passes=[compose diagnostic panels], viewport=912x450, megapixels=0.410, cpuInvocations=290, cpuSubmitAvgMs=0.004, cpuSubmitMaxMs=0.015, gpuSamples=73, gpuAvgMs=0.011, gpuMaxMs=0.022, gpuAvgMsPerMP=0.026
[03Aug2026 00:56:48.043] [Render thread/INFO] [Photonics/]: Photonics world tracing v72: revision=214, settled=true, compiledSections=3130, trackedSections=3130, batchBuilt=1, batchUnloaded=0, pendingBuilds=0, pendingUnloads=0, ready=true, depth=6, blockBounds=( 3.200E+1  6.400E+1  6.400E+1)..( 3.680E+2  2.560E+2  4.000E+2), treeBounds=( 0.000E+0  0.000E+0  0.000E+0)..( 1.024E+3  1.024E+3  1.024E+3), origin=(-1.280E+2 -1.280E+2 -6.400E+1), boundsSource=compiled, compileMs=81.429
[03Aug2026 00:56:48.043] [Render thread/INFO] [Photonics/]: Photonics memory v72: jvmHeap={usedBytes=2769656832, committedBytes=3917479936, maxBytes=8589934592}, jvmGc={collections=125, timeMs=1172}, worldHeap=GpuBufferHeapStats[capacityBytes=536870912, reservedBytes=264373820, liveBytes=264371804, peakLiveBytes=264372380, reusableBytes=2016, allocations=642717, reusedAllocations=4810, frees=4817, failedAllocations=0], paletteHeap=GpuBufferHeapStats[capacityBytes=201326592, reservedBytes=33112032, liveBytes=33112032, peakLiveBytes=33112032, reusableBytes=0, allocations=354307, reusedAllocations=9390, frees=9390, failedAllocations=0], registries={lights=Stats[cachedObjects=10, pendingFreeObjects=0, allocatedObjects=10, failedAllocations=0], palettes=Stats[cachedObjects=344917, pendingFreeObjects=0, allocatedObjects=354307, failedAllocations=0], blocks=Stats[cachedObjects=449895, pendingFreeObjects=0, allocatedObjects=453129, failedAllocations=0], models=Stats[cachedObjects=9950, pendingFreeObjects=0, allocatedObjects=10012, failedAllocations=0]}
[03Aug2026 00:56:50.859] [Render thread/INFO] [Photonics/]: Photonics direct reservoir sample v64: samples=120, populated=10, emptyOrBackground=4, visibilityRejected=88, invalid=18, overLegacyCap=0, overTemporalCap=0, totalSamplesRange=32.0..32.0, viewport=912x450
[03Aug2026 00:56:51.096] [Render thread/INFO] [Photonics/]: Photonics pass timing v73: group=svgf direct atrous, passes=[atrous iteration], viewport=912x450, megapixels=0.410, cpuInvocations=1385, cpuSubmitAvgMs=0.003, cpuSubmitMaxMs=0.030, gpuSamples=346, gpuAvgMs=0.089, gpuMaxMs=0.147, gpuAvgMsPerMP=0.217
[03Aug2026 00:56:51.385] [Render thread/INFO] [Photonics/]: Photonics pass timing v73: group=svgf gi atrous, passes=[atrous iteration], viewport=608x300, megapixels=0.182, cpuInvocations=828, cpuSubmitAvgMs=0.003, cpuSubmitMaxMs=0.022, gpuSamples=207, gpuAvgMs=0.030, gpuMaxMs=0.039, gpuAvgMsPerMP=0.164
[03Aug2026 00:56:52.752] [Render thread/INFO] [Photonics/]: Photonics pass timing v73: group=frag data, passes=[frag data], viewport=912x450, megapixels=0.410, cpuInvocations=275, cpuSubmitAvgMs=0.048, cpuSubmitMaxMs=0.132, gpuSamples=69, gpuAvgMs=0.027, gpuMaxMs=0.029, gpuAvgMsPerMP=0.065
[03Aug2026 00:56:52.752] [Render thread/INFO] [Photonics/]: Photonics frame throughput v78: viewport=912x450, windowSeconds=5.012, renderedFrames=275, fps=54.873, frameAvgMs=18.224
[03Aug2026 00:56:52.752] [Render thread/INFO] [Photonics/]: Photonics pass timing v73: group=frag data gi, passes=[frag data gi], viewport=608x300, megapixels=0.182, cpuInvocations=275, cpuSubmitAvgMs=0.017, cpuSubmitMaxMs=0.045, gpuSamples=69, gpuAvgMs=0.015, gpuMaxMs=0.015, gpuAvgMsPerMP=0.080
[03Aug2026 00:56:52.753] [Render thread/INFO] [Photonics/]: Photonics pass timing v73: group=restir direct, passes=[initial direct + visibility], viewport=912x450, megapixels=0.410, cpuInvocations=275, cpuSubmitAvgMs=0.020, cpuSubmitMaxMs=0.049, gpuSamples=69, gpuAvgMs=0.170, gpuMaxMs=0.179, gpuAvgMsPerMP=0.414
[03Aug2026 00:56:52.753] [Render thread/INFO] [Photonics/]: Photonics pass timing v73: group=restir direct spatial, passes=[spatial reuse/clamp], viewport=912x450, megapixels=0.410, cpuInvocations=275, cpuSubmitAvgMs=0.008, cpuSubmitMaxMs=0.026, gpuSamples=69, gpuAvgMs=0.017, gpuMaxMs=0.018, gpuAvgMsPerMP=0.041
[03Aug2026 00:56:52.753] [Render thread/INFO] [Photonics/]: Photonics pass timing v73: group=restir direct diffuse, passes=[diffuse], viewport=912x450, megapixels=0.410, cpuInvocations=275, cpuSubmitAvgMs=0.014, cpuSubmitMaxMs=0.034, gpuSamples=69, gpuAvgMs=0.459, gpuMaxMs=0.520, gpuAvgMsPerMP=1.118
[03Aug2026 00:56:52.753] [Render thread/INFO] [Photonics/]: Photonics pass timing v73: group=restir direct accumulation, passes=[accumulation], viewport=912x450, megapixels=0.410, cpuInvocations=275, cpuSubmitAvgMs=0.015, cpuSubmitMaxMs=0.069, gpuSamples=69, gpuAvgMs=0.119, gpuMaxMs=0.127, gpuAvgMsPerMP=0.290
[03Aug2026 00:56:52.753] [Render thread/INFO] [Photonics/]: Photonics pass timing v73: group=svgf direct variance, passes=[variance prefilter], viewport=912x450, megapixels=0.410, cpuInvocations=275, cpuSubmitAvgMs=0.012, cpuSubmitMaxMs=0.063, gpuSamples=69, gpuAvgMs=0.114, gpuMaxMs=0.163, gpuAvgMsPerMP=0.279
[03Aug2026 00:56:52.753] [Render thread/INFO] [Photonics/]: Photonics pass timing v73: group=restir gi initial, passes=[initial indirect], viewport=608x300, megapixels=0.182, cpuInvocations=275, cpuSubmitAvgMs=0.009, cpuSubmitMaxMs=0.021, gpuSamples=69, gpuAvgMs=0.324, gpuMaxMs=0.375, gpuAvgMsPerMP=1.778
[03Aug2026 00:56:52.753] [Render thread/INFO] [Photonics/]: Photonics pass timing v73: group=restir gi temporal, passes=[temporal reuse + tri-state classification], viewport=608x300, megapixels=0.182, cpuInvocations=275, cpuSubmitAvgMs=0.010, cpuSubmitMaxMs=0.032, gpuSamples=69, gpuAvgMs=0.026, gpuMaxMs=0.049, gpuAvgMsPerMP=0.142
[03Aug2026 00:56:52.753] [Render thread/INFO] [Photonics/]: Photonics pass timing v73: group=restir gi spatial, passes=[spatial reuse/clamp + tri-state classification], viewport=608x300, megapixels=0.182, cpuInvocations=275, cpuSubmitAvgMs=0.007, cpuSubmitMaxMs=0.042, gpuSamples=69, gpuAvgMs=0.012, gpuMaxMs=0.012, gpuAvgMsPerMP=0.063
[03Aug2026 00:56:52.753] [Render thread/INFO] [Photonics/]: Photonics pass timing v73: group=restir gi diffuse, passes=[diffuse], viewport=608x300, megapixels=0.182, cpuInvocations=275, cpuSubmitAvgMs=0.005, cpuSubmitMaxMs=0.022, gpuSamples=69, gpuAvgMs=0.014, gpuMaxMs=0.016, gpuAvgMsPerMP=0.079
[03Aug2026 00:56:52.753] [Render thread/INFO] [Photonics/]: Photonics pass timing v73: group=restir gi accumulation, passes=[accumulation], viewport=608x300, megapixels=0.182, cpuInvocations=275, cpuSubmitAvgMs=0.005, cpuSubmitMaxMs=0.013, gpuSamples=69, gpuAvgMs=0.024, gpuMaxMs=0.064, gpuAvgMsPerMP=0.134
[03Aug2026 00:56:52.753] [Render thread/INFO] [Photonics/]: Photonics pass timing v73: group=svgf gi variance, passes=[variance prefilter], viewport=608x300, megapixels=0.182, cpuInvocations=275, cpuSubmitAvgMs=0.007, cpuSubmitMaxMs=0.016, gpuSamples=69, gpuAvgMs=0.025, gpuMaxMs=0.026, gpuAvgMsPerMP=0.135
[03Aug2026 00:56:52.753] [Render thread/INFO] [Photonics/]: Photonics pass timing v73: group=restir source/history diagnostic, passes=[compose diagnostic panels], viewport=912x450, megapixels=0.410, cpuInvocations=275, cpuSubmitAvgMs=0.005, cpuSubmitMaxMs=0.033, gpuSamples=69, gpuAvgMs=0.009, gpuMaxMs=0.010, gpuAvgMsPerMP=0.022
[03Aug2026 00:56:53.560] [Render thread/INFO] [Photonics/]: Photonics world tracing v72: revision=215, settled=false, compiledSections=3130, trackedSections=3130, batchBuilt=1, batchUnloaded=0, pendingBuilds=0, pendingUnloads=0, ready=true, depth=6, blockBounds=( 3.200E+1  6.400E+1  6.400E+1)..( 3.680E+2  2.560E+2  4.000E+2), treeBounds=( 0.000E+0  0.000E+0  0.000E+0)..( 1.024E+3  1.024E+3  1.024E+3), origin=(-1.280E+2 -1.280E+2 -6.400E+1), boundsSource=compiled, compileMs=77.759
[03Aug2026 00:56:55.563] [Render thread/INFO] [Photonics/]: Photonics world tracing v72: revision=215, settled=true, compiledSections=3130, trackedSections=3130, batchBuilt=1, batchUnloaded=0, pendingBuilds=0, pendingUnloads=0, ready=true, depth=6, blockBounds=( 3.200E+1  6.400E+1  6.400E+1)..( 3.680E+2  2.560E+2  4.000E+2), treeBounds=( 0.000E+0  0.000E+0  0.000E+0)..( 1.024E+3  1.024E+3  1.024E+3), origin=(-1.280E+2 -1.280E+2 -6.400E+1), boundsSource=compiled, compileMs=77.759
[03Aug2026 00:56:55.563] [Render thread/INFO] [Photonics/]: Photonics memory v72: jvmHeap={usedBytes=2042328600, committedBytes=3917479936, maxBytes=8589934592}, jvmGc={collections=130, timeMs=1220}, worldHeap=GpuBufferHeapStats[capacityBytes=536870912, reservedBytes=264373820, liveBytes=264371804, peakLiveBytes=264372380, reusableBytes=2016, allocations=642717, reusedAllocations=4810, frees=4817, failedAllocations=0], paletteHeap=GpuBufferHeapStats[capacityBytes=201326592, reservedBytes=33112032, liveBytes=33112032, peakLiveBytes=33112032, reusableBytes=0, allocations=354307, reusedAllocations=9390, frees=9390, failedAllocations=0], registries={lights=Stats[cachedObjects=10, pendingFreeObjects=0, allocatedObjects=10, failedAllocations=0], palettes=Stats[cachedObjects=344917, pendingFreeObjects=0, allocatedObjects=354307, failedAllocations=0], blocks=Stats[cachedObjects=449895, pendingFreeObjects=0, allocatedObjects=453129, failedAllocations=0], models=Stats[cachedObjects=9950, pendingFreeObjects=0, allocatedObjects=10012, failedAllocations=0]}
[03Aug2026 00:56:56.105] [Render thread/INFO] [Photonics/]: Photonics pass timing v73: group=svgf direct atrous, passes=[atrous iteration], viewport=912x450, megapixels=0.410, cpuInvocations=1440, cpuSubmitAvgMs=0.003, cpuSubmitMaxMs=0.058, gpuSamples=360, gpuAvgMs=0.094, gpuMaxMs=0.108, gpuAvgMsPerMP=0.228
[03Aug2026 00:56:56.389] [Render thread/INFO] [Photonics/]: Photonics pass timing v73: group=svgf gi atrous, passes=[atrous iteration], viewport=608x300, megapixels=0.182, cpuInvocations=870, cpuSubmitAvgMs=0.003, cpuSubmitMaxMs=0.013, gpuSamples=217, gpuAvgMs=0.033, gpuMaxMs=0.040, gpuAvgMsPerMP=0.182
[03Aug2026 00:56:57.763] [Render thread/INFO] [Photonics/]: Photonics pass timing v73: group=frag data, passes=[frag data], viewport=912x450, megapixels=0.410, cpuInvocations=291, cpuSubmitAvgMs=0.044, cpuSubmitMaxMs=0.081, gpuSamples=72, gpuAvgMs=0.027, gpuMaxMs=0.028, gpuAvgMsPerMP=0.066
[03Aug2026 00:56:57.763] [Render thread/INFO] [Photonics/]: Photonics frame throughput v78: viewport=912x450, windowSeconds=5.011, renderedFrames=291, fps=58.072, frameAvgMs=17.220
[03Aug2026 00:56:57.763] [Render thread/INFO] [Photonics/]: Photonics pass timing v73: group=frag data gi, passes=[frag data gi], viewport=608x300, megapixels=0.182, cpuInvocations=291, cpuSubmitAvgMs=0.016, cpuSubmitMaxMs=0.039, gpuSamples=72, gpuAvgMs=0.015, gpuMaxMs=0.016, gpuAvgMsPerMP=0.082
[03Aug2026 00:56:57.763] [Render thread/INFO] [Photonics/]: Photonics pass timing v73: group=restir direct, passes=[initial direct + visibility], viewport=912x450, megapixels=0.410, cpuInvocations=291, cpuSubmitAvgMs=0.019, cpuSubmitMaxMs=0.150, gpuSamples=72, gpuAvgMs=0.179, gpuMaxMs=0.193, gpuAvgMsPerMP=0.436
[03Aug2026 00:56:57.763] [Render thread/INFO] [Photonics/]: Photonics pass timing v73: group=restir direct spatial, passes=[spatial reuse/clamp], viewport=912x450, megapixels=0.410, cpuInvocations=291, cpuSubmitAvgMs=0.008, cpuSubmitMaxMs=0.030, gpuSamples=72, gpuAvgMs=0.017, gpuMaxMs=0.018, gpuAvgMsPerMP=0.042
[03Aug2026 00:56:57.763] [Render thread/INFO] [Photonics/]: Photonics pass timing v73: group=restir direct diffuse, passes=[diffuse], viewport=912x450, megapixels=0.410, cpuInvocations=291, cpuSubmitAvgMs=0.013, cpuSubmitMaxMs=0.062, gpuSamples=72, gpuAvgMs=0.480, gpuMaxMs=0.547, gpuAvgMsPerMP=1.170
[03Aug2026 00:56:57.763] [Render thread/INFO] [Photonics/]: Photonics pass timing v73: group=restir direct accumulation, passes=[accumulation], viewport=912x450, megapixels=0.410, cpuInvocations=291, cpuSubmitAvgMs=0.014, cpuSubmitMaxMs=0.044, gpuSamples=72, gpuAvgMs=0.125, gpuMaxMs=0.142, gpuAvgMsPerMP=0.304
[03Aug2026 00:56:57.763] [Render thread/INFO] [Photonics/]: Photonics pass timing v73: group=svgf direct variance, passes=[variance prefilter], viewport=912x450, megapixels=0.410, cpuInvocations=291, cpuSubmitAvgMs=0.011, cpuSubmitMaxMs=0.032, gpuSamples=72, gpuAvgMs=0.118, gpuMaxMs=0.123, gpuAvgMsPerMP=0.288
[03Aug2026 00:56:57.763] [Render thread/INFO] [Photonics/]: Photonics pass timing v73: group=restir gi initial, passes=[initial indirect], viewport=608x300, megapixels=0.182, cpuInvocations=291, cpuSubmitAvgMs=0.008, cpuSubmitMaxMs=0.018, gpuSamples=72, gpuAvgMs=0.339, gpuMaxMs=0.396, gpuAvgMsPerMP=1.859
[03Aug2026 00:56:57.764] [Render thread/INFO] [Photonics/]: Photonics pass timing v73: group=restir gi temporal, passes=[temporal reuse + tri-state classification], viewport=608x300, megapixels=0.182, cpuInvocations=291, cpuSubmitAvgMs=0.009, cpuSubmitMaxMs=0.020, gpuSamples=72, gpuAvgMs=0.027, gpuMaxMs=0.030, gpuAvgMsPerMP=0.148
[03Aug2026 00:56:57.764] [Render thread/INFO] [Photonics/]: Photonics pass timing v73: group=restir gi spatial, passes=[spatial reuse/clamp + tri-state classification], viewport=608x300, megapixels=0.182, cpuInvocations=291, cpuSubmitAvgMs=0.006, cpuSubmitMaxMs=0.018, gpuSamples=72, gpuAvgMs=0.012, gpuMaxMs=0.012, gpuAvgMsPerMP=0.065
[03Aug2026 00:56:57.764] [Render thread/INFO] [Photonics/]: Photonics pass timing v73: group=restir gi diffuse, passes=[diffuse], viewport=608x300, megapixels=0.182, cpuInvocations=291, cpuSubmitAvgMs=0.004, cpuSubmitMaxMs=0.011, gpuSamples=72, gpuAvgMs=0.015, gpuMaxMs=0.016, gpuAvgMsPerMP=0.081
[03Aug2026 00:56:57.764] [Render thread/INFO] [Photonics/]: Photonics pass timing v73: group=restir gi accumulation, passes=[accumulation], viewport=608x300, megapixels=0.182, cpuInvocations=291, cpuSubmitAvgMs=0.005, cpuSubmitMaxMs=0.014, gpuSamples=72, gpuAvgMs=0.026, gpuMaxMs=0.029, gpuAvgMsPerMP=0.140
[03Aug2026 00:56:57.764] [Render thread/INFO] [Photonics/]: Photonics pass timing v73: group=svgf gi variance, passes=[variance prefilter], viewport=608x300, megapixels=0.182, cpuInvocations=291, cpuSubmitAvgMs=0.007, cpuSubmitMaxMs=0.017, gpuSamples=72, gpuAvgMs=0.025, gpuMaxMs=0.026, gpuAvgMsPerMP=0.139
[03Aug2026 00:56:57.764] [Render thread/INFO] [Photonics/]: Photonics pass timing v73: group=restir source/history diagnostic, passes=[compose diagnostic panels], viewport=912x450, megapixels=0.410, cpuInvocations=291, cpuSubmitAvgMs=0.004, cpuSubmitMaxMs=0.010, gpuSamples=72, gpuAvgMs=0.010, gpuMaxMs=0.010, gpuAvgMsPerMP=0.023
[03Aug2026 00:56:59.139] [Render thread/INFO] [Photonics/]: Photonics direct reservoir sample v64: samples=120, populated=12, emptyOrBackground=2, visibilityRejected=81, invalid=25, overLegacyCap=0, overTemporalCap=0, totalSamplesRange=32.0..32.0, viewport=912x450
[03Aug2026 00:56:59.161] [Render thread/INFO] [Photonics/]: Photonics world tracing v72: revision=216, settled=false, compiledSections=3130, trackedSections=3130, batchBuilt=1, batchUnloaded=0, pendingBuilds=0, pendingUnloads=0, ready=true, depth=6, blockBounds=( 3.200E+1  6.400E+1  6.400E+1)..( 3.680E+2  2.560E+2  4.000E+2), treeBounds=( 0.000E+0  0.000E+0  0.000E+0)..( 1.024E+3  1.024E+3  1.024E+3), origin=(-1.280E+2 -1.280E+2 -6.400E+1), boundsSource=compiled, compileMs=70.378
[03Aug2026 00:57:01.121] [Render thread/INFO] [Photonics/]: Photonics pass timing v73: group=svgf direct atrous, passes=[atrous iteration], viewport=912x450, megapixels=0.410, cpuInvocations=1465, cpuSubmitAvgMs=0.003, cpuSubmitMaxMs=0.053, gpuSamples=366, gpuAvgMs=0.093, gpuMaxMs=0.146, gpuAvgMsPerMP=0.228
[03Aug2026 00:57:01.396] [Render thread/INFO] [Photonics/]: Photonics pass timing v73: group=svgf gi atrous, passes=[atrous iteration], viewport=608x300, megapixels=0.182, cpuInvocations=870, cpuSubmitAvgMs=0.003, cpuSubmitMaxMs=0.015, gpuSamples=218, gpuAvgMs=0.033, gpuMaxMs=0.036, gpuAvgMsPerMP=0.179
[03Aug2026 00:57:01.421] [Render thread/INFO] [Photonics/]: Photonics world tracing v72: revision=217, settled=true, compiledSections=3130, trackedSections=3130, batchBuilt=1, batchUnloaded=0, pendingBuilds=0, pendingUnloads=0, ready=true, depth=6, blockBounds=( 3.200E+1  6.400E+1  6.400E+1)..( 3.680E+2  2.560E+2  4.000E+2), treeBounds=( 0.000E+0  0.000E+0  0.000E+0)..( 1.024E+3  1.024E+3  1.024E+3), origin=(-1.280E+2 -1.280E+2 -6.400E+1), boundsSource=compiled, compileMs=70.764
[03Aug2026 00:57:01.421] [Render thread/INFO] [Photonics/]: Photonics memory v72: jvmHeap={usedBytes=2244432272, committedBytes=3917479936, maxBytes=8589934592}, jvmGc={collections=132, timeMs=1243}, worldHeap=GpuBufferHeapStats[capacityBytes=536870912, reservedBytes=264373820, liveBytes=264371804, peakLiveBytes=264372380, reusableBytes=2016, allocations=642717, reusedAllocations=4810, frees=4817, failedAllocations=0], paletteHeap=GpuBufferHeapStats[capacityBytes=201326592, reservedBytes=33112032, liveBytes=33112032, peakLiveBytes=33112032, reusableBytes=0, allocations=354307, reusedAllocations=9390, frees=9390, failedAllocations=0], registries={lights=Stats[cachedObjects=10, pendingFreeObjects=0, allocatedObjects=10, failedAllocations=0], palettes=Stats[cachedObjects=344917, pendingFreeObjects=0, allocatedObjects=354307, failedAllocations=0], blocks=Stats[cachedObjects=449895, pendingFreeObjects=0, allocatedObjects=453129, failedAllocations=0], models=Stats[cachedObjects=9950, pendingFreeObjects=0, allocatedObjects=10012, failedAllocations=0]}
[03Aug2026 00:57:02.771] [Render thread/INFO] [Photonics/]: Photonics pass timing v73: group=frag data, passes=[frag data], viewport=912x450, megapixels=0.410, cpuInvocations=284, cpuSubmitAvgMs=0.042, cpuSubmitMaxMs=0.094, gpuSamples=71, gpuAvgMs=0.027, gpuMaxMs=0.028, gpuAvgMsPerMP=0.065
[03Aug2026 00:57:02.771] [Render thread/INFO] [Photonics/]: Photonics frame throughput v78: viewport=912x450, windowSeconds=5.008, renderedFrames=284, fps=56.713, frameAvgMs=17.633
[03Aug2026 00:57:02.771] [Render thread/INFO] [Photonics/]: Photonics pass timing v73: group=frag data gi, passes=[frag data gi], viewport=608x300, megapixels=0.182, cpuInvocations=284, cpuSubmitAvgMs=0.016, cpuSubmitMaxMs=0.038, gpuSamples=71, gpuAvgMs=0.015, gpuMaxMs=0.015, gpuAvgMsPerMP=0.081
[03Aug2026 00:57:02.771] [Render thread/INFO] [Photonics/]: Photonics pass timing v73: group=restir direct, passes=[initial direct + visibility], viewport=912x450, megapixels=0.410, cpuInvocations=284, cpuSubmitAvgMs=0.018, cpuSubmitMaxMs=0.045, gpuSamples=71, gpuAvgMs=0.175, gpuMaxMs=0.182, gpuAvgMsPerMP=0.427
[03Aug2026 00:57:02.771] [Render thread/INFO] [Photonics/]: Photonics pass timing v73: group=restir direct spatial, passes=[spatial reuse/clamp], viewport=912x450, megapixels=0.410, cpuInvocations=284, cpuSubmitAvgMs=0.008, cpuSubmitMaxMs=0.047, gpuSamples=71, gpuAvgMs=0.017, gpuMaxMs=0.018, gpuAvgMsPerMP=0.042
[03Aug2026 00:57:02.771] [Render thread/INFO] [Photonics/]: Photonics pass timing v73: group=restir direct diffuse, passes=[diffuse], viewport=912x450, megapixels=0.410, cpuInvocations=284, cpuSubmitAvgMs=0.013, cpuSubmitMaxMs=0.034, gpuSamples=71, gpuAvgMs=0.502, gpuMaxMs=0.581, gpuAvgMsPerMP=1.224
[03Aug2026 00:57:02.771] [Render thread/INFO] [Photonics/]: Photonics pass timing v73: group=restir direct accumulation, passes=[accumulation], viewport=912x450, megapixels=0.410, cpuInvocations=284, cpuSubmitAvgMs=0.014, cpuSubmitMaxMs=0.029, gpuSamples=71, gpuAvgMs=0.124, gpuMaxMs=0.175, gpuAvgMsPerMP=0.303
[03Aug2026 00:57:02.771] [Render thread/INFO] [Photonics/]: Photonics pass timing v73: group=svgf direct variance, passes=[variance prefilter], viewport=912x450, megapixels=0.410, cpuInvocations=284, cpuSubmitAvgMs=0.010, cpuSubmitMaxMs=0.065, gpuSamples=71, gpuAvgMs=0.116, gpuMaxMs=0.161, gpuAvgMsPerMP=0.282
[03Aug2026 00:57:02.771] [Render thread/INFO] [Photonics/]: Photonics pass timing v73: group=restir gi initial, passes=[initial indirect], viewport=608x300, megapixels=0.182, cpuInvocations=284, cpuSubmitAvgMs=0.008, cpuSubmitMaxMs=0.041, gpuSamples=71, gpuAvgMs=0.319, gpuMaxMs=0.365, gpuAvgMsPerMP=1.749
[03Aug2026 00:57:02.771] [Render thread/INFO] [Photonics/]: Photonics pass timing v73: group=restir gi temporal, passes=[temporal reuse + tri-state classification], viewport=608x300, megapixels=0.182, cpuInvocations=284, cpuSubmitAvgMs=0.009, cpuSubmitMaxMs=0.023, gpuSamples=71, gpuAvgMs=0.027, gpuMaxMs=0.028, gpuAvgMsPerMP=0.148
[03Aug2026 00:57:02.771] [Render thread/INFO] [Photonics/]: Photonics pass timing v73: group=restir gi spatial, passes=[spatial reuse/clamp + tri-state classification], viewport=608x300, megapixels=0.182, cpuInvocations=284, cpuSubmitAvgMs=0.006, cpuSubmitMaxMs=0.036, gpuSamples=71, gpuAvgMs=0.012, gpuMaxMs=0.012, gpuAvgMsPerMP=0.064
[03Aug2026 00:57:02.771] [Render thread/INFO] [Photonics/]: Photonics pass timing v73: group=restir gi diffuse, passes=[diffuse], viewport=608x300, megapixels=0.182, cpuInvocations=284, cpuSubmitAvgMs=0.004, cpuSubmitMaxMs=0.021, gpuSamples=71, gpuAvgMs=0.015, gpuMaxMs=0.016, gpuAvgMsPerMP=0.081
[03Aug2026 00:57:02.771] [Render thread/INFO] [Photonics/]: Photonics pass timing v73: group=restir gi accumulation, passes=[accumulation], viewport=608x300, megapixels=0.182, cpuInvocations=284, cpuSubmitAvgMs=0.005, cpuSubmitMaxMs=0.039, gpuSamples=71, gpuAvgMs=0.025, gpuMaxMs=0.027, gpuAvgMsPerMP=0.138
[03Aug2026 00:57:02.771] [Render thread/INFO] [Photonics/]: Photonics pass timing v73: group=svgf gi variance, passes=[variance prefilter], viewport=608x300, megapixels=0.182, cpuInvocations=284, cpuSubmitAvgMs=0.007, cpuSubmitMaxMs=0.015, gpuSamples=71, gpuAvgMs=0.025, gpuMaxMs=0.027, gpuAvgMsPerMP=0.137
[03Aug2026 00:57:02.771] [Render thread/INFO] [Photonics/]: Photonics pass timing v73: group=restir source/history diagnostic, passes=[compose diagnostic panels], viewport=912x450, megapixels=0.410, cpuInvocations=284, cpuSubmitAvgMs=0.004, cpuSubmitMaxMs=0.008, gpuSamples=71, gpuAvgMs=0.010, gpuMaxMs=0.020, gpuAvgMsPerMP=0.024
[03Aug2026 00:57:04.352] [Render thread/INFO] [Photonics/]: Photonics world tracing v72: revision=218, settled=false, compiledSections=3130, trackedSections=3130, batchBuilt=1, batchUnloaded=0, pendingBuilds=0, pendingUnloads=0, ready=true, depth=6, blockBounds=( 3.200E+1  6.400E+1  6.400E+1)..( 3.680E+2  2.560E+2  4.000E+2), treeBounds=( 0.000E+0  0.000E+0  0.000E+0)..( 1.024E+3  1.024E+3  1.024E+3), origin=(-1.280E+2 -1.280E+2 -6.400E+1), boundsSource=compiled, compileMs=69.799
[03Aug2026 00:57:06.126] [Render thread/INFO] [Photonics/]: Photonics pass timing v73: group=svgf direct atrous, passes=[atrous iteration], viewport=912x450, megapixels=0.410, cpuInvocations=1400, cpuSubmitAvgMs=0.003, cpuSubmitMaxMs=0.014, gpuSamples=350, gpuAvgMs=0.096, gpuMaxMs=0.114, gpuAvgMsPerMP=0.233
[03Aug2026 00:57:06.403] [Render thread/INFO] [Photonics/]: Photonics pass timing v73: group=svgf gi atrous, passes=[atrous iteration], viewport=608x300, megapixels=0.182, cpuInvocations=846, cpuSubmitAvgMs=0.003, cpuSubmitMaxMs=0.032, gpuSamples=211, gpuAvgMs=0.034, gpuMaxMs=0.082, gpuAvgMsPerMP=0.185
[03Aug2026 00:57:06.789] [Render thread/INFO] [Photonics/]: Photonics world tracing v72: revision=220, settled=false, compiledSections=3130, trackedSections=3130, batchBuilt=1, batchUnloaded=0, pendingBuilds=0, pendingUnloads=0, ready=true, depth=6, blockBounds=( 3.200E+1  6.400E+1  6.400E+1)..( 3.680E+2  2.560E+2  4.000E+2), treeBounds=( 0.000E+0  0.000E+0  0.000E+0)..( 1.024E+3  1.024E+3  1.024E+3), origin=(-1.280E+2 -1.280E+2 -6.400E+1), boundsSource=compiled, compileMs=69.831
[03Aug2026 00:57:07.626] [Render thread/INFO] [Photonics/]: Photonics direct reservoir sample v64: samples=120, populated=10, emptyOrBackground=5, visibilityRejected=82, invalid=23, overLegacyCap=0, overTemporalCap=0, totalSamplesRange=32.0..32.0, viewport=912x450
[03Aug2026 00:57:07.776] [Render thread/INFO] [Photonics/]: Photonics pass timing v73: group=frag data, passes=[frag data], viewport=912x450, megapixels=0.410, cpuInvocations=287, cpuSubmitAvgMs=0.040, cpuSubmitMaxMs=0.078, gpuSamples=72, gpuAvgMs=0.026, gpuMaxMs=0.027, gpuAvgMsPerMP=0.064
[03Aug2026 00:57:07.776] [Render thread/INFO] [Photonics/]: Photonics frame throughput v78: viewport=912x450, windowSeconds=5.005, renderedFrames=287, fps=57.341, frameAvgMs=17.440
[03Aug2026 00:57:07.776] [Render thread/INFO] [Photonics/]: Photonics pass timing v73: group=frag data gi, passes=[frag data gi], viewport=608x300, megapixels=0.182, cpuInvocations=287, cpuSubmitAvgMs=0.015, cpuSubmitMaxMs=0.029, gpuSamples=72, gpuAvgMs=0.015, gpuMaxMs=0.030, gpuAvgMsPerMP=0.081
[03Aug2026 00:57:07.776] [Render thread/INFO] [Photonics/]: Photonics pass timing v73: group=restir direct, passes=[initial direct + visibility], viewport=912x450, megapixels=0.410, cpuInvocations=287, cpuSubmitAvgMs=0.017, cpuSubmitMaxMs=0.033, gpuSamples=72, gpuAvgMs=0.174, gpuMaxMs=0.184, gpuAvgMsPerMP=0.424
[03Aug2026 00:57:07.776] [Render thread/INFO] [Photonics/]: Photonics pass timing v73: group=restir direct spatial, passes=[spatial reuse/clamp], viewport=912x450, megapixels=0.410, cpuInvocations=287, cpuSubmitAvgMs=0.007, cpuSubmitMaxMs=0.018, gpuSamples=72, gpuAvgMs=0.017, gpuMaxMs=0.018, gpuAvgMsPerMP=0.042
[03Aug2026 00:57:07.776] [Render thread/INFO] [Photonics/]: Photonics pass timing v73: group=restir direct diffuse, passes=[diffuse], viewport=912x450, megapixels=0.410, cpuInvocations=287, cpuSubmitAvgMs=0.012, cpuSubmitMaxMs=0.021, gpuSamples=72, gpuAvgMs=0.533, gpuMaxMs=0.598, gpuAvgMsPerMP=1.298
[03Aug2026 00:57:07.776] [Render thread/INFO] [Photonics/]: Photonics pass timing v73: group=restir direct accumulation, passes=[accumulation], viewport=912x450, megapixels=0.410, cpuInvocations=287, cpuSubmitAvgMs=0.014, cpuSubmitMaxMs=0.069, gpuSamples=72, gpuAvgMs=0.122, gpuMaxMs=0.130, gpuAvgMsPerMP=0.298
[03Aug2026 00:57:07.776] [Render thread/INFO] [Photonics/]: Photonics pass timing v73: group=svgf direct variance, passes=[variance prefilter], viewport=912x450, megapixels=0.410, cpuInvocations=287, cpuSubmitAvgMs=0.010, cpuSubmitMaxMs=0.030, gpuSamples=72, gpuAvgMs=0.113, gpuMaxMs=0.118, gpuAvgMsPerMP=0.276
[03Aug2026 00:57:07.776] [Render thread/INFO] [Photonics/]: Photonics pass timing v73: group=restir gi initial, passes=[initial indirect], viewport=608x300, megapixels=0.182, cpuInvocations=287, cpuSubmitAvgMs=0.008, cpuSubmitMaxMs=0.015, gpuSamples=72, gpuAvgMs=0.341, gpuMaxMs=0.392, gpuAvgMsPerMP=1.869
[03Aug2026 00:57:07.776] [Render thread/INFO] [Photonics/]: Photonics pass timing v73: group=restir gi temporal, passes=[temporal reuse + tri-state classification], viewport=608x300, megapixels=0.182, cpuInvocations=287, cpuSubmitAvgMs=0.009, cpuSubmitMaxMs=0.037, gpuSamples=72, gpuAvgMs=0.026, gpuMaxMs=0.028, gpuAvgMsPerMP=0.145
[03Aug2026 00:57:07.776] [Render thread/INFO] [Photonics/]: Photonics pass timing v73: group=restir gi spatial, passes=[spatial reuse/clamp + tri-state classification], viewport=608x300, megapixels=0.182, cpuInvocations=287, cpuSubmitAvgMs=0.006, cpuSubmitMaxMs=0.017, gpuSamples=72, gpuAvgMs=0.012, gpuMaxMs=0.012, gpuAvgMsPerMP=0.064
[03Aug2026 00:57:07.776] [Render thread/INFO] [Photonics/]: Photonics pass timing v73: group=restir gi diffuse, passes=[diffuse], viewport=608x300, megapixels=0.182, cpuInvocations=287, cpuSubmitAvgMs=0.004, cpuSubmitMaxMs=0.014, gpuSamples=72, gpuAvgMs=0.015, gpuMaxMs=0.016, gpuAvgMsPerMP=0.080
[03Aug2026 00:57:07.776] [Render thread/INFO] [Photonics/]: Photonics pass timing v73: group=restir gi accumulation, passes=[accumulation], viewport=608x300, megapixels=0.182, cpuInvocations=287, cpuSubmitAvgMs=0.005, cpuSubmitMaxMs=0.014, gpuSamples=72, gpuAvgMs=0.025, gpuMaxMs=0.027, gpuAvgMsPerMP=0.135
[03Aug2026 00:57:07.776] [Render thread/INFO] [Photonics/]: Photonics pass timing v73: group=svgf gi variance, passes=[variance prefilter], viewport=608x300, megapixels=0.182, cpuInvocations=287, cpuSubmitAvgMs=0.006, cpuSubmitMaxMs=0.015, gpuSamples=72, gpuAvgMs=0.025, gpuMaxMs=0.026, gpuAvgMsPerMP=0.137
[03Aug2026 00:57:07.776] [Render thread/INFO] [Photonics/]: Photonics pass timing v73: group=restir source/history diagnostic, passes=[compose diagnostic panels], viewport=912x450, megapixels=0.410, cpuInvocations=287, cpuSubmitAvgMs=0.004, cpuSubmitMaxMs=0.012, gpuSamples=72, gpuAvgMs=0.010, gpuMaxMs=0.010, gpuAvgMsPerMP=0.023
[03Aug2026 00:57:08.151] [Render thread/INFO] [Photonics/]: Photonics world tracing v72: revision=221, settled=false, compiledSections=3130, trackedSections=3130, batchBuilt=1, batchUnloaded=0, pendingBuilds=0, pendingUnloads=0, ready=true, depth=6, blockBounds=( 3.200E+1  6.400E+1  6.400E+1)..( 3.680E+2  2.560E+2  4.000E+2), treeBounds=( 0.000E+0  0.000E+0  0.000E+0)..( 1.024E+3  1.024E+3  1.024E+3), origin=(-1.280E+2 -1.280E+2 -6.400E+1), boundsSource=compiled, compileMs=69.308
[03Aug2026 00:57:09.677] [Render thread/INFO] [Photonics/]: Photonics world tracing v72: revision=222, settled=false, compiledSections=3130, trackedSections=3130, batchBuilt=1, batchUnloaded=0, pendingBuilds=1, pendingUnloads=0, ready=true, depth=6, blockBounds=( 3.200E+1  6.400E+1  6.400E+1)..( 3.680E+2  2.560E+2  4.000E+2), treeBounds=( 0.000E+0  0.000E+0  0.000E+0)..( 1.024E+3  1.024E+3  1.024E+3), origin=(-1.280E+2 -1.280E+2 -6.400E+1), boundsSource=compiled, compileMs=83.029
[03Aug2026 00:57:10.488] [Render thread/INFO] [Photonics/]: Photonics v55 Sable skylight transition: subLevel=5a4fd52b-64e6-4f76-8c6d-28e2d8291bb5, scale=15 -> 14, logicalY=88.82604 (cell 88), renderY=88.06716 (cell 88), cameraY=110.03933 (cell 110)
[03Aug2026 00:57:10.638] [Render thread/INFO] [Photonics/]: Photonics v55 Sable skylight transition: subLevel=5a4fd52b-64e6-4f76-8c6d-28e2d8291bb5, scale=14 -> 15, logicalY=91.08263 (cell 91), renderY=90.36018 (cell 90), cameraY=110.03933 (cell 110)
[03Aug2026 00:57:11.127] [Render thread/INFO] [Photonics/]: Photonics pass timing v73: group=svgf direct atrous, passes=[atrous iteration], viewport=912x450, megapixels=0.410, cpuInvocations=1445, cpuSubmitAvgMs=0.003, cpuSubmitMaxMs=0.015, gpuSamples=362, gpuAvgMs=0.072, gpuMaxMs=0.113, gpuAvgMsPerMP=0.175
[03Aug2026 00:57:11.414] [Render thread/INFO] [Photonics/]: Photonics pass timing v73: group=svgf gi atrous, passes=[atrous iteration], viewport=608x300, megapixels=0.182, cpuInvocations=870, cpuSubmitAvgMs=0.003, cpuSubmitMaxMs=0.010, gpuSamples=218, gpuAvgMs=0.022, gpuMaxMs=0.034, gpuAvgMsPerMP=0.119
[03Aug2026 00:57:11.716] [Render thread/INFO] [Photonics/]: Photonics world tracing v72: revision=224, settled=false, compiledSections=3130, trackedSections=3130, batchBuilt=1, batchUnloaded=0, pendingBuilds=0, pendingUnloads=0, ready=true, depth=6, blockBounds=( 3.200E+1  6.400E+1  6.400E+1)..( 3.680E+2  2.560E+2  4.000E+2), treeBounds=( 0.000E+0  0.000E+0  0.000E+0)..( 1.024E+3  1.024E+3  1.024E+3), origin=(-1.280E+2 -1.280E+2 -6.400E+1), boundsSource=compiled, compileMs=70.112
[03Aug2026 00:57:11.892] [Photonics Light List Compiler/INFO] [Photonics/]: Photonics light candidates v18: eligible=6260, selected=4000, maxLights=4000, lightSections=677, capped=true
[03Aug2026 00:57:12.783] [Render thread/INFO] [Photonics/]: Photonics pass timing v73: group=frag data, passes=[frag data], viewport=912x450, megapixels=0.410, cpuInvocations=287, cpuSubmitAvgMs=0.042, cpuSubmitMaxMs=0.100, gpuSamples=72, gpuAvgMs=0.023, gpuMaxMs=0.025, gpuAvgMsPerMP=0.057
[03Aug2026 00:57:12.783] [Render thread/INFO] [Photonics/]: Photonics frame throughput v78: viewport=912x450, windowSeconds=5.007, renderedFrames=287, fps=57.317, frameAvgMs=17.447
[03Aug2026 00:57:12.783] [Render thread/INFO] [Photonics/]: Photonics pass timing v73: group=frag data gi, passes=[frag data gi], viewport=608x300, megapixels=0.182, cpuInvocations=287, cpuSubmitAvgMs=0.016, cpuSubmitMaxMs=0.042, gpuSamples=72, gpuAvgMs=0.014, gpuMaxMs=0.015, gpuAvgMsPerMP=0.075
[03Aug2026 00:57:12.783] [Render thread/INFO] [Photonics/]: Photonics pass timing v73: group=restir direct, passes=[initial direct + visibility], viewport=912x450, megapixels=0.410, cpuInvocations=287, cpuSubmitAvgMs=0.018, cpuSubmitMaxMs=0.045, gpuSamples=72, gpuAvgMs=0.134, gpuMaxMs=0.163, gpuAvgMsPerMP=0.327
[03Aug2026 00:57:12.783] [Render thread/INFO] [Photonics/]: Photonics pass timing v73: group=restir direct spatial, passes=[spatial reuse/clamp], viewport=912x450, megapixels=0.410, cpuInvocations=287, cpuSubmitAvgMs=0.007, cpuSubmitMaxMs=0.025, gpuSamples=72, gpuAvgMs=0.015, gpuMaxMs=0.017, gpuAvgMsPerMP=0.036
[03Aug2026 00:57:12.783] [Render thread/INFO] [Photonics/]: Photonics pass timing v73: group=restir direct diffuse, passes=[diffuse], viewport=912x450, megapixels=0.410, cpuInvocations=287, cpuSubmitAvgMs=0.012, cpuSubmitMaxMs=0.025, gpuSamples=72, gpuAvgMs=0.362, gpuMaxMs=0.417, gpuAvgMsPerMP=0.883
[03Aug2026 00:57:12.783] [Render thread/INFO] [Photonics/]: Photonics pass timing v73: group=restir direct accumulation, passes=[accumulation], viewport=912x450, megapixels=0.410, cpuInvocations=287, cpuSubmitAvgMs=0.014, cpuSubmitMaxMs=0.027, gpuSamples=72, gpuAvgMs=0.091, gpuMaxMs=0.111, gpuAvgMsPerMP=0.221
[03Aug2026 00:57:12.784] [Render thread/INFO] [Photonics/]: Photonics pass timing v73: group=svgf direct variance, passes=[variance prefilter], viewport=912x450, megapixels=0.410, cpuInvocations=287, cpuSubmitAvgMs=0.010, cpuSubmitMaxMs=0.023, gpuSamples=72, gpuAvgMs=0.085, gpuMaxMs=0.116, gpuAvgMsPerMP=0.206
[03Aug2026 00:57:12.784] [Render thread/INFO] [Photonics/]: Photonics pass timing v73: group=restir gi initial, passes=[initial indirect], viewport=608x300, megapixels=0.182, cpuInvocations=287, cpuSubmitAvgMs=0.008, cpuSubmitMaxMs=0.022, gpuSamples=72, gpuAvgMs=0.259, gpuMaxMs=0.308, gpuAvgMsPerMP=1.422
[03Aug2026 00:57:12.784] [Render thread/INFO] [Photonics/]: Photonics pass timing v73: group=restir gi temporal, passes=[temporal reuse + tri-state classification], viewport=608x300, megapixels=0.182, cpuInvocations=287, cpuSubmitAvgMs=0.009, cpuSubmitMaxMs=0.018, gpuSamples=72, gpuAvgMs=0.021, gpuMaxMs=0.053, gpuAvgMsPerMP=0.114
[03Aug2026 00:57:12.784] [Render thread/INFO] [Photonics/]: Photonics pass timing v73: group=restir gi spatial, passes=[spatial reuse/clamp + tri-state classification], viewport=608x300, megapixels=0.182, cpuInvocations=287, cpuSubmitAvgMs=0.006, cpuSubmitMaxMs=0.017, gpuSamples=72, gpuAvgMs=0.010, gpuMaxMs=0.012, gpuAvgMsPerMP=0.057
[03Aug2026 00:57:12.784] [Render thread/INFO] [Photonics/]: Photonics pass timing v73: group=restir gi diffuse, passes=[diffuse], viewport=608x300, megapixels=0.182, cpuInvocations=287, cpuSubmitAvgMs=0.004, cpuSubmitMaxMs=0.012, gpuSamples=72, gpuAvgMs=0.012, gpuMaxMs=0.015, gpuAvgMsPerMP=0.068
[03Aug2026 00:57:12.784] [Render thread/INFO] [Photonics/]: Photonics pass timing v73: group=restir gi accumulation, passes=[accumulation], viewport=608x300, megapixels=0.182, cpuInvocations=287, cpuSubmitAvgMs=0.005, cpuSubmitMaxMs=0.011, gpuSamples=72, gpuAvgMs=0.017, gpuMaxMs=0.021, gpuAvgMsPerMP=0.094
[03Aug2026 00:57:12.784] [Render thread/INFO] [Photonics/]: Photonics pass timing v73: group=svgf gi variance, passes=[variance prefilter], viewport=608x300, megapixels=0.182, cpuInvocations=287, cpuSubmitAvgMs=0.007, cpuSubmitMaxMs=0.016, gpuSamples=72, gpuAvgMs=0.019, gpuMaxMs=0.025, gpuAvgMsPerMP=0.106
[03Aug2026 00:57:12.784] [Render thread/INFO] [Photonics/]: Photonics pass timing v73: group=restir source/history diagnostic, passes=[compose diagnostic panels], viewport=912x450, megapixels=0.410, cpuInvocations=287, cpuSubmitAvgMs=0.004, cpuSubmitMaxMs=0.016, gpuSamples=72, gpuAvgMs=0.008, gpuMaxMs=0.011, gpuAvgMsPerMP=0.018
[03Aug2026 00:57:13.009] [Render thread/INFO] [Photonics/]: Photonics world tracing v72: revision=227, settled=false, compiledSections=3130, trackedSections=3130, batchBuilt=1, batchUnloaded=0, pendingBuilds=0, pendingUnloads=0, ready=true, depth=6, blockBounds=( 3.200E+1  6.400E+1  6.400E+1)..( 3.680E+2  2.560E+2  4.000E+2), treeBounds=( 0.000E+0  0.000E+0  0.000E+0)..( 1.024E+3  1.024E+3  1.024E+3), origin=(-1.280E+2 -1.280E+2 -6.400E+1), boundsSource=compiled, compileMs=69.109
[03Aug2026 00:57:13.452] [Render thread/INFO] [Photonics/]: Photonics v55 Sable skylight transition: subLevel=5a4fd52b-64e6-4f76-8c6d-28e2d8291bb5, scale=15 -> 14, logicalY=90.68217 (cell 90), renderY=91.19091 (cell 91), cameraY=110.03933 (cell 110)
[03Aug2026 00:57:13.652] [Render thread/INFO] [Photonics/]: Photonics v55 Sable skylight transition: subLevel=5a4fd52b-64e6-4f76-8c6d-28e2d8291bb5, scale=14 -> 15, logicalY=87.64525 (cell 87), renderY=88.20129 (cell 88), cameraY=110.03933 (cell 110)
[03Aug2026 00:57:15.018] [Render thread/INFO] [Photonics/]: Photonics world tracing v72: revision=227, settled=true, compiledSections=3130, trackedSections=3130, batchBuilt=1, batchUnloaded=0, pendingBuilds=0, pendingUnloads=0, ready=true, depth=6, blockBounds=( 3.200E+1  6.400E+1  6.400E+1)..( 3.680E+2  2.560E+2  4.000E+2), treeBounds=( 0.000E+0  0.000E+0  0.000E+0)..( 1.024E+3  1.024E+3  1.024E+3), origin=(-1.280E+2 -1.280E+2 -6.400E+1), boundsSource=compiled, compileMs=69.109
[03Aug2026 00:57:15.018] [Render thread/INFO] [Photonics/]: Photonics memory v72: jvmHeap={usedBytes=2345010168, committedBytes=3917479936, maxBytes=8589934592}, jvmGc={collections=141, timeMs=1309}, worldHeap=GpuBufferHeapStats[capacityBytes=536870912, reservedBytes=264373820, liveBytes=264371804, peakLiveBytes=264372380, reusableBytes=2016, allocations=642717, reusedAllocations=4810, frees=4817, failedAllocations=0], paletteHeap=GpuBufferHeapStats[capacityBytes=201326592, reservedBytes=33112032, liveBytes=33112032, peakLiveBytes=33112032, reusableBytes=0, allocations=354307, reusedAllocations=9390, frees=9390, failedAllocations=0], registries={lights=Stats[cachedObjects=10, pendingFreeObjects=0, allocatedObjects=10, failedAllocations=0], palettes=Stats[cachedObjects=344917, pendingFreeObjects=0, allocatedObjects=354307, failedAllocations=0], blocks=Stats[cachedObjects=449895, pendingFreeObjects=0, allocatedObjects=453129, failedAllocations=0], models=Stats[cachedObjects=9950, pendingFreeObjects=0, allocatedObjects=10012, failedAllocations=0]}
[03Aug2026 00:57:15.888] [Render thread/INFO] [Photonics/]: Photonics direct reservoir sample v64: samples=120, populated=3, emptyOrBackground=3, visibilityRejected=59, invalid=55, overLegacyCap=0, overTemporalCap=0, totalSamplesRange=32.0..32.0, viewport=912x450
[03Aug2026 00:57:16.127] [Render thread/INFO] [Photonics/]: Photonics pass timing v73: group=svgf direct atrous, passes=[atrous iteration], viewport=912x450, megapixels=0.410, cpuInvocations=1455, cpuSubmitAvgMs=0.003, cpuSubmitMaxMs=0.013, gpuSamples=363, gpuAvgMs=0.061, gpuMaxMs=0.102, gpuAvgMsPerMP=0.148
[03Aug2026 00:57:16.416] [Render thread/INFO] [Photonics/]: Photonics pass timing v73: group=svgf gi atrous, passes=[atrous iteration], viewport=608x300, megapixels=0.182, cpuInvocations=870, cpuSubmitAvgMs=0.003, cpuSubmitMaxMs=0.015, gpuSamples=217, gpuAvgMs=0.020, gpuMaxMs=0.084, gpuAvgMsPerMP=0.110
[03Aug2026 00:57:17.792] [Render thread/INFO] [Photonics/]: Photonics pass timing v73: group=frag data, passes=[frag data], viewport=912x450, megapixels=0.410, cpuInvocations=288, cpuSubmitAvgMs=0.040, cpuSubmitMaxMs=0.085, gpuSamples=72, gpuAvgMs=0.025, gpuMaxMs=0.027, gpuAvgMsPerMP=0.060
[03Aug2026 00:57:17.792] [Render thread/INFO] [Photonics/]: Photonics frame throughput v78: viewport=912x450, windowSeconds=5.009, renderedFrames=288, fps=57.501, frameAvgMs=17.391
[03Aug2026 00:57:17.792] [Render thread/INFO] [Photonics/]: Photonics pass timing v73: group=frag data gi, passes=[frag data gi], viewport=608x300, megapixels=0.182, cpuInvocations=288, cpuSubmitAvgMs=0.015, cpuSubmitMaxMs=0.036, gpuSamples=72, gpuAvgMs=0.014, gpuMaxMs=0.016, gpuAvgMsPerMP=0.074
[03Aug2026 00:57:17.792] [Render thread/INFO] [Photonics/]: Photonics pass timing v73: group=restir direct, passes=[initial direct + visibility], viewport=912x450, megapixels=0.410, cpuInvocations=288, cpuSubmitAvgMs=0.017, cpuSubmitMaxMs=0.039, gpuSamples=72, gpuAvgMs=0.143, gpuMaxMs=0.181, gpuAvgMsPerMP=0.349
[03Aug2026 00:57:17.792] [Render thread/INFO] [Photonics/]: Photonics pass timing v73: group=restir direct spatial, passes=[spatial reuse/clamp], viewport=912x450, megapixels=0.410, cpuInvocations=288, cpuSubmitAvgMs=0.007, cpuSubmitMaxMs=0.017, gpuSamples=72, gpuAvgMs=0.016, gpuMaxMs=0.018, gpuAvgMsPerMP=0.038
[03Aug2026 00:57:17.792] [Render thread/INFO] [Photonics/]: Photonics pass timing v73: group=restir direct diffuse, passes=[diffuse], viewport=912x450, megapixels=0.410, cpuInvocations=288, cpuSubmitAvgMs=0.012, cpuSubmitMaxMs=0.023, gpuSamples=72, gpuAvgMs=0.381, gpuMaxMs=0.500, gpuAvgMsPerMP=0.928
[03Aug2026 00:57:17.792] [Render thread/INFO] [Photonics/]: Photonics pass timing v73: group=restir direct accumulation, passes=[accumulation], viewport=912x450, megapixels=0.410, cpuInvocations=288, cpuSubmitAvgMs=0.014, cpuSubmitMaxMs=0.047, gpuSamples=72, gpuAvgMs=0.101, gpuMaxMs=0.164, gpuAvgMsPerMP=0.246
[03Aug2026 00:57:17.792] [Render thread/INFO] [Photonics/]: Photonics pass timing v73: group=svgf direct variance, passes=[variance prefilter], viewport=912x450, megapixels=0.410, cpuInvocations=288, cpuSubmitAvgMs=0.010, cpuSubmitMaxMs=0.026, gpuSamples=72, gpuAvgMs=0.094, gpuMaxMs=0.172, gpuAvgMsPerMP=0.230
[03Aug2026 00:57:17.792] [Render thread/INFO] [Photonics/]: Photonics pass timing v73: group=restir gi initial, passes=[initial indirect], viewport=608x300, megapixels=0.182, cpuInvocations=288, cpuSubmitAvgMs=0.008, cpuSubmitMaxMs=0.043, gpuSamples=72, gpuAvgMs=0.284, gpuMaxMs=0.383, gpuAvgMsPerMP=1.559
[03Aug2026 00:57:17.792] [Render thread/INFO] [Photonics/]: Photonics pass timing v73: group=restir gi temporal, passes=[temporal reuse + tri-state classification], viewport=608x300, megapixels=0.182, cpuInvocations=288, cpuSubmitAvgMs=0.009, cpuSubmitMaxMs=0.020, gpuSamples=72, gpuAvgMs=0.022, gpuMaxMs=0.027, gpuAvgMsPerMP=0.120
[03Aug2026 00:57:17.792] [Render thread/INFO] [Photonics/]: Photonics pass timing v73: group=restir gi spatial, passes=[spatial reuse/clamp + tri-state classification], viewport=608x300, megapixels=0.182, cpuInvocations=288, cpuSubmitAvgMs=0.006, cpuSubmitMaxMs=0.016, gpuSamples=72, gpuAvgMs=0.011, gpuMaxMs=0.012, gpuAvgMsPerMP=0.059
[03Aug2026 00:57:17.792] [Render thread/INFO] [Photonics/]: Photonics pass timing v73: group=restir gi diffuse, passes=[diffuse], viewport=608x300, megapixels=0.182, cpuInvocations=288, cpuSubmitAvgMs=0.004, cpuSubmitMaxMs=0.013, gpuSamples=72, gpuAvgMs=0.013, gpuMaxMs=0.015, gpuAvgMsPerMP=0.071
[03Aug2026 00:57:17.793] [Render thread/INFO] [Photonics/]: Photonics pass timing v73: group=restir gi accumulation, passes=[accumulation], viewport=608x300, megapixels=0.182, cpuInvocations=288, cpuSubmitAvgMs=0.005, cpuSubmitMaxMs=0.026, gpuSamples=72, gpuAvgMs=0.020, gpuMaxMs=0.026, gpuAvgMsPerMP=0.109
[03Aug2026 00:57:17.793] [Render thread/INFO] [Photonics/]: Photonics pass timing v73: group=svgf gi variance, passes=[variance prefilter], viewport=608x300, megapixels=0.182, cpuInvocations=288, cpuSubmitAvgMs=0.007, cpuSubmitMaxMs=0.028, gpuSamples=72, gpuAvgMs=0.021, gpuMaxMs=0.026, gpuAvgMsPerMP=0.114
[03Aug2026 00:57:17.793] [Render thread/INFO] [Photonics/]: Photonics pass timing v73: group=restir source/history diagnostic, passes=[compose diagnostic panels], viewport=912x450, megapixels=0.410, cpuInvocations=288, cpuSubmitAvgMs=0.004, cpuSubmitMaxMs=0.010, gpuSamples=72, gpuAvgMs=0.008, gpuMaxMs=0.016, gpuAvgMsPerMP=0.019
[03Aug2026 00:57:18.617] [Render thread/INFO] [Photonics/]: Photonics world tracing v72: revision=228, settled=false, compiledSections=3130, trackedSections=3130, batchBuilt=1, batchUnloaded=0, pendingBuilds=0, pendingUnloads=0, ready=true, depth=6, blockBounds=( 3.200E+1  6.400E+1  6.400E+1)..( 3.680E+2  2.560E+2  4.000E+2), treeBounds=( 0.000E+0  0.000E+0  0.000E+0)..( 1.024E+3  1.024E+3  1.024E+3), origin=(-1.280E+2 -1.280E+2 -6.400E+1), boundsSource=compiled, compileMs=73.684
[03Aug2026 00:57:20.622] [Render thread/INFO] [Photonics/]: Photonics world tracing v72: revision=228, settled=true, compiledSections=3130, trackedSections=3130, batchBuilt=1, batchUnloaded=0, pendingBuilds=0, pendingUnloads=0, ready=true, depth=6, blockBounds=( 3.200E+1  6.400E+1  6.400E+1)..( 3.680E+2  2.560E+2  4.000E+2), treeBounds=( 0.000E+0  0.000E+0  0.000E+0)..( 1.024E+3  1.024E+3  1.024E+3), origin=(-1.280E+2 -1.280E+2 -6.400E+1), boundsSource=compiled, compileMs=73.684
[03Aug2026 00:57:20.623] [Render thread/INFO] [Photonics/]: Photonics memory v72: jvmHeap={usedBytes=2384269464, committedBytes=3917479936, maxBytes=8589934592}, jvmGc={collections=145, timeMs=1335}, worldHeap=GpuBufferHeapStats[capacityBytes=536870912, reservedBytes=264373820, liveBytes=264371804, peakLiveBytes=264372380, reusableBytes=2016, allocations=642717, reusedAllocations=4810, frees=4817, failedAllocations=0], paletteHeap=GpuBufferHeapStats[capacityBytes=201326592, reservedBytes=33112032, liveBytes=33112032, peakLiveBytes=33112032, reusableBytes=0, allocations=354307, reusedAllocations=9390, frees=9390, failedAllocations=0], registries={lights=Stats[cachedObjects=10, pendingFreeObjects=0, allocatedObjects=10, failedAllocations=0], palettes=Stats[cachedObjects=344917, pendingFreeObjects=0, allocatedObjects=354307, failedAllocations=0], blocks=Stats[cachedObjects=449895, pendingFreeObjects=0, allocatedObjects=453129, failedAllocations=0], models=Stats[cachedObjects=9950, pendingFreeObjects=0, allocatedObjects=10012, failedAllocations=0]}
[03Aug2026 00:57:21.142] [Render thread/INFO] [Photonics/]: Photonics pass timing v73: group=svgf direct atrous, passes=[atrous iteration], viewport=912x450, megapixels=0.410, cpuInvocations=1415, cpuSubmitAvgMs=0.003, cpuSubmitMaxMs=0.016, gpuSamples=354, gpuAvgMs=0.093, gpuMaxMs=0.113, gpuAvgMsPerMP=0.227
[03Aug2026 00:57:21.429] [Render thread/INFO] [Photonics/]: Photonics pass timing v73: group=svgf gi atrous, passes=[atrous iteration], viewport=608x300, megapixels=0.182, cpuInvocations=852, cpuSubmitAvgMs=0.003, cpuSubmitMaxMs=0.048, gpuSamples=213, gpuAvgMs=0.034, gpuMaxMs=0.095, gpuAvgMsPerMP=0.188
[03Aug2026 00:57:22.807] [Render thread/INFO] [Photonics/]: Photonics pass timing v73: group=frag data, passes=[frag data], viewport=912x450, megapixels=0.410, cpuInvocations=290, cpuSubmitAvgMs=0.045, cpuSubmitMaxMs=1.046, gpuSamples=72, gpuAvgMs=0.026, gpuMaxMs=0.029, gpuAvgMsPerMP=0.063
[03Aug2026 00:57:22.808] [Render thread/INFO] [Photonics/]: Photonics frame throughput v78: viewport=912x450, windowSeconds=5.016, renderedFrames=290, fps=57.818, frameAvgMs=17.296
[03Aug2026 00:57:22.808] [Render thread/INFO] [Photonics/]: Photonics pass timing v73: group=frag data gi, passes=[frag data gi], viewport=608x300, megapixels=0.182, cpuInvocations=290, cpuSubmitAvgMs=0.015, cpuSubmitMaxMs=0.037, gpuSamples=72, gpuAvgMs=0.014, gpuMaxMs=0.016, gpuAvgMsPerMP=0.079
[03Aug2026 00:57:22.808] [Render thread/INFO] [Photonics/]: Photonics pass timing v73: group=restir direct, passes=[initial direct + visibility], viewport=912x450, megapixels=0.410, cpuInvocations=290, cpuSubmitAvgMs=0.017, cpuSubmitMaxMs=0.034, gpuSamples=72, gpuAvgMs=0.162, gpuMaxMs=0.197, gpuAvgMsPerMP=0.395
[03Aug2026 00:57:22.808] [Render thread/INFO] [Photonics/]: Photonics pass timing v73: group=restir direct spatial, passes=[spatial reuse/clamp], viewport=912x450, megapixels=0.410, cpuInvocations=290, cpuSubmitAvgMs=0.007, cpuSubmitMaxMs=0.016, gpuSamples=72, gpuAvgMs=0.016, gpuMaxMs=0.018, gpuAvgMsPerMP=0.040
[03Aug2026 00:57:22.808] [Render thread/INFO] [Photonics/]: Photonics pass timing v73: group=restir direct diffuse, passes=[diffuse], viewport=912x450, megapixels=0.410, cpuInvocations=290, cpuSubmitAvgMs=0.012, cpuSubmitMaxMs=0.041, gpuSamples=72, gpuAvgMs=0.447, gpuMaxMs=0.584, gpuAvgMsPerMP=1.089
[03Aug2026 00:57:22.808] [Render thread/INFO] [Photonics/]: Photonics pass timing v73: group=restir direct accumulation, passes=[accumulation], viewport=912x450, megapixels=0.410, cpuInvocations=290, cpuSubmitAvgMs=0.014, cpuSubmitMaxMs=0.028, gpuSamples=72, gpuAvgMs=0.113, gpuMaxMs=0.141, gpuAvgMsPerMP=0.275
[03Aug2026 00:57:22.808] [Render thread/INFO] [Photonics/]: Photonics pass timing v73: group=svgf direct variance, passes=[variance prefilter], viewport=912x450, megapixels=0.410, cpuInvocations=290, cpuSubmitAvgMs=0.010, cpuSubmitMaxMs=0.032, gpuSamples=72, gpuAvgMs=0.103, gpuMaxMs=0.131, gpuAvgMsPerMP=0.251
[03Aug2026 00:57:22.808] [Render thread/INFO] [Photonics/]: Photonics pass timing v73: group=restir gi initial, passes=[initial indirect], viewport=608x300, megapixels=0.182, cpuInvocations=290, cpuSubmitAvgMs=0.008, cpuSubmitMaxMs=0.016, gpuSamples=72, gpuAvgMs=0.310, gpuMaxMs=0.404, gpuAvgMsPerMP=1.699
[03Aug2026 00:57:22.808] [Render thread/INFO] [Photonics/]: Photonics pass timing v73: group=restir gi temporal, passes=[temporal reuse + tri-state classification], viewport=608x300, megapixels=0.182, cpuInvocations=290, cpuSubmitAvgMs=0.009, cpuSubmitMaxMs=0.027, gpuSamples=72, gpuAvgMs=0.025, gpuMaxMs=0.031, gpuAvgMsPerMP=0.136
[03Aug2026 00:57:22.808] [Render thread/INFO] [Photonics/]: Photonics pass timing v73: group=restir gi spatial, passes=[spatial reuse/clamp + tri-state classification], viewport=608x300, megapixels=0.182, cpuInvocations=290, cpuSubmitAvgMs=0.006, cpuSubmitMaxMs=0.018, gpuSamples=72, gpuAvgMs=0.011, gpuMaxMs=0.013, gpuAvgMsPerMP=0.062
[03Aug2026 00:57:22.808] [Render thread/INFO] [Photonics/]: Photonics pass timing v73: group=restir gi diffuse, passes=[diffuse], viewport=608x300, megapixels=0.182, cpuInvocations=290, cpuSubmitAvgMs=0.004, cpuSubmitMaxMs=0.012, gpuSamples=72, gpuAvgMs=0.014, gpuMaxMs=0.016, gpuAvgMsPerMP=0.075
[03Aug2026 00:57:22.808] [Render thread/INFO] [Photonics/]: Photonics pass timing v73: group=restir gi accumulation, passes=[accumulation], viewport=608x300, megapixels=0.182, cpuInvocations=290, cpuSubmitAvgMs=0.005, cpuSubmitMaxMs=0.011, gpuSamples=72, gpuAvgMs=0.023, gpuMaxMs=0.030, gpuAvgMsPerMP=0.124
[03Aug2026 00:57:22.808] [Render thread/INFO] [Photonics/]: Photonics pass timing v73: group=svgf gi variance, passes=[variance prefilter], viewport=608x300, megapixels=0.182, cpuInvocations=290, cpuSubmitAvgMs=0.007, cpuSubmitMaxMs=0.033, gpuSamples=72, gpuAvgMs=0.022, gpuMaxMs=0.027, gpuAvgMsPerMP=0.123
[03Aug2026 00:57:22.808] [Render thread/INFO] [Photonics/]: Photonics pass timing v73: group=restir source/history diagnostic, passes=[compose diagnostic panels], viewport=912x450, megapixels=0.410, cpuInvocations=290, cpuSubmitAvgMs=0.004, cpuSubmitMaxMs=0.010, gpuSamples=72, gpuAvgMs=0.009, gpuMaxMs=0.011, gpuAvgMsPerMP=0.022
[03Aug2026 00:57:22.996] [Render thread/INFO] [Photonics/]: Photonics world tracing v72: revision=229, settled=false, compiledSections=3130, trackedSections=3130, batchBuilt=1, batchUnloaded=0, pendingBuilds=0, pendingUnloads=0, ready=true, depth=6, blockBounds=( 3.200E+1  6.400E+1  6.400E+1)..( 3.680E+2  2.560E+2  4.000E+2), treeBounds=( 0.000E+0  0.000E+0  0.000E+0)..( 1.024E+3  1.024E+3  1.024E+3), origin=(-1.280E+2 -1.280E+2 -6.400E+1), boundsSource=compiled, compileMs=72.045
[03Aug2026 00:57:24.301] [Render thread/INFO] [Photonics/]: Photonics direct reservoir sample v64: samples=120, populated=10, emptyOrBackground=1, visibilityRejected=70, invalid=39, overLegacyCap=0, overTemporalCap=0, totalSamplesRange=32.0..32.0, viewport=912x450
[03Aug2026 00:57:25.963] [Render thread/INFO] [Photonics/]: Photonics world tracing v72: revision=230, settled=true, compiledSections=3130, trackedSections=3130, batchBuilt=1, batchUnloaded=0, pendingBuilds=0, pendingUnloads=0, ready=true, depth=6, blockBounds=( 3.200E+1  6.400E+1  6.400E+1)..( 3.680E+2  2.560E+2  4.000E+2), treeBounds=( 0.000E+0  0.000E+0  0.000E+0)..( 1.024E+3  1.024E+3  1.024E+3), origin=(-1.280E+2 -1.280E+2 -6.400E+1), boundsSource=compiled, compileMs=70.120
[03Aug2026 00:57:25.964] [Render thread/INFO] [Photonics/]: Photonics memory v72: jvmHeap={usedBytes=2299582888, committedBytes=3917479936, maxBytes=8589934592}, jvmGc={collections=148, timeMs=1365}, worldHeap=GpuBufferHeapStats[capacityBytes=536870912, reservedBytes=264373820, liveBytes=264371804, peakLiveBytes=264372380, reusableBytes=2016, allocations=642717, reusedAllocations=4810, frees=4817, failedAllocations=0], paletteHeap=GpuBufferHeapStats[capacityBytes=201326592, reservedBytes=33112032, liveBytes=33112032, peakLiveBytes=33112032, reusableBytes=0, allocations=354307, reusedAllocations=9390, frees=9390, failedAllocations=0], registries={lights=Stats[cachedObjects=10, pendingFreeObjects=0, allocatedObjects=10, failedAllocations=0], palettes=Stats[cachedObjects=344917, pendingFreeObjects=0, allocatedObjects=354307, failedAllocations=0], blocks=Stats[cachedObjects=449895, pendingFreeObjects=0, allocatedObjects=453129, failedAllocations=0], models=Stats[cachedObjects=9950, pendingFreeObjects=0, allocatedObjects=10012, failedAllocations=0]}
[03Aug2026 00:57:26.146] [Render thread/INFO] [Photonics/]: Photonics pass timing v73: group=svgf direct atrous, passes=[atrous iteration], viewport=912x450, megapixels=0.410, cpuInvocations=1420, cpuSubmitAvgMs=0.003, cpuSubmitMaxMs=0.016, gpuSamples=355, gpuAvgMs=0.063, gpuMaxMs=0.112, gpuAvgMsPerMP=0.153
[03Aug2026 00:57:26.432] [Render thread/INFO] [Photonics/]: Photonics pass timing v73: group=svgf gi atrous, passes=[atrous iteration], viewport=608x300, megapixels=0.182, cpuInvocations=852, cpuSubmitAvgMs=0.003, cpuSubmitMaxMs=0.013, gpuSamples=213, gpuAvgMs=0.021, gpuMaxMs=0.029, gpuAvgMsPerMP=0.114
[03Aug2026 00:57:27.391] [Render thread/INFO] [Photonics/]: Photonics world tracing v72: revision=231, settled=false, compiledSections=3130, trackedSections=3130, batchBuilt=1, batchUnloaded=0, pendingBuilds=0, pendingUnloads=0, ready=true, depth=6, blockBounds=( 3.200E+1  6.400E+1  6.400E+1)..( 3.680E+2  2.560E+2  4.000E+2), treeBounds=( 0.000E+0  0.000E+0  0.000E+0)..( 1.024E+3  1.024E+3  1.024E+3), origin=(-1.280E+2 -1.280E+2 -6.400E+1), boundsSource=compiled, compileMs=70.676
[03Aug2026 00:57:27.819] [Render thread/INFO] [Photonics/]: Photonics pass timing v73: group=frag data, passes=[frag data], viewport=912x450, megapixels=0.410, cpuInvocations=284, cpuSubmitAvgMs=0.041, cpuSubmitMaxMs=0.081, gpuSamples=71, gpuAvgMs=0.024, gpuMaxMs=0.050, gpuAvgMsPerMP=0.059
[03Aug2026 00:57:27.819] [Render thread/INFO] [Photonics/]: Photonics frame throughput v78: viewport=912x450, windowSeconds=5.011, renderedFrames=284, fps=56.672, frameAvgMs=17.645
[03Aug2026 00:57:27.819] [Render thread/INFO] [Photonics/]: Photonics pass timing v73: group=frag data gi, passes=[frag data gi], viewport=608x300, megapixels=0.182, cpuInvocations=284, cpuSubmitAvgMs=0.015, cpuSubmitMaxMs=0.037, gpuSamples=71, gpuAvgMs=0.014, gpuMaxMs=0.020, gpuAvgMsPerMP=0.075
[03Aug2026 00:57:27.819] [Render thread/INFO] [Photonics/]: Photonics pass timing v73: group=restir direct, passes=[initial direct + visibility], viewport=912x450, megapixels=0.410, cpuInvocations=284, cpuSubmitAvgMs=0.017, cpuSubmitMaxMs=0.034, gpuSamples=71, gpuAvgMs=0.137, gpuMaxMs=0.169, gpuAvgMsPerMP=0.334
[03Aug2026 00:57:27.819] [Render thread/INFO] [Photonics/]: Photonics pass timing v73: group=restir direct spatial, passes=[spatial reuse/clamp], viewport=912x450, megapixels=0.410, cpuInvocations=284, cpuSubmitAvgMs=0.007, cpuSubmitMaxMs=0.021, gpuSamples=71, gpuAvgMs=0.015, gpuMaxMs=0.017, gpuAvgMsPerMP=0.037
[03Aug2026 00:57:27.819] [Render thread/INFO] [Photonics/]: Photonics pass timing v73: group=restir direct diffuse, passes=[diffuse], viewport=912x450, megapixels=0.410, cpuInvocations=284, cpuSubmitAvgMs=0.012, cpuSubmitMaxMs=0.023, gpuSamples=71, gpuAvgMs=0.369, gpuMaxMs=0.494, gpuAvgMsPerMP=0.899
[03Aug2026 00:57:27.819] [Render thread/INFO] [Photonics/]: Photonics pass timing v73: group=restir direct accumulation, passes=[accumulation], viewport=912x450, megapixels=0.410, cpuInvocations=284, cpuSubmitAvgMs=0.014, cpuSubmitMaxMs=0.052, gpuSamples=71, gpuAvgMs=0.094, gpuMaxMs=0.120, gpuAvgMsPerMP=0.228
[03Aug2026 00:57:27.819] [Render thread/INFO] [Photonics/]: Photonics pass timing v73: group=svgf direct variance, passes=[variance prefilter], viewport=912x450, megapixels=0.410, cpuInvocations=284, cpuSubmitAvgMs=0.010, cpuSubmitMaxMs=0.026, gpuSamples=71, gpuAvgMs=0.086, gpuMaxMs=0.113, gpuAvgMsPerMP=0.209
[03Aug2026 00:57:27.819] [Render thread/INFO] [Photonics/]: Photonics pass timing v73: group=restir gi initial, passes=[initial indirect], viewport=608x300, megapixels=0.182, cpuInvocations=284, cpuSubmitAvgMs=0.008, cpuSubmitMaxMs=0.016, gpuSamples=71, gpuAvgMs=0.254, gpuMaxMs=0.319, gpuAvgMsPerMP=1.391
[03Aug2026 00:57:27.819] [Render thread/INFO] [Photonics/]: Photonics pass timing v73: group=restir gi temporal, passes=[temporal reuse + tri-state classification], viewport=608x300, megapixels=0.182, cpuInvocations=284, cpuSubmitAvgMs=0.009, cpuSubmitMaxMs=0.023, gpuSamples=71, gpuAvgMs=0.021, gpuMaxMs=0.026, gpuAvgMsPerMP=0.115
[03Aug2026 00:57:27.819] [Render thread/INFO] [Photonics/]: Photonics pass timing v73: group=restir gi spatial, passes=[spatial reuse/clamp + tri-state classification], viewport=608x300, megapixels=0.182, cpuInvocations=284, cpuSubmitAvgMs=0.006, cpuSubmitMaxMs=0.019, gpuSamples=71, gpuAvgMs=0.010, gpuMaxMs=0.012, gpuAvgMsPerMP=0.058
[03Aug2026 00:57:27.819] [Render thread/INFO] [Photonics/]: Photonics pass timing v73: group=restir gi diffuse, passes=[diffuse], viewport=608x300, megapixels=0.182, cpuInvocations=284, cpuSubmitAvgMs=0.004, cpuSubmitMaxMs=0.011, gpuSamples=71, gpuAvgMs=0.013, gpuMaxMs=0.015, gpuAvgMsPerMP=0.069
[03Aug2026 00:57:27.819] [Render thread/INFO] [Photonics/]: Photonics pass timing v73: group=restir gi accumulation, passes=[accumulation], viewport=608x300, megapixels=0.182, cpuInvocations=284, cpuSubmitAvgMs=0.005, cpuSubmitMaxMs=0.015, gpuSamples=71, gpuAvgMs=0.018, gpuMaxMs=0.024, gpuAvgMsPerMP=0.100
[03Aug2026 00:57:27.819] [Render thread/INFO] [Photonics/]: Photonics pass timing v73: group=svgf gi variance, passes=[variance prefilter], viewport=608x300, megapixels=0.182, cpuInvocations=284, cpuSubmitAvgMs=0.007, cpuSubmitMaxMs=0.019, gpuSamples=71, gpuAvgMs=0.020, gpuMaxMs=0.025, gpuAvgMsPerMP=0.108
[03Aug2026 00:57:27.819] [Render thread/INFO] [Photonics/]: Photonics pass timing v73: group=restir source/history diagnostic, passes=[compose diagnostic panels], viewport=912x450, megapixels=0.410, cpuInvocations=284, cpuSubmitAvgMs=0.004, cpuSubmitMaxMs=0.011, gpuSamples=71, gpuAvgMs=0.008, gpuMaxMs=0.015, gpuAvgMsPerMP=0.019
[03Aug2026 00:57:29.396] [Render thread/INFO] [Photonics/]: Photonics world tracing v72: revision=231, settled=true, compiledSections=3130, trackedSections=3130, batchBuilt=1, batchUnloaded=0, pendingBuilds=0, pendingUnloads=0, ready=true, depth=6, blockBounds=( 3.200E+1  6.400E+1  6.400E+1)..( 3.680E+2  2.560E+2  4.000E+2), treeBounds=( 0.000E+0  0.000E+0  0.000E+0)..( 1.024E+3  1.024E+3  1.024E+3), origin=(-1.280E+2 -1.280E+2 -6.400E+1), boundsSource=compiled, compileMs=70.676
[03Aug2026 00:57:29.397] [Render thread/INFO] [Photonics/]: Photonics memory v72: jvmHeap={usedBytes=2845082656, committedBytes=3917479936, maxBytes=8589934592}, jvmGc={collections=150, timeMs=1373}, worldHeap=GpuBufferHeapStats[capacityBytes=536870912, reservedBytes=264373820, liveBytes=264371804, peakLiveBytes=264372380, reusableBytes=2016, allocations=642717, reusedAllocations=4810, frees=4817, failedAllocations=0], paletteHeap=GpuBufferHeapStats[capacityBytes=201326592, reservedBytes=33112032, liveBytes=33112032, peakLiveBytes=33112032, reusableBytes=0, allocations=354307, reusedAllocations=9390, frees=9390, failedAllocations=0], registries={lights=Stats[cachedObjects=10, pendingFreeObjects=0, allocatedObjects=10, failedAllocations=0], palettes=Stats[cachedObjects=344917, pendingFreeObjects=0, allocatedObjects=354307, failedAllocations=0], blocks=Stats[cachedObjects=449895, pendingFreeObjects=0, allocatedObjects=453129, failedAllocations=0], models=Stats[cachedObjects=9950, pendingFreeObjects=0, allocatedObjects=10012, failedAllocations=0]}
[03Aug2026 00:57:31.147] [Render thread/INFO] [Photonics/]: Photonics pass timing v73: group=svgf direct atrous, passes=[atrous iteration], viewport=912x450, megapixels=0.410, cpuInvocations=1435, cpuSubmitAvgMs=0.003, cpuSubmitMaxMs=0.014, gpuSamples=359, gpuAvgMs=0.059, gpuMaxMs=0.098, gpuAvgMsPerMP=0.145
[03Aug2026 00:57:31.444] [Render thread/INFO] [Photonics/]: Photonics pass timing v73: group=svgf gi atrous, passes=[atrous iteration], viewport=608x300, megapixels=0.182, cpuInvocations=861, cpuSubmitAvgMs=0.003, cpuSubmitMaxMs=0.011, gpuSamples=216, gpuAvgMs=0.019, gpuMaxMs=0.029, gpuAvgMsPerMP=0.102
[03Aug2026 00:57:31.984] [Render thread/INFO] [Photonics/]: Photonics world tracing v72: revision=232, settled=false, compiledSections=3130, trackedSections=3130, batchBuilt=1, batchUnloaded=0, pendingBuilds=0, pendingUnloads=0, ready=true, depth=6, blockBounds=( 3.200E+1  6.400E+1  6.400E+1)..( 3.680E+2  2.560E+2  4.000E+2), treeBounds=( 0.000E+0  0.000E+0  0.000E+0)..( 1.024E+3  1.024E+3  1.024E+3), origin=(-1.280E+2 -1.280E+2 -6.400E+1), boundsSource=compiled, compileMs=80.581
[03Aug2026 00:57:32.059] [Server thread/INFO] [net.minecraft.client.server.IntegratedServer/]: Saving and pausing game...
[03Aug2026 00:57:32.068] [Server thread/INFO] [net.minecraft.server.MinecraftServer/]: Saving chunks for level 'ServerLevel[New World]'/minecraft:overworld
[03Aug2026 00:57:32.068] [Server thread/INFO] [dev.ryanhcode.sable.Sable/]: Saving sub-levels for level 'ServerLevel[New World]'/minecraft:overworld
[03Aug2026 00:57:32.107] [Server thread/INFO] [net.minecraft.server.MinecraftServer/]: Saving chunks for level 'ServerLevel[New World]'/minecraft:the_nether
[03Aug2026 00:57:32.107] [Server thread/INFO] [dev.ryanhcode.sable.Sable/]: Saving sub-levels for level 'ServerLevel[New World]'/minecraft:the_nether
[03Aug2026 00:57:32.107] [Server thread/INFO] [net.minecraft.server.MinecraftServer/]: Saving chunks for level 'ServerLevel[New World]'/minecraft:the_end
[03Aug2026 00:57:32.107] [Server thread/INFO] [dev.ryanhcode.sable.Sable/]: Saving sub-levels for level 'ServerLevel[New World]'/minecraft:the_end
[03Aug2026 00:57:32.821] [Render thread/INFO] [Photonics/]: Photonics pass timing v73: group=frag data, passes=[frag data], viewport=912x450, megapixels=0.410, cpuInvocations=282, cpuSubmitAvgMs=0.041, cpuSubmitMaxMs=0.103, gpuSamples=71, gpuAvgMs=0.024, gpuMaxMs=0.028, gpuAvgMsPerMP=0.058
[03Aug2026 00:57:32.821] [Render thread/INFO] [Photonics/]: Photonics frame throughput v78: viewport=912x450, windowSeconds=5.002, renderedFrames=282, fps=56.375, frameAvgMs=17.738
[03Aug2026 00:57:32.821] [Render thread/INFO] [Photonics/]: Photonics pass timing v73: group=frag data gi, passes=[frag data gi], viewport=608x300, megapixels=0.182, cpuInvocations=282, cpuSubmitAvgMs=0.016, cpuSubmitMaxMs=0.039, gpuSamples=71, gpuAvgMs=0.013, gpuMaxMs=0.015, gpuAvgMsPerMP=0.072
[03Aug2026 00:57:32.821] [Render thread/INFO] [Photonics/]: Photonics direct reservoir sample v64: samples=120, populated=7, emptyOrBackground=3, visibilityRejected=59, invalid=51, overLegacyCap=0, overTemporalCap=0, totalSamplesRange=32.0..32.0, viewport=912x450
[03Aug2026 00:57:32.821] [Render thread/INFO] [Photonics/]: Photonics pass timing v73: group=restir direct, passes=[initial direct + visibility], viewport=912x450, megapixels=0.410, cpuInvocations=282, cpuSubmitAvgMs=0.017, cpuSubmitMaxMs=0.039, gpuSamples=71, gpuAvgMs=0.130, gpuMaxMs=0.171, gpuAvgMsPerMP=0.317
[03Aug2026 00:57:32.821] [Render thread/INFO] [Photonics/]: Photonics pass timing v73: group=restir direct spatial, passes=[spatial reuse/clamp], viewport=912x450, megapixels=0.410, cpuInvocations=282, cpuSubmitAvgMs=0.008, cpuSubmitMaxMs=0.019, gpuSamples=71, gpuAvgMs=0.015, gpuMaxMs=0.018, gpuAvgMsPerMP=0.036
[03Aug2026 00:57:32.821] [Render thread/INFO] [Photonics/]: Photonics pass timing v73: group=restir direct diffuse, passes=[diffuse], viewport=912x450, megapixels=0.410, cpuInvocations=282, cpuSubmitAvgMs=0.012, cpuSubmitMaxMs=0.031, gpuSamples=71, gpuAvgMs=0.339, gpuMaxMs=0.467, gpuAvgMsPerMP=0.826
[03Aug2026 00:57:32.821] [Render thread/INFO] [Photonics/]: Photonics pass timing v73: group=restir direct accumulation, passes=[accumulation], viewport=912x450, megapixels=0.410, cpuInvocations=282, cpuSubmitAvgMs=0.014, cpuSubmitMaxMs=0.047, gpuSamples=71, gpuAvgMs=0.090, gpuMaxMs=0.125, gpuAvgMsPerMP=0.219
[03Aug2026 00:57:32.821] [Render thread/INFO] [Photonics/]: Photonics pass timing v73: group=svgf direct variance, passes=[variance prefilter], viewport=912x450, megapixels=0.410, cpuInvocations=282, cpuSubmitAvgMs=0.010, cpuSubmitMaxMs=0.032, gpuSamples=71, gpuAvgMs=0.080, gpuMaxMs=0.112, gpuAvgMsPerMP=0.195
[03Aug2026 00:57:32.821] [Render thread/INFO] [Photonics/]: Photonics pass timing v73: group=restir gi initial, passes=[initial indirect], viewport=608x300, megapixels=0.182, cpuInvocations=282, cpuSubmitAvgMs=0.008, cpuSubmitMaxMs=0.021, gpuSamples=71, gpuAvgMs=0.265, gpuMaxMs=0.351, gpuAvgMsPerMP=1.452
[03Aug2026 00:57:32.822] [Render thread/INFO] [Photonics/]: Photonics pass timing v73: group=restir gi temporal, passes=[temporal reuse + tri-state classification], viewport=608x300, megapixels=0.182, cpuInvocations=282, cpuSubmitAvgMs=0.009, cpuSubmitMaxMs=0.029, gpuSamples=71, gpuAvgMs=0.020, gpuMaxMs=0.026, gpuAvgMsPerMP=0.109
[03Aug2026 00:57:32.822] [Render thread/INFO] [Photonics/]: Photonics pass timing v73: group=restir gi spatial, passes=[spatial reuse/clamp + tri-state classification], viewport=608x300, megapixels=0.182, cpuInvocations=282, cpuSubmitAvgMs=0.006, cpuSubmitMaxMs=0.022, gpuSamples=71, gpuAvgMs=0.010, gpuMaxMs=0.012, gpuAvgMsPerMP=0.057
[03Aug2026 00:57:32.822] [Render thread/INFO] [Photonics/]: Photonics pass timing v73: group=restir gi diffuse, passes=[diffuse], viewport=608x300, megapixels=0.182, cpuInvocations=282, cpuSubmitAvgMs=0.004, cpuSubmitMaxMs=0.012, gpuSamples=71, gpuAvgMs=0.012, gpuMaxMs=0.015, gpuAvgMsPerMP=0.068
[03Aug2026 00:57:32.822] [Render thread/INFO] [Photonics/]: Photonics pass timing v73: group=restir gi accumulation, passes=[accumulation], viewport=608x300, megapixels=0.182, cpuInvocations=282, cpuSubmitAvgMs=0.005, cpuSubmitMaxMs=0.016, gpuSamples=71, gpuAvgMs=0.018, gpuMaxMs=0.024, gpuAvgMsPerMP=0.098
[03Aug2026 00:57:32.822] [Render thread/INFO] [Photonics/]: Photonics pass timing v73: group=svgf gi variance, passes=[variance prefilter], viewport=608x300, megapixels=0.182, cpuInvocations=282, cpuSubmitAvgMs=0.007, cpuSubmitMaxMs=0.022, gpuSamples=71, gpuAvgMs=0.019, gpuMaxMs=0.025, gpuAvgMsPerMP=0.105
[03Aug2026 00:57:32.822] [Render thread/INFO] [Photonics/]: Photonics pass timing v73: group=restir source/history diagnostic, passes=[compose diagnostic panels], viewport=912x450, megapixels=0.410, cpuInvocations=282, cpuSubmitAvgMs=0.004, cpuSubmitMaxMs=0.013, gpuSamples=71, gpuAvgMs=0.007, gpuMaxMs=0.011, gpuAvgMsPerMP=0.018
[03Aug2026 00:57:33.992] [Render thread/INFO] [Photonics/]: Photonics world tracing v72: revision=232, settled=true, compiledSections=3130, trackedSections=3130, batchBuilt=1, batchUnloaded=0, pendingBuilds=0, pendingUnloads=0, ready=true, depth=6, blockBounds=( 3.200E+1  6.400E+1  6.400E+1)..( 3.680E+2  2.560E+2  4.000E+2), treeBounds=( 0.000E+0  0.000E+0  0.000E+0)..( 1.024E+3  1.024E+3  1.024E+3), origin=(-1.280E+2 -1.280E+2 -6.400E+1), boundsSource=compiled, compileMs=80.581
[03Aug2026 00:57:33.992] [Render thread/INFO] [Photonics/]: Photonics memory v72: jvmHeap={usedBytes=2240669008, committedBytes=3917479936, maxBytes=8589934592}, jvmGc={collections=152, timeMs=1393}, worldHeap=GpuBufferHeapStats[capacityBytes=536870912, reservedBytes=264373820, liveBytes=264371804, peakLiveBytes=264372380, reusableBytes=2016, allocations=642717, reusedAllocations=4810, frees=4817, failedAllocations=0], paletteHeap=GpuBufferHeapStats[capacityBytes=201326592, reservedBytes=33112032, liveBytes=33112032, peakLiveBytes=33112032, reusableBytes=0, allocations=354307, reusedAllocations=9390, frees=9390, failedAllocations=0], registries={lights=Stats[cachedObjects=10, pendingFreeObjects=0, allocatedObjects=10, failedAllocations=0], palettes=Stats[cachedObjects=344917, pendingFreeObjects=0, allocatedObjects=354307, failedAllocations=0], blocks=Stats[cachedObjects=449895, pendingFreeObjects=0, allocatedObjects=453129, failedAllocations=0], models=Stats[cachedObjects=9950, pendingFreeObjects=0, allocatedObjects=10012, failedAllocations=0]}
[03Aug2026 00:57:34.734] [Netty Local Client IO #1/INFO] [dev.ryanhcode.sable.Sable/]: Client UDP channel inactive
[03Aug2026 00:57:34.734] [Netty Local Client IO #1/INFO] [dev.ryanhcode.sable.Sable/]: Closed UDP channel!
[03Aug2026 00:57:34.734] [Render thread/INFO] [DistantHorizons-DistantHorizons-com.seibel.distanthorizons.core.api.internal.ClientApi/]: Client on ClientOnly mode disconnecting.
[03Aug2026 00:57:34.735] [level shutdown/INFO] [DistantHorizons-DistantHorizons-com.seibel.distanthorizons.core.generation.queues.WorldGenerationQueue/]: Closing world gen queue
[03Aug2026 00:57:34.735] [level shutdown/INFO] [DistantHorizons-DistantHorizons-com.seibel.distanthorizons.core.generation.queues.WorldGenerationQueue/]: Closing world gen queue
[03Aug2026 00:57:34.735] [level shutdown/INFO] [DistantHorizons-DistantHorizons-com.seibel.distanthorizons.core.generation.queues.WorldGenerationQueue/]: Closing world gen queue
[03Aug2026 00:57:34.736] [level shutdown/INFO] [DistantHorizons-DistantHorizons-com.seibel.distanthorizons.core.generation.queues.WorldGenerationQueue/]: Closing WorldGenerationQueue...
[03Aug2026 00:57:34.736] [level shutdown/INFO] [DistantHorizons-DistantHorizons-com.seibel.distanthorizons.core.generation.queues.WorldGenerationQueue/]: Closing WorldGenerationQueue...
[03Aug2026 00:57:34.736] [level shutdown/INFO] [DistantHorizons-DistantHorizons-com.seibel.distanthorizons.core.generation.queues.WorldGenerationQueue/]: Closing WorldGenerationQueue...
[03Aug2026 00:57:34.736] [level shutdown/INFO] [DistantHorizons-DistantHorizons-com.seibel.distanthorizons.core.generation.queues.WorldGenerationQueue/]: Shutting down world generator thread pool...
[03Aug2026 00:57:34.736] [level shutdown/INFO] [DistantHorizons-DistantHorizons-com.seibel.distanthorizons.core.generation.queues.WorldGenerationQueue/]: Shutting down world generator thread pool...
[03Aug2026 00:57:34.736] [level shutdown/INFO] [DistantHorizons-DistantHorizons-com.seibel.distanthorizons.core.generation.queues.WorldGenerationQueue/]: Shutting down world generator thread pool...
[03Aug2026 00:57:34.736] [level shutdown/INFO] [DistantHorizons-DistantHorizons-com.seibel.distanthorizons.core.generation.queues.WorldGenerationQueue/]: World generator thread pool shutdown with [0] incomplete tasks.
[03Aug2026 00:57:34.736] [level shutdown/INFO] [DistantHorizons-DistantHorizons-com.seibel.distanthorizons.core.generation.queues.WorldGenerationQueue/]: World generator thread pool shutdown with [0] incomplete tasks.
[03Aug2026 00:57:34.736] [level shutdown/INFO] [DistantHorizons-DistantHorizons-com.seibel.distanthorizons.core.generation.queues.WorldGenerationQueue/]: World generator thread pool shutdown with [0] incomplete tasks.
[03Aug2026 00:57:34.736] [level shutdown/INFO] [DistantHorizons-DistantHorizons-com.seibel.distanthorizons.core.generation.BatchGenerator/]: [BatchGenerator] shutting down...
[03Aug2026 00:57:34.736] [level shutdown/INFO] [DistantHorizons-DistantHorizons-com.seibel.distanthorizons.core.generation.BatchGenerator/]: [BatchGenerator] shutting down...
[03Aug2026 00:57:34.736] [level shutdown/INFO] [DistantHorizons-DistantHorizons-com.seibel.distanthorizons.core.generation.BatchGenerator/]: [BatchGenerator] shutting down...
[03Aug2026 00:57:34.737] [level shutdown/INFO] [DistantHorizons-LOD World Gen/]: Closing [BatchGenerationEnvironment_neoforge]
[03Aug2026 00:57:34.737] [level shutdown/INFO] [DistantHorizons-LOD World Gen/]: Closing [BatchGenerationEnvironment_neoforge]
[03Aug2026 00:57:34.737] [level shutdown/INFO] [DistantHorizons-LOD World Gen/]: Closing [BatchGenerationEnvironment_neoforge]
[03Aug2026 00:57:34.737] [level shutdown/INFO] [DistantHorizons-DistantHorizons-com.seibel.distanthorizons.core.generation.queues.WorldGenerationQueue/]: Finished closing WorldGenerationQueue
[03Aug2026 00:57:34.737] [level shutdown/INFO] [DistantHorizons-DistantHorizons-com.seibel.distanthorizons.core.generation.queues.WorldGenerationQueue/]: Finished closing WorldGenerationQueue
[03Aug2026 00:57:34.737] [level shutdown/INFO] [DistantHorizons-DistantHorizons-com.seibel.distanthorizons.core.generation.queues.WorldGenerationQueue/]: Finished closing WorldGenerationQueue
[03Aug2026 00:57:34.737] [level shutdown/INFO] [DistantHorizons-DistantHorizons-com.seibel.distanthorizons.core.level.AbstractDhServerLevel/]: Closed DHLevel for [Wrapped{ServerLevel[New World]@minecraft:the_nether}].
[03Aug2026 00:57:34.737] [level shutdown/INFO] [DistantHorizons-DistantHorizons-com.seibel.distanthorizons.core.level.AbstractDhServerLevel/]: Closed DHLevel for [Wrapped{ServerLevel[New World]@minecraft:overworld}].
[03Aug2026 00:57:34.737] [level shutdown/INFO] [DistantHorizons-DistantHorizons-com.seibel.distanthorizons.core.level.AbstractDhServerLevel/]: Closed DHLevel for [Wrapped{ServerLevel[New World]@minecraft:the_end}].
[03Aug2026 00:57:34.737] [level shutdown/INFO] [DistantHorizons-DistantHorizons-com.seibel.distanthorizons.core.level.AbstractDhServerLevel/]: Closed DhClientServerLevel for Wrapped{ServerLevel[New World]@minecraft:overworld}
[03Aug2026 00:57:34.737] [level shutdown/INFO] [DistantHorizons-DistantHorizons-com.seibel.distanthorizons.core.level.AbstractDhServerLevel/]: Closed DhClientServerLevel for Wrapped{ServerLevel[New World]@minecraft:the_nether}
[03Aug2026 00:57:34.737] [level shutdown/INFO] [DistantHorizons-DistantHorizons-com.seibel.distanthorizons.core.level.AbstractDhServerLevel/]: Closed DhClientServerLevel for Wrapped{ServerLevel[New World]@minecraft:the_end}
[03Aug2026 00:57:34.737] [Render thread/INFO] [DistantHorizons-DistantHorizons-com.seibel.distanthorizons.core.world.AbstractDhWorld/]: Closed DhWorld of type [CLIENT_SERVER].
[03Aug2026 00:57:34.737] [level shutdown/INFO] [DistantHorizons-DistantHorizons-com.seibel.distanthorizons.core.level.AbstractDhServerLevel/]: Closed DHLevel for [Wrapped{ServerLevel[New World]@minecraft:the_nether}].
[03Aug2026 00:57:34.737] [level shutdown/INFO] [DistantHorizons-DistantHorizons-com.seibel.distanthorizons.core.level.AbstractDhServerLevel/]: Closed DHLevel for [Wrapped{ServerLevel[New World]@minecraft:the_end}].
[03Aug2026 00:57:34.737] [level shutdown/INFO] [DistantHorizons-DistantHorizons-com.seibel.distanthorizons.core.level.AbstractDhServerLevel/]: Closed DHLevel for [Wrapped{ServerLevel[New World]@minecraft:overworld}].
[03Aug2026 00:57:34.738] [level shutdown/INFO] [DistantHorizons-DistantHorizons-com.seibel.distanthorizons.core.level.AbstractDhServerLevel/]: Closed DhClientServerLevel for Wrapped{ServerLevel[New World]@minecraft:the_end}
[03Aug2026 00:57:34.738] [level shutdown/INFO] [DistantHorizons-DistantHorizons-com.seibel.distanthorizons.core.level.AbstractDhServerLevel/]: Closed DhClientServerLevel for Wrapped{ServerLevel[New World]@minecraft:the_nether}
[03Aug2026 00:57:34.738] [level shutdown/INFO] [DistantHorizons-DistantHorizons-com.seibel.distanthorizons.core.level.AbstractDhServerLevel/]: Closed DhClientServerLevel for Wrapped{ServerLevel[New World]@minecraft:overworld}
[03Aug2026 00:57:34.738] [Render thread/INFO] [DistantHorizons-DistantHorizons-com.seibel.distanthorizons.core.world.AbstractDhWorld/]: Closed DhWorld of type [CLIENT_SERVER].
[03Aug2026 00:57:34.738] [Render thread/INFO] [DistantHorizons-DistantHorizons-com.seibel.distanthorizons.core.util.threading.PriorityTaskPicker/]: Shutting down PriorityTaskPicker thread pool...
[03Aug2026 00:57:40.686] [Render thread/INFO] [DistantHorizons-DistantHorizons-com.seibel.distanthorizons.core.sql.repo.AbstractDhRepo/]: Closing all [3] database connections...
[03Aug2026 00:57:40.686] [Render thread/INFO] [DistantHorizons-DistantHorizons-com.seibel.distanthorizons.core.sql.repo.AbstractDhRepo/]: Closing database connection: [jdbc:dh_sqlite:/home/krzysztofkalisiak/.local/share/ModrinthApp/profiles/Create Aeronautics (1)/saves/New World (1)/DIM-1/data/DistantHorizons.sqlite]
[03Aug2026 00:57:40.686] [Render thread/INFO] [DistantHorizons-DistantHorizons-com.seibel.distanthorizons.core.sql.repo.AbstractDhRepo/]: Closing database connection: [jdbc:dh_sqlite:/home/krzysztofkalisiak/.local/share/ModrinthApp/profiles/Create Aeronautics (1)/saves/New World (1)/DIM1/data/DistantHorizons.sqlite]
[03Aug2026 00:57:40.686] [Render thread/INFO] [DistantHorizons-DistantHorizons-com.seibel.distanthorizons.core.sql.repo.AbstractDhRepo/]: Closing database connection: [jdbc:dh_sqlite:/home/krzysztofkalisiak/.local/share/ModrinthApp/profiles/Create Aeronautics (1)/saves/New World (1)/data/DistantHorizons.sqlite]
[03Aug2026 00:57:40.949] [Render thread/INFO] [xaero.hud.minimap.MinimapLogs/]: Xaero hud session finalized.
[03Aug2026 00:57:40.998] [Render thread/INFO] [Photonics/]: Photonics v24 Sable moving lights: 1 -> 0
[03Aug2026 00:57:40.998] [Render thread/INFO] [Photonics/]: Photonics v24 Sable receiver motion: 4 -> 0
[03Aug2026 00:57:41.024] [Server thread/INFO] [net.minecraft.server.network.ServerGamePacketListenerImpl/]: Eutio lost connection: Disconnected
[03Aug2026 00:57:41.025] [Server thread/INFO] [net.minecraft.server.MinecraftServer/]: Eutio left the game
[03Aug2026 00:57:41.026] [Server thread/INFO] [DistantHorizons-DistantHorizons-com.seibel.distanthorizons.core.api.internal.ServerApi/]: Player [Eutio] disconnected.
[03Aug2026 00:57:41.033] [Server thread/INFO] [net.minecraft.server.network.ServerCommonPacketListenerImpl/]: Stopping singleplayer server as player logged out
[03Aug2026 00:57:41.060] [Server thread/INFO] [net.minecraft.server.MinecraftServer/]: Stopping server
[03Aug2026 00:57:41.060] [Server thread/INFO] [net.minecraft.server.MinecraftServer/]: Saving players
[03Aug2026 00:57:41.060] [Server thread/INFO] [net.minecraft.server.MinecraftServer/]: Saving worlds
[03Aug2026 00:57:41.098] [Server thread/INFO] [net.minecraft.server.MinecraftServer/]: Saving chunks for level 'ServerLevel[New World]'/minecraft:overworld
[03Aug2026 00:57:41.098] [Server thread/INFO] [dev.ryanhcode.sable.Sable/]: Saving sub-levels for level 'ServerLevel[New World]'/minecraft:overworld
[03Aug2026 00:57:41.142] [Server thread/INFO] [net.minecraft.server.MinecraftServer/]: Saving chunks for level 'ServerLevel[New World]'/minecraft:the_nether
[03Aug2026 00:57:41.142] [Server thread/INFO] [dev.ryanhcode.sable.Sable/]: Saving sub-levels for level 'ServerLevel[New World]'/minecraft:the_nether
[03Aug2026 00:57:41.146] [Server thread/INFO] [net.minecraft.server.MinecraftServer/]: Saving chunks for level 'ServerLevel[New World]'/minecraft:the_end
[03Aug2026 00:57:41.146] [Server thread/INFO] [dev.ryanhcode.sable.Sable/]: Saving sub-levels for level 'ServerLevel[New World]'/minecraft:the_end
[03Aug2026 00:57:41.152] [Server thread/INFO] [net.minecraft.server.MinecraftServer/]: ThreadedAnvilChunkStorage (New World (1)): All chunks are saved
[03Aug2026 00:57:41.152] [Server thread/INFO] [net.minecraft.server.MinecraftServer/]: ThreadedAnvilChunkStorage (DIM-1): All chunks are saved
[03Aug2026 00:57:41.152] [Server thread/INFO] [net.minecraft.server.MinecraftServer/]: ThreadedAnvilChunkStorage (DIM1): All chunks are saved
[03Aug2026 00:57:41.152] [Server thread/INFO] [net.minecraft.server.MinecraftServer/]: ThreadedAnvilChunkStorage: All dimensions are saved
[03Aug2026 00:57:41.167] [Render thread/INFO] [ChunkBuilder/]: Stopping worker threads
[03Aug2026 00:57:43.474] [Render thread/INFO] [com.simibubi.create.Create/]: Created 157 recipes which will be injected into the game
[03Aug2026 00:57:43.476] [Render thread/INFO] [com.simibubi.create.Create/]: Created 0 tags which will be injected into the game
[03Aug2026 00:57:43.824] [Worker-Main-10/ERROR] [net.minecraft.world.level.storage.loot.LootDataType/]: Couldn't parse element ResourceKey[minecraft:root / minecraft:loot_table]:simurail:blocks/automatic_coupler - Not a valid resource location: simurail:blocks/simurail:automatic_coupler Non [a-z0-9/._-] character in path of location: simurail:blocks/simurail:automatic_coupler
[03Aug2026 00:57:43.949] [Render thread/INFO] [net.minecraft.world.item.crafting.RecipeManager/]: Loaded 2948 recipes
[03Aug2026 00:57:44.003] [Render thread/INFO] [net.minecraft.advancements.AdvancementTree/]: Loaded 2644 advancements
[03Aug2026 00:57:44.438] [Server thread/INFO] [net.minecraft.client.server.IntegratedServer/]: Starting integrated minecraft server version 1.21.1
[03Aug2026 00:57:44.438] [Server thread/INFO] [net.minecraft.server.MinecraftServer/]: Generating keypair
[03Aug2026 00:57:44.493] [Server thread/INFO] [DistantHorizons-DistantHorizons-com.seibel.distanthorizons.core.world.AbstractDhWorld/]: Started DhWorld of type [CLIENT_SERVER].
[03Aug2026 00:57:44.493] [Server thread/INFO] [DistantHorizons-DistantHorizons-com.seibel.distanthorizons.core.util.threading.PriorityTaskPicker/]: Shutting down PriorityTaskPicker thread pool...
[03Aug2026 00:57:44.494] [Server thread/INFO] [dev.ryanhcode.sable.Sable/]: Creating physics pipeline for ResourceKey[minecraft:dimension / minecraft:overworld] using RapierPhysicsPipelineProvider
[03Aug2026 00:57:44.527] [DH-Full Data Migration Thread[0]/INFO] [DistantHorizons-DistantHorizons-com.seibel.distanthorizons.core.file.fullDatafile.V2.DataMigratorV1/]: No migration necessary.
[03Aug2026 00:57:44.531] [Server thread/INFO] [DistantHorizons-DistantHorizons-com.seibel.distanthorizons.core.level.AbstractDhServerLevel/]: Started DhClientServerLevel for [Wrapped{ServerLevel[New World]@minecraft:overworld}] at [[LocalSaveStructure@(/home/krzysztofkalisiak/.local/share/ModrinthApp/profiles/Create Aeronautics (1)/saves/New World (2)/data)]].
[03Aug2026 00:57:44.536] [Server thread/INFO] [dev.ryanhcode.sable.Sable/]: Creating physics pipeline for ResourceKey[minecraft:dimension / minecraft:the_nether] using RapierPhysicsPipelineProvider
[03Aug2026 00:57:44.553] [DH-Full Data Migration Thread[0]/INFO] [DistantHorizons-DistantHorizons-com.seibel.distanthorizons.core.file.fullDatafile.V2.DataMigratorV1/]: No migration necessary.
[03Aug2026 00:57:44.555] [Server thread/INFO] [DistantHorizons-DistantHorizons-com.seibel.distanthorizons.core.level.AbstractDhServerLevel/]: Started DhClientServerLevel for [Wrapped{ServerLevel[New World]@minecraft:the_nether}] at [[LocalSaveStructure@(/home/krzysztofkalisiak/.local/share/ModrinthApp/profiles/Create Aeronautics (1)/saves/New World (2)/DIM-1/data;/home/krzysztofkalisiak/.local/share/ModrinthApp/profiles/Create Aeronautics (1)/saves/New World (2)/data)]].
[03Aug2026 00:57:44.556] [Server thread/INFO] [dev.ryanhcode.sable.Sable/]: Creating physics pipeline for ResourceKey[minecraft:dimension / minecraft:the_end] using RapierPhysicsPipelineProvider
[03Aug2026 00:57:44.566] [DH-Full Data Migration Thread[0]/INFO] [DistantHorizons-DistantHorizons-com.seibel.distanthorizons.core.file.fullDatafile.V2.DataMigratorV1/]: No migration necessary.
[03Aug2026 00:57:44.568] [Server thread/INFO] [DistantHorizons-DistantHorizons-com.seibel.distanthorizons.core.level.AbstractDhServerLevel/]: Started DhClientServerLevel for [Wrapped{ServerLevel[New World]@minecraft:the_end}] at [[LocalSaveStructure@(/home/krzysztofkalisiak/.local/share/ModrinthApp/profiles/Create Aeronautics (1)/saves/New World (2)/DIM-1/data;/home/krzysztofkalisiak/.local/share/ModrinthApp/profiles/Create Aeronautics (1)/saves/New World (2)/data;/home/krzysztofkalisiak/.local/share/ModrinthApp/profiles/Create Aeronautics (1)/saves/New World (2)/DIM1/data)]].
[03Aug2026 00:57:44.568] [Server thread/INFO] [net.minecraft.server.MinecraftServer/]: Preparing start region for dimension minecraft:overworld
[03Aug2026 00:57:44.612] [Render thread/INFO] [net.minecraft.server.level.progress.LoggerChunkProgressListener/]: Preparing spawn area: 0%
[03Aug2026 00:57:44.635] [Server thread/INFO] [net.neoforged.neoforge.server.permission.PermissionAPI/]: Successfully initialized permission handler neoforge:default_handler
[03Aug2026 00:57:44.635] [Server thread/INFO] [me.yurtema.searchlights.Searchlights/]: HELLO from server starting
[03Aug2026 00:57:44.642] [Server thread/INFO] [net.minecraft.client.server.IntegratedServer/]: Changing view distance to 9, from 10
[03Aug2026 00:57:44.642] [Server thread/INFO] [net.minecraft.client.server.IntegratedServer/]: Changing simulation distance to 9, from 0
[03Aug2026 00:57:44.646] [Render thread/INFO] [net.minecraft.server.level.progress.LoggerChunkProgressListener/]: Time elapsed: 68 ms
[03Aug2026 00:57:44.697] [Render thread/INFO] [dev.ryanhcode.sable.Sable/]: Adding local UDP server channel future
[03Aug2026 00:57:44.697] [Render thread/WARN] [io.netty.bootstrap.Bootstrap/]: Unknown channel option 'SO_BROADCAST' for channel '[id: 0x5542c1e8]'
[03Aug2026 00:57:44.698] [Netty Server IO #5/INFO] [dev.ryanhcode.sable.Sable/]: Server UDP channel active
[03Aug2026 00:57:44.699] [Render thread/INFO] [dev.ryanhcode.sable.Sable/]: Starting local client UDP channel future
[03Aug2026 00:57:44.700] [Netty Local Client IO #3/INFO] [dev.ryanhcode.sable.Sable/]: Client UDP channel active
[03Aug2026 00:57:44.839] [Server thread/INFO] [net.minecraft.server.players.PlayerList/]: Eutio[local:E:551deac7] logged in with entity id 437 at (-584.330686299831, 2.752814779901477, 494.87095240772993)
[03Aug2026 00:57:44.839] [Server thread/INFO] [dev.ryanhcode.sable.Sable/]: Beginning attempted authentication with player Eutio
[03Aug2026 00:57:44.847] [Render thread/INFO] [xaero.hud.minimap.MinimapLogs/]: Minimap required item set to nothing.
[03Aug2026 00:57:44.847] [Render thread/INFO] [xaero.hud.minimap.MinimapLogs/]: New Xaero hud session initialized!
[03Aug2026 00:57:44.859] [Server thread/INFO] [net.minecraft.server.MinecraftServer/]: Eutio joined the game
[03Aug2026 00:57:44.862] [Render thread/INFO] [Iris/]: Reloading pipeline on dimension change: minecraft:overworld => minecraft:overworld
[03Aug2026 00:57:44.862] [Render thread/INFO] [Photonics/]: Photonics history reset v72: reason=pipeline-destroyed, generation=2
[03Aug2026 00:57:44.862] [Render thread/INFO] [Photonics/]: Photonics chunk compiler v72 stopped: pendingSections=0, memory=jvmHeap={usedBytes=2027098808, committedBytes=3917479936, maxBytes=8589934592}, jvmGc={collections=156, timeMs=1660}, worldHeap=GpuBufferHeapStats[capacityBytes=536870912, reservedBytes=264373820, liveBytes=264371804, peakLiveBytes=264372380, reusableBytes=2016, allocations=642717, reusedAllocations=4810, frees=4817, failedAllocations=0], paletteHeap=GpuBufferHeapStats[capacityBytes=201326592, reservedBytes=33112032, liveBytes=33112032, peakLiveBytes=33112032, reusableBytes=0, allocations=354307, reusedAllocations=9390, frees=9390, failedAllocations=0], registries={lights=Stats[cachedObjects=10, pendingFreeObjects=0, allocatedObjects=10, failedAllocations=0], palettes=Stats[cachedObjects=344917, pendingFreeObjects=0, allocatedObjects=354307, failedAllocations=0], blocks=Stats[cachedObjects=449895, pendingFreeObjects=0, allocatedObjects=453129, failedAllocations=0], models=Stats[cachedObjects=9950, pendingFreeObjects=0, allocatedObjects=10012, failedAllocations=0]}
[03Aug2026 00:57:44.868] [Render thread/INFO] [Photonics/]: Photonics light registry contains 127 light definitions for 98 blocks
[03Aug2026 00:57:44.868] [Render thread/INFO] [Iris/]: Destroying pipeline minecraft:overworld
[03Aug2026 00:57:44.877] [Server thread/INFO] [DistantHorizons-DistantHorizons-com.seibel.distanthorizons.core.api.internal.ServerApi/]: Player [Eutio] joined.
[03Aug2026 00:57:44.882] [Render thread/INFO] [Photonics/]: Loaded ph_lights.json for shader pack 'photon-main (1).zip'
[03Aug2026 00:57:44.888] [Render thread/INFO] [Photonics/]: Photonics light registry contains 231 light definitions for 115 blocks
[03Aug2026 00:57:44.888] [Render thread/INFO] [Photonics/]: Photonics pipeline for 'photon-main (1).zip': enabled=true, mode=RESTIR, blockLight=true, gi=true, blockLightGi=false, handheld=true, shaderPackRenderScale=1.0, renderScale=0.75, giRenderScale=0.5, temporalUpscalerRequested=false, temporalUpscalerSourceScale=0.67, temporalUpscalerActive=false, temporalUpscalerHistoryFrames=8, maxLights=4000, maxSamples=20, restirInitial=32, restirSpatial=0, restirDenoiser=5, restirGiDenoiser=3, restirSoftShadows=false, restirCombinedGi=true
[03Aug2026 00:57:45.110] [DH-Request Module Ticker [minecraft:overworld] Thread[0]/INFO] [DistantHorizons-DistantHorizons-com.seibel.distanthorizons.core.generation.BatchGenerator/]: Batch Chunk Generator initialized
[03Aug2026 00:57:45.110] [Render thread/INFO] [Photonics/]: Photonics feature increment: v65 upstream traversal guard, hand texture-normal evaluation, immature-history edge variance, and variance-guided full SVGF passes; direct-light-v64 proxy ownership retained
[03Aug2026 00:57:45.110] [Render thread/INFO] [Photonics/]: Photonics GI foundation v99: finite full-position indirect reservoirs, corrected primary-ray origin/origin rebasing/explicit sky hits, Jacobian-weighted world-hit temporal reuse for world and Sable receivers, geometric-normal-consistent indirect energy, explicit empty non-world reservoirs, hand temporal isolation, and selected-reservoir visibility validation
[03Aug2026 00:57:45.110] [Render thread/INFO] [Photonics/]: Photonics ReSTIR GI v79: combinedGi=true, splitGi=true, directScale=0.75, giScale=0.5, directDenoiserPasses=5, giDenoiserPasses=3, giPipeline=independent-frag-grid+reservoirs+history+svgf, composition=post-estimator-screen-space
[03Aug2026 00:57:45.110] [Render thread/INFO] [Photonics/]: Photonics split-GI reconstruction v81: receiver-aware four-tap interpolation with unsupported-pixel nearest-compatible fallback
[03Aug2026 00:57:45.110] [Render thread/INFO] [Photonics/]: Photonics GI stability v82: world-hit temporal reservoir reuse enabled for rigidly reprojected Sable receivers; hand history remains isolated
[03Aug2026 00:57:45.110] [Render thread/INFO] [Photonics/]: Photonics direct startup v100: unbiased logarithmic camera-rank strata for large light lists with exact compact-list prefix proposals
[03Aug2026 00:57:45.110] [DH-Request Module Ticker [minecraft:overworld] Thread[0]/INFO] [DistantHorizons-DistantHorizons-com.seibel.distanthorizons.core.generation.queues.WorldGenerationQueue/]: Creating world gen queue
[03Aug2026 00:57:45.110] [Render thread/WARN] [Photonics/]: Photonics ReSTIR direct-estimator diagnostic v106 enabled via -Dphotonics.restirSourceHistoryDiagnostic=true and -Dphotonics.restirDirectEstimatorDiagnostic=true; directTemporalReuse=bypassed, directSpatialReuse=bypassed, initialVisibility=deferred-to-r6, panels=top-left-unshadowed-current-luminance/top-right-visible-current-luminance/bottom-left-visibility-ratio/bottom-right-rejected-current-luminance, values=log-packed-rgb16f, handheld-and-exact-local-lighting=omitted
[03Aug2026 00:57:45.110] [DH-Request Module Ticker [minecraft:overworld] Thread[0]/INFO] [DistantHorizons-DistantHorizons-com.seibel.distanthorizons.core.generation.queues.WorldGenerationQueue/]: Created world gen queue
[03Aug2026 00:57:45.110] [Render thread/INFO] [Photonics/]: Photonics ReSTIR GI transport v85+: stochastic tinted-glass traversal and endpoint-first transparent-hit validation
[03Aug2026 00:57:45.110] [Render thread/INFO] [Photonics/]: Photonics stability v86: deterministic thin-cutout GI coverage and bounded palette-heap compiler recovery probes
[03Aug2026 00:57:45.110] [Render thread/INFO] [Photonics/]: Photonics ReSTIR GI validation v88: triState=valid/blocked-current-receiver/stale, blockedHistoryM=preserved-once-with-zero-energy, staleHistoryM=excluded, maxTemporalCandidates=1, maxSpatialCandidates=1, maxTraversalSteps=128
[03Aug2026 00:57:45.110] [Render thread/INFO] [Photonics/]: Photonics feature set: direct-light-v64 expiring Contraption Lights proxy ownership with a conservative nearby unmatched-proxy quarantine, position-matched Sable light alias trail with registry/profile diagnostics and render-thread-owned external merge, full-precision motion-grid Sable receiver visibility and endpoint-safe conservative traversal, dual-space Sable light de-duplication, production composite restored after v57 reservoir diagnostics, corrected indirect hit-normal decoding, full temporal reservoir retention for Sable external lighting, randomized systematic world-light proposals, Sable skylight-transition diagnostics with opt-in getter freeze, post-denoise exact Sable-local direct stream and fail-closed same-domain visibility, camera-relative double-composed Sable reprojection, normal-guided receiver classification, tri-state same-sublevel visibility and conservative supercover voxel traversal, sampling-time receiver-domain partition with exact same-sublevel direct lighting, external-only Sable reservoirs and soft-shadow local-visibility-signature-guided Sable SVGF support, preserved all-zero current proposal batches, elapsed-time moving-light hysteresis and unsnapped render-pose positions, rejected spatial-batch accounting, receiver-domain-complete stable/external history partition and rigid-motion Sable spatial reuse, bounded visibility-rejected reservoirs and representative-scoped external reactivity, split stable/external accumulation histories and stale Sable material recovery, explicit emitter motion-domain identity, motion-domain-stable receiver-relative light-history limits, previous-light position metadata, rotation-correct cross-sublevel motion, guarded ordinary-world all-light and external-only Sable single-neighbor spatial reuse, immutable spatial input, current-receiver visibility validation, bounded spatial history, independent spatial random stream, bounded reservoirs, zero-contribution batch accounting, actual-motion reactive lights, stable-anchor Sable reprojection, surface-plane SVGF, visibility-transition provenance, stable Sable identity, current-visible temporal reuse, Sable plot-section isolation, deterministic diagonal cutouts, generation-aligned adaptive stratified ReSTIR proposals, exposed-face Sable local visibility, duplicate Veil point-light suppression, moving-light and Iris material bridges; finite-segment OOB visibility and tree-origin tracing, masked passes, texture barriers, accumulation, denoising, handheld; Sable-receiver world/cross-sublevel spatial reuse and combined GI compatibility gates active
[03Aug2026 00:57:45.110] [Render thread/INFO] [Photonics/]: Photonics ReSTIR configuration v100: directCandidatesPerPixel=32, directTemporalSampleCap=640, directOutputSampleCap=world-128/sable-temporal-cap, spatialCandidates=0, spatialRadiusPixels=5.0, output=split-direct-and-gi-radiance-plus-exact-sable-local, samplingPolicy=large-list-logarithmic-rank-strata+compact-list-systematic-prefix-tail+distinct-priority-prefix/sable-external-reservoir/exact-all-same-token-lights/fail-closed-tri-state-conservative-local-dda/full-precision-motion-grid-receiver/normal-biased-endpoint/preserved-zero-current-batches, spatialPolicy=receiver-matched-current-frame/external-only-sable/current-rejection-accounting/immutable-input/initial-batch-cap+rejected-fallback-cap+background-finalization, historyPolicy=receiver-domain-complete-split-stable-external/direct-only-full-rigid-local-history/camera-relative-double-compose/normal-guided-receiver/soft-local-signature-reset/visibility-transition-reset/representative-scoped-external-reactivity/explicit-emitter-domain/0.15-block-trail/2-frame-floor, lightListPolicy=position-matched-250ms-alias-trail/250ms-after-loss-minecraft-light-proxy-ownership/125ms+2-frame-unmatched-proxy-quarantine/3-cell-alias-radius/render-thread-owned-merge, motionHoldMs=250, denoiserPolicy=post-denoise-exact-local-hard-shadow+representative-gated-world+soft-local-signature-sable, sableSkyLightDiagnostic=transition-log/optional-freeze-getter, directDenoiserPasses=5, giDenoiserPasses=3, softShadows=false, combinedGi=true, splitGi=true
[03Aug2026 00:57:45.110] [DH-Request Module Ticker [minecraft:overworld] Thread[0]/INFO] [DistantHorizons-DistantHorizons-com.seibel.distanthorizons.core.file.fullDatafile.GeneratedFullDataSourceProvider/]: Set world gen queue for level [minecraft:overworld].
[03Aug2026 00:57:45.120] [Render thread/INFO] [Photonics/]: Photonics history reset v18: reason=pipeline-created, generation=3, dimension=minecraft:overworld
[03Aug2026 00:57:45.120] [Render thread/INFO] [Iris/]: Creating pipeline for dimension minecraft:overworld
[03Aug2026 00:57:45.129] [DH-Request Module Ticker [minecraft:the_end] Thread[0]/INFO] [DistantHorizons-DistantHorizons-com.seibel.distanthorizons.core.generation.BatchGenerator/]: Batch Chunk Generator initialized
[03Aug2026 00:57:45.129] [DH-Request Module Ticker [minecraft:the_end] Thread[0]/INFO] [DistantHorizons-DistantHorizons-com.seibel.distanthorizons.core.generation.queues.WorldGenerationQueue/]: Creating world gen queue
[03Aug2026 00:57:45.129] [DH-Request Module Ticker [minecraft:the_end] Thread[0]/INFO] [DistantHorizons-DistantHorizons-com.seibel.distanthorizons.core.generation.queues.WorldGenerationQueue/]: Created world gen queue
[03Aug2026 00:57:45.130] [DH-Request Module Ticker [minecraft:the_end] Thread[0]/INFO] [DistantHorizons-DistantHorizons-com.seibel.distanthorizons.core.file.fullDatafile.GeneratedFullDataSourceProvider/]: Set world gen queue for level [minecraft:the_end].
[03Aug2026 00:57:45.130] [DH-Request Module Ticker [minecraft:the_nether] Thread[0]/INFO] [DistantHorizons-DistantHorizons-com.seibel.distanthorizons.core.generation.BatchGenerator/]: Batch Chunk Generator initialized
[03Aug2026 00:57:45.130] [DH-Request Module Ticker [minecraft:the_nether] Thread[0]/INFO] [DistantHorizons-DistantHorizons-com.seibel.distanthorizons.core.generation.queues.WorldGenerationQueue/]: Creating world gen queue
[03Aug2026 00:57:45.130] [DH-Request Module Ticker [minecraft:the_nether] Thread[0]/INFO] [DistantHorizons-DistantHorizons-com.seibel.distanthorizons.core.generation.queues.WorldGenerationQueue/]: Created world gen queue
[03Aug2026 00:57:45.130] [DH-Request Module Ticker [minecraft:the_nether] Thread[0]/INFO] [DistantHorizons-DistantHorizons-com.seibel.distanthorizons.core.file.fullDatafile.GeneratedFullDataSourceProvider/]: Set world gen queue for level [minecraft:the_nether].
[03Aug2026 00:57:45.211] [Render thread/INFO] [org.anarres.cpp.DefaultPreprocessorListener/]: null:0:0: error: #endif without #if
[03Aug2026 00:57:45.237] [Render thread/INFO] [org.anarres.cpp.DefaultPreprocessorListener/]: null:0:0: error: #endif without #if
[03Aug2026 00:57:45.275] [Render thread/INFO] [org.anarres.cpp.DefaultPreprocessorListener/]: null:0:0: error: #endif without #if
[03Aug2026 00:57:45.319] [Render thread/INFO] [org.anarres.cpp.DefaultPreprocessorListener/]: null:0:0: error: #endif without #if
[03Aug2026 00:57:45.333] [Render thread/INFO] [org.anarres.cpp.DefaultPreprocessorListener/]: null:0:0: error: #endif without #if
[03Aug2026 00:57:45.348] [Render thread/INFO] [org.anarres.cpp.DefaultPreprocessorListener/]: null:0:0: error: #endif without #if
[03Aug2026 00:57:45.363] [Render thread/INFO] [org.anarres.cpp.DefaultPreprocessorListener/]: null:0:0: error: #endif without #if
[03Aug2026 00:57:45.379] [Render thread/INFO] [org.anarres.cpp.DefaultPreprocessorListener/]: null:0:0: error: #endif without #if
[03Aug2026 00:57:45.392] [Render thread/INFO] [org.anarres.cpp.DefaultPreprocessorListener/]: null:0:0: error: #endif without #if
[03Aug2026 00:57:45.411] [Render thread/INFO] [org.anarres.cpp.DefaultPreprocessorListener/]: null:0:0: error: #endif without #if
[03Aug2026 00:57:45.426] [Render thread/INFO] [org.anarres.cpp.DefaultPreprocessorListener/]: null:0:0: error: #endif without #if
[03Aug2026 00:57:45.439] [Render thread/INFO] [org.anarres.cpp.DefaultPreprocessorListener/]: null:0:0: error: #endif without #if
[03Aug2026 00:57:45.449] [Render thread/INFO] [org.anarres.cpp.DefaultPreprocessorListener/]: null:0:0: error: #endif without #if
[03Aug2026 00:57:45.462] [Render thread/INFO] [org.anarres.cpp.DefaultPreprocessorListener/]: null:0:0: error: #endif without #if
[03Aug2026 00:57:45.475] [Render thread/INFO] [org.anarres.cpp.DefaultPreprocessorListener/]: null:0:0: error: #endif without #if
[03Aug2026 00:57:45.751] [Render thread/WARN] [flywheel/]: Flywheel backend fell back from 'flywheel:indirect' to 'flywheel:off'
[03Aug2026 00:57:45.754] [Render thread/INFO] [ChunkBuilder/]: Started 10 worker threads
[03Aug2026 00:57:45.774] [Render thread/INFO] [xaero.hud.minimap.MinimapLogs/]: Minimap updated server level id: 1052294377 for world ResourceKey[minecraft:dimension / minecraft:overworld]
[03Aug2026 00:57:45.775] [Render thread/INFO] [net.minecraft.advancements.AdvancementTree/]: Loaded 48 advancements
[03Aug2026 00:57:45.827] [Render thread/INFO] [Photonics/]: Photonics v43 Sable source validation: zeroLuminanceButTraced=0, rejectedMaterial=0, recoveredStaleMaterial=0, firstIssue=none
[03Aug2026 00:57:45.828] [Render thread/INFO] [Photonics/]: Photonics world tracing v72: revision=0, settled=false, compiledSections=0, trackedSections=0, batchBuilt=0, batchUnloaded=0, pendingBuilds=0, pendingUnloads=0, ready=false, depth=0, blockBounds=( 0.000E+0  0.000E+0  0.000E+0)..( 0.000E+0  0.000E+0  0.000E+0), treeBounds=( 0.000E+0  0.000E+0  0.000E+0)..( 0.000E+0  0.000E+0  0.000E+0), origin=( 0.000E+0  0.000E+0  0.000E+0), boundsSource=tree, compileMs=0.000
[03Aug2026 00:57:45.828] [Render thread/INFO] [Photonics/]: Photonics v35 direct-light prefixes: movingLights=0, externalLights=0, totalLights=0, proposalBudget=adaptive-half-candidates
[03Aug2026 00:57:45.852] [Photonics Light List Compiler/INFO] [Photonics/]: Photonics light candidates v18: eligible=18, selected=18, maxLights=4000, lightSections=3, capped=false
[03Aug2026 00:57:45.958] [Render thread/INFO] [ChunkBuilder/]: Stopping worker threads
[03Aug2026 00:57:45.960] [Render thread/INFO] [ChunkBuilder/]: Started 10 worker threads
[03Aug2026 00:57:45.962] [Render thread/WARN] [flywheel/]: Flywheel backend fell back from 'flywheel:indirect' to 'flywheel:off'
[03Aug2026 00:57:45.968] [Render thread/INFO] [DistantHorizons-DistantHorizons-com.seibel.distanthorizons.common.render.openGl.glObject.shader.GlShader/]: Loading shader with type: [35633]
[03Aug2026 00:57:45.968] [Render thread/INFO] [DistantHorizons-DistantHorizons-com.seibel.distanthorizons.common.render.openGl.glObject.shader.GlShader/]: Shader loaded sucessfully.
[03Aug2026 00:57:45.968] [Render thread/INFO] [DistantHorizons-DistantHorizons-com.seibel.distanthorizons.common.render.openGl.glObject.shader.GlShader/]: Loading shader with type: [35632]
[03Aug2026 00:57:45.968] [Render thread/INFO] [DistantHorizons-DistantHorizons-com.seibel.distanthorizons.common.render.openGl.glObject.shader.GlShader/]: Shader loaded sucessfully.
[03Aug2026 00:57:45.969] [Render thread/INFO] [DistantHorizons-DistantHorizons-com.seibel.distanthorizons.common.render.openGl.glObject.vertexAttribute.GlVertexAttributePostGL43/]: Vertex Attribute (GL43+) completed. It contains 1 binding points and a stride size of 12
[03Aug2026 00:57:45.969] [Render thread/INFO] [DistantHorizons-DistantHorizons-com.seibel.distanthorizons.common.render.openGl.glObject.shader.GlShader/]: Loading shader with type: [35633]
[03Aug2026 00:57:45.969] [Render thread/INFO] [DistantHorizons-DistantHorizons-com.seibel.distanthorizons.common.render.openGl.glObject.shader.GlShader/]: Shader loaded sucessfully.
[03Aug2026 00:57:45.969] [Render thread/INFO] [DistantHorizons-DistantHorizons-com.seibel.distanthorizons.common.render.openGl.glObject.shader.GlShader/]: Loading shader with type: [35632]
[03Aug2026 00:57:45.969] [Render thread/INFO] [DistantHorizons-DistantHorizons-com.seibel.distanthorizons.common.render.openGl.glObject.shader.GlShader/]: Shader loaded sucessfully.
[03Aug2026 00:57:45.970] [Render thread/INFO] [DistantHorizons-DistantHorizons-com.seibel.distanthorizons.common.render.openGl.glObject.vertexAttribute.GlVertexAttributePostGL43/]: Vertex Attribute (GL43+) completed. It contains 1 binding points and a stride size of 12
[03Aug2026 00:57:45.973] [Render thread/INFO] [top.leonx.irisveil.IrisVeilCompat/]: IrisVeilCompat: using Block program with dithering for translucent 'aeronautics:levitite/levitite'
[03Aug2026 00:57:46.024] [Render thread/INFO] [top.leonx.irisveil.IrisVeilCompat/]: IrisVeilCompat: created Iris ShaderInstance for 'aeronautics:levitite/levitite'
[03Aug2026 00:57:46.034] [Render thread/INFO] [Photonics/]: Photonics history reset v18: reason=initial-clear, buffer=side-b, attachments=[ph_frag_data0, ph_frag_data1], size=-1x-1 -> 912x450
[03Aug2026 00:57:46.034] [Render thread/INFO] [Photonics/]: Photonics history reset v18: reason=initial-clear, buffer=side-a, attachments=[ph_frag_data0, ph_frag_data1], size=-1x-1 -> 912x450
[03Aug2026 00:57:46.035] [Render thread/INFO] [Photonics/]: Photonics history reset v18: reason=initial-clear, buffer=side-b, attachments=[ph_gi_frag_data0, ph_gi_frag_data1], size=-1x-1 -> 608x300
[03Aug2026 00:57:46.035] [Render thread/INFO] [Photonics/]: Photonics history reset v18: reason=initial-clear, buffer=side-a, attachments=[ph_gi_frag_data0, ph_gi_frag_data1], size=-1x-1 -> 608x300
[03Aug2026 00:57:46.035] [Render thread/INFO] [Photonics/]: Photonics history reset v18: reason=initial-clear, buffer=side-b, attachments=[restir_lighting, restir_lighting_variance, restir_direct_reservoirs0, restir_direct_state, restir_external_lighting], size=-1x-1 -> 912x450
[03Aug2026 00:57:46.035] [Render thread/INFO] [Photonics/]: Photonics history reset v18: reason=initial-clear, buffer=side-a, attachments=[restir_lighting, restir_lighting_variance, restir_direct_reservoirs0, restir_direct_state, restir_external_lighting], size=-1x-1 -> 912x450
[03Aug2026 00:57:46.038] [Render thread/INFO] [Photonics/]: Photonics history reset v18: reason=initial-clear, buffer=side-a, attachments=[denoise_result], size=-1x-1 -> 912x450
[03Aug2026 00:57:46.038] [Render thread/INFO] [Photonics/]: Photonics history reset v18: reason=initial-clear, buffer=side-b, attachments=[denoise_result], size=-1x-1 -> 912x450
[03Aug2026 00:57:46.039] [Render thread/INFO] [Photonics/]: Photonics history reset v18: reason=initial-clear, buffer=side-b, attachments=[restir_gi_lighting, restir_gi_lighting_variance, restir_gi_indirect_reservoirs0, restir_gi_indirect_reservoirs1], size=-1x-1 -> 608x300
[03Aug2026 00:57:46.039] [Render thread/INFO] [Photonics/]: Photonics history reset v18: reason=initial-clear, buffer=side-a, attachments=[restir_gi_lighting, restir_gi_lighting_variance, restir_gi_indirect_reservoirs0, restir_gi_indirect_reservoirs1], size=-1x-1 -> 608x300
[03Aug2026 00:57:46.039] [Render thread/INFO] [Photonics/]: Photonics history reset v18: reason=initial-clear, buffer=side-a, attachments=[restir_gi_denoise_result], size=-1x-1 -> 608x300
[03Aug2026 00:57:46.039] [Render thread/INFO] [Photonics/]: Photonics history reset v18: reason=initial-clear, buffer=side-b, attachments=[restir_gi_denoise_result], size=-1x-1 -> 608x300
[03Aug2026 00:57:46.081] [Photonic Chunk Compiler #1/INFO] [Photonics/]: Photonics voxel diagnostic: state=Block{minecraft:spruce_fence}[east=false,north=true,south=true,waterlogged=false,west=true] vertexHash=1f9ac6b6e0f0c920 complete=true samples=892 alphaZero=0 alphaPartial=0 alphaOpaque=892 rgbMean=[112.8,83.1,47.4] rgbRange=[85-136,58-101,31-58] voxels=440 aabb=[0,0,0]-[9,15,15] parts=[( 0.000E+0  0.000E+0  0.000E+0)]
[03Aug2026 00:57:46.082] [Photonic Chunk Compiler #1/INFO] [Photonics/]: Photonics voxel occupancy: state=Block{minecraft:spruce_fence}[east=false,north=true,south=true,waterlogged=false,west=true] part=( 0.000E+0  0.000E+0  0.000E+0) slices=y0=0000/0000/0000/0000/0000/0000/03c0/03c0/03c0/03c0/0000/0000/0000/0000/0000/0000;y1=0000/0000/0000/0000/0000/0000/03c0/0240/0240/03c0/0000/0000/0000/0000/0000/0000;y2=0000/0000/0000/0000/0000/0000/03c0/0240/0240/03c0/0000/0000/0000/0000/0000/0000;y3=0000/0000/0000/0000/0000/0000/03c0/0240/0240/03c0/0000/0000/0000/0000/0000/0000;y4=0000/0000/0000/0000/0000/0000/03c0/0240/0240/03c0/0000/0000/0000/0000/0000/0000;y5=0000/0000/0000/0000/0000/0000/03c0/0240/0240/03c0/0000/0000/0000/0000/0000/0000;y6=0180/0180/0180/0180/0180/0180/03c0/03ff/03ff/03c0/0180/0180/0180/0180/0180/0180;y7=0180/0180/0180/0180/0180/0180/03c0/03ff/03ff/03c0/0180/0180/0180/0180/0180/0180;y8=0180/0180/0180/0180/0180/0180/03c0/03ff/03ff/03c0/0180/0180/0180/0180/0180/0180;y9=0000/0000/0000/0000/0000/0000/03c0/0240/0240/03c0/0000/0000/0000/0000/0000/0000;y10=0000/0000/0000/0000/0000/0000/03c0/0240/0240/03c0/0000/0000/0000/0000/0000/0000;y11=0000/0000/0000/0000/0000/0000/03c0/0240/0240/03c0/0000/0000/0000/0000/0000/0000;y12=0180/0180/0180/0180/0180/0180/03c0/03ff/03ff/03c0/0180/0180/0180/0180/0180/0180;y13=0180/0180/0180/0180/0180/0180/03c0/03ff/03ff/03c0/0180/0180/0180/0180/0180/0180;y14=0180/0180/0180/0180/0180/0180/03c0/03ff/03ff/03c0/0180/0180/0180/0180/0180/0180;y15=0000/0000/0000/0000/0000/0000/03c0/03c0/03c0/03c0/0000/0000/0000/0000/0000/0000
[03Aug2026 00:57:46.082] [Photonic Chunk Compiler #1/INFO] [Photonics/]: Photonics voxel diagnostic: state=Block{minecraft:verdant_froglight}[axis=y] vertexHash=62e5494725974a40 complete=true samples=1600 alphaZero=0 alphaPartial=0 alphaOpaque=1600 rgbMean=[217.1,237.8,214.6] rgbRange=[120-248,166-253,92-248] voxels=1352 aabb=[0,0,0]-[15,15,15] parts=[( 0.000E+0  0.000E+0  0.000E+0)]
[03Aug2026 00:57:46.083] [Photonic Chunk Compiler #0/INFO] [Photonics/]: Photonics voxel diagnostic: state=Block{minecraft:spruce_fence}[east=true,north=true,south=true,waterlogged=false,west=true] vertexHash=3fff941d60bc9d70 complete=true samples=1096 alphaZero=0 alphaPartial=0 alphaOpaque=1096 rgbMean=[112.6,82.9,47.3] rgbRange=[85-136,58-101,31-58] voxels=512 aabb=[0,0,0]-[15,15,15] parts=[( 0.000E+0  0.000E+0  0.000E+0)]
[03Aug2026 00:57:46.083] [Photonic Chunk Compiler #1/INFO] [Photonics/]: Photonics voxel occupancy: state=Block{minecraft:verdant_froglight}[axis=y] part=( 0.000E+0  0.000E+0  0.000E+0) slices=y0=ffff/ffff/ffff/ffff/ffff/ffff/ffff/ffff/ffff/ffff/ffff/ffff/ffff/ffff/ffff/ffff;y1=ffff/8001/8001/8001/8001/8001/8001/8001/8001/8001/8001/8001/8001/8001/8001/ffff;y2=ffff/8001/8001/8001/8001/8001/8001/8001/8001/8001/8001/8001/8001/8001/8001/ffff;y3=ffff/8001/8001/8001/8001/8001/8001/8001/8001/8001/8001/8001/8001/8001/8001/ffff;y4=ffff/8001/8001/8001/8001/8001/8001/8001/8001/8001/8001/8001/8001/8001/8001/ffff;y5=ffff/8001/8001/8001/8001/8001/8001/8001/8001/8001/8001/8001/8001/8001/8001/ffff;y6=ffff/8001/8001/8001/8001/8001/8001/8001/8001/8001/8001/8001/8001/8001/8001/ffff;y7=ffff/8001/8001/8001/8001/8001/8001/8001/8001/8001/8001/8001/8001/8001/8001/ffff;y8=ffff/8001/8001/8001/8001/8001/8001/8001/8001/8001/8001/8001/8001/8001/8001/ffff;y9=ffff/8001/8001/8001/8001/8001/8001/8001/8001/8001/8001/8001/8001/8001/8001/ffff;y10=ffff/8001/8001/8001/8001/8001/8001/8001/8001/8001/8001/8001/8001/8001/8001/ffff;y11=ffff/8001/8001/8001/8001/8001/8001/8001/8001/8001/8001/8001/8001/8001/8001/ffff;y12=ffff/8001/8001/8001/8001/8001/8001/8001/8001/8001/8001/8001/8001/8001/8001/ffff;y13=ffff/8001/8001/8001/8001/8001/8001/8001/8001/8001/8001/8001/8001/8001/8001/ffff;y14=ffff/8001/8001/8001/8001/8001/8001/8001/8001/8001/8001/8001/8001/8001/8001/ffff;y15=ffff/ffff/ffff/ffff/ffff/ffff/ffff/ffff/ffff/ffff/ffff/ffff/ffff/ffff/ffff/ffff
[03Aug2026 00:57:46.083] [Photonic Chunk Compiler #0/INFO] [Photonics/]: Photonics voxel occupancy: state=Block{minecraft:spruce_fence}[east=true,north=true,south=true,waterlogged=false,west=true] part=( 0.000E+0  0.000E+0  0.000E+0) slices=y0=0000/0000/0000/0000/0000/0000/03c0/03c0/03c0/03c0/0000/0000/0000/0000/0000/0000;y1=0000/0000/0000/0000/0000/0000/03c0/0240/0240/03c0/0000/0000/0000/0000/0000/0000;y2=0000/0000/0000/0000/0000/0000/03c0/0240/0240/03c0/0000/0000/0000/0000/0000/0000;y3=0000/0000/0000/0000/0000/0000/03c0/0240/0240/03c0/0000/0000/0000/0000/0000/0000;y4=0000/0000/0000/0000/0000/0000/03c0/0240/0240/03c0/0000/0000/0000/0000/0000/0000;y5=0000/0000/0000/0000/0000/0000/03c0/0240/0240/03c0/0000/0000/0000/0000/0000/0000;y6=0180/0180/0180/0180/0180/0180/03c0/ffff/ffff/03c0/0180/0180/0180/0180/0180/0180;y7=0180/0180/0180/0180/0180/0180/03c0/ffff/ffff/03c0/0180/0180/0180/0180/0180/0180;y8=0180/0180/0180/0180/0180/0180/03c0/ffff/ffff/03c0/0180/0180/0180/0180/0180/0180;y9=0000/0000/0000/0000/0000/0000/03c0/0240/0240/03c0/0000/0000/0000/0000/0000/0000;y10=0000/0000/0000/0000/0000/0000/03c0/0240/0240/03c0/0000/0000/0000/0000/0000/0000;y11=0000/0000/0000/0000/0000/0000/03c0/0240/0240/03c0/0000/0000/0000/0000/0000/0000;y12=0180/0180/0180/0180/0180/0180/03c0/ffff/ffff/03c0/0180/0180/0180/0180/0180/0180;y13=0180/0180/0180/0180/0180/0180/03c0/ffff/ffff/03c0/0180/0180/0180/0180/0180/0180;y14=0180/0180/0180/0180/0180/0180/03c0/ffff/ffff/03c0/0180/0180/0180/0180/0180/0180;y15=0000/0000/0000/0000/0000/0000/03c0/03c0/03c0/03c0/0000/0000/0000/0000/0000/0000
[03Aug2026 00:57:46.084] [Photonic Chunk Compiler #0/INFO] [Photonics/]: Photonics voxel diagnostic: state=Block{minecraft:spruce_fence}[east=true,north=true,south=true,waterlogged=false,west=false] vertexHash=c7aa8d2c5bf0c920 complete=true samples=892 alphaZero=0 alphaPartial=0 alphaOpaque=892 rgbMean=[112.8,83.1,47.4] rgbRange=[85-136,58-101,31-58] voxels=440 aabb=[6,0,0]-[15,15,15] parts=[( 0.000E+0  0.000E+0  0.000E+0)]
[03Aug2026 00:57:46.084] [Photonic Chunk Compiler #0/INFO] [Photonics/]: Photonics voxel occupancy: state=Block{minecraft:spruce_fence}[east=true,north=true,south=true,waterlogged=false,west=false] part=( 0.000E+0  0.000E+0  0.000E+0) slices=y0=0000/0000/0000/0000/0000/0000/03c0/03c0/03c0/03c0/0000/0000/0000/0000/0000/0000;y1=0000/0000/0000/0000/0000/0000/03c0/0240/0240/03c0/0000/0000/0000/0000/0000/0000;y2=0000/0000/0000/0000/0000/0000/03c0/0240/0240/03c0/0000/0000/0000/0000/0000/0000;y3=0000/0000/0000/0000/0000/0000/03c0/0240/0240/03c0/0000/0000/0000/0000/0000/0000;y4=0000/0000/0000/0000/0000/0000/03c0/0240/0240/03c0/0000/0000/0000/0000/0000/0000;y5=0000/0000/0000/0000/0000/0000/03c0/0240/0240/03c0/0000/0000/0000/0000/0000/0000;y6=0180/0180/0180/0180/0180/0180/03c0/ffc0/ffc0/03c0/0180/0180/0180/0180/0180/0180;y7=0180/0180/0180/0180/0180/0180/03c0/ffc0/ffc0/03c0/0180/0180/0180/0180/0180/0180;y8=0180/0180/0180/0180/0180/0180/03c0/ffc0/ffc0/03c0/0180/0180/0180/0180/0180/0180;y9=0000/0000/0000/0000/0000/0000/03c0/0240/0240/03c0/0000/0000/0000/0000/0000/0000;y10=0000/0000/0000/0000/0000/0000/03c0/0240/0240/03c0/0000/0000/0000/0000/0000/0000;y11=0000/0000/0000/0000/0000/0000/03c0/0240/0240/03c0/0000/0000/0000/0000/0000/0000;y12=0180/0180/0180/0180/0180/0180/03c0/ffc0/ffc0/03c0/0180/0180/0180/0180/0180/0180;y13=0180/0180/0180/0180/0180/0180/03c0/ffc0/ffc0/03c0/0180/0180/0180/0180/0180/0180;y14=0180/0180/0180/0180/0180/0180/03c0/ffc0/ffc0/03c0/0180/0180/0180/0180/0180/0180;y15=0000/0000/0000/0000/0000/0000/03c0/03c0/03c0/03c0/0000/0000/0000/0000/0000/0000
[03Aug2026 00:57:46.085] [Photonic Chunk Compiler #0/INFO] [Photonics/]: Photonics voxel diagnostic: state=Block{minecraft:spruce_fence}[east=true,north=true,south=false,waterlogged=false,west=true] vertexHash=80dd6e8a7c69c920 complete=true samples=898 alphaZero=0 alphaPartial=0 alphaOpaque=898 rgbMean=[112.8,83.1,47.4] rgbRange=[85-136,58-101,31-58] voxels=440 aabb=[0,0,0]-[15,15,9] parts=[( 0.000E+0  0.000E+0  0.000E+0)]
[03Aug2026 00:57:46.086] [Photonic Chunk Compiler #0/INFO] [Photonics/]: Photonics voxel occupancy: state=Block{minecraft:spruce_fence}[east=true,north=true,south=false,waterlogged=false,west=true] part=( 0.000E+0  0.000E+0  0.000E+0) slices=y0=0000/0000/0000/0000/0000/0000/03c0/03c0/03c0/03c0/0000/0000/0000/0000/0000/0000;y1=0000/0000/0000/0000/0000/0000/03c0/0240/0240/03c0/0000/0000/0000/0000/0000/0000;y2=0000/0000/0000/0000/0000/0000/03c0/0240/0240/03c0/0000/0000/0000/0000/0000/0000;y3=0000/0000/0000/0000/0000/0000/03c0/0240/0240/03c0/0000/0000/0000/0000/0000/0000;y4=0000/0000/0000/0000/0000/0000/03c0/0240/0240/03c0/0000/0000/0000/0000/0000/0000;y5=0000/0000/0000/0000/0000/0000/03c0/0240/0240/03c0/0000/0000/0000/0000/0000/0000;y6=0180/0180/0180/0180/0180/0180/03c0/ffff/ffff/03c0/0000/0000/0000/0000/0000/0000;y7=0180/0180/0180/0180/0180/0180/03c0/ffff/ffff/03c0/0000/0000/0000/0000/0000/0000;y8=0180/0180/0180/0180/0180/0180/03c0/ffff/ffff/03c0/0000/0000/0000/0000/0000/0000;y9=0000/0000/0000/0000/0000/0000/03c0/0240/0240/03c0/0000/0000/0000/0000/0000/0000;y10=0000/0000/0000/0000/0000/0000/03c0/0240/0240/03c0/0000/0000/0000/0000/0000/0000;y11=0000/0000/0000/0000/0000/0000/03c0/0240/0240/03c0/0000/0000/0000/0000/0000/0000;y12=0180/0180/0180/0180/0180/0180/03c0/ffff/ffff/03c0/0000/0000/0000/0000/0000/0000;y13=0180/0180/0180/0180/0180/0180/03c0/ffff/ffff/03c0/0000/0000/0000/0000/0000/0000;y14=0180/0180/0180/0180/0180/0180/03c0/ffff/ffff/03c0/0000/0000/0000/0000/0000/0000;y15=0000/0000/0000/0000/0000/0000/03c0/03c0/03c0/03c0/0000/0000/0000/0000/0000/0000
[03Aug2026 00:57:46.091] [Render thread/INFO] [Photonics/]: Photonics light list pending: 0 -> 18
[03Aug2026 00:57:46.109] [Photonics Light List Compiler/INFO] [Photonics/]: Photonics light candidates v18: eligible=82, selected=82, maxLights=4000, lightSections=6, capped=false
[03Aug2026 00:57:46.109] [Photonics Light List Compiler/INFO] [Photonics/]: Photonics light-list publication v88: coalescedBatches=39, peakPendingSections=1633, remainingSections=707, deferredMs=251.765
[03Aug2026 00:57:46.193] [Render thread/INFO] [Photonics/]: Photonics light list pending: 18 -> 82
[03Aug2026 00:57:46.452] [Photonics Light List Compiler/INFO] [Photonics/]: Photonics light candidates v18: eligible=112, selected=112, maxLights=4000, lightSections=8, capped=false
[03Aug2026 00:57:46.452] [Photonics Light List Compiler/INFO] [Photonics/]: Photonics light-list publication v88: coalescedBatches=3, peakPendingSections=1024, remainingSections=813, deferredMs=250.658
[03Aug2026 00:57:46.460] [Render thread/INFO] [Photonics/]: Photonics light list pending: 82 -> 112
[03Aug2026 00:57:46.724] [Photonics Light List Compiler/INFO] [Photonics/]: Photonics light candidates v18: eligible=148, selected=148, maxLights=4000, lightSections=9, capped=false
[03Aug2026 00:57:46.724] [Photonics Light List Compiler/INFO] [Photonics/]: Photonics light-list publication v88: coalescedBatches=9, peakPendingSections=752, remainingSections=368, deferredMs=250.431
[03Aug2026 00:57:46.789] [Render thread/INFO] [Photonics/]: Photonics light list pending: 112 -> 148
[03Aug2026 00:57:46.845] [Render thread/INFO] [Photonics/]: Photonics world tracing v72: revision=10, settled=false, compiledSections=391, trackedSections=1648, batchBuilt=48, batchUnloaded=0, pendingBuilds=54, pendingUnloads=0, ready=true, depth=6, blockBounds=( 6.400E+1  1.280E+2  9.600E+1)..( 3.040E+2  2.080E+2  3.680E+2), treeBounds=( 0.000E+0  0.000E+0  0.000E+0)..( 1.024E+3  1.024E+3  1.024E+3), origin=(-7.680E+2 -1.920E+2  2.560E+2), boundsSource=compiled, compileMs=50.114
[03Aug2026 00:57:46.978] [Photonics Light List Compiler/INFO] [Photonics/]: Photonics light candidates v18: eligible=157, selected=157, maxLights=4000, lightSections=10, capped=false
[03Aug2026 00:57:46.978] [Photonics Light List Compiler/INFO] [Photonics/]: Photonics light-list publication v88: coalescedBatches=14, peakPendingSections=386, remainingSections=0, deferredMs=245.363
[03Aug2026 00:57:46.980] [Render thread/INFO] [Photonics/]: Photonics light list pending: 148 -> 157
[03Aug2026 00:57:47.629] [Photonic Chunk Compiler #1/INFO] [Photonics/]: Photonics voxel diagnostic: state=Block{minecraft:spruce_fence}[east=false,north=false,south=true,waterlogged=false,west=false] vertexHash=184329f72e02a080 complete=true samples=490 alphaZero=0 alphaPartial=0 alphaOpaque=490 rgbMean=[113.0,83.2,47.5] rgbRange=[85-136,58-101,31-58] voxels=296 aabb=[6,0,6]-[9,15,15] parts=[( 0.000E+0  0.000E+0  0.000E+0)]
[03Aug2026 00:57:47.630] [Photonic Chunk Compiler #1/INFO] [Photonics/]: Photonics voxel occupancy: state=Block{minecraft:spruce_fence}[east=false,north=false,south=true,waterlogged=false,west=false] part=( 0.000E+0  0.000E+0  0.000E+0) slices=y0=0000/0000/0000/0000/0000/0000/03c0/03c0/03c0/03c0/0000/0000/0000/0000/0000/0000;y1=0000/0000/0000/0000/0000/0000/03c0/0240/0240/03c0/0000/0000/0000/0000/0000/0000;y2=0000/0000/0000/0000/0000/0000/03c0/0240/0240/03c0/0000/0000/0000/0000/0000/0000;y3=0000/0000/0000/0000/0000/0000/03c0/0240/0240/03c0/0000/0000/0000/0000/0000/0000;y4=0000/0000/0000/0000/0000/0000/03c0/0240/0240/03c0/0000/0000/0000/0000/0000/0000;y5=0000/0000/0000/0000/0000/0000/03c0/0240/0240/03c0/0000/0000/0000/0000/0000/0000;y6=0000/0000/0000/0000/0000/0000/03c0/03c0/03c0/03c0/0180/0180/0180/0180/0180/0180;y7=0000/0000/0000/0000/0000/0000/03c0/03c0/03c0/03c0/0180/0180/0180/0180/0180/0180;y8=0000/0000/0000/0000/0000/0000/03c0/03c0/03c0/03c0/0180/0180/0180/0180/0180/0180;y9=0000/0000/0000/0000/0000/0000/03c0/0240/0240/03c0/0000/0000/0000/0000/0000/0000;y10=0000/0000/0000/0000/0000/0000/03c0/0240/0240/03c0/0000/0000/0000/0000/0000/0000;y11=0000/0000/0000/0000/0000/0000/03c0/0240/0240/03c0/0000/0000/0000/0000/0000/0000;y12=0000/0000/0000/0000/0000/0000/03c0/03c0/03c0/03c0/0180/0180/0180/0180/0180/0180;y13=0000/0000/0000/0000/0000/0000/03c0/03c0/03c0/03c0/0180/0180/0180/0180/0180/0180;y14=0000/0000/0000/0000/0000/0000/03c0/03c0/03c0/03c0/0180/0180/0180/0180/0180/0180;y15=0000/0000/0000/0000/0000/0000/03c0/03c0/03c0/03c0/0000/0000/0000/0000/0000/0000
[03Aug2026 00:57:47.630] [Photonic Chunk Compiler #1/INFO] [Photonics/]: Photonics voxel diagnostic: state=Block{minecraft:spruce_fence}[east=false,north=true,south=true,waterlogged=false,west=false] vertexHash=c75123b3e03074d0 complete=true samples=688 alphaZero=0 alphaPartial=0 alphaOpaque=688 rgbMean=[113.0,83.3,47.6] rgbRange=[85-136,58-101,31-58] voxels=368 aabb=[6,0,0]-[9,15,15] parts=[( 0.000E+0  0.000E+0  0.000E+0)]
[03Aug2026 00:57:47.630] [Photonic Chunk Compiler #1/INFO] [Photonics/]: Photonics voxel occupancy: state=Block{minecraft:spruce_fence}[east=false,north=true,south=true,waterlogged=false,west=false] part=( 0.000E+0  0.000E+0  0.000E+0) slices=y0=0000/0000/0000/0000/0000/0000/03c0/03c0/03c0/03c0/0000/0000/0000/0000/0000/0000;y1=0000/0000/0000/0000/0000/0000/03c0/0240/0240/03c0/0000/0000/0000/0000/0000/0000;y2=0000/0000/0000/0000/0000/0000/03c0/0240/0240/03c0/0000/0000/0000/0000/0000/0000;y3=0000/0000/0000/0000/0000/0000/03c0/0240/0240/03c0/0000/0000/0000/0000/0000/0000;y4=0000/0000/0000/0000/0000/0000/03c0/0240/0240/03c0/0000/0000/0000/0000/0000/0000;y5=0000/0000/0000/0000/0000/0000/03c0/0240/0240/03c0/0000/0000/0000/0000/0000/0000;y6=0180/0180/0180/0180/0180/0180/03c0/03c0/03c0/03c0/0180/0180/0180/0180/0180/0180;y7=0180/0180/0180/0180/0180/0180/03c0/03c0/03c0/03c0/0180/0180/0180/0180/0180/0180;y8=0180/0180/0180/0180/0180/0180/03c0/03c0/03c0/03c0/0180/0180/0180/0180/0180/0180;y9=0000/0000/0000/0000/0000/0000/03c0/0240/0240/03c0/0000/0000/0000/0000/0000/0000;y10=0000/0000/0000/0000/0000/0000/03c0/0240/0240/03c0/0000/0000/0000/0000/0000/0000;y11=0000/0000/0000/0000/0000/0000/03c0/0240/0240/03c0/0000/0000/0000/0000/0000/0000;y12=0180/0180/0180/0180/0180/0180/03c0/03c0/03c0/03c0/0180/0180/0180/0180/0180/0180;y13=0180/0180/0180/0180/0180/0180/03c0/03c0/03c0/03c0/0180/0180/0180/0180/0180/0180;y14=0180/0180/0180/0180/0180/0180/03c0/03c0/03c0/03c0/0180/0180/0180/0180/0180/0180;y15=0000/0000/0000/0000/0000/0000/03c0/03c0/03c0/03c0/0000/0000/0000/0000/0000/0000
[03Aug2026 00:57:47.630] [Photonic Chunk Compiler #1/INFO] [Photonics/]: Photonics voxel diagnostic: state=Block{minecraft:spruce_fence}[east=false,north=true,south=false,waterlogged=false,west=false] vertexHash=fdedfc553ff4a080 complete=true samples=490 alphaZero=0 alphaPartial=0 alphaOpaque=490 rgbMean=[113.7,83.8,47.9] rgbRange=[85-136,58-101,31-58] voxels=296 aabb=[6,0,0]-[9,15,9] parts=[( 0.000E+0  0.000E+0  0.000E+0)]
[03Aug2026 00:57:47.630] [Photonic Chunk Compiler #1/INFO] [Photonics/]: Photonics voxel occupancy: state=Block{minecraft:spruce_fence}[east=false,north=true,south=false,waterlogged=false,west=false] part=( 0.000E+0  0.000E+0  0.000E+0) slices=y0=0000/0000/0000/0000/0000/0000/03c0/03c0/03c0/03c0/0000/0000/0000/0000/0000/0000;y1=0000/0000/0000/0000/0000/0000/03c0/0240/0240/03c0/0000/0000/0000/0000/0000/0000;y2=0000/0000/0000/0000/0000/0000/03c0/0240/0240/03c0/0000/0000/0000/0000/0000/0000;y3=0000/0000/0000/0000/0000/0000/03c0/0240/0240/03c0/0000/0000/0000/0000/0000/0000;y4=0000/0000/0000/0000/0000/0000/03c0/0240/0240/03c0/0000/0000/0000/0000/0000/0000;y5=0000/0000/0000/0000/0000/0000/03c0/0240/0240/03c0/0000/0000/0000/0000/0000/0000;y6=0180/0180/0180/0180/0180/0180/03c0/03c0/03c0/03c0/0000/0000/0000/0000/0000/0000;y7=0180/0180/0180/0180/0180/0180/03c0/03c0/03c0/03c0/0000/0000/0000/0000/0000/0000;y8=0180/0180/0180/0180/0180/0180/03c0/03c0/03c0/03c0/0000/0000/0000/0000/0000/0000;y9=0000/0000/0000/0000/0000/0000/03c0/0240/0240/03c0/0000/0000/0000/0000/0000/0000;y10=0000/0000/0000/0000/0000/0000/03c0/0240/0240/03c0/0000/0000/0000/0000/0000/0000;y11=0000/0000/0000/0000/0000/0000/03c0/0240/0240/03c0/0000/0000/0000/0000/0000/0000;y12=0180/0180/0180/0180/0180/0180/03c0/03c0/03c0/03c0/0000/0000/0000/0000/0000/0000;y13=0180/0180/0180/0180/0180/0180/03c0/03c0/03c0/03c0/0000/0000/0000/0000/0000/0000;y14=0180/0180/0180/0180/0180/0180/03c0/03c0/03c0/03c0/0000/0000/0000/0000/0000/0000;y15=0000/0000/0000/0000/0000/0000/03c0/03c0/03c0/03c0/0000/0000/0000/0000/0000/0000
[03Aug2026 00:57:47.912] [Render thread/INFO] [Photonics/]: Photonics world tracing v72: revision=24, settled=false, compiledSections=1060, trackedSections=1648, batchBuilt=48, batchUnloaded=0, pendingBuilds=96, pendingUnloads=0, ready=true, depth=6, blockBounds=( 3.200E+1  1.280E+2  8.000E+1)..( 3.360E+2  2.080E+2  3.840E+2), treeBounds=( 0.000E+0  0.000E+0  0.000E+0)..( 1.024E+3  1.024E+3  1.024E+3), origin=(-7.680E+2 -1.920E+2  2.560E+2), boundsSource=compiled, compileMs=68.031
[03Aug2026 00:57:48.915] [Render thread/INFO] [Photonics/]: Photonics world tracing v72: revision=35, settled=false, compiledSections=1588, trackedSections=1648, batchBuilt=48, batchUnloaded=0, pendingBuilds=60, pendingUnloads=0, ready=true, depth=6, blockBounds=( 3.200E+1  1.280E+2  8.000E+1)..( 3.360E+2  2.080E+2  3.840E+2), treeBounds=( 0.000E+0  0.000E+0  0.000E+0)..( 1.024E+3  1.024E+3  1.024E+3), origin=(-7.680E+2 -1.920E+2  2.560E+2), boundsSource=compiled, compileMs=82.068
[03Aug2026 00:57:50.235] [Render thread/INFO] [Photonics/]: Photonics pass timing v73: group=frag data, passes=[frag data], viewport=912x450, megapixels=0.410, cpuInvocations=203, cpuSubmitAvgMs=0.089, cpuSubmitMaxMs=8.465, gpuSamples=51, gpuAvgMs=0.026, gpuMaxMs=0.027, gpuAvgMsPerMP=0.063
[03Aug2026 00:57:50.235] [Render thread/INFO] [Photonics/]: Photonics frame throughput v78: viewport=912x450, windowSeconds=5.011, renderedFrames=203, fps=40.507, frameAvgMs=24.687
[03Aug2026 00:57:50.251] [Render thread/INFO] [Photonics/]: Photonics pass timing v73: group=frag data gi, passes=[frag data gi], viewport=608x300, megapixels=0.182, cpuInvocations=204, cpuSubmitAvgMs=0.021, cpuSubmitMaxMs=0.260, gpuSamples=51, gpuAvgMs=0.016, gpuMaxMs=0.017, gpuAvgMsPerMP=0.086
[03Aug2026 00:57:50.301] [Render thread/INFO] [Photonics/]: Photonics pass timing v73: group=restir direct, passes=[initial direct + visibility], viewport=912x450, megapixels=0.410, cpuInvocations=207, cpuSubmitAvgMs=0.024, cpuSubmitMaxMs=0.390, gpuSamples=52, gpuAvgMs=0.076, gpuMaxMs=0.078, gpuAvgMsPerMP=0.184
[03Aug2026 00:57:50.336] [Render thread/INFO] [Photonics/]: Photonics pass timing v73: group=restir direct spatial, passes=[spatial reuse/clamp], viewport=912x450, megapixels=0.410, cpuInvocations=209, cpuSubmitAvgMs=0.009, cpuSubmitMaxMs=0.049, gpuSamples=52, gpuAvgMs=0.018, gpuMaxMs=0.033, gpuAvgMsPerMP=0.044
[03Aug2026 00:57:50.352] [Render thread/INFO] [Photonics/]: Photonics pass timing v73: group=restir direct diffuse, passes=[diffuse], viewport=912x450, megapixels=0.410, cpuInvocations=210, cpuSubmitAvgMs=0.016, cpuSubmitMaxMs=0.054, gpuSamples=53, gpuAvgMs=0.216, gpuMaxMs=0.242, gpuAvgMsPerMP=0.527
[03Aug2026 00:57:50.368] [Render thread/INFO] [Photonics/]: Photonics pass timing v73: group=restir direct accumulation, passes=[accumulation], viewport=912x450, megapixels=0.410, cpuInvocations=211, cpuSubmitAvgMs=0.017, cpuSubmitMaxMs=0.055, gpuSamples=53, gpuAvgMs=0.145, gpuMaxMs=0.206, gpuAvgMsPerMP=0.354
[03Aug2026 00:57:50.385] [Render thread/INFO] [Photonics/]: Photonics pass timing v73: group=svgf direct variance, passes=[variance prefilter], viewport=912x450, megapixels=0.410, cpuInvocations=212, cpuSubmitAvgMs=0.025, cpuSubmitMaxMs=2.718, gpuSamples=53, gpuAvgMs=0.171, gpuMaxMs=0.240, gpuAvgMsPerMP=0.416
[03Aug2026 00:57:50.401] [Render thread/INFO] [Photonics/]: Photonics pass timing v73: group=svgf direct atrous, passes=[atrous iteration], viewport=912x450, megapixels=0.410, cpuInvocations=1061, cpuSubmitAvgMs=0.004, cpuSubmitMaxMs=0.032, gpuSamples=265, gpuAvgMs=0.093, gpuMaxMs=0.166, gpuAvgMsPerMP=0.226
[03Aug2026 00:57:50.418] [Render thread/INFO] [Photonics/]: Photonics pass timing v73: group=restir gi initial, passes=[initial indirect], viewport=608x300, megapixels=0.182, cpuInvocations=214, cpuSubmitAvgMs=0.012, cpuSubmitMaxMs=0.306, gpuSamples=54, gpuAvgMs=0.096, gpuMaxMs=0.123, gpuAvgMsPerMP=0.525
[03Aug2026 00:57:50.435] [Render thread/INFO] [Photonics/]: Photonics pass timing v73: group=restir gi temporal, passes=[temporal reuse + tri-state classification], viewport=608x300, megapixels=0.182, cpuInvocations=215, cpuSubmitAvgMs=0.011, cpuSubmitMaxMs=0.031, gpuSamples=54, gpuAvgMs=0.031, gpuMaxMs=0.047, gpuAvgMsPerMP=0.171
[03Aug2026 00:57:50.451] [Render thread/INFO] [Photonics/]: Photonics pass timing v73: group=restir gi spatial, passes=[spatial reuse/clamp + tri-state classification], viewport=608x300, megapixels=0.182, cpuInvocations=216, cpuSubmitAvgMs=0.008, cpuSubmitMaxMs=0.024, gpuSamples=54, gpuAvgMs=0.013, gpuMaxMs=0.014, gpuAvgMsPerMP=0.072
[03Aug2026 00:57:50.452] [Render thread/INFO] [Photonics/]: Photonics pass timing v73: group=restir gi diffuse, passes=[diffuse], viewport=608x300, megapixels=0.182, cpuInvocations=216, cpuSubmitAvgMs=0.006, cpuSubmitMaxMs=0.033, gpuSamples=54, gpuAvgMs=0.015, gpuMaxMs=0.020, gpuAvgMsPerMP=0.083
[03Aug2026 00:57:50.467] [Render thread/INFO] [Photonics/]: Photonics pass timing v73: group=restir gi accumulation, passes=[accumulation], viewport=608x300, megapixels=0.182, cpuInvocations=217, cpuSubmitAvgMs=0.006, cpuSubmitMaxMs=0.015, gpuSamples=54, gpuAvgMs=0.027, gpuMaxMs=0.028, gpuAvgMsPerMP=0.149
[03Aug2026 00:57:50.488] [Render thread/INFO] [Photonics/]: Photonics pass timing v73: group=svgf gi variance, passes=[variance prefilter], viewport=608x300, megapixels=0.182, cpuInvocations=218, cpuSubmitAvgMs=0.008, cpuSubmitMaxMs=0.180, gpuSamples=55, gpuAvgMs=0.028, gpuMaxMs=0.029, gpuAvgMsPerMP=0.151
[03Aug2026 00:57:50.488] [Render thread/INFO] [Photonics/]: Photonics pass timing v73: group=svgf gi atrous, passes=[atrous iteration], viewport=608x300, megapixels=0.182, cpuInvocations=652, cpuSubmitAvgMs=0.004, cpuSubmitMaxMs=0.048, gpuSamples=163, gpuAvgMs=0.032, gpuMaxMs=0.060, gpuAvgMsPerMP=0.177
[03Aug2026 00:57:50.489] [Render thread/INFO] [Photonics/]: Photonics pass timing v73: group=restir source/history diagnostic, passes=[compose diagnostic panels], viewport=912x450, megapixels=0.410, cpuInvocations=218, cpuSubmitAvgMs=0.006, cpuSubmitMaxMs=0.067, gpuSamples=55, gpuAvgMs=0.011, gpuMaxMs=0.012, gpuAvgMsPerMP=0.028
[03Aug2026 00:57:51.049] [Render thread/INFO] [Photonics/]: Photonics world tracing v72: revision=37, settled=true, compiledSections=1648, trackedSections=1648, batchBuilt=12, batchUnloaded=0, pendingBuilds=0, pendingUnloads=0, ready=true, depth=6, blockBounds=( 3.200E+1  1.280E+2  8.000E+1)..( 3.360E+2  2.080E+2  3.840E+2), treeBounds=( 0.000E+0  0.000E+0  0.000E+0)..( 1.024E+3  1.024E+3  1.024E+3), origin=(-7.680E+2 -1.920E+2  2.560E+2), boundsSource=compiled, compileMs=49.244
[03Aug2026 00:57:51.050] [Render thread/INFO] [Photonics/]: Photonics memory v72: jvmHeap={usedBytes=2399127648, committedBytes=3917479936, maxBytes=8589934592}, jvmGc={collections=172, timeMs=1844}, worldHeap=GpuBufferHeapStats[capacityBytes=536870912, reservedBytes=111810068, liveBytes=111807860, peakLiveBytes=111807860, reusableBytes=2208, allocations=90124, reusedAllocations=101, frees=107, failedAllocations=0], paletteHeap=GpuBufferHeapStats[capacityBytes=201326592, reservedBytes=72480, liveBytes=72480, peakLiveBytes=72480, reusableBytes=0, allocations=755, reusedAllocations=0, frees=0, failedAllocations=0], registries={lights=Stats[cachedObjects=1, pendingFreeObjects=0, allocatedObjects=1, failedAllocations=0], palettes=Stats[cachedObjects=755, pendingFreeObjects=0, allocatedObjects=755, failedAllocations=0], blocks=Stats[cachedObjects=1213, pendingFreeObjects=0, allocatedObjects=1213, failedAllocations=0], models=Stats[cachedObjects=30, pendingFreeObjects=0, allocatedObjects=30, failedAllocations=0]}
[03Aug2026 00:57:54.888] [Render thread/INFO] [Photonics/]: Photonics direct reservoir sample v64: samples=120, populated=77, emptyOrBackground=7, visibilityRejected=35, invalid=1, overLegacyCap=0, overTemporalCap=0, totalSamplesRange=32.0..32.0, viewport=912x450
[03Aug2026 00:57:55.237] [Render thread/INFO] [Photonics/]: Photonics pass timing v73: group=frag data, passes=[frag data], viewport=912x450, megapixels=0.410, cpuInvocations=297, cpuSubmitAvgMs=0.039, cpuSubmitMaxMs=0.078, gpuSamples=74, gpuAvgMs=0.027, gpuMaxMs=0.061, gpuAvgMsPerMP=0.066
[03Aug2026 00:57:55.237] [Render thread/INFO] [Photonics/]: Photonics frame throughput v78: viewport=912x450, windowSeconds=5.002, renderedFrames=297, fps=59.375, frameAvgMs=16.842
[03Aug2026 00:57:55.253] [Render thread/INFO] [Photonics/]: Photonics pass timing v73: group=frag data gi, passes=[frag data gi], viewport=608x300, megapixels=0.182, cpuInvocations=297, cpuSubmitAvgMs=0.017, cpuSubmitMaxMs=0.047, gpuSamples=74, gpuAvgMs=0.016, gpuMaxMs=0.017, gpuAvgMsPerMP=0.088
[03Aug2026 00:57:55.303] [Render thread/INFO] [Photonics/]: Photonics pass timing v73: group=restir direct, passes=[initial direct + visibility], viewport=912x450, megapixels=0.410, cpuInvocations=297, cpuSubmitAvgMs=0.019, cpuSubmitMaxMs=0.045, gpuSamples=74, gpuAvgMs=0.076, gpuMaxMs=0.078, gpuAvgMsPerMP=0.186
[03Aug2026 00:57:55.339] [Render thread/INFO] [Photonics/]: Photonics pass timing v73: group=restir direct spatial, passes=[spatial reuse/clamp], viewport=912x450, megapixels=0.410, cpuInvocations=297, cpuSubmitAvgMs=0.008, cpuSubmitMaxMs=0.023, gpuSamples=75, gpuAvgMs=0.017, gpuMaxMs=0.018, gpuAvgMsPerMP=0.043
[03Aug2026 00:57:55.354] [Render thread/INFO] [Photonics/]: Photonics pass timing v73: group=restir direct diffuse, passes=[diffuse], viewport=912x450, megapixels=0.410, cpuInvocations=297, cpuSubmitAvgMs=0.014, cpuSubmitMaxMs=0.040, gpuSamples=74, gpuAvgMs=0.220, gpuMaxMs=0.250, gpuAvgMsPerMP=0.537
[03Aug2026 00:57:55.370] [Render thread/INFO] [Photonics/]: Photonics pass timing v73: group=restir direct accumulation, passes=[accumulation], viewport=912x450, megapixels=0.410, cpuInvocations=297, cpuSubmitAvgMs=0.015, cpuSubmitMaxMs=0.050, gpuSamples=74, gpuAvgMs=0.144, gpuMaxMs=0.147, gpuAvgMsPerMP=0.352
[03Aug2026 00:57:55.388] [Render thread/INFO] [Photonics/]: Photonics pass timing v73: group=svgf direct variance, passes=[variance prefilter], viewport=912x450, megapixels=0.410, cpuInvocations=297, cpuSubmitAvgMs=0.011, cpuSubmitMaxMs=0.044, gpuSamples=74, gpuAvgMs=0.175, gpuMaxMs=0.245, gpuAvgMsPerMP=0.427
[03Aug2026 00:57:55.404] [Render thread/INFO] [Photonics/]: Photonics pass timing v73: group=svgf direct atrous, passes=[atrous iteration], viewport=912x450, megapixels=0.410, cpuInvocations=1485, cpuSubmitAvgMs=0.003, cpuSubmitMaxMs=0.022, gpuSamples=372, gpuAvgMs=0.094, gpuMaxMs=0.169, gpuAvgMsPerMP=0.228
[03Aug2026 00:57:55.419] [Render thread/INFO] [Photonics/]: Photonics pass timing v73: group=restir gi initial, passes=[initial indirect], viewport=608x300, megapixels=0.182, cpuInvocations=297, cpuSubmitAvgMs=0.009, cpuSubmitMaxMs=0.021, gpuSamples=74, gpuAvgMs=0.096, gpuMaxMs=0.113, gpuAvgMsPerMP=0.528
[03Aug2026 00:57:55.436] [Render thread/INFO] [Photonics/]: Photonics pass timing v73: group=restir gi temporal, passes=[temporal reuse + tri-state classification], viewport=608x300, megapixels=0.182, cpuInvocations=297, cpuSubmitAvgMs=0.010, cpuSubmitMaxMs=0.022, gpuSamples=74, gpuAvgMs=0.033, gpuMaxMs=0.079, gpuAvgMsPerMP=0.179
[03Aug2026 00:57:55.453] [Render thread/INFO] [Photonics/]: Photonics pass timing v73: group=restir gi spatial, passes=[spatial reuse/clamp + tri-state classification], viewport=608x300, megapixels=0.182, cpuInvocations=297, cpuSubmitAvgMs=0.007, cpuSubmitMaxMs=0.021, gpuSamples=74, gpuAvgMs=0.013, gpuMaxMs=0.041, gpuAvgMsPerMP=0.074
[03Aug2026 00:57:55.453] [Render thread/INFO] [Photonics/]: Photonics pass timing v73: group=restir gi diffuse, passes=[diffuse], viewport=608x300, megapixels=0.182, cpuInvocations=297, cpuSubmitAvgMs=0.005, cpuSubmitMaxMs=0.014, gpuSamples=74, gpuAvgMs=0.016, gpuMaxMs=0.041, gpuAvgMsPerMP=0.085
[03Aug2026 00:57:55.470] [Render thread/INFO] [Photonics/]: Photonics pass timing v73: group=restir gi accumulation, passes=[accumulation], viewport=608x300, megapixels=0.182, cpuInvocations=297, cpuSubmitAvgMs=0.006, cpuSubmitMaxMs=0.013, gpuSamples=75, gpuAvgMs=0.028, gpuMaxMs=0.075, gpuAvgMsPerMP=0.154
[03Aug2026 00:57:55.503] [Render thread/INFO] [Photonics/]: Photonics pass timing v73: group=svgf gi variance, passes=[variance prefilter], viewport=608x300, megapixels=0.182, cpuInvocations=298, cpuSubmitAvgMs=0.007, cpuSubmitMaxMs=0.024, gpuSamples=74, gpuAvgMs=0.028, gpuMaxMs=0.028, gpuAvgMsPerMP=0.152
[03Aug2026 00:57:55.503] [Render thread/INFO] [Photonics/]: Photonics pass timing v73: group=svgf gi atrous, passes=[atrous iteration], viewport=608x300, megapixels=0.182, cpuInvocations=894, cpuSubmitAvgMs=0.004, cpuSubmitMaxMs=0.018, gpuSamples=224, gpuAvgMs=0.032, gpuMaxMs=0.055, gpuAvgMsPerMP=0.176
[03Aug2026 00:57:55.503] [Render thread/INFO] [Photonics/]: Photonics pass timing v73: group=restir source/history diagnostic, passes=[compose diagnostic panels], viewport=912x450, megapixels=0.410, cpuInvocations=298, cpuSubmitAvgMs=0.004, cpuSubmitMaxMs=0.012, gpuSamples=74, gpuAvgMs=0.012, gpuMaxMs=0.020, gpuAvgMsPerMP=0.028
[03Aug2026 00:57:57.811] [Photonics Light List Compiler/INFO] [Photonics/]: Photonics light-list publication v88: coalescedBatches=3, peakPendingSections=128, remainingSections=0, deferredMs=41.499
[03Aug2026 00:57:57.854] [Render thread/INFO] [Photonics/]: Photonics world tracing v72: revision=38, settled=false, compiledSections=1557, trackedSections=1647, batchBuilt=4, batchUnloaded=95, pendingBuilds=48, pendingUnloads=0, ready=true, depth=6, blockBounds=( 3.200E+1  1.280E+2  3.200E+1)..( 3.360E+2  2.080E+2  3.360E+2), treeBounds=( 0.000E+0  0.000E+0  0.000E+0)..( 1.024E+3  1.024E+3  1.024E+3), origin=(-7.680E+2 -1.920E+2  3.200E+2), boundsSource=compiled, compileMs=92.288
[03Aug2026 00:58:00.022] [Render thread/INFO] [Photonics/]: Photonics world tracing v72: revision=40, settled=true, compiledSections=1647, trackedSections=1647, batchBuilt=42, batchUnloaded=0, pendingBuilds=0, pendingUnloads=0, ready=true, depth=6, blockBounds=( 3.200E+1  1.280E+2  3.200E+1)..( 3.360E+2  2.080E+2  3.360E+2), treeBounds=( 0.000E+0  0.000E+0  0.000E+0)..( 1.024E+3  1.024E+3  1.024E+3), origin=(-7.680E+2 -1.920E+2  3.200E+2), boundsSource=compiled, compileMs=78.558
[03Aug2026 00:58:00.022] [Render thread/INFO] [Photonics/]: Photonics memory v72: jvmHeap={usedBytes=3289309424, committedBytes=3917479936, maxBytes=8589934592}, jvmGc={collections=173, timeMs=1858}, worldHeap=GpuBufferHeapStats[capacityBytes=536870912, reservedBytes=111810932, liveBytes=111807604, peakLiveBytes=111807860, reusableBytes=3328, allocations=95202, reusedAllocations=5173, frees=5181, failedAllocations=0], paletteHeap=GpuBufferHeapStats[capacityBytes=201326592, reservedBytes=72480, liveBytes=72480, peakLiveBytes=72480, reusableBytes=0, allocations=755, reusedAllocations=0, frees=0, failedAllocations=0], registries={lights=Stats[cachedObjects=1, pendingFreeObjects=0, allocatedObjects=1, failedAllocations=0], palettes=Stats[cachedObjects=755, pendingFreeObjects=0, allocatedObjects=755, failedAllocations=0], blocks=Stats[cachedObjects=1213, pendingFreeObjects=0, allocatedObjects=1213, failedAllocations=0], models=Stats[cachedObjects=30, pendingFreeObjects=0, allocatedObjects=30, failedAllocations=0]}
[03Aug2026 00:58:00.242] [Render thread/INFO] [Photonics/]: Photonics pass timing v73: group=frag data, passes=[frag data], viewport=912x450, megapixels=0.410, cpuInvocations=299, cpuSubmitAvgMs=0.039, cpuSubmitMaxMs=0.092, gpuSamples=75, gpuAvgMs=0.026, gpuMaxMs=0.027, gpuAvgMsPerMP=0.064
[03Aug2026 00:58:00.242] [Render thread/INFO] [Photonics/]: Photonics frame throughput v78: viewport=912x450, windowSeconds=5.005, renderedFrames=299, fps=59.744, frameAvgMs=16.738
[03Aug2026 00:58:00.257] [Render thread/INFO] [Photonics/]: Photonics pass timing v73: group=frag data gi, passes=[frag data gi], viewport=608x300, megapixels=0.182, cpuInvocations=299, cpuSubmitAvgMs=0.017, cpuSubmitMaxMs=0.050, gpuSamples=75, gpuAvgMs=0.016, gpuMaxMs=0.016, gpuAvgMsPerMP=0.086
[03Aug2026 00:58:00.307] [Render thread/INFO] [Photonics/]: Photonics pass timing v73: group=restir direct, passes=[initial direct + visibility], viewport=912x450, megapixels=0.410, cpuInvocations=299, cpuSubmitAvgMs=0.019, cpuSubmitMaxMs=0.051, gpuSamples=75, gpuAvgMs=0.077, gpuMaxMs=0.086, gpuAvgMsPerMP=0.188
[03Aug2026 00:58:00.343] [Render thread/INFO] [Photonics/]: Photonics pass timing v73: group=restir direct spatial, passes=[spatial reuse/clamp], viewport=912x450, megapixels=0.410, cpuInvocations=299, cpuSubmitAvgMs=0.008, cpuSubmitMaxMs=0.040, gpuSamples=74, gpuAvgMs=0.018, gpuMaxMs=0.044, gpuAvgMsPerMP=0.043
[03Aug2026 00:58:00.358] [Render thread/INFO] [Photonics/]: Photonics pass timing v73: group=restir direct diffuse, passes=[diffuse], viewport=912x450, megapixels=0.410, cpuInvocations=299, cpuSubmitAvgMs=0.014, cpuSubmitMaxMs=0.031, gpuSamples=75, gpuAvgMs=0.217, gpuMaxMs=0.259, gpuAvgMsPerMP=0.528
[03Aug2026 00:58:00.374] [Render thread/INFO] [Photonics/]: Photonics pass timing v73: group=restir direct accumulation, passes=[accumulation], viewport=912x450, megapixels=0.410, cpuInvocations=299, cpuSubmitAvgMs=0.016, cpuSubmitMaxMs=0.047, gpuSamples=75, gpuAvgMs=0.146, gpuMaxMs=0.194, gpuAvgMsPerMP=0.355
[03Aug2026 00:58:00.392] [Render thread/INFO] [Photonics/]: Photonics pass timing v73: group=svgf direct variance, passes=[variance prefilter], viewport=912x450, megapixels=0.410, cpuInvocations=299, cpuSubmitAvgMs=0.012, cpuSubmitMaxMs=0.044, gpuSamples=75, gpuAvgMs=0.180, gpuMaxMs=0.231, gpuAvgMsPerMP=0.440
[03Aug2026 00:58:00.407] [Render thread/INFO] [Photonics/]: Photonics pass timing v73: group=svgf direct atrous, passes=[atrous iteration], viewport=912x450, megapixels=0.410, cpuInvocations=1495, cpuSubmitAvgMs=0.004, cpuSubmitMaxMs=0.160, gpuSamples=373, gpuAvgMs=0.094, gpuMaxMs=0.145, gpuAvgMsPerMP=0.229
[03Aug2026 00:58:00.424] [Render thread/INFO] [Photonics/]: Photonics pass timing v73: group=restir gi initial, passes=[initial indirect], viewport=608x300, megapixels=0.182, cpuInvocations=299, cpuSubmitAvgMs=0.010, cpuSubmitMaxMs=0.021, gpuSamples=75, gpuAvgMs=0.097, gpuMaxMs=0.119, gpuAvgMsPerMP=0.530
[03Aug2026 00:58:00.442] [Render thread/INFO] [Photonics/]: Photonics pass timing v73: group=restir gi temporal, passes=[temporal reuse + tri-state classification], viewport=608x300, megapixels=0.182, cpuInvocations=299, cpuSubmitAvgMs=0.010, cpuSubmitMaxMs=0.025, gpuSamples=75, gpuAvgMs=0.030, gpuMaxMs=0.033, gpuAvgMsPerMP=0.166
[03Aug2026 00:58:00.457] [Render thread/INFO] [Photonics/]: Photonics pass timing v73: group=restir gi spatial, passes=[spatial reuse/clamp + tri-state classification], viewport=608x300, megapixels=0.182, cpuInvocations=299, cpuSubmitAvgMs=0.007, cpuSubmitMaxMs=0.028, gpuSamples=75, gpuAvgMs=0.013, gpuMaxMs=0.014, gpuAvgMsPerMP=0.072
[03Aug2026 00:58:00.457] [Render thread/INFO] [Photonics/]: Photonics pass timing v73: group=restir gi diffuse, passes=[diffuse], viewport=608x300, megapixels=0.182, cpuInvocations=299, cpuSubmitAvgMs=0.005, cpuSubmitMaxMs=0.017, gpuSamples=75, gpuAvgMs=0.015, gpuMaxMs=0.016, gpuAvgMsPerMP=0.082
[03Aug2026 00:58:00.474] [Render thread/INFO] [Photonics/]: Photonics pass timing v73: group=restir gi accumulation, passes=[accumulation], viewport=608x300, megapixels=0.182, cpuInvocations=299, cpuSubmitAvgMs=0.006, cpuSubmitMaxMs=0.016, gpuSamples=74, gpuAvgMs=0.027, gpuMaxMs=0.028, gpuAvgMsPerMP=0.150
[03Aug2026 00:58:00.507] [Render thread/INFO] [Photonics/]: Photonics pass timing v73: group=svgf gi variance, passes=[variance prefilter], viewport=608x300, megapixels=0.182, cpuInvocations=299, cpuSubmitAvgMs=0.007, cpuSubmitMaxMs=0.023, gpuSamples=75, gpuAvgMs=0.028, gpuMaxMs=0.028, gpuAvgMsPerMP=0.152
[03Aug2026 00:58:00.508] [Render thread/INFO] [Photonics/]: Photonics pass timing v73: group=svgf gi atrous, passes=[atrous iteration], viewport=608x300, megapixels=0.182, cpuInvocations=897, cpuSubmitAvgMs=0.004, cpuSubmitMaxMs=0.048, gpuSamples=224, gpuAvgMs=0.032, gpuMaxMs=0.057, gpuAvgMsPerMP=0.175
[03Aug2026 00:58:00.508] [Render thread/INFO] [Photonics/]: Photonics pass timing v73: group=restir source/history diagnostic, passes=[compose diagnostic panels], viewport=912x450, megapixels=0.410, cpuInvocations=299, cpuSubmitAvgMs=0.005, cpuSubmitMaxMs=0.021, gpuSamples=75, gpuAvgMs=0.012, gpuMaxMs=0.013, gpuAvgMsPerMP=0.029
[03Aug2026 00:58:02.923] [Render thread/INFO] [Photonics/]: Photonics direct reservoir sample v64: samples=120, populated=85, emptyOrBackground=2, visibilityRejected=33, invalid=0, overLegacyCap=0, overTemporalCap=0, totalSamplesRange=32.0..32.0, viewport=912x450
[03Aug2026 00:58:05.243] [Render thread/INFO] [Photonics/]: Photonics pass timing v73: group=frag data, passes=[frag data], viewport=912x450, megapixels=0.410, cpuInvocations=299, cpuSubmitAvgMs=0.036, cpuSubmitMaxMs=0.085, gpuSamples=75, gpuAvgMs=0.027, gpuMaxMs=0.053, gpuAvgMsPerMP=0.065
[03Aug2026 00:58:05.243] [Render thread/INFO] [Photonics/]: Photonics frame throughput v78: viewport=912x450, windowSeconds=5.001, renderedFrames=299, fps=59.789, frameAvgMs=16.726
[03Aug2026 00:58:05.258] [Render thread/INFO] [Photonics/]: Photonics pass timing v73: group=frag data gi, passes=[frag data gi], viewport=608x300, megapixels=0.182, cpuInvocations=299, cpuSubmitAvgMs=0.017, cpuSubmitMaxMs=0.058, gpuSamples=75, gpuAvgMs=0.016, gpuMaxMs=0.046, gpuAvgMsPerMP=0.087
[03Aug2026 00:58:05.309] [Render thread/INFO] [Photonics/]: Photonics pass timing v73: group=restir direct, passes=[initial direct + visibility], viewport=912x450, megapixels=0.410, cpuInvocations=299, cpuSubmitAvgMs=0.018, cpuSubmitMaxMs=0.059, gpuSamples=75, gpuAvgMs=0.077, gpuMaxMs=0.078, gpuAvgMsPerMP=0.188
[03Aug2026 00:58:05.343] [Render thread/INFO] [Photonics/]: Photonics pass timing v73: group=restir direct spatial, passes=[spatial reuse/clamp], viewport=912x450, megapixels=0.410, cpuInvocations=299, cpuSubmitAvgMs=0.008, cpuSubmitMaxMs=0.020, gpuSamples=75, gpuAvgMs=0.017, gpuMaxMs=0.025, gpuAvgMsPerMP=0.042
[03Aug2026 00:58:05.359] [Render thread/INFO] [Photonics/]: Photonics pass timing v73: group=restir direct diffuse, passes=[diffuse], viewport=912x450, megapixels=0.410, cpuInvocations=299, cpuSubmitAvgMs=0.013, cpuSubmitMaxMs=0.037, gpuSamples=74, gpuAvgMs=0.228, gpuMaxMs=0.278, gpuAvgMsPerMP=0.555
[03Aug2026 00:58:05.376] [Render thread/INFO] [Photonics/]: Photonics pass timing v73: group=restir direct accumulation, passes=[accumulation], viewport=912x450, megapixels=0.410, cpuInvocations=299, cpuSubmitAvgMs=0.016, cpuSubmitMaxMs=0.105, gpuSamples=75, gpuAvgMs=0.145, gpuMaxMs=0.196, gpuAvgMsPerMP=0.354
[03Aug2026 00:58:05.393] [Render thread/INFO] [Photonics/]: Photonics pass timing v73: group=svgf direct variance, passes=[variance prefilter], viewport=912x450, megapixels=0.410, cpuInvocations=299, cpuSubmitAvgMs=0.012, cpuSubmitMaxMs=0.213, gpuSamples=75, gpuAvgMs=0.176, gpuMaxMs=0.226, gpuAvgMsPerMP=0.429
[03Aug2026 00:58:05.408] [Render thread/INFO] [Photonics/]: Photonics pass timing v73: group=svgf direct atrous, passes=[atrous iteration], viewport=912x450, megapixels=0.410, cpuInvocations=1495, cpuSubmitAvgMs=0.003, cpuSubmitMaxMs=0.159, gpuSamples=374, gpuAvgMs=0.093, gpuMaxMs=0.151, gpuAvgMsPerMP=0.228
[03Aug2026 00:58:05.425] [Render thread/INFO] [Photonics/]: Photonics pass timing v73: group=restir gi initial, passes=[initial indirect], viewport=608x300, megapixels=0.182, cpuInvocations=299, cpuSubmitAvgMs=0.010, cpuSubmitMaxMs=0.064, gpuSamples=74, gpuAvgMs=0.092, gpuMaxMs=0.123, gpuAvgMsPerMP=0.503
[03Aug2026 00:58:05.443] [Render thread/INFO] [Photonics/]: Photonics pass timing v73: group=restir gi temporal, passes=[temporal reuse + tri-state classification], viewport=608x300, megapixels=0.182, cpuInvocations=299, cpuSubmitAvgMs=0.011, cpuSubmitMaxMs=0.103, gpuSamples=75, gpuAvgMs=0.031, gpuMaxMs=0.062, gpuAvgMsPerMP=0.172
[03Aug2026 00:58:05.458] [Render thread/INFO] [Photonics/]: Photonics pass timing v73: group=restir gi spatial, passes=[spatial reuse/clamp + tri-state classification], viewport=608x300, megapixels=0.182, cpuInvocations=299, cpuSubmitAvgMs=0.008, cpuSubmitMaxMs=0.025, gpuSamples=75, gpuAvgMs=0.013, gpuMaxMs=0.014, gpuAvgMsPerMP=0.072
[03Aug2026 00:58:05.458] [Render thread/INFO] [Photonics/]: Photonics pass timing v73: group=restir gi diffuse, passes=[diffuse], viewport=608x300, megapixels=0.182, cpuInvocations=299, cpuSubmitAvgMs=0.005, cpuSubmitMaxMs=0.023, gpuSamples=75, gpuAvgMs=0.015, gpuMaxMs=0.016, gpuAvgMsPerMP=0.082
[03Aug2026 00:58:05.475] [Render thread/INFO] [Photonics/]: Photonics pass timing v73: group=restir gi accumulation, passes=[accumulation], viewport=608x300, megapixels=0.182, cpuInvocations=299, cpuSubmitAvgMs=0.006, cpuSubmitMaxMs=0.016, gpuSamples=75, gpuAvgMs=0.028, gpuMaxMs=0.073, gpuAvgMsPerMP=0.152
[03Aug2026 00:58:05.509] [Render thread/INFO] [Photonics/]: Photonics pass timing v73: group=svgf gi variance, passes=[variance prefilter], viewport=608x300, megapixels=0.182, cpuInvocations=299, cpuSubmitAvgMs=0.007, cpuSubmitMaxMs=0.026, gpuSamples=75, gpuAvgMs=0.028, gpuMaxMs=0.029, gpuAvgMsPerMP=0.152
[03Aug2026 00:58:05.509] [Render thread/INFO] [Photonics/]: Photonics pass timing v73: group=svgf gi atrous, passes=[atrous iteration], viewport=608x300, megapixels=0.182, cpuInvocations=897, cpuSubmitAvgMs=0.004, cpuSubmitMaxMs=0.021, gpuSamples=224, gpuAvgMs=0.032, gpuMaxMs=0.037, gpuAvgMsPerMP=0.175
[03Aug2026 00:58:05.509] [Render thread/INFO] [Photonics/]: Photonics pass timing v73: group=restir source/history diagnostic, passes=[compose diagnostic panels], viewport=912x450, megapixels=0.410, cpuInvocations=299, cpuSubmitAvgMs=0.005, cpuSubmitMaxMs=0.047, gpuSamples=75, gpuAvgMs=0.013, gpuMaxMs=0.013, gpuAvgMsPerMP=0.030
[03Aug2026 00:58:10.246] [Render thread/INFO] [Photonics/]: Photonics pass timing v73: group=frag data, passes=[frag data], viewport=912x450, megapixels=0.410, cpuInvocations=300, cpuSubmitAvgMs=0.041, cpuSubmitMaxMs=0.136, gpuSamples=75, gpuAvgMs=0.027, gpuMaxMs=0.059, gpuAvgMsPerMP=0.066
[03Aug2026 00:58:10.246] [Render thread/INFO] [Photonics/]: Photonics frame throughput v78: viewport=912x450, windowSeconds=5.004, renderedFrames=300, fps=59.958, frameAvgMs=16.678
[03Aug2026 00:58:10.263] [Render thread/INFO] [Photonics/]: Photonics pass timing v73: group=frag data gi, passes=[frag data gi], viewport=608x300, megapixels=0.182, cpuInvocations=300, cpuSubmitAvgMs=0.019, cpuSubmitMaxMs=0.072, gpuSamples=75, gpuAvgMs=0.016, gpuMaxMs=0.042, gpuAvgMsPerMP=0.086
[03Aug2026 00:58:10.313] [Render thread/INFO] [Photonics/]: Photonics pass timing v73: group=restir direct, passes=[initial direct + visibility], viewport=912x450, megapixels=0.410, cpuInvocations=300, cpuSubmitAvgMs=0.020, cpuSubmitMaxMs=0.081, gpuSamples=75, gpuAvgMs=0.079, gpuMaxMs=0.087, gpuAvgMsPerMP=0.192
[03Aug2026 00:58:10.346] [Render thread/INFO] [Photonics/]: Photonics pass timing v73: group=restir direct spatial, passes=[spatial reuse/clamp], viewport=912x450, megapixels=0.410, cpuInvocations=300, cpuSubmitAvgMs=0.009, cpuSubmitMaxMs=0.058, gpuSamples=75, gpuAvgMs=0.017, gpuMaxMs=0.018, gpuAvgMsPerMP=0.041
[03Aug2026 00:58:10.364] [Render thread/INFO] [Photonics/]: Photonics pass timing v73: group=restir direct diffuse, passes=[diffuse], viewport=912x450, megapixels=0.410, cpuInvocations=300, cpuSubmitAvgMs=0.015, cpuSubmitMaxMs=0.044, gpuSamples=75, gpuAvgMs=0.214, gpuMaxMs=0.253, gpuAvgMsPerMP=0.521
[03Aug2026 00:58:10.382] [Render thread/INFO] [Photonics/]: Photonics pass timing v73: group=restir direct accumulation, passes=[accumulation], viewport=912x450, megapixels=0.410, cpuInvocations=300, cpuSubmitAvgMs=0.017, cpuSubmitMaxMs=0.050, gpuSamples=75, gpuAvgMs=0.145, gpuMaxMs=0.197, gpuAvgMsPerMP=0.354
[03Aug2026 00:58:10.397] [Render thread/INFO] [Photonics/]: Photonics pass timing v73: group=svgf direct variance, passes=[variance prefilter], viewport=912x450, megapixels=0.410, cpuInvocations=300, cpuSubmitAvgMs=0.013, cpuSubmitMaxMs=0.051, gpuSamples=75, gpuAvgMs=0.172, gpuMaxMs=0.226, gpuAvgMsPerMP=0.419
[03Aug2026 00:58:10.413] [Render thread/INFO] [Photonics/]: Photonics pass timing v73: group=svgf direct atrous, passes=[atrous iteration], viewport=912x450, megapixels=0.410, cpuInvocations=1500, cpuSubmitAvgMs=0.004, cpuSubmitMaxMs=0.023, gpuSamples=375, gpuAvgMs=0.091, gpuMaxMs=0.148, gpuAvgMsPerMP=0.222
[03Aug2026 00:58:10.431] [Render thread/INFO] [Photonics/]: Photonics pass timing v73: group=restir gi initial, passes=[initial indirect], viewport=608x300, megapixels=0.182, cpuInvocations=300, cpuSubmitAvgMs=0.011, cpuSubmitMaxMs=0.040, gpuSamples=75, gpuAvgMs=0.097, gpuMaxMs=0.117, gpuAvgMsPerMP=0.531
[03Aug2026 00:58:10.447] [Render thread/INFO] [Photonics/]: Photonics pass timing v73: group=restir gi temporal, passes=[temporal reuse + tri-state classification], viewport=608x300, megapixels=0.182, cpuInvocations=300, cpuSubmitAvgMs=0.012, cpuSubmitMaxMs=0.043, gpuSamples=75, gpuAvgMs=0.031, gpuMaxMs=0.048, gpuAvgMsPerMP=0.170
[03Aug2026 00:58:10.463] [Render thread/INFO] [Photonics/]: Photonics pass timing v73: group=restir gi spatial, passes=[spatial reuse/clamp + tri-state classification], viewport=608x300, megapixels=0.182, cpuInvocations=300, cpuSubmitAvgMs=0.009, cpuSubmitMaxMs=0.039, gpuSamples=75, gpuAvgMs=0.013, gpuMaxMs=0.014, gpuAvgMsPerMP=0.071
[03Aug2026 00:58:10.463] [Render thread/INFO] [Photonics/]: Photonics pass timing v73: group=restir gi diffuse, passes=[diffuse], viewport=608x300, megapixels=0.182, cpuInvocations=300, cpuSubmitAvgMs=0.006, cpuSubmitMaxMs=0.023, gpuSamples=75, gpuAvgMs=0.015, gpuMaxMs=0.016, gpuAvgMsPerMP=0.082
[03Aug2026 00:58:10.482] [Render thread/INFO] [Photonics/]: Photonics pass timing v73: group=restir gi accumulation, passes=[accumulation], viewport=608x300, megapixels=0.182, cpuInvocations=300, cpuSubmitAvgMs=0.006, cpuSubmitMaxMs=0.021, gpuSamples=75, gpuAvgMs=0.027, gpuMaxMs=0.028, gpuAvgMsPerMP=0.147
[03Aug2026 00:58:10.514] [Render thread/INFO] [Photonics/]: Photonics pass timing v73: group=svgf gi variance, passes=[variance prefilter], viewport=608x300, megapixels=0.182, cpuInvocations=300, cpuSubmitAvgMs=0.008, cpuSubmitMaxMs=0.030, gpuSamples=75, gpuAvgMs=0.028, gpuMaxMs=0.028, gpuAvgMsPerMP=0.151
[03Aug2026 00:58:10.514] [Render thread/INFO] [Photonics/]: Photonics pass timing v73: group=svgf gi atrous, passes=[atrous iteration], viewport=608x300, megapixels=0.182, cpuInvocations=900, cpuSubmitAvgMs=0.004, cpuSubmitMaxMs=0.018, gpuSamples=225, gpuAvgMs=0.032, gpuMaxMs=0.036, gpuAvgMsPerMP=0.174
[03Aug2026 00:58:10.514] [Render thread/INFO] [Photonics/]: Photonics pass timing v73: group=restir source/history diagnostic, passes=[compose diagnostic panels], viewport=912x450, megapixels=0.410, cpuInvocations=300, cpuSubmitAvgMs=0.006, cpuSubmitMaxMs=0.172, gpuSamples=75, gpuAvgMs=0.012, gpuMaxMs=0.013, gpuAvgMsPerMP=0.030
[03Aug2026 00:58:10.930] [Render thread/INFO] [Photonics/]: Photonics direct reservoir sample v64: samples=120, populated=73, emptyOrBackground=2, visibilityRejected=45, invalid=0, overLegacyCap=0, overTemporalCap=0, totalSamplesRange=32.0..32.0, viewport=912x450
[03Aug2026 00:58:15.248] [Render thread/INFO] [Photonics/]: Photonics pass timing v73: group=frag data, passes=[frag data], viewport=912x450, megapixels=0.410, cpuInvocations=299, cpuSubmitAvgMs=0.029, cpuSubmitMaxMs=0.120, gpuSamples=74, gpuAvgMs=0.026, gpuMaxMs=0.062, gpuAvgMsPerMP=0.064
[03Aug2026 00:58:15.248] [Render thread/INFO] [Photonics/]: Photonics frame throughput v78: viewport=912x450, windowSeconds=5.002, renderedFrames=299, fps=59.777, frameAvgMs=16.729
[03Aug2026 00:58:15.264] [Render thread/INFO] [Photonics/]: Photonics pass timing v73: group=frag data gi, passes=[frag data gi], viewport=608x300, megapixels=0.182, cpuInvocations=299, cpuSubmitAvgMs=0.014, cpuSubmitMaxMs=0.039, gpuSamples=75, gpuAvgMs=0.015, gpuMaxMs=0.042, gpuAvgMsPerMP=0.085
[03Aug2026 00:58:15.314] [Render thread/INFO] [Photonics/]: Photonics pass timing v73: group=restir direct, passes=[initial direct + visibility], viewport=912x450, megapixels=0.410, cpuInvocations=299, cpuSubmitAvgMs=0.013, cpuSubmitMaxMs=0.048, gpuSamples=74, gpuAvgMs=0.078, gpuMaxMs=0.080, gpuAvgMsPerMP=0.191
[03Aug2026 00:58:15.350] [Render thread/INFO] [Photonics/]: Photonics pass timing v73: group=restir direct spatial, passes=[spatial reuse/clamp], viewport=912x450, megapixels=0.410, cpuInvocations=299, cpuSubmitAvgMs=0.006, cpuSubmitMaxMs=0.037, gpuSamples=75, gpuAvgMs=0.017, gpuMaxMs=0.021, gpuAvgMsPerMP=0.041
[03Aug2026 00:58:15.366] [Render thread/INFO] [Photonics/]: Photonics pass timing v73: group=restir direct diffuse, passes=[diffuse], viewport=912x450, megapixels=0.410, cpuInvocations=299, cpuSubmitAvgMs=0.010, cpuSubmitMaxMs=0.040, gpuSamples=75, gpuAvgMs=0.204, gpuMaxMs=0.243, gpuAvgMsPerMP=0.497
[03Aug2026 00:58:15.381] [Render thread/INFO] [Photonics/]: Photonics world tracing v72: revision=41, settled=false, compiledSections=1647, trackedSections=1647, batchBuilt=1, batchUnloaded=0, pendingBuilds=0, pendingUnloads=0, ready=true, depth=6, blockBounds=( 3.200E+1  1.280E+2  3.200E+1)..( 3.360E+2  2.080E+2  3.360E+2), treeBounds=( 0.000E+0  0.000E+0  0.000E+0)..( 1.024E+3  1.024E+3  1.024E+3), origin=(-7.680E+2 -1.920E+2  3.200E+2), boundsSource=compiled, compileMs=33.272
[03Aug2026 00:58:15.383] [Render thread/INFO] [Photonics/]: Photonics pass timing v73: group=restir direct accumulation, passes=[accumulation], viewport=912x450, megapixels=0.410, cpuInvocations=299, cpuSubmitAvgMs=0.012, cpuSubmitMaxMs=0.073, gpuSamples=74, gpuAvgMs=0.143, gpuMaxMs=0.190, gpuAvgMsPerMP=0.348
[03Aug2026 00:58:15.398] [Render thread/INFO] [Photonics/]: Photonics pass timing v73: group=svgf direct variance, passes=[variance prefilter], viewport=912x450, megapixels=0.410, cpuInvocations=299, cpuSubmitAvgMs=0.008, cpuSubmitMaxMs=0.047, gpuSamples=75, gpuAvgMs=0.172, gpuMaxMs=0.225, gpuAvgMsPerMP=0.419
[03Aug2026 00:58:15.414] [Render thread/INFO] [Photonics/]: Photonics pass timing v73: group=svgf direct atrous, passes=[atrous iteration], viewport=912x450, megapixels=0.410, cpuInvocations=1495, cpuSubmitAvgMs=0.003, cpuSubmitMaxMs=0.017, gpuSamples=374, gpuAvgMs=0.092, gpuMaxMs=0.147, gpuAvgMsPerMP=0.224
[03Aug2026 00:58:15.432] [Render thread/INFO] [Photonics/]: Photonics pass timing v73: group=restir gi initial, passes=[initial indirect], viewport=608x300, megapixels=0.182, cpuInvocations=299, cpuSubmitAvgMs=0.007, cpuSubmitMaxMs=0.020, gpuSamples=75, gpuAvgMs=0.090, gpuMaxMs=0.109, gpuAvgMsPerMP=0.491
[03Aug2026 00:58:15.447] [Render thread/INFO] [Photonics/]: Photonics pass timing v73: group=restir gi temporal, passes=[temporal reuse + tri-state classification], viewport=608x300, megapixels=0.182, cpuInvocations=299, cpuSubmitAvgMs=0.007, cpuSubmitMaxMs=0.029, gpuSamples=74, gpuAvgMs=0.031, gpuMaxMs=0.055, gpuAvgMsPerMP=0.169
[03Aug2026 00:58:15.464] [Render thread/INFO] [Photonics/]: Photonics pass timing v73: group=restir gi spatial, passes=[spatial reuse/clamp + tri-state classification], viewport=608x300, megapixels=0.182, cpuInvocations=299, cpuSubmitAvgMs=0.005, cpuSubmitMaxMs=0.019, gpuSamples=75, gpuAvgMs=0.013, gpuMaxMs=0.014, gpuAvgMsPerMP=0.071
[03Aug2026 00:58:15.464] [Render thread/INFO] [Photonics/]: Photonics pass timing v73: group=restir gi diffuse, passes=[diffuse], viewport=608x300, megapixels=0.182, cpuInvocations=299, cpuSubmitAvgMs=0.004, cpuSubmitMaxMs=0.013, gpuSamples=75, gpuAvgMs=0.015, gpuMaxMs=0.016, gpuAvgMsPerMP=0.082
[03Aug2026 00:58:15.482] [Render thread/INFO] [Photonics/]: Photonics pass timing v73: group=restir gi accumulation, passes=[accumulation], viewport=608x300, megapixels=0.182, cpuInvocations=299, cpuSubmitAvgMs=0.004, cpuSubmitMaxMs=0.012, gpuSamples=75, gpuAvgMs=0.027, gpuMaxMs=0.028, gpuAvgMsPerMP=0.149
[03Aug2026 00:58:15.514] [Render thread/INFO] [Photonics/]: Photonics pass timing v73: group=svgf gi variance, passes=[variance prefilter], viewport=608x300, megapixels=0.182, cpuInvocations=299, cpuSubmitAvgMs=0.005, cpuSubmitMaxMs=0.039, gpuSamples=74, gpuAvgMs=0.028, gpuMaxMs=0.028, gpuAvgMsPerMP=0.152
[03Aug2026 00:58:15.514] [Render thread/INFO] [Photonics/]: Photonics pass timing v73: group=svgf gi atrous, passes=[atrous iteration], viewport=608x300, megapixels=0.182, cpuInvocations=897, cpuSubmitAvgMs=0.003, cpuSubmitMaxMs=0.016, gpuSamples=224, gpuAvgMs=0.032, gpuMaxMs=0.036, gpuAvgMsPerMP=0.175
[03Aug2026 00:58:15.514] [Render thread/INFO] [Photonics/]: Photonics pass timing v73: group=restir source/history diagnostic, passes=[compose diagnostic panels], viewport=912x450, megapixels=0.410, cpuInvocations=299, cpuSubmitAvgMs=0.003, cpuSubmitMaxMs=0.012, gpuSamples=74, gpuAvgMs=0.012, gpuMaxMs=0.013, gpuAvgMsPerMP=0.030
[03Aug2026 00:58:17.382] [Render thread/INFO] [Photonics/]: Photonics world tracing v72: revision=41, settled=true, compiledSections=1647, trackedSections=1647, batchBuilt=1, batchUnloaded=0, pendingBuilds=0, pendingUnloads=0, ready=true, depth=6, blockBounds=( 3.200E+1  1.280E+2  3.200E+1)..( 3.360E+2  2.080E+2  3.360E+2), treeBounds=( 0.000E+0  0.000E+0  0.000E+0)..( 1.024E+3  1.024E+3  1.024E+3), origin=(-7.680E+2 -1.920E+2  3.200E+2), boundsSource=compiled, compileMs=33.272
[03Aug2026 00:58:17.382] [Render thread/INFO] [Photonics/]: Photonics memory v72: jvmHeap={usedBytes=2997807960, committedBytes=3917479936, maxBytes=8589934592}, jvmGc={collections=177, timeMs=1879}, worldHeap=GpuBufferHeapStats[capacityBytes=536870912, reservedBytes=111810932, liveBytes=111807604, peakLiveBytes=111807860, reusableBytes=3328, allocations=95202, reusedAllocations=5173, frees=5181, failedAllocations=0], paletteHeap=GpuBufferHeapStats[capacityBytes=201326592, reservedBytes=72480, liveBytes=72480, peakLiveBytes=72480, reusableBytes=0, allocations=755, reusedAllocations=0, frees=0, failedAllocations=0], registries={lights=Stats[cachedObjects=1, pendingFreeObjects=0, allocatedObjects=1, failedAllocations=0], palettes=Stats[cachedObjects=755, pendingFreeObjects=0, allocatedObjects=755, failedAllocations=0], blocks=Stats[cachedObjects=1213, pendingFreeObjects=0, allocatedObjects=1213, failedAllocations=0], models=Stats[cachedObjects=30, pendingFreeObjects=0, allocatedObjects=30, failedAllocations=0]}
[03Aug2026 00:58:18.950] [Render thread/INFO] [Photonics/]: Photonics direct reservoir sample v64: samples=120, populated=77, emptyOrBackground=6, visibilityRejected=37, invalid=0, overLegacyCap=0, overTemporalCap=0, totalSamplesRange=32.0..32.0, viewport=912x450
[03Aug2026 00:58:20.250] [Render thread/INFO] [Photonics/]: Photonics pass timing v73: group=frag data, passes=[frag data], viewport=912x450, megapixels=0.410, cpuInvocations=300, cpuSubmitAvgMs=0.026, cpuSubmitMaxMs=0.072, gpuSamples=75, gpuAvgMs=0.027, gpuMaxMs=0.060, gpuAvgMsPerMP=0.067
[03Aug2026 00:58:20.250] [Render thread/INFO] [Photonics/]: Photonics frame throughput v78: viewport=912x450, windowSeconds=5.002, renderedFrames=300, fps=59.981, frameAvgMs=16.672
[03Aug2026 00:58:20.267] [Render thread/INFO] [Photonics/]: Photonics pass timing v73: group=frag data gi, passes=[frag data gi], viewport=608x300, megapixels=0.182, cpuInvocations=300, cpuSubmitAvgMs=0.013, cpuSubmitMaxMs=0.033, gpuSamples=75, gpuAvgMs=0.016, gpuMaxMs=0.035, gpuAvgMsPerMP=0.086
[03Aug2026 00:58:20.317] [Render thread/INFO] [Photonics/]: Photonics pass timing v73: group=restir direct, passes=[initial direct + visibility], viewport=912x450, megapixels=0.410, cpuInvocations=300, cpuSubmitAvgMs=0.012, cpuSubmitMaxMs=0.032, gpuSamples=75, gpuAvgMs=0.078, gpuMaxMs=0.086, gpuAvgMsPerMP=0.190
[03Aug2026 00:58:20.351] [Render thread/INFO] [Photonics/]: Photonics pass timing v73: group=restir direct spatial, passes=[spatial reuse/clamp], viewport=912x450, megapixels=0.410, cpuInvocations=300, cpuSubmitAvgMs=0.006, cpuSubmitMaxMs=0.017, gpuSamples=75, gpuAvgMs=0.018, gpuMaxMs=0.051, gpuAvgMsPerMP=0.044
[03Aug2026 00:58:20.368] [Render thread/INFO] [Photonics/]: Photonics pass timing v73: group=restir direct diffuse, passes=[diffuse], viewport=912x450, megapixels=0.410, cpuInvocations=300, cpuSubmitAvgMs=0.009, cpuSubmitMaxMs=0.022, gpuSamples=75, gpuAvgMs=0.203, gpuMaxMs=0.244, gpuAvgMsPerMP=0.495
[03Aug2026 00:58:20.385] [Render thread/INFO] [Photonics/]: Photonics pass timing v73: group=restir direct accumulation, passes=[accumulation], viewport=912x450, megapixels=0.410, cpuInvocations=300, cpuSubmitAvgMs=0.010, cpuSubmitMaxMs=0.027, gpuSamples=75, gpuAvgMs=0.142, gpuMaxMs=0.185, gpuAvgMsPerMP=0.345
[03Aug2026 00:58:20.401] [Render thread/INFO] [Photonics/]: Photonics pass timing v73: group=svgf direct variance, passes=[variance prefilter], viewport=912x450, megapixels=0.410, cpuInvocations=300, cpuSubmitAvgMs=0.008, cpuSubmitMaxMs=0.085, gpuSamples=75, gpuAvgMs=0.174, gpuMaxMs=0.224, gpuAvgMsPerMP=0.424
[03Aug2026 00:58:20.417] [Render thread/INFO] [Photonics/]: Photonics pass timing v73: group=svgf direct atrous, passes=[atrous iteration], viewport=912x450, megapixels=0.410, cpuInvocations=1500, cpuSubmitAvgMs=0.003, cpuSubmitMaxMs=0.011, gpuSamples=375, gpuAvgMs=0.092, gpuMaxMs=0.148, gpuAvgMsPerMP=0.225
[03Aug2026 00:58:20.434] [Render thread/INFO] [Photonics/]: Photonics pass timing v73: group=restir gi initial, passes=[initial indirect], viewport=608x300, megapixels=0.182, cpuInvocations=300, cpuSubmitAvgMs=0.006, cpuSubmitMaxMs=0.013, gpuSamples=75, gpuAvgMs=0.099, gpuMaxMs=0.113, gpuAvgMsPerMP=0.544
[03Aug2026 00:58:20.450] [Render thread/INFO] [Photonics/]: Photonics pass timing v73: group=restir gi temporal, passes=[temporal reuse + tri-state classification], viewport=608x300, megapixels=0.182, cpuInvocations=300, cpuSubmitAvgMs=0.007, cpuSubmitMaxMs=0.019, gpuSamples=75, gpuAvgMs=0.031, gpuMaxMs=0.032, gpuAvgMsPerMP=0.170
[03Aug2026 00:58:20.467] [Render thread/INFO] [Photonics/]: Photonics pass timing v73: group=restir gi spatial, passes=[spatial reuse/clamp + tri-state classification], viewport=608x300, megapixels=0.182, cpuInvocations=300, cpuSubmitAvgMs=0.005, cpuSubmitMaxMs=0.016, gpuSamples=75, gpuAvgMs=0.013, gpuMaxMs=0.014, gpuAvgMsPerMP=0.071
[03Aug2026 00:58:20.467] [Render thread/INFO] [Photonics/]: Photonics pass timing v73: group=restir gi diffuse, passes=[diffuse], viewport=608x300, megapixels=0.182, cpuInvocations=300, cpuSubmitAvgMs=0.004, cpuSubmitMaxMs=0.017, gpuSamples=75, gpuAvgMs=0.015, gpuMaxMs=0.016, gpuAvgMsPerMP=0.082
[03Aug2026 00:58:20.484] [Render thread/INFO] [Photonics/]: Photonics pass timing v73: group=restir gi accumulation, passes=[accumulation], viewport=608x300, megapixels=0.182, cpuInvocations=300, cpuSubmitAvgMs=0.004, cpuSubmitMaxMs=0.021, gpuSamples=75, gpuAvgMs=0.027, gpuMaxMs=0.029, gpuAvgMsPerMP=0.149
[03Aug2026 00:58:20.517] [Render thread/INFO] [Photonics/]: Photonics pass timing v73: group=svgf gi variance, passes=[variance prefilter], viewport=608x300, megapixels=0.182, cpuInvocations=300, cpuSubmitAvgMs=0.005, cpuSubmitMaxMs=0.015, gpuSamples=75, gpuAvgMs=0.028, gpuMaxMs=0.029, gpuAvgMsPerMP=0.152
[03Aug2026 00:58:20.517] [Render thread/INFO] [Photonics/]: Photonics pass timing v73: group=svgf gi atrous, passes=[atrous iteration], viewport=608x300, megapixels=0.182, cpuInvocations=900, cpuSubmitAvgMs=0.002, cpuSubmitMaxMs=0.009, gpuSamples=225, gpuAvgMs=0.032, gpuMaxMs=0.036, gpuAvgMsPerMP=0.175
[03Aug2026 00:58:20.517] [Render thread/INFO] [Photonics/]: Photonics pass timing v73: group=restir source/history diagnostic, passes=[compose diagnostic panels], viewport=912x450, megapixels=0.410, cpuInvocations=300, cpuSubmitAvgMs=0.003, cpuSubmitMaxMs=0.009, gpuSamples=75, gpuAvgMs=0.011, gpuMaxMs=0.011, gpuAvgMsPerMP=0.027
[03Aug2026 00:58:25.252] [Render thread/INFO] [Photonics/]: Photonics pass timing v73: group=frag data, passes=[frag data], viewport=912x450, megapixels=0.410, cpuInvocations=300, cpuSubmitAvgMs=0.026, cpuSubmitMaxMs=0.074, gpuSamples=75, gpuAvgMs=0.027, gpuMaxMs=0.048, gpuAvgMsPerMP=0.065
[03Aug2026 00:58:25.252] [Render thread/INFO] [Photonics/]: Photonics frame throughput v78: viewport=912x450, windowSeconds=5.002, renderedFrames=300, fps=59.971, frameAvgMs=16.675
[03Aug2026 00:58:25.269] [Render thread/INFO] [Photonics/]: Photonics pass timing v73: group=frag data gi, passes=[frag data gi], viewport=608x300, megapixels=0.182, cpuInvocations=300, cpuSubmitAvgMs=0.013, cpuSubmitMaxMs=0.035, gpuSamples=75, gpuAvgMs=0.016, gpuMaxMs=0.039, gpuAvgMsPerMP=0.086
[03Aug2026 00:58:25.319] [Render thread/INFO] [Photonics/]: Photonics pass timing v73: group=restir direct, passes=[initial direct + visibility], viewport=912x450, megapixels=0.410, cpuInvocations=300, cpuSubmitAvgMs=0.011, cpuSubmitMaxMs=0.039, gpuSamples=75, gpuAvgMs=0.078, gpuMaxMs=0.080, gpuAvgMsPerMP=0.189
[03Aug2026 00:58:25.354] [Render thread/INFO] [Photonics/]: Photonics pass timing v73: group=restir direct spatial, passes=[spatial reuse/clamp], viewport=912x450, megapixels=0.410, cpuInvocations=300, cpuSubmitAvgMs=0.006, cpuSubmitMaxMs=0.014, gpuSamples=75, gpuAvgMs=0.018, gpuMaxMs=0.055, gpuAvgMsPerMP=0.045
[03Aug2026 00:58:25.371] [Render thread/INFO] [Photonics/]: Photonics pass timing v73: group=restir direct diffuse, passes=[diffuse], viewport=912x450, megapixels=0.410, cpuInvocations=300, cpuSubmitAvgMs=0.009, cpuSubmitMaxMs=0.027, gpuSamples=75, gpuAvgMs=0.198, gpuMaxMs=0.232, gpuAvgMsPerMP=0.483
[03Aug2026 00:58:25.388] [Render thread/INFO] [Photonics/]: Photonics pass timing v73: group=restir direct accumulation, passes=[accumulation], viewport=912x450, megapixels=0.410, cpuInvocations=300, cpuSubmitAvgMs=0.010, cpuSubmitMaxMs=0.027, gpuSamples=75, gpuAvgMs=0.142, gpuMaxMs=0.180, gpuAvgMsPerMP=0.345
[03Aug2026 00:58:25.404] [Render thread/INFO] [Photonics/]: Photonics pass timing v73: group=svgf direct variance, passes=[variance prefilter], viewport=912x450, megapixels=0.410, cpuInvocations=300, cpuSubmitAvgMs=0.007, cpuSubmitMaxMs=0.022, gpuSamples=75, gpuAvgMs=0.176, gpuMaxMs=0.225, gpuAvgMsPerMP=0.428
[03Aug2026 00:58:25.420] [Render thread/INFO] [Photonics/]: Photonics pass timing v73: group=svgf direct atrous, passes=[atrous iteration], viewport=912x450, megapixels=0.410, cpuInvocations=1500, cpuSubmitAvgMs=0.003, cpuSubmitMaxMs=0.038, gpuSamples=375, gpuAvgMs=0.092, gpuMaxMs=0.142, gpuAvgMsPerMP=0.224
[03Aug2026 00:58:25.437] [Render thread/INFO] [Photonics/]: Photonics pass timing v73: group=restir gi initial, passes=[initial indirect], viewport=608x300, megapixels=0.182, cpuInvocations=300, cpuSubmitAvgMs=0.006, cpuSubmitMaxMs=0.015, gpuSamples=75, gpuAvgMs=0.095, gpuMaxMs=0.110, gpuAvgMsPerMP=0.519
[03Aug2026 00:58:25.453] [Render thread/INFO] [Photonics/]: Photonics pass timing v73: group=restir gi temporal, passes=[temporal reuse + tri-state classification], viewport=608x300, megapixels=0.182, cpuInvocations=300, cpuSubmitAvgMs=0.007, cpuSubmitMaxMs=0.018, gpuSamples=75, gpuAvgMs=0.031, gpuMaxMs=0.032, gpuAvgMsPerMP=0.171
[03Aug2026 00:58:25.469] [Render thread/INFO] [Photonics/]: Photonics pass timing v73: group=restir gi spatial, passes=[spatial reuse/clamp + tri-state classification], viewport=608x300, megapixels=0.182, cpuInvocations=300, cpuSubmitAvgMs=0.005, cpuSubmitMaxMs=0.021, gpuSamples=75, gpuAvgMs=0.013, gpuMaxMs=0.014, gpuAvgMsPerMP=0.071
[03Aug2026 00:58:25.469] [Render thread/INFO] [Photonics/]: Photonics pass timing v73: group=restir gi diffuse, passes=[diffuse], viewport=608x300, megapixels=0.182, cpuInvocations=300, cpuSubmitAvgMs=0.004, cpuSubmitMaxMs=0.015, gpuSamples=75, gpuAvgMs=0.015, gpuMaxMs=0.016, gpuAvgMsPerMP=0.082
[03Aug2026 00:58:25.487] [Render thread/INFO] [Photonics/]: Photonics pass timing v73: group=restir gi accumulation, passes=[accumulation], viewport=608x300, megapixels=0.182, cpuInvocations=300, cpuSubmitAvgMs=0.004, cpuSubmitMaxMs=0.014, gpuSamples=75, gpuAvgMs=0.027, gpuMaxMs=0.029, gpuAvgMsPerMP=0.150
[03Aug2026 00:58:25.519] [Render thread/INFO] [Photonics/]: Photonics pass timing v73: group=svgf gi variance, passes=[variance prefilter], viewport=608x300, megapixels=0.182, cpuInvocations=300, cpuSubmitAvgMs=0.005, cpuSubmitMaxMs=0.015, gpuSamples=75, gpuAvgMs=0.028, gpuMaxMs=0.029, gpuAvgMsPerMP=0.152
[03Aug2026 00:58:25.519] [Render thread/INFO] [Photonics/]: Photonics pass timing v73: group=svgf gi atrous, passes=[atrous iteration], viewport=608x300, megapixels=0.182, cpuInvocations=900, cpuSubmitAvgMs=0.002, cpuSubmitMaxMs=0.012, gpuSamples=225, gpuAvgMs=0.032, gpuMaxMs=0.037, gpuAvgMsPerMP=0.175
[03Aug2026 00:58:25.519] [Render thread/INFO] [Photonics/]: Photonics pass timing v73: group=restir source/history diagnostic, passes=[compose diagnostic panels], viewport=912x450, megapixels=0.410, cpuInvocations=300, cpuSubmitAvgMs=0.003, cpuSubmitMaxMs=0.009, gpuSamples=75, gpuAvgMs=0.011, gpuMaxMs=0.011, gpuAvgMsPerMP=0.027
[03Aug2026 00:58:26.953] [Render thread/INFO] [Photonics/]: Photonics direct reservoir sample v64: samples=120, populated=93, emptyOrBackground=2, visibilityRejected=25, invalid=0, overLegacyCap=0, overTemporalCap=0, totalSamplesRange=32.0..32.0, viewport=912x450
[03Aug2026 00:58:29.187] [Render thread/INFO] [Photonics/]: Photonics world tracing v72: revision=42, settled=false, compiledSections=1647, trackedSections=1647, batchBuilt=1, batchUnloaded=0, pendingBuilds=0, pendingUnloads=0, ready=true, depth=6, blockBounds=( 3.200E+1  1.280E+2  3.200E+1)..( 3.360E+2  2.080E+2  3.360E+2), treeBounds=( 0.000E+0  0.000E+0  0.000E+0)..( 1.024E+3  1.024E+3  1.024E+3), origin=(-7.680E+2 -1.920E+2  3.200E+2), boundsSource=compiled, compileMs=28.496
[03Aug2026 00:58:29.485] [Server thread/INFO] [net.minecraft.client.server.IntegratedServer/]: Saving and pausing game...
[03Aug2026 00:58:29.489] [Server thread/INFO] [net.minecraft.server.MinecraftServer/]: Saving chunks for level 'ServerLevel[New World]'/minecraft:overworld
[03Aug2026 00:58:29.489] [Server thread/INFO] [dev.ryanhcode.sable.Sable/]: Saving sub-levels for level 'ServerLevel[New World]'/minecraft:overworld
[03Aug2026 00:58:29.491] [Server thread/INFO] [net.minecraft.server.MinecraftServer/]: Saving chunks for level 'ServerLevel[New World]'/minecraft:the_nether
[03Aug2026 00:58:29.491] [Server thread/INFO] [dev.ryanhcode.sable.Sable/]: Saving sub-levels for level 'ServerLevel[New World]'/minecraft:the_nether
[03Aug2026 00:58:29.491] [Server thread/INFO] [net.minecraft.server.MinecraftServer/]: Saving chunks for level 'ServerLevel[New World]'/minecraft:the_end
[03Aug2026 00:58:29.491] [Server thread/INFO] [dev.ryanhcode.sable.Sable/]: Saving sub-levels for level 'ServerLevel[New World]'/minecraft:the_end
[03Aug2026 00:58:30.254] [Render thread/INFO] [Photonics/]: Photonics pass timing v73: group=frag data, passes=[frag data], viewport=912x450, megapixels=0.410, cpuInvocations=300, cpuSubmitAvgMs=0.025, cpuSubmitMaxMs=0.066, gpuSamples=75, gpuAvgMs=0.027, gpuMaxMs=0.052, gpuAvgMsPerMP=0.065
[03Aug2026 00:58:30.254] [Render thread/INFO] [Photonics/]: Photonics frame throughput v78: viewport=912x450, windowSeconds=5.002, renderedFrames=300, fps=59.976, frameAvgMs=16.673
[03Aug2026 00:58:30.270] [Render thread/INFO] [Photonics/]: Photonics pass timing v73: group=frag data gi, passes=[frag data gi], viewport=608x300, megapixels=0.182, cpuInvocations=300, cpuSubmitAvgMs=0.012, cpuSubmitMaxMs=0.032, gpuSamples=75, gpuAvgMs=0.016, gpuMaxMs=0.046, gpuAvgMsPerMP=0.087
[03Aug2026 00:58:30.321] [Render thread/INFO] [Photonics/]: Photonics pass timing v73: group=restir direct, passes=[initial direct + visibility], viewport=912x450, megapixels=0.410, cpuInvocations=300, cpuSubmitAvgMs=0.011, cpuSubmitMaxMs=0.031, gpuSamples=75, gpuAvgMs=0.078, gpuMaxMs=0.086, gpuAvgMsPerMP=0.190
[03Aug2026 00:58:30.354] [Render thread/INFO] [Photonics/]: Photonics pass timing v73: group=restir direct spatial, passes=[spatial reuse/clamp], viewport=912x450, megapixels=0.410, cpuInvocations=300, cpuSubmitAvgMs=0.005, cpuSubmitMaxMs=0.014, gpuSamples=75, gpuAvgMs=0.018, gpuMaxMs=0.055, gpuAvgMsPerMP=0.044
[03Aug2026 00:58:30.372] [Render thread/INFO] [Photonics/]: Photonics pass timing v73: group=restir direct diffuse, passes=[diffuse], viewport=912x450, megapixels=0.410, cpuInvocations=300, cpuSubmitAvgMs=0.009, cpuSubmitMaxMs=0.019, gpuSamples=75, gpuAvgMs=0.197, gpuMaxMs=0.236, gpuAvgMsPerMP=0.480
[03Aug2026 00:58:30.388] [Render thread/INFO] [Photonics/]: Photonics pass timing v73: group=restir direct accumulation, passes=[accumulation], viewport=912x450, megapixels=0.410, cpuInvocations=300, cpuSubmitAvgMs=0.010, cpuSubmitMaxMs=0.024, gpuSamples=75, gpuAvgMs=0.141, gpuMaxMs=0.189, gpuAvgMsPerMP=0.344
[03Aug2026 00:58:30.405] [Render thread/INFO] [Photonics/]: Photonics pass timing v73: group=svgf direct variance, passes=[variance prefilter], viewport=912x450, megapixels=0.410, cpuInvocations=300, cpuSubmitAvgMs=0.007, cpuSubmitMaxMs=0.031, gpuSamples=75, gpuAvgMs=0.179, gpuMaxMs=0.224, gpuAvgMsPerMP=0.437
[03Aug2026 00:58:30.421] [Render thread/INFO] [Photonics/]: Photonics pass timing v73: group=svgf direct atrous, passes=[atrous iteration], viewport=912x450, megapixels=0.410, cpuInvocations=1500, cpuSubmitAvgMs=0.002, cpuSubmitMaxMs=0.013, gpuSamples=375, gpuAvgMs=0.093, gpuMaxMs=0.148, gpuAvgMsPerMP=0.226
[03Aug2026 00:58:30.438] [Render thread/INFO] [Photonics/]: Photonics pass timing v73: group=restir gi initial, passes=[initial indirect], viewport=608x300, megapixels=0.182, cpuInvocations=300, cpuSubmitAvgMs=0.006, cpuSubmitMaxMs=0.016, gpuSamples=75, gpuAvgMs=0.095, gpuMaxMs=0.108, gpuAvgMsPerMP=0.519
[03Aug2026 00:58:30.454] [Render thread/INFO] [Photonics/]: Photonics pass timing v73: group=restir gi temporal, passes=[temporal reuse + tri-state classification], viewport=608x300, megapixels=0.182, cpuInvocations=300, cpuSubmitAvgMs=0.007, cpuSubmitMaxMs=0.016, gpuSamples=75, gpuAvgMs=0.031, gpuMaxMs=0.032, gpuAvgMsPerMP=0.170
[03Aug2026 00:58:30.471] [Render thread/INFO] [Photonics/]: Photonics pass timing v73: group=restir gi spatial, passes=[spatial reuse/clamp + tri-state classification], viewport=608x300, megapixels=0.182, cpuInvocations=300, cpuSubmitAvgMs=0.005, cpuSubmitMaxMs=0.014, gpuSamples=75, gpuAvgMs=0.013, gpuMaxMs=0.014, gpuAvgMsPerMP=0.071
[03Aug2026 00:58:30.472] [Render thread/INFO] [Photonics/]: Photonics pass timing v73: group=restir gi diffuse, passes=[diffuse], viewport=608x300, megapixels=0.182, cpuInvocations=300, cpuSubmitAvgMs=0.004, cpuSubmitMaxMs=0.008, gpuSamples=75, gpuAvgMs=0.015, gpuMaxMs=0.016, gpuAvgMsPerMP=0.082
[03Aug2026 00:58:30.489] [Render thread/INFO] [Photonics/]: Photonics pass timing v73: group=restir gi accumulation, passes=[accumulation], viewport=608x300, megapixels=0.182, cpuInvocations=300, cpuSubmitAvgMs=0.004, cpuSubmitMaxMs=0.016, gpuSamples=75, gpuAvgMs=0.028, gpuMaxMs=0.067, gpuAvgMsPerMP=0.152
[03Aug2026 00:58:30.523] [Render thread/INFO] [Photonics/]: Photonics pass timing v73: group=svgf gi variance, passes=[variance prefilter], viewport=608x300, megapixels=0.182, cpuInvocations=300, cpuSubmitAvgMs=0.004, cpuSubmitMaxMs=0.019, gpuSamples=75, gpuAvgMs=0.028, gpuMaxMs=0.029, gpuAvgMsPerMP=0.152
[03Aug2026 00:58:30.524] [Render thread/INFO] [Photonics/]: Photonics pass timing v73: group=svgf gi atrous, passes=[atrous iteration], viewport=608x300, megapixels=0.182, cpuInvocations=900, cpuSubmitAvgMs=0.002, cpuSubmitMaxMs=0.011, gpuSamples=225, gpuAvgMs=0.032, gpuMaxMs=0.037, gpuAvgMsPerMP=0.175
[03Aug2026 00:58:30.524] [Render thread/INFO] [Photonics/]: Photonics pass timing v73: group=restir source/history diagnostic, passes=[compose diagnostic panels], viewport=912x450, megapixels=0.410, cpuInvocations=300, cpuSubmitAvgMs=0.003, cpuSubmitMaxMs=0.011, gpuSamples=75, gpuAvgMs=0.011, gpuMaxMs=0.012, gpuAvgMsPerMP=0.027
[03Aug2026 00:58:31.203] [Render thread/INFO] [Photonics/]: Photonics world tracing v72: revision=42, settled=true, compiledSections=1647, trackedSections=1647, batchBuilt=1, batchUnloaded=0, pendingBuilds=0, pendingUnloads=0, ready=true, depth=6, blockBounds=( 3.200E+1  1.280E+2  3.200E+1)..( 3.360E+2  2.080E+2  3.360E+2), treeBounds=( 0.000E+0  0.000E+0  0.000E+0)..( 1.024E+3  1.024E+3  1.024E+3), origin=(-7.680E+2 -1.920E+2  3.200E+2), boundsSource=compiled, compileMs=28.496
[03Aug2026 00:58:31.203] [Render thread/INFO] [Photonics/]: Photonics memory v72: jvmHeap={usedBytes=2748115256, committedBytes=3917479936, maxBytes=8589934592}, jvmGc={collections=178, timeMs=1889}, worldHeap=GpuBufferHeapStats[capacityBytes=536870912, reservedBytes=111810932, liveBytes=111807604, peakLiveBytes=111807860, reusableBytes=3328, allocations=95202, reusedAllocations=5173, frees=5181, failedAllocations=0], paletteHeap=GpuBufferHeapStats[capacityBytes=201326592, reservedBytes=72480, liveBytes=72480, peakLiveBytes=72480, reusableBytes=0, allocations=755, reusedAllocations=0, frees=0, failedAllocations=0], registries={lights=Stats[cachedObjects=1, pendingFreeObjects=0, allocatedObjects=1, failedAllocations=0], palettes=Stats[cachedObjects=755, pendingFreeObjects=0, allocatedObjects=755, failedAllocations=0], blocks=Stats[cachedObjects=1213, pendingFreeObjects=0, allocatedObjects=1213, failedAllocations=0], models=Stats[cachedObjects=30, pendingFreeObjects=0, allocatedObjects=30, failedAllocations=0]}
[03Aug2026 00:58:34.241] [Photonics Light List Compiler/INFO] [Photonics/]: Photonics light-list publication v88: coalescedBatches=5, peakPendingSections=101, remainingSections=0, deferredMs=10.421
[03Aug2026 00:58:34.289] [Render thread/INFO] [Photonics/]: Photonics world tracing v72: revision=43, settled=false, compiledSections=1558, trackedSections=1648, batchBuilt=5, batchUnloaded=94, pendingBuilds=36, pendingUnloads=0, ready=true, depth=6, blockBounds=( 3.200E+1  1.280E+2  8.000E+1)..( 3.360E+2  2.080E+2  3.840E+2), treeBounds=( 0.000E+0  0.000E+0  0.000E+0)..( 1.024E+3  1.024E+3  1.024E+3), origin=(-7.680E+2 -1.920E+2  2.560E+2), boundsSource=compiled, compileMs=54.819
[03Aug2026 00:58:34.976] [Render thread/INFO] [Photonics/]: Photonics direct reservoir sample v64: samples=120, populated=87, emptyOrBackground=2, visibilityRejected=31, invalid=0, overLegacyCap=0, overTemporalCap=0, totalSamplesRange=32.0..32.0, viewport=912x450
[03Aug2026 00:58:35.255] [Render thread/INFO] [Photonics/]: Photonics pass timing v73: group=frag data, passes=[frag data], viewport=912x450, megapixels=0.410, cpuInvocations=298, cpuSubmitAvgMs=0.037, cpuSubmitMaxMs=0.095, gpuSamples=75, gpuAvgMs=0.027, gpuMaxMs=0.053, gpuAvgMsPerMP=0.067
[03Aug2026 00:58:35.255] [Render thread/INFO] [Photonics/]: Photonics frame throughput v78: viewport=912x450, windowSeconds=5.000, renderedFrames=298, fps=59.596, frameAvgMs=16.780
[03Aug2026 00:58:35.272] [Render thread/INFO] [Photonics/]: Photonics pass timing v73: group=frag data gi, passes=[frag data gi], viewport=608x300, megapixels=0.182, cpuInvocations=298, cpuSubmitAvgMs=0.016, cpuSubmitMaxMs=0.036, gpuSamples=74, gpuAvgMs=0.017, gpuMaxMs=0.047, gpuAvgMsPerMP=0.091
[03Aug2026 00:58:35.322] [Render thread/INFO] [Photonics/]: Photonics pass timing v73: group=restir direct, passes=[initial direct + visibility], viewport=912x450, megapixels=0.410, cpuInvocations=298, cpuSubmitAvgMs=0.016, cpuSubmitMaxMs=0.064, gpuSamples=75, gpuAvgMs=0.077, gpuMaxMs=0.086, gpuAvgMsPerMP=0.187
[03Aug2026 00:58:35.355] [Render thread/INFO] [Photonics/]: Photonics pass timing v73: group=restir direct spatial, passes=[spatial reuse/clamp], viewport=912x450, megapixels=0.410, cpuInvocations=298, cpuSubmitAvgMs=0.007, cpuSubmitMaxMs=0.025, gpuSamples=74, gpuAvgMs=0.017, gpuMaxMs=0.018, gpuAvgMsPerMP=0.042
[03Aug2026 00:58:35.372] [Render thread/INFO] [Photonics/]: Photonics pass timing v73: group=restir direct diffuse, passes=[diffuse], viewport=912x450, megapixels=0.410, cpuInvocations=298, cpuSubmitAvgMs=0.012, cpuSubmitMaxMs=0.034, gpuSamples=75, gpuAvgMs=0.233, gpuMaxMs=0.339, gpuAvgMsPerMP=0.568
[03Aug2026 00:58:35.405] [Render thread/INFO] [Photonics/]: Photonics pass timing v73: group=restir direct accumulation, passes=[accumulation], viewport=912x450, megapixels=0.410, cpuInvocations=299, cpuSubmitAvgMs=0.014, cpuSubmitMaxMs=0.031, gpuSamples=75, gpuAvgMs=0.139, gpuMaxMs=0.200, gpuAvgMsPerMP=0.339
[03Aug2026 00:58:35.405] [Render thread/INFO] [Photonics/]: Photonics pass timing v73: group=svgf direct variance, passes=[variance prefilter], viewport=912x450, megapixels=0.410, cpuInvocations=298, cpuSubmitAvgMs=0.010, cpuSubmitMaxMs=0.032, gpuSamples=74, gpuAvgMs=0.175, gpuMaxMs=0.242, gpuAvgMsPerMP=0.427
[03Aug2026 00:58:35.422] [Render thread/INFO] [Photonics/]: Photonics pass timing v73: group=svgf direct atrous, passes=[atrous iteration], viewport=912x450, megapixels=0.410, cpuInvocations=1490, cpuSubmitAvgMs=0.003, cpuSubmitMaxMs=0.025, gpuSamples=372, gpuAvgMs=0.093, gpuMaxMs=0.170, gpuAvgMsPerMP=0.227
[03Aug2026 00:58:35.439] [Render thread/INFO] [Photonics/]: Photonics pass timing v73: group=restir gi initial, passes=[initial indirect], viewport=608x300, megapixels=0.182, cpuInvocations=298, cpuSubmitAvgMs=0.008, cpuSubmitMaxMs=0.016, gpuSamples=75, gpuAvgMs=0.101, gpuMaxMs=0.157, gpuAvgMsPerMP=0.555
[03Aug2026 00:58:35.455] [Render thread/INFO] [Photonics/]: Photonics pass timing v73: group=restir gi temporal, passes=[temporal reuse + tri-state classification], viewport=608x300, megapixels=0.182, cpuInvocations=298, cpuSubmitAvgMs=0.009, cpuSubmitMaxMs=0.023, gpuSamples=75, gpuAvgMs=0.031, gpuMaxMs=0.077, gpuAvgMsPerMP=0.172
[03Aug2026 00:58:35.472] [Render thread/INFO] [Photonics/]: Photonics pass timing v73: group=restir gi spatial, passes=[spatial reuse/clamp + tri-state classification], viewport=608x300, megapixels=0.182, cpuInvocations=298, cpuSubmitAvgMs=0.007, cpuSubmitMaxMs=0.021, gpuSamples=74, gpuAvgMs=0.014, gpuMaxMs=0.041, gpuAvgMsPerMP=0.078
[03Aug2026 00:58:35.472] [Render thread/INFO] [Photonics/]: Photonics pass timing v73: group=restir gi diffuse, passes=[diffuse], viewport=608x300, megapixels=0.182, cpuInvocations=298, cpuSubmitAvgMs=0.005, cpuSubmitMaxMs=0.011, gpuSamples=74, gpuAvgMs=0.016, gpuMaxMs=0.042, gpuAvgMsPerMP=0.087
[03Aug2026 00:58:35.506] [Render thread/INFO] [Photonics/]: Photonics pass timing v73: group=restir gi accumulation, passes=[accumulation], viewport=608x300, megapixels=0.182, cpuInvocations=299, cpuSubmitAvgMs=0.005, cpuSubmitMaxMs=0.055, gpuSamples=75, gpuAvgMs=0.026, gpuMaxMs=0.028, gpuAvgMsPerMP=0.144
[03Aug2026 00:58:35.524] [Render thread/INFO] [Photonics/]: Photonics pass timing v73: group=svgf gi variance, passes=[variance prefilter], viewport=608x300, megapixels=0.182, cpuInvocations=298, cpuSubmitAvgMs=0.006, cpuSubmitMaxMs=0.021, gpuSamples=75, gpuAvgMs=0.028, gpuMaxMs=0.029, gpuAvgMsPerMP=0.152
[03Aug2026 00:58:35.525] [Render thread/INFO] [Photonics/]: Photonics pass timing v73: group=svgf gi atrous, passes=[atrous iteration], viewport=608x300, megapixels=0.182, cpuInvocations=894, cpuSubmitAvgMs=0.003, cpuSubmitMaxMs=0.014, gpuSamples=224, gpuAvgMs=0.032, gpuMaxMs=0.037, gpuAvgMsPerMP=0.175
[03Aug2026 00:58:35.525] [Render thread/INFO] [Photonics/]: Photonics pass timing v73: group=restir source/history diagnostic, passes=[compose diagnostic panels], viewport=912x450, megapixels=0.410, cpuInvocations=298, cpuSubmitAvgMs=0.004, cpuSubmitMaxMs=0.009, gpuSamples=75, gpuAvgMs=0.012, gpuMaxMs=0.013, gpuAvgMsPerMP=0.029
[03Aug2026 00:58:35.574] [Photonics Light List Compiler/INFO] [Photonics/]: Photonics light candidates v18: eligible=156, selected=156, maxLights=4000, lightSections=10, capped=false
[03Aug2026 00:58:35.574] [Photonics Light List Compiler/INFO] [Photonics/]: Photonics light-list publication v88: coalescedBatches=2, peakPendingSections=2, remainingSections=0, deferredMs=0.336
[03Aug2026 00:58:35.577] [Render thread/INFO] [Photonics/]: Photonics light list pending: 157 -> 156
[03Aug2026 00:58:35.622] [Render thread/INFO] [Photonics/]: Photonics world tracing v72: revision=46, settled=false, compiledSections=1648, trackedSections=1648, batchBuilt=1, batchUnloaded=0, pendingBuilds=1, pendingUnloads=0, ready=true, depth=6, blockBounds=( 3.200E+1  1.280E+2  8.000E+1)..( 3.360E+2  2.080E+2  3.840E+2), treeBounds=( 0.000E+0  0.000E+0  0.000E+0)..( 1.024E+3  1.024E+3  1.024E+3), origin=(-7.680E+2 -1.920E+2  2.560E+2), boundsSource=compiled, compileMs=35.542
[03Aug2026 00:58:36.221] [Photonics Light List Compiler/INFO] [Photonics/]: Photonics light candidates v18: eligible=155, selected=155, maxLights=4000, lightSections=10, capped=false
[03Aug2026 00:58:36.221] [Photonics Light List Compiler/INFO] [Photonics/]: Photonics light-list publication v88: coalescedBatches=2, peakPendingSections=4, remainingSections=0, deferredMs=0.334
[03Aug2026 00:58:36.221] [Render thread/INFO] [Photonics/]: Photonics light list pending: 156 -> 155
[03Aug2026 00:58:36.653] [Photonics Light List Compiler/INFO] [Photonics/]: Photonics light candidates v18: eligible=96, selected=96, maxLights=4000, lightSections=8, capped=false
[03Aug2026 00:58:36.654] [Photonics Light List Compiler/INFO] [Photonics/]: Photonics light-list publication v88: coalescedBatches=4, peakPendingSections=102, remainingSections=0, deferredMs=23.759
[03Aug2026 00:58:36.659] [Render thread/INFO] [Photonics/]: Photonics light list pending: 155 -> 96
[03Aug2026 00:58:36.672] [Render thread/INFO] [Photonics/]: Photonics world tracing v72: revision=50, settled=false, compiledSections=1557, trackedSections=1649, batchBuilt=2, batchUnloaded=93, pendingBuilds=33, pendingUnloads=0, ready=true, depth=6, blockBounds=( 3.200E+1  1.280E+2  6.400E+1)..( 3.360E+2  2.080E+2  3.680E+2), treeBounds=( 0.000E+0  0.000E+0  0.000E+0)..( 1.024E+3  1.024E+3  1.024E+3), origin=(-7.680E+2 -1.920E+2  2.560E+2), boundsSource=compiled, compileMs=46.540
[03Aug2026 00:58:36.872] [Photonics Light List Compiler/INFO] [Photonics/]: Photonics light candidates v18: eligible=95, selected=95, maxLights=4000, lightSections=8, capped=false
[03Aug2026 00:58:36.872] [Photonics Light List Compiler/INFO] [Photonics/]: Photonics light-list publication v88: coalescedBatches=2, peakPendingSections=2, remainingSections=0, deferredMs=0.200
[03Aug2026 00:58:36.873] [Render thread/INFO] [Photonics/]: Photonics light list pending: 96 -> 95
[03Aug2026 00:58:38.073] [Photonics Light List Compiler/INFO] [Photonics/]: Photonics light candidates v18: eligible=94, selected=94, maxLights=4000, lightSections=8, capped=false
[03Aug2026 00:58:38.073] [Photonics Light List Compiler/INFO] [Photonics/]: Photonics light-list publication v88: coalescedBatches=2, peakPendingSections=2, remainingSections=0, deferredMs=0.252
[03Aug2026 00:58:38.074] [Render thread/INFO] [Photonics/]: Photonics light list pending: 95 -> 94
[03Aug2026 00:58:38.124] [Render thread/INFO] [Photonics/]: Photonics world tracing v72: revision=56, settled=false, compiledSections=1649, trackedSections=1649, batchBuilt=1, batchUnloaded=0, pendingBuilds=1, pendingUnloads=0, ready=true, depth=6, blockBounds=( 3.200E+1  1.280E+2  6.400E+1)..( 3.360E+2  2.080E+2  3.680E+2), treeBounds=( 0.000E+0  0.000E+0  0.000E+0)..( 1.024E+3  1.024E+3  1.024E+3), origin=(-7.680E+2 -1.920E+2  2.560E+2), boundsSource=compiled, compileMs=34.718
[03Aug2026 00:58:39.524] [Photonics Light List Compiler/INFO] [Photonics/]: Photonics light candidates v18: eligible=93, selected=93, maxLights=4000, lightSections=8, capped=false
[03Aug2026 00:58:39.524] [Photonics Light List Compiler/INFO] [Photonics/]: Photonics light-list publication v88: coalescedBatches=2, peakPendingSections=4, remainingSections=0, deferredMs=0.302
[03Aug2026 00:58:39.525] [Render thread/INFO] [Photonics/]: Photonics light list pending: 94 -> 93
[03Aug2026 00:58:39.575] [Render thread/INFO] [Photonics/]: Photonics world tracing v72: revision=58, settled=false, compiledSections=1649, trackedSections=1649, batchBuilt=1, batchUnloaded=0, pendingBuilds=1, pendingUnloads=0, ready=true, depth=6, blockBounds=( 3.200E+1  1.280E+2  6.400E+1)..( 3.360E+2  2.080E+2  3.680E+2), treeBounds=( 0.000E+0  0.000E+0  0.000E+0)..( 1.024E+3  1.024E+3  1.024E+3), origin=(-7.680E+2 -1.920E+2  2.560E+2), boundsSource=compiled, compileMs=32.465
[03Aug2026 00:58:40.141] [Photonics Light List Compiler/INFO] [Photonics/]: Photonics light candidates v18: eligible=152, selected=152, maxLights=4000, lightSections=10, capped=false
[03Aug2026 00:58:40.141] [Photonics Light List Compiler/INFO] [Photonics/]: Photonics light-list publication v88: coalescedBatches=4, peakPendingSections=101, remainingSections=0, deferredMs=9.051
[03Aug2026 00:58:40.159] [Render thread/INFO] [Photonics/]: Photonics light list pending: 93 -> 152
[03Aug2026 00:58:40.175] [Photonics Light List Compiler/INFO] [Photonics/]: Photonics light candidates v18: eligible=151, selected=151, maxLights=4000, lightSections=10, capped=false
[03Aug2026 00:58:40.175] [Photonics Light List Compiler/INFO] [Photonics/]: Photonics light-list publication v88: coalescedBatches=2, peakPendingSections=2, remainingSections=0, deferredMs=0.176
[03Aug2026 00:58:40.176] [Render thread/INFO] [Photonics/]: Photonics light list pending: 152 -> 151
[03Aug2026 00:58:40.260] [Render thread/INFO] [Photonics/]: Photonics pass timing v73: group=frag data, passes=[frag data], viewport=912x450, megapixels=0.410, cpuInvocations=300, cpuSubmitAvgMs=0.036, cpuSubmitMaxMs=0.098, gpuSamples=75, gpuAvgMs=0.028, gpuMaxMs=0.059, gpuAvgMsPerMP=0.068
[03Aug2026 00:58:40.260] [Render thread/INFO] [Photonics/]: Photonics frame throughput v78: viewport=912x450, windowSeconds=5.005, renderedFrames=300, fps=59.939, frameAvgMs=16.684
[03Aug2026 00:58:40.278] [Render thread/INFO] [Photonics/]: Photonics pass timing v73: group=frag data gi, passes=[frag data gi], viewport=608x300, megapixels=0.182, cpuInvocations=300, cpuSubmitAvgMs=0.014, cpuSubmitMaxMs=0.042, gpuSamples=75, gpuAvgMs=0.017, gpuMaxMs=0.047, gpuAvgMsPerMP=0.092
[03Aug2026 00:58:40.329] [Render thread/INFO] [Photonics/]: Photonics pass timing v73: group=restir direct, passes=[initial direct + visibility], viewport=912x450, megapixels=0.410, cpuInvocations=300, cpuSubmitAvgMs=0.014, cpuSubmitMaxMs=0.075, gpuSamples=75, gpuAvgMs=0.075, gpuMaxMs=0.078, gpuAvgMsPerMP=0.183
[03Aug2026 00:58:40.360] [Render thread/INFO] [Photonics/]: Photonics pass timing v73: group=restir direct spatial, passes=[spatial reuse/clamp], viewport=912x450, megapixels=0.410, cpuInvocations=300, cpuSubmitAvgMs=0.007, cpuSubmitMaxMs=0.021, gpuSamples=75, gpuAvgMs=0.017, gpuMaxMs=0.022, gpuAvgMsPerMP=0.042
[03Aug2026 00:58:40.377] [Render thread/INFO] [Photonics/]: Photonics pass timing v73: group=restir direct diffuse, passes=[diffuse], viewport=912x450, megapixels=0.410, cpuInvocations=300, cpuSubmitAvgMs=0.011, cpuSubmitMaxMs=0.032, gpuSamples=75, gpuAvgMs=0.260, gpuMaxMs=0.357, gpuAvgMsPerMP=0.633
[03Aug2026 00:58:40.411] [Render thread/INFO] [Photonics/]: Photonics pass timing v73: group=restir direct accumulation, passes=[accumulation], viewport=912x450, megapixels=0.410, cpuInvocations=300, cpuSubmitAvgMs=0.013, cpuSubmitMaxMs=0.048, gpuSamples=75, gpuAvgMs=0.132, gpuMaxMs=0.197, gpuAvgMsPerMP=0.322
[03Aug2026 00:58:40.411] [Render thread/INFO] [Photonics/]: Photonics pass timing v73: group=svgf direct variance, passes=[variance prefilter], viewport=912x450, megapixels=0.410, cpuInvocations=300, cpuSubmitAvgMs=0.009, cpuSubmitMaxMs=0.061, gpuSamples=75, gpuAvgMs=0.171, gpuMaxMs=0.241, gpuAvgMsPerMP=0.417
[03Aug2026 00:58:40.428] [Render thread/INFO] [Photonics/]: Photonics pass timing v73: group=svgf direct atrous, passes=[atrous iteration], viewport=912x450, megapixels=0.410, cpuInvocations=1500, cpuSubmitAvgMs=0.003, cpuSubmitMaxMs=0.018, gpuSamples=375, gpuAvgMs=0.094, gpuMaxMs=0.170, gpuAvgMsPerMP=0.229
[03Aug2026 00:58:40.443] [Render thread/INFO] [Photonics/]: Photonics pass timing v73: group=restir gi initial, passes=[initial indirect], viewport=608x300, megapixels=0.182, cpuInvocations=300, cpuSubmitAvgMs=0.007, cpuSubmitMaxMs=0.019, gpuSamples=75, gpuAvgMs=0.109, gpuMaxMs=0.144, gpuAvgMsPerMP=0.597
[03Aug2026 00:58:40.459] [Render thread/INFO] [Photonics/]: Photonics pass timing v73: group=restir gi temporal, passes=[temporal reuse + tri-state classification], viewport=608x300, megapixels=0.182, cpuInvocations=300, cpuSubmitAvgMs=0.008, cpuSubmitMaxMs=0.023, gpuSamples=75, gpuAvgMs=0.030, gpuMaxMs=0.075, gpuAvgMsPerMP=0.167
[03Aug2026 00:58:40.477] [Render thread/INFO] [Photonics/]: Photonics pass timing v73: group=restir gi spatial, passes=[spatial reuse/clamp + tri-state classification], viewport=608x300, megapixels=0.182, cpuInvocations=300, cpuSubmitAvgMs=0.006, cpuSubmitMaxMs=0.021, gpuSamples=75, gpuAvgMs=0.013, gpuMaxMs=0.042, gpuAvgMsPerMP=0.074
[03Aug2026 00:58:40.478] [Render thread/INFO] [Photonics/]: Photonics pass timing v73: group=restir gi diffuse, passes=[diffuse], viewport=608x300, megapixels=0.182, cpuInvocations=300, cpuSubmitAvgMs=0.004, cpuSubmitMaxMs=0.015, gpuSamples=75, gpuAvgMs=0.016, gpuMaxMs=0.043, gpuAvgMsPerMP=0.086
[03Aug2026 00:58:40.510] [Render thread/INFO] [Photonics/]: Photonics pass timing v73: group=restir gi accumulation, passes=[accumulation], viewport=608x300, megapixels=0.182, cpuInvocations=300, cpuSubmitAvgMs=0.005, cpuSubmitMaxMs=0.012, gpuSamples=75, gpuAvgMs=0.027, gpuMaxMs=0.094, gpuAvgMsPerMP=0.148
[03Aug2026 00:58:40.527] [Render thread/INFO] [Photonics/]: Photonics pass timing v73: group=svgf gi variance, passes=[variance prefilter], viewport=608x300, megapixels=0.182, cpuInvocations=300, cpuSubmitAvgMs=0.005, cpuSubmitMaxMs=0.021, gpuSamples=75, gpuAvgMs=0.028, gpuMaxMs=0.029, gpuAvgMsPerMP=0.153
[03Aug2026 00:58:40.528] [Render thread/INFO] [Photonics/]: Photonics pass timing v73: group=svgf gi atrous, passes=[atrous iteration], viewport=608x300, megapixels=0.182, cpuInvocations=900, cpuSubmitAvgMs=0.003, cpuSubmitMaxMs=0.013, gpuSamples=225, gpuAvgMs=0.033, gpuMaxMs=0.062, gpuAvgMsPerMP=0.179
[03Aug2026 00:58:40.528] [Render thread/INFO] [Photonics/]: Photonics pass timing v73: group=restir source/history diagnostic, passes=[compose diagnostic panels], viewport=912x450, megapixels=0.410, cpuInvocations=300, cpuSubmitAvgMs=0.004, cpuSubmitMaxMs=0.014, gpuSamples=75, gpuAvgMs=0.011, gpuMaxMs=0.012, gpuAvgMsPerMP=0.026
[03Aug2026 00:58:40.976] [Photonics Light List Compiler/INFO] [Photonics/]: Photonics light candidates v18: eligible=150, selected=150, maxLights=4000, lightSections=10, capped=false
[03Aug2026 00:58:40.976] [Photonics Light List Compiler/INFO] [Photonics/]: Photonics light-list publication v88: coalescedBatches=2, peakPendingSections=2, remainingSections=0, deferredMs=0.283
[03Aug2026 00:58:40.976] [Render thread/INFO] [Photonics/]: Photonics light list pending: 151 -> 150
[03Aug2026 00:58:41.008] [Render thread/INFO] [Photonics/]: Photonics world tracing v72: revision=64, settled=false, compiledSections=1648, trackedSections=1648, batchBuilt=1, batchUnloaded=0, pendingBuilds=1, pendingUnloads=0, ready=true, depth=6, blockBounds=( 3.200E+1  1.280E+2  8.000E+1)..( 3.360E+2  2.080E+2  3.840E+2), treeBounds=( 0.000E+0  0.000E+0  0.000E+0)..( 1.024E+3  1.024E+3  1.024E+3), origin=(-7.680E+2 -1.920E+2  2.560E+2), boundsSource=compiled, compileMs=31.768
[03Aug2026 00:58:41.575] [Photonics Light List Compiler/INFO] [Photonics/]: Photonics light candidates v18: eligible=149, selected=149, maxLights=4000, lightSections=10, capped=false
[03Aug2026 00:58:41.576] [Photonics Light List Compiler/INFO] [Photonics/]: Photonics light-list publication v88: coalescedBatches=2, peakPendingSections=2, remainingSections=0, deferredMs=0.176
[03Aug2026 00:58:41.576] [Render thread/INFO] [Photonics/]: Photonics light list pending: 150 -> 149
[03Aug2026 00:58:42.776] [Photonics Light List Compiler/INFO] [Photonics/]: Photonics light-list publication v88: coalescedBatches=2, peakPendingSections=2, remainingSections=0, deferredMs=0.166
[03Aug2026 00:58:42.777] [Photonic Chunk Compiler #0/INFO] [Photonics/]: Photonics voxel diagnostic: state=Block{minecraft:spruce_fence}[east=false,north=false,south=true,waterlogged=false,west=true] vertexHash=d805681f06b774d0 complete=true samples=694 alphaZero=0 alphaPartial=0 alphaOpaque=694 rgbMean=[112.6,82.9,47.3] rgbRange=[85-136,58-101,31-58] voxels=368 aabb=[0,0,6]-[9,15,15] parts=[( 0.000E+0  0.000E+0  0.000E+0)]
[03Aug2026 00:58:42.777] [Photonic Chunk Compiler #0/INFO] [Photonics/]: Photonics voxel occupancy: state=Block{minecraft:spruce_fence}[east=false,north=false,south=true,waterlogged=false,west=true] part=( 0.000E+0  0.000E+0  0.000E+0) slices=y0=0000/0000/0000/0000/0000/0000/03c0/03c0/03c0/03c0/0000/0000/0000/0000/0000/0000;y1=0000/0000/0000/0000/0000/0000/03c0/0240/0240/03c0/0000/0000/0000/0000/0000/0000;y2=0000/0000/0000/0000/0000/0000/03c0/0240/0240/03c0/0000/0000/0000/0000/0000/0000;y3=0000/0000/0000/0000/0000/0000/03c0/0240/0240/03c0/0000/0000/0000/0000/0000/0000;y4=0000/0000/0000/0000/0000/0000/03c0/0240/0240/03c0/0000/0000/0000/0000/0000/0000;y5=0000/0000/0000/0000/0000/0000/03c0/0240/0240/03c0/0000/0000/0000/0000/0000/0000;y6=0000/0000/0000/0000/0000/0000/03c0/03ff/03ff/03c0/0180/0180/0180/0180/0180/0180;y7=0000/0000/0000/0000/0000/0000/03c0/03ff/03ff/03c0/0180/0180/0180/0180/0180/0180;y8=0000/0000/0000/0000/0000/0000/03c0/03ff/03ff/03c0/0180/0180/0180/0180/0180/0180;y9=0000/0000/0000/0000/0000/0000/03c0/0240/0240/03c0/0000/0000/0000/0000/0000/0000;y10=0000/0000/0000/0000/0000/0000/03c0/0240/0240/03c0/0000/0000/0000/0000/0000/0000;y11=0000/0000/0000/0000/0000/0000/03c0/0240/0240/03c0/0000/0000/0000/0000/0000/0000;y12=0000/0000/0000/0000/0000/0000/03c0/03ff/03ff/03c0/0180/0180/0180/0180/0180/0180;y13=0000/0000/0000/0000/0000/0000/03c0/03ff/03ff/03c0/0180/0180/0180/0180/0180/0180;y14=0000/0000/0000/0000/0000/0000/03c0/03ff/03ff/03c0/0180/0180/0180/0180/0180/0180;y15=0000/0000/0000/0000/0000/0000/03c0/03c0/03c0/03c0/0000/0000/0000/0000/0000/0000
[03Aug2026 00:58:42.809] [Render thread/INFO] [Photonics/]: Photonics world tracing v72: revision=68, settled=false, compiledSections=1648, trackedSections=1648, batchBuilt=1, batchUnloaded=0, pendingBuilds=1, pendingUnloads=0, ready=true, depth=6, blockBounds=( 3.200E+1  1.280E+2  8.000E+1)..( 3.360E+2  2.080E+2  3.840E+2), treeBounds=( 0.000E+0  0.000E+0  0.000E+0)..( 1.024E+3  1.024E+3  1.024E+3), origin=(-7.680E+2 -1.920E+2  2.560E+2), boundsSource=compiled, compileMs=30.554
[03Aug2026 00:58:42.994] [Render thread/INFO] [Photonics/]: Photonics direct reservoir sample v64: samples=120, populated=52, emptyOrBackground=1, visibilityRejected=67, invalid=0, overLegacyCap=0, overTemporalCap=0, totalSamplesRange=32.0..32.0, viewport=912x450
[03Aug2026 00:58:43.210] [Photonics Light List Compiler/INFO] [Photonics/]: Photonics light candidates v18: eligible=148, selected=148, maxLights=4000, lightSections=10, capped=false
[03Aug2026 00:58:43.210] [Photonics Light List Compiler/INFO] [Photonics/]: Photonics light-list publication v88: coalescedBatches=2, peakPendingSections=2, remainingSections=0, deferredMs=0.171
[03Aug2026 00:58:43.210] [Render thread/INFO] [Photonics/]: Photonics light list pending: 149 -> 148
[03Aug2026 00:58:43.211] [Photonic Chunk Compiler #0/INFO] [Photonics/]: Photonics voxel diagnostic: state=Block{minecraft:spruce_fence}[east=false,north=true,south=false,waterlogged=false,west=true] vertexHash=76ad6cd248a974d0 complete=true samples=694 alphaZero=0 alphaPartial=0 alphaOpaque=694 rgbMean=[113.1,83.3,47.6] rgbRange=[85-136,58-101,31-58] voxels=368 aabb=[0,0,0]-[9,15,9] parts=[( 0.000E+0  0.000E+0  0.000E+0)]
[03Aug2026 00:58:43.211] [Photonic Chunk Compiler #0/INFO] [Photonics/]: Photonics voxel occupancy: state=Block{minecraft:spruce_fence}[east=false,north=true,south=false,waterlogged=false,west=true] part=( 0.000E+0  0.000E+0  0.000E+0) slices=y0=0000/0000/0000/0000/0000/0000/03c0/03c0/03c0/03c0/0000/0000/0000/0000/0000/0000;y1=0000/0000/0000/0000/0000/0000/03c0/0240/0240/03c0/0000/0000/0000/0000/0000/0000;y2=0000/0000/0000/0000/0000/0000/03c0/0240/0240/03c0/0000/0000/0000/0000/0000/0000;y3=0000/0000/0000/0000/0000/0000/03c0/0240/0240/03c0/0000/0000/0000/0000/0000/0000;y4=0000/0000/0000/0000/0000/0000/03c0/0240/0240/03c0/0000/0000/0000/0000/0000/0000;y5=0000/0000/0000/0000/0000/0000/03c0/0240/0240/03c0/0000/0000/0000/0000/0000/0000;y6=0180/0180/0180/0180/0180/0180/03c0/03ff/03ff/03c0/0000/0000/0000/0000/0000/0000;y7=0180/0180/0180/0180/0180/0180/03c0/03ff/03ff/03c0/0000/0000/0000/0000/0000/0000;y8=0180/0180/0180/0180/0180/0180/03c0/03ff/03ff/03c0/0000/0000/0000/0000/0000/0000;y9=0000/0000/0000/0000/0000/0000/03c0/0240/0240/03c0/0000/0000/0000/0000/0000/0000;y10=0000/0000/0000/0000/0000/0000/03c0/0240/0240/03c0/0000/0000/0000/0000/0000/0000;y11=0000/0000/0000/0000/0000/0000/03c0/0240/0240/03c0/0000/0000/0000/0000/0000/0000;y12=0180/0180/0180/0180/0180/0180/03c0/03ff/03ff/03c0/0000/0000/0000/0000/0000/0000;y13=0180/0180/0180/0180/0180/0180/03c0/03ff/03ff/03c0/0000/0000/0000/0000/0000/0000;y14=0180/0180/0180/0180/0180/0180/03c0/03ff/03ff/03c0/0000/0000/0000/0000/0000/0000;y15=0000/0000/0000/0000/0000/0000/03c0/03c0/03c0/03c0/0000/0000/0000/0000/0000/0000
[03Aug2026 00:58:43.810] [Photonics Light List Compiler/INFO] [Photonics/]: Photonics light candidates v18: eligible=147, selected=147, maxLights=4000, lightSections=9, capped=false
[03Aug2026 00:58:43.810] [Photonics Light List Compiler/INFO] [Photonics/]: Photonics light-list publication v88: coalescedBatches=2, peakPendingSections=2, remainingSections=0, deferredMs=0.166
[03Aug2026 00:58:43.811] [Render thread/INFO] [Photonics/]: Photonics light list pending: 148 -> 147
[03Aug2026 00:58:43.843] [Render thread/INFO] [Photonics/]: Photonics world tracing v72: revision=72, settled=false, compiledSections=1648, trackedSections=1648, batchBuilt=1, batchUnloaded=0, pendingBuilds=1, pendingUnloads=0, ready=true, depth=6, blockBounds=( 3.200E+1  1.280E+2  8.000E+1)..( 3.360E+2  2.080E+2  3.840E+2), treeBounds=( 0.000E+0  0.000E+0  0.000E+0)..( 1.024E+3  1.024E+3  1.024E+3), origin=(-7.680E+2 -1.920E+2  2.560E+2), boundsSource=compiled, compileMs=30.706
[03Aug2026 00:58:45.263] [Render thread/INFO] [Photonics/]: Photonics pass timing v73: group=frag data, passes=[frag data], viewport=912x450, megapixels=0.410, cpuInvocations=299, cpuSubmitAvgMs=0.029, cpuSubmitMaxMs=0.102, gpuSamples=75, gpuAvgMs=0.029, gpuMaxMs=0.064, gpuAvgMsPerMP=0.070
[03Aug2026 00:58:45.263] [Render thread/INFO] [Photonics/]: Photonics frame throughput v78: viewport=912x450, windowSeconds=5.003, renderedFrames=299, fps=59.763, frameAvgMs=16.733
[03Aug2026 00:58:45.279] [Render thread/INFO] [Photonics/]: Photonics pass timing v73: group=frag data gi, passes=[frag data gi], viewport=608x300, megapixels=0.182, cpuInvocations=299, cpuSubmitAvgMs=0.013, cpuSubmitMaxMs=0.064, gpuSamples=75, gpuAvgMs=0.017, gpuMaxMs=0.042, gpuAvgMsPerMP=0.091
[03Aug2026 00:58:45.329] [Render thread/INFO] [Photonics/]: Photonics pass timing v73: group=restir direct, passes=[initial direct + visibility], viewport=912x450, megapixels=0.410, cpuInvocations=299, cpuSubmitAvgMs=0.012, cpuSubmitMaxMs=0.029, gpuSamples=75, gpuAvgMs=0.076, gpuMaxMs=0.086, gpuAvgMsPerMP=0.185
[03Aug2026 00:58:45.362] [Render thread/INFO] [Photonics/]: Photonics pass timing v73: group=restir direct spatial, passes=[spatial reuse/clamp], viewport=912x450, megapixels=0.410, cpuInvocations=299, cpuSubmitAvgMs=0.006, cpuSubmitMaxMs=0.019, gpuSamples=75, gpuAvgMs=0.018, gpuMaxMs=0.056, gpuAvgMsPerMP=0.045
[03Aug2026 00:58:45.380] [Render thread/INFO] [Photonics/]: Photonics pass timing v73: group=restir direct diffuse, passes=[diffuse], viewport=912x450, megapixels=0.410, cpuInvocations=299, cpuSubmitAvgMs=0.009, cpuSubmitMaxMs=0.027, gpuSamples=74, gpuAvgMs=0.237, gpuMaxMs=0.338, gpuAvgMsPerMP=0.576
[03Aug2026 00:58:45.414] [Render thread/INFO] [Photonics/]: Photonics pass timing v73: group=restir direct accumulation, passes=[accumulation], viewport=912x450, megapixels=0.410, cpuInvocations=299, cpuSubmitAvgMs=0.011, cpuSubmitMaxMs=0.036, gpuSamples=75, gpuAvgMs=0.142, gpuMaxMs=0.216, gpuAvgMsPerMP=0.345
[03Aug2026 00:58:45.414] [Render thread/INFO] [Photonics/]: Photonics pass timing v73: group=svgf direct variance, passes=[variance prefilter], viewport=912x450, megapixels=0.410, cpuInvocations=299, cpuSubmitAvgMs=0.008, cpuSubmitMaxMs=0.047, gpuSamples=75, gpuAvgMs=0.179, gpuMaxMs=0.253, gpuAvgMsPerMP=0.436
[03Aug2026 00:58:45.429] [Render thread/INFO] [Photonics/]: Photonics pass timing v73: group=svgf direct atrous, passes=[atrous iteration], viewport=912x450, megapixels=0.410, cpuInvocations=1495, cpuSubmitAvgMs=0.003, cpuSubmitMaxMs=0.032, gpuSamples=374, gpuAvgMs=0.094, gpuMaxMs=0.169, gpuAvgMsPerMP=0.228
[03Aug2026 00:58:45.446] [Render thread/INFO] [Photonics/]: Photonics pass timing v73: group=restir gi initial, passes=[initial indirect], viewport=608x300, megapixels=0.182, cpuInvocations=299, cpuSubmitAvgMs=0.006, cpuSubmitMaxMs=0.012, gpuSamples=74, gpuAvgMs=0.119, gpuMaxMs=0.151, gpuAvgMsPerMP=0.654
[03Aug2026 00:58:45.463] [Render thread/INFO] [Photonics/]: Photonics pass timing v73: group=restir gi temporal, passes=[temporal reuse + tri-state classification], viewport=608x300, megapixels=0.182, cpuInvocations=299, cpuSubmitAvgMs=0.007, cpuSubmitMaxMs=0.021, gpuSamples=75, gpuAvgMs=0.030, gpuMaxMs=0.033, gpuAvgMsPerMP=0.165
[03Aug2026 00:58:45.479] [Render thread/INFO] [Photonics/]: Photonics pass timing v73: group=restir gi spatial, passes=[spatial reuse/clamp + tri-state classification], viewport=608x300, megapixels=0.182, cpuInvocations=299, cpuSubmitAvgMs=0.005, cpuSubmitMaxMs=0.019, gpuSamples=75, gpuAvgMs=0.013, gpuMaxMs=0.014, gpuAvgMsPerMP=0.072
[03Aug2026 00:58:45.479] [Render thread/INFO] [Photonics/]: Photonics pass timing v73: group=restir gi diffuse, passes=[diffuse], viewport=608x300, megapixels=0.182, cpuInvocations=299, cpuSubmitAvgMs=0.004, cpuSubmitMaxMs=0.024, gpuSamples=75, gpuAvgMs=0.015, gpuMaxMs=0.016, gpuAvgMsPerMP=0.083
[03Aug2026 00:58:45.521] [Photonics Light List Compiler/INFO] [Photonics/]: Photonics light-list publication v88: coalescedBatches=2, peakPendingSections=2, remainingSections=0, deferredMs=0.238
[03Aug2026 00:58:45.525] [Render thread/INFO] [Photonics/]: Photonics pass timing v73: group=restir gi accumulation, passes=[accumulation], viewport=608x300, megapixels=0.182, cpuInvocations=299, cpuSubmitAvgMs=0.004, cpuSubmitMaxMs=0.014, gpuSamples=74, gpuAvgMs=0.026, gpuMaxMs=0.028, gpuAvgMsPerMP=0.143
[03Aug2026 00:58:45.531] [Render thread/INFO] [Photonics/]: Photonics pass timing v73: group=svgf gi variance, passes=[variance prefilter], viewport=608x300, megapixels=0.182, cpuInvocations=299, cpuSubmitAvgMs=0.005, cpuSubmitMaxMs=0.015, gpuSamples=75, gpuAvgMs=0.028, gpuMaxMs=0.029, gpuAvgMsPerMP=0.153
[03Aug2026 00:58:45.531] [Render thread/INFO] [Photonics/]: Photonics pass timing v73: group=svgf gi atrous, passes=[atrous iteration], viewport=608x300, megapixels=0.182, cpuInvocations=897, cpuSubmitAvgMs=0.003, cpuSubmitMaxMs=0.010, gpuSamples=224, gpuAvgMs=0.032, gpuMaxMs=0.037, gpuAvgMsPerMP=0.176
[03Aug2026 00:58:45.531] [Render thread/INFO] [Photonics/]: Photonics pass timing v73: group=restir source/history diagnostic, passes=[compose diagnostic panels], viewport=912x450, megapixels=0.410, cpuInvocations=299, cpuSubmitAvgMs=0.003, cpuSubmitMaxMs=0.009, gpuSamples=75, gpuAvgMs=0.011, gpuMaxMs=0.011, gpuAvgMsPerMP=0.026
[03Aug2026 00:58:45.561] [Render thread/INFO] [Photonics/]: Photonics world tracing v72: revision=74, settled=false, compiledSections=1648, trackedSections=1648, batchBuilt=1, batchUnloaded=0, pendingBuilds=1, pendingUnloads=0, ready=true, depth=6, blockBounds=( 3.200E+1  1.280E+2  8.000E+1)..( 3.360E+2  2.080E+2  3.840E+2), treeBounds=( 0.000E+0  0.000E+0  0.000E+0)..( 1.024E+3  1.024E+3  1.024E+3), origin=(-7.680E+2 -1.920E+2  2.560E+2), boundsSource=compiled, compileMs=32.169
[03Aug2026 00:58:46.489] [Photonics Light List Compiler/INFO] [Photonics/]: Photonics light-list publication v88: coalescedBatches=5, peakPendingSections=96, remainingSections=0, deferredMs=8.923
[03Aug2026 00:58:46.594] [Render thread/INFO] [Photonics/]: Photonics world tracing v72: revision=77, settled=false, compiledSections=1595, trackedSections=1647, batchBuilt=38, batchUnloaded=0, pendingBuilds=52, pendingUnloads=0, ready=true, depth=6, blockBounds=( 3.200E+1  1.280E+2  3.200E+1)..( 3.360E+2  2.080E+2  3.360E+2), treeBounds=( 0.000E+0  0.000E+0  0.000E+0)..( 1.024E+3  1.024E+3  1.024E+3), origin=(-7.680E+2 -1.920E+2  3.200E+2), boundsSource=compiled, compileMs=62.160
[03Aug2026 00:58:48.729] [Render thread/INFO] [Photonics/]: Photonics world tracing v72: revision=80, settled=false, compiledSections=1647, trackedSections=1647, batchBuilt=1, batchUnloaded=0, pendingBuilds=0, pendingUnloads=0, ready=true, depth=6, blockBounds=( 3.200E+1  1.280E+2  3.200E+1)..( 3.360E+2  2.080E+2  3.360E+2), treeBounds=( 0.000E+0  0.000E+0  0.000E+0)..( 1.024E+3  1.024E+3  1.024E+3), origin=(-7.680E+2 -1.920E+2  3.200E+2), boundsSource=compiled, compileMs=32.438
[03Aug2026 00:58:49.263] [Photonics Light List Compiler/INFO] [Photonics/]: Photonics light candidates v18: eligible=146, selected=146, maxLights=4000, lightSections=9, capped=false
[03Aug2026 00:58:49.263] [Photonics Light List Compiler/INFO] [Photonics/]: Photonics light-list publication v88: coalescedBatches=2, peakPendingSections=2, remainingSections=0, deferredMs=0.175
[03Aug2026 00:58:49.263] [Render thread/INFO] [Photonics/]: Photonics light list pending: 147 -> 146
[03Aug2026 00:58:50.265] [Render thread/INFO] [Photonics/]: Photonics pass timing v73: group=frag data, passes=[frag data], viewport=912x450, megapixels=0.410, cpuInvocations=300, cpuSubmitAvgMs=0.020, cpuSubmitMaxMs=0.085, gpuSamples=75, gpuAvgMs=0.029, gpuMaxMs=0.066, gpuAvgMsPerMP=0.072
[03Aug2026 00:58:50.265] [Render thread/INFO] [Photonics/]: Photonics frame throughput v78: viewport=912x450, windowSeconds=5.002, renderedFrames=300, fps=59.976, frameAvgMs=16.673
[03Aug2026 00:58:50.281] [Render thread/INFO] [Photonics/]: Photonics pass timing v73: group=frag data gi, passes=[frag data gi], viewport=608x300, megapixels=0.182, cpuInvocations=300, cpuSubmitAvgMs=0.013, cpuSubmitMaxMs=0.040, gpuSamples=75, gpuAvgMs=0.016, gpuMaxMs=0.036, gpuAvgMsPerMP=0.089
[03Aug2026 00:58:50.331] [Render thread/INFO] [Photonics/]: Photonics pass timing v73: group=restir direct, passes=[initial direct + visibility], viewport=912x450, megapixels=0.410, cpuInvocations=300, cpuSubmitAvgMs=0.012, cpuSubmitMaxMs=0.038, gpuSamples=75, gpuAvgMs=0.075, gpuMaxMs=0.079, gpuAvgMsPerMP=0.182
[03Aug2026 00:58:50.366] [Render thread/INFO] [Photonics/]: Photonics pass timing v73: group=restir direct spatial, passes=[spatial reuse/clamp], viewport=912x450, megapixels=0.410, cpuInvocations=300, cpuSubmitAvgMs=0.006, cpuSubmitMaxMs=0.016, gpuSamples=75, gpuAvgMs=0.021, gpuMaxMs=0.065, gpuAvgMsPerMP=0.050
[03Aug2026 00:58:50.382] [Render thread/INFO] [Photonics/]: Photonics pass timing v73: group=restir direct diffuse, passes=[diffuse], viewport=912x450, megapixels=0.410, cpuInvocations=300, cpuSubmitAvgMs=0.010, cpuSubmitMaxMs=0.029, gpuSamples=75, gpuAvgMs=0.245, gpuMaxMs=0.289, gpuAvgMsPerMP=0.596
[03Aug2026 00:58:50.415] [Render thread/INFO] [Photonics/]: Photonics pass timing v73: group=restir direct accumulation, passes=[accumulation], viewport=912x450, megapixels=0.410, cpuInvocations=300, cpuSubmitAvgMs=0.011, cpuSubmitMaxMs=0.031, gpuSamples=75, gpuAvgMs=0.141, gpuMaxMs=0.203, gpuAvgMsPerMP=0.345
[03Aug2026 00:58:50.415] [Render thread/INFO] [Photonics/]: Photonics pass timing v73: group=svgf direct variance, passes=[variance prefilter], viewport=912x450, megapixels=0.410, cpuInvocations=300, cpuSubmitAvgMs=0.008, cpuSubmitMaxMs=0.042, gpuSamples=75, gpuAvgMs=0.178, gpuMaxMs=0.247, gpuAvgMsPerMP=0.435
[03Aug2026 00:58:50.431] [Render thread/INFO] [Photonics/]: Photonics pass timing v73: group=svgf direct atrous, passes=[atrous iteration], viewport=912x450, megapixels=0.410, cpuInvocations=1500, cpuSubmitAvgMs=0.003, cpuSubmitMaxMs=0.012, gpuSamples=375, gpuAvgMs=0.095, gpuMaxMs=0.163, gpuAvgMsPerMP=0.231
[03Aug2026 00:58:50.448] [Render thread/INFO] [Photonics/]: Photonics pass timing v73: group=restir gi initial, passes=[initial indirect], viewport=608x300, megapixels=0.182, cpuInvocations=300, cpuSubmitAvgMs=0.006, cpuSubmitMaxMs=0.020, gpuSamples=75, gpuAvgMs=0.109, gpuMaxMs=0.155, gpuAvgMsPerMP=0.597
[03Aug2026 00:58:50.465] [Render thread/INFO] [Photonics/]: Photonics pass timing v73: group=restir gi temporal, passes=[temporal reuse + tri-state classification], viewport=608x300, megapixels=0.182, cpuInvocations=300, cpuSubmitAvgMs=0.007, cpuSubmitMaxMs=0.051, gpuSamples=75, gpuAvgMs=0.030, gpuMaxMs=0.033, gpuAvgMsPerMP=0.163
[03Aug2026 00:58:50.481] [Render thread/INFO] [Photonics/]: Photonics pass timing v73: group=restir gi spatial, passes=[spatial reuse/clamp + tri-state classification], viewport=608x300, megapixels=0.182, cpuInvocations=300, cpuSubmitAvgMs=0.005, cpuSubmitMaxMs=0.023, gpuSamples=75, gpuAvgMs=0.013, gpuMaxMs=0.014, gpuAvgMsPerMP=0.072
[03Aug2026 00:58:50.481] [Render thread/INFO] [Photonics/]: Photonics pass timing v73: group=restir gi diffuse, passes=[diffuse], viewport=608x300, megapixels=0.182, cpuInvocations=300, cpuSubmitAvgMs=0.004, cpuSubmitMaxMs=0.016, gpuSamples=75, gpuAvgMs=0.015, gpuMaxMs=0.016, gpuAvgMsPerMP=0.083
[03Aug2026 00:58:50.531] [Render thread/INFO] [Photonics/]: Photonics pass timing v73: group=restir gi accumulation, passes=[accumulation], viewport=608x300, megapixels=0.182, cpuInvocations=301, cpuSubmitAvgMs=0.004, cpuSubmitMaxMs=0.014, gpuSamples=76, gpuAvgMs=0.027, gpuMaxMs=0.029, gpuAvgMsPerMP=0.147
[03Aug2026 00:58:50.531] [Render thread/INFO] [Photonics/]: Photonics pass timing v73: group=svgf gi variance, passes=[variance prefilter], viewport=608x300, megapixels=0.182, cpuInvocations=300, cpuSubmitAvgMs=0.005, cpuSubmitMaxMs=0.025, gpuSamples=75, gpuAvgMs=0.028, gpuMaxMs=0.029, gpuAvgMsPerMP=0.153
[03Aug2026 00:58:50.531] [Render thread/INFO] [Photonics/]: Photonics pass timing v73: group=svgf gi atrous, passes=[atrous iteration], viewport=608x300, megapixels=0.182, cpuInvocations=900, cpuSubmitAvgMs=0.003, cpuSubmitMaxMs=0.015, gpuSamples=225, gpuAvgMs=0.032, gpuMaxMs=0.036, gpuAvgMsPerMP=0.176
[03Aug2026 00:58:50.531] [Render thread/INFO] [Photonics/]: Photonics pass timing v73: group=restir source/history diagnostic, passes=[compose diagnostic panels], viewport=912x450, megapixels=0.410, cpuInvocations=300, cpuSubmitAvgMs=0.003, cpuSubmitMaxMs=0.010, gpuSamples=75, gpuAvgMs=0.010, gpuMaxMs=0.011, gpuAvgMsPerMP=0.025
[03Aug2026 00:58:51.015] [Render thread/INFO] [Photonics/]: Photonics direct reservoir sample v64: samples=120, populated=60, emptyOrBackground=3, visibilityRejected=57, invalid=0, overLegacyCap=0, overTemporalCap=0, totalSamplesRange=32.0..32.0, viewport=912x450
[03Aug2026 00:58:51.114] [Photonics Light List Compiler/INFO] [Photonics/]: Photonics light candidates v18: eligible=145, selected=145, maxLights=4000, lightSections=9, capped=false
[03Aug2026 00:58:51.114] [Photonics Light List Compiler/INFO] [Photonics/]: Photonics light-list publication v88: coalescedBatches=2, peakPendingSections=4, remainingSections=0, deferredMs=0.253
[03Aug2026 00:58:51.114] [Render thread/INFO] [Photonics/]: Photonics light list pending: 146 -> 145
[03Aug2026 00:58:51.147] [Render thread/INFO] [Photonics/]: Photonics world tracing v72: revision=83, settled=false, compiledSections=1647, trackedSections=1647, batchBuilt=1, batchUnloaded=0, pendingBuilds=1, pendingUnloads=0, ready=true, depth=6, blockBounds=( 3.200E+1  1.280E+2  3.200E+1)..( 3.360E+2  2.080E+2  3.360E+2), treeBounds=( 0.000E+0  0.000E+0  0.000E+0)..( 1.024E+3  1.024E+3  1.024E+3), origin=(-7.680E+2 -1.920E+2  3.200E+2), boundsSource=compiled, compileMs=31.475
[03Aug2026 00:58:51.764] [Photonics Light List Compiler/INFO] [Photonics/]: Photonics light candidates v18: eligible=144, selected=144, maxLights=4000, lightSections=9, capped=false
[03Aug2026 00:58:51.764] [Photonics Light List Compiler/INFO] [Photonics/]: Photonics light-list publication v88: coalescedBatches=2, peakPendingSections=4, remainingSections=0, deferredMs=0.237
[03Aug2026 00:58:51.764] [Render thread/INFO] [Photonics/]: Photonics light list pending: 145 -> 144
[03Aug2026 00:58:52.564] [Photonics Light List Compiler/INFO] [Photonics/]: Photonics light candidates v18: eligible=143, selected=143, maxLights=4000, lightSections=9, capped=false
[03Aug2026 00:58:52.564] [Photonics Light List Compiler/INFO] [Photonics/]: Photonics light-list publication v88: coalescedBatches=2, peakPendingSections=2, remainingSections=0, deferredMs=0.166
[03Aug2026 00:58:52.565] [Render thread/INFO] [Photonics/]: Photonics light list pending: 144 -> 143
[03Aug2026 00:58:52.597] [Render thread/INFO] [Photonics/]: Photonics world tracing v72: revision=87, settled=false, compiledSections=1647, trackedSections=1647, batchBuilt=1, batchUnloaded=0, pendingBuilds=1, pendingUnloads=0, ready=true, depth=6, blockBounds=( 3.200E+1  1.280E+2  3.200E+1)..( 3.360E+2  2.080E+2  3.360E+2), treeBounds=( 0.000E+0  0.000E+0  0.000E+0)..( 1.024E+3  1.024E+3  1.024E+3), origin=(-7.680E+2 -1.920E+2  3.200E+2), boundsSource=compiled, compileMs=31.397
[03Aug2026 00:58:53.997] [Render thread/INFO] [Photonics/]: Photonics world tracing v72: revision=89, settled=false, compiledSections=1647, trackedSections=1647, batchBuilt=1, batchUnloaded=0, pendingBuilds=0, pendingUnloads=0, ready=true, depth=6, blockBounds=( 3.200E+1  1.280E+2  3.200E+1)..( 3.360E+2  2.080E+2  3.360E+2), treeBounds=( 0.000E+0  0.000E+0  0.000E+0)..( 1.024E+3  1.024E+3  1.024E+3), origin=(-7.680E+2 -1.920E+2  3.200E+2), boundsSource=compiled, compileMs=29.689
[03Aug2026 00:58:54.515] [Photonics Light List Compiler/INFO] [Photonics/]: Photonics light candidates v18: eligible=142, selected=142, maxLights=4000, lightSections=9, capped=false
[03Aug2026 00:58:54.515] [Photonics Light List Compiler/INFO] [Photonics/]: Photonics light-list publication v88: coalescedBatches=2, peakPendingSections=2, remainingSections=0, deferredMs=0.169
[03Aug2026 00:58:54.515] [Render thread/INFO] [Photonics/]: Photonics light list pending: 143 -> 142
[03Aug2026 00:58:54.516] [Photonic Chunk Compiler #1/INFO] [Photonics/]: Photonics voxel diagnostic: state=Block{minecraft:spruce_fence}[east=false,north=true,south=false,waterlogged=false,west=true] vertexHash=76ad6cd248a974d0 complete=true samples=694 alphaZero=0 alphaPartial=0 alphaOpaque=694 rgbMean=[113.1,83.3,47.6] rgbRange=[85-136,58-101,31-58] voxels=368 aabb=[0,0,0]-[9,15,9] parts=[( 0.000E+0  0.000E+0  0.000E+0)]
[03Aug2026 00:58:54.516] [Photonic Chunk Compiler #1/INFO] [Photonics/]: Photonics voxel occupancy: state=Block{minecraft:spruce_fence}[east=false,north=true,south=false,waterlogged=false,west=true] part=( 0.000E+0  0.000E+0  0.000E+0) slices=y0=0000/0000/0000/0000/0000/0000/03c0/03c0/03c0/03c0/0000/0000/0000/0000/0000/0000;y1=0000/0000/0000/0000/0000/0000/03c0/0240/0240/03c0/0000/0000/0000/0000/0000/0000;y2=0000/0000/0000/0000/0000/0000/03c0/0240/0240/03c0/0000/0000/0000/0000/0000/0000;y3=0000/0000/0000/0000/0000/0000/03c0/0240/0240/03c0/0000/0000/0000/0000/0000/0000;y4=0000/0000/0000/0000/0000/0000/03c0/0240/0240/03c0/0000/0000/0000/0000/0000/0000;y5=0000/0000/0000/0000/0000/0000/03c0/0240/0240/03c0/0000/0000/0000/0000/0000/0000;y6=0180/0180/0180/0180/0180/0180/03c0/03ff/03ff/03c0/0000/0000/0000/0000/0000/0000;y7=0180/0180/0180/0180/0180/0180/03c0/03ff/03ff/03c0/0000/0000/0000/0000/0000/0000;y8=0180/0180/0180/0180/0180/0180/03c0/03ff/03ff/03c0/0000/0000/0000/0000/0000/0000;y9=0000/0000/0000/0000/0000/0000/03c0/0240/0240/03c0/0000/0000/0000/0000/0000/0000;y10=0000/0000/0000/0000/0000/0000/03c0/0240/0240/03c0/0000/0000/0000/0000/0000/0000;y11=0000/0000/0000/0000/0000/0000/03c0/0240/0240/03c0/0000/0000/0000/0000/0000/0000;y12=0180/0180/0180/0180/0180/0180/03c0/03ff/03ff/03c0/0000/0000/0000/0000/0000/0000;y13=0180/0180/0180/0180/0180/0180/03c0/03ff/03ff/03c0/0000/0000/0000/0000/0000/0000;y14=0180/0180/0180/0180/0180/0180/03c0/03ff/03ff/03c0/0000/0000/0000/0000/0000/0000;y15=0000/0000/0000/0000/0000/0000/03c0/03c0/03c0/03c0/0000/0000/0000/0000/0000/0000
[03Aug2026 00:58:55.268] [Render thread/INFO] [Photonics/]: Photonics pass timing v73: group=frag data, passes=[frag data], viewport=912x450, megapixels=0.410, cpuInvocations=300, cpuSubmitAvgMs=0.020, cpuSubmitMaxMs=0.052, gpuSamples=75, gpuAvgMs=0.028, gpuMaxMs=0.066, gpuAvgMsPerMP=0.068
[03Aug2026 00:58:55.268] [Render thread/INFO] [Photonics/]: Photonics frame throughput v78: viewport=912x450, windowSeconds=5.003, renderedFrames=300, fps=59.963, frameAvgMs=16.677
[03Aug2026 00:58:55.284] [Render thread/INFO] [Photonics/]: Photonics pass timing v73: group=frag data gi, passes=[frag data gi], viewport=608x300, megapixels=0.182, cpuInvocations=300, cpuSubmitAvgMs=0.013, cpuSubmitMaxMs=0.053, gpuSamples=75, gpuAvgMs=0.017, gpuMaxMs=0.047, gpuAvgMsPerMP=0.094
[03Aug2026 00:58:55.333] [Render thread/INFO] [Photonics/]: Photonics pass timing v73: group=restir direct, passes=[initial direct + visibility], viewport=912x450, megapixels=0.410, cpuInvocations=300, cpuSubmitAvgMs=0.012, cpuSubmitMaxMs=0.032, gpuSamples=75, gpuAvgMs=0.076, gpuMaxMs=0.086, gpuAvgMsPerMP=0.184
[03Aug2026 00:58:55.368] [Render thread/INFO] [Photonics/]: Photonics pass timing v73: group=restir direct spatial, passes=[spatial reuse/clamp], viewport=912x450, megapixels=0.410, cpuInvocations=300, cpuSubmitAvgMs=0.006, cpuSubmitMaxMs=0.017, gpuSamples=75, gpuAvgMs=0.018, gpuMaxMs=0.045, gpuAvgMsPerMP=0.043
[03Aug2026 00:58:55.384] [Render thread/INFO] [Photonics/]: Photonics pass timing v73: group=restir direct diffuse, passes=[diffuse], viewport=912x450, megapixels=0.410, cpuInvocations=300, cpuSubmitAvgMs=0.010, cpuSubmitMaxMs=0.026, gpuSamples=75, gpuAvgMs=0.200, gpuMaxMs=0.274, gpuAvgMsPerMP=0.488
[03Aug2026 00:58:55.417] [Render thread/INFO] [Photonics/]: Photonics pass timing v73: group=restir direct accumulation, passes=[accumulation], viewport=912x450, megapixels=0.410, cpuInvocations=300, cpuSubmitAvgMs=0.011, cpuSubmitMaxMs=0.036, gpuSamples=75, gpuAvgMs=0.139, gpuMaxMs=0.209, gpuAvgMsPerMP=0.337
[03Aug2026 00:58:55.417] [Render thread/INFO] [Photonics/]: Photonics pass timing v73: group=svgf direct variance, passes=[variance prefilter], viewport=912x450, megapixels=0.410, cpuInvocations=300, cpuSubmitAvgMs=0.008, cpuSubmitMaxMs=0.034, gpuSamples=75, gpuAvgMs=0.177, gpuMaxMs=0.248, gpuAvgMsPerMP=0.431
[03Aug2026 00:58:55.433] [Render thread/INFO] [Photonics/]: Photonics pass timing v73: group=svgf direct atrous, passes=[atrous iteration], viewport=912x450, megapixels=0.410, cpuInvocations=1500, cpuSubmitAvgMs=0.003, cpuSubmitMaxMs=0.017, gpuSamples=375, gpuAvgMs=0.092, gpuMaxMs=0.164, gpuAvgMsPerMP=0.225
[03Aug2026 00:58:55.450] [Render thread/INFO] [Photonics/]: Photonics pass timing v73: group=restir gi initial, passes=[initial indirect], viewport=608x300, megapixels=0.182, cpuInvocations=300, cpuSubmitAvgMs=0.007, cpuSubmitMaxMs=0.018, gpuSamples=75, gpuAvgMs=0.114, gpuMaxMs=0.149, gpuAvgMsPerMP=0.626
[03Aug2026 00:58:55.467] [Render thread/INFO] [Photonics/]: Photonics pass timing v73: group=restir gi temporal, passes=[temporal reuse + tri-state classification], viewport=608x300, megapixels=0.182, cpuInvocations=300, cpuSubmitAvgMs=0.007, cpuSubmitMaxMs=0.019, gpuSamples=75, gpuAvgMs=0.031, gpuMaxMs=0.072, gpuAvgMsPerMP=0.172
[03Aug2026 00:58:55.483] [Render thread/INFO] [Photonics/]: Photonics pass timing v73: group=restir gi spatial, passes=[spatial reuse/clamp + tri-state classification], viewport=608x300, megapixels=0.182, cpuInvocations=300, cpuSubmitAvgMs=0.005, cpuSubmitMaxMs=0.016, gpuSamples=75, gpuAvgMs=0.013, gpuMaxMs=0.014, gpuAvgMsPerMP=0.072
[03Aug2026 00:58:55.483] [Render thread/INFO] [Photonics/]: Photonics pass timing v73: group=restir gi diffuse, passes=[diffuse], viewport=608x300, megapixels=0.182, cpuInvocations=300, cpuSubmitAvgMs=0.004, cpuSubmitMaxMs=0.010, gpuSamples=75, gpuAvgMs=0.015, gpuMaxMs=0.016, gpuAvgMsPerMP=0.083
[03Aug2026 00:58:55.515] [Photonics Light List Compiler/INFO] [Photonics/]: Photonics light candidates v18: eligible=141, selected=141, maxLights=4000, lightSections=8, capped=false
[03Aug2026 00:58:55.515] [Photonics Light List Compiler/INFO] [Photonics/]: Photonics light-list publication v88: coalescedBatches=2, peakPendingSections=2, remainingSections=0, deferredMs=0.173
[03Aug2026 00:58:55.516] [Photonic Chunk Compiler #0/INFO] [Photonics/]: Photonics voxel diagnostic: state=Block{minecraft:spruce_fence}[east=true,north=true,south=false,waterlogged=false,west=false] vertexHash=80c0d2a0e3a974d0 complete=true samples=694 alphaZero=0 alphaPartial=0 alphaOpaque=694 rgbMean=[113.1,83.3,47.6] rgbRange=[85-136,58-101,31-58] voxels=368 aabb=[6,0,0]-[15,15,9] parts=[( 0.000E+0  0.000E+0  0.000E+0)]
[03Aug2026 00:58:55.516] [Photonic Chunk Compiler #0/INFO] [Photonics/]: Photonics voxel occupancy: state=Block{minecraft:spruce_fence}[east=true,north=true,south=false,waterlogged=false,west=false] part=( 0.000E+0  0.000E+0  0.000E+0) slices=y0=0000/0000/0000/0000/0000/0000/03c0/03c0/03c0/03c0/0000/0000/0000/0000/0000/0000;y1=0000/0000/0000/0000/0000/0000/03c0/0240/0240/03c0/0000/0000/0000/0000/0000/0000;y2=0000/0000/0000/0000/0000/0000/03c0/0240/0240/03c0/0000/0000/0000/0000/0000/0000;y3=0000/0000/0000/0000/0000/0000/03c0/0240/0240/03c0/0000/0000/0000/0000/0000/0000;y4=0000/0000/0000/0000/0000/0000/03c0/0240/0240/03c0/0000/0000/0000/0000/0000/0000;y5=0000/0000/0000/0000/0000/0000/03c0/0240/0240/03c0/0000/0000/0000/0000/0000/0000;y6=0180/0180/0180/0180/0180/0180/03c0/ffc0/ffc0/03c0/0000/0000/0000/0000/0000/0000;y7=0180/0180/0180/0180/0180/0180/03c0/ffc0/ffc0/03c0/0000/0000/0000/0000/0000/0000;y8=0180/0180/0180/0180/0180/0180/03c0/ffc0/ffc0/03c0/0000/0000/0000/0000/0000/0000;y9=0000/0000/0000/0000/0000/0000/03c0/0240/0240/03c0/0000/0000/0000/0000/0000/0000;y10=0000/0000/0000/0000/0000/0000/03c0/0240/0240/03c0/0000/0000/0000/0000/0000/0000;y11=0000/0000/0000/0000/0000/0000/03c0/0240/0240/03c0/0000/0000/0000/0000/0000/0000;y12=0180/0180/0180/0180/0180/0180/03c0/ffc0/ffc0/03c0/0000/0000/0000/0000/0000/0000;y13=0180/0180/0180/0180/0180/0180/03c0/ffc0/ffc0/03c0/0000/0000/0000/0000/0000/0000;y14=0180/0180/0180/0180/0180/0180/03c0/ffc0/ffc0/03c0/0000/0000/0000/0000/0000/0000;y15=0000/0000/0000/0000/0000/0000/03c0/03c0/03c0/03c0/0000/0000/0000/0000/0000/0000
[03Aug2026 00:58:55.517] [Render thread/INFO] [Photonics/]: Photonics light list pending: 142 -> 141
[03Aug2026 00:58:55.534] [Render thread/INFO] [Photonics/]: Photonics pass timing v73: group=restir gi accumulation, passes=[accumulation], viewport=608x300, megapixels=0.182, cpuInvocations=300, cpuSubmitAvgMs=0.004, cpuSubmitMaxMs=0.010, gpuSamples=75, gpuAvgMs=0.027, gpuMaxMs=0.029, gpuAvgMsPerMP=0.146
[03Aug2026 00:58:55.534] [Render thread/INFO] [Photonics/]: Photonics pass timing v73: group=svgf gi variance, passes=[variance prefilter], viewport=608x300, megapixels=0.182, cpuInvocations=300, cpuSubmitAvgMs=0.005, cpuSubmitMaxMs=0.017, gpuSamples=75, gpuAvgMs=0.028, gpuMaxMs=0.029, gpuAvgMsPerMP=0.153
[03Aug2026 00:58:55.534] [Render thread/INFO] [Photonics/]: Photonics pass timing v73: group=svgf gi atrous, passes=[atrous iteration], viewport=608x300, megapixels=0.182, cpuInvocations=900, cpuSubmitAvgMs=0.003, cpuSubmitMaxMs=0.013, gpuSamples=225, gpuAvgMs=0.032, gpuMaxMs=0.036, gpuAvgMsPerMP=0.176
[03Aug2026 00:58:55.534] [Render thread/INFO] [Photonics/]: Photonics pass timing v73: group=restir source/history diagnostic, passes=[compose diagnostic panels], viewport=912x450, megapixels=0.410, cpuInvocations=300, cpuSubmitAvgMs=0.003, cpuSubmitMaxMs=0.013, gpuSamples=75, gpuAvgMs=0.010, gpuMaxMs=0.021, gpuAvgMsPerMP=0.024
[03Aug2026 00:58:55.549] [Render thread/INFO] [Photonics/]: Photonics world tracing v72: revision=92, settled=false, compiledSections=1647, trackedSections=1647, batchBuilt=1, batchUnloaded=0, pendingBuilds=1, pendingUnloads=0, ready=true, depth=6, blockBounds=( 3.200E+1  1.280E+2  3.200E+1)..( 3.360E+2  2.080E+2  3.360E+2), treeBounds=( 0.000E+0  0.000E+0  0.000E+0)..( 1.024E+3  1.024E+3  1.024E+3), origin=(-7.680E+2 -1.920E+2  3.200E+2), boundsSource=compiled, compileMs=30.421
[03Aug2026 00:58:57.482] [Render thread/INFO] [Photonics/]: Photonics world tracing v72: revision=94, settled=false, compiledSections=1647, trackedSections=1647, batchBuilt=1, batchUnloaded=0, pendingBuilds=0, pendingUnloads=0, ready=true, depth=6, blockBounds=( 3.200E+1  1.280E+2  3.200E+1)..( 3.360E+2  2.080E+2  3.360E+2), treeBounds=( 0.000E+0  0.000E+0  0.000E+0)..( 1.024E+3  1.024E+3  1.024E+3), origin=(-7.680E+2 -1.920E+2  3.200E+2), boundsSource=compiled, compileMs=28.673
[03Aug2026 00:58:59.035] [Render thread/INFO] [Photonics/]: Photonics direct reservoir sample v64: samples=120, populated=52, emptyOrBackground=1, visibilityRejected=67, invalid=0, overLegacyCap=0, overTemporalCap=0, totalSamplesRange=32.0..32.0, viewport=912x450
[03Aug2026 00:58:59.483] [Render thread/INFO] [Photonics/]: Photonics world tracing v72: revision=94, settled=true, compiledSections=1647, trackedSections=1647, batchBuilt=1, batchUnloaded=0, pendingBuilds=0, pendingUnloads=0, ready=true, depth=6, blockBounds=( 3.200E+1  1.280E+2  3.200E+1)..( 3.360E+2  2.080E+2  3.360E+2), treeBounds=( 0.000E+0  0.000E+0  0.000E+0)..( 1.024E+3  1.024E+3  1.024E+3), origin=(-7.680E+2 -1.920E+2  3.200E+2), boundsSource=compiled, compileMs=28.673
[03Aug2026 00:58:59.484] [Render thread/INFO] [Photonics/]: Photonics memory v72: jvmHeap={usedBytes=2773706064, committedBytes=3917479936, maxBytes=8589934592}, jvmGc={collections=186, timeMs=1944}, worldHeap=GpuBufferHeapStats[capacityBytes=536870912, reservedBytes=111820820, liveBytes=111809268, peakLiveBytes=111810388, reusableBytes=11552, allocations=115415, reusedAllocations=25358, frees=25382, failedAllocations=0], paletteHeap=GpuBufferHeapStats[capacityBytes=201326592, reservedBytes=72960, liveBytes=72672, peakLiveBytes=72960, reusableBytes=288, allocations=762, reusedAllocations=2, frees=5, failedAllocations=0], registries={lights=Stats[cachedObjects=1, pendingFreeObjects=0, allocatedObjects=1, failedAllocations=0], palettes=Stats[cachedObjects=757, pendingFreeObjects=0, allocatedObjects=762, failedAllocations=0], blocks=Stats[cachedObjects=1225, pendingFreeObjects=0, allocatedObjects=1241, failedAllocations=0], models=Stats[cachedObjects=32, pendingFreeObjects=0, allocatedObjects=34, failedAllocations=0]}
[03Aug2026 00:59:00.270] [Render thread/INFO] [Photonics/]: Photonics pass timing v73: group=frag data, passes=[frag data], viewport=912x450, megapixels=0.410, cpuInvocations=299, cpuSubmitAvgMs=0.018, cpuSubmitMaxMs=0.058, gpuSamples=74, gpuAvgMs=0.026, gpuMaxMs=0.031, gpuAvgMsPerMP=0.064
[03Aug2026 00:59:00.270] [Render thread/INFO] [Photonics/]: Photonics frame throughput v78: viewport=912x450, windowSeconds=5.002, renderedFrames=299, fps=59.779, frameAvgMs=16.728
[03Aug2026 00:59:00.285] [Render thread/INFO] [Photonics/]: Photonics pass timing v73: group=frag data gi, passes=[frag data gi], viewport=608x300, megapixels=0.182, cpuInvocations=299, cpuSubmitAvgMs=0.012, cpuSubmitMaxMs=0.033, gpuSamples=75, gpuAvgMs=0.016, gpuMaxMs=0.051, gpuAvgMsPerMP=0.088
[03Aug2026 00:59:00.335] [Render thread/INFO] [Photonics/]: Photonics pass timing v73: group=restir direct, passes=[initial direct + visibility], viewport=912x450, megapixels=0.410, cpuInvocations=299, cpuSubmitAvgMs=0.011, cpuSubmitMaxMs=0.033, gpuSamples=74, gpuAvgMs=0.074, gpuMaxMs=0.077, gpuAvgMsPerMP=0.179
[03Aug2026 00:59:00.369] [Render thread/INFO] [Photonics/]: Photonics pass timing v73: group=restir direct spatial, passes=[spatial reuse/clamp], viewport=912x450, megapixels=0.410, cpuInvocations=299, cpuSubmitAvgMs=0.005, cpuSubmitMaxMs=0.021, gpuSamples=75, gpuAvgMs=0.017, gpuMaxMs=0.018, gpuAvgMsPerMP=0.042
[03Aug2026 00:59:00.385] [Render thread/INFO] [Photonics/]: Photonics pass timing v73: group=restir direct diffuse, passes=[diffuse], viewport=912x450, megapixels=0.410, cpuInvocations=299, cpuSubmitAvgMs=0.009, cpuSubmitMaxMs=0.025, gpuSamples=75, gpuAvgMs=0.255, gpuMaxMs=0.291, gpuAvgMsPerMP=0.621
[03Aug2026 00:59:00.420] [Render thread/INFO] [Photonics/]: Photonics pass timing v73: group=restir direct accumulation, passes=[accumulation], viewport=912x450, megapixels=0.410, cpuInvocations=299, cpuSubmitAvgMs=0.010, cpuSubmitMaxMs=0.033, gpuSamples=75, gpuAvgMs=0.136, gpuMaxMs=0.204, gpuAvgMsPerMP=0.332
[03Aug2026 00:59:00.420] [Render thread/INFO] [Photonics/]: Photonics pass timing v73: group=svgf direct variance, passes=[variance prefilter], viewport=912x450, megapixels=0.410, cpuInvocations=299, cpuSubmitAvgMs=0.007, cpuSubmitMaxMs=0.052, gpuSamples=75, gpuAvgMs=0.168, gpuMaxMs=0.247, gpuAvgMsPerMP=0.410
[03Aug2026 00:59:00.435] [Render thread/INFO] [Photonics/]: Photonics pass timing v73: group=svgf direct atrous, passes=[atrous iteration], viewport=912x450, megapixels=0.410, cpuInvocations=1495, cpuSubmitAvgMs=0.002, cpuSubmitMaxMs=0.012, gpuSamples=374, gpuAvgMs=0.091, gpuMaxMs=0.169, gpuAvgMsPerMP=0.222
[03Aug2026 00:59:00.452] [Render thread/INFO] [Photonics/]: Photonics pass timing v73: group=restir gi initial, passes=[initial indirect], viewport=608x300, megapixels=0.182, cpuInvocations=299, cpuSubmitAvgMs=0.006, cpuSubmitMaxMs=0.016, gpuSamples=75, gpuAvgMs=0.106, gpuMaxMs=0.147, gpuAvgMsPerMP=0.579
[03Aug2026 00:59:00.470] [Render thread/INFO] [Photonics/]: Photonics pass timing v73: group=restir gi temporal, passes=[temporal reuse + tri-state classification], viewport=608x300, megapixels=0.182, cpuInvocations=299, cpuSubmitAvgMs=0.007, cpuSubmitMaxMs=0.018, gpuSamples=74, gpuAvgMs=0.031, gpuMaxMs=0.073, gpuAvgMsPerMP=0.168
[03Aug2026 00:59:00.485] [Render thread/INFO] [Photonics/]: Photonics pass timing v73: group=restir gi spatial, passes=[spatial reuse/clamp + tri-state classification], viewport=608x300, megapixels=0.182, cpuInvocations=299, cpuSubmitAvgMs=0.005, cpuSubmitMaxMs=0.017, gpuSamples=75, gpuAvgMs=0.013, gpuMaxMs=0.043, gpuAvgMsPerMP=0.074
[03Aug2026 00:59:00.485] [Render thread/INFO] [Photonics/]: Photonics pass timing v73: group=restir gi diffuse, passes=[diffuse], viewport=608x300, megapixels=0.182, cpuInvocations=299, cpuSubmitAvgMs=0.004, cpuSubmitMaxMs=0.013, gpuSamples=75, gpuAvgMs=0.015, gpuMaxMs=0.042, gpuAvgMsPerMP=0.084
[03Aug2026 00:59:00.536] [Render thread/INFO] [Photonics/]: Photonics pass timing v73: group=restir gi accumulation, passes=[accumulation], viewport=608x300, megapixels=0.182, cpuInvocations=299, cpuSubmitAvgMs=0.004, cpuSubmitMaxMs=0.157, gpuSamples=74, gpuAvgMs=0.027, gpuMaxMs=0.029, gpuAvgMsPerMP=0.147
[03Aug2026 00:59:00.536] [Render thread/INFO] [Photonics/]: Photonics pass timing v73: group=svgf gi variance, passes=[variance prefilter], viewport=608x300, megapixels=0.182, cpuInvocations=299, cpuSubmitAvgMs=0.004, cpuSubmitMaxMs=0.042, gpuSamples=74, gpuAvgMs=0.028, gpuMaxMs=0.029, gpuAvgMsPerMP=0.153
[03Aug2026 00:59:00.536] [Render thread/INFO] [Photonics/]: Photonics pass timing v73: group=svgf gi atrous, passes=[atrous iteration], viewport=608x300, megapixels=0.182, cpuInvocations=897, cpuSubmitAvgMs=0.002, cpuSubmitMaxMs=0.013, gpuSamples=224, gpuAvgMs=0.032, gpuMaxMs=0.067, gpuAvgMsPerMP=0.175
[03Aug2026 00:59:00.536] [Render thread/INFO] [Photonics/]: Photonics pass timing v73: group=restir source/history diagnostic, passes=[compose diagnostic panels], viewport=912x450, megapixels=0.410, cpuInvocations=299, cpuSubmitAvgMs=0.003, cpuSubmitMaxMs=0.007, gpuSamples=74, gpuAvgMs=0.010, gpuMaxMs=0.018, gpuAvgMsPerMP=0.024
[03Aug2026 00:59:04.304] [Render thread/INFO] [Photonics/]: Photonics world tracing v72: revision=95, settled=false, compiledSections=1647, trackedSections=1647, batchBuilt=1, batchUnloaded=0, pendingBuilds=4, pendingUnloads=0, ready=true, depth=6, blockBounds=( 3.200E+1  1.280E+2  3.200E+1)..( 3.360E+2  2.080E+2  3.360E+2), treeBounds=( 0.000E+0  0.000E+0  0.000E+0)..( 1.024E+3  1.024E+3  1.024E+3), origin=(-7.680E+2 -1.920E+2  3.200E+2), boundsSource=compiled, compileMs=30.305
[03Aug2026 00:59:05.271] [Render thread/INFO] [Photonics/]: Photonics pass timing v73: group=frag data, passes=[frag data], viewport=912x450, megapixels=0.410, cpuInvocations=300, cpuSubmitAvgMs=0.017, cpuSubmitMaxMs=0.069, gpuSamples=75, gpuAvgMs=0.027, gpuMaxMs=0.062, gpuAvgMsPerMP=0.065
[03Aug2026 00:59:05.271] [Render thread/INFO] [Photonics/]: Photonics frame throughput v78: viewport=912x450, windowSeconds=5.002, renderedFrames=300, fps=59.981, frameAvgMs=16.672
[03Aug2026 00:59:05.287] [Render thread/INFO] [Photonics/]: Photonics pass timing v73: group=frag data gi, passes=[frag data gi], viewport=608x300, megapixels=0.182, cpuInvocations=300, cpuSubmitAvgMs=0.011, cpuSubmitMaxMs=0.029, gpuSamples=75, gpuAvgMs=0.015, gpuMaxMs=0.048, gpuAvgMsPerMP=0.085
[03Aug2026 00:59:05.338] [Render thread/INFO] [Photonics/]: Photonics pass timing v73: group=restir direct, passes=[initial direct + visibility], viewport=912x450, megapixels=0.410, cpuInvocations=300, cpuSubmitAvgMs=0.010, cpuSubmitMaxMs=0.030, gpuSamples=75, gpuAvgMs=0.075, gpuMaxMs=0.082, gpuAvgMsPerMP=0.182
[03Aug2026 00:59:05.371] [Render thread/INFO] [Photonics/]: Photonics pass timing v73: group=restir direct spatial, passes=[spatial reuse/clamp], viewport=912x450, megapixels=0.410, cpuInvocations=300, cpuSubmitAvgMs=0.005, cpuSubmitMaxMs=0.014, gpuSamples=75, gpuAvgMs=0.019, gpuMaxMs=0.063, gpuAvgMsPerMP=0.046
[03Aug2026 00:59:05.388] [Render thread/INFO] [Photonics/]: Photonics pass timing v73: group=restir direct diffuse, passes=[diffuse], viewport=912x450, megapixels=0.410, cpuInvocations=300, cpuSubmitAvgMs=0.009, cpuSubmitMaxMs=0.019, gpuSamples=75, gpuAvgMs=0.231, gpuMaxMs=0.254, gpuAvgMsPerMP=0.563
[03Aug2026 00:59:05.422] [Render thread/INFO] [Photonics/]: Photonics pass timing v73: group=restir direct accumulation, passes=[accumulation], viewport=912x450, megapixels=0.410, cpuInvocations=300, cpuSubmitAvgMs=0.010, cpuSubmitMaxMs=0.029, gpuSamples=75, gpuAvgMs=0.136, gpuMaxMs=0.205, gpuAvgMsPerMP=0.330
[03Aug2026 00:59:05.422] [Render thread/INFO] [Photonics/]: Photonics pass timing v73: group=svgf direct variance, passes=[variance prefilter], viewport=912x450, megapixels=0.410, cpuInvocations=300, cpuSubmitAvgMs=0.007, cpuSubmitMaxMs=0.022, gpuSamples=75, gpuAvgMs=0.163, gpuMaxMs=0.238, gpuAvgMsPerMP=0.398
[03Aug2026 00:59:05.438] [Render thread/INFO] [Photonics/]: Photonics pass timing v73: group=svgf direct atrous, passes=[atrous iteration], viewport=912x450, megapixels=0.410, cpuInvocations=1500, cpuSubmitAvgMs=0.002, cpuSubmitMaxMs=0.013, gpuSamples=375, gpuAvgMs=0.086, gpuMaxMs=0.162, gpuAvgMsPerMP=0.211
[03Aug2026 00:59:05.454] [Render thread/INFO] [Photonics/]: Photonics pass timing v73: group=restir gi initial, passes=[initial indirect], viewport=608x300, megapixels=0.182, cpuInvocations=300, cpuSubmitAvgMs=0.006, cpuSubmitMaxMs=0.019, gpuSamples=75, gpuAvgMs=0.112, gpuMaxMs=0.191, gpuAvgMsPerMP=0.616
[03Aug2026 00:59:05.471] [Render thread/INFO] [Photonics/]: Photonics pass timing v73: group=restir gi temporal, passes=[temporal reuse + tri-state classification], viewport=608x300, megapixels=0.182, cpuInvocations=300, cpuSubmitAvgMs=0.006, cpuSubmitMaxMs=0.016, gpuSamples=75, gpuAvgMs=0.031, gpuMaxMs=0.047, gpuAvgMsPerMP=0.169
[03Aug2026 00:59:05.489] [Render thread/INFO] [Photonics/]: Photonics pass timing v73: group=restir gi spatial, passes=[spatial reuse/clamp + tri-state classification], viewport=608x300, megapixels=0.182, cpuInvocations=300, cpuSubmitAvgMs=0.005, cpuSubmitMaxMs=0.024, gpuSamples=75, gpuAvgMs=0.013, gpuMaxMs=0.014, gpuAvgMsPerMP=0.072
[03Aug2026 00:59:05.489] [Render thread/INFO] [Photonics/]: Photonics pass timing v73: group=restir gi diffuse, passes=[diffuse], viewport=608x300, megapixels=0.182, cpuInvocations=300, cpuSubmitAvgMs=0.003, cpuSubmitMaxMs=0.009, gpuSamples=75, gpuAvgMs=0.015, gpuMaxMs=0.016, gpuAvgMsPerMP=0.081
[03Aug2026 00:59:05.540] [Render thread/INFO] [Photonics/]: Photonics pass timing v73: group=restir gi accumulation, passes=[accumulation], viewport=608x300, megapixels=0.182, cpuInvocations=300, cpuSubmitAvgMs=0.004, cpuSubmitMaxMs=0.011, gpuSamples=75, gpuAvgMs=0.027, gpuMaxMs=0.029, gpuAvgMsPerMP=0.146
[03Aug2026 00:59:05.540] [Render thread/INFO] [Photonics/]: Photonics pass timing v73: group=svgf gi variance, passes=[variance prefilter], viewport=608x300, megapixels=0.182, cpuInvocations=300, cpuSubmitAvgMs=0.004, cpuSubmitMaxMs=0.012, gpuSamples=75, gpuAvgMs=0.028, gpuMaxMs=0.029, gpuAvgMsPerMP=0.152
[03Aug2026 00:59:05.540] [Render thread/INFO] [Photonics/]: Photonics pass timing v73: group=svgf gi atrous, passes=[atrous iteration], viewport=608x300, megapixels=0.182, cpuInvocations=900, cpuSubmitAvgMs=0.002, cpuSubmitMaxMs=0.011, gpuSamples=225, gpuAvgMs=0.032, gpuMaxMs=0.046, gpuAvgMsPerMP=0.174
[03Aug2026 00:59:05.540] [Render thread/INFO] [Photonics/]: Photonics pass timing v73: group=restir source/history diagnostic, passes=[compose diagnostic panels], viewport=912x450, megapixels=0.410, cpuInvocations=300, cpuSubmitAvgMs=0.003, cpuSubmitMaxMs=0.010, gpuSamples=75, gpuAvgMs=0.010, gpuMaxMs=0.012, gpuAvgMsPerMP=0.023
[03Aug2026 00:59:06.353] [Render thread/INFO] [Photonics/]: Photonics world tracing v72: revision=96, settled=true, compiledSections=1647, trackedSections=1647, batchBuilt=4, batchUnloaded=0, pendingBuilds=0, pendingUnloads=0, ready=true, depth=6, blockBounds=( 3.200E+1  1.280E+2  3.200E+1)..( 3.360E+2  2.080E+2  3.360E+2), treeBounds=( 0.000E+0  0.000E+0  0.000E+0)..( 1.024E+3  1.024E+3  1.024E+3), origin=(-7.680E+2 -1.920E+2  3.200E+2), boundsSource=compiled, compileMs=30.372
[03Aug2026 00:59:06.353] [Render thread/INFO] [Photonics/]: Photonics memory v72: jvmHeap={usedBytes=3351110656, committedBytes=3917479936, maxBytes=8589934592}, jvmGc={collections=186, timeMs=1944}, worldHeap=GpuBufferHeapStats[capacityBytes=536870912, reservedBytes=111820820, liveBytes=111809268, peakLiveBytes=111810388, reusableBytes=11552, allocations=115415, reusedAllocations=25358, frees=25382, failedAllocations=0], paletteHeap=GpuBufferHeapStats[capacityBytes=201326592, reservedBytes=72960, liveBytes=72672, peakLiveBytes=72960, reusableBytes=288, allocations=762, reusedAllocations=2, frees=5, failedAllocations=0], registries={lights=Stats[cachedObjects=1, pendingFreeObjects=0, allocatedObjects=1, failedAllocations=0], palettes=Stats[cachedObjects=757, pendingFreeObjects=0, allocatedObjects=762, failedAllocations=0], blocks=Stats[cachedObjects=1225, pendingFreeObjects=0, allocatedObjects=1241, failedAllocations=0], models=Stats[cachedObjects=32, pendingFreeObjects=0, allocatedObjects=34, failedAllocations=0]}
[03Aug2026 00:59:07.039] [Render thread/INFO] [Photonics/]: Photonics direct reservoir sample v64: samples=120, populated=30, emptyOrBackground=1, visibilityRejected=80, invalid=9, overLegacyCap=0, overTemporalCap=0, totalSamplesRange=32.0..32.0, viewport=912x450
[03Aug2026 00:59:08.711] [Photonics Light List Compiler/INFO] [Photonics/]: Photonics light-list publication v88: coalescedBatches=4, peakPendingSections=100, remainingSections=0, deferredMs=31.147
[03Aug2026 00:59:08.738] [Render thread/INFO] [Photonics/]: Photonics world tracing v72: revision=97, settled=false, compiledSections=1558, trackedSections=1645, batchBuilt=6, batchUnloaded=95, pendingBuilds=31, pendingUnloads=0, ready=true, depth=6, blockBounds=( 4.800E+1  1.280E+2  3.200E+1)..( 3.520E+2  2.080E+2  3.360E+2), treeBounds=( 0.000E+0  0.000E+0  0.000E+0)..( 1.024E+3  1.024E+3  1.024E+3), origin=(-7.680E+2 -1.920E+2  3.200E+2), boundsSource=compiled, compileMs=58.029
[03Aug2026 00:59:09.003] [Photonics Light List Compiler/INFO] [Photonics/]: Photonics light-list publication v88: coalescedBatches=5, peakPendingSections=101, remainingSections=0, deferredMs=23.622
[03Aug2026 00:59:09.393] [Server thread/INFO] [net.minecraft.server.MinecraftServer/]: [Eutio: Set the time to 18000]
[03Aug2026 00:59:09.404] [Render thread/INFO] [net.minecraft.client.gui.components.ChatComponent/]: [System] [CHAT] Set the time to 18000
[03Aug2026 00:59:10.274] [Render thread/INFO] [Photonics/]: Photonics pass timing v73: group=frag data, passes=[frag data], viewport=912x450, megapixels=0.410, cpuInvocations=300, cpuSubmitAvgMs=0.019, cpuSubmitMaxMs=0.043, gpuSamples=75, gpuAvgMs=0.024, gpuMaxMs=0.055, gpuAvgMsPerMP=0.058
[03Aug2026 00:59:10.274] [Render thread/INFO] [Photonics/]: Photonics frame throughput v78: viewport=912x450, windowSeconds=5.003, renderedFrames=300, fps=59.969, frameAvgMs=16.675
[03Aug2026 00:59:10.289] [Render thread/INFO] [Photonics/]: Photonics pass timing v73: group=frag data gi, passes=[frag data gi], viewport=608x300, megapixels=0.182, cpuInvocations=300, cpuSubmitAvgMs=0.013, cpuSubmitMaxMs=0.085, gpuSamples=75, gpuAvgMs=0.014, gpuMaxMs=0.016, gpuAvgMsPerMP=0.077
[03Aug2026 00:59:10.340] [Render thread/INFO] [Photonics/]: Photonics pass timing v73: group=restir direct, passes=[initial direct + visibility], viewport=912x450, megapixels=0.410, cpuInvocations=300, cpuSubmitAvgMs=0.012, cpuSubmitMaxMs=0.053, gpuSamples=75, gpuAvgMs=0.052, gpuMaxMs=0.079, gpuAvgMsPerMP=0.127
[03Aug2026 00:59:10.374] [Render thread/INFO] [Photonics/]: Photonics pass timing v73: group=restir direct spatial, passes=[spatial reuse/clamp], viewport=912x450, megapixels=0.410, cpuInvocations=300, cpuSubmitAvgMs=0.006, cpuSubmitMaxMs=0.018, gpuSamples=75, gpuAvgMs=0.014, gpuMaxMs=0.047, gpuAvgMsPerMP=0.034
[03Aug2026 00:59:10.390] [Render thread/INFO] [Photonics/]: Photonics pass timing v73: group=restir direct diffuse, passes=[diffuse], viewport=912x450, megapixels=0.410, cpuInvocations=300, cpuSubmitAvgMs=0.009, cpuSubmitMaxMs=0.021, gpuSamples=75, gpuAvgMs=0.095, gpuMaxMs=0.208, gpuAvgMsPerMP=0.230
[03Aug2026 00:59:10.424] [Render thread/INFO] [Photonics/]: Photonics pass timing v73: group=restir direct accumulation, passes=[accumulation], viewport=912x450, megapixels=0.410, cpuInvocations=300, cpuSubmitAvgMs=0.010, cpuSubmitMaxMs=0.025, gpuSamples=75, gpuAvgMs=0.092, gpuMaxMs=0.191, gpuAvgMsPerMP=0.225
[03Aug2026 00:59:10.424] [Render thread/INFO] [Photonics/]: Photonics pass timing v73: group=svgf direct variance, passes=[variance prefilter], viewport=912x450, megapixels=0.410, cpuInvocations=300, cpuSubmitAvgMs=0.007, cpuSubmitMaxMs=0.022, gpuSamples=75, gpuAvgMs=0.095, gpuMaxMs=0.235, gpuAvgMsPerMP=0.232
[03Aug2026 00:59:10.440] [Render thread/INFO] [Photonics/]: Photonics pass timing v73: group=svgf direct atrous, passes=[atrous iteration], viewport=912x450, megapixels=0.410, cpuInvocations=1500, cpuSubmitAvgMs=0.003, cpuSubmitMaxMs=0.012, gpuSamples=375, gpuAvgMs=0.053, gpuMaxMs=0.151, gpuAvgMsPerMP=0.129
[03Aug2026 00:59:10.456] [Render thread/INFO] [Photonics/]: Photonics pass timing v73: group=restir gi initial, passes=[initial indirect], viewport=608x300, megapixels=0.182, cpuInvocations=300, cpuSubmitAvgMs=0.006, cpuSubmitMaxMs=0.015, gpuSamples=75, gpuAvgMs=0.105, gpuMaxMs=0.144, gpuAvgMsPerMP=0.575
[03Aug2026 00:59:10.474] [Render thread/INFO] [Photonics/]: Photonics pass timing v73: group=restir gi temporal, passes=[temporal reuse + tri-state classification], viewport=608x300, megapixels=0.182, cpuInvocations=300, cpuSubmitAvgMs=0.007, cpuSubmitMaxMs=0.067, gpuSamples=75, gpuAvgMs=0.023, gpuMaxMs=0.058, gpuAvgMsPerMP=0.128
[03Aug2026 00:59:10.490] [Render thread/INFO] [Photonics/]: Photonics pass timing v73: group=restir gi spatial, passes=[spatial reuse/clamp + tri-state classification], viewport=608x300, megapixels=0.182, cpuInvocations=300, cpuSubmitAvgMs=0.005, cpuSubmitMaxMs=0.016, gpuSamples=75, gpuAvgMs=0.011, gpuMaxMs=0.013, gpuAvgMsPerMP=0.063
[03Aug2026 00:59:10.490] [Render thread/INFO] [Photonics/]: Photonics pass timing v73: group=restir gi diffuse, passes=[diffuse], viewport=608x300, megapixels=0.182, cpuInvocations=300, cpuSubmitAvgMs=0.004, cpuSubmitMaxMs=0.010, gpuSamples=75, gpuAvgMs=0.013, gpuMaxMs=0.015, gpuAvgMsPerMP=0.070
[03Aug2026 00:59:10.540] [Render thread/INFO] [Photonics/]: Photonics pass timing v73: group=restir gi accumulation, passes=[accumulation], viewport=608x300, megapixels=0.182, cpuInvocations=300, cpuSubmitAvgMs=0.004, cpuSubmitMaxMs=0.009, gpuSamples=75, gpuAvgMs=0.019, gpuMaxMs=0.027, gpuAvgMsPerMP=0.107
[03Aug2026 00:59:10.540] [Render thread/INFO] [Photonics/]: Photonics pass timing v73: group=svgf gi variance, passes=[variance prefilter], viewport=608x300, megapixels=0.182, cpuInvocations=300, cpuSubmitAvgMs=0.005, cpuSubmitMaxMs=0.014, gpuSamples=75, gpuAvgMs=0.023, gpuMaxMs=0.031, gpuAvgMsPerMP=0.126
[03Aug2026 00:59:10.540] [Render thread/INFO] [Photonics/]: Photonics pass timing v73: group=svgf gi atrous, passes=[atrous iteration], viewport=608x300, megapixels=0.182, cpuInvocations=900, cpuSubmitAvgMs=0.003, cpuSubmitMaxMs=0.012, gpuSamples=225, gpuAvgMs=0.021, gpuMaxMs=0.042, gpuAvgMsPerMP=0.117
[03Aug2026 00:59:10.540] [Render thread/INFO] [Photonics/]: Photonics pass timing v73: group=restir source/history diagnostic, passes=[compose diagnostic panels], viewport=912x450, megapixels=0.410, cpuInvocations=300, cpuSubmitAvgMs=0.003, cpuSubmitMaxMs=0.009, gpuSamples=75, gpuAvgMs=0.006, gpuMaxMs=0.010, gpuAvgMsPerMP=0.015
[03Aug2026 00:59:11.206] [Render thread/INFO] [Photonics/]: Photonics world tracing v72: revision=102, settled=true, compiledSections=1645, trackedSections=1645, batchBuilt=38, batchUnloaded=0, pendingBuilds=0, pendingUnloads=0, ready=true, depth=6, blockBounds=( 4.800E+1  1.280E+2  8.000E+1)..( 3.520E+2  2.080E+2  3.840E+2), treeBounds=( 0.000E+0  0.000E+0  0.000E+0)..( 1.024E+3  1.024E+3  1.024E+3), origin=(-7.680E+2 -1.920E+2  2.560E+2), boundsSource=compiled, compileMs=67.149
[03Aug2026 00:59:11.206] [Render thread/INFO] [Photonics/]: Photonics memory v72: jvmHeap={usedBytes=2460863512, committedBytes=3917479936, maxBytes=8589934592}, jvmGc={collections=188, timeMs=1965}, worldHeap=GpuBufferHeapStats[capacityBytes=536870912, reservedBytes=111821588, liveBytes=111807540, peakLiveBytes=111810388, reusableBytes=14048, allocations=125497, reusedAllocations=35438, frees=35482, failedAllocations=0], paletteHeap=GpuBufferHeapStats[capacityBytes=201326592, reservedBytes=72960, liveBytes=72672, peakLiveBytes=72960, reusableBytes=288, allocations=762, reusedAllocations=2, frees=5, failedAllocations=0], registries={lights=Stats[cachedObjects=1, pendingFreeObjects=0, allocatedObjects=1, failedAllocations=0], palettes=Stats[cachedObjects=757, pendingFreeObjects=0, allocatedObjects=762, failedAllocations=0], blocks=Stats[cachedObjects=1225, pendingFreeObjects=0, allocatedObjects=1241, failedAllocations=0], models=Stats[cachedObjects=32, pendingFreeObjects=0, allocatedObjects=34, failedAllocations=0]}
[03Aug2026 00:59:12.425] [Photonics Light List Compiler/INFO] [Photonics/]: Photonics light candidates v18: eligible=142, selected=142, maxLights=4000, lightSections=9, capped=false
[03Aug2026 00:59:12.426] [Render thread/INFO] [Photonics/]: Photonics light list pending: 141 -> 142
[03Aug2026 00:59:12.474] [Render thread/INFO] [Photonics/]: Photonics world tracing v72: revision=103, settled=false, compiledSections=1646, trackedSections=1646, batchBuilt=1, batchUnloaded=0, pendingBuilds=2, pendingUnloads=0, ready=true, depth=6, blockBounds=( 4.800E+1  1.280E+2  8.000E+1)..( 3.520E+2  2.080E+2  3.840E+2), treeBounds=( 0.000E+0  0.000E+0  0.000E+0)..( 1.024E+3  1.024E+3  1.024E+3), origin=(-7.680E+2 -1.920E+2  2.560E+2), boundsSource=compiled, compileMs=35.169
[03Aug2026 00:59:12.823] [Photonics Light List Compiler/INFO] [Photonics/]: Photonics light candidates v18: eligible=143, selected=143, maxLights=4000, lightSections=9, capped=false
[03Aug2026 00:59:12.824] [Render thread/INFO] [Photonics/]: Photonics light list pending: 142 -> 143
[03Aug2026 00:59:13.024] [Photonics Light List Compiler/INFO] [Photonics/]: Photonics light candidates v18: eligible=144, selected=144, maxLights=4000, lightSections=9, capped=false
[03Aug2026 00:59:13.024] [Photonic Chunk Compiler #0/INFO] [Photonics/]: Photonics voxel diagnostic: state=Block{minecraft:verdant_froglight}[axis=z] vertexHash=4dae0a3de1974a40 complete=true samples=1592 alphaZero=0 alphaPartial=0 alphaOpaque=1592 rgbMean=[217.2,237.8,214.8] rgbRange=[120-248,166-253,92-248] voxels=1338 aabb=[0,0,0]-[15,15,15] parts=[( 0.000E+0  0.000E+0  0.000E+0)]
[03Aug2026 00:59:13.024] [Photonic Chunk Compiler #0/INFO] [Photonics/]: Photonics voxel occupancy: state=Block{minecraft:verdant_froglight}[axis=z] part=( 0.000E+0  0.000E+0  0.000E+0) slices=y0=ffff/bfff/dfff/efff/f7ff/fbff/fdff/feff/ffff/ffff/ffff/ffff/ffff/ffff/ffff/ffff;y1=ffff/8001/8001/8001/8001/8001/8001/8001/8001/8001/8001/8001/8001/8001/8000/ffff;y2=ffff/8001/8001/8001/8001/8001/8001/8001/8001/8001/8001/8001/8001/8000/8001/ffff;y3=ffff/8001/8001/8001/8001/8001/8001/8001/8001/8001/8001/8001/8000/8001/8001/ffff;y4=ffff/8001/8001/8001/8001/8001/8001/8001/8001/8001/8001/8000/8001/8001/8001/ffff;y5=ffff/8001/8001/8001/8001/8001/8001/8001/8001/8001/8000/8001/8001/8001/8001/ffff;y6=ffff/8001/8001/8001/8001/8001/8001/8001/8001/8000/8001/8001/8001/8001/8001/ffff;y7=ffff/8001/8001/8001/8001/8001/8001/8001/8000/8001/8001/8001/8001/8001/8001/ffff;y8=ffff/8001/8001/8001/8001/8001/8001/8001/8001/8001/8001/8001/8001/8001/8001/ffff;y9=ffff/8001/8001/8001/8001/8001/8001/8001/8001/8001/8001/8001/8001/8001/8001/ffff;y10=ffff/8001/8001/8001/8001/8001/8001/8001/8001/8001/8001/8001/8001/8001/8001/ffff;y11=ffff/8001/8001/8001/8001/8001/8001/8001/8001/8001/8001/8001/8001/8001/8001/ffff;y12=ffff/8001/8001/8001/8001/8001/8001/8001/8001/8001/8001/8001/8001/8001/8001/ffff;y13=ffff/8001/8001/8001/8001/8001/8001/8001/8001/8001/8001/8001/8001/8001/8001/ffff;y14=ffff/8001/8001/8001/8001/8001/8001/8001/8001/8001/8001/8001/8001/8001/8001/ffff;y15=ffff/ffff/ffff/ffff/ffff/ffff/ffff/ffff/ffff/ffff/ffff/ffff/ffff/ffff/ffff/ffff
[03Aug2026 00:59:13.024] [Render thread/INFO] [Photonics/]: Photonics light list pending: 143 -> 144
[03Aug2026 00:59:13.224] [Photonics Light List Compiler/INFO] [Photonics/]: Photonics light candidates v18: eligible=145, selected=145, maxLights=4000, lightSections=9, capped=false
[03Aug2026 00:59:13.225] [Render thread/INFO] [Photonics/]: Photonics light list pending: 144 -> 145
[03Aug2026 00:59:13.624] [Photonics Light List Compiler/INFO] [Photonics/]: Photonics light candidates v18: eligible=146, selected=146, maxLights=4000, lightSections=9, capped=false
[03Aug2026 00:59:13.625] [Render thread/INFO] [Photonics/]: Photonics light list pending: 145 -> 146
[03Aug2026 00:59:13.657] [Render thread/INFO] [Photonics/]: Photonics world tracing v72: revision=111, settled=false, compiledSections=1646, trackedSections=1646, batchBuilt=1, batchUnloaded=0, pendingBuilds=2, pendingUnloads=0, ready=true, depth=6, blockBounds=( 4.800E+1  1.280E+2  8.000E+1)..( 3.520E+2  2.080E+2  3.840E+2), treeBounds=( 0.000E+0  0.000E+0  0.000E+0)..( 1.024E+3  1.024E+3  1.024E+3), origin=(-7.680E+2 -1.920E+2  2.560E+2), boundsSource=compiled, compileMs=30.051
[03Aug2026 00:59:13.824] [Photonics Light List Compiler/INFO] [Photonics/]: Photonics light candidates v18: eligible=147, selected=147, maxLights=4000, lightSections=9, capped=false
[03Aug2026 00:59:13.825] [Render thread/INFO] [Photonics/]: Photonics light list pending: 146 -> 147
[03Aug2026 00:59:14.024] [Photonics Light List Compiler/INFO] [Photonics/]: Photonics light candidates v18: eligible=148, selected=148, maxLights=4000, lightSections=9, capped=false
[03Aug2026 00:59:14.025] [Render thread/INFO] [Photonics/]: Photonics light list pending: 147 -> 148
[03Aug2026 00:59:14.225] [Photonics Light List Compiler/INFO] [Photonics/]: Photonics light candidates v18: eligible=149, selected=149, maxLights=4000, lightSections=9, capped=false
[03Aug2026 00:59:14.225] [Render thread/INFO] [Photonics/]: Photonics light list pending: 148 -> 149
[03Aug2026 00:59:14.425] [Photonics Light List Compiler/INFO] [Photonics/]: Photonics light candidates v18: eligible=150, selected=150, maxLights=4000, lightSections=9, capped=false
[03Aug2026 00:59:14.426] [Render thread/INFO] [Photonics/]: Photonics light list pending: 149 -> 150
[03Aug2026 00:59:14.625] [Photonics Light List Compiler/INFO] [Photonics/]: Photonics light candidates v18: eligible=151, selected=151, maxLights=4000, lightSections=10, capped=false
[03Aug2026 00:59:14.626] [Render thread/INFO] [Photonics/]: Photonics light list pending: 150 -> 151
[03Aug2026 00:59:14.657] [Render thread/INFO] [Photonics/]: Photonics world tracing v72: revision=121, settled=false, compiledSections=1646, trackedSections=1646, batchBuilt=1, batchUnloaded=0, pendingBuilds=3, pendingUnloads=0, ready=true, depth=6, blockBounds=( 4.800E+1  1.280E+2  8.000E+1)..( 3.520E+2  2.080E+2  3.840E+2), treeBounds=( 0.000E+0  0.000E+0  0.000E+0)..( 1.024E+3  1.024E+3  1.024E+3), origin=(-7.680E+2 -1.920E+2  2.560E+2), boundsSource=compiled, compileMs=30.623
[03Aug2026 00:59:14.824] [Photonics Light List Compiler/INFO] [Photonics/]: Photonics light candidates v18: eligible=152, selected=152, maxLights=4000, lightSections=10, capped=false
[03Aug2026 00:59:14.825] [Render thread/INFO] [Photonics/]: Photonics light list pending: 151 -> 152
[03Aug2026 00:59:14.841] [Photonics Light List Compiler/INFO] [Photonics/]: Photonics light-list publication v88: coalescedBatches=5, peakPendingSections=84, remainingSections=0, deferredMs=9.005
[03Aug2026 00:59:15.025] [Photonics Light List Compiler/INFO] [Photonics/]: Photonics light candidates v18: eligible=153, selected=153, maxLights=4000, lightSections=10, capped=false
[03Aug2026 00:59:15.027] [Render thread/INFO] [Photonics/]: Photonics light list pending: 152 -> 153
[03Aug2026 00:59:15.043] [Render thread/INFO] [Photonics/]: Photonics direct reservoir sample v64: samples=120, populated=35, emptyOrBackground=17, visibilityRejected=46, invalid=22, overLegacyCap=0, overTemporalCap=0, totalSamplesRange=32.0..32.0, viewport=912x450
[03Aug2026 00:59:15.225] [Photonics Light List Compiler/INFO] [Photonics/]: Photonics light candidates v18: eligible=154, selected=154, maxLights=4000, lightSections=10, capped=false
[03Aug2026 00:59:15.226] [Render thread/INFO] [Photonics/]: Photonics light list pending: 153 -> 154
[03Aug2026 00:59:15.277] [Render thread/INFO] [Photonics/]: Photonics pass timing v73: group=frag data, passes=[frag data], viewport=912x450, megapixels=0.410, cpuInvocations=300, cpuSubmitAvgMs=0.031, cpuSubmitMaxMs=0.127, gpuSamples=75, gpuAvgMs=0.026, gpuMaxMs=0.038, gpuAvgMsPerMP=0.062
[03Aug2026 00:59:15.277] [Render thread/INFO] [Photonics/]: Photonics frame throughput v78: viewport=912x450, windowSeconds=5.003, renderedFrames=300, fps=59.967, frameAvgMs=16.676
[03Aug2026 00:59:15.293] [Render thread/INFO] [Photonics/]: Photonics pass timing v73: group=frag data gi, passes=[frag data gi], viewport=608x300, megapixels=0.182, cpuInvocations=300, cpuSubmitAvgMs=0.014, cpuSubmitMaxMs=0.051, gpuSamples=75, gpuAvgMs=0.016, gpuMaxMs=0.049, gpuAvgMsPerMP=0.088
[03Aug2026 00:59:15.342] [Render thread/INFO] [Photonics/]: Photonics pass timing v73: group=restir direct, passes=[initial direct + visibility], viewport=912x450, megapixels=0.410, cpuInvocations=300, cpuSubmitAvgMs=0.014, cpuSubmitMaxMs=0.045, gpuSamples=75, gpuAvgMs=0.060, gpuMaxMs=0.070, gpuAvgMsPerMP=0.147
[03Aug2026 00:59:15.377] [Render thread/INFO] [Photonics/]: Photonics pass timing v73: group=restir direct spatial, passes=[spatial reuse/clamp], viewport=912x450, megapixels=0.410, cpuInvocations=300, cpuSubmitAvgMs=0.006, cpuSubmitMaxMs=0.026, gpuSamples=75, gpuAvgMs=0.017, gpuMaxMs=0.046, gpuAvgMsPerMP=0.041
[03Aug2026 00:59:15.394] [Render thread/INFO] [Photonics/]: Photonics pass timing v73: group=restir direct diffuse, passes=[diffuse], viewport=912x450, megapixels=0.410, cpuInvocations=300, cpuSubmitAvgMs=0.011, cpuSubmitMaxMs=0.023, gpuSamples=75, gpuAvgMs=0.127, gpuMaxMs=0.235, gpuAvgMsPerMP=0.311
[03Aug2026 00:59:15.426] [Photonics Light List Compiler/INFO] [Photonics/]: Photonics light candidates v18: eligible=155, selected=155, maxLights=4000, lightSections=10, capped=false
[03Aug2026 00:59:15.428] [Render thread/INFO] [Photonics/]: Photonics light list pending: 154 -> 155
[03Aug2026 00:59:15.432] [Render thread/INFO] [Photonics/]: Photonics pass timing v73: group=restir direct accumulation, passes=[accumulation], viewport=912x450, megapixels=0.410, cpuInvocations=300, cpuSubmitAvgMs=0.012, cpuSubmitMaxMs=0.038, gpuSamples=75, gpuAvgMs=0.122, gpuMaxMs=0.205, gpuAvgMsPerMP=0.296
[03Aug2026 00:59:15.432] [Render thread/INFO] [Photonics/]: Photonics pass timing v73: group=svgf direct variance, passes=[variance prefilter], viewport=912x450, megapixels=0.410, cpuInvocations=300, cpuSubmitAvgMs=0.009, cpuSubmitMaxMs=0.032, gpuSamples=75, gpuAvgMs=0.149, gpuMaxMs=0.244, gpuAvgMsPerMP=0.364
[03Aug2026 00:59:15.443] [Render thread/INFO] [Photonics/]: Photonics pass timing v73: group=svgf direct atrous, passes=[atrous iteration], viewport=912x450, megapixels=0.410, cpuInvocations=1500, cpuSubmitAvgMs=0.003, cpuSubmitMaxMs=0.014, gpuSamples=375, gpuAvgMs=0.074, gpuMaxMs=0.159, gpuAvgMsPerMP=0.180
[03Aug2026 00:59:15.459] [Render thread/INFO] [Photonics/]: Photonics pass timing v73: group=restir gi initial, passes=[initial indirect], viewport=608x300, megapixels=0.182, cpuInvocations=300, cpuSubmitAvgMs=0.007, cpuSubmitMaxMs=0.016, gpuSamples=75, gpuAvgMs=0.131, gpuMaxMs=0.162, gpuAvgMsPerMP=0.718
[03Aug2026 00:59:15.477] [Render thread/INFO] [Photonics/]: Photonics pass timing v73: group=restir gi temporal, passes=[temporal reuse + tri-state classification], viewport=608x300, megapixels=0.182, cpuInvocations=300, cpuSubmitAvgMs=0.007, cpuSubmitMaxMs=0.023, gpuSamples=75, gpuAvgMs=0.029, gpuMaxMs=0.046, gpuAvgMsPerMP=0.158
[03Aug2026 00:59:15.493] [Render thread/INFO] [Photonics/]: Photonics pass timing v73: group=restir gi spatial, passes=[spatial reuse/clamp + tri-state classification], viewport=608x300, megapixels=0.182, cpuInvocations=300, cpuSubmitAvgMs=0.006, cpuSubmitMaxMs=0.016, gpuSamples=75, gpuAvgMs=0.013, gpuMaxMs=0.014, gpuAvgMsPerMP=0.069
[03Aug2026 00:59:15.494] [Render thread/INFO] [Photonics/]: Photonics pass timing v73: group=restir gi diffuse, passes=[diffuse], viewport=608x300, megapixels=0.182, cpuInvocations=300, cpuSubmitAvgMs=0.004, cpuSubmitMaxMs=0.010, gpuSamples=75, gpuAvgMs=0.014, gpuMaxMs=0.015, gpuAvgMsPerMP=0.077
[03Aug2026 00:59:15.543] [Render thread/INFO] [Photonics/]: Photonics pass timing v73: group=restir gi accumulation, passes=[accumulation], viewport=608x300, megapixels=0.182, cpuInvocations=300, cpuSubmitAvgMs=0.005, cpuSubmitMaxMs=0.010, gpuSamples=75, gpuAvgMs=0.024, gpuMaxMs=0.027, gpuAvgMsPerMP=0.130
[03Aug2026 00:59:15.543] [Render thread/INFO] [Photonics/]: Photonics pass timing v73: group=svgf gi variance, passes=[variance prefilter], viewport=608x300, megapixels=0.182, cpuInvocations=300, cpuSubmitAvgMs=0.005, cpuSubmitMaxMs=0.020, gpuSamples=75, gpuAvgMs=0.026, gpuMaxMs=0.029, gpuAvgMsPerMP=0.145
[03Aug2026 00:59:15.543] [Render thread/INFO] [Photonics/]: Photonics pass timing v73: group=svgf gi atrous, passes=[atrous iteration], viewport=608x300, megapixels=0.182, cpuInvocations=900, cpuSubmitAvgMs=0.003, cpuSubmitMaxMs=0.013, gpuSamples=225, gpuAvgMs=0.028, gpuMaxMs=0.036, gpuAvgMsPerMP=0.155
[03Aug2026 00:59:15.543] [Render thread/INFO] [Photonics/]: Photonics pass timing v73: group=restir source/history diagnostic, passes=[compose diagnostic panels], viewport=912x450, megapixels=0.410, cpuInvocations=300, cpuSubmitAvgMs=0.004, cpuSubmitMaxMs=0.011, gpuSamples=75, gpuAvgMs=0.008, gpuMaxMs=0.011, gpuAvgMsPerMP=0.019
[03Aug2026 00:59:15.625] [Photonics Light List Compiler/INFO] [Photonics/]: Photonics light candidates v18: eligible=156, selected=156, maxLights=4000, lightSections=10, capped=false
[03Aug2026 00:59:15.625] [Render thread/INFO] [Photonics/]: Photonics light list pending: 155 -> 156
[03Aug2026 00:59:15.657] [Render thread/INFO] [Photonics/]: Photonics world tracing v72: revision=131, settled=false, compiledSections=1646, trackedSections=1646, batchBuilt=1, batchUnloaded=0, pendingBuilds=2, pendingUnloads=0, ready=true, depth=6, blockBounds=( 4.800E+1  1.280E+2  3.200E+1)..( 3.520E+2  2.080E+2  3.360E+2), treeBounds=( 0.000E+0  0.000E+0  0.000E+0)..( 1.024E+3  1.024E+3  1.024E+3), origin=(-7.680E+2 -1.920E+2  3.200E+2), boundsSource=compiled, compileMs=31.020
[03Aug2026 00:59:15.825] [Photonics Light List Compiler/INFO] [Photonics/]: Photonics light candidates v18: eligible=157, selected=157, maxLights=4000, lightSections=10, capped=false
[03Aug2026 00:59:15.825] [Render thread/INFO] [Photonics/]: Photonics light list pending: 156 -> 157
[03Aug2026 00:59:16.025] [Photonics Light List Compiler/INFO] [Photonics/]: Photonics light candidates v18: eligible=158, selected=158, maxLights=4000, lightSections=10, capped=false
[03Aug2026 00:59:16.026] [Render thread/INFO] [Photonics/]: Photonics light list pending: 157 -> 158
[03Aug2026 00:59:16.225] [Photonics Light List Compiler/INFO] [Photonics/]: Photonics light candidates v18: eligible=159, selected=159, maxLights=4000, lightSections=10, capped=false
[03Aug2026 00:59:16.226] [Render thread/INFO] [Photonics/]: Photonics light list pending: 158 -> 159
[03Aug2026 00:59:16.425] [Photonics Light List Compiler/INFO] [Photonics/]: Photonics light candidates v18: eligible=160, selected=160, maxLights=4000, lightSections=10, capped=false
[03Aug2026 00:59:16.426] [Render thread/INFO] [Photonics/]: Photonics light list pending: 159 -> 160
[03Aug2026 00:59:16.625] [Photonics Light List Compiler/INFO] [Photonics/]: Photonics light candidates v18: eligible=161, selected=161, maxLights=4000, lightSections=10, capped=false
[03Aug2026 00:59:16.625] [Render thread/INFO] [Photonics/]: Photonics light list pending: 160 -> 161
[03Aug2026 00:59:16.658] [Render thread/INFO] [Photonics/]: Photonics world tracing v72: revision=141, settled=false, compiledSections=1646, trackedSections=1646, batchBuilt=1, batchUnloaded=0, pendingBuilds=1, pendingUnloads=0, ready=true, depth=6, blockBounds=( 4.800E+1  1.280E+2  3.200E+1)..( 3.520E+2  2.080E+2  3.360E+2), treeBounds=( 0.000E+0  0.000E+0  0.000E+0)..( 1.024E+3  1.024E+3  1.024E+3), origin=(-7.680E+2 -1.920E+2  3.200E+2), boundsSource=compiled, compileMs=31.915
[03Aug2026 00:59:16.825] [Photonics Light List Compiler/INFO] [Photonics/]: Photonics light candidates v18: eligible=162, selected=162, maxLights=4000, lightSections=10, capped=false
[03Aug2026 00:59:16.826] [Render thread/INFO] [Photonics/]: Photonics light list pending: 161 -> 162
[03Aug2026 00:59:17.226] [Photonics Light List Compiler/INFO] [Photonics/]: Photonics light candidates v18: eligible=163, selected=163, maxLights=4000, lightSections=10, capped=false
[03Aug2026 00:59:17.226] [Render thread/INFO] [Photonics/]: Photonics light list pending: 162 -> 163
[03Aug2026 00:59:17.426] [Photonics Light List Compiler/INFO] [Photonics/]: Photonics light candidates v18: eligible=164, selected=164, maxLights=4000, lightSections=10, capped=false
[03Aug2026 00:59:17.426] [Render thread/INFO] [Photonics/]: Photonics light list pending: 163 -> 164
[03Aug2026 00:59:17.626] [Photonics Light List Compiler/INFO] [Photonics/]: Photonics light candidates v18: eligible=165, selected=165, maxLights=4000, lightSections=11, capped=false
[03Aug2026 00:59:17.627] [Render thread/INFO] [Photonics/]: Photonics light list pending: 164 -> 165
[03Aug2026 00:59:17.676] [Render thread/INFO] [Photonics/]: Photonics world tracing v72: revision=149, settled=false, compiledSections=1647, trackedSections=1647, batchBuilt=1, batchUnloaded=0, pendingBuilds=2, pendingUnloads=0, ready=true, depth=6, blockBounds=( 4.800E+1  1.280E+2  3.200E+1)..( 3.520E+2  2.080E+2  3.360E+2), treeBounds=( 0.000E+0  0.000E+0  0.000E+0)..( 1.024E+3  1.024E+3  1.024E+3), origin=(-7.680E+2 -1.920E+2  3.200E+2), boundsSource=compiled, compileMs=32.827
[03Aug2026 00:59:17.826] [Photonics Light List Compiler/INFO] [Photonics/]: Photonics light candidates v18: eligible=166, selected=166, maxLights=4000, lightSections=11, capped=false
[03Aug2026 00:59:17.827] [Render thread/INFO] [Photonics/]: Photonics light list pending: 165 -> 166
[03Aug2026 00:59:17.959] [Photonics Light List Compiler/INFO] [Photonics/]: Photonics light candidates v18: eligible=157, selected=157, maxLights=4000, lightSections=10, capped=false
[03Aug2026 00:59:17.959] [Photonics Light List Compiler/INFO] [Photonics/]: Photonics light-list publication v88: coalescedBatches=6, peakPendingSections=85, remainingSections=0, deferredMs=25.294
[03Aug2026 00:59:17.960] [Render thread/INFO] [Photonics/]: Photonics light list pending: 166 -> 157
[03Aug2026 00:59:18.026] [Photonics Light List Compiler/INFO] [Photonics/]: Photonics light candidates v18: eligible=158, selected=158, maxLights=4000, lightSections=10, capped=false
[03Aug2026 00:59:18.026] [Render thread/INFO] [Photonics/]: Photonics light list pending: 157 -> 158
[03Aug2026 00:59:18.226] [Photonics Light List Compiler/INFO] [Photonics/]: Photonics light candidates v18: eligible=159, selected=159, maxLights=4000, lightSections=10, capped=false
[03Aug2026 00:59:18.226] [Render thread/INFO] [Photonics/]: Photonics light list pending: 158 -> 159
[03Aug2026 00:59:18.426] [Photonics Light List Compiler/INFO] [Photonics/]: Photonics light candidates v18: eligible=160, selected=160, maxLights=4000, lightSections=11, capped=false
[03Aug2026 00:59:18.427] [Render thread/INFO] [Photonics/]: Photonics light list pending: 159 -> 160
[03Aug2026 00:59:18.446] [Photonics Light List Compiler/INFO] [Photonics/]: Photonics light-list publication v88: coalescedBatches=4, peakPendingSections=37, remainingSections=0, deferredMs=17.737
[03Aug2026 00:59:18.463] [Photonics Light List Compiler/INFO] [Photonics/]: Photonics light-list publication v88: coalescedBatches=2, peakPendingSections=66, remainingSections=0, deferredMs=11.983
[03Aug2026 00:59:18.626] [Photonics Light List Compiler/INFO] [Photonics/]: Photonics light candidates v18: eligible=161, selected=161, maxLights=4000, lightSections=11, capped=false
[03Aug2026 00:59:18.627] [Render thread/INFO] [Photonics/]: Photonics light list pending: 160 -> 161
[03Aug2026 00:59:18.676] [Render thread/INFO] [Photonics/]: Photonics world tracing v72: revision=162, settled=false, compiledSections=1680, trackedSections=1680, batchBuilt=1, batchUnloaded=0, pendingBuilds=2, pendingUnloads=0, ready=true, depth=6, blockBounds=( 4.800E+1  1.280E+2  4.800E+1)..( 3.520E+2  2.080E+2  3.520E+2), treeBounds=( 0.000E+0  0.000E+0  0.000E+0)..( 1.024E+3  1.024E+3  1.024E+3), origin=(-7.680E+2 -1.920E+2  3.200E+2), boundsSource=compiled, compileMs=36.009
[03Aug2026 00:59:18.826] [Photonics Light List Compiler/INFO] [Photonics/]: Photonics light candidates v18: eligible=162, selected=162, maxLights=4000, lightSections=11, capped=false
[03Aug2026 00:59:18.826] [Render thread/INFO] [Photonics/]: Photonics light list pending: 161 -> 162
[03Aug2026 00:59:19.026] [Photonics Light List Compiler/INFO] [Photonics/]: Photonics light candidates v18: eligible=163, selected=163, maxLights=4000, lightSections=11, capped=false
[03Aug2026 00:59:19.027] [Render thread/INFO] [Photonics/]: Photonics light list pending: 162 -> 163
[03Aug2026 00:59:19.226] [Photonics Light List Compiler/INFO] [Photonics/]: Photonics light candidates v18: eligible=164, selected=164, maxLights=4000, lightSections=11, capped=false
[03Aug2026 00:59:19.227] [Render thread/INFO] [Photonics/]: Photonics light list pending: 163 -> 164
[03Aug2026 00:59:19.426] [Photonics Light List Compiler/INFO] [Photonics/]: Photonics light candidates v18: eligible=165, selected=165, maxLights=4000, lightSections=11, capped=false
[03Aug2026 00:59:19.427] [Render thread/INFO] [Photonics/]: Photonics light list pending: 164 -> 165
[03Aug2026 00:59:19.626] [Photonics Light List Compiler/INFO] [Photonics/]: Photonics light candidates v18: eligible=166, selected=166, maxLights=4000, lightSections=11, capped=false
[03Aug2026 00:59:19.627] [Render thread/INFO] [Photonics/]: Photonics light list pending: 165 -> 166
[03Aug2026 00:59:19.709] [Render thread/INFO] [Photonics/]: Photonics world tracing v72: revision=173, settled=false, compiledSections=1680, trackedSections=1680, batchBuilt=2, batchUnloaded=0, pendingBuilds=0, pendingUnloads=0, ready=true, depth=6, blockBounds=( 4.800E+1  1.280E+2  4.800E+1)..( 3.520E+2  2.080E+2  3.520E+2), treeBounds=( 0.000E+0  0.000E+0  0.000E+0)..( 1.024E+3  1.024E+3  1.024E+3), origin=(-7.680E+2 -1.920E+2  3.200E+2), boundsSource=compiled, compileMs=31.483
[03Aug2026 00:59:19.826] [Photonics Light List Compiler/INFO] [Photonics/]: Photonics light candidates v18: eligible=167, selected=167, maxLights=4000, lightSections=11, capped=false
[03Aug2026 00:59:19.827] [Render thread/INFO] [Photonics/]: Photonics light list pending: 166 -> 167
[03Aug2026 00:59:20.010] [Photonics Light List Compiler/INFO] [Photonics/]: Photonics light candidates v18: eligible=168, selected=168, maxLights=4000, lightSections=11, capped=false
[03Aug2026 00:59:20.011] [Render thread/INFO] [Photonics/]: Photonics light list pending: 167 -> 168
[03Aug2026 00:59:20.021] [Photonics Light List Compiler/INFO] [Photonics/]: Photonics light-list publication v88: coalescedBatches=2, peakPendingSections=27, remainingSections=0, deferredMs=2.779
[03Aug2026 00:59:20.210] [Photonics Light List Compiler/INFO] [Photonics/]: Photonics light candidates v18: eligible=169, selected=169, maxLights=4000, lightSections=11, capped=false
[03Aug2026 00:59:20.211] [Render thread/INFO] [Photonics/]: Photonics light list pending: 168 -> 169
[03Aug2026 00:59:20.277] [Render thread/INFO] [Photonics/]: Photonics pass timing v73: group=frag data, passes=[frag data], viewport=912x450, megapixels=0.410, cpuInvocations=299, cpuSubmitAvgMs=0.035, cpuSubmitMaxMs=0.095, gpuSamples=75, gpuAvgMs=0.026, gpuMaxMs=0.027, gpuAvgMsPerMP=0.064
[03Aug2026 00:59:20.277] [Render thread/INFO] [Photonics/]: Photonics frame throughput v78: viewport=912x450, windowSeconds=5.000, renderedFrames=299, fps=59.795, frameAvgMs=16.724
[03Aug2026 00:59:20.294] [Render thread/INFO] [Photonics/]: Photonics pass timing v73: group=frag data gi, passes=[frag data gi], viewport=608x300, megapixels=0.182, cpuInvocations=299, cpuSubmitAvgMs=0.015, cpuSubmitMaxMs=0.035, gpuSamples=74, gpuAvgMs=0.016, gpuMaxMs=0.016, gpuAvgMsPerMP=0.087
[03Aug2026 00:59:20.344] [Render thread/INFO] [Photonics/]: Photonics pass timing v73: group=restir direct, passes=[initial direct + visibility], viewport=912x450, megapixels=0.410, cpuInvocations=299, cpuSubmitAvgMs=0.014, cpuSubmitMaxMs=0.035, gpuSamples=75, gpuAvgMs=0.070, gpuMaxMs=0.071, gpuAvgMsPerMP=0.170
[03Aug2026 00:59:20.377] [Render thread/INFO] [Photonics/]: Photonics pass timing v73: group=restir direct spatial, passes=[spatial reuse/clamp], viewport=912x450, megapixels=0.410, cpuInvocations=299, cpuSubmitAvgMs=0.007, cpuSubmitMaxMs=0.019, gpuSamples=75, gpuAvgMs=0.018, gpuMaxMs=0.060, gpuAvgMsPerMP=0.043
[03Aug2026 00:59:20.394] [Render thread/INFO] [Photonics/]: Photonics pass timing v73: group=restir direct diffuse, passes=[diffuse], viewport=912x450, megapixels=0.410, cpuInvocations=299, cpuSubmitAvgMs=0.011, cpuSubmitMaxMs=0.025, gpuSamples=75, gpuAvgMs=0.263, gpuMaxMs=0.324, gpuAvgMsPerMP=0.640
[03Aug2026 00:59:20.410] [Photonics Light List Compiler/INFO] [Photonics/]: Photonics light candidates v18: eligible=170, selected=170, maxLights=4000, lightSections=12, capped=false
[03Aug2026 00:59:20.411] [Render thread/INFO] [Photonics/]: Photonics light list pending: 169 -> 170
[03Aug2026 00:59:20.445] [Render thread/INFO] [Photonics/]: Photonics pass timing v73: group=restir direct accumulation, passes=[accumulation], viewport=912x450, megapixels=0.410, cpuInvocations=300, cpuSubmitAvgMs=0.012, cpuSubmitMaxMs=0.053, gpuSamples=75, gpuAvgMs=0.138, gpuMaxMs=0.198, gpuAvgMsPerMP=0.336
[03Aug2026 00:59:20.445] [Render thread/INFO] [Photonics/]: Photonics pass timing v73: group=svgf direct variance, passes=[variance prefilter], viewport=912x450, megapixels=0.410, cpuInvocations=300, cpuSubmitAvgMs=0.009, cpuSubmitMaxMs=0.029, gpuSamples=75, gpuAvgMs=0.168, gpuMaxMs=0.237, gpuAvgMsPerMP=0.409
[03Aug2026 00:59:20.445] [Render thread/INFO] [Photonics/]: Photonics pass timing v73: group=svgf direct atrous, passes=[atrous iteration], viewport=912x450, megapixels=0.410, cpuInvocations=1495, cpuSubmitAvgMs=0.003, cpuSubmitMaxMs=0.017, gpuSamples=374, gpuAvgMs=0.084, gpuMaxMs=0.158, gpuAvgMsPerMP=0.204
[03Aug2026 00:59:20.462] [Render thread/INFO] [Photonics/]: Photonics pass timing v73: group=restir gi initial, passes=[initial indirect], viewport=608x300, megapixels=0.182, cpuInvocations=299, cpuSubmitAvgMs=0.007, cpuSubmitMaxMs=0.017, gpuSamples=75, gpuAvgMs=0.149, gpuMaxMs=0.175, gpuAvgMsPerMP=0.817
[03Aug2026 00:59:20.479] [Render thread/INFO] [Photonics/]: Photonics pass timing v73: group=restir gi temporal, passes=[temporal reuse + tri-state classification], viewport=608x300, megapixels=0.182, cpuInvocations=299, cpuSubmitAvgMs=0.008, cpuSubmitMaxMs=0.027, gpuSamples=75, gpuAvgMs=0.033, gpuMaxMs=0.079, gpuAvgMsPerMP=0.183
[03Aug2026 00:59:20.496] [Render thread/INFO] [Photonics/]: Photonics pass timing v73: group=restir gi spatial, passes=[spatial reuse/clamp + tri-state classification], viewport=608x300, megapixels=0.182, cpuInvocations=299, cpuSubmitAvgMs=0.006, cpuSubmitMaxMs=0.020, gpuSamples=74, gpuAvgMs=0.014, gpuMaxMs=0.042, gpuAvgMsPerMP=0.076
[03Aug2026 00:59:20.496] [Render thread/INFO] [Photonics/]: Photonics pass timing v73: group=restir gi diffuse, passes=[diffuse], viewport=608x300, megapixels=0.182, cpuInvocations=299, cpuSubmitAvgMs=0.004, cpuSubmitMaxMs=0.010, gpuSamples=74, gpuAvgMs=0.015, gpuMaxMs=0.027, gpuAvgMsPerMP=0.082
[03Aug2026 00:59:20.517] [Photonics Light List Compiler/INFO] [Photonics/]: Photonics light-list publication v88: coalescedBatches=4, peakPendingSections=55, remainingSections=0, deferredMs=6.227
[03Aug2026 00:59:20.538] [Photonics Light List Compiler/INFO] [Photonics/]: Photonics light-list publication v88: coalescedBatches=2, peakPendingSections=62, remainingSections=0, deferredMs=10.623
[03Aug2026 00:59:20.545] [Render thread/INFO] [Photonics/]: Photonics pass timing v73: group=restir gi accumulation, passes=[accumulation], viewport=608x300, megapixels=0.182, cpuInvocations=299, cpuSubmitAvgMs=0.005, cpuSubmitMaxMs=0.012, gpuSamples=75, gpuAvgMs=0.027, gpuMaxMs=0.078, gpuAvgMsPerMP=0.148
[03Aug2026 00:59:20.546] [Render thread/INFO] [Photonics/]: Photonics pass timing v73: group=svgf gi variance, passes=[variance prefilter], viewport=608x300, megapixels=0.182, cpuInvocations=299, cpuSubmitAvgMs=0.005, cpuSubmitMaxMs=0.032, gpuSamples=75, gpuAvgMs=0.028, gpuMaxMs=0.048, gpuAvgMsPerMP=0.156
[03Aug2026 00:59:20.546] [Render thread/INFO] [Photonics/]: Photonics pass timing v73: group=svgf gi atrous, passes=[atrous iteration], viewport=608x300, megapixels=0.182, cpuInvocations=897, cpuSubmitAvgMs=0.003, cpuSubmitMaxMs=0.012, gpuSamples=225, gpuAvgMs=0.032, gpuMaxMs=0.050, gpuAvgMsPerMP=0.177
[03Aug2026 00:59:20.546] [Render thread/INFO] [Photonics/]: Photonics pass timing v73: group=restir source/history diagnostic, passes=[compose diagnostic panels], viewport=912x450, megapixels=0.410, cpuInvocations=299, cpuSubmitAvgMs=0.004, cpuSubmitMaxMs=0.012, gpuSamples=75, gpuAvgMs=0.010, gpuMaxMs=0.021, gpuAvgMsPerMP=0.024
[03Aug2026 00:59:20.611] [Photonics Light List Compiler/INFO] [Photonics/]: Photonics light candidates v18: eligible=171, selected=171, maxLights=4000, lightSections=13, capped=false
[03Aug2026 00:59:20.611] [Render thread/INFO] [Photonics/]: Photonics light list pending: 170 -> 171
[03Aug2026 00:59:20.811] [Photonics Light List Compiler/INFO] [Photonics/]: Photonics light candidates v18: eligible=172, selected=172, maxLights=4000, lightSections=13, capped=false
[03Aug2026 00:59:20.812] [Render thread/INFO] [Photonics/]: Photonics light list pending: 171 -> 172
[03Aug2026 00:59:20.823] [Photonics Light List Compiler/INFO] [Photonics/]: Photonics light candidates v18: eligible=136, selected=136, maxLights=4000, lightSections=12, capped=false
[03Aug2026 00:59:20.823] [Photonics Light List Compiler/INFO] [Photonics/]: Photonics light-list publication v88: coalescedBatches=2, peakPendingSections=24, remainingSections=0, deferredMs=2.820
[03Aug2026 00:59:20.827] [Render thread/INFO] [Photonics/]: Photonics light list pending: 172 -> 136
[03Aug2026 00:59:20.861] [Render thread/INFO] [Photonics/]: Photonics world tracing v72: revision=186, settled=false, compiledSections=1683, trackedSections=1654, batchBuilt=1, batchUnloaded=0, pendingBuilds=46, pendingUnloads=94, ready=true, depth=6, blockBounds=( 9.600E+1  1.280E+2  4.800E+1)..( 4.000E+2  2.080E+2  3.520E+2), treeBounds=( 0.000E+0  0.000E+0  0.000E+0)..( 1.024E+3  1.024E+3  1.024E+3), origin=(-8.320E+2 -1.920E+2  3.200E+2), boundsSource=compiled, compileMs=41.445
[03Aug2026 00:59:20.891] [Photonics Light List Compiler/INFO] [Photonics/]: Photonics light candidates v18: eligible=172, selected=172, maxLights=4000, lightSections=13, capped=false
[03Aug2026 00:59:20.891] [Photonics Light List Compiler/INFO] [Photonics/]: Photonics light-list publication v88: coalescedBatches=4, peakPendingSections=99, remainingSections=0, deferredMs=21.644
[03Aug2026 00:59:20.893] [Render thread/INFO] [Photonics/]: Photonics light list pending: 136 -> 172
[03Aug2026 00:59:21.011] [Photonics Light List Compiler/INFO] [Photonics/]: Photonics light candidates v18: eligible=173, selected=173, maxLights=4000, lightSections=13, capped=false
[03Aug2026 00:59:21.012] [Render thread/INFO] [Photonics/]: Photonics light list pending: 172 -> 173
[03Aug2026 00:59:21.211] [Photonics Light List Compiler/INFO] [Photonics/]: Photonics light candidates v18: eligible=174, selected=174, maxLights=4000, lightSections=13, capped=false
[03Aug2026 00:59:21.212] [Render thread/INFO] [Photonics/]: Photonics light list pending: 173 -> 174
[03Aug2026 00:59:21.411] [Photonics Light List Compiler/INFO] [Photonics/]: Photonics light candidates v18: eligible=175, selected=175, maxLights=4000, lightSections=13, capped=false
[03Aug2026 00:59:21.412] [Render thread/INFO] [Photonics/]: Photonics light list pending: 174 -> 175
[03Aug2026 00:59:21.611] [Photonics Light List Compiler/INFO] [Photonics/]: Photonics light candidates v18: eligible=176, selected=176, maxLights=4000, lightSections=13, capped=false
[03Aug2026 00:59:21.611] [Render thread/INFO] [Photonics/]: Photonics light list pending: 175 -> 176
[03Aug2026 00:59:21.811] [Photonics Light List Compiler/INFO] [Photonics/]: Photonics light candidates v18: eligible=177, selected=177, maxLights=4000, lightSections=13, capped=false
[03Aug2026 00:59:21.811] [Render thread/INFO] [Photonics/]: Photonics light list pending: 176 -> 177
[03Aug2026 00:59:21.877] [Render thread/INFO] [Photonics/]: Photonics world tracing v72: revision=198, settled=false, compiledSections=1651, trackedSections=1651, batchBuilt=2, batchUnloaded=0, pendingBuilds=0, pendingUnloads=0, ready=true, depth=6, blockBounds=( 8.000E+1  1.280E+2  3.200E+1)..( 3.840E+2  2.080E+2  3.360E+2), treeBounds=( 0.000E+0  0.000E+0  0.000E+0)..( 1.024E+3  1.024E+3  1.024E+3), origin=(-8.320E+2 -1.920E+2  3.200E+2), boundsSource=compiled, compileMs=31.991
[03Aug2026 00:59:22.013] [Photonics Light List Compiler/INFO] [Photonics/]: Photonics light candidates v18: eligible=178, selected=178, maxLights=4000, lightSections=13, capped=false
[03Aug2026 00:59:22.014] [Render thread/INFO] [Photonics/]: Photonics light list pending: 177 -> 178
[03Aug2026 00:59:22.212] [Photonics Light List Compiler/INFO] [Photonics/]: Photonics light candidates v18: eligible=179, selected=179, maxLights=4000, lightSections=13, capped=false
[03Aug2026 00:59:22.212] [Render thread/INFO] [Photonics/]: Photonics light list pending: 178 -> 179
[03Aug2026 00:59:22.412] [Photonics Light List Compiler/INFO] [Photonics/]: Photonics light candidates v18: eligible=180, selected=180, maxLights=4000, lightSections=13, capped=false
[03Aug2026 00:59:22.412] [Render thread/INFO] [Photonics/]: Photonics light list pending: 179 -> 180
[03Aug2026 00:59:23.063] [Render thread/INFO] [Photonics/]: Photonics direct reservoir sample v64: samples=120, populated=112, emptyOrBackground=1, visibilityRejected=7, invalid=0, overLegacyCap=0, overTemporalCap=0, totalSamplesRange=32.0..32.0, viewport=912x450
[03Aug2026 00:59:23.412] [Photonics Light List Compiler/INFO] [Photonics/]: Photonics light candidates v18: eligible=181, selected=181, maxLights=4000, lightSections=13, capped=false
[03Aug2026 00:59:23.412] [Render thread/INFO] [Photonics/]: Photonics light list pending: 180 -> 181
[03Aug2026 00:59:23.445] [Render thread/INFO] [Photonics/]: Photonics world tracing v72: revision=205, settled=false, compiledSections=1651, trackedSections=1651, batchBuilt=1, batchUnloaded=0, pendingBuilds=2, pendingUnloads=0, ready=true, depth=6, blockBounds=( 8.000E+1  1.280E+2  3.200E+1)..( 3.840E+2  2.080E+2  3.360E+2), treeBounds=( 0.000E+0  0.000E+0  0.000E+0)..( 1.024E+3  1.024E+3  1.024E+3), origin=(-8.320E+2 -1.920E+2  3.200E+2), boundsSource=compiled, compileMs=30.974
[03Aug2026 00:59:23.612] [Photonics Light List Compiler/INFO] [Photonics/]: Photonics light candidates v18: eligible=182, selected=182, maxLights=4000, lightSections=13, capped=false
[03Aug2026 00:59:23.612] [Render thread/INFO] [Photonics/]: Photonics light list pending: 181 -> 182
[03Aug2026 00:59:23.812] [Photonics Light List Compiler/INFO] [Photonics/]: Photonics light candidates v18: eligible=183, selected=183, maxLights=4000, lightSections=13, capped=false
[03Aug2026 00:59:23.813] [Render thread/INFO] [Photonics/]: Photonics light list pending: 182 -> 183
[03Aug2026 00:59:24.012] [Photonics Light List Compiler/INFO] [Photonics/]: Photonics light candidates v18: eligible=184, selected=184, maxLights=4000, lightSections=13, capped=false
[03Aug2026 00:59:24.013] [Render thread/INFO] [Photonics/]: Photonics light list pending: 183 -> 184
[03Aug2026 00:59:24.212] [Photonics Light List Compiler/INFO] [Photonics/]: Photonics light candidates v18: eligible=185, selected=185, maxLights=4000, lightSections=13, capped=false
[03Aug2026 00:59:24.213] [Render thread/INFO] [Photonics/]: Photonics light list pending: 184 -> 185
[03Aug2026 00:59:24.213] [Photonic Chunk Compiler #1/INFO] [Photonics/]: Photonics voxel diagnostic: state=Block{minecraft:verdant_froglight}[axis=x] vertexHash=caacb7d0adb7b64c complete=true samples=1600 alphaZero=0 alphaPartial=0 alphaOpaque=1600 rgbMean=[217.2,237.8,214.8] rgbRange=[120-248,166-253,92-248] voxels=1352 aabb=[0,0,0]-[15,15,15] parts=[( 0.000E+0  0.000E+0  0.000E+0)]
[03Aug2026 00:59:24.213] [Photonic Chunk Compiler #1/INFO] [Photonics/]: Photonics voxel occupancy: state=Block{minecraft:verdant_froglight}[axis=x] part=( 0.000E+0  0.000E+0  0.000E+0) slices=y0=ffff/ffff/ffff/ffff/ffff/ffff/ffff/ffff/ffff/ffff/ffff/ffff/ffff/ffff/ffff/ffff;y1=ffff/8001/8001/8001/8001/8001/8001/8001/8001/8001/8001/8001/8001/8001/8001/ffff;y2=ffff/8001/8001/8001/8001/8001/8001/8001/8001/8001/8001/8001/8001/8001/8001/ffff;y3=ffff/8001/8001/8001/8001/8001/8001/8001/8001/8001/8001/8001/8001/8001/8001/ffff;y4=ffff/8001/8001/8001/8001/8001/8001/8001/8001/8001/8001/8001/8001/8001/8001/ffff;y5=ffff/8001/8001/8001/8001/8001/8001/8001/8001/8001/8001/8001/8001/8001/8001/ffff;y6=ffff/8001/8001/8001/8001/8001/8001/8001/8001/8001/8001/8001/8001/8001/8001/ffff;y7=ffff/8001/8001/8001/8001/8001/8001/8001/8001/8001/8001/8001/8001/8001/8001/ffff;y8=ffff/8001/8001/8001/8001/8001/8001/8001/8001/8001/8001/8001/8001/8001/8001/ffff;y9=ffff/8001/8001/8001/8001/8001/8001/8001/8001/8001/8001/8001/8001/8001/8001/ffff;y10=ffff/8001/8001/8001/8001/8001/8001/8001/8001/8001/8001/8001/8001/8001/8001/ffff;y11=ffff/8001/8001/8001/8001/8001/8001/8001/8001/8001/8001/8001/8001/8001/8001/ffff;y12=ffff/8001/8001/8001/8001/8001/8001/8001/8001/8001/8001/8001/8001/8001/8001/ffff;y13=ffff/8001/8001/8001/8001/8001/8001/8001/8001/8001/8001/8001/8001/8001/8001/ffff;y14=ffff/8001/8001/8001/8001/8001/8001/8001/8001/8001/8001/8001/8001/8001/8001/ffff;y15=ffff/ffff/ffff/ffff/ffff/ffff/ffff/ffff/ffff/ffff/ffff/ffff/ffff/ffff/ffff/ffff
[03Aug2026 00:59:24.412] [Photonics Light List Compiler/INFO] [Photonics/]: Photonics light candidates v18: eligible=186, selected=186, maxLights=4000, lightSections=13, capped=false
[03Aug2026 00:59:24.413] [Render thread/INFO] [Photonics/]: Photonics light list pending: 185 -> 186
[03Aug2026 00:59:24.445] [Render thread/INFO] [Photonics/]: Photonics world tracing v72: revision=215, settled=false, compiledSections=1651, trackedSections=1651, batchBuilt=1, batchUnloaded=0, pendingBuilds=1, pendingUnloads=0, ready=true, depth=6, blockBounds=( 8.000E+1  1.280E+2  3.200E+1)..( 3.840E+2  2.080E+2  3.360E+2), treeBounds=( 0.000E+0  0.000E+0  0.000E+0)..( 1.024E+3  1.024E+3  1.024E+3), origin=(-8.320E+2 -1.920E+2  3.200E+2), boundsSource=compiled, compileMs=29.829
[03Aug2026 00:59:25.281] [Render thread/INFO] [Photonics/]: Photonics pass timing v73: group=frag data, passes=[frag data], viewport=912x450, megapixels=0.410, cpuInvocations=300, cpuSubmitAvgMs=0.035, cpuSubmitMaxMs=0.168, gpuSamples=75, gpuAvgMs=0.027, gpuMaxMs=0.045, gpuAvgMsPerMP=0.065
[03Aug2026 00:59:25.281] [Render thread/INFO] [Photonics/]: Photonics frame throughput v78: viewport=912x450, windowSeconds=5.004, renderedFrames=300, fps=59.957, frameAvgMs=16.679
[03Aug2026 00:59:25.297] [Render thread/INFO] [Photonics/]: Photonics pass timing v73: group=frag data gi, passes=[frag data gi], viewport=608x300, megapixels=0.182, cpuInvocations=300, cpuSubmitAvgMs=0.014, cpuSubmitMaxMs=0.034, gpuSamples=75, gpuAvgMs=0.016, gpuMaxMs=0.017, gpuAvgMsPerMP=0.086
[03Aug2026 00:59:25.347] [Render thread/INFO] [Photonics/]: Photonics pass timing v73: group=restir direct, passes=[initial direct + visibility], viewport=912x450, megapixels=0.410, cpuInvocations=300, cpuSubmitAvgMs=0.014, cpuSubmitMaxMs=0.078, gpuSamples=75, gpuAvgMs=0.070, gpuMaxMs=0.079, gpuAvgMsPerMP=0.172
[03Aug2026 00:59:25.380] [Render thread/INFO] [Photonics/]: Photonics pass timing v73: group=restir direct spatial, passes=[spatial reuse/clamp], viewport=912x450, megapixels=0.410, cpuInvocations=300, cpuSubmitAvgMs=0.006, cpuSubmitMaxMs=0.023, gpuSamples=75, gpuAvgMs=0.021, gpuMaxMs=0.059, gpuAvgMsPerMP=0.051
[03Aug2026 00:59:25.399] [Render thread/INFO] [Photonics/]: Photonics pass timing v73: group=restir direct diffuse, passes=[diffuse], viewport=912x450, megapixels=0.410, cpuInvocations=300, cpuSubmitAvgMs=0.011, cpuSubmitMaxMs=0.024, gpuSamples=75, gpuAvgMs=0.273, gpuMaxMs=0.337, gpuAvgMsPerMP=0.665
[03Aug2026 00:59:25.448] [Render thread/INFO] [Photonics/]: Photonics pass timing v73: group=restir direct accumulation, passes=[accumulation], viewport=912x450, megapixels=0.410, cpuInvocations=300, cpuSubmitAvgMs=0.012, cpuSubmitMaxMs=0.085, gpuSamples=75, gpuAvgMs=0.138, gpuMaxMs=0.196, gpuAvgMsPerMP=0.336
[03Aug2026 00:59:25.448] [Render thread/INFO] [Photonics/]: Photonics pass timing v73: group=svgf direct variance, passes=[variance prefilter], viewport=912x450, megapixels=0.410, cpuInvocations=300, cpuSubmitAvgMs=0.009, cpuSubmitMaxMs=0.024, gpuSamples=75, gpuAvgMs=0.169, gpuMaxMs=0.244, gpuAvgMsPerMP=0.412
[03Aug2026 00:59:25.448] [Render thread/INFO] [Photonics/]: Photonics pass timing v73: group=svgf direct atrous, passes=[atrous iteration], viewport=912x450, megapixels=0.410, cpuInvocations=1500, cpuSubmitAvgMs=0.003, cpuSubmitMaxMs=0.014, gpuSamples=375, gpuAvgMs=0.087, gpuMaxMs=0.164, gpuAvgMsPerMP=0.212
[03Aug2026 00:59:25.465] [Render thread/INFO] [Photonics/]: Photonics pass timing v73: group=restir gi initial, passes=[initial indirect], viewport=608x300, megapixels=0.182, cpuInvocations=300, cpuSubmitAvgMs=0.007, cpuSubmitMaxMs=0.031, gpuSamples=75, gpuAvgMs=0.164, gpuMaxMs=0.210, gpuAvgMsPerMP=0.901
[03Aug2026 00:59:25.481] [Render thread/INFO] [Photonics/]: Photonics pass timing v73: group=restir gi temporal, passes=[temporal reuse + tri-state classification], viewport=608x300, megapixels=0.182, cpuInvocations=300, cpuSubmitAvgMs=0.008, cpuSubmitMaxMs=0.053, gpuSamples=75, gpuAvgMs=0.030, gpuMaxMs=0.033, gpuAvgMsPerMP=0.167
[03Aug2026 00:59:25.498] [Render thread/INFO] [Photonics/]: Photonics pass timing v73: group=restir gi spatial, passes=[spatial reuse/clamp + tri-state classification], viewport=608x300, megapixels=0.182, cpuInvocations=300, cpuSubmitAvgMs=0.006, cpuSubmitMaxMs=0.039, gpuSamples=75, gpuAvgMs=0.013, gpuMaxMs=0.014, gpuAvgMsPerMP=0.071
[03Aug2026 00:59:25.498] [Render thread/INFO] [Photonics/]: Photonics pass timing v73: group=restir gi diffuse, passes=[diffuse], viewport=608x300, megapixels=0.182, cpuInvocations=300, cpuSubmitAvgMs=0.004, cpuSubmitMaxMs=0.022, gpuSamples=75, gpuAvgMs=0.015, gpuMaxMs=0.016, gpuAvgMsPerMP=0.082
[03Aug2026 00:59:25.548] [Render thread/INFO] [Photonics/]: Photonics pass timing v73: group=restir gi accumulation, passes=[accumulation], viewport=608x300, megapixels=0.182, cpuInvocations=300, cpuSubmitAvgMs=0.005, cpuSubmitMaxMs=0.015, gpuSamples=75, gpuAvgMs=0.025, gpuMaxMs=0.028, gpuAvgMsPerMP=0.139
[03Aug2026 00:59:25.548] [Render thread/INFO] [Photonics/]: Photonics pass timing v73: group=svgf gi variance, passes=[variance prefilter], viewport=608x300, megapixels=0.182, cpuInvocations=300, cpuSubmitAvgMs=0.005, cpuSubmitMaxMs=0.021, gpuSamples=75, gpuAvgMs=0.028, gpuMaxMs=0.028, gpuAvgMsPerMP=0.152
[03Aug2026 00:59:25.548] [Render thread/INFO] [Photonics/]: Photonics pass timing v73: group=svgf gi atrous, passes=[atrous iteration], viewport=608x300, megapixels=0.182, cpuInvocations=900, cpuSubmitAvgMs=0.003, cpuSubmitMaxMs=0.016, gpuSamples=225, gpuAvgMs=0.032, gpuMaxMs=0.041, gpuAvgMsPerMP=0.174
[03Aug2026 00:59:25.548] [Render thread/INFO] [Photonics/]: Photonics pass timing v73: group=restir source/history diagnostic, passes=[compose diagnostic panels], viewport=912x450, megapixels=0.410, cpuInvocations=300, cpuSubmitAvgMs=0.003, cpuSubmitMaxMs=0.009, gpuSamples=75, gpuAvgMs=0.010, gpuMaxMs=0.012, gpuAvgMsPerMP=0.025
[03Aug2026 00:59:25.663] [Photonics Light List Compiler/INFO] [Photonics/]: Photonics light candidates v18: eligible=187, selected=187, maxLights=4000, lightSections=13, capped=false
[03Aug2026 00:59:25.664] [Render thread/INFO] [Photonics/]: Photonics light list pending: 186 -> 187
[03Aug2026 00:59:25.696] [Render thread/INFO] [Photonics/]: Photonics world tracing v72: revision=217, settled=false, compiledSections=1651, trackedSections=1651, batchBuilt=1, batchUnloaded=0, pendingBuilds=2, pendingUnloads=0, ready=true, depth=6, blockBounds=( 8.000E+1  1.280E+2  3.200E+1)..( 3.840E+2  2.080E+2  3.360E+2), treeBounds=( 0.000E+0  0.000E+0  0.000E+0)..( 1.024E+3  1.024E+3  1.024E+3), origin=(-8.320E+2 -1.920E+2  3.200E+2), boundsSource=compiled, compileMs=31.468
[03Aug2026 00:59:25.863] [Photonics Light List Compiler/INFO] [Photonics/]: Photonics light candidates v18: eligible=188, selected=188, maxLights=4000, lightSections=13, capped=false
[03Aug2026 00:59:25.864] [Render thread/INFO] [Photonics/]: Photonics light list pending: 187 -> 188
[03Aug2026 00:59:26.063] [Photonics Light List Compiler/INFO] [Photonics/]: Photonics light candidates v18: eligible=189, selected=189, maxLights=4000, lightSections=13, capped=false
[03Aug2026 00:59:26.064] [Render thread/INFO] [Photonics/]: Photonics light list pending: 188 -> 189
[03Aug2026 00:59:27.577] [Photonics Light List Compiler/INFO] [Photonics/]: Photonics light candidates v18: eligible=198, selected=198, maxLights=4000, lightSections=14, capped=false
[03Aug2026 00:59:27.577] [Photonics Light List Compiler/INFO] [Photonics/]: Photonics light-list publication v88: coalescedBatches=4, peakPendingSections=102, remainingSections=0, deferredMs=9.023
[03Aug2026 00:59:27.593] [Render thread/INFO] [Photonics/]: Photonics light list pending: 189 -> 198
[03Aug2026 00:59:27.627] [Render thread/INFO] [Photonics/]: Photonics world tracing v72: revision=223, settled=false, compiledSections=1563, trackedSections=1650, batchBuilt=7, batchUnloaded=95, pendingBuilds=32, pendingUnloads=0, ready=true, depth=6, blockBounds=( 3.200E+1  1.280E+2  3.200E+1)..( 3.360E+2  2.080E+2  3.360E+2), treeBounds=( 0.000E+0  0.000E+0  0.000E+0)..( 1.024E+3  1.024E+3  1.024E+3), origin=(-7.680E+2 -1.920E+2  3.200E+2), boundsSource=compiled, compileMs=51.591
[03Aug2026 00:59:29.530] [Render thread/INFO] [Photonics/]: Photonics world tracing v72: revision=226, settled=false, compiledSections=1650, trackedSections=1650, batchBuilt=1, batchUnloaded=0, pendingBuilds=0, pendingUnloads=0, ready=true, depth=6, blockBounds=( 3.200E+1  1.280E+2  3.200E+1)..( 3.360E+2  2.080E+2  3.360E+2), treeBounds=( 0.000E+0  0.000E+0  0.000E+0)..( 1.024E+3  1.024E+3  1.024E+3), origin=(-7.680E+2 -1.920E+2  3.200E+2), boundsSource=compiled, compileMs=31.778
[03Aug2026 00:59:30.282] [Render thread/INFO] [Photonics/]: Photonics pass timing v73: group=frag data, passes=[frag data], viewport=912x450, megapixels=0.410, cpuInvocations=299, cpuSubmitAvgMs=0.029, cpuSubmitMaxMs=0.152, gpuSamples=75, gpuAvgMs=0.028, gpuMaxMs=0.068, gpuAvgMsPerMP=0.068
[03Aug2026 00:59:30.282] [Render thread/INFO] [Photonics/]: Photonics frame throughput v78: viewport=912x450, windowSeconds=5.001, renderedFrames=299, fps=59.782, frameAvgMs=16.727
[03Aug2026 00:59:30.299] [Render thread/INFO] [Photonics/]: Photonics pass timing v73: group=frag data gi, passes=[frag data gi], viewport=608x300, megapixels=0.182, cpuInvocations=299, cpuSubmitAvgMs=0.013, cpuSubmitMaxMs=0.059, gpuSamples=75, gpuAvgMs=0.016, gpuMaxMs=0.048, gpuAvgMsPerMP=0.090
[03Aug2026 00:59:30.349] [Render thread/INFO] [Photonics/]: Photonics pass timing v73: group=restir direct, passes=[initial direct + visibility], viewport=912x450, megapixels=0.410, cpuInvocations=299, cpuSubmitAvgMs=0.013, cpuSubmitMaxMs=0.058, gpuSamples=75, gpuAvgMs=0.070, gpuMaxMs=0.073, gpuAvgMsPerMP=0.169
[03Aug2026 00:59:30.382] [Render thread/INFO] [Photonics/]: Photonics pass timing v73: group=restir direct spatial, passes=[spatial reuse/clamp], viewport=912x450, megapixels=0.410, cpuInvocations=299, cpuSubmitAvgMs=0.006, cpuSubmitMaxMs=0.019, gpuSamples=74, gpuAvgMs=0.017, gpuMaxMs=0.018, gpuAvgMsPerMP=0.040
[03Aug2026 00:59:30.401] [Render thread/INFO] [Photonics/]: Photonics pass timing v73: group=restir direct diffuse, passes=[diffuse], viewport=912x450, megapixels=0.410, cpuInvocations=299, cpuSubmitAvgMs=0.010, cpuSubmitMaxMs=0.020, gpuSamples=75, gpuAvgMs=0.275, gpuMaxMs=0.364, gpuAvgMsPerMP=0.669
[03Aug2026 00:59:30.450] [Render thread/INFO] [Photonics/]: Photonics pass timing v73: group=restir direct accumulation, passes=[accumulation], viewport=912x450, megapixels=0.410, cpuInvocations=299, cpuSubmitAvgMs=0.011, cpuSubmitMaxMs=0.035, gpuSamples=74, gpuAvgMs=0.134, gpuMaxMs=0.194, gpuAvgMsPerMP=0.327
[03Aug2026 00:59:30.450] [Render thread/INFO] [Photonics/]: Photonics pass timing v73: group=svgf direct variance, passes=[variance prefilter], viewport=912x450, megapixels=0.410, cpuInvocations=299, cpuSubmitAvgMs=0.008, cpuSubmitMaxMs=0.051, gpuSamples=74, gpuAvgMs=0.140, gpuMaxMs=0.231, gpuAvgMsPerMP=0.341
[03Aug2026 00:59:30.450] [Render thread/INFO] [Photonics/]: Photonics pass timing v73: group=svgf direct atrous, passes=[atrous iteration], viewport=912x450, megapixels=0.410, cpuInvocations=1495, cpuSubmitAvgMs=0.003, cpuSubmitMaxMs=0.046, gpuSamples=373, gpuAvgMs=0.076, gpuMaxMs=0.155, gpuAvgMsPerMP=0.186
[03Aug2026 00:59:30.467] [Render thread/INFO] [Photonics/]: Photonics pass timing v73: group=restir gi initial, passes=[initial indirect], viewport=608x300, megapixels=0.182, cpuInvocations=299, cpuSubmitAvgMs=0.007, cpuSubmitMaxMs=0.018, gpuSamples=75, gpuAvgMs=0.134, gpuMaxMs=0.180, gpuAvgMsPerMP=0.736
[03Aug2026 00:59:30.483] [Render thread/INFO] [Photonics/]: Photonics pass timing v73: group=restir gi temporal, passes=[temporal reuse + tri-state classification], viewport=608x300, megapixels=0.182, cpuInvocations=299, cpuSubmitAvgMs=0.007, cpuSubmitMaxMs=0.019, gpuSamples=75, gpuAvgMs=0.030, gpuMaxMs=0.039, gpuAvgMsPerMP=0.167
[03Aug2026 00:59:30.500] [Render thread/INFO] [Photonics/]: Photonics pass timing v73: group=restir gi spatial, passes=[spatial reuse/clamp + tri-state classification], viewport=608x300, megapixels=0.182, cpuInvocations=299, cpuSubmitAvgMs=0.005, cpuSubmitMaxMs=0.018, gpuSamples=75, gpuAvgMs=0.013, gpuMaxMs=0.014, gpuAvgMsPerMP=0.072
[03Aug2026 00:59:30.500] [Render thread/INFO] [Photonics/]: Photonics pass timing v73: group=restir gi diffuse, passes=[diffuse], viewport=608x300, megapixels=0.182, cpuInvocations=299, cpuSubmitAvgMs=0.004, cpuSubmitMaxMs=0.027, gpuSamples=75, gpuAvgMs=0.015, gpuMaxMs=0.016, gpuAvgMsPerMP=0.081
[03Aug2026 00:59:30.550] [Render thread/INFO] [Photonics/]: Photonics pass timing v73: group=restir gi accumulation, passes=[accumulation], viewport=608x300, megapixels=0.182, cpuInvocations=299, cpuSubmitAvgMs=0.004, cpuSubmitMaxMs=0.010, gpuSamples=75, gpuAvgMs=0.026, gpuMaxMs=0.028, gpuAvgMsPerMP=0.142
[03Aug2026 00:59:30.550] [Render thread/INFO] [Photonics/]: Photonics pass timing v73: group=svgf gi variance, passes=[variance prefilter], viewport=608x300, megapixels=0.182, cpuInvocations=299, cpuSubmitAvgMs=0.005, cpuSubmitMaxMs=0.016, gpuSamples=75, gpuAvgMs=0.028, gpuMaxMs=0.049, gpuAvgMsPerMP=0.155
[03Aug2026 00:59:30.550] [Render thread/INFO] [Photonics/]: Photonics pass timing v73: group=svgf gi atrous, passes=[atrous iteration], viewport=608x300, megapixels=0.182, cpuInvocations=897, cpuSubmitAvgMs=0.003, cpuSubmitMaxMs=0.033, gpuSamples=224, gpuAvgMs=0.033, gpuMaxMs=0.066, gpuAvgMsPerMP=0.181
[03Aug2026 00:59:30.550] [Render thread/INFO] [Photonics/]: Photonics pass timing v73: group=restir source/history diagnostic, passes=[compose diagnostic panels], viewport=912x450, megapixels=0.410, cpuInvocations=299, cpuSubmitAvgMs=0.003, cpuSubmitMaxMs=0.010, gpuSamples=75, gpuAvgMs=0.009, gpuMaxMs=0.011, gpuAvgMsPerMP=0.022
[03Aug2026 00:59:31.083] [Render thread/INFO] [Photonics/]: Photonics direct reservoir sample v64: samples=120, populated=70, emptyOrBackground=20, visibilityRejected=29, invalid=1, overLegacyCap=0, overTemporalCap=0, totalSamplesRange=32.0..32.0, viewport=912x450
[03Aug2026 00:59:31.531] [Render thread/INFO] [Photonics/]: Photonics world tracing v72: revision=226, settled=true, compiledSections=1650, trackedSections=1650, batchBuilt=1, batchUnloaded=0, pendingBuilds=0, pendingUnloads=0, ready=true, depth=6, blockBounds=( 3.200E+1  1.280E+2  3.200E+1)..( 3.360E+2  2.080E+2  3.360E+2), treeBounds=( 0.000E+0  0.000E+0  0.000E+0)..( 1.024E+3  1.024E+3  1.024E+3), origin=(-7.680E+2 -1.920E+2  3.200E+2), boundsSource=compiled, compileMs=31.778
[03Aug2026 00:59:31.532] [Render thread/INFO] [Photonics/]: Photonics memory v72: jvmHeap={usedBytes=2653835712, committedBytes=3917479936, maxBytes=8589934592}, jvmGc={collections=197, timeMs=2036}, worldHeap=GpuBufferHeapStats[capacityBytes=536870912, reservedBytes=113819764, liveBytes=111825652, peakLiveBytes=113802004, reusableBytes=1994112, allocations=155712, reusedAllocations=63949, frees=65555, failedAllocations=0], paletteHeap=GpuBufferHeapStats[capacityBytes=201326592, reservedBytes=76032, liveBytes=76032, peakLiveBytes=76032, reusableBytes=0, allocations=825, reusedAllocations=33, frees=33, failedAllocations=0], registries={lights=Stats[cachedObjects=1, pendingFreeObjects=0, allocatedObjects=1, failedAllocations=0], palettes=Stats[cachedObjects=792, pendingFreeObjects=0, allocatedObjects=825, failedAllocations=0], blocks=Stats[cachedObjects=1327, pendingFreeObjects=0, allocatedObjects=1400, failedAllocations=0], models=Stats[cachedObjects=34, pendingFreeObjects=0, allocatedObjects=37, failedAllocations=0]}
[03Aug2026 00:59:34.300] [Render thread/INFO] [Photonics/]: Photonics world tracing v72: revision=227, settled=false, compiledSections=1650, trackedSections=1650, batchBuilt=1, batchUnloaded=0, pendingBuilds=4, pendingUnloads=0, ready=true, depth=6, blockBounds=( 3.200E+1  1.280E+2  3.200E+1)..( 3.360E+2  2.080E+2  3.360E+2), treeBounds=( 0.000E+0  0.000E+0  0.000E+0)..( 1.024E+3  1.024E+3  1.024E+3), origin=(-7.680E+2 -1.920E+2  3.200E+2), boundsSource=compiled, compileMs=29.901
[03Aug2026 00:59:35.285] [Render thread/INFO] [Photonics/]: Photonics pass timing v73: group=frag data, passes=[frag data], viewport=912x450, megapixels=0.410, cpuInvocations=300, cpuSubmitAvgMs=0.025, cpuSubmitMaxMs=0.092, gpuSamples=75, gpuAvgMs=0.026, gpuMaxMs=0.028, gpuAvgMsPerMP=0.062
[03Aug2026 00:59:35.285] [Render thread/INFO] [Photonics/]: Photonics frame throughput v78: viewport=912x450, windowSeconds=5.003, renderedFrames=300, fps=59.965, frameAvgMs=16.676
[03Aug2026 00:59:35.302] [Render thread/INFO] [Photonics/]: Photonics pass timing v73: group=frag data gi, passes=[frag data gi], viewport=608x300, megapixels=0.182, cpuInvocations=300, cpuSubmitAvgMs=0.012, cpuSubmitMaxMs=0.032, gpuSamples=75, gpuAvgMs=0.016, gpuMaxMs=0.047, gpuAvgMsPerMP=0.088
[03Aug2026 00:59:35.353] [Render thread/INFO] [Photonics/]: Photonics pass timing v73: group=restir direct, passes=[initial direct + visibility], viewport=912x450, megapixels=0.410, cpuInvocations=300, cpuSubmitAvgMs=0.011, cpuSubmitMaxMs=0.029, gpuSamples=75, gpuAvgMs=0.077, gpuMaxMs=0.084, gpuAvgMsPerMP=0.188
[03Aug2026 00:59:35.386] [Render thread/INFO] [Photonics/]: Photonics pass timing v73: group=restir direct spatial, passes=[spatial reuse/clamp], viewport=912x450, megapixels=0.410, cpuInvocations=300, cpuSubmitAvgMs=0.005, cpuSubmitMaxMs=0.020, gpuSamples=75, gpuAvgMs=0.018, gpuMaxMs=0.053, gpuAvgMsPerMP=0.044
[03Aug2026 00:59:35.403] [Render thread/INFO] [Photonics/]: Photonics pass timing v73: group=restir direct diffuse, passes=[diffuse], viewport=912x450, megapixels=0.410, cpuInvocations=300, cpuSubmitAvgMs=0.009, cpuSubmitMaxMs=0.022, gpuSamples=75, gpuAvgMs=0.196, gpuMaxMs=0.237, gpuAvgMsPerMP=0.477
[03Aug2026 00:59:35.452] [Render thread/INFO] [Photonics/]: Photonics pass timing v73: group=restir direct accumulation, passes=[accumulation], viewport=912x450, megapixels=0.410, cpuInvocations=300, cpuSubmitAvgMs=0.010, cpuSubmitMaxMs=0.065, gpuSamples=75, gpuAvgMs=0.131, gpuMaxMs=0.195, gpuAvgMsPerMP=0.320
[03Aug2026 00:59:35.452] [Render thread/INFO] [Photonics/]: Photonics pass timing v73: group=svgf direct variance, passes=[variance prefilter], viewport=912x450, megapixels=0.410, cpuInvocations=300, cpuSubmitAvgMs=0.007, cpuSubmitMaxMs=0.059, gpuSamples=75, gpuAvgMs=0.158, gpuMaxMs=0.224, gpuAvgMsPerMP=0.385
[03Aug2026 00:59:35.452] [Render thread/INFO] [Photonics/]: Photonics pass timing v73: group=svgf direct atrous, passes=[atrous iteration], viewport=912x450, megapixels=0.410, cpuInvocations=1500, cpuSubmitAvgMs=0.002, cpuSubmitMaxMs=0.016, gpuSamples=375, gpuAvgMs=0.082, gpuMaxMs=0.153, gpuAvgMsPerMP=0.199
[03Aug2026 00:59:35.471] [Render thread/INFO] [Photonics/]: Photonics pass timing v73: group=restir gi initial, passes=[initial indirect], viewport=608x300, megapixels=0.182, cpuInvocations=300, cpuSubmitAvgMs=0.006, cpuSubmitMaxMs=0.021, gpuSamples=75, gpuAvgMs=0.102, gpuMaxMs=0.137, gpuAvgMsPerMP=0.562
[03Aug2026 00:59:35.486] [Render thread/INFO] [Photonics/]: Photonics pass timing v73: group=restir gi temporal, passes=[temporal reuse + tri-state classification], viewport=608x300, megapixels=0.182, cpuInvocations=300, cpuSubmitAvgMs=0.006, cpuSubmitMaxMs=0.026, gpuSamples=75, gpuAvgMs=0.030, gpuMaxMs=0.032, gpuAvgMsPerMP=0.165
[03Aug2026 00:59:35.502] [Render thread/INFO] [Photonics/]: Photonics pass timing v73: group=restir gi spatial, passes=[spatial reuse/clamp + tri-state classification], viewport=608x300, megapixels=0.182, cpuInvocations=300, cpuSubmitAvgMs=0.005, cpuSubmitMaxMs=0.023, gpuSamples=75, gpuAvgMs=0.013, gpuMaxMs=0.014, gpuAvgMsPerMP=0.072
[03Aug2026 00:59:35.502] [Render thread/INFO] [Photonics/]: Photonics pass timing v73: group=restir gi diffuse, passes=[diffuse], viewport=608x300, megapixels=0.182, cpuInvocations=300, cpuSubmitAvgMs=0.004, cpuSubmitMaxMs=0.010, gpuSamples=75, gpuAvgMs=0.015, gpuMaxMs=0.016, gpuAvgMsPerMP=0.081
[03Aug2026 00:59:35.553] [Render thread/INFO] [Photonics/]: Photonics pass timing v73: group=restir gi accumulation, passes=[accumulation], viewport=608x300, megapixels=0.182, cpuInvocations=300, cpuSubmitAvgMs=0.004, cpuSubmitMaxMs=0.013, gpuSamples=75, gpuAvgMs=0.027, gpuMaxMs=0.029, gpuAvgMsPerMP=0.147
[03Aug2026 00:59:35.553] [Render thread/INFO] [Photonics/]: Photonics pass timing v73: group=svgf gi variance, passes=[variance prefilter], viewport=608x300, megapixels=0.182, cpuInvocations=300, cpuSubmitAvgMs=0.004, cpuSubmitMaxMs=0.018, gpuSamples=75, gpuAvgMs=0.028, gpuMaxMs=0.029, gpuAvgMsPerMP=0.152
[03Aug2026 00:59:35.553] [Render thread/INFO] [Photonics/]: Photonics pass timing v73: group=svgf gi atrous, passes=[atrous iteration], viewport=608x300, megapixels=0.182, cpuInvocations=900, cpuSubmitAvgMs=0.002, cpuSubmitMaxMs=0.013, gpuSamples=225, gpuAvgMs=0.032, gpuMaxMs=0.054, gpuAvgMsPerMP=0.176
[03Aug2026 00:59:35.553] [Render thread/INFO] [Photonics/]: Photonics pass timing v73: group=restir source/history diagnostic, passes=[compose diagnostic panels], viewport=912x450, megapixels=0.410, cpuInvocations=300, cpuSubmitAvgMs=0.003, cpuSubmitMaxMs=0.007, gpuSamples=75, gpuAvgMs=0.008, gpuMaxMs=0.009, gpuAvgMsPerMP=0.020
[03Aug2026 00:59:36.350] [Render thread/INFO] [Photonics/]: Photonics world tracing v72: revision=228, settled=true, compiledSections=1650, trackedSections=1650, batchBuilt=4, batchUnloaded=0, pendingBuilds=0, pendingUnloads=0, ready=true, depth=6, blockBounds=( 3.200E+1  1.280E+2  3.200E+1)..( 3.360E+2  2.080E+2  3.360E+2), treeBounds=( 0.000E+0  0.000E+0  0.000E+0)..( 1.024E+3  1.024E+3  1.024E+3), origin=(-7.680E+2 -1.920E+2  3.200E+2), boundsSource=compiled, compileMs=30.544
[03Aug2026 00:59:36.351] [Render thread/INFO] [Photonics/]: Photonics memory v72: jvmHeap={usedBytes=3097842592, committedBytes=3917479936, maxBytes=8589934592}, jvmGc={collections=197, timeMs=2036}, worldHeap=GpuBufferHeapStats[capacityBytes=536870912, reservedBytes=113819764, liveBytes=111825652, peakLiveBytes=113802004, reusableBytes=1994112, allocations=155712, reusedAllocations=63949, frees=65555, failedAllocations=0], paletteHeap=GpuBufferHeapStats[capacityBytes=201326592, reservedBytes=76032, liveBytes=76032, peakLiveBytes=76032, reusableBytes=0, allocations=825, reusedAllocations=33, frees=33, failedAllocations=0], registries={lights=Stats[cachedObjects=1, pendingFreeObjects=0, allocatedObjects=1, failedAllocations=0], palettes=Stats[cachedObjects=792, pendingFreeObjects=0, allocatedObjects=825, failedAllocations=0], blocks=Stats[cachedObjects=1327, pendingFreeObjects=0, allocatedObjects=1400, failedAllocations=0], models=Stats[cachedObjects=34, pendingFreeObjects=0, allocatedObjects=37, failedAllocations=0]}
[03Aug2026 00:59:39.087] [Render thread/INFO] [Photonics/]: Photonics direct reservoir sample v64: samples=120, populated=0, emptyOrBackground=1, visibilityRejected=118, invalid=1, overLegacyCap=0, overTemporalCap=0, totalSamplesRange=32.0..32.0, viewport=912x450
[03Aug2026 00:59:40.288] [Render thread/INFO] [Photonics/]: Photonics pass timing v73: group=frag data, passes=[frag data], viewport=912x450, megapixels=0.410, cpuInvocations=300, cpuSubmitAvgMs=0.022, cpuSubmitMaxMs=0.073, gpuSamples=75, gpuAvgMs=0.029, gpuMaxMs=0.066, gpuAvgMsPerMP=0.070
[03Aug2026 00:59:40.288] [Render thread/INFO] [Photonics/]: Photonics frame throughput v78: viewport=912x450, windowSeconds=5.003, renderedFrames=300, fps=59.965, frameAvgMs=16.677
[03Aug2026 00:59:40.305] [Render thread/INFO] [Photonics/]: Photonics pass timing v73: group=frag data gi, passes=[frag data gi], viewport=608x300, megapixels=0.182, cpuInvocations=300, cpuSubmitAvgMs=0.010, cpuSubmitMaxMs=0.028, gpuSamples=75, gpuAvgMs=0.016, gpuMaxMs=0.028, gpuAvgMsPerMP=0.088
[03Aug2026 00:59:40.354] [Render thread/INFO] [Photonics/]: Photonics pass timing v73: group=restir direct, passes=[initial direct + visibility], viewport=912x450, megapixels=0.410, cpuInvocations=300, cpuSubmitAvgMs=0.010, cpuSubmitMaxMs=0.027, gpuSamples=75, gpuAvgMs=0.076, gpuMaxMs=0.079, gpuAvgMsPerMP=0.185
[03Aug2026 00:59:40.388] [Render thread/INFO] [Photonics/]: Photonics pass timing v73: group=restir direct spatial, passes=[spatial reuse/clamp], viewport=912x450, megapixels=0.410, cpuInvocations=300, cpuSubmitAvgMs=0.005, cpuSubmitMaxMs=0.017, gpuSamples=75, gpuAvgMs=0.018, gpuMaxMs=0.058, gpuAvgMsPerMP=0.044
[03Aug2026 00:59:40.405] [Render thread/INFO] [Photonics/]: Photonics pass timing v73: group=restir direct diffuse, passes=[diffuse], viewport=912x450, megapixels=0.410, cpuInvocations=300, cpuSubmitAvgMs=0.008, cpuSubmitMaxMs=0.020, gpuSamples=75, gpuAvgMs=0.195, gpuMaxMs=0.205, gpuAvgMsPerMP=0.475
[03Aug2026 00:59:40.454] [Render thread/INFO] [Photonics/]: Photonics pass timing v73: group=restir direct accumulation, passes=[accumulation], viewport=912x450, megapixels=0.410, cpuInvocations=300, cpuSubmitAvgMs=0.009, cpuSubmitMaxMs=0.023, gpuSamples=75, gpuAvgMs=0.141, gpuMaxMs=0.202, gpuAvgMsPerMP=0.344
[03Aug2026 00:59:40.454] [Render thread/INFO] [Photonics/]: Photonics pass timing v73: group=svgf direct variance, passes=[variance prefilter], viewport=912x450, megapixels=0.410, cpuInvocations=300, cpuSubmitAvgMs=0.006, cpuSubmitMaxMs=0.023, gpuSamples=75, gpuAvgMs=0.154, gpuMaxMs=0.222, gpuAvgMsPerMP=0.374
[03Aug2026 00:59:40.454] [Render thread/INFO] [Photonics/]: Photonics pass timing v73: group=svgf direct atrous, passes=[atrous iteration], viewport=912x450, megapixels=0.410, cpuInvocations=1500, cpuSubmitAvgMs=0.002, cpuSubmitMaxMs=0.012, gpuSamples=375, gpuAvgMs=0.081, gpuMaxMs=0.146, gpuAvgMsPerMP=0.197
[03Aug2026 00:59:40.472] [Render thread/INFO] [Photonics/]: Photonics pass timing v73: group=restir gi initial, passes=[initial indirect], viewport=608x300, megapixels=0.182, cpuInvocations=300, cpuSubmitAvgMs=0.005, cpuSubmitMaxMs=0.019, gpuSamples=75, gpuAvgMs=0.100, gpuMaxMs=0.116, gpuAvgMsPerMP=0.549
[03Aug2026 00:59:40.487] [Render thread/INFO] [Photonics/]: Photonics pass timing v73: group=restir gi temporal, passes=[temporal reuse + tri-state classification], viewport=608x300, megapixels=0.182, cpuInvocations=300, cpuSubmitAvgMs=0.006, cpuSubmitMaxMs=0.018, gpuSamples=75, gpuAvgMs=0.032, gpuMaxMs=0.033, gpuAvgMsPerMP=0.173
[03Aug2026 00:59:40.504] [Render thread/INFO] [Photonics/]: Photonics pass timing v73: group=restir gi spatial, passes=[spatial reuse/clamp + tri-state classification], viewport=608x300, megapixels=0.182, cpuInvocations=300, cpuSubmitAvgMs=0.004, cpuSubmitMaxMs=0.014, gpuSamples=75, gpuAvgMs=0.013, gpuMaxMs=0.014, gpuAvgMsPerMP=0.072
[03Aug2026 00:59:40.504] [Render thread/INFO] [Photonics/]: Photonics pass timing v73: group=restir gi diffuse, passes=[diffuse], viewport=608x300, megapixels=0.182, cpuInvocations=300, cpuSubmitAvgMs=0.003, cpuSubmitMaxMs=0.013, gpuSamples=75, gpuAvgMs=0.015, gpuMaxMs=0.016, gpuAvgMsPerMP=0.082
[03Aug2026 00:59:40.555] [Render thread/INFO] [Photonics/]: Photonics pass timing v73: group=restir gi accumulation, passes=[accumulation], viewport=608x300, megapixels=0.182, cpuInvocations=300, cpuSubmitAvgMs=0.004, cpuSubmitMaxMs=0.012, gpuSamples=75, gpuAvgMs=0.027, gpuMaxMs=0.029, gpuAvgMsPerMP=0.150
[03Aug2026 00:59:40.555] [Render thread/INFO] [Photonics/]: Photonics pass timing v73: group=svgf gi variance, passes=[variance prefilter], viewport=608x300, megapixels=0.182, cpuInvocations=300, cpuSubmitAvgMs=0.004, cpuSubmitMaxMs=0.014, gpuSamples=75, gpuAvgMs=0.028, gpuMaxMs=0.029, gpuAvgMsPerMP=0.153
[03Aug2026 00:59:40.555] [Render thread/INFO] [Photonics/]: Photonics pass timing v73: group=svgf gi atrous, passes=[atrous iteration], viewport=608x300, megapixels=0.182, cpuInvocations=900, cpuSubmitAvgMs=0.002, cpuSubmitMaxMs=0.012, gpuSamples=225, gpuAvgMs=0.032, gpuMaxMs=0.037, gpuAvgMsPerMP=0.176
[03Aug2026 00:59:40.555] [Render thread/INFO] [Photonics/]: Photonics pass timing v73: group=restir source/history diagnostic, passes=[compose diagnostic panels], viewport=912x450, megapixels=0.410, cpuInvocations=300, cpuSubmitAvgMs=0.003, cpuSubmitMaxMs=0.006, gpuSamples=75, gpuAvgMs=0.008, gpuMaxMs=0.009, gpuAvgMsPerMP=0.020
[03Aug2026 00:59:45.289] [Render thread/INFO] [Photonics/]: Photonics pass timing v73: group=frag data, passes=[frag data], viewport=912x450, megapixels=0.410, cpuInvocations=300, cpuSubmitAvgMs=0.024, cpuSubmitMaxMs=0.091, gpuSamples=75, gpuAvgMs=0.027, gpuMaxMs=0.064, gpuAvgMsPerMP=0.067
[03Aug2026 00:59:45.289] [Render thread/INFO] [Photonics/]: Photonics frame throughput v78: viewport=912x450, windowSeconds=5.001, renderedFrames=300, fps=59.983, frameAvgMs=16.671
[03Aug2026 00:59:45.306] [Render thread/INFO] [Photonics/]: Photonics pass timing v73: group=frag data gi, passes=[frag data gi], viewport=608x300, megapixels=0.182, cpuInvocations=300, cpuSubmitAvgMs=0.011, cpuSubmitMaxMs=0.026, gpuSamples=75, gpuAvgMs=0.016, gpuMaxMs=0.049, gpuAvgMsPerMP=0.089
[03Aug2026 00:59:45.357] [Render thread/INFO] [Photonics/]: Photonics pass timing v73: group=restir direct, passes=[initial direct + visibility], viewport=912x450, megapixels=0.410, cpuInvocations=300, cpuSubmitAvgMs=0.010, cpuSubmitMaxMs=0.030, gpuSamples=75, gpuAvgMs=0.076, gpuMaxMs=0.081, gpuAvgMsPerMP=0.184
[03Aug2026 00:59:45.390] [Render thread/INFO] [Photonics/]: Photonics pass timing v73: group=restir direct spatial, passes=[spatial reuse/clamp], viewport=912x450, megapixels=0.410, cpuInvocations=300, cpuSubmitAvgMs=0.005, cpuSubmitMaxMs=0.015, gpuSamples=75, gpuAvgMs=0.018, gpuMaxMs=0.025, gpuAvgMsPerMP=0.043
[03Aug2026 00:59:45.406] [Render thread/INFO] [Photonics/]: Photonics pass timing v73: group=restir direct diffuse, passes=[diffuse], viewport=912x450, megapixels=0.410, cpuInvocations=300, cpuSubmitAvgMs=0.008, cpuSubmitMaxMs=0.019, gpuSamples=75, gpuAvgMs=0.191, gpuMaxMs=0.199, gpuAvgMsPerMP=0.466
[03Aug2026 00:59:45.456] [Render thread/INFO] [Photonics/]: Photonics pass timing v73: group=restir direct accumulation, passes=[accumulation], viewport=912x450, megapixels=0.410, cpuInvocations=300, cpuSubmitAvgMs=0.009, cpuSubmitMaxMs=0.023, gpuSamples=75, gpuAvgMs=0.139, gpuMaxMs=0.201, gpuAvgMsPerMP=0.340
[03Aug2026 00:59:45.456] [Render thread/INFO] [Photonics/]: Photonics pass timing v73: group=svgf direct variance, passes=[variance prefilter], viewport=912x450, megapixels=0.410, cpuInvocations=300, cpuSubmitAvgMs=0.007, cpuSubmitMaxMs=0.024, gpuSamples=75, gpuAvgMs=0.155, gpuMaxMs=0.221, gpuAvgMsPerMP=0.377
[03Aug2026 00:59:45.456] [Render thread/INFO] [Photonics/]: Photonics pass timing v73: group=svgf direct atrous, passes=[atrous iteration], viewport=912x450, megapixels=0.410, cpuInvocations=1500, cpuSubmitAvgMs=0.002, cpuSubmitMaxMs=0.017, gpuSamples=375, gpuAvgMs=0.083, gpuMaxMs=0.160, gpuAvgMsPerMP=0.202
[03Aug2026 00:59:45.473] [Render thread/INFO] [Photonics/]: Photonics pass timing v73: group=restir gi initial, passes=[initial indirect], viewport=608x300, megapixels=0.182, cpuInvocations=300, cpuSubmitAvgMs=0.006, cpuSubmitMaxMs=0.015, gpuSamples=75, gpuAvgMs=0.103, gpuMaxMs=0.127, gpuAvgMsPerMP=0.565
[03Aug2026 00:59:45.490] [Render thread/INFO] [Photonics/]: Photonics pass timing v73: group=restir gi temporal, passes=[temporal reuse + tri-state classification], viewport=608x300, megapixels=0.182, cpuInvocations=300, cpuSubmitAvgMs=0.006, cpuSubmitMaxMs=0.017, gpuSamples=75, gpuAvgMs=0.033, gpuMaxMs=0.079, gpuAvgMsPerMP=0.178
[03Aug2026 00:59:45.506] [Render thread/INFO] [Photonics/]: Photonics pass timing v73: group=restir gi spatial, passes=[spatial reuse/clamp + tri-state classification], viewport=608x300, megapixels=0.182, cpuInvocations=300, cpuSubmitAvgMs=0.004, cpuSubmitMaxMs=0.017, gpuSamples=75, gpuAvgMs=0.013, gpuMaxMs=0.014, gpuAvgMsPerMP=0.072
[03Aug2026 00:59:45.506] [Render thread/INFO] [Photonics/]: Photonics pass timing v73: group=restir gi diffuse, passes=[diffuse], viewport=608x300, megapixels=0.182, cpuInvocations=300, cpuSubmitAvgMs=0.003, cpuSubmitMaxMs=0.010, gpuSamples=75, gpuAvgMs=0.015, gpuMaxMs=0.016, gpuAvgMsPerMP=0.082
[03Aug2026 00:59:45.556] [Render thread/INFO] [Photonics/]: Photonics pass timing v73: group=restir gi accumulation, passes=[accumulation], viewport=608x300, megapixels=0.182, cpuInvocations=300, cpuSubmitAvgMs=0.004, cpuSubmitMaxMs=0.009, gpuSamples=75, gpuAvgMs=0.030, gpuMaxMs=0.094, gpuAvgMsPerMP=0.164
[03Aug2026 00:59:45.556] [Render thread/INFO] [Photonics/]: Photonics pass timing v73: group=svgf gi variance, passes=[variance prefilter], viewport=608x300, megapixels=0.182, cpuInvocations=300, cpuSubmitAvgMs=0.004, cpuSubmitMaxMs=0.013, gpuSamples=75, gpuAvgMs=0.028, gpuMaxMs=0.050, gpuAvgMsPerMP=0.154
[03Aug2026 00:59:45.556] [Render thread/INFO] [Photonics/]: Photonics pass timing v73: group=svgf gi atrous, passes=[atrous iteration], viewport=608x300, megapixels=0.182, cpuInvocations=900, cpuSubmitAvgMs=0.002, cpuSubmitMaxMs=0.013, gpuSamples=225, gpuAvgMs=0.033, gpuMaxMs=0.084, gpuAvgMsPerMP=0.181
[03Aug2026 00:59:45.556] [Render thread/INFO] [Photonics/]: Photonics pass timing v73: group=restir source/history diagnostic, passes=[compose diagnostic panels], viewport=912x450, megapixels=0.410, cpuInvocations=300, cpuSubmitAvgMs=0.003, cpuSubmitMaxMs=0.010, gpuSamples=75, gpuAvgMs=0.008, gpuMaxMs=0.015, gpuAvgMsPerMP=0.020
[03Aug2026 00:59:47.091] [Render thread/INFO] [Photonics/]: Photonics direct reservoir sample v64: samples=120, populated=0, emptyOrBackground=0, visibilityRejected=120, invalid=0, overLegacyCap=0, overTemporalCap=0, totalSamplesRange=32.0..32.0, viewport=912x450
[03Aug2026 00:59:50.292] [Render thread/INFO] [Photonics/]: Photonics pass timing v73: group=frag data, passes=[frag data], viewport=912x450, megapixels=0.410, cpuInvocations=299, cpuSubmitAvgMs=0.025, cpuSubmitMaxMs=0.083, gpuSamples=75, gpuAvgMs=0.027, gpuMaxMs=0.053, gpuAvgMsPerMP=0.067
[03Aug2026 00:59:50.293] [Render thread/INFO] [Photonics/]: Photonics frame throughput v78: viewport=912x450, windowSeconds=5.003, renderedFrames=299, fps=59.762, frameAvgMs=16.733
[03Aug2026 00:59:50.309] [Render thread/INFO] [Photonics/]: Photonics pass timing v73: group=frag data gi, passes=[frag data gi], viewport=608x300, megapixels=0.182, cpuInvocations=299, cpuSubmitAvgMs=0.011, cpuSubmitMaxMs=0.036, gpuSamples=75, gpuAvgMs=0.017, gpuMaxMs=0.047, gpuAvgMsPerMP=0.092
[03Aug2026 00:59:50.359] [Render thread/INFO] [Photonics/]: Photonics pass timing v73: group=restir direct, passes=[initial direct + visibility], viewport=912x450, megapixels=0.410, cpuInvocations=299, cpuSubmitAvgMs=0.010, cpuSubmitMaxMs=0.046, gpuSamples=75, gpuAvgMs=0.076, gpuMaxMs=0.083, gpuAvgMsPerMP=0.185
[03Aug2026 00:59:50.392] [Render thread/INFO] [Photonics/]: Photonics pass timing v73: group=restir direct spatial, passes=[spatial reuse/clamp], viewport=912x450, megapixels=0.410, cpuInvocations=299, cpuSubmitAvgMs=0.005, cpuSubmitMaxMs=0.017, gpuSamples=75, gpuAvgMs=0.019, gpuMaxMs=0.064, gpuAvgMsPerMP=0.046
[03Aug2026 00:59:50.411] [Render thread/INFO] [Photonics/]: Photonics pass timing v73: group=restir direct diffuse, passes=[diffuse], viewport=912x450, megapixels=0.410, cpuInvocations=299, cpuSubmitAvgMs=0.008, cpuSubmitMaxMs=0.021, gpuSamples=74, gpuAvgMs=0.192, gpuMaxMs=0.201, gpuAvgMsPerMP=0.468
[03Aug2026 00:59:50.460] [Render thread/INFO] [Photonics/]: Photonics pass timing v73: group=restir direct accumulation, passes=[accumulation], viewport=912x450, megapixels=0.410, cpuInvocations=299, cpuSubmitAvgMs=0.009, cpuSubmitMaxMs=0.033, gpuSamples=75, gpuAvgMs=0.143, gpuMaxMs=0.209, gpuAvgMsPerMP=0.348
[03Aug2026 00:59:50.460] [Render thread/INFO] [Photonics/]: Photonics pass timing v73: group=svgf direct variance, passes=[variance prefilter], viewport=912x450, megapixels=0.410, cpuInvocations=299, cpuSubmitAvgMs=0.007, cpuSubmitMaxMs=0.023, gpuSamples=75, gpuAvgMs=0.157, gpuMaxMs=0.223, gpuAvgMsPerMP=0.383
[03Aug2026 00:59:50.460] [Render thread/INFO] [Photonics/]: Photonics pass timing v73: group=svgf direct atrous, passes=[atrous iteration], viewport=912x450, megapixels=0.410, cpuInvocations=1495, cpuSubmitAvgMs=0.002, cpuSubmitMaxMs=0.014, gpuSamples=374, gpuAvgMs=0.082, gpuMaxMs=0.149, gpuAvgMsPerMP=0.200
[03Aug2026 00:59:50.477] [Render thread/INFO] [Photonics/]: Photonics pass timing v73: group=restir gi initial, passes=[initial indirect], viewport=608x300, megapixels=0.182, cpuInvocations=299, cpuSubmitAvgMs=0.006, cpuSubmitMaxMs=0.012, gpuSamples=74, gpuAvgMs=0.101, gpuMaxMs=0.133, gpuAvgMsPerMP=0.553
[03Aug2026 00:59:50.493] [Render thread/INFO] [Photonics/]: Photonics pass timing v73: group=restir gi temporal, passes=[temporal reuse + tri-state classification], viewport=608x300, megapixels=0.182, cpuInvocations=299, cpuSubmitAvgMs=0.006, cpuSubmitMaxMs=0.014, gpuSamples=75, gpuAvgMs=0.031, gpuMaxMs=0.033, gpuAvgMsPerMP=0.173
[03Aug2026 00:59:50.511] [Render thread/INFO] [Photonics/]: Photonics pass timing v73: group=restir gi spatial, passes=[spatial reuse/clamp + tri-state classification], viewport=608x300, megapixels=0.182, cpuInvocations=299, cpuSubmitAvgMs=0.005, cpuSubmitMaxMs=0.024, gpuSamples=75, gpuAvgMs=0.013, gpuMaxMs=0.014, gpuAvgMsPerMP=0.072
[03Aug2026 00:59:50.511] [Render thread/INFO] [Photonics/]: Photonics pass timing v73: group=restir gi diffuse, passes=[diffuse], viewport=608x300, megapixels=0.182, cpuInvocations=299, cpuSubmitAvgMs=0.003, cpuSubmitMaxMs=0.016, gpuSamples=75, gpuAvgMs=0.015, gpuMaxMs=0.016, gpuAvgMsPerMP=0.083
[03Aug2026 00:59:50.559] [Render thread/INFO] [Photonics/]: Photonics pass timing v73: group=restir gi accumulation, passes=[accumulation], viewport=608x300, megapixels=0.182, cpuInvocations=299, cpuSubmitAvgMs=0.004, cpuSubmitMaxMs=0.008, gpuSamples=75, gpuAvgMs=0.028, gpuMaxMs=0.029, gpuAvgMsPerMP=0.151
[03Aug2026 00:59:50.559] [Render thread/INFO] [Photonics/]: Photonics pass timing v73: group=svgf gi variance, passes=[variance prefilter], viewport=608x300, megapixels=0.182, cpuInvocations=299, cpuSubmitAvgMs=0.004, cpuSubmitMaxMs=0.012, gpuSamples=75, gpuAvgMs=0.028, gpuMaxMs=0.029, gpuAvgMsPerMP=0.153
[03Aug2026 00:59:50.559] [Render thread/INFO] [Photonics/]: Photonics pass timing v73: group=svgf gi atrous, passes=[atrous iteration], viewport=608x300, megapixels=0.182, cpuInvocations=897, cpuSubmitAvgMs=0.002, cpuSubmitMaxMs=0.014, gpuSamples=224, gpuAvgMs=0.032, gpuMaxMs=0.036, gpuAvgMsPerMP=0.177
[03Aug2026 00:59:50.559] [Render thread/INFO] [Photonics/]: Photonics pass timing v73: group=restir source/history diagnostic, passes=[compose diagnostic panels], viewport=912x450, megapixels=0.410, cpuInvocations=299, cpuSubmitAvgMs=0.003, cpuSubmitMaxMs=0.008, gpuSamples=75, gpuAvgMs=0.008, gpuMaxMs=0.009, gpuAvgMsPerMP=0.020
[03Aug2026 00:59:55.112] [Render thread/INFO] [Photonics/]: Photonics direct reservoir sample v64: samples=120, populated=1, emptyOrBackground=0, visibilityRejected=119, invalid=0, overLegacyCap=0, overTemporalCap=0, totalSamplesRange=32.0..32.0, viewport=912x450
[03Aug2026 00:59:55.295] [Render thread/INFO] [Photonics/]: Photonics pass timing v73: group=frag data, passes=[frag data], viewport=912x450, megapixels=0.410, cpuInvocations=300, cpuSubmitAvgMs=0.026, cpuSubmitMaxMs=0.082, gpuSamples=75, gpuAvgMs=0.028, gpuMaxMs=0.057, gpuAvgMsPerMP=0.068
[03Aug2026 00:59:55.295] [Render thread/INFO] [Photonics/]: Photonics frame throughput v78: viewport=912x450, windowSeconds=5.003, renderedFrames=300, fps=59.967, frameAvgMs=16.676
[03Aug2026 00:59:55.312] [Render thread/INFO] [Photonics/]: Photonics pass timing v73: group=frag data gi, passes=[frag data gi], viewport=608x300, megapixels=0.182, cpuInvocations=300, cpuSubmitAvgMs=0.012, cpuSubmitMaxMs=0.055, gpuSamples=75, gpuAvgMs=0.017, gpuMaxMs=0.050, gpuAvgMsPerMP=0.091
[03Aug2026 00:59:55.364] [Render thread/INFO] [Photonics/]: Photonics pass timing v73: group=restir direct, passes=[initial direct + visibility], viewport=912x450, megapixels=0.410, cpuInvocations=300, cpuSubmitAvgMs=0.011, cpuSubmitMaxMs=0.042, gpuSamples=75, gpuAvgMs=0.076, gpuMaxMs=0.082, gpuAvgMsPerMP=0.184
[03Aug2026 00:59:55.396] [Render thread/INFO] [Photonics/]: Photonics pass timing v73: group=restir direct spatial, passes=[spatial reuse/clamp], viewport=912x450, megapixels=0.410, cpuInvocations=300, cpuSubmitAvgMs=0.006, cpuSubmitMaxMs=0.018, gpuSamples=75, gpuAvgMs=0.018, gpuMaxMs=0.031, gpuAvgMsPerMP=0.043
[03Aug2026 00:59:55.413] [Render thread/INFO] [Photonics/]: Photonics pass timing v73: group=restir direct diffuse, passes=[diffuse], viewport=912x450, megapixels=0.410, cpuInvocations=300, cpuSubmitAvgMs=0.009, cpuSubmitMaxMs=0.019, gpuSamples=75, gpuAvgMs=0.198, gpuMaxMs=0.234, gpuAvgMsPerMP=0.482
[03Aug2026 00:59:55.462] [Render thread/INFO] [Photonics/]: Photonics pass timing v73: group=restir direct accumulation, passes=[accumulation], viewport=912x450, megapixels=0.410, cpuInvocations=300, cpuSubmitAvgMs=0.010, cpuSubmitMaxMs=0.043, gpuSamples=75, gpuAvgMs=0.134, gpuMaxMs=0.209, gpuAvgMsPerMP=0.326
[03Aug2026 00:59:55.462] [Render thread/INFO] [Photonics/]: Photonics pass timing v73: group=svgf direct variance, passes=[variance prefilter], viewport=912x450, megapixels=0.410, cpuInvocations=300, cpuSubmitAvgMs=0.007, cpuSubmitMaxMs=0.025, gpuSamples=75, gpuAvgMs=0.154, gpuMaxMs=0.222, gpuAvgMsPerMP=0.375
[03Aug2026 00:59:55.462] [Render thread/INFO] [Photonics/]: Photonics pass timing v73: group=svgf direct atrous, passes=[atrous iteration], viewport=912x450, megapixels=0.410, cpuInvocations=1500, cpuSubmitAvgMs=0.002, cpuSubmitMaxMs=0.015, gpuSamples=375, gpuAvgMs=0.082, gpuMaxMs=0.154, gpuAvgMsPerMP=0.200
[03Aug2026 00:59:55.478] [Render thread/INFO] [Photonics/]: Photonics pass timing v73: group=restir gi initial, passes=[initial indirect], viewport=608x300, megapixels=0.182, cpuInvocations=300, cpuSubmitAvgMs=0.006, cpuSubmitMaxMs=0.033, gpuSamples=75, gpuAvgMs=0.106, gpuMaxMs=0.150, gpuAvgMsPerMP=0.582
[03Aug2026 00:59:55.496] [Render thread/INFO] [Photonics/]: Photonics pass timing v73: group=restir gi temporal, passes=[temporal reuse + tri-state classification], viewport=608x300, megapixels=0.182, cpuInvocations=300, cpuSubmitAvgMs=0.006, cpuSubmitMaxMs=0.028, gpuSamples=75, gpuAvgMs=0.030, gpuMaxMs=0.032, gpuAvgMsPerMP=0.167
[03Aug2026 00:59:55.513] [Render thread/INFO] [Photonics/]: Photonics pass timing v73: group=restir gi spatial, passes=[spatial reuse/clamp + tri-state classification], viewport=608x300, megapixels=0.182, cpuInvocations=300, cpuSubmitAvgMs=0.005, cpuSubmitMaxMs=0.022, gpuSamples=75, gpuAvgMs=0.013, gpuMaxMs=0.014, gpuAvgMsPerMP=0.072
[03Aug2026 00:59:55.514] [Render thread/INFO] [Photonics/]: Photonics pass timing v73: group=restir gi diffuse, passes=[diffuse], viewport=608x300, megapixels=0.182, cpuInvocations=300, cpuSubmitAvgMs=0.004, cpuSubmitMaxMs=0.010, gpuSamples=75, gpuAvgMs=0.015, gpuMaxMs=0.017, gpuAvgMsPerMP=0.082
[03Aug2026 00:59:55.563] [Render thread/INFO] [Photonics/]: Photonics pass timing v73: group=restir gi accumulation, passes=[accumulation], viewport=608x300, megapixels=0.182, cpuInvocations=300, cpuSubmitAvgMs=0.004, cpuSubmitMaxMs=0.012, gpuSamples=75, gpuAvgMs=0.027, gpuMaxMs=0.029, gpuAvgMsPerMP=0.146
[03Aug2026 00:59:55.563] [Render thread/INFO] [Photonics/]: Photonics pass timing v73: group=svgf gi variance, passes=[variance prefilter], viewport=608x300, megapixels=0.182, cpuInvocations=300, cpuSubmitAvgMs=0.004, cpuSubmitMaxMs=0.035, gpuSamples=75, gpuAvgMs=0.028, gpuMaxMs=0.029, gpuAvgMsPerMP=0.152
[03Aug2026 00:59:55.563] [Render thread/INFO] [Photonics/]: Photonics pass timing v73: group=svgf gi atrous, passes=[atrous iteration], viewport=608x300, megapixels=0.182, cpuInvocations=900, cpuSubmitAvgMs=0.002, cpuSubmitMaxMs=0.011, gpuSamples=225, gpuAvgMs=0.032, gpuMaxMs=0.037, gpuAvgMsPerMP=0.177
[03Aug2026 00:59:55.563] [Render thread/INFO] [Photonics/]: Photonics pass timing v73: group=restir source/history diagnostic, passes=[compose diagnostic panels], viewport=912x450, megapixels=0.410, cpuInvocations=300, cpuSubmitAvgMs=0.003, cpuSubmitMaxMs=0.008, gpuSamples=75, gpuAvgMs=0.008, gpuMaxMs=0.009, gpuAvgMsPerMP=0.020
[03Aug2026 01:00:00.313] [Render thread/INFO] [Photonics/]: Photonics pass timing v73: group=frag data, passes=[frag data], viewport=912x450, megapixels=0.410, cpuInvocations=295, cpuSubmitAvgMs=0.031, cpuSubmitMaxMs=0.104, gpuSamples=73, gpuAvgMs=0.028, gpuMaxMs=0.059, gpuAvgMsPerMP=0.068
[03Aug2026 01:00:00.313] [Render thread/INFO] [Photonics/]: Photonics frame throughput v78: viewport=912x450, windowSeconds=5.018, renderedFrames=295, fps=58.794, frameAvgMs=17.009
[03Aug2026 01:00:00.313] [Render thread/INFO] [Photonics/]: Photonics pass timing v73: group=frag data gi, passes=[frag data gi], viewport=608x300, megapixels=0.182, cpuInvocations=294, cpuSubmitAvgMs=0.013, cpuSubmitMaxMs=0.040, gpuSamples=73, gpuAvgMs=0.016, gpuMaxMs=0.053, gpuAvgMsPerMP=0.089
[03Aug2026 01:00:00.379] [Render thread/INFO] [Photonics/]: Photonics pass timing v73: group=restir direct, passes=[initial direct + visibility], viewport=912x450, megapixels=0.410, cpuInvocations=295, cpuSubmitAvgMs=0.012, cpuSubmitMaxMs=0.042, gpuSamples=73, gpuAvgMs=0.076, gpuMaxMs=0.084, gpuAvgMsPerMP=0.185
[03Aug2026 01:00:00.412] [Render thread/INFO] [Photonics/]: Photonics pass timing v73: group=restir direct spatial, passes=[spatial reuse/clamp], viewport=912x450, megapixels=0.410, cpuInvocations=295, cpuSubmitAvgMs=0.006, cpuSubmitMaxMs=0.017, gpuSamples=74, gpuAvgMs=0.019, gpuMaxMs=0.064, gpuAvgMsPerMP=0.045
[03Aug2026 01:00:00.430] [Render thread/INFO] [Photonics/]: Photonics pass timing v73: group=restir direct diffuse, passes=[diffuse], viewport=912x450, megapixels=0.410, cpuInvocations=295, cpuSubmitAvgMs=0.010, cpuSubmitMaxMs=0.026, gpuSamples=74, gpuAvgMs=0.202, gpuMaxMs=0.237, gpuAvgMsPerMP=0.492
[03Aug2026 01:00:00.464] [Render thread/INFO] [Photonics/]: Photonics pass timing v73: group=restir direct accumulation, passes=[accumulation], viewport=912x450, megapixels=0.410, cpuInvocations=294, cpuSubmitAvgMs=0.011, cpuSubmitMaxMs=0.053, gpuSamples=74, gpuAvgMs=0.133, gpuMaxMs=0.185, gpuAvgMsPerMP=0.324
[03Aug2026 01:00:00.464] [Render thread/INFO] [Photonics/]: Photonics pass timing v73: group=svgf direct variance, passes=[variance prefilter], viewport=912x450, megapixels=0.410, cpuInvocations=294, cpuSubmitAvgMs=0.008, cpuSubmitMaxMs=0.026, gpuSamples=74, gpuAvgMs=0.157, gpuMaxMs=0.222, gpuAvgMsPerMP=0.383
[03Aug2026 01:00:00.464] [Render thread/INFO] [Photonics/]: Photonics pass timing v73: group=svgf direct atrous, passes=[atrous iteration], viewport=912x450, megapixels=0.410, cpuInvocations=1470, cpuSubmitAvgMs=0.003, cpuSubmitMaxMs=0.016, gpuSamples=368, gpuAvgMs=0.084, gpuMaxMs=0.159, gpuAvgMsPerMP=0.203
[03Aug2026 01:00:00.479] [Render thread/INFO] [Photonics/]: Photonics pass timing v73: group=restir gi initial, passes=[initial indirect], viewport=608x300, megapixels=0.182, cpuInvocations=294, cpuSubmitAvgMs=0.006, cpuSubmitMaxMs=0.015, gpuSamples=74, gpuAvgMs=0.112, gpuMaxMs=0.142, gpuAvgMsPerMP=0.617
[03Aug2026 01:00:00.496] [Render thread/INFO] [Photonics/]: Photonics pass timing v73: group=restir gi temporal, passes=[temporal reuse + tri-state classification], viewport=608x300, megapixels=0.182, cpuInvocations=294, cpuSubmitAvgMs=0.007, cpuSubmitMaxMs=0.017, gpuSamples=73, gpuAvgMs=0.031, gpuMaxMs=0.033, gpuAvgMsPerMP=0.168
[03Aug2026 01:00:00.514] [Render thread/INFO] [Photonics/]: Photonics pass timing v73: group=restir gi spatial, passes=[spatial reuse/clamp + tri-state classification], viewport=608x300, megapixels=0.182, cpuInvocations=294, cpuSubmitAvgMs=0.005, cpuSubmitMaxMs=0.021, gpuSamples=73, gpuAvgMs=0.013, gpuMaxMs=0.014, gpuAvgMsPerMP=0.072
[03Aug2026 01:00:00.514] [Render thread/INFO] [Photonics/]: Photonics pass timing v73: group=restir gi diffuse, passes=[diffuse], viewport=608x300, megapixels=0.182, cpuInvocations=294, cpuSubmitAvgMs=0.004, cpuSubmitMaxMs=0.032, gpuSamples=73, gpuAvgMs=0.015, gpuMaxMs=0.016, gpuAvgMsPerMP=0.082
[03Aug2026 01:00:00.563] [Render thread/INFO] [Photonics/]: Photonics pass timing v73: group=restir gi accumulation, passes=[accumulation], viewport=608x300, megapixels=0.182, cpuInvocations=294, cpuSubmitAvgMs=0.004, cpuSubmitMaxMs=0.012, gpuSamples=73, gpuAvgMs=0.027, gpuMaxMs=0.029, gpuAvgMsPerMP=0.149
[03Aug2026 01:00:00.563] [Render thread/INFO] [Photonics/]: Photonics pass timing v73: group=svgf gi variance, passes=[variance prefilter], viewport=608x300, megapixels=0.182, cpuInvocations=294, cpuSubmitAvgMs=0.005, cpuSubmitMaxMs=0.014, gpuSamples=73, gpuAvgMs=0.028, gpuMaxMs=0.029, gpuAvgMsPerMP=0.153
[03Aug2026 01:00:00.563] [Render thread/INFO] [Photonics/]: Photonics pass timing v73: group=svgf gi atrous, passes=[atrous iteration], viewport=608x300, megapixels=0.182, cpuInvocations=882, cpuSubmitAvgMs=0.003, cpuSubmitMaxMs=0.019, gpuSamples=221, gpuAvgMs=0.032, gpuMaxMs=0.070, gpuAvgMsPerMP=0.178
[03Aug2026 01:00:00.563] [Render thread/INFO] [Photonics/]: Photonics pass timing v73: group=restir source/history diagnostic, passes=[compose diagnostic panels], viewport=912x450, megapixels=0.410, cpuInvocations=294, cpuSubmitAvgMs=0.003, cpuSubmitMaxMs=0.011, gpuSamples=73, gpuAvgMs=0.008, gpuMaxMs=0.014, gpuAvgMsPerMP=0.021
[03Aug2026 01:00:00.767] [Render thread/WARN] [Sodium-VertexConsumerTracker/]: Class com.mojang.blaze3d.vertex.VertexMultiConsumer$Double does not support optimized vertex writing code paths, which may cause reduced rendering performance
[03Aug2026 01:00:03.216] [Render thread/INFO] [Photonics/]: Photonics direct reservoir sample v64: samples=120, populated=0, emptyOrBackground=0, visibilityRejected=120, invalid=0, overLegacyCap=0, overTemporalCap=0, totalSamplesRange=32.0..32.0, viewport=912x450
[03Aug2026 01:00:03.380] [Render thread/INFO] [Photonics/]: Photonics world tracing v72: revision=229, settled=false, compiledSections=1650, trackedSections=1650, batchBuilt=1, batchUnloaded=0, pendingBuilds=0, pendingUnloads=0, ready=true, depth=6, blockBounds=( 3.200E+1  1.280E+2  3.200E+1)..( 3.360E+2  2.080E+2  3.360E+2), treeBounds=( 0.000E+0  0.000E+0  0.000E+0)..( 1.024E+3  1.024E+3  1.024E+3), origin=(-7.680E+2 -1.920E+2  3.200E+2), boundsSource=compiled, compileMs=29.180
[03Aug2026 01:00:05.316] [Render thread/INFO] [Photonics/]: Photonics pass timing v73: group=frag data, passes=[frag data], viewport=912x450, megapixels=0.410, cpuInvocations=300, cpuSubmitAvgMs=0.028, cpuSubmitMaxMs=0.085, gpuSamples=75, gpuAvgMs=0.027, gpuMaxMs=0.063, gpuAvgMsPerMP=0.067
[03Aug2026 01:00:05.317] [Render thread/INFO] [Photonics/]: Photonics frame throughput v78: viewport=912x450, windowSeconds=5.004, renderedFrames=300, fps=59.955, frameAvgMs=16.679
[03Aug2026 01:00:05.317] [Render thread/INFO] [Photonics/]: Photonics pass timing v73: group=frag data gi, passes=[frag data gi], viewport=608x300, megapixels=0.182, cpuInvocations=300, cpuSubmitAvgMs=0.012, cpuSubmitMaxMs=0.038, gpuSamples=75, gpuAvgMs=0.016, gpuMaxMs=0.025, gpuAvgMsPerMP=0.087
[03Aug2026 01:00:05.381] [Render thread/INFO] [Photonics/]: Photonics world tracing v72: revision=229, settled=true, compiledSections=1650, trackedSections=1650, batchBuilt=1, batchUnloaded=0, pendingBuilds=0, pendingUnloads=0, ready=true, depth=6, blockBounds=( 3.200E+1  1.280E+2  3.200E+1)..( 3.360E+2  2.080E+2  3.360E+2), treeBounds=( 0.000E+0  0.000E+0  0.000E+0)..( 1.024E+3  1.024E+3  1.024E+3), origin=(-7.680E+2 -1.920E+2  3.200E+2), boundsSource=compiled, compileMs=29.180
[03Aug2026 01:00:05.382] [Render thread/INFO] [Photonics/]: Photonics memory v72: jvmHeap={usedBytes=3092515080, committedBytes=3917479936, maxBytes=8589934592}, jvmGc={collections=201, timeMs=2056}, worldHeap=GpuBufferHeapStats[capacityBytes=536870912, reservedBytes=113819764, liveBytes=111825652, peakLiveBytes=113802004, reusableBytes=1994112, allocations=155712, reusedAllocations=63949, frees=65555, failedAllocations=0], paletteHeap=GpuBufferHeapStats[capacityBytes=201326592, reservedBytes=76032, liveBytes=76032, peakLiveBytes=76032, reusableBytes=0, allocations=825, reusedAllocations=33, frees=33, failedAllocations=0], registries={lights=Stats[cachedObjects=1, pendingFreeObjects=0, allocatedObjects=1, failedAllocations=0], palettes=Stats[cachedObjects=792, pendingFreeObjects=0, allocatedObjects=825, failedAllocations=0], blocks=Stats[cachedObjects=1327, pendingFreeObjects=0, allocatedObjects=1400, failedAllocations=0], models=Stats[cachedObjects=34, pendingFreeObjects=0, allocatedObjects=37, failedAllocations=0]}
[03Aug2026 01:00:05.384] [Render thread/INFO] [Photonics/]: Photonics pass timing v73: group=restir direct, passes=[initial direct + visibility], viewport=912x450, megapixels=0.410, cpuInvocations=300, cpuSubmitAvgMs=0.011, cpuSubmitMaxMs=0.039, gpuSamples=75, gpuAvgMs=0.076, gpuMaxMs=0.077, gpuAvgMsPerMP=0.184
[03Aug2026 01:00:05.416] [Render thread/INFO] [Photonics/]: Photonics pass timing v73: group=restir direct spatial, passes=[spatial reuse/clamp], viewport=912x450, megapixels=0.410, cpuInvocations=300, cpuSubmitAvgMs=0.006, cpuSubmitMaxMs=0.014, gpuSamples=75, gpuAvgMs=0.019, gpuMaxMs=0.065, gpuAvgMsPerMP=0.046
[03Aug2026 01:00:05.433] [Render thread/INFO] [Photonics/]: Photonics pass timing v73: group=restir direct diffuse, passes=[diffuse], viewport=912x450, megapixels=0.410, cpuInvocations=300, cpuSubmitAvgMs=0.009, cpuSubmitMaxMs=0.018, gpuSamples=75, gpuAvgMs=0.191, gpuMaxMs=0.207, gpuAvgMsPerMP=0.466
[03Aug2026 01:00:05.466] [Render thread/INFO] [Photonics/]: Photonics pass timing v73: group=restir direct accumulation, passes=[accumulation], viewport=912x450, megapixels=0.410, cpuInvocations=300, cpuSubmitAvgMs=0.010, cpuSubmitMaxMs=0.025, gpuSamples=75, gpuAvgMs=0.141, gpuMaxMs=0.207, gpuAvgMsPerMP=0.344
[03Aug2026 01:00:05.467] [Render thread/INFO] [Photonics/]: Photonics pass timing v73: group=svgf direct variance, passes=[variance prefilter], viewport=912x450, megapixels=0.410, cpuInvocations=300, cpuSubmitAvgMs=0.007, cpuSubmitMaxMs=0.032, gpuSamples=75, gpuAvgMs=0.157, gpuMaxMs=0.227, gpuAvgMsPerMP=0.382
[03Aug2026 01:00:05.467] [Render thread/INFO] [Photonics/]: Photonics pass timing v73: group=svgf direct atrous, passes=[atrous iteration], viewport=912x450, megapixels=0.410, cpuInvocations=1500, cpuSubmitAvgMs=0.003, cpuSubmitMaxMs=0.009, gpuSamples=375, gpuAvgMs=0.086, gpuMaxMs=0.164, gpuAvgMsPerMP=0.209
[03Aug2026 01:00:05.482] [Render thread/INFO] [Photonics/]: Photonics pass timing v73: group=restir gi initial, passes=[initial indirect], viewport=608x300, megapixels=0.182, cpuInvocations=300, cpuSubmitAvgMs=0.006, cpuSubmitMaxMs=0.018, gpuSamples=75, gpuAvgMs=0.105, gpuMaxMs=0.127, gpuAvgMsPerMP=0.575
[03Aug2026 01:00:05.499] [Render thread/INFO] [Photonics/]: Photonics pass timing v73: group=restir gi temporal, passes=[temporal reuse + tri-state classification], viewport=608x300, megapixels=0.182, cpuInvocations=300, cpuSubmitAvgMs=0.006, cpuSubmitMaxMs=0.016, gpuSamples=75, gpuAvgMs=0.033, gpuMaxMs=0.080, gpuAvgMsPerMP=0.183
[03Aug2026 01:00:05.517] [Render thread/INFO] [Photonics/]: Photonics pass timing v73: group=restir gi spatial, passes=[spatial reuse/clamp + tri-state classification], viewport=608x300, megapixels=0.182, cpuInvocations=300, cpuSubmitAvgMs=0.005, cpuSubmitMaxMs=0.017, gpuSamples=75, gpuAvgMs=0.013, gpuMaxMs=0.022, gpuAvgMsPerMP=0.073
[03Aug2026 01:00:05.517] [Render thread/INFO] [Photonics/]: Photonics pass timing v73: group=restir gi diffuse, passes=[diffuse], viewport=608x300, megapixels=0.182, cpuInvocations=300, cpuSubmitAvgMs=0.004, cpuSubmitMaxMs=0.014, gpuSamples=75, gpuAvgMs=0.015, gpuMaxMs=0.042, gpuAvgMsPerMP=0.085
[03Aug2026 01:00:05.567] [Render thread/INFO] [Photonics/]: Photonics pass timing v73: group=restir gi accumulation, passes=[accumulation], viewport=608x300, megapixels=0.182, cpuInvocations=300, cpuSubmitAvgMs=0.004, cpuSubmitMaxMs=0.048, gpuSamples=75, gpuAvgMs=0.028, gpuMaxMs=0.056, gpuAvgMsPerMP=0.154
[03Aug2026 01:00:05.567] [Render thread/INFO] [Photonics/]: Photonics pass timing v73: group=svgf gi variance, passes=[variance prefilter], viewport=608x300, megapixels=0.182, cpuInvocations=300, cpuSubmitAvgMs=0.004, cpuSubmitMaxMs=0.014, gpuSamples=75, gpuAvgMs=0.028, gpuMaxMs=0.029, gpuAvgMsPerMP=0.152
[03Aug2026 01:00:05.567] [Render thread/INFO] [Photonics/]: Photonics pass timing v73: group=svgf gi atrous, passes=[atrous iteration], viewport=608x300, megapixels=0.182, cpuInvocations=900, cpuSubmitAvgMs=0.002, cpuSubmitMaxMs=0.015, gpuSamples=225, gpuAvgMs=0.032, gpuMaxMs=0.075, gpuAvgMsPerMP=0.177
[03Aug2026 01:00:05.567] [Render thread/INFO] [Photonics/]: Photonics pass timing v73: group=restir source/history diagnostic, passes=[compose diagnostic panels], viewport=912x450, megapixels=0.410, cpuInvocations=300, cpuSubmitAvgMs=0.003, cpuSubmitMaxMs=0.007, gpuSamples=75, gpuAvgMs=0.008, gpuMaxMs=0.009, gpuAvgMsPerMP=0.020
[03Aug2026 01:00:08.349] [Render thread/INFO] [net.minecraft.advancements.AdvancementTree/]: Loaded 84 advancements
[03Aug2026 01:00:10.320] [Render thread/INFO] [Photonics/]: Photonics pass timing v73: group=frag data, passes=[frag data], viewport=912x450, megapixels=0.410, cpuInvocations=300, cpuSubmitAvgMs=0.019, cpuSubmitMaxMs=0.068, gpuSamples=75, gpuAvgMs=0.027, gpuMaxMs=0.056, gpuAvgMsPerMP=0.066
[03Aug2026 01:00:10.320] [Render thread/INFO] [Photonics/]: Photonics frame throughput v78: viewport=912x450, windowSeconds=5.003, renderedFrames=300, fps=59.963, frameAvgMs=16.677
[03Aug2026 01:00:10.320] [Render thread/INFO] [Photonics/]: Photonics pass timing v73: group=frag data gi, passes=[frag data gi], viewport=608x300, megapixels=0.182, cpuInvocations=300, cpuSubmitAvgMs=0.012, cpuSubmitMaxMs=0.028, gpuSamples=75, gpuAvgMs=0.017, gpuMaxMs=0.051, gpuAvgMsPerMP=0.092
[03Aug2026 01:00:10.386] [Render thread/INFO] [Photonics/]: Photonics pass timing v73: group=restir direct, passes=[initial direct + visibility], viewport=912x450, megapixels=0.410, cpuInvocations=300, cpuSubmitAvgMs=0.011, cpuSubmitMaxMs=0.038, gpuSamples=75, gpuAvgMs=0.077, gpuMaxMs=0.083, gpuAvgMsPerMP=0.186
[03Aug2026 01:00:10.419] [Render thread/INFO] [Photonics/]: Photonics pass timing v73: group=restir direct spatial, passes=[spatial reuse/clamp], viewport=912x450, megapixels=0.410, cpuInvocations=300, cpuSubmitAvgMs=0.006, cpuSubmitMaxMs=0.028, gpuSamples=75, gpuAvgMs=0.018, gpuMaxMs=0.041, gpuAvgMsPerMP=0.044
[03Aug2026 01:00:10.435] [Render thread/INFO] [Photonics/]: Photonics pass timing v73: group=restir direct diffuse, passes=[diffuse], viewport=912x450, megapixels=0.410, cpuInvocations=300, cpuSubmitAvgMs=0.009, cpuSubmitMaxMs=0.040, gpuSamples=75, gpuAvgMs=0.204, gpuMaxMs=0.242, gpuAvgMsPerMP=0.497
[03Aug2026 01:00:10.469] [Render thread/INFO] [Photonics/]: Photonics pass timing v73: group=restir direct accumulation, passes=[accumulation], viewport=912x450, megapixels=0.410, cpuInvocations=300, cpuSubmitAvgMs=0.010, cpuSubmitMaxMs=0.030, gpuSamples=75, gpuAvgMs=0.129, gpuMaxMs=0.206, gpuAvgMsPerMP=0.314
[03Aug2026 01:00:10.469] [Render thread/INFO] [Photonics/]: Photonics pass timing v73: group=svgf direct variance, passes=[variance prefilter], viewport=912x450, megapixels=0.410, cpuInvocations=300, cpuSubmitAvgMs=0.007, cpuSubmitMaxMs=0.024, gpuSamples=75, gpuAvgMs=0.156, gpuMaxMs=0.226, gpuAvgMsPerMP=0.380
[03Aug2026 01:00:10.469] [Render thread/INFO] [Photonics/]: Photonics pass timing v73: group=svgf direct atrous, passes=[atrous iteration], viewport=912x450, megapixels=0.410, cpuInvocations=1500, cpuSubmitAvgMs=0.002, cpuSubmitMaxMs=0.013, gpuSamples=375, gpuAvgMs=0.081, gpuMaxMs=0.154, gpuAvgMsPerMP=0.199
[03Aug2026 01:00:10.485] [Render thread/INFO] [Photonics/]: Photonics pass timing v73: group=restir gi initial, passes=[initial indirect], viewport=608x300, megapixels=0.182, cpuInvocations=300, cpuSubmitAvgMs=0.006, cpuSubmitMaxMs=0.029, gpuSamples=75, gpuAvgMs=0.116, gpuMaxMs=0.154, gpuAvgMsPerMP=0.638
[03Aug2026 01:00:10.504] [Render thread/INFO] [Photonics/]: Photonics pass timing v73: group=restir gi temporal, passes=[temporal reuse + tri-state classification], viewport=608x300, megapixels=0.182, cpuInvocations=300, cpuSubmitAvgMs=0.006, cpuSubmitMaxMs=0.016, gpuSamples=75, gpuAvgMs=0.030, gpuMaxMs=0.034, gpuAvgMsPerMP=0.163
[03Aug2026 01:00:10.520] [Render thread/INFO] [Photonics/]: Photonics pass timing v73: group=restir gi spatial, passes=[spatial reuse/clamp + tri-state classification], viewport=608x300, megapixels=0.182, cpuInvocations=300, cpuSubmitAvgMs=0.005, cpuSubmitMaxMs=0.019, gpuSamples=75, gpuAvgMs=0.013, gpuMaxMs=0.014, gpuAvgMsPerMP=0.072
[03Aug2026 01:00:10.520] [Render thread/INFO] [Photonics/]: Photonics pass timing v73: group=restir gi diffuse, passes=[diffuse], viewport=608x300, megapixels=0.182, cpuInvocations=300, cpuSubmitAvgMs=0.003, cpuSubmitMaxMs=0.009, gpuSamples=75, gpuAvgMs=0.015, gpuMaxMs=0.016, gpuAvgMsPerMP=0.081
[03Aug2026 01:00:10.570] [Render thread/INFO] [Photonics/]: Photonics pass timing v73: group=restir gi accumulation, passes=[accumulation], viewport=608x300, megapixels=0.182, cpuInvocations=300, cpuSubmitAvgMs=0.004, cpuSubmitMaxMs=0.009, gpuSamples=75, gpuAvgMs=0.026, gpuMaxMs=0.029, gpuAvgMsPerMP=0.143
[03Aug2026 01:00:10.570] [Render thread/INFO] [Photonics/]: Photonics pass timing v73: group=svgf gi variance, passes=[variance prefilter], viewport=608x300, megapixels=0.182, cpuInvocations=300, cpuSubmitAvgMs=0.004, cpuSubmitMaxMs=0.012, gpuSamples=75, gpuAvgMs=0.028, gpuMaxMs=0.029, gpuAvgMsPerMP=0.152
[03Aug2026 01:00:10.570] [Render thread/INFO] [Photonics/]: Photonics pass timing v73: group=svgf gi atrous, passes=[atrous iteration], viewport=608x300, megapixels=0.182, cpuInvocations=900, cpuSubmitAvgMs=0.002, cpuSubmitMaxMs=0.013, gpuSamples=225, gpuAvgMs=0.032, gpuMaxMs=0.036, gpuAvgMsPerMP=0.175
[03Aug2026 01:00:10.570] [Render thread/INFO] [Photonics/]: Photonics pass timing v73: group=restir source/history diagnostic, passes=[compose diagnostic panels], viewport=912x450, megapixels=0.410, cpuInvocations=300, cpuSubmitAvgMs=0.003, cpuSubmitMaxMs=0.022, gpuSamples=75, gpuAvgMs=0.008, gpuMaxMs=0.009, gpuAvgMsPerMP=0.020
[03Aug2026 01:00:11.221] [Render thread/INFO] [Photonics/]: Photonics direct reservoir sample v64: samples=120, populated=2, emptyOrBackground=0, visibilityRejected=118, invalid=0, overLegacyCap=0, overTemporalCap=0, totalSamplesRange=32.0..32.0, viewport=912x450
[03Aug2026 01:00:13.807] [Photonics Light List Compiler/INFO] [Photonics/]: Photonics light-list publication v88: coalescedBatches=5, peakPendingSections=119, remainingSections=0, deferredMs=25.372
[03Aug2026 01:00:13.819] [Render thread/INFO] [Photonics/]: Photonics world tracing v72: revision=230, settled=false, compiledSections=1560, trackedSections=1651, batchBuilt=4, batchUnloaded=94, pendingBuilds=25, pendingUnloads=0, ready=true, depth=6, blockBounds=( 3.200E+1  1.280E+2  8.000E+1)..( 3.360E+2  2.080E+2  3.840E+2), treeBounds=( 0.000E+0  0.000E+0  0.000E+0)..( 1.024E+3  1.024E+3  1.024E+3), origin=(-7.680E+2 -1.920E+2  2.560E+2), boundsSource=compiled, compileMs=45.357
[03Aug2026 01:00:15.321] [Render thread/INFO] [Photonics/]: Photonics pass timing v73: group=frag data, passes=[frag data], viewport=912x450, megapixels=0.410, cpuInvocations=300, cpuSubmitAvgMs=0.018, cpuSubmitMaxMs=0.055, gpuSamples=75, gpuAvgMs=0.025, gpuMaxMs=0.027, gpuAvgMsPerMP=0.062
[03Aug2026 01:00:15.321] [Render thread/INFO] [Photonics/]: Photonics frame throughput v78: viewport=912x450, windowSeconds=5.002, renderedFrames=300, fps=59.979, frameAvgMs=16.673
[03Aug2026 01:00:15.321] [Render thread/INFO] [Photonics/]: Photonics pass timing v73: group=frag data gi, passes=[frag data gi], viewport=608x300, megapixels=0.182, cpuInvocations=300, cpuSubmitAvgMs=0.012, cpuSubmitMaxMs=0.033, gpuSamples=75, gpuAvgMs=0.015, gpuMaxMs=0.048, gpuAvgMsPerMP=0.085
[03Aug2026 01:00:15.387] [Render thread/INFO] [Photonics/]: Photonics pass timing v73: group=restir direct, passes=[initial direct + visibility], viewport=912x450, megapixels=0.410, cpuInvocations=300, cpuSubmitAvgMs=0.011, cpuSubmitMaxMs=0.033, gpuSamples=75, gpuAvgMs=0.078, gpuMaxMs=0.088, gpuAvgMsPerMP=0.190
[03Aug2026 01:00:15.421] [Render thread/INFO] [Photonics/]: Photonics pass timing v73: group=restir direct spatial, passes=[spatial reuse/clamp], viewport=912x450, megapixels=0.410, cpuInvocations=300, cpuSubmitAvgMs=0.006, cpuSubmitMaxMs=0.017, gpuSamples=75, gpuAvgMs=0.021, gpuMaxMs=0.062, gpuAvgMsPerMP=0.052
[03Aug2026 01:00:15.437] [Render thread/INFO] [Photonics/]: Photonics pass timing v73: group=restir direct diffuse, passes=[diffuse], viewport=912x450, megapixels=0.410, cpuInvocations=300, cpuSubmitAvgMs=0.009, cpuSubmitMaxMs=0.034, gpuSamples=75, gpuAvgMs=0.199, gpuMaxMs=0.227, gpuAvgMsPerMP=0.485
[03Aug2026 01:00:15.472] [Render thread/INFO] [Photonics/]: Photonics pass timing v73: group=restir direct accumulation, passes=[accumulation], viewport=912x450, megapixels=0.410, cpuInvocations=300, cpuSubmitAvgMs=0.010, cpuSubmitMaxMs=0.028, gpuSamples=75, gpuAvgMs=0.121, gpuMaxMs=0.192, gpuAvgMsPerMP=0.296
[03Aug2026 01:00:15.472] [Render thread/INFO] [Photonics/]: Photonics pass timing v73: group=svgf direct variance, passes=[variance prefilter], viewport=912x450, megapixels=0.410, cpuInvocations=300, cpuSubmitAvgMs=0.007, cpuSubmitMaxMs=0.030, gpuSamples=75, gpuAvgMs=0.154, gpuMaxMs=0.227, gpuAvgMsPerMP=0.375
[03Aug2026 01:00:15.472] [Render thread/INFO] [Photonics/]: Photonics pass timing v73: group=svgf direct atrous, passes=[atrous iteration], viewport=912x450, megapixels=0.410, cpuInvocations=1500, cpuSubmitAvgMs=0.002, cpuSubmitMaxMs=0.018, gpuSamples=375, gpuAvgMs=0.081, gpuMaxMs=0.147, gpuAvgMsPerMP=0.197
[03Aug2026 01:00:15.487] [Render thread/INFO] [Photonics/]: Photonics pass timing v73: group=restir gi initial, passes=[initial indirect], viewport=608x300, megapixels=0.182, cpuInvocations=300, cpuSubmitAvgMs=0.006, cpuSubmitMaxMs=0.014, gpuSamples=75, gpuAvgMs=0.122, gpuMaxMs=0.169, gpuAvgMsPerMP=0.670
[03Aug2026 01:00:15.504] [Render thread/INFO] [Photonics/]: Photonics pass timing v73: group=restir gi temporal, passes=[temporal reuse + tri-state classification], viewport=608x300, megapixels=0.182, cpuInvocations=300, cpuSubmitAvgMs=0.006, cpuSubmitMaxMs=0.015, gpuSamples=75, gpuAvgMs=0.028, gpuMaxMs=0.032, gpuAvgMsPerMP=0.153
[03Aug2026 01:00:15.522] [Render thread/INFO] [Photonics/]: Photonics pass timing v73: group=restir gi spatial, passes=[spatial reuse/clamp + tri-state classification], viewport=608x300, megapixels=0.182, cpuInvocations=300, cpuSubmitAvgMs=0.005, cpuSubmitMaxMs=0.015, gpuSamples=75, gpuAvgMs=0.013, gpuMaxMs=0.014, gpuAvgMsPerMP=0.071
[03Aug2026 01:00:15.522] [Render thread/INFO] [Photonics/]: Photonics pass timing v73: group=restir gi diffuse, passes=[diffuse], viewport=608x300, megapixels=0.182, cpuInvocations=300, cpuSubmitAvgMs=0.004, cpuSubmitMaxMs=0.019, gpuSamples=75, gpuAvgMs=0.015, gpuMaxMs=0.016, gpuAvgMsPerMP=0.081
[03Aug2026 01:00:15.571] [Render thread/INFO] [Photonics/]: Photonics pass timing v73: group=restir gi accumulation, passes=[accumulation], viewport=608x300, megapixels=0.182, cpuInvocations=300, cpuSubmitAvgMs=0.004, cpuSubmitMaxMs=0.011, gpuSamples=75, gpuAvgMs=0.025, gpuMaxMs=0.029, gpuAvgMsPerMP=0.135
[03Aug2026 01:00:15.571] [Render thread/INFO] [Photonics/]: Photonics pass timing v73: group=svgf gi variance, passes=[variance prefilter], viewport=608x300, megapixels=0.182, cpuInvocations=300, cpuSubmitAvgMs=0.004, cpuSubmitMaxMs=0.015, gpuSamples=75, gpuAvgMs=0.028, gpuMaxMs=0.029, gpuAvgMsPerMP=0.152
[03Aug2026 01:00:15.571] [Render thread/INFO] [Photonics/]: Photonics pass timing v73: group=svgf gi atrous, passes=[atrous iteration], viewport=608x300, megapixels=0.182, cpuInvocations=900, cpuSubmitAvgMs=0.002, cpuSubmitMaxMs=0.012, gpuSamples=225, gpuAvgMs=0.032, gpuMaxMs=0.037, gpuAvgMsPerMP=0.174
[03Aug2026 01:00:15.571] [Render thread/INFO] [Photonics/]: Photonics pass timing v73: group=restir source/history diagnostic, passes=[compose diagnostic panels], viewport=912x450, megapixels=0.410, cpuInvocations=300, cpuSubmitAvgMs=0.003, cpuSubmitMaxMs=0.010, gpuSamples=75, gpuAvgMs=0.009, gpuMaxMs=0.010, gpuAvgMsPerMP=0.021
[03Aug2026 01:00:16.020] [Render thread/INFO] [Photonics/]: Photonics world tracing v72: revision=233, settled=true, compiledSections=1651, trackedSections=1651, batchBuilt=15, batchUnloaded=0, pendingBuilds=0, pendingUnloads=0, ready=true, depth=6, blockBounds=( 3.200E+1  1.280E+2  8.000E+1)..( 3.360E+2  2.080E+2  3.840E+2), treeBounds=( 0.000E+0  0.000E+0  0.000E+0)..( 1.024E+3  1.024E+3  1.024E+3), origin=(-7.680E+2 -1.920E+2  2.560E+2), boundsSource=compiled, compileMs=46.781
[03Aug2026 01:00:16.020] [Render thread/INFO] [Photonics/]: Photonics memory v72: jvmHeap={usedBytes=3362034512, committedBytes=3917479936, maxBytes=8589934592}, jvmGc={collections=202, timeMs=2063}, worldHeap=GpuBufferHeapStats[capacityBytes=536870912, reservedBytes=113819764, liveBytes=111825908, peakLiveBytes=113802004, reusableBytes=1993856, allocations=160788, reusedAllocations=69025, frees=70635, failedAllocations=0], paletteHeap=GpuBufferHeapStats[capacityBytes=201326592, reservedBytes=76032, liveBytes=76032, peakLiveBytes=76032, reusableBytes=0, allocations=825, reusedAllocations=33, frees=33, failedAllocations=0], registries={lights=Stats[cachedObjects=1, pendingFreeObjects=0, allocatedObjects=1, failedAllocations=0], palettes=Stats[cachedObjects=792, pendingFreeObjects=0, allocatedObjects=825, failedAllocations=0], blocks=Stats[cachedObjects=1327, pendingFreeObjects=0, allocatedObjects=1400, failedAllocations=0], models=Stats[cachedObjects=34, pendingFreeObjects=0, allocatedObjects=37, failedAllocations=0]}
[03Aug2026 01:00:16.701] [Photonics Light List Compiler/INFO] [Photonics/]: Photonics light candidates v18: eligible=139, selected=139, maxLights=4000, lightSections=12, capped=false
[03Aug2026 01:00:16.701] [Photonics Light List Compiler/INFO] [Photonics/]: Photonics light-list publication v88: coalescedBatches=4, peakPendingSections=102, remainingSections=0, deferredMs=23.232
[03Aug2026 01:00:16.705] [Render thread/INFO] [Photonics/]: Photonics light list pending: 198 -> 139
[03Aug2026 01:00:16.737] [Render thread/INFO] [Photonics/]: Photonics world tracing v72: revision=234, settled=false, compiledSections=1563, trackedSections=1652, batchBuilt=5, batchUnloaded=93, pendingBuilds=33, pendingUnloads=0, ready=true, depth=6, blockBounds=( 3.200E+1  1.280E+2  6.400E+1)..( 3.360E+2  2.080E+2  3.680E+2), treeBounds=( 0.000E+0  0.000E+0  0.000E+0)..( 1.024E+3  1.024E+3  1.024E+3), origin=(-7.680E+2 -1.920E+2  2.560E+2), boundsSource=compiled, compileMs=59.708
[03Aug2026 01:00:18.287] [Render thread/INFO] [Photonics/]: Photonics world tracing v72: revision=238, settled=false, compiledSections=1652, trackedSections=1652, batchBuilt=1, batchUnloaded=0, pendingBuilds=0, pendingUnloads=0, ready=true, depth=6, blockBounds=( 3.200E+1  1.280E+2  6.400E+1)..( 3.360E+2  2.080E+2  3.680E+2), treeBounds=( 0.000E+0  0.000E+0  0.000E+0)..( 1.024E+3  1.024E+3  1.024E+3), origin=(-7.680E+2 -1.920E+2  2.560E+2), boundsSource=compiled, compileMs=31.415
[03Aug2026 01:00:19.088] [Photonics Light List Compiler/INFO] [Photonics/]: Photonics light candidates v18: eligible=198, selected=198, maxLights=4000, lightSections=14, capped=false
[03Aug2026 01:00:19.088] [Photonics Light List Compiler/INFO] [Photonics/]: Photonics light-list publication v88: coalescedBatches=5, peakPendingSections=83, remainingSections=0, deferredMs=9.224
[03Aug2026 01:00:19.088] [Render thread/INFO] [Photonics/]: Photonics light list pending: 139 -> 198
[03Aug2026 01:00:19.224] [Render thread/INFO] [Photonics/]: Photonics direct reservoir sample v64: samples=120, populated=12, emptyOrBackground=0, visibilityRejected=108, invalid=0, overLegacyCap=0, overTemporalCap=0, totalSamplesRange=32.0..32.0, viewport=912x450
[03Aug2026 01:00:19.323] [Render thread/INFO] [Photonics/]: Photonics world tracing v72: revision=241, settled=false, compiledSections=1651, trackedSections=1651, batchBuilt=21, batchUnloaded=0, pendingBuilds=0, pendingUnloads=0, ready=true, depth=6, blockBounds=( 3.200E+1  1.280E+2  8.000E+1)..( 3.360E+2  2.080E+2  3.840E+2), treeBounds=( 0.000E+0  0.000E+0  0.000E+0)..( 1.024E+3  1.024E+3  1.024E+3), origin=(-7.680E+2 -1.920E+2  2.560E+2), boundsSource=compiled, compileMs=63.558
[03Aug2026 01:00:20.323] [Render thread/INFO] [Photonics/]: Photonics pass timing v73: group=frag data, passes=[frag data], viewport=912x450, megapixels=0.410, cpuInvocations=299, cpuSubmitAvgMs=0.020, cpuSubmitMaxMs=0.061, gpuSamples=75, gpuAvgMs=0.026, gpuMaxMs=0.059, gpuAvgMsPerMP=0.062
[03Aug2026 01:00:20.323] [Render thread/INFO] [Photonics/]: Photonics frame throughput v78: viewport=912x450, windowSeconds=5.002, renderedFrames=299, fps=59.777, frameAvgMs=16.729
[03Aug2026 01:00:20.323] [Render thread/INFO] [Photonics/]: Photonics pass timing v73: group=frag data gi, passes=[frag data gi], viewport=608x300, megapixels=0.182, cpuInvocations=299, cpuSubmitAvgMs=0.013, cpuSubmitMaxMs=0.039, gpuSamples=75, gpuAvgMs=0.017, gpuMaxMs=0.049, gpuAvgMsPerMP=0.092
[03Aug2026 01:00:20.389] [Render thread/INFO] [Photonics/]: Photonics pass timing v73: group=restir direct, passes=[initial direct + visibility], viewport=912x450, megapixels=0.410, cpuInvocations=299, cpuSubmitAvgMs=0.012, cpuSubmitMaxMs=0.037, gpuSamples=75, gpuAvgMs=0.078, gpuMaxMs=0.087, gpuAvgMsPerMP=0.191
[03Aug2026 01:00:20.424] [Render thread/INFO] [Photonics/]: Photonics pass timing v73: group=restir direct spatial, passes=[spatial reuse/clamp], viewport=912x450, megapixels=0.410, cpuInvocations=299, cpuSubmitAvgMs=0.006, cpuSubmitMaxMs=0.019, gpuSamples=75, gpuAvgMs=0.017, gpuMaxMs=0.018, gpuAvgMsPerMP=0.043
[03Aug2026 01:00:20.440] [Render thread/INFO] [Photonics/]: Photonics pass timing v73: group=restir direct diffuse, passes=[diffuse], viewport=912x450, megapixels=0.410, cpuInvocations=299, cpuSubmitAvgMs=0.010, cpuSubmitMaxMs=0.031, gpuSamples=75, gpuAvgMs=0.234, gpuMaxMs=0.261, gpuAvgMsPerMP=0.569
[03Aug2026 01:00:20.474] [Render thread/INFO] [Photonics/]: Photonics pass timing v73: group=restir direct accumulation, passes=[accumulation], viewport=912x450, megapixels=0.410, cpuInvocations=299, cpuSubmitAvgMs=0.011, cpuSubmitMaxMs=0.026, gpuSamples=74, gpuAvgMs=0.134, gpuMaxMs=0.200, gpuAvgMsPerMP=0.325
[03Aug2026 01:00:20.474] [Render thread/INFO] [Photonics/]: Photonics pass timing v73: group=svgf direct variance, passes=[variance prefilter], viewport=912x450, megapixels=0.410, cpuInvocations=299, cpuSubmitAvgMs=0.008, cpuSubmitMaxMs=0.043, gpuSamples=74, gpuAvgMs=0.171, gpuMaxMs=0.245, gpuAvgMsPerMP=0.417
[03Aug2026 01:00:20.474] [Render thread/INFO] [Photonics/]: Photonics pass timing v73: group=svgf direct atrous, passes=[atrous iteration], viewport=912x450, megapixels=0.410, cpuInvocations=1495, cpuSubmitAvgMs=0.003, cpuSubmitMaxMs=0.017, gpuSamples=373, gpuAvgMs=0.088, gpuMaxMs=0.158, gpuAvgMsPerMP=0.214
[03Aug2026 01:00:20.490] [Render thread/INFO] [Photonics/]: Photonics pass timing v73: group=restir gi initial, passes=[initial indirect], viewport=608x300, megapixels=0.182, cpuInvocations=299, cpuSubmitAvgMs=0.006, cpuSubmitMaxMs=0.018, gpuSamples=75, gpuAvgMs=0.118, gpuMaxMs=0.149, gpuAvgMsPerMP=0.644
[03Aug2026 01:00:20.507] [Render thread/INFO] [Photonics/]: Photonics pass timing v73: group=restir gi temporal, passes=[temporal reuse + tri-state classification], viewport=608x300, megapixels=0.182, cpuInvocations=299, cpuSubmitAvgMs=0.007, cpuSubmitMaxMs=0.017, gpuSamples=75, gpuAvgMs=0.028, gpuMaxMs=0.031, gpuAvgMsPerMP=0.155
[03Aug2026 01:00:20.524] [Render thread/INFO] [Photonics/]: Photonics pass timing v73: group=restir gi spatial, passes=[spatial reuse/clamp + tri-state classification], viewport=608x300, megapixels=0.182, cpuInvocations=299, cpuSubmitAvgMs=0.005, cpuSubmitMaxMs=0.016, gpuSamples=75, gpuAvgMs=0.013, gpuMaxMs=0.014, gpuAvgMsPerMP=0.072
[03Aug2026 01:00:20.524] [Render thread/INFO] [Photonics/]: Photonics pass timing v73: group=restir gi diffuse, passes=[diffuse], viewport=608x300, megapixels=0.182, cpuInvocations=299, cpuSubmitAvgMs=0.004, cpuSubmitMaxMs=0.011, gpuSamples=75, gpuAvgMs=0.015, gpuMaxMs=0.016, gpuAvgMsPerMP=0.082
[03Aug2026 01:00:20.573] [Render thread/INFO] [Photonics/]: Photonics pass timing v73: group=restir gi accumulation, passes=[accumulation], viewport=608x300, megapixels=0.182, cpuInvocations=299, cpuSubmitAvgMs=0.004, cpuSubmitMaxMs=0.010, gpuSamples=75, gpuAvgMs=0.025, gpuMaxMs=0.030, gpuAvgMsPerMP=0.138
[03Aug2026 01:00:20.574] [Render thread/INFO] [Photonics/]: Photonics pass timing v73: group=svgf gi variance, passes=[variance prefilter], viewport=608x300, megapixels=0.182, cpuInvocations=299, cpuSubmitAvgMs=0.004, cpuSubmitMaxMs=0.013, gpuSamples=75, gpuAvgMs=0.028, gpuMaxMs=0.029, gpuAvgMsPerMP=0.151
[03Aug2026 01:00:20.574] [Render thread/INFO] [Photonics/]: Photonics pass timing v73: group=svgf gi atrous, passes=[atrous iteration], viewport=608x300, megapixels=0.182, cpuInvocations=897, cpuSubmitAvgMs=0.003, cpuSubmitMaxMs=0.017, gpuSamples=224, gpuAvgMs=0.032, gpuMaxMs=0.036, gpuAvgMsPerMP=0.174
[03Aug2026 01:00:20.574] [Render thread/INFO] [Photonics/]: Photonics pass timing v73: group=restir source/history diagnostic, passes=[compose diagnostic panels], viewport=912x450, megapixels=0.410, cpuInvocations=299, cpuSubmitAvgMs=0.003, cpuSubmitMaxMs=0.010, gpuSamples=75, gpuAvgMs=0.011, gpuMaxMs=0.013, gpuAvgMsPerMP=0.028
[03Aug2026 01:00:21.339] [Render thread/INFO] [Photonics/]: Photonics world tracing v72: revision=241, settled=true, compiledSections=1651, trackedSections=1651, batchBuilt=21, batchUnloaded=0, pendingBuilds=0, pendingUnloads=0, ready=true, depth=6, blockBounds=( 3.200E+1  1.280E+2  8.000E+1)..( 3.360E+2  2.080E+2  3.840E+2), treeBounds=( 0.000E+0  0.000E+0  0.000E+0)..( 1.024E+3  1.024E+3  1.024E+3), origin=(-7.680E+2 -1.920E+2  2.560E+2), boundsSource=compiled, compileMs=63.558
[03Aug2026 01:00:21.339] [Render thread/INFO] [Photonics/]: Photonics memory v72: jvmHeap={usedBytes=2580297176, committedBytes=3917479936, maxBytes=8589934592}, jvmGc={collections=206, timeMs=2088}, worldHeap=GpuBufferHeapStats[capacityBytes=536870912, reservedBytes=113819764, liveBytes=111826100, peakLiveBytes=113802004, reusableBytes=1993664, allocations=170819, reusedAllocations=79056, frees=80666, failedAllocations=0], paletteHeap=GpuBufferHeapStats[capacityBytes=201326592, reservedBytes=76032, liveBytes=76032, peakLiveBytes=76032, reusableBytes=0, allocations=825, reusedAllocations=33, frees=33, failedAllocations=0], registries={lights=Stats[cachedObjects=1, pendingFreeObjects=0, allocatedObjects=1, failedAllocations=0], palettes=Stats[cachedObjects=792, pendingFreeObjects=0, allocatedObjects=825, failedAllocations=0], blocks=Stats[cachedObjects=1327, pendingFreeObjects=0, allocatedObjects=1400, failedAllocations=0], models=Stats[cachedObjects=34, pendingFreeObjects=0, allocatedObjects=37, failedAllocations=0]}
[03Aug2026 01:00:22.852] [Photonics Light List Compiler/INFO] [Photonics/]: Photonics light-list publication v88: coalescedBatches=4, peakPendingSections=102, remainingSections=0, deferredMs=21.360
[03Aug2026 01:00:22.873] [Render thread/INFO] [Photonics/]: Photonics world tracing v72: revision=242, settled=false, compiledSections=1560, trackedSections=1650, batchBuilt=4, batchUnloaded=95, pendingBuilds=34, pendingUnloads=0, ready=true, depth=6, blockBounds=( 3.200E+1  1.280E+2  3.200E+1)..( 3.360E+2  2.080E+2  3.360E+2), treeBounds=( 0.000E+0  0.000E+0  0.000E+0)..( 1.024E+3  1.024E+3  1.024E+3), origin=(-7.680E+2 -1.920E+2  3.200E+2), boundsSource=compiled, compileMs=45.704
[03Aug2026 01:00:25.074] [Render thread/INFO] [Photonics/]: Photonics world tracing v72: revision=245, settled=true, compiledSections=1650, trackedSections=1650, batchBuilt=4, batchUnloaded=0, pendingBuilds=0, pendingUnloads=0, ready=true, depth=6, blockBounds=( 3.200E+1  1.280E+2  3.200E+1)..( 3.360E+2  2.080E+2  3.360E+2), treeBounds=( 0.000E+0  0.000E+0  0.000E+0)..( 1.024E+3  1.024E+3  1.024E+3), origin=(-7.680E+2 -1.920E+2  3.200E+2), boundsSource=compiled, compileMs=35.017
[03Aug2026 01:00:25.074] [Render thread/INFO] [Photonics/]: Photonics memory v72: jvmHeap={usedBytes=2359675392, committedBytes=3917479936, maxBytes=8589934592}, jvmGc={collections=207, timeMs=2097}, worldHeap=GpuBufferHeapStats[capacityBytes=536870912, reservedBytes=113819764, liveBytes=111825652, peakLiveBytes=113802004, reusableBytes=1994112, allocations=175897, reusedAllocations=84134, frees=85740, failedAllocations=0], paletteHeap=GpuBufferHeapStats[capacityBytes=201326592, reservedBytes=76032, liveBytes=76032, peakLiveBytes=76032, reusableBytes=0, allocations=825, reusedAllocations=33, frees=33, failedAllocations=0], registries={lights=Stats[cachedObjects=1, pendingFreeObjects=0, allocatedObjects=1, failedAllocations=0], palettes=Stats[cachedObjects=792, pendingFreeObjects=0, allocatedObjects=825, failedAllocations=0], blocks=Stats[cachedObjects=1327, pendingFreeObjects=0, allocatedObjects=1400, failedAllocations=0], models=Stats[cachedObjects=34, pendingFreeObjects=0, allocatedObjects=37, failedAllocations=0]}
[03Aug2026 01:00:25.124] [Photonics Light List Compiler/INFO] [Photonics/]: Photonics light candidates v18: eligible=199, selected=199, maxLights=4000, lightSections=15, capped=false
[03Aug2026 01:00:25.125] [Render thread/INFO] [Photonics/]: Photonics light list pending: 198 -> 199
[03Aug2026 01:00:25.157] [Render thread/INFO] [Photonics/]: Photonics world tracing v72: revision=246, settled=false, compiledSections=1650, trackedSections=1650, batchBuilt=1, batchUnloaded=0, pendingBuilds=0, pendingUnloads=0, ready=true, depth=6, blockBounds=( 3.200E+1  1.280E+2  3.200E+1)..( 3.360E+2  2.080E+2  3.360E+2), treeBounds=( 0.000E+0  0.000E+0  0.000E+0)..( 1.024E+3  1.024E+3  1.024E+3), origin=(-7.680E+2 -1.920E+2  3.200E+2), boundsSource=compiled, compileMs=30.393
[03Aug2026 01:00:25.327] [Render thread/INFO] [Photonics/]: Photonics pass timing v73: group=frag data, passes=[frag data], viewport=912x450, megapixels=0.410, cpuInvocations=300, cpuSubmitAvgMs=0.021, cpuSubmitMaxMs=0.068, gpuSamples=75, gpuAvgMs=0.027, gpuMaxMs=0.061, gpuAvgMsPerMP=0.066
[03Aug2026 01:00:25.327] [Render thread/INFO] [Photonics/]: Photonics frame throughput v78: viewport=912x450, windowSeconds=5.003, renderedFrames=300, fps=59.960, frameAvgMs=16.678
[03Aug2026 01:00:25.327] [Render thread/INFO] [Photonics/]: Photonics pass timing v73: group=frag data gi, passes=[frag data gi], viewport=608x300, megapixels=0.182, cpuInvocations=300, cpuSubmitAvgMs=0.012, cpuSubmitMaxMs=0.044, gpuSamples=75, gpuAvgMs=0.016, gpuMaxMs=0.025, gpuAvgMsPerMP=0.087
[03Aug2026 01:00:25.392] [Render thread/INFO] [Photonics/]: Photonics pass timing v73: group=restir direct, passes=[initial direct + visibility], viewport=912x450, megapixels=0.410, cpuInvocations=300, cpuSubmitAvgMs=0.012, cpuSubmitMaxMs=0.030, gpuSamples=75, gpuAvgMs=0.077, gpuMaxMs=0.081, gpuAvgMsPerMP=0.187
[03Aug2026 01:00:25.426] [Render thread/INFO] [Photonics/]: Photonics pass timing v73: group=restir direct spatial, passes=[spatial reuse/clamp], viewport=912x450, megapixels=0.410, cpuInvocations=300, cpuSubmitAvgMs=0.006, cpuSubmitMaxMs=0.018, gpuSamples=75, gpuAvgMs=0.019, gpuMaxMs=0.064, gpuAvgMsPerMP=0.046
[03Aug2026 01:00:25.443] [Render thread/INFO] [Photonics/]: Photonics pass timing v73: group=restir direct diffuse, passes=[diffuse], viewport=912x450, megapixels=0.410, cpuInvocations=300, cpuSubmitAvgMs=0.009, cpuSubmitMaxMs=0.022, gpuSamples=75, gpuAvgMs=0.207, gpuMaxMs=0.238, gpuAvgMsPerMP=0.504
[03Aug2026 01:00:25.476] [Render thread/INFO] [Photonics/]: Photonics pass timing v73: group=restir direct accumulation, passes=[accumulation], viewport=912x450, megapixels=0.410, cpuInvocations=300, cpuSubmitAvgMs=0.010, cpuSubmitMaxMs=0.033, gpuSamples=75, gpuAvgMs=0.129, gpuMaxMs=0.191, gpuAvgMsPerMP=0.315
[03Aug2026 01:00:25.476] [Render thread/INFO] [Photonics/]: Photonics pass timing v73: group=svgf direct variance, passes=[variance prefilter], viewport=912x450, megapixels=0.410, cpuInvocations=300, cpuSubmitAvgMs=0.007, cpuSubmitMaxMs=0.026, gpuSamples=75, gpuAvgMs=0.156, gpuMaxMs=0.229, gpuAvgMsPerMP=0.380
[03Aug2026 01:00:25.476] [Render thread/INFO] [Photonics/]: Photonics pass timing v73: group=svgf direct atrous, passes=[atrous iteration], viewport=912x450, megapixels=0.410, cpuInvocations=1500, cpuSubmitAvgMs=0.003, cpuSubmitMaxMs=0.014, gpuSamples=375, gpuAvgMs=0.085, gpuMaxMs=0.163, gpuAvgMsPerMP=0.206
[03Aug2026 01:00:25.493] [Render thread/INFO] [Photonics/]: Photonics pass timing v73: group=restir gi initial, passes=[initial indirect], viewport=608x300, megapixels=0.182, cpuInvocations=300, cpuSubmitAvgMs=0.006, cpuSubmitMaxMs=0.014, gpuSamples=75, gpuAvgMs=0.111, gpuMaxMs=0.143, gpuAvgMsPerMP=0.610
[03Aug2026 01:00:25.509] [Render thread/INFO] [Photonics/]: Photonics pass timing v73: group=restir gi temporal, passes=[temporal reuse + tri-state classification], viewport=608x300, megapixels=0.182, cpuInvocations=300, cpuSubmitAvgMs=0.006, cpuSubmitMaxMs=0.017, gpuSamples=75, gpuAvgMs=0.030, gpuMaxMs=0.033, gpuAvgMsPerMP=0.162
[03Aug2026 01:00:25.527] [Render thread/INFO] [Photonics/]: Photonics pass timing v73: group=restir gi spatial, passes=[spatial reuse/clamp + tri-state classification], viewport=608x300, megapixels=0.182, cpuInvocations=300, cpuSubmitAvgMs=0.005, cpuSubmitMaxMs=0.016, gpuSamples=75, gpuAvgMs=0.013, gpuMaxMs=0.014, gpuAvgMsPerMP=0.072
[03Aug2026 01:00:25.527] [Render thread/INFO] [Photonics/]: Photonics pass timing v73: group=restir gi diffuse, passes=[diffuse], viewport=608x300, megapixels=0.182, cpuInvocations=300, cpuSubmitAvgMs=0.004, cpuSubmitMaxMs=0.011, gpuSamples=75, gpuAvgMs=0.015, gpuMaxMs=0.016, gpuAvgMsPerMP=0.082
[03Aug2026 01:00:25.576] [Render thread/INFO] [Photonics/]: Photonics pass timing v73: group=restir gi accumulation, passes=[accumulation], viewport=608x300, megapixels=0.182, cpuInvocations=300, cpuSubmitAvgMs=0.004, cpuSubmitMaxMs=0.012, gpuSamples=75, gpuAvgMs=0.026, gpuMaxMs=0.028, gpuAvgMsPerMP=0.144
[03Aug2026 01:00:25.576] [Render thread/INFO] [Photonics/]: Photonics pass timing v73: group=svgf gi variance, passes=[variance prefilter], viewport=608x300, megapixels=0.182, cpuInvocations=300, cpuSubmitAvgMs=0.004, cpuSubmitMaxMs=0.012, gpuSamples=75, gpuAvgMs=0.028, gpuMaxMs=0.029, gpuAvgMsPerMP=0.152
[03Aug2026 01:00:25.576] [Render thread/INFO] [Photonics/]: Photonics pass timing v73: group=svgf gi atrous, passes=[atrous iteration], viewport=608x300, megapixels=0.182, cpuInvocations=900, cpuSubmitAvgMs=0.002, cpuSubmitMaxMs=0.009, gpuSamples=225, gpuAvgMs=0.032, gpuMaxMs=0.037, gpuAvgMsPerMP=0.175
[03Aug2026 01:00:25.576] [Render thread/INFO] [Photonics/]: Photonics pass timing v73: group=restir source/history diagnostic, passes=[compose diagnostic panels], viewport=912x450, megapixels=0.410, cpuInvocations=300, cpuSubmitAvgMs=0.003, cpuSubmitMaxMs=0.008, gpuSamples=75, gpuAvgMs=0.009, gpuMaxMs=0.013, gpuAvgMsPerMP=0.022
[03Aug2026 01:00:27.158] [Render thread/INFO] [Photonics/]: Photonics world tracing v72: revision=246, settled=true, compiledSections=1650, trackedSections=1650, batchBuilt=1, batchUnloaded=0, pendingBuilds=0, pendingUnloads=0, ready=true, depth=6, blockBounds=( 3.200E+1  1.280E+2  3.200E+1)..( 3.360E+2  2.080E+2  3.360E+2), treeBounds=( 0.000E+0  0.000E+0  0.000E+0)..( 1.024E+3  1.024E+3  1.024E+3), origin=(-7.680E+2 -1.920E+2  3.200E+2), boundsSource=compiled, compileMs=30.393
[03Aug2026 01:00:27.158] [Render thread/INFO] [Photonics/]: Photonics memory v72: jvmHeap={usedBytes=2592459264, committedBytes=3917479936, maxBytes=8589934592}, jvmGc={collections=207, timeMs=2097}, worldHeap=GpuBufferHeapStats[capacityBytes=536870912, reservedBytes=113819764, liveBytes=111825652, peakLiveBytes=113802004, reusableBytes=1994112, allocations=175897, reusedAllocations=84134, frees=85740, failedAllocations=0], paletteHeap=GpuBufferHeapStats[capacityBytes=201326592, reservedBytes=76032, liveBytes=76032, peakLiveBytes=76032, reusableBytes=0, allocations=825, reusedAllocations=33, frees=33, failedAllocations=0], registries={lights=Stats[cachedObjects=1, pendingFreeObjects=0, allocatedObjects=1, failedAllocations=0], palettes=Stats[cachedObjects=792, pendingFreeObjects=0, allocatedObjects=825, failedAllocations=0], blocks=Stats[cachedObjects=1327, pendingFreeObjects=0, allocatedObjects=1400, failedAllocations=0], models=Stats[cachedObjects=34, pendingFreeObjects=0, allocatedObjects=37, failedAllocations=0]}
[03Aug2026 01:00:27.243] [Render thread/INFO] [Photonics/]: Photonics direct reservoir sample v64: samples=120, populated=11, emptyOrBackground=0, visibilityRejected=109, invalid=0, overLegacyCap=0, overTemporalCap=0, totalSamplesRange=32.0..32.0, viewport=912x450
[03Aug2026 01:00:30.226] [Render thread/INFO] [Photonics/]: Photonics world tracing v72: revision=247, settled=false, compiledSections=1650, trackedSections=1650, batchBuilt=1, batchUnloaded=0, pendingBuilds=0, pendingUnloads=0, ready=true, depth=6, blockBounds=( 3.200E+1  1.280E+2  3.200E+1)..( 3.360E+2  2.080E+2  3.360E+2), treeBounds=( 0.000E+0  0.000E+0  0.000E+0)..( 1.024E+3  1.024E+3  1.024E+3), origin=(-7.680E+2 -1.920E+2  3.200E+2), boundsSource=compiled, compileMs=32.925
[03Aug2026 01:00:30.328] [Render thread/INFO] [Photonics/]: Photonics pass timing v73: group=frag data, passes=[frag data], viewport=912x450, megapixels=0.410, cpuInvocations=300, cpuSubmitAvgMs=0.020, cpuSubmitMaxMs=0.075, gpuSamples=75, gpuAvgMs=0.027, gpuMaxMs=0.063, gpuAvgMsPerMP=0.066
[03Aug2026 01:00:30.328] [Render thread/INFO] [Photonics/]: Photonics frame throughput v78: viewport=912x450, windowSeconds=5.001, renderedFrames=300, fps=59.985, frameAvgMs=16.671
[03Aug2026 01:00:30.328] [Render thread/INFO] [Photonics/]: Photonics pass timing v73: group=frag data gi, passes=[frag data gi], viewport=608x300, megapixels=0.182, cpuInvocations=300, cpuSubmitAvgMs=0.012, cpuSubmitMaxMs=0.042, gpuSamples=75, gpuAvgMs=0.017, gpuMaxMs=0.045, gpuAvgMsPerMP=0.091
[03Aug2026 01:00:30.395] [Render thread/INFO] [Photonics/]: Photonics pass timing v73: group=restir direct, passes=[initial direct + visibility], viewport=912x450, megapixels=0.410, cpuInvocations=300, cpuSubmitAvgMs=0.011, cpuSubmitMaxMs=0.049, gpuSamples=75, gpuAvgMs=0.076, gpuMaxMs=0.085, gpuAvgMsPerMP=0.186
[03Aug2026 01:00:30.428] [Render thread/INFO] [Photonics/]: Photonics pass timing v73: group=restir direct spatial, passes=[spatial reuse/clamp], viewport=912x450, megapixels=0.410, cpuInvocations=300, cpuSubmitAvgMs=0.006, cpuSubmitMaxMs=0.019, gpuSamples=75, gpuAvgMs=0.018, gpuMaxMs=0.044, gpuAvgMsPerMP=0.045
[03Aug2026 01:00:30.445] [Render thread/INFO] [Photonics/]: Photonics pass timing v73: group=restir direct diffuse, passes=[diffuse], viewport=912x450, megapixels=0.410, cpuInvocations=300, cpuSubmitAvgMs=0.009, cpuSubmitMaxMs=0.020, gpuSamples=75, gpuAvgMs=0.197, gpuMaxMs=0.211, gpuAvgMsPerMP=0.479
[03Aug2026 01:00:30.478] [Render thread/INFO] [Photonics/]: Photonics pass timing v73: group=restir direct accumulation, passes=[accumulation], viewport=912x450, megapixels=0.410, cpuInvocations=300, cpuSubmitAvgMs=0.010, cpuSubmitMaxMs=0.037, gpuSamples=75, gpuAvgMs=0.140, gpuMaxMs=0.203, gpuAvgMsPerMP=0.341
[03Aug2026 01:00:30.478] [Render thread/INFO] [Photonics/]: Photonics pass timing v73: group=svgf direct variance, passes=[variance prefilter], viewport=912x450, megapixels=0.410, cpuInvocations=300, cpuSubmitAvgMs=0.007, cpuSubmitMaxMs=0.039, gpuSamples=75, gpuAvgMs=0.183, gpuMaxMs=0.253, gpuAvgMsPerMP=0.445
[03Aug2026 01:00:30.478] [Render thread/INFO] [Photonics/]: Photonics pass timing v73: group=svgf direct atrous, passes=[atrous iteration], viewport=912x450, megapixels=0.410, cpuInvocations=1500, cpuSubmitAvgMs=0.002, cpuSubmitMaxMs=0.013, gpuSamples=375, gpuAvgMs=0.094, gpuMaxMs=0.166, gpuAvgMsPerMP=0.228
[03Aug2026 01:00:30.495] [Render thread/INFO] [Photonics/]: Photonics pass timing v73: group=restir gi initial, passes=[initial indirect], viewport=608x300, megapixels=0.182, cpuInvocations=300, cpuSubmitAvgMs=0.006, cpuSubmitMaxMs=0.036, gpuSamples=75, gpuAvgMs=0.117, gpuMaxMs=0.166, gpuAvgMsPerMP=0.643
[03Aug2026 01:00:30.512] [Render thread/INFO] [Photonics/]: Photonics pass timing v73: group=restir gi temporal, passes=[temporal reuse + tri-state classification], viewport=608x300, megapixels=0.182, cpuInvocations=300, cpuSubmitAvgMs=0.006, cpuSubmitMaxMs=0.035, gpuSamples=75, gpuAvgMs=0.029, gpuMaxMs=0.032, gpuAvgMsPerMP=0.161
[03Aug2026 01:00:30.528] [Render thread/INFO] [Photonics/]: Photonics pass timing v73: group=restir gi spatial, passes=[spatial reuse/clamp + tri-state classification], viewport=608x300, megapixels=0.182, cpuInvocations=300, cpuSubmitAvgMs=0.005, cpuSubmitMaxMs=0.032, gpuSamples=75, gpuAvgMs=0.013, gpuMaxMs=0.014, gpuAvgMsPerMP=0.072
[03Aug2026 01:00:30.528] [Render thread/INFO] [Photonics/]: Photonics pass timing v73: group=restir gi diffuse, passes=[diffuse], viewport=608x300, megapixels=0.182, cpuInvocations=300, cpuSubmitAvgMs=0.004, cpuSubmitMaxMs=0.015, gpuSamples=75, gpuAvgMs=0.015, gpuMaxMs=0.016, gpuAvgMsPerMP=0.082
[03Aug2026 01:00:30.578] [Render thread/INFO] [Photonics/]: Photonics pass timing v73: group=restir gi accumulation, passes=[accumulation], viewport=608x300, megapixels=0.182, cpuInvocations=300, cpuSubmitAvgMs=0.004, cpuSubmitMaxMs=0.010, gpuSamples=75, gpuAvgMs=0.026, gpuMaxMs=0.029, gpuAvgMsPerMP=0.142
[03Aug2026 01:00:30.578] [Render thread/INFO] [Photonics/]: Photonics pass timing v73: group=svgf gi variance, passes=[variance prefilter], viewport=608x300, megapixels=0.182, cpuInvocations=300, cpuSubmitAvgMs=0.004, cpuSubmitMaxMs=0.014, gpuSamples=75, gpuAvgMs=0.028, gpuMaxMs=0.029, gpuAvgMsPerMP=0.152
[03Aug2026 01:00:30.578] [Render thread/INFO] [Photonics/]: Photonics pass timing v73: group=svgf gi atrous, passes=[atrous iteration], viewport=608x300, megapixels=0.182, cpuInvocations=900, cpuSubmitAvgMs=0.002, cpuSubmitMaxMs=0.011, gpuSamples=225, gpuAvgMs=0.032, gpuMaxMs=0.037, gpuAvgMsPerMP=0.175
[03Aug2026 01:00:30.578] [Render thread/INFO] [Photonics/]: Photonics pass timing v73: group=restir source/history diagnostic, passes=[compose diagnostic panels], viewport=912x450, megapixels=0.410, cpuInvocations=300, cpuSubmitAvgMs=0.003, cpuSubmitMaxMs=0.009, gpuSamples=75, gpuAvgMs=0.012, gpuMaxMs=0.013, gpuAvgMsPerMP=0.030
[03Aug2026 01:00:32.228] [Render thread/INFO] [Photonics/]: Photonics world tracing v72: revision=247, settled=true, compiledSections=1650, trackedSections=1650, batchBuilt=1, batchUnloaded=0, pendingBuilds=0, pendingUnloads=0, ready=true, depth=6, blockBounds=( 3.200E+1  1.280E+2  3.200E+1)..( 3.360E+2  2.080E+2  3.360E+2), treeBounds=( 0.000E+0  0.000E+0  0.000E+0)..( 1.024E+3  1.024E+3  1.024E+3), origin=(-7.680E+2 -1.920E+2  3.200E+2), boundsSource=compiled, compileMs=32.925
[03Aug2026 01:00:32.228] [Render thread/INFO] [Photonics/]: Photonics memory v72: jvmHeap={usedBytes=3114650112, committedBytes=3917479936, maxBytes=8589934592}, jvmGc={collections=207, timeMs=2097}, worldHeap=GpuBufferHeapStats[capacityBytes=536870912, reservedBytes=113819764, liveBytes=111825652, peakLiveBytes=113802004, reusableBytes=1994112, allocations=175897, reusedAllocations=84134, frees=85740, failedAllocations=0], paletteHeap=GpuBufferHeapStats[capacityBytes=201326592, reservedBytes=76032, liveBytes=76032, peakLiveBytes=76032, reusableBytes=0, allocations=825, reusedAllocations=33, frees=33, failedAllocations=0], registries={lights=Stats[cachedObjects=1, pendingFreeObjects=0, allocatedObjects=1, failedAllocations=0], palettes=Stats[cachedObjects=792, pendingFreeObjects=0, allocatedObjects=825, failedAllocations=0], blocks=Stats[cachedObjects=1327, pendingFreeObjects=0, allocatedObjects=1400, failedAllocations=0], models=Stats[cachedObjects=34, pendingFreeObjects=0, allocatedObjects=37, failedAllocations=0]}
[03Aug2026 01:00:34.328] [Render thread/INFO] [Photonics/]: Photonics world tracing v72: revision=248, settled=false, compiledSections=1650, trackedSections=1650, batchBuilt=1, batchUnloaded=0, pendingBuilds=0, pendingUnloads=0, ready=true, depth=6, blockBounds=( 3.200E+1  1.280E+2  3.200E+1)..( 3.360E+2  2.080E+2  3.360E+2), treeBounds=( 0.000E+0  0.000E+0  0.000E+0)..( 1.024E+3  1.024E+3  1.024E+3), origin=(-7.680E+2 -1.920E+2  3.200E+2), boundsSource=compiled, compileMs=28.652
[03Aug2026 01:00:35.266] [Render thread/INFO] [Photonics/]: Photonics direct reservoir sample v64: samples=120, populated=36, emptyOrBackground=0, visibilityRejected=84, invalid=0, overLegacyCap=0, overTemporalCap=0, totalSamplesRange=32.0..32.0, viewport=912x450
[03Aug2026 01:00:35.332] [Render thread/INFO] [Photonics/]: Photonics pass timing v73: group=frag data, passes=[frag data], viewport=912x450, megapixels=0.410, cpuInvocations=299, cpuSubmitAvgMs=0.017, cpuSubmitMaxMs=0.060, gpuSamples=75, gpuAvgMs=0.027, gpuMaxMs=0.060, gpuAvgMsPerMP=0.066
[03Aug2026 01:00:35.332] [Render thread/INFO] [Photonics/]: Photonics frame throughput v78: viewport=912x450, windowSeconds=5.004, renderedFrames=299, fps=59.754, frameAvgMs=16.735
[03Aug2026 01:00:35.332] [Render thread/INFO] [Photonics/]: Photonics pass timing v73: group=frag data gi, passes=[frag data gi], viewport=608x300, megapixels=0.182, cpuInvocations=299, cpuSubmitAvgMs=0.011, cpuSubmitMaxMs=0.041, gpuSamples=75, gpuAvgMs=0.016, gpuMaxMs=0.049, gpuAvgMsPerMP=0.090
[03Aug2026 01:00:35.398] [Render thread/INFO] [Photonics/]: Photonics pass timing v73: group=restir direct, passes=[initial direct + visibility], viewport=912x450, megapixels=0.410, cpuInvocations=299, cpuSubmitAvgMs=0.010, cpuSubmitMaxMs=0.034, gpuSamples=75, gpuAvgMs=0.075, gpuMaxMs=0.083, gpuAvgMsPerMP=0.184
[03Aug2026 01:00:35.430] [Render thread/INFO] [Photonics/]: Photonics pass timing v73: group=restir direct spatial, passes=[spatial reuse/clamp], viewport=912x450, megapixels=0.410, cpuInvocations=299, cpuSubmitAvgMs=0.005, cpuSubmitMaxMs=0.018, gpuSamples=74, gpuAvgMs=0.018, gpuMaxMs=0.038, gpuAvgMsPerMP=0.043
[03Aug2026 01:00:35.447] [Render thread/INFO] [Photonics/]: Photonics pass timing v73: group=restir direct diffuse, passes=[diffuse], viewport=912x450, megapixels=0.410, cpuInvocations=299, cpuSubmitAvgMs=0.008, cpuSubmitMaxMs=0.025, gpuSamples=75, gpuAvgMs=0.201, gpuMaxMs=0.227, gpuAvgMsPerMP=0.489
[03Aug2026 01:00:35.481] [Render thread/INFO] [Photonics/]: Photonics pass timing v73: group=restir direct accumulation, passes=[accumulation], viewport=912x450, megapixels=0.410, cpuInvocations=299, cpuSubmitAvgMs=0.009, cpuSubmitMaxMs=0.026, gpuSamples=75, gpuAvgMs=0.139, gpuMaxMs=0.223, gpuAvgMsPerMP=0.338
[03Aug2026 01:00:35.481] [Render thread/INFO] [Photonics/]: Photonics pass timing v73: group=svgf direct variance, passes=[variance prefilter], viewport=912x450, megapixels=0.410, cpuInvocations=299, cpuSubmitAvgMs=0.007, cpuSubmitMaxMs=0.029, gpuSamples=75, gpuAvgMs=0.176, gpuMaxMs=0.256, gpuAvgMsPerMP=0.430
[03Aug2026 01:00:35.481] [Render thread/INFO] [Photonics/]: Photonics pass timing v73: group=svgf direct atrous, passes=[atrous iteration], viewport=912x450, megapixels=0.410, cpuInvocations=1495, cpuSubmitAvgMs=0.002, cpuSubmitMaxMs=0.014, gpuSamples=374, gpuAvgMs=0.093, gpuMaxMs=0.160, gpuAvgMsPerMP=0.227
[03Aug2026 01:00:35.498] [Render thread/INFO] [Photonics/]: Photonics pass timing v73: group=restir gi initial, passes=[initial indirect], viewport=608x300, megapixels=0.182, cpuInvocations=299, cpuSubmitAvgMs=0.006, cpuSubmitMaxMs=0.017, gpuSamples=74, gpuAvgMs=0.113, gpuMaxMs=0.154, gpuAvgMsPerMP=0.617
[03Aug2026 01:00:35.515] [Render thread/INFO] [Photonics/]: Photonics pass timing v73: group=restir gi temporal, passes=[temporal reuse + tri-state classification], viewport=608x300, megapixels=0.182, cpuInvocations=299, cpuSubmitAvgMs=0.006, cpuSubmitMaxMs=0.015, gpuSamples=75, gpuAvgMs=0.028, gpuMaxMs=0.032, gpuAvgMsPerMP=0.155
[03Aug2026 01:00:35.531] [Render thread/INFO] [Photonics/]: Photonics pass timing v73: group=restir gi spatial, passes=[spatial reuse/clamp + tri-state classification], viewport=608x300, megapixels=0.182, cpuInvocations=299, cpuSubmitAvgMs=0.005, cpuSubmitMaxMs=0.018, gpuSamples=75, gpuAvgMs=0.013, gpuMaxMs=0.014, gpuAvgMsPerMP=0.072
[03Aug2026 01:00:35.531] [Render thread/INFO] [Photonics/]: Photonics pass timing v73: group=restir gi diffuse, passes=[diffuse], viewport=608x300, megapixels=0.182, cpuInvocations=299, cpuSubmitAvgMs=0.003, cpuSubmitMaxMs=0.009, gpuSamples=75, gpuAvgMs=0.015, gpuMaxMs=0.016, gpuAvgMsPerMP=0.082
[03Aug2026 01:00:35.581] [Render thread/INFO] [Photonics/]: Photonics pass timing v73: group=restir gi accumulation, passes=[accumulation], viewport=608x300, megapixels=0.182, cpuInvocations=299, cpuSubmitAvgMs=0.004, cpuSubmitMaxMs=0.010, gpuSamples=75, gpuAvgMs=0.025, gpuMaxMs=0.028, gpuAvgMsPerMP=0.139
[03Aug2026 01:00:35.582] [Render thread/INFO] [Photonics/]: Photonics pass timing v73: group=svgf gi variance, passes=[variance prefilter], viewport=608x300, megapixels=0.182, cpuInvocations=299, cpuSubmitAvgMs=0.004, cpuSubmitMaxMs=0.015, gpuSamples=75, gpuAvgMs=0.028, gpuMaxMs=0.028, gpuAvgMsPerMP=0.152
[03Aug2026 01:00:35.582] [Render thread/INFO] [Photonics/]: Photonics pass timing v73: group=svgf gi atrous, passes=[atrous iteration], viewport=608x300, megapixels=0.182, cpuInvocations=897, cpuSubmitAvgMs=0.002, cpuSubmitMaxMs=0.011, gpuSamples=224, gpuAvgMs=0.032, gpuMaxMs=0.037, gpuAvgMsPerMP=0.174
[03Aug2026 01:00:35.582] [Render thread/INFO] [Photonics/]: Photonics pass timing v73: group=restir source/history diagnostic, passes=[compose diagnostic panels], viewport=912x450, megapixels=0.410, cpuInvocations=299, cpuSubmitAvgMs=0.003, cpuSubmitMaxMs=0.010, gpuSamples=75, gpuAvgMs=0.012, gpuMaxMs=0.014, gpuAvgMsPerMP=0.029
[03Aug2026 01:00:36.329] [Render thread/INFO] [Photonics/]: Photonics world tracing v72: revision=248, settled=true, compiledSections=1650, trackedSections=1650, batchBuilt=1, batchUnloaded=0, pendingBuilds=0, pendingUnloads=0, ready=true, depth=6, blockBounds=( 3.200E+1  1.280E+2  3.200E+1)..( 3.360E+2  2.080E+2  3.360E+2), treeBounds=( 0.000E+0  0.000E+0  0.000E+0)..( 1.024E+3  1.024E+3  1.024E+3), origin=(-7.680E+2 -1.920E+2  3.200E+2), boundsSource=compiled, compileMs=28.652
[03Aug2026 01:00:36.329] [Render thread/INFO] [Photonics/]: Photonics memory v72: jvmHeap={usedBytes=3483748864, committedBytes=3917479936, maxBytes=8589934592}, jvmGc={collections=207, timeMs=2097}, worldHeap=GpuBufferHeapStats[capacityBytes=536870912, reservedBytes=113819764, liveBytes=111825652, peakLiveBytes=113802004, reusableBytes=1994112, allocations=175897, reusedAllocations=84134, frees=85740, failedAllocations=0], paletteHeap=GpuBufferHeapStats[capacityBytes=201326592, reservedBytes=76032, liveBytes=76032, peakLiveBytes=76032, reusableBytes=0, allocations=825, reusedAllocations=33, frees=33, failedAllocations=0], registries={lights=Stats[cachedObjects=1, pendingFreeObjects=0, allocatedObjects=1, failedAllocations=0], palettes=Stats[cachedObjects=792, pendingFreeObjects=0, allocatedObjects=825, failedAllocations=0], blocks=Stats[cachedObjects=1327, pendingFreeObjects=0, allocatedObjects=1400, failedAllocations=0], models=Stats[cachedObjects=34, pendingFreeObjects=0, allocatedObjects=37, failedAllocations=0]}
[03Aug2026 01:00:37.453] [Photonics Light List Compiler/INFO] [Photonics/]: Photonics light-list publication v88: coalescedBatches=5, peakPendingSections=101, remainingSections=0, deferredMs=31.553
[03Aug2026 01:00:37.479] [Render thread/INFO] [Photonics/]: Photonics world tracing v72: revision=249, settled=false, compiledSections=1561, trackedSections=1651, batchBuilt=5, batchUnloaded=94, pendingBuilds=32, pendingUnloads=0, ready=true, depth=6, blockBounds=( 3.200E+1  1.280E+2  8.000E+1)..( 3.360E+2  2.080E+2  3.840E+2), treeBounds=( 0.000E+0  0.000E+0  0.000E+0)..( 1.024E+3  1.024E+3  1.024E+3), origin=(-7.680E+2 -1.920E+2  2.560E+2), boundsSource=compiled, compileMs=54.849
[03Aug2026 01:00:39.630] [Render thread/INFO] [Photonics/]: Photonics world tracing v72: revision=251, settled=true, compiledSections=1651, trackedSections=1651, batchBuilt=44, batchUnloaded=0, pendingBuilds=0, pendingUnloads=0, ready=true, depth=6, blockBounds=( 3.200E+1  1.280E+2  8.000E+1)..( 3.360E+2  2.080E+2  3.840E+2), treeBounds=( 0.000E+0  0.000E+0  0.000E+0)..( 1.024E+3  1.024E+3  1.024E+3), origin=(-7.680E+2 -1.920E+2  2.560E+2), boundsSource=compiled, compileMs=72.629
[03Aug2026 01:00:39.630] [Render thread/INFO] [Photonics/]: Photonics memory v72: jvmHeap={usedBytes=3136927448, committedBytes=3917479936, maxBytes=8589934592}, jvmGc={collections=208, timeMs=2106}, worldHeap=GpuBufferHeapStats[capacityBytes=536870912, reservedBytes=113819764, liveBytes=111825908, peakLiveBytes=113802004, reusableBytes=1993856, allocations=180973, reusedAllocations=89210, frees=90820, failedAllocations=0], paletteHeap=GpuBufferHeapStats[capacityBytes=201326592, reservedBytes=76032, liveBytes=76032, peakLiveBytes=76032, reusableBytes=0, allocations=825, reusedAllocations=33, frees=33, failedAllocations=0], registries={lights=Stats[cachedObjects=1, pendingFreeObjects=0, allocatedObjects=1, failedAllocations=0], palettes=Stats[cachedObjects=792, pendingFreeObjects=0, allocatedObjects=825, failedAllocations=0], blocks=Stats[cachedObjects=1327, pendingFreeObjects=0, allocatedObjects=1400, failedAllocations=0], models=Stats[cachedObjects=34, pendingFreeObjects=0, allocatedObjects=37, failedAllocations=0]}
[03Aug2026 01:00:40.332] [Render thread/INFO] [Photonics/]: Photonics pass timing v73: group=frag data, passes=[frag data], viewport=912x450, megapixels=0.410, cpuInvocations=300, cpuSubmitAvgMs=0.019, cpuSubmitMaxMs=0.055, gpuSamples=75, gpuAvgMs=0.027, gpuMaxMs=0.030, gpuAvgMsPerMP=0.065
[03Aug2026 01:00:40.332] [Render thread/INFO] [Photonics/]: Photonics frame throughput v78: viewport=912x450, windowSeconds=5.001, renderedFrames=300, fps=59.991, frameAvgMs=16.669
[03Aug2026 01:00:40.332] [Render thread/INFO] [Photonics/]: Photonics pass timing v73: group=frag data gi, passes=[frag data gi], viewport=608x300, megapixels=0.182, cpuInvocations=300, cpuSubmitAvgMs=0.012, cpuSubmitMaxMs=0.033, gpuSamples=75, gpuAvgMs=0.016, gpuMaxMs=0.017, gpuAvgMsPerMP=0.086
[03Aug2026 01:00:40.399] [Render thread/INFO] [Photonics/]: Photonics pass timing v73: group=restir direct, passes=[initial direct + visibility], viewport=912x450, megapixels=0.410, cpuInvocations=300, cpuSubmitAvgMs=0.011, cpuSubmitMaxMs=0.033, gpuSamples=75, gpuAvgMs=0.075, gpuMaxMs=0.079, gpuAvgMsPerMP=0.182
[03Aug2026 01:00:40.432] [Render thread/INFO] [Photonics/]: Photonics pass timing v73: group=restir direct spatial, passes=[spatial reuse/clamp], viewport=912x450, megapixels=0.410, cpuInvocations=300, cpuSubmitAvgMs=0.006, cpuSubmitMaxMs=0.015, gpuSamples=75, gpuAvgMs=0.019, gpuMaxMs=0.059, gpuAvgMsPerMP=0.047
[03Aug2026 01:00:40.449] [Render thread/INFO] [Photonics/]: Photonics pass timing v73: group=restir direct diffuse, passes=[diffuse], viewport=912x450, megapixels=0.410, cpuInvocations=300, cpuSubmitAvgMs=0.009, cpuSubmitMaxMs=0.021, gpuSamples=75, gpuAvgMs=0.225, gpuMaxMs=0.263, gpuAvgMsPerMP=0.549
[03Aug2026 01:00:40.482] [Render thread/INFO] [Photonics/]: Photonics pass timing v73: group=restir direct accumulation, passes=[accumulation], viewport=912x450, megapixels=0.410, cpuInvocations=300, cpuSubmitAvgMs=0.010, cpuSubmitMaxMs=0.029, gpuSamples=75, gpuAvgMs=0.134, gpuMaxMs=0.215, gpuAvgMsPerMP=0.327
[03Aug2026 01:00:40.482] [Render thread/INFO] [Photonics/]: Photonics pass timing v73: group=svgf direct variance, passes=[variance prefilter], viewport=912x450, megapixels=0.410, cpuInvocations=300, cpuSubmitAvgMs=0.007, cpuSubmitMaxMs=0.032, gpuSamples=75, gpuAvgMs=0.166, gpuMaxMs=0.237, gpuAvgMsPerMP=0.404
[03Aug2026 01:00:40.482] [Render thread/INFO] [Photonics/]: Photonics pass timing v73: group=svgf direct atrous, passes=[atrous iteration], viewport=912x450, megapixels=0.410, cpuInvocations=1500, cpuSubmitAvgMs=0.002, cpuSubmitMaxMs=0.012, gpuSamples=375, gpuAvgMs=0.090, gpuMaxMs=0.165, gpuAvgMsPerMP=0.218
[03Aug2026 01:00:40.500] [Render thread/INFO] [Photonics/]: Photonics pass timing v73: group=restir gi initial, passes=[initial indirect], viewport=608x300, megapixels=0.182, cpuInvocations=300, cpuSubmitAvgMs=0.006, cpuSubmitMaxMs=0.015, gpuSamples=75, gpuAvgMs=0.120, gpuMaxMs=0.172, gpuAvgMsPerMP=0.655
[03Aug2026 01:00:40.517] [Render thread/INFO] [Photonics/]: Photonics pass timing v73: group=restir gi temporal, passes=[temporal reuse + tri-state classification], viewport=608x300, megapixels=0.182, cpuInvocations=300, cpuSubmitAvgMs=0.006, cpuSubmitMaxMs=0.017, gpuSamples=75, gpuAvgMs=0.029, gpuMaxMs=0.032, gpuAvgMsPerMP=0.158
[03Aug2026 01:00:40.534] [Render thread/INFO] [Photonics/]: Photonics pass timing v73: group=restir gi spatial, passes=[spatial reuse/clamp + tri-state classification], viewport=608x300, megapixels=0.182, cpuInvocations=300, cpuSubmitAvgMs=0.005, cpuSubmitMaxMs=0.021, gpuSamples=75, gpuAvgMs=0.013, gpuMaxMs=0.014, gpuAvgMsPerMP=0.072
[03Aug2026 01:00:40.534] [Render thread/INFO] [Photonics/]: Photonics pass timing v73: group=restir gi diffuse, passes=[diffuse], viewport=608x300, megapixels=0.182, cpuInvocations=300, cpuSubmitAvgMs=0.004, cpuSubmitMaxMs=0.009, gpuSamples=75, gpuAvgMs=0.015, gpuMaxMs=0.016, gpuAvgMsPerMP=0.082
[03Aug2026 01:00:40.583] [Render thread/INFO] [Photonics/]: Photonics pass timing v73: group=restir gi accumulation, passes=[accumulation], viewport=608x300, megapixels=0.182, cpuInvocations=300, cpuSubmitAvgMs=0.004, cpuSubmitMaxMs=0.011, gpuSamples=75, gpuAvgMs=0.026, gpuMaxMs=0.028, gpuAvgMsPerMP=0.142
[03Aug2026 01:00:40.583] [Render thread/INFO] [Photonics/]: Photonics pass timing v73: group=svgf gi variance, passes=[variance prefilter], viewport=608x300, megapixels=0.182, cpuInvocations=300, cpuSubmitAvgMs=0.004, cpuSubmitMaxMs=0.014, gpuSamples=75, gpuAvgMs=0.028, gpuMaxMs=0.029, gpuAvgMsPerMP=0.152
[03Aug2026 01:00:40.583] [Render thread/INFO] [Photonics/]: Photonics pass timing v73: group=svgf gi atrous, passes=[atrous iteration], viewport=608x300, megapixels=0.182, cpuInvocations=900, cpuSubmitAvgMs=0.002, cpuSubmitMaxMs=0.011, gpuSamples=225, gpuAvgMs=0.032, gpuMaxMs=0.038, gpuAvgMsPerMP=0.176
[03Aug2026 01:00:40.583] [Render thread/INFO] [Photonics/]: Photonics pass timing v73: group=restir source/history diagnostic, passes=[compose diagnostic panels], viewport=912x450, megapixels=0.410, cpuInvocations=300, cpuSubmitAvgMs=0.003, cpuSubmitMaxMs=0.008, gpuSamples=75, gpuAvgMs=0.010, gpuMaxMs=0.011, gpuAvgMsPerMP=0.024
[03Aug2026 01:00:43.283] [Render thread/INFO] [Photonics/]: Photonics direct reservoir sample v64: samples=120, populated=7, emptyOrBackground=0, visibilityRejected=113, invalid=0, overLegacyCap=0, overTemporalCap=0, totalSamplesRange=32.0..32.0, viewport=912x450
[03Aug2026 01:00:45.335] [Render thread/INFO] [Photonics/]: Photonics pass timing v73: group=frag data, passes=[frag data], viewport=912x450, megapixels=0.410, cpuInvocations=299, cpuSubmitAvgMs=0.017, cpuSubmitMaxMs=0.049, gpuSamples=75, gpuAvgMs=0.028, gpuMaxMs=0.062, gpuAvgMsPerMP=0.068
[03Aug2026 01:00:45.335] [Render thread/INFO] [Photonics/]: Photonics frame throughput v78: viewport=912x450, windowSeconds=5.002, renderedFrames=299, fps=59.772, frameAvgMs=16.730
[03Aug2026 01:00:45.335] [Render thread/INFO] [Photonics/]: Photonics pass timing v73: group=frag data gi, passes=[frag data gi], viewport=608x300, megapixels=0.182, cpuInvocations=299, cpuSubmitAvgMs=0.011, cpuSubmitMaxMs=0.040, gpuSamples=75, gpuAvgMs=0.017, gpuMaxMs=0.045, gpuAvgMsPerMP=0.092
[03Aug2026 01:00:45.401] [Render thread/INFO] [Photonics/]: Photonics pass timing v73: group=restir direct, passes=[initial direct + visibility], viewport=912x450, megapixels=0.410, cpuInvocations=299, cpuSubmitAvgMs=0.010, cpuSubmitMaxMs=0.033, gpuSamples=75, gpuAvgMs=0.078, gpuMaxMs=0.086, gpuAvgMsPerMP=0.190
[03Aug2026 01:00:45.435] [Render thread/INFO] [Photonics/]: Photonics pass timing v73: group=restir direct spatial, passes=[spatial reuse/clamp], viewport=912x450, megapixels=0.410, cpuInvocations=299, cpuSubmitAvgMs=0.005, cpuSubmitMaxMs=0.019, gpuSamples=75, gpuAvgMs=0.018, gpuMaxMs=0.039, gpuAvgMsPerMP=0.044
[03Aug2026 01:00:45.451] [Render thread/INFO] [Photonics/]: Photonics pass timing v73: group=restir direct diffuse, passes=[diffuse], viewport=912x450, megapixels=0.410, cpuInvocations=299, cpuSubmitAvgMs=0.009, cpuSubmitMaxMs=0.024, gpuSamples=74, gpuAvgMs=0.225, gpuMaxMs=0.287, gpuAvgMsPerMP=0.548
[03Aug2026 01:00:45.485] [Render thread/INFO] [Photonics/]: Photonics pass timing v73: group=restir direct accumulation, passes=[accumulation], viewport=912x450, megapixels=0.410, cpuInvocations=299, cpuSubmitAvgMs=0.010, cpuSubmitMaxMs=0.026, gpuSamples=75, gpuAvgMs=0.130, gpuMaxMs=0.207, gpuAvgMsPerMP=0.316
[03Aug2026 01:00:45.485] [Render thread/INFO] [Photonics/]: Photonics pass timing v73: group=svgf direct variance, passes=[variance prefilter], viewport=912x450, megapixels=0.410, cpuInvocations=299, cpuSubmitAvgMs=0.007, cpuSubmitMaxMs=0.026, gpuSamples=75, gpuAvgMs=0.166, gpuMaxMs=0.232, gpuAvgMsPerMP=0.404
[03Aug2026 01:00:45.485] [Render thread/INFO] [Photonics/]: Photonics pass timing v73: group=svgf direct atrous, passes=[atrous iteration], viewport=912x450, megapixels=0.410, cpuInvocations=1495, cpuSubmitAvgMs=0.002, cpuSubmitMaxMs=0.010, gpuSamples=374, gpuAvgMs=0.089, gpuMaxMs=0.163, gpuAvgMsPerMP=0.217
[03Aug2026 01:00:45.504] [Render thread/INFO] [Photonics/]: Photonics pass timing v73: group=restir gi initial, passes=[initial indirect], viewport=608x300, megapixels=0.182, cpuInvocations=299, cpuSubmitAvgMs=0.006, cpuSubmitMaxMs=0.013, gpuSamples=75, gpuAvgMs=0.127, gpuMaxMs=0.184, gpuAvgMsPerMP=0.696
[03Aug2026 01:00:45.520] [Render thread/INFO] [Photonics/]: Photonics pass timing v73: group=restir gi temporal, passes=[temporal reuse + tri-state classification], viewport=608x300, megapixels=0.182, cpuInvocations=299, cpuSubmitAvgMs=0.006, cpuSubmitMaxMs=0.017, gpuSamples=74, gpuAvgMs=0.031, gpuMaxMs=0.072, gpuAvgMsPerMP=0.168
[03Aug2026 01:00:45.536] [Render thread/INFO] [Photonics/]: Photonics pass timing v73: group=restir gi spatial, passes=[spatial reuse/clamp + tri-state classification], viewport=608x300, megapixels=0.182, cpuInvocations=299, cpuSubmitAvgMs=0.005, cpuSubmitMaxMs=0.015, gpuSamples=75, gpuAvgMs=0.014, gpuMaxMs=0.041, gpuAvgMsPerMP=0.075
[03Aug2026 01:00:45.536] [Render thread/INFO] [Photonics/]: Photonics pass timing v73: group=restir gi diffuse, passes=[diffuse], viewport=608x300, megapixels=0.182, cpuInvocations=299, cpuSubmitAvgMs=0.003, cpuSubmitMaxMs=0.013, gpuSamples=75, gpuAvgMs=0.015, gpuMaxMs=0.019, gpuAvgMsPerMP=0.082
[03Aug2026 01:00:45.585] [Render thread/INFO] [Photonics/]: Photonics pass timing v73: group=restir gi accumulation, passes=[accumulation], viewport=608x300, megapixels=0.182, cpuInvocations=299, cpuSubmitAvgMs=0.004, cpuSubmitMaxMs=0.009, gpuSamples=74, gpuAvgMs=0.026, gpuMaxMs=0.028, gpuAvgMsPerMP=0.142
[03Aug2026 01:00:45.585] [Render thread/INFO] [Photonics/]: Photonics pass timing v73: group=svgf gi variance, passes=[variance prefilter], viewport=608x300, megapixels=0.182, cpuInvocations=299, cpuSubmitAvgMs=0.004, cpuSubmitMaxMs=0.014, gpuSamples=74, gpuAvgMs=0.028, gpuMaxMs=0.029, gpuAvgMsPerMP=0.152
[03Aug2026 01:00:45.585] [Render thread/INFO] [Photonics/]: Photonics pass timing v73: group=svgf gi atrous, passes=[atrous iteration], viewport=608x300, megapixels=0.182, cpuInvocations=897, cpuSubmitAvgMs=0.002, cpuSubmitMaxMs=0.011, gpuSamples=224, gpuAvgMs=0.032, gpuMaxMs=0.060, gpuAvgMsPerMP=0.176
[03Aug2026 01:00:45.585] [Render thread/INFO] [Photonics/]: Photonics pass timing v73: group=restir source/history diagnostic, passes=[compose diagnostic panels], viewport=912x450, megapixels=0.410, cpuInvocations=299, cpuSubmitAvgMs=0.003, cpuSubmitMaxMs=0.009, gpuSamples=74, gpuAvgMs=0.010, gpuMaxMs=0.010, gpuAvgMsPerMP=0.023
[03Aug2026 01:00:47.234] [Photonics Light List Compiler/INFO] [Photonics/]: Photonics light candidates v18: eligible=140, selected=140, maxLights=4000, lightSections=13, capped=false
[03Aug2026 01:00:47.235] [Photonics Light List Compiler/INFO] [Photonics/]: Photonics light-list publication v88: coalescedBatches=5, peakPendingSections=97, remainingSections=0, deferredMs=9.061
[03Aug2026 01:00:47.235] [Render thread/INFO] [Photonics/]: Photonics light list pending: 199 -> 140
[03Aug2026 01:00:47.268] [Render thread/INFO] [Photonics/]: Photonics world tracing v72: revision=252, settled=false, compiledSections=1563, trackedSections=1652, batchBuilt=5, batchUnloaded=93, pendingBuilds=30, pendingUnloads=0, ready=true, depth=6, blockBounds=( 3.200E+1  1.280E+2  6.400E+1)..( 3.360E+2  2.080E+2  3.680E+2), treeBounds=( 0.000E+0  0.000E+0  0.000E+0)..( 1.024E+3  1.024E+3  1.024E+3), origin=(-7.680E+2 -1.920E+2  2.560E+2), boundsSource=compiled, compileMs=43.873
[03Aug2026 01:00:48.884] [Photonics Light List Compiler/INFO] [Photonics/]: Photonics light candidates v18: eligible=199, selected=199, maxLights=4000, lightSections=15, capped=false
[03Aug2026 01:00:48.885] [Photonics Light List Compiler/INFO] [Photonics/]: Photonics light-list publication v88: coalescedBatches=5, peakPendingSections=87, remainingSections=0, deferredMs=9.241
[03Aug2026 01:00:48.885] [Render thread/INFO] [Photonics/]: Photonics light list pending: 140 -> 199
[03Aug2026 01:00:48.969] [Render thread/INFO] [Photonics/]: Photonics world tracing v72: revision=256, settled=false, compiledSections=1581, trackedSections=1651, batchBuilt=23, batchUnloaded=94, pendingBuilds=40, pendingUnloads=0, ready=true, depth=6, blockBounds=( 3.200E+1  1.280E+2  8.000E+1)..( 3.360E+2  2.080E+2  3.840E+2), treeBounds=( 0.000E+0  0.000E+0  0.000E+0)..( 1.024E+3  1.024E+3  1.024E+3), origin=(-7.680E+2 -1.920E+2  2.560E+2), boundsSource=compiled, compileMs=84.389
[03Aug2026 01:00:50.337] [Render thread/INFO] [Photonics/]: Photonics pass timing v73: group=frag data, passes=[frag data], viewport=912x450, megapixels=0.410, cpuInvocations=299, cpuSubmitAvgMs=0.021, cpuSubmitMaxMs=0.167, gpuSamples=74, gpuAvgMs=0.027, gpuMaxMs=0.038, gpuAvgMsPerMP=0.065
[03Aug2026 01:00:50.337] [Render thread/INFO] [Photonics/]: Photonics frame throughput v78: viewport=912x450, windowSeconds=5.002, renderedFrames=299, fps=59.775, frameAvgMs=16.729
[03Aug2026 01:00:50.337] [Render thread/INFO] [Photonics/]: Photonics pass timing v73: group=frag data gi, passes=[frag data gi], viewport=608x300, megapixels=0.182, cpuInvocations=299, cpuSubmitAvgMs=0.012, cpuSubmitMaxMs=0.035, gpuSamples=74, gpuAvgMs=0.016, gpuMaxMs=0.016, gpuAvgMsPerMP=0.086
[03Aug2026 01:00:50.403] [Render thread/INFO] [Photonics/]: Photonics pass timing v73: group=restir direct, passes=[initial direct + visibility], viewport=912x450, megapixels=0.410, cpuInvocations=299, cpuSubmitAvgMs=0.012, cpuSubmitMaxMs=0.041, gpuSamples=74, gpuAvgMs=0.079, gpuMaxMs=0.082, gpuAvgMsPerMP=0.192
[03Aug2026 01:00:50.437] [Render thread/INFO] [Photonics/]: Photonics pass timing v73: group=restir direct spatial, passes=[spatial reuse/clamp], viewport=912x450, megapixels=0.410, cpuInvocations=299, cpuSubmitAvgMs=0.006, cpuSubmitMaxMs=0.014, gpuSamples=75, gpuAvgMs=0.018, gpuMaxMs=0.057, gpuAvgMsPerMP=0.044
[03Aug2026 01:00:50.453] [Render thread/INFO] [Photonics/]: Photonics pass timing v73: group=restir direct diffuse, passes=[diffuse], viewport=912x450, megapixels=0.410, cpuInvocations=299, cpuSubmitAvgMs=0.009, cpuSubmitMaxMs=0.026, gpuSamples=75, gpuAvgMs=0.240, gpuMaxMs=0.268, gpuAvgMsPerMP=0.584
[03Aug2026 01:00:50.487] [Render thread/INFO] [Photonics/]: Photonics pass timing v73: group=restir direct accumulation, passes=[accumulation], viewport=912x450, megapixels=0.410, cpuInvocations=299, cpuSubmitAvgMs=0.011, cpuSubmitMaxMs=0.024, gpuSamples=75, gpuAvgMs=0.131, gpuMaxMs=0.203, gpuAvgMsPerMP=0.319
[03Aug2026 01:00:50.487] [Render thread/INFO] [Photonics/]: Photonics pass timing v73: group=svgf direct variance, passes=[variance prefilter], viewport=912x450, megapixels=0.410, cpuInvocations=299, cpuSubmitAvgMs=0.008, cpuSubmitMaxMs=0.022, gpuSamples=75, gpuAvgMs=0.164, gpuMaxMs=0.228, gpuAvgMsPerMP=0.399
[03Aug2026 01:00:50.487] [Render thread/INFO] [Photonics/]: Photonics pass timing v73: group=svgf direct atrous, passes=[atrous iteration], viewport=912x450, megapixels=0.410, cpuInvocations=1495, cpuSubmitAvgMs=0.002, cpuSubmitMaxMs=0.012, gpuSamples=374, gpuAvgMs=0.091, gpuMaxMs=0.169, gpuAvgMsPerMP=0.221
[03Aug2026 01:00:50.505] [Render thread/INFO] [Photonics/]: Photonics pass timing v73: group=restir gi initial, passes=[initial indirect], viewport=608x300, megapixels=0.182, cpuInvocations=299, cpuSubmitAvgMs=0.006, cpuSubmitMaxMs=0.015, gpuSamples=75, gpuAvgMs=0.114, gpuMaxMs=0.146, gpuAvgMsPerMP=0.625
[03Aug2026 01:00:50.522] [Render thread/INFO] [Photonics/]: Photonics pass timing v73: group=restir gi temporal, passes=[temporal reuse + tri-state classification], viewport=608x300, megapixels=0.182, cpuInvocations=299, cpuSubmitAvgMs=0.007, cpuSubmitMaxMs=0.020, gpuSamples=75, gpuAvgMs=0.028, gpuMaxMs=0.031, gpuAvgMsPerMP=0.154
[03Aug2026 01:00:50.538] [Render thread/INFO] [Photonics/]: Photonics pass timing v73: group=restir gi spatial, passes=[spatial reuse/clamp + tri-state classification], viewport=608x300, megapixels=0.182, cpuInvocations=299, cpuSubmitAvgMs=0.005, cpuSubmitMaxMs=0.024, gpuSamples=74, gpuAvgMs=0.013, gpuMaxMs=0.014, gpuAvgMsPerMP=0.072
[03Aug2026 01:00:50.538] [Render thread/INFO] [Photonics/]: Photonics pass timing v73: group=restir gi diffuse, passes=[diffuse], viewport=608x300, megapixels=0.182, cpuInvocations=299, cpuSubmitAvgMs=0.004, cpuSubmitMaxMs=0.016, gpuSamples=74, gpuAvgMs=0.015, gpuMaxMs=0.016, gpuAvgMsPerMP=0.082
[03Aug2026 01:00:50.587] [Render thread/INFO] [Photonics/]: Photonics pass timing v73: group=restir gi accumulation, passes=[accumulation], viewport=608x300, megapixels=0.182, cpuInvocations=299, cpuSubmitAvgMs=0.004, cpuSubmitMaxMs=0.014, gpuSamples=75, gpuAvgMs=0.025, gpuMaxMs=0.029, gpuAvgMsPerMP=0.140
[03Aug2026 01:00:50.587] [Render thread/INFO] [Photonics/]: Photonics pass timing v73: group=svgf gi variance, passes=[variance prefilter], viewport=608x300, megapixels=0.182, cpuInvocations=299, cpuSubmitAvgMs=0.004, cpuSubmitMaxMs=0.013, gpuSamples=75, gpuAvgMs=0.028, gpuMaxMs=0.036, gpuAvgMsPerMP=0.152
[03Aug2026 01:00:50.587] [Render thread/INFO] [Photonics/]: Photonics pass timing v73: group=svgf gi atrous, passes=[atrous iteration], viewport=608x300, megapixels=0.182, cpuInvocations=897, cpuSubmitAvgMs=0.003, cpuSubmitMaxMs=0.015, gpuSamples=225, gpuAvgMs=0.032, gpuMaxMs=0.059, gpuAvgMsPerMP=0.176
[03Aug2026 01:00:50.587] [Render thread/INFO] [Photonics/]: Photonics pass timing v73: group=restir source/history diagnostic, passes=[compose diagnostic panels], viewport=912x450, megapixels=0.410, cpuInvocations=299, cpuSubmitAvgMs=0.003, cpuSubmitMaxMs=0.009, gpuSamples=75, gpuAvgMs=0.011, gpuMaxMs=0.012, gpuAvgMsPerMP=0.026
[03Aug2026 01:00:50.756] [Photonics Light List Compiler/INFO] [Photonics/]: Photonics light-list publication v88: coalescedBatches=3, peakPendingSections=118, remainingSections=0, deferredMs=24.075
[03Aug2026 01:00:50.785] [Render thread/INFO] [Photonics/]: Photonics world tracing v72: revision=259, settled=false, compiledSections=1560, trackedSections=1650, batchBuilt=4, batchUnloaded=95, pendingBuilds=38, pendingUnloads=0, ready=true, depth=6, blockBounds=( 3.200E+1  1.280E+2  3.200E+1)..( 3.360E+2  2.080E+2  3.360E+2), treeBounds=( 0.000E+0  0.000E+0  0.000E+0)..( 1.024E+3  1.024E+3  1.024E+3), origin=(-7.680E+2 -1.920E+2  3.200E+2), boundsSource=compiled, compileMs=53.024
[03Aug2026 01:00:51.305] [Render thread/INFO] [Photonics/]: Photonics direct reservoir sample v64: samples=120, populated=7, emptyOrBackground=0, visibilityRejected=113, invalid=0, overLegacyCap=0, overTemporalCap=0, totalSamplesRange=32.0..32.0, viewport=912x450
[03Aug2026 01:00:52.953] [Render thread/INFO] [Photonics/]: Photonics world tracing v72: revision=261, settled=true, compiledSections=1650, trackedSections=1650, batchBuilt=42, batchUnloaded=0, pendingBuilds=0, pendingUnloads=0, ready=true, depth=6, blockBounds=( 3.200E+1  1.280E+2  3.200E+1)..( 3.360E+2  2.080E+2  3.360E+2), treeBounds=( 0.000E+0  0.000E+0  0.000E+0)..( 1.024E+3  1.024E+3  1.024E+3), origin=(-7.680E+2 -1.920E+2  3.200E+2), boundsSource=compiled, compileMs=69.991
[03Aug2026 01:00:52.954] [Render thread/INFO] [Photonics/]: Photonics memory v72: jvmHeap={usedBytes=3672974336, committedBytes=3917479936, maxBytes=8589934592}, jvmGc={collections=212, timeMs=2126}, worldHeap=GpuBufferHeapStats[capacityBytes=536870912, reservedBytes=113819764, liveBytes=111825652, peakLiveBytes=113802004, reusableBytes=1994112, allocations=196082, reusedAllocations=104319, frees=105925, failedAllocations=0], paletteHeap=GpuBufferHeapStats[capacityBytes=201326592, reservedBytes=76032, liveBytes=76032, peakLiveBytes=76032, reusableBytes=0, allocations=825, reusedAllocations=33, frees=33, failedAllocations=0], registries={lights=Stats[cachedObjects=1, pendingFreeObjects=0, allocatedObjects=1, failedAllocations=0], palettes=Stats[cachedObjects=792, pendingFreeObjects=0, allocatedObjects=825, failedAllocations=0], blocks=Stats[cachedObjects=1327, pendingFreeObjects=0, allocatedObjects=1400, failedAllocations=0], models=Stats[cachedObjects=34, pendingFreeObjects=0, allocatedObjects=37, failedAllocations=0]}
[03Aug2026 01:00:55.339] [Render thread/INFO] [Photonics/]: Photonics pass timing v73: group=frag data, passes=[frag data], viewport=912x450, megapixels=0.410, cpuInvocations=300, cpuSubmitAvgMs=0.018, cpuSubmitMaxMs=0.075, gpuSamples=75, gpuAvgMs=0.027, gpuMaxMs=0.067, gpuAvgMsPerMP=0.067
[03Aug2026 01:00:55.339] [Render thread/INFO] [Photonics/]: Photonics frame throughput v78: viewport=912x450, windowSeconds=5.002, renderedFrames=300, fps=59.970, frameAvgMs=16.675
[03Aug2026 01:00:55.339] [Render thread/INFO] [Photonics/]: Photonics pass timing v73: group=frag data gi, passes=[frag data gi], viewport=608x300, megapixels=0.182, cpuInvocations=300, cpuSubmitAvgMs=0.012, cpuSubmitMaxMs=0.035, gpuSamples=75, gpuAvgMs=0.017, gpuMaxMs=0.053, gpuAvgMsPerMP=0.091
[03Aug2026 01:00:55.406] [Render thread/INFO] [Photonics/]: Photonics pass timing v73: group=restir direct, passes=[initial direct + visibility], viewport=912x450, megapixels=0.410, cpuInvocations=300, cpuSubmitAvgMs=0.010, cpuSubmitMaxMs=0.036, gpuSamples=75, gpuAvgMs=0.076, gpuMaxMs=0.084, gpuAvgMsPerMP=0.185
[03Aug2026 01:00:55.439] [Render thread/INFO] [Photonics/]: Photonics pass timing v73: group=restir direct spatial, passes=[spatial reuse/clamp], viewport=912x450, megapixels=0.410, cpuInvocations=300, cpuSubmitAvgMs=0.005, cpuSubmitMaxMs=0.017, gpuSamples=75, gpuAvgMs=0.019, gpuMaxMs=0.065, gpuAvgMsPerMP=0.045
[03Aug2026 01:00:55.456] [Render thread/INFO] [Photonics/]: Photonics pass timing v73: group=restir direct diffuse, passes=[diffuse], viewport=912x450, megapixels=0.410, cpuInvocations=300, cpuSubmitAvgMs=0.009, cpuSubmitMaxMs=0.024, gpuSamples=75, gpuAvgMs=0.196, gpuMaxMs=0.232, gpuAvgMsPerMP=0.478
[03Aug2026 01:00:55.491] [Render thread/INFO] [Photonics/]: Photonics pass timing v73: group=restir direct accumulation, passes=[accumulation], viewport=912x450, megapixels=0.410, cpuInvocations=300, cpuSubmitAvgMs=0.010, cpuSubmitMaxMs=0.030, gpuSamples=75, gpuAvgMs=0.150, gpuMaxMs=0.213, gpuAvgMsPerMP=0.365
[03Aug2026 01:00:55.491] [Render thread/INFO] [Photonics/]: Photonics pass timing v73: group=svgf direct variance, passes=[variance prefilter], viewport=912x450, megapixels=0.410, cpuInvocations=300, cpuSubmitAvgMs=0.007, cpuSubmitMaxMs=0.046, gpuSamples=75, gpuAvgMs=0.180, gpuMaxMs=0.249, gpuAvgMsPerMP=0.438
[03Aug2026 01:00:55.491] [Render thread/INFO] [Photonics/]: Photonics pass timing v73: group=svgf direct atrous, passes=[atrous iteration], viewport=912x450, megapixels=0.410, cpuInvocations=1500, cpuSubmitAvgMs=0.003, cpuSubmitMaxMs=0.018, gpuSamples=375, gpuAvgMs=0.097, gpuMaxMs=0.167, gpuAvgMsPerMP=0.236
[03Aug2026 01:00:55.507] [Render thread/INFO] [Photonics/]: Photonics pass timing v73: group=restir gi initial, passes=[initial indirect], viewport=608x300, megapixels=0.182, cpuInvocations=300, cpuSubmitAvgMs=0.006, cpuSubmitMaxMs=0.014, gpuSamples=75, gpuAvgMs=0.112, gpuMaxMs=0.139, gpuAvgMsPerMP=0.617
[03Aug2026 01:00:55.524] [Render thread/INFO] [Photonics/]: Photonics pass timing v73: group=restir gi temporal, passes=[temporal reuse + tri-state classification], viewport=608x300, megapixels=0.182, cpuInvocations=300, cpuSubmitAvgMs=0.006, cpuSubmitMaxMs=0.017, gpuSamples=75, gpuAvgMs=0.030, gpuMaxMs=0.033, gpuAvgMsPerMP=0.164
[03Aug2026 01:00:55.541] [Render thread/INFO] [Photonics/]: Photonics pass timing v73: group=restir gi spatial, passes=[spatial reuse/clamp + tri-state classification], viewport=608x300, megapixels=0.182, cpuInvocations=300, cpuSubmitAvgMs=0.005, cpuSubmitMaxMs=0.018, gpuSamples=75, gpuAvgMs=0.013, gpuMaxMs=0.014, gpuAvgMsPerMP=0.072
[03Aug2026 01:00:55.541] [Render thread/INFO] [Photonics/]: Photonics pass timing v73: group=restir gi diffuse, passes=[diffuse], viewport=608x300, megapixels=0.182, cpuInvocations=300, cpuSubmitAvgMs=0.004, cpuSubmitMaxMs=0.040, gpuSamples=75, gpuAvgMs=0.015, gpuMaxMs=0.016, gpuAvgMsPerMP=0.083
[03Aug2026 01:00:55.590] [Render thread/INFO] [Photonics/]: Photonics pass timing v73: group=restir gi accumulation, passes=[accumulation], viewport=608x300, megapixels=0.182, cpuInvocations=300, cpuSubmitAvgMs=0.004, cpuSubmitMaxMs=0.009, gpuSamples=75, gpuAvgMs=0.027, gpuMaxMs=0.029, gpuAvgMsPerMP=0.150
[03Aug2026 01:00:55.590] [Render thread/INFO] [Photonics/]: Photonics pass timing v73: group=svgf gi variance, passes=[variance prefilter], viewport=608x300, megapixels=0.182, cpuInvocations=300, cpuSubmitAvgMs=0.004, cpuSubmitMaxMs=0.016, gpuSamples=75, gpuAvgMs=0.028, gpuMaxMs=0.028, gpuAvgMsPerMP=0.151
[03Aug2026 01:00:55.590] [Render thread/INFO] [Photonics/]: Photonics pass timing v73: group=svgf gi atrous, passes=[atrous iteration], viewport=608x300, megapixels=0.182, cpuInvocations=900, cpuSubmitAvgMs=0.002, cpuSubmitMaxMs=0.010, gpuSamples=225, gpuAvgMs=0.032, gpuMaxMs=0.036, gpuAvgMsPerMP=0.175
[03Aug2026 01:00:55.590] [Render thread/INFO] [Photonics/]: Photonics pass timing v73: group=restir source/history diagnostic, passes=[compose diagnostic panels], viewport=912x450, megapixels=0.410, cpuInvocations=300, cpuSubmitAvgMs=0.003, cpuSubmitMaxMs=0.008, gpuSamples=75, gpuAvgMs=0.011, gpuMaxMs=0.013, gpuAvgMsPerMP=0.028
[03Aug2026 01:00:59.310] [Render thread/INFO] [Photonics/]: Photonics direct reservoir sample v64: samples=120, populated=21, emptyOrBackground=0, visibilityRejected=99, invalid=0, overLegacyCap=0, overTemporalCap=0, totalSamplesRange=32.0..32.0, viewport=912x450
[03Aug2026 01:01:00.342] [Render thread/INFO] [Photonics/]: Photonics pass timing v73: group=frag data, passes=[frag data], viewport=912x450, megapixels=0.410, cpuInvocations=300, cpuSubmitAvgMs=0.017, cpuSubmitMaxMs=0.059, gpuSamples=75, gpuAvgMs=0.027, gpuMaxMs=0.040, gpuAvgMsPerMP=0.065
[03Aug2026 01:01:00.342] [Render thread/INFO] [Photonics/]: Photonics frame throughput v78: viewport=912x450, windowSeconds=5.003, renderedFrames=300, fps=59.970, frameAvgMs=16.675
[03Aug2026 01:01:00.342] [Render thread/INFO] [Photonics/]: Photonics pass timing v73: group=frag data gi, passes=[frag data gi], viewport=608x300, megapixels=0.182, cpuInvocations=300, cpuSubmitAvgMs=0.011, cpuSubmitMaxMs=0.029, gpuSamples=75, gpuAvgMs=0.016, gpuMaxMs=0.017, gpuAvgMsPerMP=0.086
[03Aug2026 01:01:00.410] [Render thread/INFO] [Photonics/]: Photonics pass timing v73: group=restir direct, passes=[initial direct + visibility], viewport=912x450, megapixels=0.410, cpuInvocations=300, cpuSubmitAvgMs=0.010, cpuSubmitMaxMs=0.029, gpuSamples=75, gpuAvgMs=0.077, gpuMaxMs=0.085, gpuAvgMsPerMP=0.188
[03Aug2026 01:01:00.442] [Render thread/INFO] [Photonics/]: Photonics pass timing v73: group=restir direct spatial, passes=[spatial reuse/clamp], viewport=912x450, megapixels=0.410, cpuInvocations=300, cpuSubmitAvgMs=0.006, cpuSubmitMaxMs=0.166, gpuSamples=75, gpuAvgMs=0.018, gpuMaxMs=0.057, gpuAvgMsPerMP=0.045
[03Aug2026 01:01:00.458] [Render thread/INFO] [Photonics/]: Photonics pass timing v73: group=restir direct diffuse, passes=[diffuse], viewport=912x450, megapixels=0.410, cpuInvocations=300, cpuSubmitAvgMs=0.008, cpuSubmitMaxMs=0.020, gpuSamples=75, gpuAvgMs=0.190, gpuMaxMs=0.199, gpuAvgMsPerMP=0.462
[03Aug2026 01:01:00.492] [Render thread/INFO] [Photonics/]: Photonics pass timing v73: group=restir direct accumulation, passes=[accumulation], viewport=912x450, megapixels=0.410, cpuInvocations=300, cpuSubmitAvgMs=0.009, cpuSubmitMaxMs=0.027, gpuSamples=75, gpuAvgMs=0.153, gpuMaxMs=0.213, gpuAvgMsPerMP=0.372
[03Aug2026 01:01:00.492] [Render thread/INFO] [Photonics/]: Photonics pass timing v73: group=svgf direct variance, passes=[variance prefilter], viewport=912x450, megapixels=0.410, cpuInvocations=300, cpuSubmitAvgMs=0.006, cpuSubmitMaxMs=0.026, gpuSamples=75, gpuAvgMs=0.181, gpuMaxMs=0.249, gpuAvgMsPerMP=0.441
[03Aug2026 01:01:00.492] [Render thread/INFO] [Photonics/]: Photonics pass timing v73: group=svgf direct atrous, passes=[atrous iteration], viewport=912x450, megapixels=0.410, cpuInvocations=1500, cpuSubmitAvgMs=0.002, cpuSubmitMaxMs=0.012, gpuSamples=375, gpuAvgMs=0.099, gpuMaxMs=0.171, gpuAvgMsPerMP=0.241
[03Aug2026 01:01:00.509] [Render thread/INFO] [Photonics/]: Photonics pass timing v73: group=restir gi initial, passes=[initial indirect], viewport=608x300, megapixels=0.182, cpuInvocations=300, cpuSubmitAvgMs=0.006, cpuSubmitMaxMs=0.013, gpuSamples=75, gpuAvgMs=0.114, gpuMaxMs=0.143, gpuAvgMsPerMP=0.626
[03Aug2026 01:01:00.526] [Render thread/INFO] [Photonics/]: Photonics pass timing v73: group=restir gi temporal, passes=[temporal reuse + tri-state classification], viewport=608x300, megapixels=0.182, cpuInvocations=300, cpuSubmitAvgMs=0.006, cpuSubmitMaxMs=0.013, gpuSamples=75, gpuAvgMs=0.032, gpuMaxMs=0.070, gpuAvgMsPerMP=0.174
[03Aug2026 01:01:00.542] [Render thread/INFO] [Photonics/]: Photonics pass timing v73: group=restir gi spatial, passes=[spatial reuse/clamp + tri-state classification], viewport=608x300, megapixels=0.182, cpuInvocations=300, cpuSubmitAvgMs=0.005, cpuSubmitMaxMs=0.015, gpuSamples=75, gpuAvgMs=0.013, gpuMaxMs=0.040, gpuAvgMsPerMP=0.074
[03Aug2026 01:01:00.542] [Render thread/INFO] [Photonics/]: Photonics pass timing v73: group=restir gi diffuse, passes=[diffuse], viewport=608x300, megapixels=0.182, cpuInvocations=300, cpuSubmitAvgMs=0.003, cpuSubmitMaxMs=0.011, gpuSamples=75, gpuAvgMs=0.015, gpuMaxMs=0.021, gpuAvgMsPerMP=0.083
[03Aug2026 01:01:00.592] [Render thread/INFO] [Photonics/]: Photonics pass timing v73: group=restir gi accumulation, passes=[accumulation], viewport=608x300, megapixels=0.182, cpuInvocations=300, cpuSubmitAvgMs=0.004, cpuSubmitMaxMs=0.008, gpuSamples=75, gpuAvgMs=0.027, gpuMaxMs=0.029, gpuAvgMsPerMP=0.149
[03Aug2026 01:01:00.592] [Render thread/INFO] [Photonics/]: Photonics pass timing v73: group=svgf gi variance, passes=[variance prefilter], viewport=608x300, megapixels=0.182, cpuInvocations=300, cpuSubmitAvgMs=0.004, cpuSubmitMaxMs=0.012, gpuSamples=75, gpuAvgMs=0.028, gpuMaxMs=0.051, gpuAvgMsPerMP=0.154
[03Aug2026 01:01:00.592] [Render thread/INFO] [Photonics/]: Photonics pass timing v73: group=svgf gi atrous, passes=[atrous iteration], viewport=608x300, megapixels=0.182, cpuInvocations=900, cpuSubmitAvgMs=0.002, cpuSubmitMaxMs=0.043, gpuSamples=225, gpuAvgMs=0.032, gpuMaxMs=0.063, gpuAvgMsPerMP=0.177
[03Aug2026 01:01:00.592] [Render thread/INFO] [Photonics/]: Photonics pass timing v73: group=restir source/history diagnostic, passes=[compose diagnostic panels], viewport=912x450, megapixels=0.410, cpuInvocations=300, cpuSubmitAvgMs=0.003, cpuSubmitMaxMs=0.006, gpuSamples=75, gpuAvgMs=0.012, gpuMaxMs=0.016, gpuAvgMsPerMP=0.030
[03Aug2026 01:01:05.344] [Render thread/INFO] [Photonics/]: Photonics pass timing v73: group=frag data, passes=[frag data], viewport=912x450, megapixels=0.410, cpuInvocations=299, cpuSubmitAvgMs=0.016, cpuSubmitMaxMs=0.046, gpuSamples=75, gpuAvgMs=0.026, gpuMaxMs=0.029, gpuAvgMsPerMP=0.063
[03Aug2026 01:01:05.345] [Render thread/INFO] [Photonics/]: Photonics frame throughput v78: viewport=912x450, windowSeconds=5.003, renderedFrames=299, fps=59.769, frameAvgMs=16.731
[03Aug2026 01:01:05.345] [Render thread/INFO] [Photonics/]: Photonics pass timing v73: group=frag data gi, passes=[frag data gi], viewport=608x300, megapixels=0.182, cpuInvocations=299, cpuSubmitAvgMs=0.011, cpuSubmitMaxMs=0.029, gpuSamples=75, gpuAvgMs=0.015, gpuMaxMs=0.017, gpuAvgMsPerMP=0.084
[03Aug2026 01:01:05.411] [Render thread/INFO] [Photonics/]: Photonics pass timing v73: group=restir direct, passes=[initial direct + visibility], viewport=912x450, megapixels=0.410, cpuInvocations=299, cpuSubmitAvgMs=0.009, cpuSubmitMaxMs=0.039, gpuSamples=75, gpuAvgMs=0.079, gpuMaxMs=0.081, gpuAvgMsPerMP=0.192
[03Aug2026 01:01:05.445] [Render thread/INFO] [Photonics/]: Photonics pass timing v73: group=restir direct spatial, passes=[spatial reuse/clamp], viewport=912x450, megapixels=0.410, cpuInvocations=299, cpuSubmitAvgMs=0.005, cpuSubmitMaxMs=0.015, gpuSamples=75, gpuAvgMs=0.018, gpuMaxMs=0.063, gpuAvgMsPerMP=0.044
[03Aug2026 01:01:05.462] [Render thread/INFO] [Photonics/]: Photonics pass timing v73: group=restir direct diffuse, passes=[diffuse], viewport=912x450, megapixels=0.410, cpuInvocations=299, cpuSubmitAvgMs=0.008, cpuSubmitMaxMs=0.018, gpuSamples=75, gpuAvgMs=0.193, gpuMaxMs=0.202, gpuAvgMsPerMP=0.470
[03Aug2026 01:01:05.494] [Render thread/INFO] [Photonics/]: Photonics pass timing v73: group=restir direct accumulation, passes=[accumulation], viewport=912x450, megapixels=0.410, cpuInvocations=299, cpuSubmitAvgMs=0.009, cpuSubmitMaxMs=0.024, gpuSamples=74, gpuAvgMs=0.154, gpuMaxMs=0.216, gpuAvgMsPerMP=0.376
[03Aug2026 01:01:05.494] [Render thread/INFO] [Photonics/]: Photonics pass timing v73: group=svgf direct variance, passes=[variance prefilter], viewport=912x450, megapixels=0.410, cpuInvocations=299, cpuSubmitAvgMs=0.006, cpuSubmitMaxMs=0.021, gpuSamples=74, gpuAvgMs=0.181, gpuMaxMs=0.247, gpuAvgMsPerMP=0.442
[03Aug2026 01:01:05.494] [Render thread/INFO] [Photonics/]: Photonics pass timing v73: group=svgf direct atrous, passes=[atrous iteration], viewport=912x450, megapixels=0.410, cpuInvocations=1495, cpuSubmitAvgMs=0.002, cpuSubmitMaxMs=0.014, gpuSamples=373, gpuAvgMs=0.096, gpuMaxMs=0.170, gpuAvgMsPerMP=0.233
[03Aug2026 01:01:05.512] [Render thread/INFO] [Photonics/]: Photonics pass timing v73: group=restir gi initial, passes=[initial indirect], viewport=608x300, megapixels=0.182, cpuInvocations=299, cpuSubmitAvgMs=0.005, cpuSubmitMaxMs=0.013, gpuSamples=75, gpuAvgMs=0.110, gpuMaxMs=0.141, gpuAvgMsPerMP=0.601
[03Aug2026 01:01:05.527] [Render thread/INFO] [Photonics/]: Photonics pass timing v73: group=restir gi temporal, passes=[temporal reuse + tri-state classification], viewport=608x300, megapixels=0.182, cpuInvocations=299, cpuSubmitAvgMs=0.005, cpuSubmitMaxMs=0.032, gpuSamples=75, gpuAvgMs=0.031, gpuMaxMs=0.079, gpuAvgMsPerMP=0.169
[03Aug2026 01:01:05.544] [Render thread/INFO] [Photonics/]: Photonics pass timing v73: group=restir gi spatial, passes=[spatial reuse/clamp + tri-state classification], viewport=608x300, megapixels=0.182, cpuInvocations=299, cpuSubmitAvgMs=0.004, cpuSubmitMaxMs=0.013, gpuSamples=75, gpuAvgMs=0.013, gpuMaxMs=0.014, gpuAvgMsPerMP=0.072
[03Aug2026 01:01:05.544] [Render thread/INFO] [Photonics/]: Photonics pass timing v73: group=restir gi diffuse, passes=[diffuse], viewport=608x300, megapixels=0.182, cpuInvocations=299, cpuSubmitAvgMs=0.003, cpuSubmitMaxMs=0.009, gpuSamples=75, gpuAvgMs=0.015, gpuMaxMs=0.016, gpuAvgMsPerMP=0.082
[03Aug2026 01:01:05.594] [Render thread/INFO] [Photonics/]: Photonics pass timing v73: group=restir gi accumulation, passes=[accumulation], viewport=608x300, megapixels=0.182, cpuInvocations=299, cpuSubmitAvgMs=0.004, cpuSubmitMaxMs=0.013, gpuSamples=75, gpuAvgMs=0.027, gpuMaxMs=0.029, gpuAvgMsPerMP=0.147
[03Aug2026 01:01:05.594] [Render thread/INFO] [Photonics/]: Photonics pass timing v73: group=svgf gi variance, passes=[variance prefilter], viewport=608x300, megapixels=0.182, cpuInvocations=299, cpuSubmitAvgMs=0.004, cpuSubmitMaxMs=0.018, gpuSamples=75, gpuAvgMs=0.028, gpuMaxMs=0.029, gpuAvgMsPerMP=0.151
[03Aug2026 01:01:05.594] [Render thread/INFO] [Photonics/]: Photonics pass timing v73: group=svgf gi atrous, passes=[atrous iteration], viewport=608x300, megapixels=0.182, cpuInvocations=897, cpuSubmitAvgMs=0.002, cpuSubmitMaxMs=0.010, gpuSamples=224, gpuAvgMs=0.032, gpuMaxMs=0.065, gpuAvgMsPerMP=0.176
[03Aug2026 01:01:05.594] [Render thread/INFO] [Photonics/]: Photonics pass timing v73: group=restir source/history diagnostic, passes=[compose diagnostic panels], viewport=912x450, megapixels=0.410, cpuInvocations=299, cpuSubmitAvgMs=0.003, cpuSubmitMaxMs=0.007, gpuSamples=75, gpuAvgMs=0.012, gpuMaxMs=0.013, gpuAvgMsPerMP=0.030
[03Aug2026 01:01:07.359] [Render thread/INFO] [Photonics/]: Photonics direct reservoir sample v64: samples=120, populated=31, emptyOrBackground=0, visibilityRejected=89, invalid=0, overLegacyCap=0, overTemporalCap=0, totalSamplesRange=32.0..32.0, viewport=912x450
[03Aug2026 01:01:10.361] [Render thread/INFO] [Photonics/]: Photonics pass timing v73: group=frag data, passes=[frag data], viewport=912x450, megapixels=0.410, cpuInvocations=298, cpuSubmitAvgMs=0.018, cpuSubmitMaxMs=0.049, gpuSamples=75, gpuAvgMs=0.026, gpuMaxMs=0.027, gpuAvgMsPerMP=0.064
[03Aug2026 01:01:10.361] [Render thread/INFO] [Photonics/]: Photonics frame throughput v78: viewport=912x450, windowSeconds=5.017, renderedFrames=298, fps=59.402, frameAvgMs=16.834
[03Aug2026 01:01:10.361] [Render thread/INFO] [Photonics/]: Photonics pass timing v73: group=frag data gi, passes=[frag data gi], viewport=608x300, megapixels=0.182, cpuInvocations=298, cpuSubmitAvgMs=0.011, cpuSubmitMaxMs=0.031, gpuSamples=75, gpuAvgMs=0.015, gpuMaxMs=0.016, gpuAvgMsPerMP=0.085
[03Aug2026 01:01:10.428] [Render thread/INFO] [Photonics/]: Photonics pass timing v73: group=restir direct, passes=[initial direct + visibility], viewport=912x450, megapixels=0.410, cpuInvocations=298, cpuSubmitAvgMs=0.010, cpuSubmitMaxMs=0.030, gpuSamples=75, gpuAvgMs=0.078, gpuMaxMs=0.079, gpuAvgMsPerMP=0.189
[03Aug2026 01:01:10.461] [Render thread/INFO] [Photonics/]: Photonics pass timing v73: group=restir direct spatial, passes=[spatial reuse/clamp], viewport=912x450, megapixels=0.410, cpuInvocations=298, cpuSubmitAvgMs=0.005, cpuSubmitMaxMs=0.018, gpuSamples=74, gpuAvgMs=0.018, gpuMaxMs=0.039, gpuAvgMsPerMP=0.043
[03Aug2026 01:01:10.478] [Render thread/INFO] [Photonics/]: Photonics pass timing v73: group=restir direct diffuse, passes=[diffuse], viewport=912x450, megapixels=0.410, cpuInvocations=298, cpuSubmitAvgMs=0.008, cpuSubmitMaxMs=0.018, gpuSamples=74, gpuAvgMs=0.190, gpuMaxMs=0.196, gpuAvgMsPerMP=0.464
[03Aug2026 01:01:10.494] [Render thread/INFO] [Photonics/]: Photonics pass timing v73: group=restir direct accumulation, passes=[accumulation], viewport=912x450, megapixels=0.410, cpuInvocations=297, cpuSubmitAvgMs=0.010, cpuSubmitMaxMs=0.033, gpuSamples=75, gpuAvgMs=0.146, gpuMaxMs=0.203, gpuAvgMsPerMP=0.357
[03Aug2026 01:01:10.495] [Render thread/INFO] [Photonics/]: Photonics pass timing v73: group=svgf direct variance, passes=[variance prefilter], viewport=912x450, megapixels=0.410, cpuInvocations=297, cpuSubmitAvgMs=0.007, cpuSubmitMaxMs=0.024, gpuSamples=75, gpuAvgMs=0.175, gpuMaxMs=0.241, gpuAvgMsPerMP=0.426
[03Aug2026 01:01:10.495] [Render thread/INFO] [Photonics/]: Photonics pass timing v73: group=svgf direct atrous, passes=[atrous iteration], viewport=912x450, megapixels=0.410, cpuInvocations=1485, cpuSubmitAvgMs=0.003, cpuSubmitMaxMs=0.011, gpuSamples=372, gpuAvgMs=0.095, gpuMaxMs=0.169, gpuAvgMsPerMP=0.230
[03Aug2026 01:01:10.528] [Render thread/INFO] [Photonics/]: Photonics pass timing v73: group=restir gi initial, passes=[initial indirect], viewport=608x300, megapixels=0.182, cpuInvocations=298, cpuSubmitAvgMs=0.006, cpuSubmitMaxMs=0.028, gpuSamples=74, gpuAvgMs=0.104, gpuMaxMs=0.118, gpuAvgMsPerMP=0.571
[03Aug2026 01:01:10.528] [Render thread/INFO] [Photonics/]: Photonics pass timing v73: group=restir gi temporal, passes=[temporal reuse + tri-state classification], viewport=608x300, megapixels=0.182, cpuInvocations=297, cpuSubmitAvgMs=0.006, cpuSubmitMaxMs=0.014, gpuSamples=74, gpuAvgMs=0.031, gpuMaxMs=0.066, gpuAvgMsPerMP=0.171
[03Aug2026 01:01:10.544] [Render thread/INFO] [Photonics/]: Photonics pass timing v73: group=restir gi spatial, passes=[spatial reuse/clamp + tri-state classification], viewport=608x300, megapixels=0.182, cpuInvocations=297, cpuSubmitAvgMs=0.005, cpuSubmitMaxMs=0.021, gpuSamples=74, gpuAvgMs=0.013, gpuMaxMs=0.014, gpuAvgMsPerMP=0.072
[03Aug2026 01:01:10.544] [Render thread/INFO] [Photonics/]: Photonics pass timing v73: group=restir gi diffuse, passes=[diffuse], viewport=608x300, megapixels=0.182, cpuInvocations=297, cpuSubmitAvgMs=0.004, cpuSubmitMaxMs=0.016, gpuSamples=74, gpuAvgMs=0.015, gpuMaxMs=0.016, gpuAvgMsPerMP=0.083
[03Aug2026 01:01:10.611] [Render thread/INFO] [Photonics/]: Photonics pass timing v73: group=restir gi accumulation, passes=[accumulation], viewport=608x300, megapixels=0.182, cpuInvocations=298, cpuSubmitAvgMs=0.004, cpuSubmitMaxMs=0.011, gpuSamples=74, gpuAvgMs=0.027, gpuMaxMs=0.028, gpuAvgMsPerMP=0.148
[03Aug2026 01:01:10.612] [Render thread/INFO] [Photonics/]: Photonics pass timing v73: group=svgf gi variance, passes=[variance prefilter], viewport=608x300, megapixels=0.182, cpuInvocations=298, cpuSubmitAvgMs=0.004, cpuSubmitMaxMs=0.014, gpuSamples=74, gpuAvgMs=0.027, gpuMaxMs=0.028, gpuAvgMsPerMP=0.151
[03Aug2026 01:01:10.612] [Render thread/INFO] [Photonics/]: Photonics pass timing v73: group=svgf gi atrous, passes=[atrous iteration], viewport=608x300, megapixels=0.182, cpuInvocations=894, cpuSubmitAvgMs=0.002, cpuSubmitMaxMs=0.010, gpuSamples=223, gpuAvgMs=0.032, gpuMaxMs=0.078, gpuAvgMsPerMP=0.175
[03Aug2026 01:01:10.612] [Render thread/INFO] [Photonics/]: Photonics pass timing v73: group=restir source/history diagnostic, passes=[compose diagnostic panels], viewport=912x450, megapixels=0.410, cpuInvocations=298, cpuSubmitAvgMs=0.003, cpuSubmitMaxMs=0.010, gpuSamples=74, gpuAvgMs=0.013, gpuMaxMs=0.025, gpuAvgMsPerMP=0.030
[03Aug2026 01:01:15.365] [Render thread/INFO] [Photonics/]: Photonics pass timing v73: group=frag data, passes=[frag data], viewport=912x450, megapixels=0.410, cpuInvocations=299, cpuSubmitAvgMs=0.022, cpuSubmitMaxMs=0.117, gpuSamples=74, gpuAvgMs=0.026, gpuMaxMs=0.028, gpuAvgMsPerMP=0.064
[03Aug2026 01:01:15.365] [Render thread/INFO] [Photonics/]: Photonics frame throughput v78: viewport=912x450, windowSeconds=5.004, renderedFrames=299, fps=59.750, frameAvgMs=16.736
[03Aug2026 01:01:15.366] [Render thread/INFO] [Photonics/]: Photonics pass timing v73: group=frag data gi, passes=[frag data gi], viewport=608x300, megapixels=0.182, cpuInvocations=299, cpuSubmitAvgMs=0.013, cpuSubmitMaxMs=0.050, gpuSamples=74, gpuAvgMs=0.016, gpuMaxMs=0.017, gpuAvgMsPerMP=0.085
[03Aug2026 01:01:15.397] [Render thread/INFO] [Photonics/]: Photonics direct reservoir sample v64: samples=120, populated=24, emptyOrBackground=0, visibilityRejected=96, invalid=0, overLegacyCap=0, overTemporalCap=0, totalSamplesRange=32.0..32.0, viewport=912x450
[03Aug2026 01:01:15.431] [Render thread/INFO] [Photonics/]: Photonics pass timing v73: group=restir direct, passes=[initial direct + visibility], viewport=912x450, megapixels=0.410, cpuInvocations=299, cpuSubmitAvgMs=0.013, cpuSubmitMaxMs=0.058, gpuSamples=74, gpuAvgMs=0.078, gpuMaxMs=0.087, gpuAvgMsPerMP=0.190
[03Aug2026 01:01:15.465] [Render thread/INFO] [Photonics/]: Photonics pass timing v73: group=restir direct spatial, passes=[spatial reuse/clamp], viewport=912x450, megapixels=0.410, cpuInvocations=299, cpuSubmitAvgMs=0.006, cpuSubmitMaxMs=0.020, gpuSamples=75, gpuAvgMs=0.017, gpuMaxMs=0.018, gpuAvgMsPerMP=0.042
[03Aug2026 01:01:15.481] [Render thread/INFO] [Photonics/]: Photonics pass timing v73: group=restir direct diffuse, passes=[diffuse], viewport=912x450, megapixels=0.410, cpuInvocations=299, cpuSubmitAvgMs=0.010, cpuSubmitMaxMs=0.033, gpuSamples=75, gpuAvgMs=0.192, gpuMaxMs=0.209, gpuAvgMsPerMP=0.469
[03Aug2026 01:01:15.498] [Render thread/INFO] [Photonics/]: Photonics pass timing v73: group=restir direct accumulation, passes=[accumulation], viewport=912x450, megapixels=0.410, cpuInvocations=299, cpuSubmitAvgMs=0.011, cpuSubmitMaxMs=0.063, gpuSamples=74, gpuAvgMs=0.146, gpuMaxMs=0.151, gpuAvgMsPerMP=0.355
[03Aug2026 01:01:15.498] [Render thread/INFO] [Photonics/]: Photonics pass timing v73: group=svgf direct variance, passes=[variance prefilter], viewport=912x450, megapixels=0.410, cpuInvocations=299, cpuSubmitAvgMs=0.008, cpuSubmitMaxMs=0.044, gpuSamples=74, gpuAvgMs=0.175, gpuMaxMs=0.224, gpuAvgMsPerMP=0.426
[03Aug2026 01:01:15.498] [Render thread/INFO] [Photonics/]: Photonics pass timing v73: group=svgf direct atrous, passes=[atrous iteration], viewport=912x450, megapixels=0.410, cpuInvocations=1495, cpuSubmitAvgMs=0.003, cpuSubmitMaxMs=0.019, gpuSamples=373, gpuAvgMs=0.095, gpuMaxMs=0.148, gpuAvgMsPerMP=0.231
[03Aug2026 01:01:15.531] [Render thread/INFO] [Photonics/]: Photonics pass timing v73: group=restir gi initial, passes=[initial indirect], viewport=608x300, megapixels=0.182, cpuInvocations=299, cpuSubmitAvgMs=0.007, cpuSubmitMaxMs=0.016, gpuSamples=75, gpuAvgMs=0.103, gpuMaxMs=0.134, gpuAvgMsPerMP=0.563
[03Aug2026 01:01:15.531] [Render thread/INFO] [Photonics/]: Photonics pass timing v73: group=restir gi temporal, passes=[temporal reuse + tri-state classification], viewport=608x300, megapixels=0.182, cpuInvocations=299, cpuSubmitAvgMs=0.007, cpuSubmitMaxMs=0.027, gpuSamples=75, gpuAvgMs=0.031, gpuMaxMs=0.033, gpuAvgMsPerMP=0.169
[03Aug2026 01:01:15.548] [Render thread/INFO] [Photonics/]: Photonics pass timing v73: group=restir gi spatial, passes=[spatial reuse/clamp + tri-state classification], viewport=608x300, megapixels=0.182, cpuInvocations=299, cpuSubmitAvgMs=0.005, cpuSubmitMaxMs=0.023, gpuSamples=75, gpuAvgMs=0.013, gpuMaxMs=0.040, gpuAvgMsPerMP=0.073
[03Aug2026 01:01:15.548] [Render thread/INFO] [Photonics/]: Photonics pass timing v73: group=restir gi diffuse, passes=[diffuse], viewport=608x300, megapixels=0.182, cpuInvocations=299, cpuSubmitAvgMs=0.004, cpuSubmitMaxMs=0.009, gpuSamples=75, gpuAvgMs=0.015, gpuMaxMs=0.024, gpuAvgMsPerMP=0.083
[03Aug2026 01:01:15.615] [Render thread/INFO] [Photonics/]: Photonics pass timing v73: group=restir gi accumulation, passes=[accumulation], viewport=608x300, megapixels=0.182, cpuInvocations=299, cpuSubmitAvgMs=0.004, cpuSubmitMaxMs=0.028, gpuSamples=75, gpuAvgMs=0.028, gpuMaxMs=0.070, gpuAvgMsPerMP=0.152
[03Aug2026 01:01:15.615] [Render thread/INFO] [Photonics/]: Photonics pass timing v73: group=svgf gi variance, passes=[variance prefilter], viewport=608x300, megapixels=0.182, cpuInvocations=299, cpuSubmitAvgMs=0.005, cpuSubmitMaxMs=0.013, gpuSamples=75, gpuAvgMs=0.028, gpuMaxMs=0.052, gpuAvgMsPerMP=0.154
[03Aug2026 01:01:15.615] [Render thread/INFO] [Photonics/]: Photonics pass timing v73: group=svgf gi atrous, passes=[atrous iteration], viewport=608x300, megapixels=0.182, cpuInvocations=897, cpuSubmitAvgMs=0.003, cpuSubmitMaxMs=0.014, gpuSamples=225, gpuAvgMs=0.032, gpuMaxMs=0.071, gpuAvgMsPerMP=0.175
[03Aug2026 01:01:15.615] [Render thread/INFO] [Photonics/]: Photonics pass timing v73: group=restir source/history diagnostic, passes=[compose diagnostic panels], viewport=912x450, megapixels=0.410, cpuInvocations=299, cpuSubmitAvgMs=0.003, cpuSubmitMaxMs=0.010, gpuSamples=75, gpuAvgMs=0.013, gpuMaxMs=0.020, gpuAvgMsPerMP=0.031
[03Aug2026 01:01:20.368] [Render thread/INFO] [Photonics/]: Photonics pass timing v73: group=frag data, passes=[frag data], viewport=912x450, megapixels=0.410, cpuInvocations=299, cpuSubmitAvgMs=0.017, cpuSubmitMaxMs=0.040, gpuSamples=75, gpuAvgMs=0.027, gpuMaxMs=0.027, gpuAvgMsPerMP=0.066
[03Aug2026 01:01:20.368] [Render thread/INFO] [Photonics/]: Photonics frame throughput v78: viewport=912x450, windowSeconds=5.003, renderedFrames=299, fps=59.766, frameAvgMs=16.732
[03Aug2026 01:01:20.368] [Render thread/INFO] [Photonics/]: Photonics pass timing v73: group=frag data gi, passes=[frag data gi], viewport=608x300, megapixels=0.182, cpuInvocations=299, cpuSubmitAvgMs=0.011, cpuSubmitMaxMs=0.027, gpuSamples=75, gpuAvgMs=0.016, gpuMaxMs=0.017, gpuAvgMsPerMP=0.088
[03Aug2026 01:01:20.434] [Render thread/INFO] [Photonics/]: Photonics pass timing v73: group=restir direct, passes=[initial direct + visibility], viewport=912x450, megapixels=0.410, cpuInvocations=299, cpuSubmitAvgMs=0.010, cpuSubmitMaxMs=0.034, gpuSamples=75, gpuAvgMs=0.077, gpuMaxMs=0.080, gpuAvgMsPerMP=0.188
[03Aug2026 01:01:20.468] [Render thread/INFO] [Photonics/]: Photonics pass timing v73: group=restir direct spatial, passes=[spatial reuse/clamp], viewport=912x450, megapixels=0.410, cpuInvocations=299, cpuSubmitAvgMs=0.005, cpuSubmitMaxMs=0.013, gpuSamples=75, gpuAvgMs=0.018, gpuMaxMs=0.018, gpuAvgMsPerMP=0.043
[03Aug2026 01:01:20.484] [Render thread/INFO] [Photonics/]: Photonics pass timing v73: group=restir direct diffuse, passes=[diffuse], viewport=912x450, megapixels=0.410, cpuInvocations=299, cpuSubmitAvgMs=0.008, cpuSubmitMaxMs=0.021, gpuSamples=75, gpuAvgMs=0.193, gpuMaxMs=0.211, gpuAvgMsPerMP=0.471
[03Aug2026 01:01:20.501] [Render thread/INFO] [Photonics/]: Photonics pass timing v73: group=restir direct accumulation, passes=[accumulation], viewport=912x450, megapixels=0.410, cpuInvocations=299, cpuSubmitAvgMs=0.009, cpuSubmitMaxMs=0.023, gpuSamples=75, gpuAvgMs=0.148, gpuMaxMs=0.153, gpuAvgMsPerMP=0.361
[03Aug2026 01:01:20.501] [Render thread/INFO] [Photonics/]: Photonics pass timing v73: group=svgf direct variance, passes=[variance prefilter], viewport=912x450, megapixels=0.410, cpuInvocations=299, cpuSubmitAvgMs=0.006, cpuSubmitMaxMs=0.021, gpuSamples=75, gpuAvgMs=0.176, gpuMaxMs=0.227, gpuAvgMsPerMP=0.430
[03Aug2026 01:01:20.501] [Render thread/INFO] [Photonics/]: Photonics pass timing v73: group=svgf direct atrous, passes=[atrous iteration], viewport=912x450, megapixels=0.410, cpuInvocations=1495, cpuSubmitAvgMs=0.002, cpuSubmitMaxMs=0.019, gpuSamples=374, gpuAvgMs=0.095, gpuMaxMs=0.149, gpuAvgMsPerMP=0.231
[03Aug2026 01:01:20.535] [Render thread/INFO] [Photonics/]: Photonics pass timing v73: group=restir gi initial, passes=[initial indirect], viewport=608x300, megapixels=0.182, cpuInvocations=299, cpuSubmitAvgMs=0.005, cpuSubmitMaxMs=0.018, gpuSamples=75, gpuAvgMs=0.103, gpuMaxMs=0.117, gpuAvgMsPerMP=0.563
[03Aug2026 01:01:20.535] [Render thread/INFO] [Photonics/]: Photonics pass timing v73: group=restir gi temporal, passes=[temporal reuse + tri-state classification], viewport=608x300, megapixels=0.182, cpuInvocations=299, cpuSubmitAvgMs=0.006, cpuSubmitMaxMs=0.015, gpuSamples=75, gpuAvgMs=0.032, gpuMaxMs=0.053, gpuAvgMsPerMP=0.176
[03Aug2026 01:01:20.551] [Render thread/INFO] [Photonics/]: Photonics pass timing v73: group=restir gi spatial, passes=[spatial reuse/clamp + tri-state classification], viewport=608x300, megapixels=0.182, cpuInvocations=299, cpuSubmitAvgMs=0.004, cpuSubmitMaxMs=0.032, gpuSamples=75, gpuAvgMs=0.013, gpuMaxMs=0.014, gpuAvgMsPerMP=0.071
[03Aug2026 01:01:20.551] [Render thread/INFO] [Photonics/]: Photonics pass timing v73: group=restir gi diffuse, passes=[diffuse], viewport=608x300, megapixels=0.182, cpuInvocations=299, cpuSubmitAvgMs=0.003, cpuSubmitMaxMs=0.011, gpuSamples=75, gpuAvgMs=0.015, gpuMaxMs=0.016, gpuAvgMsPerMP=0.082
[03Aug2026 01:01:20.618] [Render thread/INFO] [Photonics/]: Photonics pass timing v73: group=restir gi accumulation, passes=[accumulation], viewport=608x300, megapixels=0.182, cpuInvocations=299, cpuSubmitAvgMs=0.004, cpuSubmitMaxMs=0.009, gpuSamples=75, gpuAvgMs=0.028, gpuMaxMs=0.074, gpuAvgMsPerMP=0.152
[03Aug2026 01:01:20.618] [Render thread/INFO] [Photonics/]: Photonics pass timing v73: group=svgf gi variance, passes=[variance prefilter], viewport=608x300, megapixels=0.182, cpuInvocations=299, cpuSubmitAvgMs=0.004, cpuSubmitMaxMs=0.013, gpuSamples=75, gpuAvgMs=0.028, gpuMaxMs=0.036, gpuAvgMsPerMP=0.152
[03Aug2026 01:01:20.619] [Render thread/INFO] [Photonics/]: Photonics pass timing v73: group=svgf gi atrous, passes=[atrous iteration], viewport=608x300, megapixels=0.182, cpuInvocations=897, cpuSubmitAvgMs=0.002, cpuSubmitMaxMs=0.008, gpuSamples=224, gpuAvgMs=0.032, gpuMaxMs=0.059, gpuAvgMsPerMP=0.176
[03Aug2026 01:01:20.619] [Render thread/INFO] [Photonics/]: Photonics pass timing v73: group=restir source/history diagnostic, passes=[compose diagnostic panels], viewport=912x450, megapixels=0.410, cpuInvocations=299, cpuSubmitAvgMs=0.003, cpuSubmitMaxMs=0.006, gpuSamples=75, gpuAvgMs=0.012, gpuMaxMs=0.025, gpuAvgMsPerMP=0.030
[03Aug2026 01:01:23.420] [Render thread/INFO] [Photonics/]: Photonics direct reservoir sample v64: samples=120, populated=18, emptyOrBackground=0, visibilityRejected=102, invalid=0, overLegacyCap=0, overTemporalCap=0, totalSamplesRange=32.0..32.0, viewport=912x450
[03Aug2026 01:01:25.371] [Render thread/INFO] [Photonics/]: Photonics pass timing v73: group=frag data, passes=[frag data], viewport=912x450, megapixels=0.410, cpuInvocations=300, cpuSubmitAvgMs=0.017, cpuSubmitMaxMs=0.046, gpuSamples=75, gpuAvgMs=0.027, gpuMaxMs=0.064, gpuAvgMsPerMP=0.066
[03Aug2026 01:01:25.371] [Render thread/INFO] [Photonics/]: Photonics frame throughput v78: viewport=912x450, windowSeconds=5.003, renderedFrames=300, fps=59.969, frameAvgMs=16.675
[03Aug2026 01:01:25.371] [Render thread/INFO] [Photonics/]: Photonics pass timing v73: group=frag data gi, passes=[frag data gi], viewport=608x300, megapixels=0.182, cpuInvocations=300, cpuSubmitAvgMs=0.011, cpuSubmitMaxMs=0.029, gpuSamples=75, gpuAvgMs=0.016, gpuMaxMs=0.017, gpuAvgMsPerMP=0.086
[03Aug2026 01:01:25.437] [Render thread/INFO] [Photonics/]: Photonics pass timing v73: group=restir direct, passes=[initial direct + visibility], viewport=912x450, megapixels=0.410, cpuInvocations=300, cpuSubmitAvgMs=0.010, cpuSubmitMaxMs=0.027, gpuSamples=75, gpuAvgMs=0.077, gpuMaxMs=0.080, gpuAvgMsPerMP=0.188
[03Aug2026 01:01:25.471] [Render thread/INFO] [Photonics/]: Photonics pass timing v73: group=restir direct spatial, passes=[spatial reuse/clamp], viewport=912x450, megapixels=0.410, cpuInvocations=300, cpuSubmitAvgMs=0.005, cpuSubmitMaxMs=0.018, gpuSamples=75, gpuAvgMs=0.018, gpuMaxMs=0.038, gpuAvgMsPerMP=0.044
[03Aug2026 01:01:25.487] [Render thread/INFO] [Photonics/]: Photonics pass timing v73: group=restir direct diffuse, passes=[diffuse], viewport=912x450, megapixels=0.410, cpuInvocations=300, cpuSubmitAvgMs=0.008, cpuSubmitMaxMs=0.045, gpuSamples=75, gpuAvgMs=0.196, gpuMaxMs=0.217, gpuAvgMsPerMP=0.478
[03Aug2026 01:01:25.504] [Render thread/INFO] [Photonics/]: Photonics pass timing v73: group=restir direct accumulation, passes=[accumulation], viewport=912x450, megapixels=0.410, cpuInvocations=300, cpuSubmitAvgMs=0.009, cpuSubmitMaxMs=0.025, gpuSamples=75, gpuAvgMs=0.147, gpuMaxMs=0.198, gpuAvgMsPerMP=0.359
[03Aug2026 01:01:25.504] [Render thread/INFO] [Photonics/]: Photonics pass timing v73: group=svgf direct variance, passes=[variance prefilter], viewport=912x450, megapixels=0.410, cpuInvocations=300, cpuSubmitAvgMs=0.006, cpuSubmitMaxMs=0.019, gpuSamples=75, gpuAvgMs=0.174, gpuMaxMs=0.223, gpuAvgMsPerMP=0.425
[03Aug2026 01:01:25.504] [Render thread/INFO] [Photonics/]: Photonics pass timing v73: group=svgf direct atrous, passes=[atrous iteration], viewport=912x450, megapixels=0.410, cpuInvocations=1500, cpuSubmitAvgMs=0.002, cpuSubmitMaxMs=0.010, gpuSamples=375, gpuAvgMs=0.096, gpuMaxMs=0.150, gpuAvgMsPerMP=0.234
[03Aug2026 01:01:25.537] [Render thread/INFO] [Photonics/]: Photonics pass timing v73: group=restir gi initial, passes=[initial indirect], viewport=608x300, megapixels=0.182, cpuInvocations=300, cpuSubmitAvgMs=0.005, cpuSubmitMaxMs=0.012, gpuSamples=75, gpuAvgMs=0.111, gpuMaxMs=0.125, gpuAvgMsPerMP=0.611
[03Aug2026 01:01:25.537] [Render thread/INFO] [Photonics/]: Photonics pass timing v73: group=restir gi temporal, passes=[temporal reuse + tri-state classification], viewport=608x300, megapixels=0.182, cpuInvocations=300, cpuSubmitAvgMs=0.006, cpuSubmitMaxMs=0.013, gpuSamples=75, gpuAvgMs=0.031, gpuMaxMs=0.064, gpuAvgMsPerMP=0.171
[03Aug2026 01:01:25.554] [Render thread/INFO] [Photonics/]: Photonics pass timing v73: group=restir gi spatial, passes=[spatial reuse/clamp + tri-state classification], viewport=608x300, megapixels=0.182, cpuInvocations=300, cpuSubmitAvgMs=0.004, cpuSubmitMaxMs=0.025, gpuSamples=75, gpuAvgMs=0.013, gpuMaxMs=0.014, gpuAvgMsPerMP=0.071
[03Aug2026 01:01:25.554] [Render thread/INFO] [Photonics/]: Photonics pass timing v73: group=restir gi diffuse, passes=[diffuse], viewport=608x300, megapixels=0.182, cpuInvocations=300, cpuSubmitAvgMs=0.003, cpuSubmitMaxMs=0.009, gpuSamples=75, gpuAvgMs=0.015, gpuMaxMs=0.016, gpuAvgMsPerMP=0.082
[03Aug2026 01:01:25.622] [Render thread/INFO] [Photonics/]: Photonics pass timing v73: group=restir gi accumulation, passes=[accumulation], viewport=608x300, megapixels=0.182, cpuInvocations=300, cpuSubmitAvgMs=0.004, cpuSubmitMaxMs=0.009, gpuSamples=75, gpuAvgMs=0.027, gpuMaxMs=0.064, gpuAvgMsPerMP=0.151
[03Aug2026 01:01:25.622] [Render thread/INFO] [Photonics/]: Photonics pass timing v73: group=svgf gi variance, passes=[variance prefilter], viewport=608x300, megapixels=0.182, cpuInvocations=300, cpuSubmitAvgMs=0.004, cpuSubmitMaxMs=0.012, gpuSamples=75, gpuAvgMs=0.028, gpuMaxMs=0.052, gpuAvgMsPerMP=0.153
[03Aug2026 01:01:25.622] [Render thread/INFO] [Photonics/]: Photonics pass timing v73: group=svgf gi atrous, passes=[atrous iteration], viewport=608x300, megapixels=0.182, cpuInvocations=900, cpuSubmitAvgMs=0.002, cpuSubmitMaxMs=0.010, gpuSamples=225, gpuAvgMs=0.032, gpuMaxMs=0.064, gpuAvgMsPerMP=0.177
[03Aug2026 01:01:25.622] [Render thread/INFO] [Photonics/]: Photonics pass timing v73: group=restir source/history diagnostic, passes=[compose diagnostic panels], viewport=912x450, megapixels=0.410, cpuInvocations=300, cpuSubmitAvgMs=0.003, cpuSubmitMaxMs=0.007, gpuSamples=75, gpuAvgMs=0.012, gpuMaxMs=0.023, gpuAvgMsPerMP=0.030
[03Aug2026 01:01:28.222] [Render thread/INFO] [Photonics/]: Photonics world tracing v72: revision=262, settled=false, compiledSections=1650, trackedSections=1650, batchBuilt=1, batchUnloaded=0, pendingBuilds=0, pendingUnloads=0, ready=true, depth=6, blockBounds=( 3.200E+1  1.280E+2  3.200E+1)..( 3.360E+2  2.080E+2  3.360E+2), treeBounds=( 0.000E+0  0.000E+0  0.000E+0)..( 1.024E+3  1.024E+3  1.024E+3), origin=(-7.680E+2 -1.920E+2  3.200E+2), boundsSource=compiled, compileMs=29.576
[03Aug2026 01:01:30.222] [Render thread/INFO] [Photonics/]: Photonics world tracing v72: revision=262, settled=true, compiledSections=1650, trackedSections=1650, batchBuilt=1, batchUnloaded=0, pendingBuilds=0, pendingUnloads=0, ready=true, depth=6, blockBounds=( 3.200E+1  1.280E+2  3.200E+1)..( 3.360E+2  2.080E+2  3.360E+2), treeBounds=( 0.000E+0  0.000E+0  0.000E+0)..( 1.024E+3  1.024E+3  1.024E+3), origin=(-7.680E+2 -1.920E+2  3.200E+2), boundsSource=compiled, compileMs=29.576
[03Aug2026 01:01:30.222] [Render thread/INFO] [Photonics/]: Photonics memory v72: jvmHeap={usedBytes=3511438720, committedBytes=3917479936, maxBytes=8589934592}, jvmGc={collections=216, timeMs=2146}, worldHeap=GpuBufferHeapStats[capacityBytes=536870912, reservedBytes=113819764, liveBytes=111825652, peakLiveBytes=113802004, reusableBytes=1994112, allocations=196082, reusedAllocations=104319, frees=105925, failedAllocations=0], paletteHeap=GpuBufferHeapStats[capacityBytes=201326592, reservedBytes=76032, liveBytes=76032, peakLiveBytes=76032, reusableBytes=0, allocations=825, reusedAllocations=33, frees=33, failedAllocations=0], registries={lights=Stats[cachedObjects=1, pendingFreeObjects=0, allocatedObjects=1, failedAllocations=0], palettes=Stats[cachedObjects=792, pendingFreeObjects=0, allocatedObjects=825, failedAllocations=0], blocks=Stats[cachedObjects=1327, pendingFreeObjects=0, allocatedObjects=1400, failedAllocations=0], models=Stats[cachedObjects=34, pendingFreeObjects=0, allocatedObjects=37, failedAllocations=0]}
[03Aug2026 01:01:30.374] [Render thread/INFO] [Photonics/]: Photonics pass timing v73: group=frag data, passes=[frag data], viewport=912x450, megapixels=0.410, cpuInvocations=300, cpuSubmitAvgMs=0.017, cpuSubmitMaxMs=0.061, gpuSamples=75, gpuAvgMs=0.025, gpuMaxMs=0.056, gpuAvgMsPerMP=0.062
[03Aug2026 01:01:30.374] [Render thread/INFO] [Photonics/]: Photonics frame throughput v78: viewport=912x450, windowSeconds=5.003, renderedFrames=300, fps=59.964, frameAvgMs=16.677
[03Aug2026 01:01:30.374] [Render thread/INFO] [Photonics/]: Photonics pass timing v73: group=frag data gi, passes=[frag data gi], viewport=608x300, megapixels=0.182, cpuInvocations=300, cpuSubmitAvgMs=0.011, cpuSubmitMaxMs=0.036, gpuSamples=75, gpuAvgMs=0.015, gpuMaxMs=0.043, gpuAvgMsPerMP=0.083
[03Aug2026 01:01:30.439] [Render thread/INFO] [Photonics/]: Photonics pass timing v73: group=restir direct, passes=[initial direct + visibility], viewport=912x450, megapixels=0.410, cpuInvocations=300, cpuSubmitAvgMs=0.010, cpuSubmitMaxMs=0.035, gpuSamples=75, gpuAvgMs=0.079, gpuMaxMs=0.082, gpuAvgMsPerMP=0.193
[03Aug2026 01:01:30.474] [Render thread/INFO] [Photonics/]: Photonics pass timing v73: group=restir direct spatial, passes=[spatial reuse/clamp], viewport=912x450, megapixels=0.410, cpuInvocations=300, cpuSubmitAvgMs=0.005, cpuSubmitMaxMs=0.016, gpuSamples=75, gpuAvgMs=0.018, gpuMaxMs=0.054, gpuAvgMsPerMP=0.044
[03Aug2026 01:01:30.490] [Render thread/INFO] [Photonics/]: Photonics pass timing v73: group=restir direct diffuse, passes=[diffuse], viewport=912x450, megapixels=0.410, cpuInvocations=300, cpuSubmitAvgMs=0.008, cpuSubmitMaxMs=0.020, gpuSamples=75, gpuAvgMs=0.193, gpuMaxMs=0.199, gpuAvgMsPerMP=0.470
[03Aug2026 01:01:30.506] [Render thread/INFO] [Photonics/]: Photonics pass timing v73: group=restir direct accumulation, passes=[accumulation], viewport=912x450, megapixels=0.410, cpuInvocations=300, cpuSubmitAvgMs=0.010, cpuSubmitMaxMs=0.043, gpuSamples=75, gpuAvgMs=0.146, gpuMaxMs=0.195, gpuAvgMsPerMP=0.356
[03Aug2026 01:01:30.507] [Render thread/INFO] [Photonics/]: Photonics pass timing v73: group=svgf direct variance, passes=[variance prefilter], viewport=912x450, megapixels=0.410, cpuInvocations=300, cpuSubmitAvgMs=0.007, cpuSubmitMaxMs=0.027, gpuSamples=75, gpuAvgMs=0.180, gpuMaxMs=0.228, gpuAvgMsPerMP=0.439
[03Aug2026 01:01:30.507] [Render thread/INFO] [Photonics/]: Photonics pass timing v73: group=svgf direct atrous, passes=[atrous iteration], viewport=912x450, megapixels=0.410, cpuInvocations=1500, cpuSubmitAvgMs=0.002, cpuSubmitMaxMs=0.015, gpuSamples=375, gpuAvgMs=0.094, gpuMaxMs=0.146, gpuAvgMsPerMP=0.229
[03Aug2026 01:01:30.540] [Render thread/INFO] [Photonics/]: Photonics pass timing v73: group=restir gi initial, passes=[initial indirect], viewport=608x300, megapixels=0.182, cpuInvocations=300, cpuSubmitAvgMs=0.006, cpuSubmitMaxMs=0.014, gpuSamples=75, gpuAvgMs=0.109, gpuMaxMs=0.123, gpuAvgMsPerMP=0.597
[03Aug2026 01:01:30.540] [Render thread/INFO] [Photonics/]: Photonics pass timing v73: group=restir gi temporal, passes=[temporal reuse + tri-state classification], viewport=608x300, megapixels=0.182, cpuInvocations=300, cpuSubmitAvgMs=0.006, cpuSubmitMaxMs=0.017, gpuSamples=75, gpuAvgMs=0.030, gpuMaxMs=0.031, gpuAvgMsPerMP=0.164
[03Aug2026 01:01:30.556] [Render thread/INFO] [Photonics/]: Photonics pass timing v73: group=restir gi spatial, passes=[spatial reuse/clamp + tri-state classification], viewport=608x300, megapixels=0.182, cpuInvocations=300, cpuSubmitAvgMs=0.005, cpuSubmitMaxMs=0.018, gpuSamples=75, gpuAvgMs=0.013, gpuMaxMs=0.013, gpuAvgMsPerMP=0.071
[03Aug2026 01:01:30.557] [Render thread/INFO] [Photonics/]: Photonics pass timing v73: group=restir gi diffuse, passes=[diffuse], viewport=608x300, megapixels=0.182, cpuInvocations=300, cpuSubmitAvgMs=0.003, cpuSubmitMaxMs=0.012, gpuSamples=75, gpuAvgMs=0.015, gpuMaxMs=0.016, gpuAvgMsPerMP=0.081
[03Aug2026 01:01:30.624] [Render thread/INFO] [Photonics/]: Photonics pass timing v73: group=restir gi accumulation, passes=[accumulation], viewport=608x300, megapixels=0.182, cpuInvocations=300, cpuSubmitAvgMs=0.004, cpuSubmitMaxMs=0.014, gpuSamples=75, gpuAvgMs=0.027, gpuMaxMs=0.028, gpuAvgMsPerMP=0.147
[03Aug2026 01:01:30.625] [Render thread/INFO] [Photonics/]: Photonics pass timing v73: group=svgf gi variance, passes=[variance prefilter], viewport=608x300, megapixels=0.182, cpuInvocations=300, cpuSubmitAvgMs=0.004, cpuSubmitMaxMs=0.015, gpuSamples=75, gpuAvgMs=0.027, gpuMaxMs=0.028, gpuAvgMsPerMP=0.150
[03Aug2026 01:01:30.625] [Render thread/INFO] [Photonics/]: Photonics pass timing v73: group=svgf gi atrous, passes=[atrous iteration], viewport=608x300, megapixels=0.182, cpuInvocations=900, cpuSubmitAvgMs=0.002, cpuSubmitMaxMs=0.012, gpuSamples=225, gpuAvgMs=0.032, gpuMaxMs=0.036, gpuAvgMsPerMP=0.173
[03Aug2026 01:01:30.625] [Render thread/INFO] [Photonics/]: Photonics pass timing v73: group=restir source/history diagnostic, passes=[compose diagnostic panels], viewport=912x450, megapixels=0.410, cpuInvocations=300, cpuSubmitAvgMs=0.003, cpuSubmitMaxMs=0.008, gpuSamples=75, gpuAvgMs=0.013, gpuMaxMs=0.013, gpuAvgMsPerMP=0.031
[03Aug2026 01:01:31.424] [Render thread/INFO] [Photonics/]: Photonics direct reservoir sample v64: samples=120, populated=28, emptyOrBackground=0, visibilityRejected=92, invalid=0, overLegacyCap=0, overTemporalCap=0, totalSamplesRange=32.0..32.0, viewport=912x450
[03Aug2026 01:01:35.376] [Render thread/INFO] [Photonics/]: Photonics pass timing v73: group=frag data, passes=[frag data], viewport=912x450, megapixels=0.410, cpuInvocations=300, cpuSubmitAvgMs=0.019, cpuSubmitMaxMs=0.047, gpuSamples=75, gpuAvgMs=0.026, gpuMaxMs=0.027, gpuAvgMsPerMP=0.062
[03Aug2026 01:01:35.376] [Render thread/INFO] [Photonics/]: Photonics frame throughput v78: viewport=912x450, windowSeconds=5.002, renderedFrames=300, fps=59.978, frameAvgMs=16.673
[03Aug2026 01:01:35.376] [Render thread/INFO] [Photonics/]: Photonics pass timing v73: group=frag data gi, passes=[frag data gi], viewport=608x300, megapixels=0.182, cpuInvocations=300, cpuSubmitAvgMs=0.012, cpuSubmitMaxMs=0.042, gpuSamples=75, gpuAvgMs=0.015, gpuMaxMs=0.016, gpuAvgMsPerMP=0.083
[03Aug2026 01:01:35.442] [Render thread/INFO] [Photonics/]: Photonics pass timing v73: group=restir direct, passes=[initial direct + visibility], viewport=912x450, megapixels=0.410, cpuInvocations=300, cpuSubmitAvgMs=0.011, cpuSubmitMaxMs=0.042, gpuSamples=75, gpuAvgMs=0.079, gpuMaxMs=0.081, gpuAvgMsPerMP=0.192
[03Aug2026 01:01:35.476] [Render thread/INFO] [Photonics/]: Photonics pass timing v73: group=restir direct spatial, passes=[spatial reuse/clamp], viewport=912x450, megapixels=0.410, cpuInvocations=300, cpuSubmitAvgMs=0.006, cpuSubmitMaxMs=0.022, gpuSamples=75, gpuAvgMs=0.018, gpuMaxMs=0.045, gpuAvgMsPerMP=0.043
[03Aug2026 01:01:35.492] [Render thread/INFO] [Photonics/]: Photonics pass timing v73: group=restir direct diffuse, passes=[diffuse], viewport=912x450, megapixels=0.410, cpuInvocations=300, cpuSubmitAvgMs=0.009, cpuSubmitMaxMs=0.032, gpuSamples=75, gpuAvgMs=0.190, gpuMaxMs=0.196, gpuAvgMsPerMP=0.463
[03Aug2026 01:01:35.509] [Render thread/INFO] [Photonics/]: Photonics pass timing v73: group=restir direct accumulation, passes=[accumulation], viewport=912x450, megapixels=0.410, cpuInvocations=300, cpuSubmitAvgMs=0.010, cpuSubmitMaxMs=0.041, gpuSamples=75, gpuAvgMs=0.146, gpuMaxMs=0.194, gpuAvgMsPerMP=0.357
[03Aug2026 01:01:35.510] [Render thread/INFO] [Photonics/]: Photonics pass timing v73: group=svgf direct variance, passes=[variance prefilter], viewport=912x450, megapixels=0.410, cpuInvocations=300, cpuSubmitAvgMs=0.007, cpuSubmitMaxMs=0.044, gpuSamples=75, gpuAvgMs=0.179, gpuMaxMs=0.228, gpuAvgMsPerMP=0.435
[03Aug2026 01:01:35.510] [Render thread/INFO] [Photonics/]: Photonics pass timing v73: group=svgf direct atrous, passes=[atrous iteration], viewport=912x450, megapixels=0.410, cpuInvocations=1500, cpuSubmitAvgMs=0.003, cpuSubmitMaxMs=0.013, gpuSamples=375, gpuAvgMs=0.097, gpuMaxMs=0.152, gpuAvgMsPerMP=0.236
[03Aug2026 01:01:35.542] [Render thread/INFO] [Photonics/]: Photonics pass timing v73: group=restir gi initial, passes=[initial indirect], viewport=608x300, megapixels=0.182, cpuInvocations=300, cpuSubmitAvgMs=0.006, cpuSubmitMaxMs=0.014, gpuSamples=75, gpuAvgMs=0.103, gpuMaxMs=0.120, gpuAvgMsPerMP=0.567
[03Aug2026 01:01:35.542] [Render thread/INFO] [Photonics/]: Photonics pass timing v73: group=restir gi temporal, passes=[temporal reuse + tri-state classification], viewport=608x300, megapixels=0.182, cpuInvocations=300, cpuSubmitAvgMs=0.006, cpuSubmitMaxMs=0.019, gpuSamples=75, gpuAvgMs=0.031, gpuMaxMs=0.069, gpuAvgMsPerMP=0.172
[03Aug2026 01:01:35.559] [Render thread/INFO] [Photonics/]: Photonics pass timing v73: group=restir gi spatial, passes=[spatial reuse/clamp + tri-state classification], viewport=608x300, megapixels=0.182, cpuInvocations=300, cpuSubmitAvgMs=0.005, cpuSubmitMaxMs=0.015, gpuSamples=75, gpuAvgMs=0.013, gpuMaxMs=0.040, gpuAvgMsPerMP=0.073
[03Aug2026 01:01:35.559] [Render thread/INFO] [Photonics/]: Photonics pass timing v73: group=restir gi diffuse, passes=[diffuse], viewport=608x300, megapixels=0.182, cpuInvocations=300, cpuSubmitAvgMs=0.004, cpuSubmitMaxMs=0.011, gpuSamples=75, gpuAvgMs=0.015, gpuMaxMs=0.040, gpuAvgMsPerMP=0.085
[03Aug2026 01:01:35.627] [Render thread/INFO] [Photonics/]: Photonics pass timing v73: group=restir gi accumulation, passes=[accumulation], viewport=608x300, megapixels=0.182, cpuInvocations=300, cpuSubmitAvgMs=0.004, cpuSubmitMaxMs=0.030, gpuSamples=75, gpuAvgMs=0.028, gpuMaxMs=0.077, gpuAvgMsPerMP=0.156
[03Aug2026 01:01:35.627] [Render thread/INFO] [Photonics/]: Photonics pass timing v73: group=svgf gi variance, passes=[variance prefilter], viewport=608x300, megapixels=0.182, cpuInvocations=300, cpuSubmitAvgMs=0.004, cpuSubmitMaxMs=0.017, gpuSamples=75, gpuAvgMs=0.028, gpuMaxMs=0.028, gpuAvgMsPerMP=0.151
[03Aug2026 01:01:35.627] [Render thread/INFO] [Photonics/]: Photonics pass timing v73: group=svgf gi atrous, passes=[atrous iteration], viewport=608x300, megapixels=0.182, cpuInvocations=900, cpuSubmitAvgMs=0.002, cpuSubmitMaxMs=0.011, gpuSamples=225, gpuAvgMs=0.032, gpuMaxMs=0.062, gpuAvgMsPerMP=0.177
[03Aug2026 01:01:35.627] [Render thread/INFO] [Photonics/]: Photonics pass timing v73: group=restir source/history diagnostic, passes=[compose diagnostic panels], viewport=912x450, megapixels=0.410, cpuInvocations=300, cpuSubmitAvgMs=0.003, cpuSubmitMaxMs=0.010, gpuSamples=75, gpuAvgMs=0.013, gpuMaxMs=0.026, gpuAvgMsPerMP=0.031
[03Aug2026 01:01:39.444] [Render thread/INFO] [Photonics/]: Photonics direct reservoir sample v64: samples=120, populated=13, emptyOrBackground=0, visibilityRejected=107, invalid=0, overLegacyCap=0, overTemporalCap=0, totalSamplesRange=32.0..32.0, viewport=912x450
[03Aug2026 01:01:40.378] [Render thread/INFO] [Photonics/]: Photonics pass timing v73: group=frag data, passes=[frag data], viewport=912x450, megapixels=0.410, cpuInvocations=299, cpuSubmitAvgMs=0.019, cpuSubmitMaxMs=0.050, gpuSamples=75, gpuAvgMs=0.026, gpuMaxMs=0.031, gpuAvgMsPerMP=0.063
[03Aug2026 01:01:40.378] [Render thread/INFO] [Photonics/]: Photonics frame throughput v78: viewport=912x450, windowSeconds=5.002, renderedFrames=299, fps=59.777, frameAvgMs=16.729
[03Aug2026 01:01:40.378] [Render thread/INFO] [Photonics/]: Photonics pass timing v73: group=frag data gi, passes=[frag data gi], viewport=608x300, megapixels=0.182, cpuInvocations=299, cpuSubmitAvgMs=0.012, cpuSubmitMaxMs=0.032, gpuSamples=75, gpuAvgMs=0.015, gpuMaxMs=0.016, gpuAvgMsPerMP=0.084
[03Aug2026 01:01:40.445] [Render thread/INFO] [Photonics/]: Photonics pass timing v73: group=restir direct, passes=[initial direct + visibility], viewport=912x450, megapixels=0.410, cpuInvocations=299, cpuSubmitAvgMs=0.010, cpuSubmitMaxMs=0.033, gpuSamples=75, gpuAvgMs=0.078, gpuMaxMs=0.079, gpuAvgMsPerMP=0.190
[03Aug2026 01:01:40.478] [Render thread/INFO] [Photonics/]: Photonics pass timing v73: group=restir direct spatial, passes=[spatial reuse/clamp], viewport=912x450, megapixels=0.410, cpuInvocations=299, cpuSubmitAvgMs=0.005, cpuSubmitMaxMs=0.017, gpuSamples=74, gpuAvgMs=0.018, gpuMaxMs=0.057, gpuAvgMsPerMP=0.044
[03Aug2026 01:01:40.494] [Render thread/INFO] [Photonics/]: Photonics pass timing v73: group=restir direct diffuse, passes=[diffuse], viewport=912x450, megapixels=0.410, cpuInvocations=299, cpuSubmitAvgMs=0.008, cpuSubmitMaxMs=0.022, gpuSamples=75, gpuAvgMs=0.196, gpuMaxMs=0.202, gpuAvgMsPerMP=0.478
[03Aug2026 01:01:40.512] [Render thread/INFO] [Photonics/]: Photonics pass timing v73: group=restir direct accumulation, passes=[accumulation], viewport=912x450, megapixels=0.410, cpuInvocations=299, cpuSubmitAvgMs=0.010, cpuSubmitMaxMs=0.026, gpuSamples=75, gpuAvgMs=0.149, gpuMaxMs=0.190, gpuAvgMsPerMP=0.364
[03Aug2026 01:01:40.512] [Render thread/INFO] [Photonics/]: Photonics pass timing v73: group=svgf direct variance, passes=[variance prefilter], viewport=912x450, megapixels=0.410, cpuInvocations=299, cpuSubmitAvgMs=0.007, cpuSubmitMaxMs=0.045, gpuSamples=75, gpuAvgMs=0.177, gpuMaxMs=0.228, gpuAvgMsPerMP=0.431
[03Aug2026 01:01:40.512] [Render thread/INFO] [Photonics/]: Photonics pass timing v73: group=svgf direct atrous, passes=[atrous iteration], viewport=912x450, megapixels=0.410, cpuInvocations=1495, cpuSubmitAvgMs=0.002, cpuSubmitMaxMs=0.013, gpuSamples=374, gpuAvgMs=0.094, gpuMaxMs=0.148, gpuAvgMsPerMP=0.229
[03Aug2026 01:01:40.544] [Render thread/INFO] [Photonics/]: Photonics pass timing v73: group=restir gi initial, passes=[initial indirect], viewport=608x300, megapixels=0.182, cpuInvocations=299, cpuSubmitAvgMs=0.006, cpuSubmitMaxMs=0.017, gpuSamples=74, gpuAvgMs=0.110, gpuMaxMs=0.122, gpuAvgMsPerMP=0.604
[03Aug2026 01:01:40.544] [Render thread/INFO] [Photonics/]: Photonics pass timing v73: group=restir gi temporal, passes=[temporal reuse + tri-state classification], viewport=608x300, megapixels=0.182, cpuInvocations=299, cpuSubmitAvgMs=0.006, cpuSubmitMaxMs=0.020, gpuSamples=74, gpuAvgMs=0.032, gpuMaxMs=0.056, gpuAvgMsPerMP=0.174
[03Aug2026 01:01:40.562] [Render thread/INFO] [Photonics/]: Photonics pass timing v73: group=restir gi spatial, passes=[spatial reuse/clamp + tri-state classification], viewport=608x300, megapixels=0.182, cpuInvocations=299, cpuSubmitAvgMs=0.005, cpuSubmitMaxMs=0.025, gpuSamples=75, gpuAvgMs=0.013, gpuMaxMs=0.028, gpuAvgMsPerMP=0.072
[03Aug2026 01:01:40.562] [Render thread/INFO] [Photonics/]: Photonics pass timing v73: group=restir gi diffuse, passes=[diffuse], viewport=608x300, megapixels=0.182, cpuInvocations=299, cpuSubmitAvgMs=0.004, cpuSubmitMaxMs=0.012, gpuSamples=75, gpuAvgMs=0.015, gpuMaxMs=0.016, gpuAvgMsPerMP=0.082
[03Aug2026 01:01:40.629] [Render thread/INFO] [Photonics/]: Photonics pass timing v73: group=restir gi accumulation, passes=[accumulation], viewport=608x300, megapixels=0.182, cpuInvocations=299, cpuSubmitAvgMs=0.004, cpuSubmitMaxMs=0.013, gpuSamples=75, gpuAvgMs=0.027, gpuMaxMs=0.028, gpuAvgMsPerMP=0.149
[03Aug2026 01:01:40.629] [Render thread/INFO] [Photonics/]: Photonics pass timing v73: group=svgf gi variance, passes=[variance prefilter], viewport=608x300, megapixels=0.182, cpuInvocations=299, cpuSubmitAvgMs=0.004, cpuSubmitMaxMs=0.013, gpuSamples=75, gpuAvgMs=0.028, gpuMaxMs=0.049, gpuAvgMsPerMP=0.153
[03Aug2026 01:01:40.629] [Render thread/INFO] [Photonics/]: Photonics pass timing v73: group=svgf gi atrous, passes=[atrous iteration], viewport=608x300, megapixels=0.182, cpuInvocations=897, cpuSubmitAvgMs=0.002, cpuSubmitMaxMs=0.032, gpuSamples=224, gpuAvgMs=0.032, gpuMaxMs=0.055, gpuAvgMsPerMP=0.175
[03Aug2026 01:01:40.629] [Render thread/INFO] [Photonics/]: Photonics pass timing v73: group=restir source/history diagnostic, passes=[compose diagnostic panels], viewport=912x450, megapixels=0.410, cpuInvocations=299, cpuSubmitAvgMs=0.003, cpuSubmitMaxMs=0.010, gpuSamples=75, gpuAvgMs=0.012, gpuMaxMs=0.015, gpuAvgMsPerMP=0.030
[03Aug2026 01:01:45.380] [Render thread/INFO] [Photonics/]: Photonics pass timing v73: group=frag data, passes=[frag data], viewport=912x450, megapixels=0.410, cpuInvocations=300, cpuSubmitAvgMs=0.018, cpuSubmitMaxMs=0.051, gpuSamples=75, gpuAvgMs=0.026, gpuMaxMs=0.051, gpuAvgMsPerMP=0.063
[03Aug2026 01:01:45.380] [Render thread/INFO] [Photonics/]: Photonics frame throughput v78: viewport=912x450, windowSeconds=5.002, renderedFrames=300, fps=59.971, frameAvgMs=16.675
[03Aug2026 01:01:45.380] [Render thread/INFO] [Photonics/]: Photonics pass timing v73: group=frag data gi, passes=[frag data gi], viewport=608x300, megapixels=0.182, cpuInvocations=300, cpuSubmitAvgMs=0.012, cpuSubmitMaxMs=0.054, gpuSamples=75, gpuAvgMs=0.015, gpuMaxMs=0.044, gpuAvgMsPerMP=0.085
[03Aug2026 01:01:45.447] [Render thread/INFO] [Photonics/]: Photonics pass timing v73: group=restir direct, passes=[initial direct + visibility], viewport=912x450, megapixels=0.410, cpuInvocations=300, cpuSubmitAvgMs=0.010, cpuSubmitMaxMs=0.032, gpuSamples=75, gpuAvgMs=0.079, gpuMaxMs=0.085, gpuAvgMsPerMP=0.192
[03Aug2026 01:01:45.480] [Render thread/INFO] [Photonics/]: Photonics pass timing v73: group=restir direct spatial, passes=[spatial reuse/clamp], viewport=912x450, megapixels=0.410, cpuInvocations=300, cpuSubmitAvgMs=0.005, cpuSubmitMaxMs=0.018, gpuSamples=75, gpuAvgMs=0.019, gpuMaxMs=0.061, gpuAvgMsPerMP=0.046
[03Aug2026 01:01:45.497] [Render thread/INFO] [Photonics/]: Photonics pass timing v73: group=restir direct diffuse, passes=[diffuse], viewport=912x450, megapixels=0.410, cpuInvocations=300, cpuSubmitAvgMs=0.009, cpuSubmitMaxMs=0.031, gpuSamples=75, gpuAvgMs=0.191, gpuMaxMs=0.198, gpuAvgMsPerMP=0.466
[03Aug2026 01:01:45.514] [Render thread/INFO] [Photonics/]: Photonics pass timing v73: group=restir direct accumulation, passes=[accumulation], viewport=912x450, megapixels=0.410, cpuInvocations=300, cpuSubmitAvgMs=0.010, cpuSubmitMaxMs=0.035, gpuSamples=75, gpuAvgMs=0.146, gpuMaxMs=0.198, gpuAvgMsPerMP=0.355
[03Aug2026 01:01:45.514] [Render thread/INFO] [Photonics/]: Photonics pass timing v73: group=svgf direct variance, passes=[variance prefilter], viewport=912x450, megapixels=0.410, cpuInvocations=300, cpuSubmitAvgMs=0.007, cpuSubmitMaxMs=0.056, gpuSamples=75, gpuAvgMs=0.179, gpuMaxMs=0.228, gpuAvgMsPerMP=0.435
[03Aug2026 01:01:45.515] [Render thread/INFO] [Photonics/]: Photonics pass timing v73: group=svgf direct atrous, passes=[atrous iteration], viewport=912x450, megapixels=0.410, cpuInvocations=1500, cpuSubmitAvgMs=0.003, cpuSubmitMaxMs=0.022, gpuSamples=375, gpuAvgMs=0.096, gpuMaxMs=0.148, gpuAvgMsPerMP=0.234
[03Aug2026 01:01:45.547] [Render thread/INFO] [Photonics/]: Photonics pass timing v73: group=restir gi initial, passes=[initial indirect], viewport=608x300, megapixels=0.182, cpuInvocations=300, cpuSubmitAvgMs=0.006, cpuSubmitMaxMs=0.014, gpuSamples=75, gpuAvgMs=0.105, gpuMaxMs=0.128, gpuAvgMsPerMP=0.577
[03Aug2026 01:01:45.547] [Render thread/INFO] [Photonics/]: Photonics pass timing v73: group=restir gi temporal, passes=[temporal reuse + tri-state classification], viewport=608x300, megapixels=0.182, cpuInvocations=300, cpuSubmitAvgMs=0.006, cpuSubmitMaxMs=0.015, gpuSamples=75, gpuAvgMs=0.030, gpuMaxMs=0.031, gpuAvgMsPerMP=0.164
[03Aug2026 01:01:45.565] [Render thread/INFO] [Photonics/]: Photonics pass timing v73: group=restir gi spatial, passes=[spatial reuse/clamp + tri-state classification], viewport=608x300, megapixels=0.182, cpuInvocations=300, cpuSubmitAvgMs=0.005, cpuSubmitMaxMs=0.015, gpuSamples=75, gpuAvgMs=0.013, gpuMaxMs=0.014, gpuAvgMsPerMP=0.071
[03Aug2026 01:01:45.565] [Render thread/INFO] [Photonics/]: Photonics pass timing v73: group=restir gi diffuse, passes=[diffuse], viewport=608x300, megapixels=0.182, cpuInvocations=300, cpuSubmitAvgMs=0.004, cpuSubmitMaxMs=0.009, gpuSamples=75, gpuAvgMs=0.015, gpuMaxMs=0.016, gpuAvgMsPerMP=0.082
[03Aug2026 01:01:45.631] [Render thread/INFO] [Photonics/]: Photonics pass timing v73: group=restir gi accumulation, passes=[accumulation], viewport=608x300, megapixels=0.182, cpuInvocations=300, cpuSubmitAvgMs=0.004, cpuSubmitMaxMs=0.019, gpuSamples=75, gpuAvgMs=0.027, gpuMaxMs=0.029, gpuAvgMsPerMP=0.148
[03Aug2026 01:01:45.631] [Render thread/INFO] [Photonics/]: Photonics pass timing v73: group=svgf gi variance, passes=[variance prefilter], viewport=608x300, megapixels=0.182, cpuInvocations=300, cpuSubmitAvgMs=0.004, cpuSubmitMaxMs=0.016, gpuSamples=75, gpuAvgMs=0.028, gpuMaxMs=0.029, gpuAvgMsPerMP=0.151
[03Aug2026 01:01:45.631] [Render thread/INFO] [Photonics/]: Photonics pass timing v73: group=svgf gi atrous, passes=[atrous iteration], viewport=608x300, megapixels=0.182, cpuInvocations=900, cpuSubmitAvgMs=0.002, cpuSubmitMaxMs=0.009, gpuSamples=225, gpuAvgMs=0.032, gpuMaxMs=0.037, gpuAvgMsPerMP=0.174
[03Aug2026 01:01:45.631] [Render thread/INFO] [Photonics/]: Photonics pass timing v73: group=restir source/history diagnostic, passes=[compose diagnostic panels], viewport=912x450, megapixels=0.410, cpuInvocations=300, cpuSubmitAvgMs=0.003, cpuSubmitMaxMs=0.013, gpuSamples=75, gpuAvgMs=0.013, gpuMaxMs=0.013, gpuAvgMsPerMP=0.031
[03Aug2026 01:01:46.635] [Server thread/INFO] [net.minecraft.client.server.IntegratedServer/]: Saving and pausing game...
[03Aug2026 01:01:46.640] [Server thread/INFO] [net.minecraft.server.MinecraftServer/]: Saving chunks for level 'ServerLevel[New World]'/minecraft:overworld
[03Aug2026 01:01:46.640] [Server thread/INFO] [dev.ryanhcode.sable.Sable/]: Saving sub-levels for level 'ServerLevel[New World]'/minecraft:overworld
[03Aug2026 01:01:46.642] [Server thread/INFO] [net.minecraft.server.MinecraftServer/]: Saving chunks for level 'ServerLevel[New World]'/minecraft:the_nether
[03Aug2026 01:01:46.642] [Server thread/INFO] [dev.ryanhcode.sable.Sable/]: Saving sub-levels for level 'ServerLevel[New World]'/minecraft:the_nether
[03Aug2026 01:01:46.642] [Server thread/INFO] [net.minecraft.server.MinecraftServer/]: Saving chunks for level 'ServerLevel[New World]'/minecraft:the_end
[03Aug2026 01:01:46.642] [Server thread/INFO] [dev.ryanhcode.sable.Sable/]: Saving sub-levels for level 'ServerLevel[New World]'/minecraft:the_end
[03Aug2026 01:01:47.462] [Render thread/INFO] [Photonics/]: Photonics direct reservoir sample v64: samples=120, populated=19, emptyOrBackground=0, visibilityRejected=101, invalid=0, overLegacyCap=0, overTemporalCap=0, totalSamplesRange=32.0..32.0, viewport=912x450
[03Aug2026 01:01:48.662] [Netty Local Client IO #3/INFO] [dev.ryanhcode.sable.Sable/]: Client UDP channel inactive
[03Aug2026 01:01:48.662] [Render thread/INFO] [DistantHorizons-DistantHorizons-com.seibel.distanthorizons.core.api.internal.ClientApi/]: Client on ClientOnly mode disconnecting.
[03Aug2026 01:01:48.662] [Netty Local Client IO #3/INFO] [dev.ryanhcode.sable.Sable/]: Closed UDP channel!
[03Aug2026 01:01:48.663] [level shutdown/INFO] [DistantHorizons-DistantHorizons-com.seibel.distanthorizons.core.generation.queues.WorldGenerationQueue/]: Closing world gen queue
[03Aug2026 01:01:48.663] [level shutdown/INFO] [DistantHorizons-DistantHorizons-com.seibel.distanthorizons.core.generation.queues.WorldGenerationQueue/]: Closing world gen queue
[03Aug2026 01:01:48.663] [level shutdown/INFO] [DistantHorizons-DistantHorizons-com.seibel.distanthorizons.core.generation.queues.WorldGenerationQueue/]: Closing world gen queue
[03Aug2026 01:01:48.663] [level shutdown/INFO] [DistantHorizons-DistantHorizons-com.seibel.distanthorizons.core.generation.queues.WorldGenerationQueue/]: Closing WorldGenerationQueue...
[03Aug2026 01:01:48.663] [level shutdown/INFO] [DistantHorizons-DistantHorizons-com.seibel.distanthorizons.core.generation.queues.WorldGenerationQueue/]: Closing WorldGenerationQueue...
[03Aug2026 01:01:48.663] [level shutdown/INFO] [DistantHorizons-DistantHorizons-com.seibel.distanthorizons.core.generation.queues.WorldGenerationQueue/]: Closing WorldGenerationQueue...
[03Aug2026 01:01:48.663] [level shutdown/INFO] [DistantHorizons-DistantHorizons-com.seibel.distanthorizons.core.generation.queues.WorldGenerationQueue/]: Shutting down world generator thread pool...
[03Aug2026 01:01:48.663] [level shutdown/INFO] [DistantHorizons-DistantHorizons-com.seibel.distanthorizons.core.generation.queues.WorldGenerationQueue/]: Shutting down world generator thread pool...
[03Aug2026 01:01:48.663] [level shutdown/INFO] [DistantHorizons-DistantHorizons-com.seibel.distanthorizons.core.generation.queues.WorldGenerationQueue/]: Shutting down world generator thread pool...
[03Aug2026 01:01:48.663] [level shutdown/INFO] [DistantHorizons-DistantHorizons-com.seibel.distanthorizons.core.generation.queues.WorldGenerationQueue/]: World generator thread pool shutdown with [0] incomplete tasks.
[03Aug2026 01:01:48.663] [level shutdown/INFO] [DistantHorizons-DistantHorizons-com.seibel.distanthorizons.core.generation.queues.WorldGenerationQueue/]: World generator thread pool shutdown with [0] incomplete tasks.
[03Aug2026 01:01:48.663] [level shutdown/INFO] [DistantHorizons-DistantHorizons-com.seibel.distanthorizons.core.generation.queues.WorldGenerationQueue/]: World generator thread pool shutdown with [0] incomplete tasks.
[03Aug2026 01:01:48.663] [level shutdown/INFO] [DistantHorizons-DistantHorizons-com.seibel.distanthorizons.core.generation.BatchGenerator/]: [BatchGenerator] shutting down...
[03Aug2026 01:01:48.663] [level shutdown/INFO] [DistantHorizons-DistantHorizons-com.seibel.distanthorizons.core.generation.BatchGenerator/]: [BatchGenerator] shutting down...
[03Aug2026 01:01:48.663] [level shutdown/INFO] [DistantHorizons-DistantHorizons-com.seibel.distanthorizons.core.generation.BatchGenerator/]: [BatchGenerator] shutting down...
[03Aug2026 01:01:48.663] [level shutdown/INFO] [DistantHorizons-LOD World Gen/]: Closing [BatchGenerationEnvironment_neoforge]
[03Aug2026 01:01:48.663] [level shutdown/INFO] [DistantHorizons-LOD World Gen/]: Closing [BatchGenerationEnvironment_neoforge]
[03Aug2026 01:01:48.663] [level shutdown/INFO] [DistantHorizons-LOD World Gen/]: Closing [BatchGenerationEnvironment_neoforge]
[03Aug2026 01:01:48.663] [level shutdown/INFO] [DistantHorizons-DistantHorizons-com.seibel.distanthorizons.core.generation.queues.WorldGenerationQueue/]: Finished closing WorldGenerationQueue
[03Aug2026 01:01:48.663] [level shutdown/INFO] [DistantHorizons-DistantHorizons-com.seibel.distanthorizons.core.generation.queues.WorldGenerationQueue/]: Finished closing WorldGenerationQueue
[03Aug2026 01:01:48.663] [level shutdown/INFO] [DistantHorizons-DistantHorizons-com.seibel.distanthorizons.core.generation.queues.WorldGenerationQueue/]: Finished closing WorldGenerationQueue
[03Aug2026 01:01:48.663] [level shutdown/INFO] [DistantHorizons-DistantHorizons-com.seibel.distanthorizons.core.level.AbstractDhServerLevel/]: Closed DHLevel for [Wrapped{ServerLevel[New World]@minecraft:the_end}].
[03Aug2026 01:01:48.663] [level shutdown/INFO] [DistantHorizons-DistantHorizons-com.seibel.distanthorizons.core.level.AbstractDhServerLevel/]: Closed DHLevel for [Wrapped{ServerLevel[New World]@minecraft:overworld}].
[03Aug2026 01:01:48.663] [level shutdown/INFO] [DistantHorizons-DistantHorizons-com.seibel.distanthorizons.core.level.AbstractDhServerLevel/]: Closed DhClientServerLevel for Wrapped{ServerLevel[New World]@minecraft:the_end}
[03Aug2026 01:01:48.663] [level shutdown/INFO] [DistantHorizons-DistantHorizons-com.seibel.distanthorizons.core.level.AbstractDhServerLevel/]: Closed DhClientServerLevel for Wrapped{ServerLevel[New World]@minecraft:overworld}
[03Aug2026 01:01:48.663] [level shutdown/INFO] [DistantHorizons-DistantHorizons-com.seibel.distanthorizons.core.level.AbstractDhServerLevel/]: Closed DHLevel for [Wrapped{ServerLevel[New World]@minecraft:the_nether}].
[03Aug2026 01:01:48.663] [level shutdown/INFO] [DistantHorizons-DistantHorizons-com.seibel.distanthorizons.core.level.AbstractDhServerLevel/]: Closed DhClientServerLevel for Wrapped{ServerLevel[New World]@minecraft:the_nether}
[03Aug2026 01:01:48.663] [Render thread/INFO] [DistantHorizons-DistantHorizons-com.seibel.distanthorizons.core.world.AbstractDhWorld/]: Closed DhWorld of type [CLIENT_SERVER].
[03Aug2026 01:01:48.664] [level shutdown/INFO] [DistantHorizons-DistantHorizons-com.seibel.distanthorizons.core.level.AbstractDhServerLevel/]: Closed DHLevel for [Wrapped{ServerLevel[New World]@minecraft:the_nether}].
[03Aug2026 01:01:48.664] [level shutdown/INFO] [DistantHorizons-DistantHorizons-com.seibel.distanthorizons.core.level.AbstractDhServerLevel/]: Closed DHLevel for [Wrapped{ServerLevel[New World]@minecraft:the_end}].
[03Aug2026 01:01:48.664] [level shutdown/INFO] [DistantHorizons-DistantHorizons-com.seibel.distanthorizons.core.level.AbstractDhServerLevel/]: Closed DhClientServerLevel for Wrapped{ServerLevel[New World]@minecraft:the_nether}
[03Aug2026 01:01:48.664] [level shutdown/INFO] [DistantHorizons-DistantHorizons-com.seibel.distanthorizons.core.level.AbstractDhServerLevel/]: Closed DHLevel for [Wrapped{ServerLevel[New World]@minecraft:overworld}].
[03Aug2026 01:01:48.664] [level shutdown/INFO] [DistantHorizons-DistantHorizons-com.seibel.distanthorizons.core.level.AbstractDhServerLevel/]: Closed DhClientServerLevel for Wrapped{ServerLevel[New World]@minecraft:the_end}
[03Aug2026 01:01:48.664] [level shutdown/INFO] [DistantHorizons-DistantHorizons-com.seibel.distanthorizons.core.level.AbstractDhServerLevel/]: Closed DhClientServerLevel for Wrapped{ServerLevel[New World]@minecraft:overworld}
[03Aug2026 01:01:48.664] [Render thread/INFO] [DistantHorizons-DistantHorizons-com.seibel.distanthorizons.core.world.AbstractDhWorld/]: Closed DhWorld of type [CLIENT_SERVER].
[03Aug2026 01:01:48.664] [Render thread/INFO] [DistantHorizons-DistantHorizons-com.seibel.distanthorizons.core.util.threading.PriorityTaskPicker/]: Shutting down PriorityTaskPicker thread pool...
[03Aug2026 01:01:49.495] [Render thread/INFO] [DistantHorizons-DistantHorizons-com.seibel.distanthorizons.core.sql.repo.AbstractDhRepo/]: Closing all [6] database connections...
[03Aug2026 01:01:49.495] [Render thread/INFO] [DistantHorizons-DistantHorizons-com.seibel.distanthorizons.core.sql.repo.AbstractDhRepo/]: Closing database connection: [jdbc:dh_sqlite:/home/krzysztofkalisiak/.local/share/ModrinthApp/profiles/Create Aeronautics (1)/saves/New World (2)/data/DistantHorizons.sqlite]
[03Aug2026 01:01:49.499] [Render thread/INFO] [DistantHorizons-DistantHorizons-com.seibel.distanthorizons.core.sql.repo.AbstractDhRepo/]: Closing database connection: [jdbc:dh_sqlite:/home/krzysztofkalisiak/.local/share/ModrinthApp/profiles/Create Aeronautics (1)/saves/New World (2)/DIM-1/data/DistantHorizons.sqlite]
[03Aug2026 01:01:49.499] [Render thread/INFO] [DistantHorizons-DistantHorizons-com.seibel.distanthorizons.core.sql.repo.AbstractDhRepo/]: Closing database connection: [jdbc:dh_sqlite:/home/krzysztofkalisiak/.local/share/ModrinthApp/profiles/Create Aeronautics (1)/saves/New World (2)/DIM1/data/DistantHorizons.sqlite]
[03Aug2026 01:01:49.752] [Render thread/INFO] [xaero.hud.minimap.MinimapLogs/]: Xaero hud session finalized.
[03Aug2026 01:01:49.788] [Server thread/INFO] [net.minecraft.server.network.ServerGamePacketListenerImpl/]: Eutio lost connection: Disconnected
[03Aug2026 01:01:49.788] [Server thread/INFO] [net.minecraft.server.MinecraftServer/]: Eutio left the game
[03Aug2026 01:01:49.788] [Server thread/INFO] [DistantHorizons-DistantHorizons-com.seibel.distanthorizons.core.api.internal.ServerApi/]: Player [Eutio] disconnected.
[03Aug2026 01:01:49.793] [Server thread/INFO] [net.minecraft.server.network.ServerCommonPacketListenerImpl/]: Stopping singleplayer server as player logged out
[03Aug2026 01:01:49.835] [Server thread/INFO] [net.minecraft.server.MinecraftServer/]: Stopping server
[03Aug2026 01:01:49.836] [Server thread/INFO] [net.minecraft.server.MinecraftServer/]: Saving players
[03Aug2026 01:01:49.836] [Server thread/INFO] [net.minecraft.server.MinecraftServer/]: Saving worlds
[03Aug2026 01:01:49.860] [Server thread/INFO] [net.minecraft.server.MinecraftServer/]: Saving chunks for level 'ServerLevel[New World]'/minecraft:overworld
[03Aug2026 01:01:49.860] [Server thread/INFO] [dev.ryanhcode.sable.Sable/]: Saving sub-levels for level 'ServerLevel[New World]'/minecraft:overworld
[03Aug2026 01:01:49.877] [Server thread/INFO] [net.minecraft.server.MinecraftServer/]: Saving chunks for level 'ServerLevel[New World]'/minecraft:the_nether
[03Aug2026 01:01:49.878] [Server thread/INFO] [dev.ryanhcode.sable.Sable/]: Saving sub-levels for level 'ServerLevel[New World]'/minecraft:the_nether
[03Aug2026 01:01:49.881] [Server thread/INFO] [net.minecraft.server.MinecraftServer/]: Saving chunks for level 'ServerLevel[New World]'/minecraft:the_end
[03Aug2026 01:01:49.881] [Server thread/INFO] [dev.ryanhcode.sable.Sable/]: Saving sub-levels for level 'ServerLevel[New World]'/minecraft:the_end
[03Aug2026 01:01:49.888] [Server thread/INFO] [net.minecraft.server.MinecraftServer/]: ThreadedAnvilChunkStorage (New World (2)): All chunks are saved
[03Aug2026 01:01:49.888] [Server thread/INFO] [net.minecraft.server.MinecraftServer/]: ThreadedAnvilChunkStorage (DIM-1): All chunks are saved
[03Aug2026 01:01:49.888] [Server thread/INFO] [net.minecraft.server.MinecraftServer/]: ThreadedAnvilChunkStorage (DIM1): All chunks are saved
[03Aug2026 01:01:49.888] [Server thread/INFO] [net.minecraft.server.MinecraftServer/]: ThreadedAnvilChunkStorage: All dimensions are saved
[03Aug2026 01:01:49.897] [Render thread/INFO] [ChunkBuilder/]: Stopping worker threads
[03Aug2026 01:01:50.403] [Render thread/INFO] [net.minecraft.client.Minecraft/]: Stopping!
